{"type": "FeatureCollection", "features": [{"type": "Feature", "properties": {"domain_id": "1802232005", "name": "PURWOREJO"}, "geometry": {"type": "Polygon", "coordinates": [[[105.322, -4.983], [105.311, -4.995], [105.285, -4.983], [105.28, -4.99], [105.286, -5.0], [105.32, -5.004], [105.329, -4.99], [105.322, -4.983]]]}}, {"type": "Feature", "properties": {"domain_id": "1802242001", "name": "SRI KENCONO"}, "geometry": {"type": "Polygon", "coordinates": [[[105.584, -4.708], [105.577, -4.714], [105.573, -4.707], [105.563, -4.712], [105.565, -4.728], [105.558, -4.737], [105.596, -4.73], [105.594, -4.717], [105.584, -4.708]]]}}, {"type": "Feature", "properties": {"domain_id": "1803042009", "name": "TANJUNG RAJA"}, "geometry": {"type": "Polygon", "coordinates": [[[104.679, -4.882], [104.665, -4.889], [104.65, -4.885], [104.646, -4.895], [104.648, -4.913], [104.663, -4.914], [104.662, -4.929], [104.668, -4.933], [104.664, -4.929], [104.669, -4.916], [104.678, -4.911], [104.673, -4.898], [104.679, -4.882]]]}}, {"type": "Feature", "properties": {"domain_id": "1803042013", "name": "ULAK ATA"}, "geometry": {"type": "Polygon", "coordinates": [[[104.693, -4.877], [104.678, -4.883], [104.673, -4.898], [104.678, -4.911], [104.697, -4.902], [104.693, -4.877]]]}}, {"type": "Feature", "properties": {"domain_id": "1803102013", "name": "ALAM JAYA"}, "geometry": {"type": "Polygon", "coordinates": [[[104.882, -4.963], [104.873, -4.956], [104.846, -4.958], [104.836, -4.975], [104.868, -4.98], [104.872, -4.967], [104.882, -4.963]]]}}, {"type": "Feature", "properties": {"domain_id": "1806152014", "name": "SINAR BANTEN"}, "geometry": {"type": "Polygon", "coordinates": [[[104.588, -5.193], [104.575, -5.184], [104.506, -5.215], [104.486, -5.221], [104.473, -5.217], [104.464, -5.233], [104.48, -5.233], [104.484, -5.241], [104.509, -5.225], [104.528, -5.231], [104.588, -5.193]]]}}, {"type": "Feature", "properties": {"domain_id": "1806202009", "name": "GISTING PERMAI"}, "geometry": {"type": "Polygon", "coordinates": [[[104.727, -5.459], [104.725, -5.446], [104.713, -5.44], [104.681, -5.435], [104.727, -5.459]]]}}, {"type": "Feature", "properties": {"domain_id": "1806272008", "name": "SINAR PETIR"}, "geometry": {"type": "Polygon", "coordinates": [[[104.866, -5.531], [104.836, -5.535], [104.864, -5.581], [104.873, -5.574], [104.883, -5.579], [104.905, -5.566], [104.866, -5.531]]]}}, {"type": "Feature", "properties": {"domain_id": "1811052012", "name": "AJI JAYA"}, "geometry": {"type": "Polygon", "coordinates": [[[105.265, -3.975], [105.247, -3.967], [105.247, -3.996], [105.265, -3.996], [105.265, -3.975]]]}}, {"type": "Feature", "properties": {"domain_id": "1807012019", "name": "SUKADANA JAYA"}, "geometry": {"type": "Polygon", "coordinates": [[[105.589, -5.082], [105.597, -5.067], [105.595, -5.052], [105.582, -5.058], [105.571, -5.077], [105.589, -5.082]]]}}, {"type": "Feature", "properties": {"domain_id": "1807032001", "name": "NEGARA BATIN"}, "geometry": {"type": "Polygon", "coordinates": [[[105.697, -5.426], [105.688, -5.421], [105.673, -5.387], [105.661, -5.417], [105.642, -5.442], [105.648, -5.452], [105.66, -5.454], [105.66, -5.465], [105.668, -5.467], [105.669, -5.459], [105.693, -5.455], [105.697, -5.426]]]}}, {"type": "Feature", "properties": {"domain_id": "1807042001", "name": "PEKALONGAN"}, "geometry": {"type": "Polygon", "coordinates": [[[105.358, -5.072], [105.351, -5.078], [105.355, -5.089], [105.37, -5.079], [105.358, -5.072]]]}}, {"type": "Feature", "properties": {"domain_id": "1803082022", "name": "NEGARA BATIN"}, "geometry": {"type": "Polygon", "coordinates": [[[104.822, -4.635], [104.814, -4.624], [104.795, -4.619], [104.775, -4.628], [104.811, -4.633], [104.818, -4.641], [104.822, -4.635]]]}}, {"type": "Feature", "properties": {"domain_id": "1807042002", "name": "ADIREJO"}, "geometry": {"type": "Polygon", "coordinates": [[[105.355, -5.089], [105.351, -5.078], [105.335, -5.091], [105.337, -5.098], [105.35, -5.108], [105.355, -5.089]]]}}, {"type": "Feature", "properties": {"domain_id": "1807062015", "name": "SRI BASUKI"}, "geometry": {"type": "Polygon", "coordinates": [[[105.419, -5.097], [105.408, -5.102], [105.402, -5.114], [105.405, -5.12], [105.426, -5.104], [105.419, -5.097]]]}}, {"type": "Feature", "properties": {"domain_id": "1807072003", "name": "BRAJA EMAS"}, "geometry": {"type": "Polygon", "coordinates": [[[105.776, -5.243], [105.758, -5.243], [105.752, -5.255], [105.768, -5.264], [105.768, -5.255], [105.783, -5.256], [105.789, -5.247], [105.776, -5.243]]]}}, {"type": "Feature", "properties": {"domain_id": "1807072001", "name": "BRAJA SAKTI"}, "geometry": {"type": "Polygon", "coordinates": [[[105.744, -5.165], [105.744, -5.16], [105.719, -5.167], [105.705, -5.163], [105.702, -5.179], [105.735, -5.193], [105.731, -5.177], [105.723, -5.173], [105.737, -5.175], [105.744, -5.165]]]}}, {"type": "Feature", "properties": {"domain_id": "1807092001", "name": "KOTA RAMAN"}, "geometry": {"type": "Polygon", "coordinates": [[[105.45, -4.984], [105.454, -4.976], [105.444, -4.971], [105.434, -4.984], [105.442, -4.99], [105.45, -4.984]]]}}, {"type": "Feature", "properties": {"domain_id": "1807092006", "name": "RANTAU FAJAR"}, "geometry": {"type": "Polygon", "coordinates": [[[105.42, -4.922], [105.421, -4.917], [105.415, -4.918], [105.405, -4.93], [105.41, -4.955], [105.425, -4.965], [105.437, -4.953], [105.439, -4.939], [105.426, -4.939], [105.42, -4.922]]]}}, {"type": "Feature", "properties": {"domain_id": "1807132006", "name": "KEDATON II"}, "geometry": {"type": "Polygon", "coordinates": [[[105.396, -4.959], [105.388, -4.959], [105.382, -4.972], [105.373, -4.974], [105.378, -4.988], [105.398, -4.986], [105.401, -4.976], [105.409, -4.976], [105.411, -4.962], [105.396, -4.959]]]}}, {"type": "Feature", "properties": {"domain_id": "1803092006", "name": "BANJAR WANGI"}, "geometry": {"type": "Polygon", "coordinates": [[[104.809, -4.768], [104.801, -4.776], [104.81, -4.792], [104.806, -4.796], [104.813, -4.795], [104.814, -4.806], [104.829, -4.808], [104.83, -4.799], [104.815, -4.792], [104.809, -4.768]]]}}, {"type": "Feature", "properties": {"domain_id": "1811012008", "name": "SUMBER MAKMUR"}, "geometry": {"type": "Polygon", "coordinates": [[[105.527, -3.921], [105.523, -3.916], [105.521, -3.924], [105.493, -3.93], [105.52, -3.962], [105.544, -3.946], [105.527, -3.921]]]}}, {"type": "Feature", "properties": {"domain_id": "1803112003", "name": "NEGLA SARI"}, "geometry": {"type": "Polygon", "coordinates": [[[104.757, -4.877], [104.752, -4.874], [104.75, -4.879], [104.729, -4.883], [104.725, -4.897], [104.755, -4.901], [104.757, -4.877]]]}}, {"type": "Feature", "properties": {"domain_id": "1805252001", "name": "TELADAS"}, "geometry": {"type": "Polygon", "coordinates": [[[105.775, -4.31], [105.761, -4.343], [105.726, -4.39], [105.754, -4.399], [105.754, -4.389], [105.786, -4.406], [105.789, -4.394], [105.821, -4.381], [105.775, -4.31]]]}}, {"type": "Feature", "properties": {"domain_id": "1806022015", "name": "KEJAYAAN"}, "geometry": {"type": "Polygon", "coordinates": [[[104.787, -5.379], [104.772, -5.376], [104.801, -5.403], [104.808, -5.393], [104.787, -5.379]]]}}, {"type": "Feature", "properties": {"domain_id": "1806012040", "name": "CAMPANG TIGA"}, "geometry": {"type": "Polygon", "coordinates": [[[104.666, -5.496], [104.669, -5.484], [104.663, -5.481], [104.659, -5.495], [104.666, -5.496]]]}}, {"type": "Feature", "properties": {"domain_id": "1806022031", "name": "TALANG SEPUH"}, "geometry": {"type": "Polygon", "coordinates": [[[104.808, -5.362], [104.793, -5.372], [104.791, -5.381], [104.81, -5.389], [104.808, -5.362]]]}}, {"type": "Feature", "properties": {"domain_id": "1806032016", "name": "KEJADIAN"}, "geometry": {"type": "Polygon", "coordinates": [[[104.519, -5.465], [104.508, -5.47], [104.511, -5.48], [104.519, -5.465]]]}}, {"type": "Feature", "properties": {"domain_id": "1806042002", "name": "GUNUNG MEGANG"}, "geometry": {"type": "Polygon", "coordinates": [[[104.686, -5.327], [104.671, -5.367], [104.692, -5.355], [104.681, -5.347], [104.686, -5.327]]]}}, {"type": "Feature", "properties": {"domain_id": "1806092014", "name": "BANJAR MANIS"}, "geometry": {"type": "Polygon", "coordinates": [[[104.909, -5.642], [104.894, -5.607], [104.886, -5.616], [104.889, -5.639], [104.897, -5.652], [104.909, -5.642]]]}}, {"type": "Feature", "properties": {"domain_id": "1806112002", "name": "TIUH MEMON"}, "geometry": {"type": "Polygon", "coordinates": [[[104.839, -5.324], [104.83, -5.324], [104.834, -5.349], [104.828, -5.37], [104.848, -5.364], [104.839, -5.359], [104.845, -5.347], [104.858, -5.353], [104.839, -5.324]]]}}, {"type": "Feature", "properties": {"domain_id": "1801042017", "name": "SUKA DAMAI"}, "geometry": {"type": "Polygon", "coordinates": [[[105.345, -5.234], [105.331, -5.231], [105.32, -5.21], [105.304, -5.221], [105.298, -5.216], [105.294, -5.232], [105.3, -5.242], [105.319, -5.241], [105.335, -5.251], [105.343, -5.246], [105.345, -5.234]]]}}, {"type": "Feature", "properties": {"domain_id": "1801042024", "name": "KALI SARI"}, "geometry": {"type": "Polygon", "coordinates": [[[105.245, -5.287], [105.23, -5.29], [105.22, -5.277], [105.218, -5.306], [105.21, -5.308], [105.231, -5.307], [105.245, -5.287]]]}}, {"type": "Feature", "properties": {"domain_id": "1801052011", "name": "JATI INDAH"}, "geometry": {"type": "Polygon", "coordinates": [[[105.419, -5.396], [105.402, -5.395], [105.399, -5.408], [105.41, -5.415], [105.423, -5.411], [105.435, -5.415], [105.419, -5.405], [105.419, -5.396]]]}}, {"type": "Feature", "properties": {"domain_id": "1801062005", "name": "MAJA"}, "geometry": {"type": "Polygon", "coordinates": [[[105.593, -5.748], [105.586, -5.747], [105.585, -5.76], [105.612, -5.763], [105.593, -5.748]]]}}, {"type": "Feature", "properties": {"domain_id": "1801062025", "name": "AGOM"}, "geometry": {"type": "Polygon", "coordinates": [[[105.601, -5.637], [105.576, -5.636], [105.567, -5.646], [105.573, -5.664], [105.592, -5.654], [105.601, -5.637]]]}}, {"type": "Feature", "properties": {"domain_id": "1801072020", "name": "BANJAR SURI"}, "geometry": {"type": "Polygon", "coordinates": [[[105.485, -5.61], [105.475, -5.611], [105.472, -5.604], [105.45, -5.597], [105.433, -5.601], [105.438, -5.61], [105.465, -5.614], [105.465, -5.62], [105.486, -5.618], [105.485, -5.61]]]}}, {"type": "Feature", "properties": {"domain_id": "1801092014", "name": "GEDUNG HARTA"}, "geometry": {"type": "Polygon", "coordinates": [[[105.675, -5.758], [105.666, -5.758], [105.665, -5.779], [105.693, -5.776], [105.697, -5.763], [105.675, -5.765], [105.675, -5.758]]]}}, {"type": "Feature", "properties": {"domain_id": "1801132015", "name": "SIDOHARJO"}, "geometry": {"type": "Polygon", "coordinates": [[[105.433, -5.233], [105.419, -5.227], [105.395, -5.228], [105.398, -5.243], [105.385, -5.246], [105.382, -5.26], [105.394, -5.262], [105.398, -5.25], [105.41, -5.249], [105.413, -5.242], [105.429, -5.245], [105.437, -5.236], [105.433, -5.233]]]}}, {"type": "Feature", "properties": {"domain_id": "1801142002", "name": "SRIPENDOWO"}, "geometry": {"type": "Polygon", "coordinates": [[[105.772, -5.713], [105.756, -5.716], [105.733, -5.743], [105.773, -5.726], [105.772, -5.713]]]}}, {"type": "Feature", "properties": {"domain_id": "1801152004", "name": "SUKAPURA"}, "geometry": {"type": "Polygon", "coordinates": [[[105.754, -5.606], [105.757, -5.592], [105.752, -5.6], [105.747, -5.588], [105.742, -5.601], [105.74, -5.595], [105.733, -5.601], [105.72, -5.627], [105.747, -5.631], [105.754, -5.606]]]}}, {"type": "Feature", "properties": {"domain_id": "1801162010", "name": "KOTA GURING"}, "geometry": {"type": "Polygon", "coordinates": [[[105.629, -5.774], [105.605, -5.777], [105.581, -5.77], [105.608, -5.78], [105.629, -5.774]]]}}, {"type": "Feature", "properties": {"domain_id": "1801172004", "name": "SIDO ASRI"}, "geometry": {"type": "Polygon", "coordinates": [[[105.585, -5.543], [105.568, -5.543], [105.56, -5.529], [105.549, -5.538], [105.555, -5.549], [105.543, -5.559], [105.544, -5.572], [105.551, -5.571], [105.558, -5.58], [105.567, -5.563], [105.563, -5.55], [105.581, -5.553], [105.585, -5.543]]]}}, {"type": "Feature", "properties": {"domain_id": "1801182010", "name": "TANJUNG HARAPAN"}, "geometry": {"type": "Polygon", "coordinates": [[[105.51, -5.394], [105.502, -5.393], [105.501, -5.415], [105.508, -5.414], [105.511, -5.422], [105.528, -5.414], [105.53, -5.397], [105.51, -5.394]]]}}, {"type": "Feature", "properties": {"domain_id": "1802022003", "name": "SIDO REJO"}, "geometry": {"type": "Polygon", "coordinates": [[[105.046, -5.174], [105.021, -5.149], [105.008, -5.163], [105.008, -5.17], [105.019, -5.175], [105.047, -5.178], [105.046, -5.174]]]}}, {"type": "Feature", "properties": {"domain_id": "1802052005", "name": "NOTO HARJO"}, "geometry": {"type": "Polygon", "coordinates": [[[105.237, -5.092], [105.228, -5.101], [105.228, -5.126], [105.237, -5.124], [105.248, -5.105], [105.239, -5.103], [105.243, -5.098], [105.237, -5.092]]]}}, {"type": "Feature", "properties": {"domain_id": "1802092015", "name": "BINA KARYA MANDIRI"}, "geometry": {"type": "Polygon", "coordinates": [[[105.62, -4.765], [105.596, -4.76], [105.613, -4.776], [105.618, -4.8], [105.635, -4.786], [105.618, -4.773], [105.62, -4.765]]]}}, {"type": "Feature", "properties": {"domain_id": "1802102011", "name": "SWASTIKA BUANA"}, "geometry": {"type": "Polygon", "coordinates": [[[105.514, -4.774], [105.513, -4.782], [105.503, -4.781], [105.494, -4.792], [105.493, -4.818], [105.524, -4.809], [105.525, -4.8], [105.535, -4.796], [105.521, -4.775], [105.514, -4.774]]]}}, {"type": "Feature", "properties": {"domain_id": "1802122003", "name": "SRI KATON"}, "geometry": {"type": "MultiPolygon", "coordinates": [[[[105.619, -4.714], [105.629, -4.708], [105.621, -4.684], [105.614, -4.68], [105.602, -4.686], [105.619, -4.714]]], [[[105.616, -4.716], [105.601, -4.719], [105.605, -4.73], [105.606, -4.724], [105.623, -4.722], [105.616, -4.716]]]]}}, {"type": "Feature", "properties": {"domain_id": "1802162001", "name": "HARAPAN REJO"}, "geometry": {"type": "Polygon", "coordinates": [[[105.139, -4.992], [105.125, -4.979], [105.125, -4.962], [105.105, -4.968], [105.105, -4.974], [105.097, -4.977], [105.106, -4.998], [105.116, -4.99], [105.139, -4.992]]]}}, {"type": "Feature", "properties": {"domain_id": "1802162005", "name": "BUMI KENCANA"}, "geometry": {"type": "Polygon", "coordinates": [[[105.192, -4.928], [105.182, -4.93], [105.181, -4.923], [105.167, -4.914], [105.153, -4.922], [105.169, -4.935], [105.163, -4.939], [105.168, -4.956], [105.183, -4.95], [105.192, -4.928]]]}}, {"type": "Feature", "properties": {"domain_id": "1802172001", "name": "TANJUNG RATU ILIR"}, "geometry": {"type": "Polygon", "coordinates": [[[105.14, -4.82], [105.13, -4.828], [105.123, -4.825], [105.124, -4.802], [105.116, -4.802], [105.108, -4.785], [105.08, -4.839], [105.082, -4.846], [105.098, -4.843], [105.105, -4.866], [105.093, -4.874], [105.098, -4.89], [105.121, -4.886], [105.127, -4.88], [105.135, -4.888], [105.168, -4.888], [105.165, -4.857], [105.14, -4.82]]]}}, {"type": "Feature", "properties": {"domain_id": "1802192008", "name": "PAYUNG BATU"}, "geometry": {"type": "Polygon", "coordinates": [[[104.902, -5.078], [104.878, -5.082], [104.866, -5.077], [104.862, -5.084], [104.886, -5.096], [104.902, -5.078]]]}}, {"type": "Feature", "properties": {"domain_id": "1802192017", "name": "SINAR NEGERI"}, "geometry": {"type": "MultiPolygon", "coordinates": [[[[104.874, -5.019], [104.869, -5.029], [104.893, -5.031], [104.887, -5.02], [104.874, -5.019]]], [[[104.871, -5.003], [104.859, -5.006], [104.868, -5.01], [104.871, -5.003]]]]}}, {"type": "Feature", "properties": {"domain_id": "1802202008", "name": "TANJUNG RATU"}, "geometry": {"type": "Polygon", "coordinates": [[[104.823, -4.98], [104.8, -4.985], [104.771, -5.037], [104.794, -5.04], [104.8, -5.027], [104.821, -5.017], [104.819, -5.012], [104.833, -5.011], [104.823, -4.98]]]}}, {"type": "Feature", "properties": {"domain_id": "1802212011", "name": "BUMI JAYA"}, "geometry": {"type": "Polygon", "coordinates": [[[105.11, -5.069], [105.093, -5.067], [105.084, -5.092], [105.102, -5.086], [105.11, -5.069]]]}}, {"type": "Feature", "properties": {"domain_id": "1802222008", "name": "SENDANG MUKTI"}, "geometry": {"type": "Polygon", "coordinates": [[[104.91, -5.153], [104.918, -5.139], [104.905, -5.126], [104.874, -5.142], [104.885, -5.153], [104.899, -5.149], [104.91, -5.153]]]}}, {"type": "Feature", "properties": {"domain_id": "1802242006", "name": "BUMI NABUNG BARU"}, "geometry": {"type": "Polygon", "coordinates": [[[105.522, -4.687], [105.509, -4.702], [105.534, -4.719], [105.529, -4.747], [105.542, -4.737], [105.556, -4.707], [105.554, -4.695], [105.544, -4.693], [105.538, -4.7], [105.522, -4.687]]]}}, {"type": "Feature", "properties": {"domain_id": "1802282002", "name": "BINA KARYA UTAMA"}, "geometry": {"type": "Polygon", "coordinates": [[[105.605, -4.814], [105.596, -4.81], [105.59, -4.791], [105.581, -4.808], [105.572, -4.811], [105.591, -4.824], [105.605, -4.814]]]}}, {"type": "Feature", "properties": {"domain_id": "1802282010", "name": "RANTAU JAYA MAKMUR"}, "geometry": {"type": "Polygon", "coordinates": [[[105.657, -4.789], [105.656, -4.782], [105.647, -4.781], [105.629, -4.789], [105.617, -4.803], [105.631, -4.812], [105.641, -4.809], [105.645, -4.817], [105.654, -4.806], [105.649, -4.794], [105.657, -4.789]]]}}, {"type": "Feature", "properties": {"domain_id": "1803021007", "name": "SINDANG SARI"}, "geometry": {"type": "Polygon", "coordinates": [[[104.888, -4.805], [104.864, -4.808], [104.86, -4.8], [104.845, -4.802], [104.84, -4.809], [104.875, -4.819], [104.882, -4.817], [104.879, -4.81], [104.891, -4.811], [104.888, -4.805]]]}}, {"type": "Feature", "properties": {"domain_id": "1803032002", "name": "BUMI RATU"}, "geometry": {"type": "Polygon", "coordinates": [[[104.801, -4.741], [104.783, -4.745], [104.783, -4.754], [104.769, -4.764], [104.775, -4.78], [104.789, -4.782], [104.809, -4.769], [104.801, -4.755], [104.801, -4.741]]]}}, {"type": "Feature", "properties": {"domain_id": "1812032007", "name": "KAGUNGAN RATU"}, "geometry": {"type": "Polygon", "coordinates": [[[105.068, -4.54], [105.063, -4.539], [105.063, -4.553], [105.049, -4.572], [105.049, -4.582], [105.064, -4.591], [105.082, -4.577], [105.087, -4.588], [105.093, -4.576], [105.089, -4.542], [105.068, -4.54]]]}}, {"type": "Feature", "properties": {"domain_id": "1801042016", "name": "BANDAREJO"}, "geometry": {"type": "Polygon", "coordinates": [[[105.299, -5.216], [105.273, -5.217], [105.261, -5.241], [105.27, -5.243], [105.279, -5.241], [105.28, -5.232], [105.294, -5.232], [105.299, -5.216]]]}}, {"type": "Feature", "properties": {"domain_id": "1801092012", "name": "BANJAR MASIN"}, "geometry": {"type": "Polygon", "coordinates": [[[105.699, -5.75], [105.702, -5.74], [105.675, -5.764], [105.692, -5.766], [105.699, -5.75]]]}}, {"type": "Feature", "properties": {"domain_id": "1803042003", "name": "MERAMBUNG"}, "geometry": {"type": "Polygon", "coordinates": [[[104.669, -4.933], [104.662, -4.929], [104.662, -4.914], [104.651, -4.918], [104.643, -4.936], [104.653, -4.942], [104.653, -4.951], [104.629, -4.96], [104.609, -4.98], [104.593, -4.984], [104.598, -4.99], [104.636, -4.98], [104.658, -4.96], [104.66, -4.946], [104.682, -4.96], [104.669, -4.933]]]}}, {"type": "Feature", "properties": {"domain_id": "1803072004", "name": "TRIMODADI"}, "geometry": {"type": "Polygon", "coordinates": [[[104.964, -4.902], [104.951, -4.895], [104.952, -4.903], [104.941, -4.912], [104.951, -4.92], [104.96, -4.918], [104.968, -4.913], [104.964, -4.902]]]}}, {"type": "Feature", "properties": {"domain_id": "1803072007", "name": "KALIBALANGAN"}, "geometry": {"type": "Polygon", "coordinates": [[[104.968, -4.838], [104.956, -4.85], [104.957, -4.866], [104.944, -4.88], [104.963, -4.903], [104.969, -4.901], [104.98, -4.855], [104.968, -4.846], [104.968, -4.838]]]}}, {"type": "Feature", "properties": {"domain_id": "1803082009", "name": "CIAMIS"}, "geometry": {"type": "Polygon", "coordinates": [[[104.766, -4.661], [104.746, -4.659], [104.745, -4.671], [104.777, -4.668], [104.781, -4.659], [104.766, -4.661]]]}}, {"type": "Feature", "properties": {"domain_id": "1804102004", "name": "GUNUNG SUGIH"}, "geometry": {"type": "Polygon", "coordinates": [[[104.176, -5.0], [104.158, -4.997], [104.151, -5.004], [104.18, -5.019], [104.176, -5.0]]]}}, {"type": "Feature", "properties": {"domain_id": "1803142009", "name": "SUKOHARJO"}, "geometry": {"type": "Polygon", "coordinates": [[[105.065, -4.711], [105.038, -4.713], [105.035, -4.733], [105.047, -4.733], [105.065, -4.711]]]}}, {"type": "Feature", "properties": {"domain_id": "1803152007", "name": "BANJAR NEGERI"}, "geometry": {"type": "Polygon", "coordinates": [[[104.999, -4.611], [104.99, -4.606], [104.965, -4.611], [104.95, -4.626], [104.959, -4.639], [104.975, -4.635], [104.986, -4.615], [104.999, -4.611]]]}}, {"type": "Feature", "properties": {"domain_id": "1803162009", "name": "TULANG BAWANG BARU"}, "geometry": {"type": "Polygon", "coordinates": [[[104.872, -4.512], [104.849, -4.505], [104.846, -4.534], [104.864, -4.56], [104.859, -4.561], [104.859, -4.577], [104.877, -4.579], [104.878, -4.545], [104.868, -4.53], [104.872, -4.512]]]}}, {"type": "Feature", "properties": {"domain_id": "1803172003", "name": "TANJUNG HARAPAN"}, "geometry": {"type": "Polygon", "coordinates": [[[104.637, -4.658], [104.614, -4.672], [104.611, -4.69], [104.624, -4.696], [104.633, -4.689], [104.63, -4.681], [104.643, -4.665], [104.637, -4.658]]]}}, {"type": "Feature", "properties": {"domain_id": "1801092005", "name": "KURIPAN"}, "geometry": {"type": "Polygon", "coordinates": [[[105.693, -5.708], [105.683, -5.705], [105.67, -5.711], [105.669, -5.726], [105.655, -5.736], [105.682, -5.726], [105.693, -5.708]]]}}, {"type": "Feature", "properties": {"domain_id": "1803182002", "name": "NEGARA BUMI"}, "geometry": {"type": "Polygon", "coordinates": [[[104.768, -4.683], [104.754, -4.682], [104.74, -4.698], [104.746, -4.701], [104.75, -4.696], [104.759, -4.706], [104.769, -4.707], [104.781, -4.694], [104.768, -4.683]]]}}, {"type": "Feature", "properties": {"domain_id": "1803192002", "name": "SINAR GUNUNG"}, "geometry": {"type": "Polygon", "coordinates": [[[104.781, -4.98], [104.772, -4.98], [104.769, -4.97], [104.755, -4.981], [104.753, -5.004], [104.772, -5.008], [104.767, -4.989], [104.77, -4.982], [104.781, -4.98]]]}}, {"type": "Feature", "properties": {"domain_id": "1804082001", "name": "PAMPANGAN"}, "geometry": {"type": "Polygon", "coordinates": [[[104.32, -4.981], [104.304, -4.968], [104.281, -4.969], [104.276, -5.009], [104.287, -5.012], [104.296, -5.024], [104.3, -5.017], [104.348, -5.009], [104.32, -4.981]]]}}, {"type": "Feature", "properties": {"domain_id": "1804152001", "name": "GEDUNG SURIAN"}, "geometry": {"type": "Polygon", "coordinates": [[[104.49, -5.04], [104.465, -5.053], [104.454, -5.103], [104.449, -5.107], [104.465, -5.121], [104.481, -5.087], [104.473, -5.071], [104.499, -5.049], [104.49, -5.04]]]}}, {"type": "Feature", "properties": {"domain_id": "1804182001", "name": "PURA JAYA"}, "geometry": {"type": "Polygon", "coordinates": [[[104.565, -5.021], [104.538, -5.014], [104.541, -5.028], [104.522, -5.039], [104.521, -5.049], [104.534, -5.055], [104.534, -5.044], [104.558, -5.032], [104.565, -5.021]]]}}, {"type": "Feature", "properties": {"domain_id": "1804212003", "name": "ATAR BAWANG"}, "geometry": {"type": "Polygon", "coordinates": [[[104.265, -5.06], [104.25, -5.06], [104.23, -5.046], [104.218, -5.063], [104.233, -5.081], [104.261, -5.08], [104.276, -5.059], [104.265, -5.06]]]}}, {"type": "Feature", "properties": {"domain_id": "1805272004", "name": "SUKA BHAKTI"}, "geometry": {"type": "Polygon", "coordinates": [[[105.642, -4.218], [105.615, -4.223], [105.615, -4.252], [105.642, -4.251], [105.642, -4.218]]]}}, {"type": "Feature", "properties": {"domain_id": "1805292009", "name": "BAWANG TIRTO MULYO"}, "geometry": {"type": "Polygon", "coordinates": [[[105.293, -4.367], [105.287, -4.372], [105.279, -4.364], [105.269, -4.364], [105.259, -4.37], [105.264, -4.391], [105.282, -4.379], [105.283, -4.387], [105.29, -4.385], [105.296, -4.377], [105.293, -4.367]]]}}, {"type": "Feature", "properties": {"domain_id": "1805302003", "name": "LINGAI"}, "geometry": {"type": "Polygon", "coordinates": [[[105.301, -4.345], [105.295, -4.345], [105.295, -4.339], [105.27, -4.34], [105.275, -4.351], [105.264, -4.36], [105.287, -4.372], [105.3, -4.363], [105.325, -4.359], [105.338, -4.364], [105.34, -4.358], [105.302, -4.359], [105.296, -4.347], [105.301, -4.345]]]}}, {"type": "Feature", "properties": {"domain_id": "1805302007", "name": "CEMPAKA DALEM"}, "geometry": {"type": "Polygon", "coordinates": [[[105.305, -4.363], [105.293, -4.367], [105.296, -4.377], [105.28, -4.391], [105.314, -4.404], [105.317, -4.396], [105.314, -4.4], [105.315, -4.395], [105.293, -4.383], [105.302, -4.377], [105.305, -4.363]]]}}, {"type": "Feature", "properties": {"domain_id": "1806012023", "name": "TERATAS"}, "geometry": {"type": "Polygon", "coordinates": [[[104.637, -5.482], [104.649, -5.463], [104.644, -5.442], [104.628, -5.487], [104.637, -5.482]]]}}, {"type": "Feature", "properties": {"domain_id": "1808072010", "name": "GEDUNG HARAPAN"}, "geometry": {"type": "Polygon", "coordinates": [[[104.63, -4.391], [104.621, -4.388], [104.608, -4.403], [104.611, -4.42], [104.631, -4.429], [104.643, -4.425], [104.634, -4.41], [104.638, -4.41], [104.639, -4.394], [104.63, -4.391]]]}}, {"type": "Feature", "properties": {"domain_id": "1806032013", "name": "PARDASUKA"}, "geometry": {"type": "MultiPolygon", "coordinates": [[[[104.516, -5.467], [104.512, -5.479], [104.52, -5.486], [104.525, -5.481], [104.516, -5.467]]], [[[104.525, -5.467], [104.53, -5.452], [104.522, -5.468], [104.525, -5.467]]]]}}, {"type": "Feature", "properties": {"domain_id": "1806042014", "name": "BATU BEDIL"}, "geometry": {"type": "Polygon", "coordinates": [[[104.683, -5.278], [104.684, -5.283], [104.666, -5.28], [104.635, -5.265], [104.668, -5.304], [104.678, -5.301], [104.68, -5.309], [104.694, -5.314], [104.711, -5.31], [104.707, -5.296], [104.687, -5.29], [104.685, -5.283], [104.693, -5.279], [104.683, -5.278]]]}}, {"type": "Feature", "properties": {"domain_id": "1806042030", "name": "SINAR MANCAK"}, "geometry": {"type": "Polygon", "coordinates": [[[104.732, -5.286], [104.721, -5.291], [104.693, -5.279], [104.685, -5.283], [104.687, -5.29], [104.725, -5.296], [104.743, -5.309], [104.732, -5.286]]]}}, {"type": "Feature", "properties": {"domain_id": "1806092003", "name": "WAY RILAU"}, "geometry": {"type": "Polygon", "coordinates": [[[104.926, -5.659], [104.918, -5.654], [104.909, -5.673], [104.913, -5.686], [104.931, -5.677], [104.926, -5.659]]]}}, {"type": "Feature", "properties": {"domain_id": "1806092010", "name": "GEDUNG"}, "geometry": {"type": "Polygon", "coordinates": [[[104.942, -5.642], [104.942, -5.637], [104.933, -5.645], [104.942, -5.668], [104.96, -5.68], [104.942, -5.642]]]}}, {"type": "Feature", "properties": {"domain_id": "1806112003", "name": "BANJAR AGUNG UDIK"}, "geometry": {"type": "Polygon", "coordinates": [[[104.825, -5.361], [104.827, -5.355], [104.82, -5.351], [104.825, -5.338], [104.816, -5.333], [104.809, -5.348], [104.817, -5.363], [104.825, -5.361]]]}}, {"type": "Feature", "properties": {"domain_id": "1806112011", "name": "TANJUNG AGUNG"}, "geometry": {"type": "MultiPolygon", "coordinates": [[[[104.867, -5.424], [104.862, -5.418], [104.856, -5.432], [104.834, -5.441], [104.829, -5.45], [104.859, -5.452], [104.887, -5.44], [104.886, -5.429], [104.872, -5.429], [104.867, -5.424]]], [[[104.906, -5.429], [104.903, -5.432], [104.907, -5.432], [104.906, -5.429]]]]}}, {"type": "Feature", "properties": {"domain_id": "1806122021", "name": "MARGOMULYO"}, "geometry": {"type": "Polygon", "coordinates": [[[104.496, -5.539], [104.48, -5.528], [104.479, -5.557], [104.49, -5.568], [104.505, -5.549], [104.496, -5.539]]]}}, {"type": "Feature", "properties": {"domain_id": "1806152011", "name": "REJO SARI"}, "geometry": {"type": "Polygon", "coordinates": [[[104.449, -5.23], [104.423, -5.23], [104.415, -5.252], [104.394, -5.258], [104.368, -5.282], [104.415, -5.29], [104.43, -5.282], [104.435, -5.285], [104.455, -5.258], [104.449, -5.23]]]}}, {"type": "Feature", "properties": {"domain_id": "1806162005", "name": "GURING"}, "geometry": {"type": "Polygon", "coordinates": [[[104.56, -5.588], [104.552, -5.571], [104.534, -5.573], [104.535, -5.587], [104.526, -5.6], [104.56, -5.588]]]}}, {"type": "Feature", "properties": {"domain_id": "1806162013", "name": "TAMPANG MUDA"}, "geometry": {"type": "Polygon", "coordinates": [[[104.701, -5.864], [104.674, -5.85], [104.635, -5.845], [104.646, -5.879], [104.666, -5.869], [104.698, -5.873], [104.701, -5.864]]]}}, {"type": "Feature", "properties": {"domain_id": "1806172001", "name": "NEGERI KELUMBAYAN"}, "geometry": {"type": "MultiPolygon", "coordinates": [[[[105.107, -5.744], [105.09, -5.73], [105.088, -5.746], [105.088, -5.733], [105.07, -5.739], [105.059, -5.756], [105.062, -5.764], [105.071, -5.753], [105.081, -5.753], [105.089, -5.758], [105.088, -5.776], [105.113, -5.77], [105.123, -5.759], [105.107, -5.744]]], [[[105.089, -5.776], [105.09, -5.775], [105.089, -5.775], [105.089, -5.776]]], [[[105.068, -5.765], [105.067, -5.765], [105.067, -5.766], [105.068, -5.765]]], [[[105.065, -5.765], [105.064, -5.765], [105.064, -5.767], [105.065, -5.765]]], [[[105.068, -5.765], [105.068, -5.764], [105.067, -5.764], [105.068, -5.765]]], [[[105.086, -5.765], [105.087, -5.764], [105.086, -5.764], [105.086, -5.765]]], [[[105.062, -5.764], [105.062, -5.763], [105.061, -5.764], [105.062, -5.764]]], [[[105.039, -5.754], [105.04, -5.754], [105.038, -5.755], [105.039, -5.754]]], [[[105.023, -5.754], [105.023, -5.753], [105.022, -5.754], [105.023, -5.754]]], [[[105.017, -5.75], [105.015, -5.755], [105.018, -5.753], [105.017, -5.75]]], [[[105.021, -5.744], [105.021, -5.743], [105.021, -5.742], [105.021, -5.744]]], [[[105.043, -5.725], [105.034, -5.719], [105.029, -5.723], [105.028, -5.728], [105.036, -5.732], [105.024, -5.739], [105.027, -5.752], [105.04, -5.748], [105.039, -5.755], [105.047, -5.748], [105.043, -5.725]]]]}}, {"type": "Feature", "properties": {"domain_id": "1806192007", "name": "TANJUNG ANOM"}, "geometry": {"type": "Polygon", "coordinates": [[[104.673, -5.484], [104.675, -5.437], [104.661, -5.446], [104.657, -5.457], [104.664, -5.46], [104.665, -5.499], [104.675, -5.496], [104.673, -5.484]]]}}, {"type": "Feature", "properties": {"domain_id": "1806212001", "name": "BANJAR NEGERI"}, "geometry": {"type": "Polygon", "coordinates": [[[104.768, -5.407], [104.753, -5.407], [104.754, -5.429], [104.761, -5.431], [104.772, -5.418], [104.768, -5.407]]]}}, {"type": "Feature", "properties": {"domain_id": "1806242003", "name": "PADANG RATU"}, "geometry": {"type": "Polygon", "coordinates": [[[104.791, -5.579], [104.782, -5.572], [104.761, -5.58], [104.766, -5.592], [104.783, -5.59], [104.799, -5.599], [104.8, -5.613], [104.805, -5.615], [104.805, -5.594], [104.791, -5.579]]]}}, {"type": "Feature", "properties": {"domain_id": "1806262007", "name": "SINAR JAWA"}, "geometry": {"type": "Polygon", "coordinates": [[[104.704, -5.227], [104.696, -5.211], [104.667, -5.203], [104.657, -5.211], [104.643, -5.202], [104.593, -5.213], [104.597, -5.227], [104.63, -5.253], [104.667, -5.239], [104.678, -5.241], [104.681, -5.232], [104.704, -5.227]]]}}, {"type": "Feature", "properties": {"domain_id": "1807012017", "name": "PUTRA AJI I"}, "geometry": {"type": "Polygon", "coordinates": [[[105.613, -5.189], [105.605, -5.195], [105.6, -5.164], [105.585, -5.165], [105.577, -5.178], [105.583, -5.202], [105.576, -5.207], [105.582, -5.214], [105.574, -5.222], [105.59, -5.211], [105.602, -5.217], [105.611, -5.213], [105.613, -5.189]]]}}, {"type": "Feature", "properties": {"domain_id": "1807012015", "name": "RANTAU JAYA UDIK II"}, "geometry": {"type": "Polygon", "coordinates": [[[105.574, -5.028], [105.58, -5.016], [105.596, -5.037], [105.636, -5.025], [105.654, -4.935], [105.606, -4.955], [105.559, -4.991], [105.559, -5.006], [105.569, -5.01], [105.566, -5.017], [105.574, -5.028]]]}}, {"type": "Feature", "properties": {"domain_id": "1807032015", "name": "BELIMBING SARI"}, "geometry": {"type": "Polygon", "coordinates": [[[105.673, -5.502], [105.673, -5.514], [105.658, -5.53], [105.66, -5.554], [105.676, -5.573], [105.703, -5.545], [105.693, -5.544], [105.695, -5.532], [105.686, -5.534], [105.687, -5.525], [105.68, -5.521], [105.683, -5.507], [105.673, -5.502]]]}}, {"type": "Feature", "properties": {"domain_id": "1807062003", "name": "BALEKENCONO"}, "geometry": {"type": "Polygon", "coordinates": [[[105.404, -5.134], [105.389, -5.163], [105.392, -5.172], [105.399, -5.171], [105.402, -5.183], [105.411, -5.137], [105.404, -5.134]]]}}, {"type": "Feature", "properties": {"domain_id": "1801092007", "name": "KELAU"}, "geometry": {"type": "MultiPolygon", "coordinates": [[[[105.725, -5.674], [105.71, -5.689], [105.722, -5.686], [105.726, -5.69], [105.725, -5.674]]], [[[105.67, -5.735], [105.655, -5.748], [105.668, -5.744], [105.67, -5.735]]]]}}, {"type": "Feature", "properties": {"domain_id": "1801102006", "name": "REJO MULYO"}, "geometry": {"type": "Polygon", "coordinates": [[[105.681, -5.632], [105.665, -5.625], [105.662, -5.641], [105.676, -5.644], [105.681, -5.632]]]}}, {"type": "Feature", "properties": {"domain_id": "1801102014", "name": "TANJUNG JAYA"}, "geometry": {"type": "Polygon", "coordinates": [[[105.629, -5.567], [105.617, -5.57], [105.615, -5.582], [105.622, -5.61], [105.632, -5.605], [105.635, -5.594], [105.629, -5.567]]]}}, {"type": "Feature", "properties": {"domain_id": "1807082004", "name": "TAMBAH DADI"}, "geometry": {"type": "Polygon", "coordinates": [[[105.55, -4.988], [105.529, -4.985], [105.512, -4.995], [105.511, -5.002], [105.53, -5.009], [105.544, -4.986], [105.55, -4.988]]]}}, {"type": "Feature", "properties": {"domain_id": "1807102007", "name": "JAYA ASRI"}, "geometry": {"type": "Polygon", "coordinates": [[[105.364, -5.221], [105.359, -5.208], [105.343, -5.206], [105.344, -5.229], [105.357, -5.231], [105.359, -5.221], [105.364, -5.221]]]}}, {"type": "Feature", "properties": {"domain_id": "1807152004", "name": "SRIPENDOWO"}, "geometry": {"type": "Polygon", "coordinates": [[[105.725, -5.288], [105.702, -5.289], [105.706, -5.332], [105.713, -5.339], [105.725, -5.288]]]}}, {"type": "Feature", "properties": {"domain_id": "1807222004", "name": "BRAJA YEKTI"}, "geometry": {"type": "MultiPolygon", "coordinates": [[[[105.857, -5.078], [105.782, -5.077], [105.757, -5.102], [105.743, -5.164], [105.779, -5.179], [105.803, -5.182], [105.826, -5.167], [105.861, -5.169], [105.857, -5.078]]], [[[106.108, -5.173], [106.11, -5.167], [106.108, -5.171], [106.108, -5.173]]], [[[106.11, -5.157], [106.111, -5.155], [106.109, -5.156], [106.11, -5.157]]], [[[106.277, -5.089], [106.279, -5.087], [106.275, -5.085], [106.277, -5.089]]], [[[106.28, -5.079], [106.277, -5.075], [106.277, -5.078], [106.28, -5.079]]]]}}, {"type": "Feature", "properties": {"domain_id": "1807232006", "name": "TAMAN NEGERI"}, "geometry": {"type": "Polygon", "coordinates": [[[105.508, -4.916], [105.502, -4.921], [105.505, -4.936], [105.528, -4.939], [105.534, -4.929], [105.529, -4.922], [105.514, -4.923], [105.508, -4.916]]]}}, {"type": "Feature", "properties": {"domain_id": "1807242004", "name": "GUNUNG RAYA"}, "geometry": {"type": "Polygon", "coordinates": [[[105.591, -5.338], [105.577, -5.337], [105.566, -5.347], [105.566, -5.352], [105.574, -5.35], [105.579, -5.359], [105.58, -5.374], [105.594, -5.363], [105.591, -5.338]]]}}, {"type": "Feature", "properties": {"domain_id": "1808012022", "name": "TANJUNG RAJA SAKTI"}, "geometry": {"type": "Polygon", "coordinates": [[[104.431, -4.437], [104.431, -4.428], [104.418, -4.431], [104.416, -4.451], [104.394, -4.466], [104.378, -4.511], [104.377, -4.534], [104.353, -4.572], [104.36, -4.576], [104.402, -4.557], [104.387, -4.532], [104.41, -4.51], [104.423, -4.48], [104.433, -4.476], [104.424, -4.446], [104.431, -4.437]]]}}, {"type": "Feature", "properties": {"domain_id": "1808032009", "name": "BALI SADHAR UTARA"}, "geometry": {"type": "Polygon", "coordinates": [[[104.506, -4.727], [104.487, -4.728], [104.487, -4.742], [104.51, -4.744], [104.514, -4.737], [104.506, -4.727]]]}}, {"type": "Feature", "properties": {"domain_id": "1808042007", "name": "BUMI REJO"}, "geometry": {"type": "Polygon", "coordinates": [[[104.574, -4.663], [104.57, -4.655], [104.55, -4.661], [104.545, -4.673], [104.549, -4.688], [104.559, -4.685], [104.557, -4.667], [104.574, -4.663]]]}}, {"type": "Feature", "properties": {"domain_id": "1808062001", "name": "KARANG AGUNG"}, "geometry": {"type": "Polygon", "coordinates": [[[104.691, -4.25], [104.685, -4.257], [104.67, -4.253], [104.685, -4.285], [104.679, -4.316], [104.683, -4.329], [104.691, -4.328], [104.691, -4.322], [104.715, -4.318], [104.719, -4.298], [104.71, -4.271], [104.714, -4.258], [104.691, -4.25]]]}}, {"type": "Feature", "properties": {"domain_id": "1808082002", "name": "KARYA JAYA"}, "geometry": {"type": "Polygon", "coordinates": [[[104.472, -4.372], [104.472, -4.363], [104.46, -4.361], [104.443, -4.377], [104.449, -4.38], [104.446, -4.393], [104.452, -4.399], [104.472, -4.372]]]}}, {"type": "Feature", "properties": {"domain_id": "1808142006", "name": "KARANGAN"}, "geometry": {"type": "Polygon", "coordinates": [[[104.625, -4.311], [104.623, -4.301], [104.61, -4.29], [104.593, -4.307], [104.608, -4.403], [104.62, -4.392], [104.611, -4.382], [104.621, -4.376], [104.63, -4.359], [104.625, -4.359], [104.626, -4.348], [104.617, -4.333], [104.621, -4.319], [104.606, -4.319], [104.606, -4.306], [104.625, -4.311]]]}}, {"type": "Feature", "properties": {"domain_id": "1809012015", "name": "WIYONO"}, "geometry": {"type": "Polygon", "coordinates": [[[105.146, -5.343], [105.136, -5.351], [105.136, -5.363], [105.127, -5.365], [105.134, -5.387], [105.132, -5.396], [105.127, -5.394], [105.129, -5.416], [105.156, -5.43], [105.156, -5.41], [105.144, -5.379], [105.146, -5.343]]]}}, {"type": "Feature", "properties": {"domain_id": "1809012016", "name": "TAMAN SARI"}, "geometry": {"type": "Polygon", "coordinates": [[[105.164, -5.334], [105.151, -5.335], [105.145, -5.347], [105.144, -5.379], [105.156, -5.41], [105.158, -5.386], [105.149, -5.375], [105.156, -5.359], [105.166, -5.352], [105.164, -5.334]]]}}, {"type": "Feature", "properties": {"domain_id": "1809092008", "name": "MADA JAYA"}, "geometry": {"type": "Polygon", "coordinates": [[[104.967, -5.436], [104.942, -5.461], [104.94, -5.479], [104.945, -5.483], [104.956, -5.479], [104.954, -5.464], [104.965, -5.457], [104.972, -5.439], [104.967, -5.436]]]}}, {"type": "Feature", "properties": {"domain_id": "1809112005", "name": "SUMBER JAYA"}, "geometry": {"type": "Polygon", "coordinates": [[[105.058, -5.598], [105.056, -5.586], [105.038, -5.586], [105.024, -5.576], [105.021, -5.565], [104.998, -5.583], [105.005, -5.599], [105.031, -5.621], [105.042, -5.62], [105.036, -5.618], [105.058, -5.598]]]}}, {"type": "Feature", "properties": {"domain_id": "1810012007", "name": "WALUYOJATI"}, "geometry": {"type": "Polygon", "coordinates": [[[104.966, -5.366], [104.954, -5.368], [104.944, -5.389], [104.965, -5.385], [104.966, -5.366]]]}}, {"type": "Feature", "properties": {"domain_id": "1810052003", "name": "WAY NGISON"}, "geometry": {"type": "Polygon", "coordinates": [[[104.9, -5.389], [104.888, -5.39], [104.89, -5.402], [104.907, -5.394], [104.9, -5.389]]]}}, {"type": "Feature", "properties": {"domain_id": "1810052031", "name": "GANJARAN"}, "geometry": {"type": "Polygon", "coordinates": [[[104.943, -5.359], [104.926, -5.363], [104.927, -5.369], [104.943, -5.359]]]}}, {"type": "Feature", "properties": {"domain_id": "1810062004", "name": "SRIWUNGU"}, "geometry": {"type": "Polygon", "coordinates": [[[104.922, -5.293], [104.912, -5.294], [104.905, -5.309], [104.925, -5.304], [104.929, -5.293], [104.922, -5.293]]]}}, {"type": "Feature", "properties": {"domain_id": "1810072012", "name": "TOTOKARTO"}, "geometry": {"type": "Polygon", "coordinates": [[[105.012, -5.248], [104.997, -5.25], [104.992, -5.244], [104.984, -5.26], [105.001, -5.262], [105.012, -5.248]]]}}, {"type": "Feature", "properties": {"domain_id": "1811072002", "name": "GEDUNG RAM"}, "geometry": {"type": "Polygon", "coordinates": [[[105.379, -3.965], [105.376, -3.97], [105.35, -3.946], [105.338, -3.96], [105.362, -3.987], [105.382, -3.972], [105.379, -3.965]]]}}, {"type": "Feature", "properties": {"domain_id": "1812012017", "name": "TIRTA MAKMUR"}, "geometry": {"type": "Polygon", "coordinates": [[[105.103, -4.544], [105.09, -4.545], [105.092, -4.564], [105.112, -4.561], [105.11, -4.544], [105.103, -4.544]]]}}, {"type": "Feature", "properties": {"domain_id": "1812021001", "name": "DAYA MURNI"}, "geometry": {"type": "Polygon", "coordinates": [[[105.061, -4.622], [105.056, -4.618], [105.048, -4.628], [105.05, -4.634], [105.059, -4.64], [105.06, -4.649], [105.077, -4.657], [105.088, -4.643], [105.079, -4.638], [105.079, -4.629], [105.061, -4.622]]]}}, {"type": "Feature", "properties": {"domain_id": "1812032002", "name": "KARTA SARI"}, "geometry": {"type": "MultiPolygon", "coordinates": [[[[105.011, -4.571], [105.005, -4.58], [105.006, -4.601], [105.023, -4.6], [105.026, -4.573], [105.011, -4.571]]], [[[105.071, -4.627], [105.063, -4.618], [105.061, -4.622], [105.071, -4.627]]]]}}, {"type": "Feature", "properties": {"domain_id": "1812032001", "name": "KARTA"}, "geometry": {"type": "Polygon", "coordinates": [[[105.055, -4.563], [105.042, -4.561], [105.041, -4.549], [105.005, -4.542], [104.985, -4.556], [104.992, -4.577], [104.988, -4.583], [104.994, -4.582], [104.989, -4.585], [104.994, -4.585], [104.988, -4.589], [105.0, -4.608], [104.997, -4.615], [104.986, -4.615], [104.981, -4.63], [104.995, -4.636], [105.015, -4.627], [105.015, -4.61], [105.026, -4.604], [105.032, -4.585], [105.041, -4.596], [105.055, -4.599], [105.064, -4.592], [105.049, -4.582], [105.055, -4.563]], [[105.011, -4.571], [105.026, -4.573], [105.023, -4.6], [105.006, -4.601], [105.005, -4.58], [105.011, -4.571]]]}}, {"type": "Feature", "properties": {"domain_id": "1812082003", "name": "CAHYOU RANDU"}, "geometry": {"type": "Polygon", "coordinates": [[[105.235, -4.328], [105.218, -4.33], [105.224, -4.342], [105.195, -4.356], [105.207, -4.352], [105.21, -4.359], [105.229, -4.36], [105.238, -4.367], [105.232, -4.35], [105.225, -4.348], [105.226, -4.337], [105.235, -4.328]]]}}, {"type": "Feature", "properties": {"domain_id": "1801062009", "name": "BUAH BERAK"}, "geometry": {"type": "Polygon", "coordinates": [[[105.602, -5.732], [105.595, -5.734], [105.603, -5.743], [105.596, -5.747], [105.603, -5.756], [105.608, -5.751], [105.602, -5.732]]]}}, {"type": "Feature", "properties": {"domain_id": "1813032010", "name": "PENENGAHAN"}, "geometry": {"type": "Polygon", "coordinates": [[[103.797, -4.781], [103.79, -4.779], [103.767, -4.795], [103.731, -4.799], [103.723, -4.808], [103.754, -4.859], [103.812, -4.929], [103.806, -4.951], [103.778, -4.962], [103.744, -5.005], [103.75, -5.014], [103.74, -5.026], [103.796, -4.995], [103.871, -5.003], [103.892, -4.972], [103.864, -4.958], [103.858, -4.945], [103.832, -4.943], [103.812, -4.892], [103.856, -4.892], [103.865, -4.883], [103.869, -4.856], [103.845, -4.823], [103.825, -4.823], [103.821, -4.812], [103.826, -4.802], [103.799, -4.791], [103.797, -4.781]]]}}, {"type": "Feature", "properties": {"domain_id": "1813032012", "name": "SUKAMULYA"}, "geometry": {"type": "Polygon", "coordinates": [[[103.727, -4.942], [103.742, -4.923], [103.731, -4.865], [103.707, -4.831], [103.702, -4.832], [103.67, -4.852], [103.694, -4.916], [103.701, -4.92], [103.698, -4.939], [103.727, -4.942]]]}}, {"type": "Feature", "properties": {"domain_id": "1813072007", "name": "LABUHAN MANDI"}, "geometry": {"type": "Polygon", "coordinates": [[[104.003, -5.098], [103.998, -5.098], [103.983, -5.133], [103.973, -5.131], [103.949, -5.15], [103.988, -5.137], [104.007, -5.1], [104.003, -5.098]]]}}, {"type": "Feature", "properties": {"domain_id": "1813102003", "name": "KOTA BATU"}, "geometry": {"type": "Polygon", "coordinates": [[[104.305, -5.347], [104.291, -5.358], [104.292, -5.369], [104.278, -5.381], [104.25, -5.391], [104.238, -5.424], [104.219, -5.433], [104.219, -5.456], [104.211, -5.462], [104.213, -5.475], [104.204, -5.488], [104.226, -5.487], [104.258, -5.445], [104.308, -5.426], [104.321, -5.411], [104.315, -5.385], [104.318, -5.359], [104.305, -5.347]]]}}, {"type": "Feature", "properties": {"domain_id": "1871011005", "name": "SUKAMENANTI"}, "geometry": {"type": "Polygon", "coordinates": [[[105.256, -5.388], [105.249, -5.394], [105.253, -5.399], [105.256, -5.388]]]}}, {"type": "Feature", "properties": {"domain_id": "1871021004", "name": "WAY DADI"}, "geometry": {"type": "Polygon", "coordinates": [[[105.301, -5.38], [105.296, -5.375], [105.285, -5.381], [105.288, -5.388], [105.301, -5.38]]]}}, {"type": "Feature", "properties": {"domain_id": "1871121007", "name": "CAMPANG RAYA"}, "geometry": {"type": "Polygon", "coordinates": [[[105.326, -5.405], [105.32, -5.405], [105.313, -5.419], [105.327, -5.43], [105.342, -5.42], [105.326, -5.405]]]}}, {"type": "Feature", "properties": {"domain_id": "1871131004", "name": "KEMILING PERMAI"}, "geometry": {"type": "Polygon", "coordinates": [[[105.217, -5.377], [105.217, -5.369], [105.207, -5.372], [105.209, -5.384], [105.217, -5.377]]]}}, {"type": "Feature", "properties": {"domain_id": "1871141007", "name": "KAMPUNG BARU"}, "geometry": {"type": "Polygon", "coordinates": [[[105.252, -5.365], [105.249, -5.358], [105.242, -5.36], [105.25, -5.376], [105.252, -5.365]]]}}, {"type": "Feature", "properties": {"domain_id": "1871151005", "name": "JAGABAYA II"}, "geometry": {"type": "Polygon", "coordinates": [[[105.272, -5.398], [105.266, -5.393], [105.262, -5.4], [105.269, -5.407], [105.272, -5.398]]]}}, {"type": "Feature", "properties": {"domain_id": "1801062023", "name": "MARGACATUR"}, "geometry": {"type": "Polygon", "coordinates": [[[105.646, -5.642], [105.638, -5.629], [105.628, -5.644], [105.631, -5.652], [105.623, -5.651], [105.623, -5.667], [105.627, -5.662], [105.65, -5.666], [105.646, -5.642]]]}}, {"type": "Feature", "properties": {"domain_id": "1872011005", "name": "YOSOMULYO"}, "geometry": {"type": "Polygon", "coordinates": [[[105.335, -5.091], [105.324, -5.089], [105.314, -5.106], [105.33, -5.106], [105.336, -5.099], [105.335, -5.091]]]}}, {"type": "Feature", "properties": {"domain_id": "1801092020", "name": "PISANG"}, "geometry": {"type": "Polygon", "coordinates": [[[105.717, -5.79], [105.703, -5.779], [105.696, -5.782], [105.7, -5.788], [105.717, -5.79]]]}}, {"type": "Feature", "properties": {"domain_id": "1801102003", "name": "SUKAMULYA"}, "geometry": {"type": "Polygon", "coordinates": [[[105.679, -5.656], [105.669, -5.656], [105.67, -5.679], [105.675, -5.679], [105.679, -5.656]]]}}, {"type": "Feature", "properties": {"domain_id": "1806092030", "name": "SUKA BANJAR"}, "geometry": {"type": "Polygon", "coordinates": [[[104.853, -5.805], [104.788, -5.762], [104.786, -5.766], [104.838, -5.806], [104.853, -5.805]]]}}, {"type": "Feature", "properties": {"domain_id": "1806122002", "name": "KACAPURA"}, "geometry": {"type": "Polygon", "coordinates": [[[104.506, -5.515], [104.495, -5.51], [104.513, -5.537], [104.527, -5.544], [104.525, -5.525], [104.506, -5.515]]]}}, {"type": "Feature", "properties": {"domain_id": "1806162009", "name": "TELUK BRAK"}, "geometry": {"type": "MultiPolygon", "coordinates": [[[[104.617, -5.658], [104.605, -5.644], [104.597, -5.66], [104.62, -5.682], [104.636, -5.71], [104.653, -5.723], [104.643, -5.69], [104.617, -5.658]]], [[[104.655, -5.718], [104.655, -5.717], [104.654, -5.717], [104.655, -5.718]]]]}}, {"type": "Feature", "properties": {"domain_id": "1811042011", "name": "LABUHAN BARU"}, "geometry": {"type": "Polygon", "coordinates": [[[105.088, -4.12], [105.067, -4.121], [105.053, -4.154], [105.088, -4.153], [105.088, -4.12]]]}}, {"type": "Feature", "properties": {"domain_id": "1806212011", "name": "PENANGGUNGAN"}, "geometry": {"type": "Polygon", "coordinates": [[[104.794, -5.421], [104.788, -5.422], [104.787, -5.415], [104.771, -5.427], [104.791, -5.426], [104.794, -5.421]]]}}, {"type": "Feature", "properties": {"domain_id": "1807212010", "name": "LABUHAN RATU VIII"}, "geometry": {"type": "Polygon", "coordinates": [[[105.661, -5.122], [105.63, -5.125], [105.619, -5.151], [105.633, -5.157], [105.633, -5.149], [105.655, -5.147], [105.653, -5.135], [105.663, -5.129], [105.661, -5.122]]]}}, {"type": "Feature", "properties": {"domain_id": "1801052003", "name": "LEMATANG"}, "geometry": {"type": "MultiPolygon", "coordinates": [[[[105.357, -5.39], [105.339, -5.392], [105.336, -5.407], [105.348, -5.409], [105.349, -5.416], [105.365, -5.409], [105.357, -5.39]]], [[[105.396, -5.335], [105.376, -5.338], [105.375, -5.345], [105.389, -5.357], [105.397, -5.346], [105.396, -5.335]]]]}}, {"type": "Feature", "properties": {"domain_id": "1801061006", "name": "BUMI AGUNG"}, "geometry": {"type": "Polygon", "coordinates": [[[105.599, -5.737], [105.591, -5.741], [105.593, -5.748], [105.603, -5.743], [105.599, -5.737]]]}}, {"type": "Feature", "properties": {"domain_id": "1801062015", "name": "PALEMBAPANG"}, "geometry": {"type": "Polygon", "coordinates": [[[105.656, -5.695], [105.629, -5.724], [105.63, -5.738], [105.643, -5.749], [105.646, -5.713], [105.659, -5.707], [105.668, -5.71], [105.656, -5.695]]]}}, {"type": "Feature", "properties": {"domain_id": "1801072011", "name": "SELORETNO"}, "geometry": {"type": "Polygon", "coordinates": [[[105.511, -5.593], [105.507, -5.598], [105.515, -5.612], [105.524, -5.598], [105.511, -5.593]]]}}, {"type": "Feature", "properties": {"domain_id": "1802022017", "name": "SUKA NEGERI"}, "geometry": {"type": "Polygon", "coordinates": [[[105.028, -5.098], [105.016, -5.099], [105.014, -5.109], [105.028, -5.098]]]}}, {"type": "Feature", "properties": {"domain_id": "1807202009", "name": "SUMBER JAYA"}, "geometry": {"type": "Polygon", "coordinates": [[[105.642, -5.442], [105.641, -5.432], [105.63, -5.436], [105.618, -5.429], [105.615, -5.438], [105.604, -5.436], [105.601, -5.454], [105.614, -5.457], [105.62, -5.466], [105.632, -5.459], [105.642, -5.442]]]}}, {"type": "Feature", "properties": {"domain_id": "1801132003", "name": "MARGO MULYO"}, "geometry": {"type": "Polygon", "coordinates": [[[105.416, -5.304], [105.392, -5.315], [105.392, -5.334], [105.415, -5.336], [105.416, -5.304]]]}}, {"type": "Feature", "properties": {"domain_id": "1801142014", "name": "KEMUKUS"}, "geometry": {"type": "Polygon", "coordinates": [[[105.761, -5.697], [105.75, -5.696], [105.734, -5.711], [105.737, -5.734], [105.755, -5.72], [105.761, -5.697]]]}}, {"type": "Feature", "properties": {"domain_id": "1801142013", "name": "TAMAN SARI"}, "geometry": {"type": "Polygon", "coordinates": [[[105.782, -5.692], [105.769, -5.699], [105.762, -5.694], [105.757, -5.715], [105.782, -5.707], [105.781, -5.701], [105.789, -5.699], [105.782, -5.692]]]}}, {"type": "Feature", "properties": {"domain_id": "1801152009", "name": "KEDAUNG"}, "geometry": {"type": "Polygon", "coordinates": [[[105.768, -5.638], [105.748, -5.637], [105.741, -5.644], [105.739, -5.664], [105.751, -5.675], [105.77, -5.648], [105.768, -5.638]]]}}, {"type": "Feature", "properties": {"domain_id": "1801172006", "name": "CINTA MULYA"}, "geometry": {"type": "Polygon", "coordinates": [[[105.577, -5.513], [105.559, -5.511], [105.556, -5.516], [105.568, -5.543], [105.585, -5.543], [105.577, -5.513]]]}}, {"type": "Feature", "properties": {"domain_id": "1802012015", "name": "SINAR REJO"}, "geometry": {"type": "Polygon", "coordinates": [[[104.966, -5.169], [104.947, -5.169], [104.945, -5.176], [104.963, -5.187], [104.966, -5.169]]]}}, {"type": "Feature", "properties": {"domain_id": "1808022014", "name": "SUKAJADI"}, "geometry": {"type": "Polygon", "coordinates": [[[104.454, -4.771], [104.462, -4.754], [104.441, -4.754], [104.433, -4.765], [104.434, -4.78], [104.454, -4.771]]]}}, {"type": "Feature", "properties": {"domain_id": "1808032020", "name": "SUMBER SARI"}, "geometry": {"type": "Polygon", "coordinates": [[[104.505, -4.846], [104.489, -4.852], [104.481, -4.878], [104.501, -4.884], [104.505, -4.879], [104.501, -4.874], [104.505, -4.846]]]}}, {"type": "Feature", "properties": {"domain_id": "1808062004", "name": "GUNUNG CAHYA"}, "geometry": {"type": "Polygon", "coordinates": [[[104.743, -4.318], [104.726, -4.322], [104.73, -4.353], [104.74, -4.356], [104.743, -4.318]]]}}, {"type": "Feature", "properties": {"domain_id": "1808082003", "name": "SAY UMPU"}, "geometry": {"type": "Polygon", "coordinates": [[[104.491, -4.367], [104.477, -4.368], [104.464, -4.379], [104.466, -4.398], [104.475, -4.404], [104.494, -4.404], [104.491, -4.367]]]}}, {"type": "Feature", "properties": {"domain_id": "1802032021", "name": "PURWOREJO"}, "geometry": {"type": "Polygon", "coordinates": [[[104.932, -5.119], [104.928, -5.114], [104.902, -5.125], [104.918, -5.139], [104.898, -5.169], [104.933, -5.169], [104.922, -5.157], [104.931, -5.142], [104.932, -5.119]]]}}, {"type": "Feature", "properties": {"domain_id": "1802212001", "name": "SRIKATON"}, "geometry": {"type": "Polygon", "coordinates": [[[105.062, -5.054], [105.043, -5.057], [105.042, -5.09], [105.052, -5.086], [105.066, -5.062], [105.062, -5.054]]]}}, {"type": "Feature", "properties": {"domain_id": "1802072001", "name": "ADI JAYA"}, "geometry": {"type": "Polygon", "coordinates": [[[105.2, -4.905], [105.193, -4.908], [105.191, -4.934], [105.179, -4.953], [105.18, -4.967], [105.186, -4.964], [105.184, -4.957], [105.2, -4.953], [105.204, -4.945], [105.2, -4.905]]]}}, {"type": "Feature", "properties": {"domain_id": "1808092003", "name": "MADANG JAYA"}, "geometry": {"type": "Polygon", "coordinates": [[[104.381, -4.623], [104.366, -4.625], [104.354, -4.634], [104.356, -4.642], [104.401, -4.656], [104.406, -4.647], [104.402, -4.627], [104.381, -4.623]]]}}, {"type": "Feature", "properties": {"domain_id": "1802232007", "name": "KOTA GAJAH TIMUR"}, "geometry": {"type": "Polygon", "coordinates": [[[105.358, -4.966], [105.358, -4.958], [105.335, -4.956], [105.322, -4.983], [105.325, -4.988], [105.33, -4.984], [105.347, -4.963], [105.358, -4.966]]]}}, {"type": "Feature", "properties": {"domain_id": "1808132004", "name": "SUKA BUMI"}, "geometry": {"type": "MultiPolygon", "coordinates": [[[[104.575, -4.262], [104.578, -4.255], [104.565, -4.25], [104.551, -4.257], [104.551, -4.27], [104.566, -4.275], [104.572, -4.272], [104.564, -4.262], [104.575, -4.262]]], [[[104.589, -4.273], [104.586, -4.263], [104.573, -4.267], [104.579, -4.284], [104.589, -4.273]]]]}}, {"type": "Feature", "properties": {"domain_id": "1802242002", "name": "BUMI NABUNG ILIR"}, "geometry": {"type": "Polygon", "coordinates": [[[105.575, -4.617], [105.552, -4.612], [105.55, -4.634], [105.513, -4.645], [105.516, -4.655], [105.522, -4.652], [105.522, -4.659], [105.535, -4.665], [105.535, -4.682], [105.528, -4.68], [105.522, -4.687], [105.538, -4.7], [105.544, -4.693], [105.554, -4.695], [105.554, -4.716], [105.559, -4.716], [105.573, -4.681], [105.57, -4.67], [105.558, -4.669], [105.561, -4.649], [105.583, -4.644], [105.589, -4.634], [105.581, -4.631], [105.575, -4.617]]]}}, {"type": "Feature", "properties": {"domain_id": "1802252003", "name": "SRI BUDAYA"}, "geometry": {"type": "Polygon", "coordinates": [[[105.45, -4.781], [105.446, -4.777], [105.435, -4.786], [105.423, -4.785], [105.421, -4.792], [105.418, -4.788], [105.41, -4.791], [105.398, -4.808], [105.413, -4.819], [105.44, -4.798], [105.45, -4.781]]]}}, {"type": "Feature", "properties": {"domain_id": "1871131010", "name": "BERINGIN RAYA"}, "geometry": {"type": "Polygon", "coordinates": [[[105.202, -5.394], [105.197, -5.393], [105.198, -5.405], [105.214, -5.396], [105.202, -5.394]]]}}, {"type": "Feature", "properties": {"domain_id": "1871141006", "name": "KAMPUNG BARU RAYA"}, "geometry": {"type": "Polygon", "coordinates": [[[105.251, -5.358], [105.247, -5.36], [105.252, -5.366], [105.251, -5.358]]]}}, {"type": "Feature", "properties": {"domain_id": "1871191002", "name": "KOTA KARANG RAYA"}, "geometry": {"type": "Polygon", "coordinates": [[[105.261, -5.459], [105.257, -5.454], [105.254, -5.457], [105.261, -5.459]]]}}, {"type": "Feature", "properties": {"domain_id": "1872011001", "name": "METRO"}, "geometry": {"type": "Polygon", "coordinates": [[[105.312, -5.114], [105.298, -5.115], [105.3, -5.13], [105.309, -5.131], [105.312, -5.114]]]}}, {"type": "Feature", "properties": {"domain_id": "1802272003", "name": "GEDUNG RATU"}, "geometry": {"type": "Polygon", "coordinates": [[[104.917, -4.986], [104.907, -4.978], [104.889, -4.991], [104.893, -4.998], [104.915, -5.0], [104.917, -4.986]]]}}, {"type": "Feature", "properties": {"domain_id": "1802272004", "name": "BANDAR PUTIH TUA"}, "geometry": {"type": "MultiPolygon", "coordinates": [[[[104.964, -4.915], [104.949, -4.917], [104.956, -4.944], [104.972, -4.932], [104.964, -4.915]]], [[[104.911, -4.954], [104.904, -4.959], [104.907, -4.974], [104.915, -4.972], [104.917, -4.963], [104.911, -4.954]]], [[[104.934, -4.92], [104.925, -4.924], [104.912, -4.951], [104.919, -4.946], [104.926, -4.951], [104.937, -4.939], [104.941, -4.922], [104.934, -4.92]]]]}}, {"type": "Feature", "properties": {"domain_id": "1802272005", "name": "KARANG JAWA"}, "geometry": {"type": "Polygon", "coordinates": [[[105.011, -4.917], [104.985, -4.924], [104.968, -4.922], [104.97, -4.936], [104.956, -4.944], [104.963, -4.951], [104.965, -4.944], [104.978, -4.943], [104.991, -4.967], [104.997, -4.965], [105.004, -4.956], [104.995, -4.938], [105.011, -4.917]]]}}, {"type": "Feature", "properties": {"domain_id": "1803022011", "name": "SUMBER ARUM"}, "geometry": {"type": "Polygon", "coordinates": [[[104.937, -4.803], [104.917, -4.793], [104.911, -4.808], [104.937, -4.822], [104.939, -4.815], [104.947, -4.814], [104.937, -4.803]]]}}, {"type": "Feature", "properties": {"domain_id": "1803032007", "name": "KOTA AGUNG"}, "geometry": {"type": "MultiPolygon", "coordinates": [[[[104.786, -4.691], [104.783, -4.683], [104.775, -4.701], [104.783, -4.707], [104.798, -4.702], [104.786, -4.691]]], [[[104.796, -4.713], [104.792, -4.713], [104.793, -4.717], [104.796, -4.713]]]]}}, {"type": "Feature", "properties": {"domain_id": "1803101001", "name": "KELAPA TUJUH"}, "geometry": {"type": "Polygon", "coordinates": [[[104.921, -4.85], [104.929, -4.833], [104.915, -4.833], [104.911, -4.842], [104.901, -4.835], [104.891, -4.842], [104.905, -4.857], [104.921, -4.85]]]}}, {"type": "Feature", "properties": {"domain_id": "1803101002", "name": "TANJUNG AMAN"}, "geometry": {"type": "Polygon", "coordinates": [[[104.884, -4.825], [104.874, -4.832], [104.882, -4.838], [104.89, -4.832], [104.884, -4.825]]]}}, {"type": "Feature", "properties": {"domain_id": "1803101003", "name": "KOTA ALAM"}, "geometry": {"type": "Polygon", "coordinates": [[[104.881, -4.823], [104.873, -4.825], [104.865, -4.84], [104.874, -4.857], [104.867, -4.883], [104.888, -4.899], [104.894, -4.891], [104.882, -4.872], [104.889, -4.852], [104.874, -4.833], [104.881, -4.823]]]}}, {"type": "Feature", "properties": {"domain_id": "1804202001", "name": "PAHAYU JAYA"}, "geometry": {"type": "Polygon", "coordinates": [[[104.327, -4.924], [104.318, -4.916], [104.305, -4.931], [104.304, -4.968], [104.32, -4.981], [104.33, -4.972], [104.345, -4.984], [104.357, -4.985], [104.364, -4.972], [104.359, -4.973], [104.344, -4.946], [104.339, -4.947], [104.332, -4.935], [104.322, -4.931], [104.327, -4.924]]]}}, {"type": "Feature", "properties": {"domain_id": "1803122007", "name": "SUKA MAJU"}, "geometry": {"type": "MultiPolygon", "coordinates": [[[[104.643, -4.823], [104.636, -4.823], [104.637, -4.835], [104.646, -4.844], [104.652, -4.824], [104.643, -4.823]]], [[[104.642, -4.846], [104.639, -4.841], [104.635, -4.845], [104.635, -4.856], [104.647, -4.855], [104.642, -4.846]]]]}}, {"type": "Feature", "properties": {"domain_id": "1803162001", "name": "NEGARA TULANG BAWANG"}, "geometry": {"type": "Polygon", "coordinates": [[[104.877, -4.579], [104.859, -4.578], [104.859, -4.632], [104.867, -4.656], [104.875, -4.659], [104.878, -4.653], [104.885, -4.655], [104.877, -4.579]]]}}, {"type": "Feature", "properties": {"domain_id": "1803202004", "name": "CAHAYA MAKMUR"}, "geometry": {"type": "Polygon", "coordinates": [[[104.743, -4.793], [104.726, -4.799], [104.709, -4.792], [104.703, -4.817], [104.728, -4.802], [104.728, -4.812], [104.739, -4.805], [104.754, -4.808], [104.756, -4.798], [104.743, -4.793]]]}}, {"type": "Feature", "properties": {"domain_id": "1805082023", "name": "WARGA INDAH JAYA"}, "geometry": {"type": "Polygon", "coordinates": [[[105.186, -4.269], [105.156, -4.268], [105.158, -4.301], [105.183, -4.293], [105.186, -4.269]]]}}, {"type": "Feature", "properties": {"domain_id": "1805252003", "name": "KUALA TELADAS"}, "geometry": {"type": "Polygon", "coordinates": [[[105.851, -4.407], [105.838, -4.406], [105.835, -4.412], [105.84, -4.416], [105.83, -4.423], [105.847, -4.427], [105.85, -4.421], [105.88, -4.43], [105.866, -4.412], [105.851, -4.407]]]}}, {"type": "Feature", "properties": {"domain_id": "1805292008", "name": "JAYA MAKMUR"}, "geometry": {"type": "Polygon", "coordinates": [[[105.223, -4.363], [105.219, -4.358], [105.21, -4.359], [105.207, -4.352], [105.195, -4.356], [105.212, -4.386], [105.216, -4.372], [105.209, -4.372], [105.223, -4.363]]]}}, {"type": "Feature", "properties": {"domain_id": "1802072010", "name": "PONCOWATI"}, "geometry": {"type": "MultiPolygon", "coordinates": [[[[105.187, -4.889], [105.161, -4.887], [105.158, -4.9], [105.166, -4.907], [105.193, -4.908], [105.211, -4.892], [105.187, -4.889]]], [[[105.164, -4.91], [105.158, -4.903], [105.157, -4.909], [105.164, -4.91]]]]}}, {"type": "Feature", "properties": {"domain_id": "1802082012", "name": "RAMA MURTI"}, "geometry": {"type": "Polygon", "coordinates": [[[105.375, -4.859], [105.371, -4.849], [105.359, -4.845], [105.362, -4.878], [105.381, -4.893], [105.371, -4.913], [105.389, -4.892], [105.386, -4.884], [105.378, -4.883], [105.385, -4.872], [105.375, -4.859]]]}}, {"type": "Feature", "properties": {"domain_id": "1806012021", "name": "KELUNGU"}, "geometry": {"type": "Polygon", "coordinates": [[[104.665, -5.41], [104.63, -5.442], [104.632, -5.479], [104.617, -5.488], [104.633, -5.483], [104.645, -5.439], [104.665, -5.41]]]}}, {"type": "Feature", "properties": {"domain_id": "1806012022", "name": "PARDASUKA"}, "geometry": {"type": "Polygon", "coordinates": [[[104.627, -5.453], [104.617, -5.484], [104.631, -5.481], [104.627, -5.453]]]}}, {"type": "Feature", "properties": {"domain_id": "1802092013", "name": "BINA KARYA PUTRA"}, "geometry": {"type": "Polygon", "coordinates": [[[105.597, -4.763], [105.571, -4.776], [105.584, -4.792], [105.593, -4.792], [105.596, -4.81], [105.605, -4.814], [105.617, -4.797], [105.613, -4.776], [105.597, -4.763]]]}}, {"type": "Feature", "properties": {"domain_id": "1806032014", "name": "TANJUNG KURUNG"}, "geometry": {"type": "Polygon", "coordinates": [[[104.53, -5.452], [104.527, -5.444], [104.519, -5.467], [104.53, -5.452]]]}}, {"type": "Feature", "properties": {"domain_id": "1806032015", "name": "PADANG MANIS"}, "geometry": {"type": "MultiPolygon", "coordinates": [[[[104.54, -5.457], [104.535, -5.45], [104.53, -5.452], [104.535, -5.462], [104.54, -5.457]]], [[[104.519, -5.467], [104.517, -5.471], [104.523, -5.478], [104.519, -5.467]]], [[[104.527, -5.468], [104.531, -5.457], [104.525, -5.472], [104.527, -5.468]]]]}}, {"type": "Feature", "properties": {"domain_id": "1804182002", "name": "PURA WIWITAN"}, "geometry": {"type": "Polygon", "coordinates": [[[104.534, -5.055], [104.52, -5.051], [104.527, -5.065], [104.534, -5.055]]]}}, {"type": "Feature", "properties": {"domain_id": "1802192002", "name": "SANGUN RATU"}, "geometry": {"type": "Polygon", "coordinates": [[[104.918, -5.069], [104.91, -5.072], [104.913, -5.092], [104.909, -5.099], [104.928, -5.114], [104.918, -5.069]]]}}, {"type": "Feature", "properties": {"domain_id": "1802212004", "name": "NEGARA BUMI ILIR"}, "geometry": {"type": "Polygon", "coordinates": [[[105.09, -4.963], [105.081, -4.967], [105.069, -4.942], [105.051, -4.952], [105.056, -4.978], [105.071, -4.999], [105.087, -5.041], [105.1, -5.03], [105.09, -4.963]]]}}, {"type": "Feature", "properties": {"domain_id": "1802232004", "name": "SUMBER REJO"}, "geometry": {"type": "Polygon", "coordinates": [[[105.321, -5.004], [105.286, -5.001], [105.301, -5.006], [105.307, -5.024], [105.336, -5.013], [105.321, -5.004]]]}}, {"type": "Feature", "properties": {"domain_id": "1806152002", "name": "GUNUNG TIGA"}, "geometry": {"type": "Polygon", "coordinates": [[[104.603, -5.333], [104.595, -5.33], [104.594, -5.317], [104.587, -5.339], [104.573, -5.357], [104.53, -5.365], [104.524, -5.368], [104.528, -5.376], [104.59, -5.398], [104.609, -5.366], [104.596, -5.344], [104.603, -5.333]]]}}, {"type": "Feature", "properties": {"domain_id": "1802252005", "name": "SRI BUSONO"}, "geometry": {"type": "Polygon", "coordinates": [[[105.502, -4.783], [105.494, -4.773], [105.48, -4.797], [105.456, -4.802], [105.458, -4.822], [105.468, -4.824], [105.494, -4.807], [105.494, -4.792], [105.502, -4.783]]]}}, {"type": "Feature", "properties": {"domain_id": "1802282008", "name": "MERANGGI JAYA"}, "geometry": {"type": "Polygon", "coordinates": [[[105.593, -4.844], [105.581, -4.842], [105.573, -4.854], [105.581, -4.874], [105.594, -4.871], [105.6, -4.862], [105.591, -4.852], [105.593, -4.844]]]}}, {"type": "Feature", "properties": {"domain_id": "1807122005", "name": "BOJONG"}, "geometry": {"type": "Polygon", "coordinates": [[[105.617, -5.274], [105.62, -5.263], [105.591, -5.247], [105.581, -5.262], [105.569, -5.258], [105.533, -5.289], [105.542, -5.3], [105.617, -5.274]]]}}, {"type": "Feature", "properties": {"domain_id": "1807132008", "name": "CEMPAKA NUBAN"}, "geometry": {"type": "Polygon", "coordinates": [[[105.415, -4.985], [105.401, -4.983], [105.39, -5.003], [105.392, -5.023], [105.404, -5.001], [105.411, -5.006], [105.421, -5.002], [105.415, -4.985]]]}}, {"type": "Feature", "properties": {"domain_id": "1809022008", "name": "PEJAMBON"}, "geometry": {"type": "Polygon", "coordinates": [[[105.145, -5.253], [105.141, -5.234], [105.138, -5.242], [105.125, -5.237], [105.128, -5.26], [105.138, -5.265], [105.145, -5.253]]]}}, {"type": "Feature", "properties": {"domain_id": "1812052006", "name": "MULYA JAYA"}, "geometry": {"type": "Polygon", "coordinates": [[[105.127, -4.253], [105.127, -4.245], [105.104, -4.245], [105.094, -4.253], [105.09, -4.257], [105.099, -4.28], [105.128, -4.281], [105.127, -4.253]]]}}, {"type": "Feature", "properties": {"domain_id": "1809032002", "name": "KEJADIAN"}, "geometry": {"type": "Polygon", "coordinates": [[[105.171, -5.18], [105.152, -5.184], [105.15, -5.193], [105.164, -5.196], [105.18, -5.188], [105.171, -5.18]]]}}, {"type": "Feature", "properties": {"domain_id": "1810022001", "name": "PAREREJO"}, "geometry": {"type": "Polygon", "coordinates": [[[104.999, -5.416], [105.001, -5.402], [104.991, -5.408], [104.979, -5.403], [104.977, -5.44], [105.001, -5.423], [104.999, -5.416]]]}}, {"type": "Feature", "properties": {"domain_id": "1810022006", "name": "TAMBAHREJO"}, "geometry": {"type": "Polygon", "coordinates": [[[105.037, -5.369], [105.021, -5.372], [105.031, -5.389], [105.043, -5.378], [105.037, -5.369]]]}}, {"type": "Feature", "properties": {"domain_id": "1805202010", "name": "AGUNG JAYA"}, "geometry": {"type": "Polygon", "coordinates": [[[105.271, -4.218], [105.255, -4.203], [105.245, -4.209], [105.242, -4.206], [105.223, -4.227], [105.271, -4.218]]]}}, {"type": "Feature", "properties": {"domain_id": "1803012004", "name": "MUARA AMAN"}, "geometry": {"type": "Polygon", "coordinates": [[[104.593, -4.836], [104.593, -4.825], [104.562, -4.829], [104.575, -4.855], [104.593, -4.836]]]}}, {"type": "Feature", "properties": {"domain_id": "1810052023", "name": "PASIR UKIR"}, "geometry": {"type": "Polygon", "coordinates": [[[104.902, -5.343], [104.891, -5.342], [104.891, -5.356], [104.9, -5.357], [104.902, -5.343]]]}}, {"type": "Feature", "properties": {"domain_id": "1803022012", "name": "BOJONG BARAT"}, "geometry": {"type": "Polygon", "coordinates": [[[104.818, -4.823], [104.779, -4.833], [104.774, -4.84], [104.793, -4.851], [104.81, -4.842], [104.819, -4.845], [104.824, -4.842], [104.816, -4.834], [104.818, -4.823]]]}}, {"type": "Feature", "properties": {"domain_id": "1810062001", "name": "BANYUMAS"}, "geometry": {"type": "Polygon", "coordinates": [[[104.92, -5.292], [104.912, -5.269], [104.898, -5.291], [104.92, -5.292]]]}}, {"type": "Feature", "properties": {"domain_id": "1810082006", "name": "PANGGUNGREJO"}, "geometry": {"type": "Polygon", "coordinates": [[[105.048, -5.326], [105.043, -5.302], [105.024, -5.306], [105.03, -5.333], [105.038, -5.325], [105.045, -5.329], [105.048, -5.326]]]}}, {"type": "Feature", "properties": {"domain_id": "1803042014", "name": "GUNUNG KATON"}, "geometry": {"type": "Polygon", "coordinates": [[[104.718, -4.993], [104.705, -4.993], [104.701, -5.0], [104.706, -5.018], [104.718, -5.018], [104.725, -5.006], [104.712, -5.003], [104.718, -4.993]]]}}, {"type": "Feature", "properties": {"domain_id": "1812062001", "name": "AGUNG JAYA"}, "geometry": {"type": "Polygon", "coordinates": [[[105.139, -4.254], [105.127, -4.253], [105.127, -4.294], [105.135, -4.302], [105.145, -4.294], [105.156, -4.295], [105.156, -4.269], [105.134, -4.264], [105.139, -4.254]]]}}, {"type": "Feature", "properties": {"domain_id": "1812072001", "name": "KIBANG BUDI JAYA"}, "geometry": {"type": "Polygon", "coordinates": [[[105.195, -4.324], [105.144, -4.323], [105.132, -4.348], [105.19, -4.347], [105.185, -4.327], [105.195, -4.324]]]}}, {"type": "Feature", "properties": {"domain_id": "1813102006", "name": "PARDA SUKA"}, "geometry": {"type": "Polygon", "coordinates": [[[104.264, -5.501], [104.255, -5.491], [104.237, -5.492], [104.213, -5.524], [104.232, -5.52], [104.264, -5.501]]]}}, {"type": "Feature", "properties": {"domain_id": "1807182004", "name": "PELINDUNG JAYA"}, "geometry": {"type": "MultiPolygon", "coordinates": [[[[105.794, -5.439], [105.796, -5.427], [105.78, -5.43], [105.78, -5.439], [105.767, -5.443], [105.79, -5.456], [105.794, -5.439]]], [[[105.749, -5.42], [105.736, -5.42], [105.732, -5.429], [105.753, -5.43], [105.76, -5.435], [105.761, -5.448], [105.766, -5.447], [105.76, -5.425], [105.749, -5.42]]]]}}, {"type": "Feature", "properties": {"domain_id": "1872011004", "name": "HADIMULYO BARAT"}, "geometry": {"type": "Polygon", "coordinates": [[[105.308, -5.108], [105.301, -5.1], [105.287, -5.107], [105.296, -5.114], [105.308, -5.108]]]}}, {"type": "Feature", "properties": {"domain_id": "1803052003", "name": "PUNGGUK LAMA"}, "geometry": {"type": "MultiPolygon", "coordinates": [[[[104.917, -4.741], [104.915, -4.733], [104.909, -4.747], [104.921, -4.758], [104.93, -4.76], [104.936, -4.754], [104.929, -4.741], [104.917, -4.741]]], [[[105.001, -4.802], [104.992, -4.797], [104.991, -4.806], [105.001, -4.802]]]]}}, {"type": "Feature", "properties": {"domain_id": "1803072015", "name": "BANDAR KAGUNGAN RAYA"}, "geometry": {"type": "Polygon", "coordinates": [[[104.976, -4.872], [104.969, -4.901], [104.98, -4.908], [104.983, -4.886], [104.991, -4.879], [104.976, -4.872]]]}}, {"type": "Feature", "properties": {"domain_id": "1872041003", "name": "IRING MULYO"}, "geometry": {"type": "Polygon", "coordinates": [[[105.331, -5.119], [105.312, -5.117], [105.309, -5.131], [105.323, -5.128], [105.331, -5.119]]]}}, {"type": "Feature", "properties": {"domain_id": "1801102020", "name": "BUMI ASRI"}, "geometry": {"type": "Polygon", "coordinates": [[[105.642, -5.566], [105.634, -5.561], [105.629, -5.571], [105.638, -5.578], [105.642, -5.566]]]}}, {"type": "Feature", "properties": {"domain_id": "1803072017", "name": "KEMALO ABUNG"}, "geometry": {"type": "Polygon", "coordinates": [[[104.943, -4.908], [104.934, -4.905], [104.92, -4.937], [104.927, -4.923], [104.947, -4.919], [104.943, -4.908]]]}}, {"type": "Feature", "properties": {"domain_id": "1803112001", "name": "GUNUNG BESAR"}, "geometry": {"type": "Polygon", "coordinates": [[[104.785, -4.881], [104.784, -4.873], [104.771, -4.88], [104.758, -4.875], [104.757, -4.9], [104.75, -4.903], [104.766, -4.903], [104.767, -4.908], [104.793, -4.917], [104.793, -4.906], [104.78, -4.91], [104.775, -4.9], [104.777, -4.885], [104.785, -4.881]]]}}, {"type": "Feature", "properties": {"domain_id": "1803142008", "name": "KARYA SAKTI"}, "geometry": {"type": "Polygon", "coordinates": [[[105.035, -4.668], [105.016, -4.651], [105.003, -4.652], [105.002, -4.687], [105.017, -4.69], [105.035, -4.668]]]}}, {"type": "Feature", "properties": {"domain_id": "1803152001", "name": "NEGERI UJUNG KARANG"}, "geometry": {"type": "Polygon", "coordinates": [[[104.987, -4.57], [104.966, -4.565], [104.945, -4.569], [104.944, -4.588], [104.957, -4.605], [104.946, -4.611], [104.95, -4.626], [104.965, -4.611], [104.99, -4.606], [104.999, -4.611], [104.988, -4.589], [104.994, -4.585], [104.989, -4.585], [104.994, -4.582], [104.988, -4.583], [104.987, -4.57]]]}}, {"type": "Feature", "properties": {"domain_id": "1803182005", "name": "PAMPANG TANGGUK JAYA"}, "geometry": {"type": "Polygon", "coordinates": [[[104.654, -4.704], [104.624, -4.733], [104.624, -4.742], [104.635, -4.742], [104.637, -4.752], [104.65, -4.736], [104.67, -4.731], [104.654, -4.715], [104.654, -4.704]]]}}, {"type": "Feature", "properties": {"domain_id": "1804081005", "name": "SEKINCAU"}, "geometry": {"type": "Polygon", "coordinates": [[[104.323, -5.027], [104.309, -5.04], [104.285, -5.046], [104.3, -5.072], [104.317, -5.062], [104.323, -5.027]]]}}, {"type": "Feature", "properties": {"domain_id": "1808052001", "name": "TULANG BAWANG"}, "geometry": {"type": "Polygon", "coordinates": [[[104.654, -4.336], [104.625, -4.335], [104.625, -4.359], [104.64, -4.352], [104.647, -4.355], [104.654, -4.336]]]}}, {"type": "Feature", "properties": {"domain_id": "1808102002", "name": "GUNUNG BARU"}, "geometry": {"type": "Polygon", "coordinates": [[[104.6, -4.792], [104.589, -4.787], [104.578, -4.79], [104.577, -4.797], [104.571, -4.794], [104.571, -4.806], [104.582, -4.8], [104.598, -4.808], [104.603, -4.803], [104.6, -4.792]]]}}, {"type": "Feature", "properties": {"domain_id": "1872021002", "name": "PURWOSARI"}, "geometry": {"type": "Polygon", "coordinates": [[[105.312, -5.084], [105.299, -5.074], [105.284, -5.094], [105.309, -5.09], [105.312, -5.084]]]}}, {"type": "Feature", "properties": {"domain_id": "1802082013", "name": "RAMA KLANDUNGAN"}, "geometry": {"type": "Polygon", "coordinates": [[[105.36, -4.845], [105.339, -4.861], [105.344, -4.875], [105.338, -4.891], [105.343, -4.898], [105.362, -4.878], [105.36, -4.845]]]}}, {"type": "Feature", "properties": {"domain_id": "1811072007", "name": "HARAPAN MUKTI"}, "geometry": {"type": "Polygon", "coordinates": [[[105.396, -3.89], [105.378, -3.889], [105.353, -3.915], [105.363, -3.926], [105.371, -3.92], [105.377, -3.93], [105.392, -3.923], [105.402, -3.908], [105.402, -3.903], [105.391, -3.9], [105.396, -3.89]]]}}, {"type": "Feature", "properties": {"domain_id": "1872041005", "name": "TEJO AGUNG"}, "geometry": {"type": "Polygon", "coordinates": [[[105.325, -5.127], [105.313, -5.131], [105.315, -5.14], [105.323, -5.14], [105.325, -5.127]]]}}, {"type": "Feature", "properties": {"domain_id": "1811012009", "name": "MULYA SARI"}, "geometry": {"type": "Polygon", "coordinates": [[[105.566, -3.931], [105.562, -3.926], [105.573, -3.901], [105.563, -3.895], [105.527, -3.921], [105.544, -3.946], [105.566, -3.931]]]}}, {"type": "Feature", "properties": {"domain_id": "1806112010", "name": "TANJUNG KEMALA"}, "geometry": {"type": "Polygon", "coordinates": [[[104.887, -5.391], [104.872, -5.381], [104.856, -5.394], [104.848, -5.413], [104.846, -5.408], [104.839, -5.432], [104.856, -5.432], [104.865, -5.405], [104.877, -5.403], [104.887, -5.391]]]}}, {"type": "Feature", "properties": {"domain_id": "1811012010", "name": "WIRALAGA MULYA"}, "geometry": {"type": "Polygon", "coordinates": [[[105.434, -3.876], [105.438, -3.872], [105.431, -3.864], [105.43, -3.873], [105.406, -3.862], [105.404, -3.878], [105.425, -3.886], [105.434, -3.876]]]}}, {"type": "Feature", "properties": {"domain_id": "1806132006", "name": "MARGODADI"}, "geometry": {"type": "Polygon", "coordinates": [[[104.701, -5.376], [104.698, -5.361], [104.681, -5.368], [104.691, -5.377], [104.701, -5.376]]]}}, {"type": "Feature", "properties": {"domain_id": "1805062001", "name": "AJI JAYA KNPI"}, "geometry": {"type": "Polygon", "coordinates": [[[105.373, -4.279], [105.338, -4.276], [105.345, -4.3], [105.343, -4.324], [105.36, -4.316], [105.36, -4.3], [105.378, -4.304], [105.373, -4.279]]]}}, {"type": "Feature", "properties": {"domain_id": "1806262002", "name": "AIR KUBANG"}, "geometry": {"type": "Polygon", "coordinates": [[[104.729, -5.276], [104.742, -5.258], [104.731, -5.235], [104.704, -5.254], [104.706, -5.262], [104.729, -5.276]]]}}, {"type": "Feature", "properties": {"domain_id": "1805062002", "name": "KECUBUNG JAYA"}, "geometry": {"type": "Polygon", "coordinates": [[[105.406, -4.278], [105.399, -4.278], [105.396, -4.291], [105.378, -4.291], [105.382, -4.31], [105.408, -4.303], [105.406, -4.278]]]}}, {"type": "Feature", "properties": {"domain_id": "1811022001", "name": "TALANG BATU"}, "geometry": {"type": "Polygon", "coordinates": [[[105.379, -4.011], [105.361, -3.997], [105.361, -4.013], [105.341, -4.012], [105.33, -4.004], [105.248, -4.027], [105.214, -4.022], [105.191, -4.011], [105.166, -4.012], [105.165, -4.024], [105.2, -4.024], [105.194, -4.105], [105.143, -4.136], [105.143, -4.153], [105.155, -4.146], [105.166, -4.15], [105.174, -4.192], [105.212, -4.176], [105.232, -4.191], [105.25, -4.189], [105.276, -4.185], [105.312, -4.157], [105.367, -4.159], [105.366, -4.13], [105.388, -4.131], [105.39, -4.141], [105.401, -4.138], [105.4, -4.12], [105.414, -4.119], [105.425, -4.122], [105.423, -4.162], [105.459, -4.166], [105.467, -4.162], [105.467, -4.135], [105.478, -4.135], [105.477, -4.082], [105.483, -4.075], [105.483, -4.06], [105.457, -4.046], [105.455, -4.033], [105.443, -4.042], [105.411, -4.027], [105.404, -4.001], [105.39, -4.021], [105.379, -4.011]]]}}, {"type": "Feature", "properties": {"domain_id": "1811012011", "name": "SUKA MAJU"}, "geometry": {"type": "Polygon", "coordinates": [[[105.563, -3.895], [105.544, -3.881], [105.527, -3.901], [105.511, -3.908], [105.509, -3.923], [105.521, -3.924], [105.523, -3.916], [105.527, -3.921], [105.563, -3.895]]]}}, {"type": "Feature", "properties": {"domain_id": "1805062015", "name": "GEDUNG AJI"}, "geometry": {"type": "Polygon", "coordinates": [[[105.37, -4.326], [105.361, -4.315], [105.346, -4.324], [105.346, -4.332], [105.37, -4.326]]]}}, {"type": "Feature", "properties": {"domain_id": "1805062022", "name": "PENAWAR BARU"}, "geometry": {"type": "Polygon", "coordinates": [[[105.337, -4.352], [105.354, -4.349], [105.355, -4.329], [105.324, -4.334], [105.324, -4.346], [105.337, -4.352]]]}}, {"type": "Feature", "properties": {"domain_id": "1805062026", "name": "BANDAR AJI JAYA"}, "geometry": {"type": "Polygon", "coordinates": [[[105.556, -4.215], [105.539, -4.222], [105.547, -4.234], [105.537, -4.242], [105.537, -4.25], [105.594, -4.245], [105.595, -4.228], [105.567, -4.223], [105.556, -4.215]]]}}, {"type": "Feature", "properties": {"domain_id": "1811072011", "name": "WIRA JAYA"}, "geometry": {"type": "Polygon", "coordinates": [[[105.43, -3.94], [105.423, -3.934], [105.406, -3.944], [105.421, -3.968], [105.425, -3.96], [105.432, -3.971], [105.439, -3.968], [105.448, -3.977], [105.455, -3.97], [105.43, -3.94]]]}}, {"type": "Feature", "properties": {"domain_id": "1801102021", "name": "PULAU JAYA"}, "geometry": {"type": "Polygon", "coordinates": [[[105.66, -5.554], [105.642, -5.554], [105.634, -5.561], [105.677, -5.574], [105.66, -5.554]]]}}, {"type": "Feature", "properties": {"domain_id": "1807112011", "name": "SURYA MATARAM"}, "geometry": {"type": "Polygon", "coordinates": [[[105.577, -5.178], [105.562, -5.177], [105.549, -5.195], [105.554, -5.209], [105.549, -5.218], [105.563, -5.222], [105.557, -5.234], [105.582, -5.214], [105.576, -5.207], [105.583, -5.202], [105.577, -5.178]]]}}, {"type": "Feature", "properties": {"domain_id": "1807112012", "name": "GEDUNGWANI TIMUR"}, "geometry": {"type": "Polygon", "coordinates": [[[105.548, -5.216], [105.538, -5.214], [105.534, -5.228], [105.557, -5.234], [105.562, -5.22], [105.548, -5.216]]]}}, {"type": "Feature", "properties": {"domain_id": "1811072014", "name": "BERASAN MAKMUR"}, "geometry": {"type": "Polygon", "coordinates": [[[105.32, -3.973], [105.31, -3.973], [105.314, -4.009], [105.33, -4.004], [105.34, -4.011], [105.346, -4.0], [105.32, -3.973]]]}}, {"type": "Feature", "properties": {"domain_id": "1813062003", "name": "BANDAR DALAM"}, "geometry": {"type": "Polygon", "coordinates": [[[103.851, -5.123], [103.849, -5.12], [103.848, -5.126], [103.851, -5.123]]]}}, {"type": "Feature", "properties": {"domain_id": "1813062004", "name": "PEKON LOK"}, "geometry": {"type": "Polygon", "coordinates": [[[103.849, -5.12], [103.846, -5.126], [103.848, -5.126], [103.849, -5.12]]]}}, {"type": "Feature", "properties": {"domain_id": "1813062006", "name": "SUKAMARGA"}, "geometry": {"type": "Polygon", "coordinates": [[[103.846, -5.126], [103.848, -5.12], [103.839, -5.123], [103.846, -5.126]]]}}, {"type": "Feature", "properties": {"domain_id": "1811072015", "name": "MEKAR JAYA"}, "geometry": {"type": "Polygon", "coordinates": [[[105.321, -3.926], [105.319, -3.906], [105.307, -3.908], [105.307, -3.94], [105.301, -3.953], [105.316, -3.948], [105.326, -3.953], [105.333, -3.942], [105.321, -3.926]]]}}, {"type": "Feature", "properties": {"domain_id": "1811072016", "name": "GEDUNG MULYA"}, "geometry": {"type": "Polygon", "coordinates": [[[105.381, -3.944], [105.363, -3.926], [105.35, -3.946], [105.376, -3.97], [105.394, -3.952], [105.381, -3.944]]]}}, {"type": "Feature", "properties": {"domain_id": "1812012011", "name": "CANDRA KENCANA"}, "geometry": {"type": "Polygon", "coordinates": [[[105.148, -4.585], [105.147, -4.581], [105.119, -4.586], [105.132, -4.629], [105.144, -4.614], [105.137, -4.6], [105.149, -4.594], [105.148, -4.585]]]}}, {"type": "Feature", "properties": {"domain_id": "1808062007", "name": "NEGARA SAKTI"}, "geometry": {"type": "Polygon", "coordinates": [[[104.818, -4.299], [104.792, -4.29], [104.791, -4.351], [104.797, -4.364], [104.82, -4.373], [104.819, -4.359], [104.834, -4.351], [104.84, -4.34], [104.836, -4.326], [104.818, -4.32], [104.818, -4.299]]]}}, {"type": "Feature", "properties": {"domain_id": "1808062008", "name": "SUKA BUMI"}, "geometry": {"type": "Polygon", "coordinates": [[[104.708, -4.458], [104.695, -4.457], [104.674, -4.479], [104.671, -4.503], [104.706, -4.492], [104.708, -4.458]]]}}, {"type": "Feature", "properties": {"domain_id": "1808062009", "name": "TANJUNG AGUNG"}, "geometry": {"type": "Polygon", "coordinates": [[[104.732, -4.445], [104.718, -4.432], [104.709, -4.411], [104.701, -4.421], [104.679, -4.425], [104.678, -4.456], [104.684, -4.469], [104.695, -4.457], [104.708, -4.458], [104.707, -4.449], [104.732, -4.45], [104.732, -4.445]]]}}, {"type": "Feature", "properties": {"domain_id": "1801042010", "name": "CANDI MAS"}, "geometry": {"type": "Polygon", "coordinates": [[[105.214, -5.269], [105.192, -5.251], [105.171, -5.257], [105.173, -5.273], [105.185, -5.283], [105.214, -5.269]]]}}, {"type": "Feature", "properties": {"domain_id": "1801042009", "name": "BUMI SARI"}, "geometry": {"type": "Polygon", "coordinates": [[[105.185, -5.294], [105.199, -5.293], [105.201, -5.275], [105.188, -5.283], [105.177, -5.28], [105.185, -5.294]]]}}, {"type": "Feature", "properties": {"domain_id": "1801042004", "name": "NATAR"}, "geometry": {"type": "Polygon", "coordinates": [[[105.229, -5.316], [105.194, -5.316], [105.187, -5.339], [105.168, -5.343], [105.168, -5.348], [105.202, -5.349], [105.2, -5.337], [105.235, -5.321], [105.236, -5.316], [105.229, -5.316]]]}}, {"type": "Feature", "properties": {"domain_id": "1801042005", "name": "MUARA PUTIH"}, "geometry": {"type": "MultiPolygon", "coordinates": [[[[105.244, -5.25], [105.215, -5.269], [105.23, -5.29], [105.25, -5.282], [105.254, -5.264], [105.244, -5.25]]], [[[105.198, -5.311], [105.193, -5.314], [105.2, -5.314], [105.198, -5.311]]], [[[105.24, -5.306], [105.229, -5.316], [105.254, -5.321], [105.261, -5.31], [105.24, -5.306]]]]}}, {"type": "Feature", "properties": {"domain_id": "1801042015", "name": "RULUNG HELOK"}, "geometry": {"type": "Polygon", "coordinates": [[[105.246, -5.183], [105.218, -5.179], [105.213, -5.189], [105.199, -5.19], [105.195, -5.2], [105.177, -5.198], [105.178, -5.207], [105.194, -5.215], [105.197, -5.203], [105.207, -5.202], [105.225, -5.21], [105.228, -5.203], [105.242, -5.2], [105.237, -5.193], [105.246, -5.183]]]}}, {"type": "Feature", "properties": {"domain_id": "1801042018", "name": "PURWOSARI"}, "geometry": {"type": "Polygon", "coordinates": [[[105.279, -5.2], [105.254, -5.208], [105.249, -5.233], [105.26, -5.237], [105.273, -5.217], [105.289, -5.214], [105.288, -5.202], [105.279, -5.2]]]}}, {"type": "Feature", "properties": {"domain_id": "1806032004", "name": "BANYU URIP"}, "geometry": {"type": "Polygon", "coordinates": [[[104.542, -5.486], [104.536, -5.481], [104.531, -5.489], [104.545, -5.496], [104.542, -5.486]]]}}, {"type": "Feature", "properties": {"domain_id": "1801042021", "name": "RULUNG RAYA"}, "geometry": {"type": "Polygon", "coordinates": [[[105.254, -5.208], [105.242, -5.199], [105.228, -5.203], [105.22, -5.216], [105.232, -5.23], [105.236, -5.253], [105.243, -5.25], [105.249, -5.258], [105.255, -5.249], [105.27, -5.245], [105.249, -5.233], [105.254, -5.208]]]}}, {"type": "Feature", "properties": {"domain_id": "1801042023", "name": "WAI SARI"}, "geometry": {"type": "Polygon", "coordinates": [[[105.23, -5.255], [105.22, -5.254], [105.21, -5.243], [105.192, -5.25], [105.202, -5.264], [105.213, -5.264], [105.214, -5.269], [105.23, -5.255]]]}}, {"type": "Feature", "properties": {"domain_id": "1801042025", "name": "RULUNG SARI"}, "geometry": {"type": "Polygon", "coordinates": [[[105.223, -5.21], [105.213, -5.209], [105.209, -5.241], [105.22, -5.254], [105.235, -5.255], [105.236, -5.241], [105.22, -5.218], [105.223, -5.21]]]}}, {"type": "Feature", "properties": {"domain_id": "1801042026", "name": "RULUNG MULYA"}, "geometry": {"type": "Polygon", "coordinates": [[[105.282, -5.176], [105.249, -5.18], [105.237, -5.193], [105.255, -5.209], [105.276, -5.202], [105.283, -5.191], [105.282, -5.176]]]}}, {"type": "Feature", "properties": {"domain_id": "1801062011", "name": "PEMATANG"}, "geometry": {"type": "Polygon", "coordinates": [[[105.617, -5.727], [105.609, -5.732], [105.614, -5.755], [105.62, -5.765], [105.629, -5.767], [105.617, -5.727]]]}}, {"type": "Feature", "properties": {"domain_id": "1801061008", "name": "WAY URANG"}, "geometry": {"type": "Polygon", "coordinates": [[[105.587, -5.692], [105.559, -5.684], [105.555, -5.697], [105.589, -5.733], [105.598, -5.734], [105.588, -5.715], [105.587, -5.692]]]}}, {"type": "Feature", "properties": {"domain_id": "1801061007", "name": "KALIANDA"}, "geometry": {"type": "Polygon", "coordinates": [[[105.595, -5.734], [105.589, -5.733], [105.586, -5.747], [105.593, -5.748], [105.591, -5.741], [105.599, -5.737], [105.595, -5.734]]]}}, {"type": "Feature", "properties": {"domain_id": "1801052022", "name": "REJOMULYO"}, "geometry": {"type": "Polygon", "coordinates": [[[105.413, -5.366], [105.406, -5.365], [105.37, -5.394], [105.419, -5.396], [105.413, -5.366]]]}}, {"type": "Feature", "properties": {"domain_id": "1806032018", "name": "KALISARI"}, "geometry": {"type": "Polygon", "coordinates": [[[104.52, -5.486], [104.515, -5.482], [104.507, -5.492], [104.515, -5.499], [104.52, -5.486]]]}}, {"type": "Feature", "properties": {"domain_id": "1801062013", "name": "BABULANG"}, "geometry": {"type": "Polygon", "coordinates": [[[105.626, -5.734], [105.622, -5.731], [105.633, -5.749], [105.632, -5.761], [105.644, -5.749], [105.626, -5.734]]]}}, {"type": "Feature", "properties": {"domain_id": "1801062004", "name": "SUMUR KUMBANG"}, "geometry": {"type": "Polygon", "coordinates": [[[105.612, -5.749], [105.607, -5.747], [105.602, -5.755], [105.62, -5.765], [105.612, -5.749]]]}}, {"type": "Feature", "properties": {"domain_id": "1806032019", "name": "BANJAR NEGORO"}, "geometry": {"type": "Polygon", "coordinates": [[[104.51, -5.478], [104.5, -5.483], [104.507, -5.492], [104.515, -5.482], [104.51, -5.478]]]}}, {"type": "Feature", "properties": {"domain_id": "1801062017", "name": "CANGGU"}, "geometry": {"type": "Polygon", "coordinates": [[[105.613, -5.727], [105.623, -5.673], [105.608, -5.677], [105.603, -5.696], [105.605, -5.729], [105.612, -5.732], [105.613, -5.727]]]}}, {"type": "Feature", "properties": {"domain_id": "1801062021", "name": "MUNJUK SAMPURNA"}, "geometry": {"type": "Polygon", "coordinates": [[[105.559, -5.615], [105.544, -5.609], [105.519, -5.635], [105.535, -5.645], [105.559, -5.615]]]}}, {"type": "Feature", "properties": {"domain_id": "1801062019", "name": "MERAK BELATUNG"}, "geometry": {"type": "MultiPolygon", "coordinates": [[[[105.524, -5.648], [105.513, -5.65], [105.504, -5.669], [105.524, -5.695], [105.53, -5.693], [105.535, -5.671], [105.544, -5.667], [105.549, -5.675], [105.555, -5.668], [105.562, -5.673], [105.574, -5.666], [105.567, -5.647], [105.546, -5.666], [105.536, -5.662], [105.533, -5.65], [105.524, -5.648]]]]}}, {"type": "Feature", "properties": {"domain_id": "1801062020", "name": "BULOK"}, "geometry": {"type": "Polygon", "coordinates": [[[105.522, -5.632], [105.512, -5.63], [105.494, -5.642], [105.498, -5.646], [105.487, -5.658], [105.487, -5.666], [105.504, -5.67], [105.514, -5.649], [105.529, -5.649], [105.531, -5.642], [105.519, -5.635], [105.522, -5.632]]]}}, {"type": "Feature", "properties": {"domain_id": "1801062024", "name": "SUKATANI"}, "geometry": {"type": "Polygon", "coordinates": [[[105.603, -5.639], [105.582, -5.663], [105.608, -5.678], [105.621, -5.674], [105.626, -5.652], [105.603, -5.639]]]}}, {"type": "Feature", "properties": {"domain_id": "1808062010", "name": "TANJUNG SERUPA"}, "geometry": {"type": "Polygon", "coordinates": [[[104.732, -4.45], [104.706, -4.451], [104.706, -4.492], [104.713, -4.501], [104.75, -4.506], [104.752, -4.46], [104.741, -4.459], [104.732, -4.45]]]}}, {"type": "Feature", "properties": {"domain_id": "1801072001", "name": "BANDAR DALAM"}, "geometry": {"type": "Polygon", "coordinates": [[[105.49, -5.551], [105.476, -5.538], [105.472, -5.545], [105.446, -5.555], [105.444, -5.562], [105.433, -5.567], [105.436, -5.583], [105.427, -5.605], [105.437, -5.608], [105.433, -5.601], [105.45, -5.581], [105.443, -5.575], [105.448, -5.565], [105.49, -5.551]]]}}, {"type": "Feature", "properties": {"domain_id": "1801072007", "name": "SIRING JAHA"}, "geometry": {"type": "Polygon", "coordinates": [[[105.478, -5.62], [105.475, -5.615], [105.464, -5.62], [105.481, -5.653], [105.467, -5.658], [105.485, -5.662], [105.498, -5.645], [105.491, -5.64], [105.492, -5.624], [105.481, -5.627], [105.478, -5.62]]]}}, {"type": "Feature", "properties": {"domain_id": "1801072010", "name": "SUKAMARGA"}, "geometry": {"type": "Polygon", "coordinates": [[[105.54, -5.612], [105.534, -5.604], [105.517, -5.629], [105.524, -5.632], [105.54, -5.612]]]}}, {"type": "Feature", "properties": {"domain_id": "1801072008", "name": "SUAK"}, "geometry": {"type": "Polygon", "coordinates": [[[105.437, -5.608], [105.427, -5.606], [105.447, -5.625], [105.448, -5.642], [105.481, -5.653], [105.477, -5.64], [105.463, -5.627], [105.465, -5.614], [105.437, -5.608]]]}}, {"type": "Feature", "properties": {"domain_id": "1801072013", "name": "SIDOREJO"}, "geometry": {"type": "Polygon", "coordinates": [[[105.541, -5.589], [105.541, -5.584], [105.527, -5.586], [105.514, -5.57], [105.515, -5.584], [105.535, -5.593], [105.541, -5.589]]]}}, {"type": "Feature", "properties": {"domain_id": "1801082001", "name": "TARAHAN"}, "geometry": {"type": "MultiPolygon", "coordinates": [[[[105.391, -5.538], [105.367, -5.545], [105.365, -5.558], [105.406, -5.616], [105.403, -5.597], [105.388, -5.577], [105.399, -5.558], [105.396, -5.541], [105.391, -5.538]], [[105.344, -5.56], [105.343, -5.555], [105.345, -5.567], [105.344, -5.56]]], [[[105.35, -5.553], [105.347, -5.554], [105.351, -5.558], [105.35, -5.553]]]]}}, {"type": "Feature", "properties": {"domain_id": "1801082020", "name": "SIDOMEKAR"}, "geometry": {"type": "Polygon", "coordinates": [[[105.427, -5.56], [105.415, -5.554], [105.393, -5.569], [105.388, -5.577], [105.393, -5.586], [105.409, -5.577], [105.436, -5.578], [105.436, -5.564], [105.427, -5.56]]]}}, {"type": "Feature", "properties": {"domain_id": "1801092001", "name": "KEKILING"}, "geometry": {"type": "Polygon", "coordinates": [[[105.668, -5.71], [105.659, -5.707], [105.646, -5.713], [105.644, -5.737], [105.659, -5.719], [105.666, -5.72], [105.668, -5.71]]]}}, {"type": "Feature", "properties": {"domain_id": "1801082018", "name": "KARYA TUNGGAL"}, "geometry": {"type": "Polygon", "coordinates": [[[105.436, -5.578], [105.409, -5.577], [105.393, -5.586], [105.403, -5.597], [105.408, -5.622], [105.439, -5.637], [105.447, -5.625], [105.427, -5.604], [105.436, -5.578]]]}}, {"type": "Feature", "properties": {"domain_id": "1805222004", "name": "DUTO YOSO MULYO"}, "geometry": {"type": "Polygon", "coordinates": [[[105.624, -4.343], [105.623, -4.33], [105.612, -4.331], [105.61, -4.312], [105.604, -4.318], [105.583, -4.319], [105.589, -4.373], [105.601, -4.355], [105.617, -4.362], [105.624, -4.343]]]}}, {"type": "Feature", "properties": {"domain_id": "1801092006", "name": "TAMAN BARU"}, "geometry": {"type": "Polygon", "coordinates": [[[105.669, -5.733], [105.65, -5.742], [105.655, -5.747], [105.669, -5.733]]]}}, {"type": "Feature", "properties": {"domain_id": "1801092009", "name": "PASURUAN"}, "geometry": {"type": "Polygon", "coordinates": [[[105.686, -5.731], [105.677, -5.737], [105.675, -5.752], [105.691, -5.749], [105.686, -5.731]]]}}, {"type": "Feature", "properties": {"domain_id": "1805222005", "name": "ANDALAS CERMIN"}, "geometry": {"type": "Polygon", "coordinates": [[[105.589, -4.373], [105.583, -4.319], [105.542, -4.323], [105.55, -4.394], [105.565, -4.375], [105.576, -4.384], [105.589, -4.373]]]}}, {"type": "Feature", "properties": {"domain_id": "1806132003", "name": "SUMBER REJO"}, "geometry": {"type": "Polygon", "coordinates": [[[104.729, -5.35], [104.724, -5.342], [104.71, -5.346], [104.71, -5.353], [104.729, -5.35]]]}}, {"type": "Feature", "properties": {"domain_id": "1801102017", "name": "MEKAR MULYA"}, "geometry": {"type": "Polygon", "coordinates": [[[105.69, -5.58], [105.677, -5.574], [105.674, -5.605], [105.66, -5.619], [105.676, -5.63], [105.683, -5.631], [105.683, -5.623], [105.691, -5.62], [105.684, -5.617], [105.69, -5.58]]]}}, {"type": "Feature", "properties": {"domain_id": "1801092015", "name": "GAYAM"}, "geometry": {"type": "Polygon", "coordinates": [[[105.703, -5.767], [105.705, -5.752], [105.699, -5.75], [105.694, -5.772], [105.703, -5.767]], [[105.701, -5.767], [105.701, -5.766], [105.702, -5.765], [105.701, -5.767]]]}}, {"type": "Feature", "properties": {"domain_id": "1801092016", "name": "PENENGAHAN"}, "geometry": {"type": "Polygon", "coordinates": [[[105.722, -5.77], [105.704, -5.767], [105.704, -5.773], [105.7, -5.775], [105.7, -5.769], [105.692, -5.774], [105.726, -5.783], [105.735, -5.776], [105.722, -5.77]]]}}, {"type": "Feature", "properties": {"domain_id": "1801092018", "name": "TETAAN"}, "geometry": {"type": "Polygon", "coordinates": [[[105.719, -5.736], [105.708, -5.734], [105.699, -5.743], [105.705, -5.752], [105.703, -5.767], [105.722, -5.77], [105.719, -5.736]]]}}, {"type": "Feature", "properties": {"domain_id": "1801102001", "name": "SUKARAJA"}, "geometry": {"type": "Polygon", "coordinates": [[[105.691, -5.661], [105.688, -5.637], [105.675, -5.679], [105.656, -5.684], [105.656, -5.695], [105.668, -5.71], [105.672, -5.697], [105.677, -5.698], [105.689, -5.678], [105.691, -5.661]]]}}, {"type": "Feature", "properties": {"domain_id": "1801102004", "name": "TANJUNG SARI"}, "geometry": {"type": "Polygon", "coordinates": [[[105.669, -5.656], [105.647, -5.654], [105.66, -5.684], [105.67, -5.679], [105.669, -5.656]]]}}, {"type": "Feature", "properties": {"domain_id": "1801102008", "name": "PALAS PASEMAH"}, "geometry": {"type": "Polygon", "coordinates": [[[105.711, -5.621], [105.702, -5.616], [105.691, -5.619], [105.683, -5.623], [105.681, -5.632], [105.69, -5.629], [105.7, -5.638], [105.711, -5.621]]]}}, {"type": "Feature", "properties": {"domain_id": "1801102019", "name": "KALIREJO"}, "geometry": {"type": "Polygon", "coordinates": [[[105.66, -5.619], [105.65, -5.607], [105.64, -5.62], [105.638, -5.629], [105.646, -5.642], [105.662, -5.641], [105.66, -5.619]]]}}, {"type": "Feature", "properties": {"domain_id": "1801102012", "name": "BALI AGUNG"}, "geometry": {"type": "Polygon", "coordinates": [[[105.677, -5.574], [105.662, -5.572], [105.648, -5.588], [105.648, -5.607], [105.66, -5.619], [105.674, -5.605], [105.677, -5.574]]]}}, {"type": "Feature", "properties": {"domain_id": "1801102015", "name": "BUMI RESTU"}, "geometry": {"type": "Polygon", "coordinates": [[[105.662, -5.572], [105.642, -5.566], [105.635, -5.586], [105.646, -5.599], [105.652, -5.579], [105.662, -5.572]]]}}, {"type": "Feature", "properties": {"domain_id": "1871171004", "name": "GUNUNGSARI"}, "geometry": {"type": "Polygon", "coordinates": [[[105.261, -5.407], [105.257, -5.411], [105.26, -5.412], [105.261, -5.407]]]}}, {"type": "Feature", "properties": {"domain_id": "1801132010", "name": "KARANG ANYAR"}, "geometry": {"type": "Polygon", "coordinates": [[[105.308, -5.294], [105.295, -5.288], [105.282, -5.29], [105.283, -5.258], [105.263, -5.26], [105.273, -5.272], [105.263, -5.299], [105.272, -5.319], [105.299, -5.321], [105.301, -5.313], [105.292, -5.313], [105.292, -5.303], [105.308, -5.294]]]}}, {"type": "Feature", "properties": {"domain_id": "1801142012", "name": "BERUNDUNG"}, "geometry": {"type": "MultiPolygon", "coordinates": [[[[105.802, -5.627], [105.801, -5.632], [105.781, -5.636], [105.789, -5.685], [105.8, -5.687], [105.809, -5.685], [105.814, -5.632], [105.802, -5.627]]], [[[105.839, -5.688], [105.839, -5.686], [105.838, -5.687], [105.839, -5.688]]], [[[105.837, -5.678], [105.836, -5.68], [105.838, -5.684], [105.837, -5.678]]]]}}, {"type": "Feature", "properties": {"domain_id": "1801142011", "name": "PEMATANG PASIR"}, "geometry": {"type": "Polygon", "coordinates": [[[105.783, -5.664], [105.777, -5.665], [105.777, -5.675], [105.784, -5.694], [105.803, -5.698], [105.81, -5.68], [105.808, -5.686], [105.789, -5.685], [105.783, -5.664]]]}}, {"type": "Feature", "properties": {"domain_id": "1801142009", "name": "SUMBER NADI"}, "geometry": {"type": "Polygon", "coordinates": [[[105.784, -5.694], [105.789, -5.699], [105.775, -5.707], [105.772, -5.723], [105.78, -5.717], [105.792, -5.724], [105.802, -5.698], [105.784, -5.694]]]}}, {"type": "Feature", "properties": {"domain_id": "1801142008", "name": "SUMUR"}, "geometry": {"type": "MultiPolygon", "coordinates": [[[[105.769, -5.816], [105.745, -5.822], [105.761, -5.857], [105.778, -5.837], [105.777, -5.826], [105.783, -5.822], [105.769, -5.816]]], [[[105.767, -5.853], [105.768, -5.852], [105.767, -5.852], [105.767, -5.853]]], [[[105.787, -5.846], [105.774, -5.859], [105.78, -5.867], [105.787, -5.868], [105.792, -5.851], [105.787, -5.846]]], [[[105.777, -5.845], [105.775, -5.846], [105.777, -5.846], [105.777, -5.845]]], [[[105.794, -5.845], [105.793, -5.846], [105.795, -5.846], [105.794, -5.845]]]]}}, {"type": "Feature", "properties": {"domain_id": "1801132020", "name": "KARANG REJO"}, "geometry": {"type": "Polygon", "coordinates": [[[105.397, -5.212], [105.38, -5.208], [105.373, -5.21], [105.376, -5.218], [105.361, -5.22], [105.357, -5.231], [105.345, -5.233], [105.341, -5.249], [105.331, -5.247], [105.33, -5.274], [105.345, -5.279], [105.365, -5.26], [105.38, -5.263], [105.385, -5.246], [105.398, -5.243], [105.395, -5.228], [105.418, -5.228], [105.419, -5.218], [105.397, -5.212]]]}}, {"type": "Feature", "properties": {"domain_id": "1801162001", "name": "BANDING"}, "geometry": {"type": "Polygon", "coordinates": [[[105.595, -5.816], [105.614, -5.805], [105.628, -5.781], [105.611, -5.797], [105.585, -5.806], [105.595, -5.816]]]}}, {"type": "Feature", "properties": {"domain_id": "1801152010", "name": "MARGASARI"}, "geometry": {"type": "Polygon", "coordinates": [[[105.706, -5.651], [105.713, -5.631], [105.707, -5.628], [105.699, -5.643], [105.706, -5.651]]]}}, {"type": "Feature", "properties": {"domain_id": "1801142004", "name": "KETAPANG"}, "geometry": {"type": "MultiPolygon", "coordinates": [[[[105.786, -5.724], [105.784, -5.736], [105.746, -5.756], [105.741, -5.771], [105.767, -5.751], [105.799, -5.749], [105.792, -5.724], [105.786, -5.724]]], [[[105.805, -5.751], [105.806, -5.753], [105.807, -5.753], [105.805, -5.751]]], [[[105.805, -5.742], [105.804, -5.743], [105.805, -5.744], [105.805, -5.742]]], [[[105.811, -5.739], [105.808, -5.742], [105.811, -5.742], [105.811, -5.739]]]]}}, {"type": "Feature", "properties": {"domain_id": "1801162009", "name": "KUNJIR"}, "geometry": {"type": "Polygon", "coordinates": [[[105.661, -5.831], [105.654, -5.802], [105.645, -5.799], [105.643, -5.836], [105.661, -5.837], [105.661, -5.831]]]}}, {"type": "Feature", "properties": {"domain_id": "1801142015", "name": "LEBUNG NALA"}, "geometry": {"type": "Polygon", "coordinates": [[[105.777, -5.685], [105.758, -5.694], [105.772, -5.698], [105.779, -5.692], [105.777, -5.685]]]}}, {"type": "Feature", "properties": {"domain_id": "1802122009", "name": "GAYA BARU I"}, "geometry": {"type": "MultiPolygon", "coordinates": [[[[105.639, -4.667], [105.624, -4.673], [105.625, -4.685], [105.65, -4.682], [105.65, -4.668], [105.639, -4.667]]], [[[105.654, -4.712], [105.64, -4.709], [105.642, -4.722], [105.653, -4.717], [105.655, -4.722], [105.654, -4.712]]]]}}, {"type": "Feature", "properties": {"domain_id": "1801172013", "name": "TITIWANGI"}, "geometry": {"type": "Polygon", "coordinates": [[[105.601, -5.517], [105.586, -5.52], [105.579, -5.528], [105.586, -5.54], [105.581, -5.553], [105.601, -5.548], [105.601, -5.517]]]}}, {"type": "Feature", "properties": {"domain_id": "1801152008", "name": "BANDAR AGUNG"}, "geometry": {"type": "Polygon", "coordinates": [[[105.814, -5.631], [105.826, -5.588], [105.826, -5.579], [105.818, -5.575], [105.801, -5.588], [105.798, -5.604], [105.789, -5.6], [105.793, -5.614], [105.785, -5.609], [105.785, -5.616], [105.778, -5.617], [105.772, -5.63], [105.808, -5.627], [105.807, -5.631], [105.814, -5.631]]]}}, {"type": "Feature", "properties": {"domain_id": "1801162003", "name": "BATU BALAK"}, "geometry": {"type": "Polygon", "coordinates": [[[105.671, -5.83], [105.661, -5.831], [105.661, -5.837], [105.681, -5.835], [105.671, -5.83]]]}}, {"type": "Feature", "properties": {"domain_id": "1801162004", "name": "CANTI"}, "geometry": {"type": "MultiPolygon", "coordinates": [[[[105.618, -5.791], [105.629, -5.774], [105.607, -5.792], [105.583, -5.792], [105.583, -5.803], [105.618, -5.791]]], [[[105.55, -5.819], [105.548, -5.819], [105.548, -5.82], [105.55, -5.819]]], [[[105.545, -5.816], [105.545, -5.815], [105.544, -5.817], [105.545, -5.816]]], [[[105.544, -5.814], [105.542, -5.814], [105.541, -5.816], [105.544, -5.814]]]]}}, {"type": "Feature", "properties": {"domain_id": "1801162011", "name": "RAJABASA"}, "geometry": {"type": "Polygon", "coordinates": [[[105.632, -5.781], [105.63, -5.776], [105.609, -5.811], [105.595, -5.816], [105.604, -5.828], [105.625, -5.804], [105.632, -5.781]]]}}, {"type": "Feature", "properties": {"domain_id": "1801162012", "name": "SUKARAJA"}, "geometry": {"type": "Polygon", "coordinates": [[[105.637, -5.787], [105.632, -5.781], [105.626, -5.802], [105.605, -5.831], [105.618, -5.835], [105.634, -5.813], [105.629, -5.807], [105.637, -5.787]]]}}, {"type": "Feature", "properties": {"domain_id": "1801162015", "name": "WAY MULI"}, "geometry": {"type": "Polygon", "coordinates": [[[105.646, -5.792], [105.639, -5.791], [105.631, -5.799], [105.634, -5.813], [105.618, -5.835], [105.637, -5.838], [105.634, -5.815], [105.64, -5.8], [105.65, -5.794], [105.646, -5.792]]]}}, {"type": "Feature", "properties": {"domain_id": "1801162013", "name": "TANJUNG GADING"}, "geometry": {"type": "Polygon", "coordinates": [[[105.618, -5.78], [105.581, -5.774], [105.6, -5.782], [105.618, -5.78]]]}}, {"type": "Feature", "properties": {"domain_id": "1801172002", "name": "SINAR PALEMBANG"}, "geometry": {"type": "Polygon", "coordinates": [[[105.559, -5.526], [105.534, -5.533], [105.53, -5.545], [105.549, -5.539], [105.559, -5.526]]]}}, {"type": "Feature", "properties": {"domain_id": "1804042005", "name": "SEBARUS"}, "geometry": {"type": "Polygon", "coordinates": [[[104.088, -4.996], [104.079, -5.005], [104.089, -5.027], [104.084, -5.042], [104.091, -5.044], [104.103, -5.04], [104.1, -5.015], [104.089, -5.011], [104.088, -4.996]]]}}, {"type": "Feature", "properties": {"domain_id": "1801172014", "name": "KARYA MULYA SARI"}, "geometry": {"type": "Polygon", "coordinates": [[[105.548, -5.503], [105.538, -5.508], [105.527, -5.5], [105.529, -5.532], [105.559, -5.526], [105.558, -5.508], [105.548, -5.503]]]}}, {"type": "Feature", "properties": {"domain_id": "1804042007", "name": "GUNUNG SUGIH"}, "geometry": {"type": "Polygon", "coordinates": [[[104.119, -5.032], [104.099, -5.024], [104.103, -5.04], [104.119, -5.032]]]}}, {"type": "Feature", "properties": {"domain_id": "1801182007", "name": "LEBUNG SARI"}, "geometry": {"type": "Polygon", "coordinates": [[[105.512, -5.442], [105.498, -5.435], [105.489, -5.454], [105.495, -5.464], [105.512, -5.442]]]}}, {"type": "Feature", "properties": {"domain_id": "1801182003", "name": "TANJUNG BARU"}, "geometry": {"type": "Polygon", "coordinates": [[[105.356, -5.441], [105.343, -5.432], [105.333, -5.44], [105.327, -5.451], [105.328, -5.469], [105.343, -5.458], [105.359, -5.462], [105.356, -5.441]]]}}, {"type": "Feature", "properties": {"domain_id": "1801212002", "name": "TOTO HARJO"}, "geometry": {"type": "MultiPolygon", "coordinates": [[[[105.693, -5.814], [105.671, -5.812], [105.682, -5.816], [105.685, -5.83], [105.677, -5.841], [105.686, -5.849], [105.704, -5.848], [105.708, -5.83], [105.693, -5.814]]], [[[105.693, -5.852], [105.694, -5.85], [105.693, -5.853], [105.693, -5.852]]], [[[105.682, -5.852], [105.684, -5.849], [105.682, -5.85], [105.682, -5.852]]]]}}, {"type": "Feature", "properties": {"domain_id": "1801182014", "name": "MEKAR JAYA"}, "geometry": {"type": "Polygon", "coordinates": [[[105.414, -5.503], [105.393, -5.49], [105.378, -5.489], [105.372, -5.493], [105.369, -5.513], [105.371, -5.519], [105.387, -5.513], [105.397, -5.525], [105.412, -5.514], [105.414, -5.503]]]}}, {"type": "Feature", "properties": {"domain_id": "1801212005", "name": "KELAWI"}, "geometry": {"type": "MultiPolygon", "coordinates": [[[[105.73, -5.825], [105.715, -5.828], [105.703, -5.848], [105.715, -5.859], [105.717, -5.897], [105.729, -5.873], [105.735, -5.873], [105.725, -5.836], [105.731, -5.832], [105.73, -5.825]]], [[[105.704, -5.889], [105.704, -5.888], [105.703, -5.888], [105.704, -5.889]]]]}}, {"type": "Feature", "properties": {"domain_id": "1803032017", "name": "SIDODADI"}, "geometry": {"type": "Polygon", "coordinates": [[[104.839, -4.639], [104.823, -4.633], [104.805, -4.66], [104.796, -4.662], [104.788, -4.68], [104.808, -4.69], [104.821, -4.687], [104.839, -4.639]]]}}, {"type": "Feature", "properties": {"domain_id": "1801212004", "name": "BAKAUHENI"}, "geometry": {"type": "MultiPolygon", "coordinates": [[[[105.731, -5.832], [105.725, -5.836], [105.735, -5.873], [105.729, -5.873], [105.717, -5.898], [105.717, -5.908], [105.729, -5.9], [105.737, -5.88], [105.752, -5.873], [105.762, -5.859], [105.731, -5.832]]], [[[105.739, -5.886], [105.737, -5.888], [105.739, -5.89], [105.739, -5.886]]], [[[105.787, -5.883], [105.775, -5.885], [105.788, -5.891], [105.787, -5.883]]], [[[105.765, -5.879], [105.749, -5.901], [105.757, -5.899], [105.76, -5.887], [105.767, -5.888], [105.765, -5.879]]], [[[105.771, -5.883], [105.773, -5.88], [105.77, -5.878], [105.771, -5.883]]], [[[105.773, -5.872], [105.772, -5.874], [105.773, -5.874], [105.773, -5.872]]], [[[105.77, -5.871], [105.767, -5.873], [105.77, -5.873], [105.77, -5.871]]], [[[105.76, -5.861], [105.76, -5.86], [105.759, -5.861], [105.76, -5.861]]]]}}, {"type": "Feature", "properties": {"domain_id": "1803032010", "name": "BANJAR KETAPANG"}, "geometry": {"type": "Polygon", "coordinates": [[[104.798, -4.702], [104.785, -4.708], [104.799, -4.712], [104.798, -4.702]]]}}, {"type": "Feature", "properties": {"domain_id": "1801222005", "name": "MULYOSARI"}, "geometry": {"type": "Polygon", "coordinates": [[[105.509, -5.317], [105.48, -5.32], [105.477, -5.33], [105.495, -5.334], [105.507, -5.346], [105.542, -5.34], [105.531, -5.339], [105.522, -5.325], [105.509, -5.317]]]}}, {"type": "Feature", "properties": {"domain_id": "1801232004", "name": "PAMULIHAN"}, "geometry": {"type": "Polygon", "coordinates": [[[105.552, -5.487], [105.544, -5.485], [105.533, -5.492], [105.528, -5.503], [105.546, -5.508], [105.552, -5.487]]]}}, {"type": "Feature", "properties": {"domain_id": "1801232007", "name": "BANJARSARI"}, "geometry": {"type": "Polygon", "coordinates": [[[105.568, -5.454], [105.551, -5.451], [105.55, -5.472], [105.556, -5.483], [105.552, -5.487], [105.574, -5.483], [105.568, -5.454]]]}}, {"type": "Feature", "properties": {"domain_id": "1802012003", "name": "KALIREJO"}, "geometry": {"type": "Polygon", "coordinates": [[[104.968, -5.223], [104.94, -5.221], [104.939, -5.24], [104.967, -5.243], [104.97, -5.232], [104.991, -5.225], [104.968, -5.223]]]}}, {"type": "Feature", "properties": {"domain_id": "1806132012", "name": "ARGOMULYO"}, "geometry": {"type": "Polygon", "coordinates": [[[104.71, -5.353], [104.71, -5.346], [104.695, -5.349], [104.71, -5.353]]]}}, {"type": "Feature", "properties": {"domain_id": "1802012012", "name": "SINAR SARI"}, "geometry": {"type": "Polygon", "coordinates": [[[105.008, -5.17], [104.991, -5.161], [104.987, -5.192], [105.008, -5.187], [105.008, -5.17]]]}}, {"type": "Feature", "properties": {"domain_id": "1802012013", "name": "PONCO WARNO"}, "geometry": {"type": "Polygon", "coordinates": [[[104.991, -5.161], [104.968, -5.161], [104.962, -5.188], [104.985, -5.191], [104.991, -5.161]]]}}, {"type": "Feature", "properties": {"domain_id": "1802012017", "name": "KALISARI"}, "geometry": {"type": "Polygon", "coordinates": [[[104.932, -5.202], [104.927, -5.202], [104.926, -5.21], [104.934, -5.211], [104.94, -5.221], [104.952, -5.214], [104.932, -5.202]]]}}, {"type": "Feature", "properties": {"domain_id": "1802022013", "name": "TANJUNG JAYA"}, "geometry": {"type": "Polygon", "coordinates": [[[105.072, -5.091], [105.067, -5.085], [105.065, -5.092], [105.052, -5.094], [105.063, -5.106], [105.06, -5.116], [105.077, -5.123], [105.089, -5.112], [105.071, -5.1], [105.072, -5.091]]]}}, {"type": "Feature", "properties": {"domain_id": "1802022007", "name": "SIDO MULYO"}, "geometry": {"type": "Polygon", "coordinates": [[[104.985, -5.127], [104.977, -5.128], [104.982, -5.143], [104.968, -5.143], [104.969, -5.148], [104.995, -5.15], [104.995, -5.138], [104.985, -5.127]]]}}, {"type": "Feature", "properties": {"domain_id": "1802022008", "name": "TIMBUL REJO"}, "geometry": {"type": "Polygon", "coordinates": [[[105.016, -5.099], [105.008, -5.097], [104.99, -5.109], [104.985, -5.127], [104.991, -5.13], [104.998, -5.118], [105.016, -5.119], [105.016, -5.099]]]}}, {"type": "Feature", "properties": {"domain_id": "1802022010", "name": "SINAR SEPUTIH"}, "geometry": {"type": "Polygon", "coordinates": [[[105.056, -5.143], [105.054, -5.127], [105.042, -5.122], [105.036, -5.137], [105.056, -5.143]]]}}, {"type": "Feature", "properties": {"domain_id": "1802022014", "name": "SRI PENDOWO"}, "geometry": {"type": "Polygon", "coordinates": [[[105.05, -5.086], [105.039, -5.09], [105.043, -5.099], [105.037, -5.121], [105.046, -5.122], [105.064, -5.107], [105.05, -5.086]]]}}, {"type": "Feature", "properties": {"domain_id": "1802022016", "name": "MEKAR JAYA"}, "geometry": {"type": "Polygon", "coordinates": [[[105.1, -5.087], [105.071, -5.09], [105.071, -5.1], [105.089, -5.112], [105.1, -5.087]]]}}, {"type": "Feature", "properties": {"domain_id": "1802032001", "name": "PURWOSARI"}, "geometry": {"type": "Polygon", "coordinates": [[[104.946, -5.151], [104.929, -5.125], [104.931, -5.142], [104.922, -5.157], [104.935, -5.169], [104.946, -5.151]]]}}, {"type": "Feature", "properties": {"domain_id": "1802032002", "name": "SENDANG AYU"}, "geometry": {"type": "Polygon", "coordinates": [[[104.951, -5.111], [104.939, -5.112], [104.929, -5.124], [104.946, -5.151], [104.982, -5.143], [104.977, -5.128], [104.968, -5.125], [104.969, -5.117], [104.951, -5.111]]]}}, {"type": "Feature", "properties": {"domain_id": "1806182002", "name": "NEGARA BATIN"}, "geometry": {"type": "Polygon", "coordinates": [[[104.563, -5.488], [104.567, -5.481], [104.559, -5.481], [104.563, -5.488]]]}}, {"type": "Feature", "properties": {"domain_id": "1802032010", "name": "HADUYANG RATU"}, "geometry": {"type": "Polygon", "coordinates": [[[104.987, -4.98], [104.975, -4.987], [104.964, -4.985], [104.953, -4.995], [104.961, -5.009], [104.963, -5.031], [104.949, -5.041], [104.95, -5.083], [104.967, -5.061], [104.972, -5.016], [104.997, -4.999], [104.987, -4.98]]]}}, {"type": "Feature", "properties": {"domain_id": "1802032011", "name": "PADANG RATU"}, "geometry": {"type": "Polygon", "coordinates": [[[104.964, -4.985], [104.946, -4.979], [104.951, -4.969], [104.917, -4.975], [104.925, -4.986], [104.914, -4.988], [104.916, -4.999], [104.899, -5.0], [104.895, -5.016], [104.906, -5.024], [104.949, -5.025], [104.955, -5.036], [104.936, -5.038], [104.947, -5.073], [104.941, -5.078], [104.944, -5.089], [104.948, -5.089], [104.947, -5.074], [104.953, -5.065], [104.949, -5.041], [104.963, -5.031], [104.961, -5.009], [104.953, -4.996], [104.964, -4.985]]]}}, {"type": "Feature", "properties": {"domain_id": "1802032007", "name": "KARANG TANJUNG"}, "geometry": {"type": "Polygon", "coordinates": [[[105.032, -5.073], [105.017, -5.064], [105.001, -5.078], [105.015, -5.092], [105.032, -5.073]]]}}, {"type": "Feature", "properties": {"domain_id": "1802032019", "name": "MOJOKERTO"}, "geometry": {"type": "Polygon", "coordinates": [[[104.944, -5.089], [104.924, -5.094], [104.924, -5.109], [104.932, -5.119], [104.955, -5.105], [104.944, -5.089]]]}}, {"type": "Feature", "properties": {"domain_id": "1802032020", "name": "SUMBER SARI"}, "geometry": {"type": "Polygon", "coordinates": [[[105.018, -5.037], [105.007, -5.044], [105.003, -5.056], [105.016, -5.063], [105.025, -5.06], [105.03, -5.043], [105.018, -5.037]]]}}, {"type": "Feature", "properties": {"domain_id": "1802041007", "name": "KOMERING AGUNG"}, "geometry": {"type": "Polygon", "coordinates": [[[105.199, -4.975], [105.184, -4.974], [105.176, -4.984], [105.168, -4.98], [105.173, -5.0], [105.164, -5.02], [105.148, -5.026], [105.147, -5.036], [105.168, -5.038], [105.166, -5.033], [105.188, -5.017], [105.186, -5.008], [105.204, -4.987], [105.199, -4.975]]]}}, {"type": "Feature", "properties": {"domain_id": "1802072005", "name": "INDRA PUTRA SUBING"}, "geometry": {"type": "Polygon", "coordinates": [[[105.284, -4.924], [105.275, -4.923], [105.267, -4.932], [105.228, -4.932], [105.236, -4.934], [105.236, -4.95], [105.257, -4.944], [105.266, -4.953], [105.284, -4.945], [105.284, -4.924]]]}}, {"type": "Feature", "properties": {"domain_id": "1802072006", "name": "KARANG ENDAH"}, "geometry": {"type": "Polygon", "coordinates": [[[105.257, -4.911], [105.221, -4.91], [105.221, -4.931], [105.267, -4.932], [105.275, -4.923], [105.284, -4.924], [105.267, -4.922], [105.257, -4.911]]]}}, {"type": "Feature", "properties": {"domain_id": "1808062013", "name": "PAKUAN BARU"}, "geometry": {"type": "Polygon", "coordinates": [[[104.738, -4.405], [104.702, -4.406], [104.732, -4.445], [104.746, -4.439], [104.749, -4.427], [104.737, -4.418], [104.738, -4.405]]]}}, {"type": "Feature", "properties": {"domain_id": "1802052010", "name": "PUJO DADI"}, "geometry": {"type": "Polygon", "coordinates": [[[105.278, -5.085], [105.268, -5.068], [105.26, -5.09], [105.274, -5.095], [105.281, -5.09], [105.278, -5.085]]]}}, {"type": "Feature", "properties": {"domain_id": "1802052008", "name": "TEMPURAN"}, "geometry": {"type": "Polygon", "coordinates": [[[105.288, -5.115], [105.262, -5.127], [105.253, -5.14], [105.262, -5.146], [105.273, -5.142], [105.288, -5.115]]]}}, {"type": "Feature", "properties": {"domain_id": "1808062014", "name": "NEGARA TAMA"}, "geometry": {"type": "Polygon", "coordinates": [[[104.789, -4.371], [104.769, -4.372], [104.777, -4.365], [104.748, -4.369], [104.749, -4.388], [104.76, -4.388], [104.762, -4.399], [104.79, -4.397], [104.789, -4.371]]]}}, {"type": "Feature", "properties": {"domain_id": "1802062002", "name": "BADRAN SARI"}, "geometry": {"type": "Polygon", "coordinates": [[[105.309, -5.047], [105.3, -5.053], [105.293, -5.05], [105.295, -5.064], [105.312, -5.056], [105.309, -5.047]]]}}, {"type": "Feature", "properties": {"domain_id": "1802132004", "name": "GUNUNG AGUNG"}, "geometry": {"type": "Polygon", "coordinates": [[[105.231, -4.741], [105.123, -4.741], [105.124, -4.757], [105.116, -4.773], [105.121, -4.774], [105.123, -4.765], [105.156, -4.763], [105.155, -4.757], [105.194, -4.758], [105.199, -4.775], [105.206, -4.777], [105.231, -4.75], [105.236, -4.755], [105.223, -4.77], [105.228, -4.778], [105.268, -4.764], [105.265, -4.758], [105.247, -4.764], [105.231, -4.741]]]}}, {"type": "Feature", "properties": {"domain_id": "1802132003", "name": "GUNUNG BATIN BARU"}, "geometry": {"type": "Polygon", "coordinates": [[[105.303, -4.755], [105.294, -4.613], [105.285, -4.615], [105.286, -4.622], [105.263, -4.623], [105.262, -4.636], [105.24, -4.641], [105.223, -4.637], [105.227, -4.64], [105.217, -4.65], [105.195, -4.649], [105.19, -4.663], [105.185, -4.664], [105.182, -4.693], [105.207, -4.695], [105.204, -4.73], [105.209, -4.741], [105.294, -4.734], [105.289, -4.745], [105.273, -4.748], [105.274, -4.757], [105.286, -4.757], [105.288, -4.762], [105.303, -4.755]]]}}, {"type": "Feature", "properties": {"domain_id": "1808062015", "name": "WAY TAWAR"}, "geometry": {"type": "Polygon", "coordinates": [[[104.729, -4.353], [104.716, -4.355], [104.722, -4.368], [104.706, -4.368], [104.706, -4.38], [104.719, -4.385], [104.721, -4.402], [104.738, -4.405], [104.737, -4.39], [104.749, -4.388], [104.748, -4.369], [104.741, -4.368], [104.739, -4.354], [104.729, -4.353]]]}}, {"type": "Feature", "properties": {"domain_id": "1802071002", "name": "BANDAR JAYA TIMUR"}, "geometry": {"type": "Polygon", "coordinates": [[[105.216, -4.953], [105.212, -4.931], [105.204, -4.932], [105.204, -4.945], [105.199, -4.947], [105.203, -4.965], [105.216, -4.953]]]}}, {"type": "Feature", "properties": {"domain_id": "1802132006", "name": "BANDAR SAKTI"}, "geometry": {"type": "MultiPolygon", "coordinates": [[[[105.294, -4.735], [105.231, -4.741], [105.247, -4.764], [105.269, -4.76], [105.261, -4.747], [105.268, -4.741], [105.273, -4.749], [105.289, -4.745], [105.294, -4.735]]], [[[105.266, -4.763], [105.249, -4.773], [105.253, -4.783], [105.242, -4.785], [105.248, -4.788], [105.246, -4.798], [105.261, -4.793], [105.259, -4.779], [105.266, -4.763]]]]}}, {"type": "Feature", "properties": {"domain_id": "1802132005", "name": "BANDAR AGUNG"}, "geometry": {"type": "Polygon", "coordinates": [[[105.223, -4.77], [105.236, -4.755], [105.231, -4.75], [105.206, -4.777], [105.199, -4.775], [105.194, -4.758], [105.155, -4.757], [105.156, -4.763], [105.123, -4.765], [105.121, -4.78], [105.136, -4.794], [105.159, -4.781], [105.171, -4.788], [105.196, -4.78], [105.197, -4.797], [105.206, -4.796], [105.223, -4.77]]]}}, {"type": "Feature", "properties": {"domain_id": "1808062017", "name": "PAKUAN SAKTI"}, "geometry": {"type": "Polygon", "coordinates": [[[104.762, -4.399], [104.76, -4.388], [104.737, -4.39], [104.737, -4.418], [104.767, -4.434], [104.769, -4.404], [104.763, -4.404], [104.762, -4.399]]]}}, {"type": "Feature", "properties": {"domain_id": "1802082002", "name": "REJO ASRI"}, "geometry": {"type": "Polygon", "coordinates": [[[105.384, -4.945], [105.357, -4.94], [105.336, -4.953], [105.33, -4.966], [105.335, -4.956], [105.358, -4.958], [105.361, -4.967], [105.365, -4.955], [105.38, -4.967], [105.396, -4.959], [105.384, -4.945]]]}}, {"type": "Feature", "properties": {"domain_id": "1802082003", "name": "RUKTI ENDAH"}, "geometry": {"type": "Polygon", "coordinates": [[[105.406, -4.927], [105.399, -4.922], [105.381, -4.94], [105.386, -4.951], [105.406, -4.963], [105.417, -4.96], [105.41, -4.954], [105.406, -4.927]]]}}, {"type": "Feature", "properties": {"domain_id": "1802082007", "name": "RAMA INDRA"}, "geometry": {"type": "Polygon", "coordinates": [[[105.346, -4.931], [105.357, -4.888], [105.343, -4.898], [105.338, -4.891], [105.336, -4.906], [105.327, -4.915], [105.339, -4.93], [105.346, -4.931]]]}}, {"type": "Feature", "properties": {"domain_id": "1802082005", "name": "RATNA CHATON"}, "geometry": {"type": "Polygon", "coordinates": [[[105.327, -4.915], [105.314, -4.9], [105.319, -4.93], [105.347, -4.942], [105.346, -4.931], [105.339, -4.93], [105.327, -4.915]]]}}, {"type": "Feature", "properties": {"domain_id": "1802082008", "name": "RUKTI HARJO"}, "geometry": {"type": "Polygon", "coordinates": [[[105.371, -4.913], [105.381, -4.893], [105.363, -4.878], [105.345, -4.93], [105.371, -4.913]]]}}, {"type": "Feature", "properties": {"domain_id": "1802082010", "name": "RAMA OETAMA"}, "geometry": {"type": "Polygon", "coordinates": [[[105.409, -4.873], [105.388, -4.895], [105.401, -4.917], [105.428, -4.893], [105.414, -4.887], [105.409, -4.873]]]}}, {"type": "Feature", "properties": {"domain_id": "1803062016", "name": "PENGARINGAN"}, "geometry": {"type": "Polygon", "coordinates": [[[104.75, -4.843], [104.745, -4.841], [104.725, -4.858], [104.733, -4.863], [104.749, -4.856], [104.75, -4.86], [104.76, -4.849], [104.75, -4.843]]]}}, {"type": "Feature", "properties": {"domain_id": "1802102002", "name": "TANJUNG HARAPAN"}, "geometry": {"type": "Polygon", "coordinates": [[[105.453, -4.842], [105.438, -4.847], [105.444, -4.871], [105.462, -4.851], [105.46, -4.845], [105.475, -4.844], [105.453, -4.842]]]}}, {"type": "Feature", "properties": {"domain_id": "1802102008", "name": "SETIA BHAKTI"}, "geometry": {"type": "Polygon", "coordinates": [[[105.516, -4.809], [105.499, -4.814], [105.482, -4.84], [105.486, -4.85], [105.494, -4.848], [105.499, -4.861], [105.499, -4.851], [105.507, -4.85], [105.504, -4.839], [105.516, -4.824], [105.516, -4.809]]]}}, {"type": "Feature", "properties": {"domain_id": "1802122006", "name": "GAYA BARU III"}, "geometry": {"type": "MultiPolygon", "coordinates": [[[[105.675, -4.69], [105.681, -4.688], [105.679, -4.67], [105.65, -4.668], [105.645, -4.693], [105.675, -4.69]]], [[[105.681, -4.719], [105.682, -4.711], [105.669, -4.711], [105.67, -4.721], [105.681, -4.719]]]]}}, {"type": "Feature", "properties": {"domain_id": "1802102012", "name": "SUMBER FAJAR"}, "geometry": {"type": "Polygon", "coordinates": [[[105.441, -4.864], [105.424, -4.867], [105.41, -4.881], [105.427, -4.893], [105.439, -4.884], [105.441, -4.864]]]}}, {"type": "Feature", "properties": {"domain_id": "1802102013", "name": "TANJUNG KRAJAN"}, "geometry": {"type": "Polygon", "coordinates": [[[105.44, -4.842], [105.428, -4.838], [105.409, -4.854], [105.413, -4.862], [105.44, -4.842]]]}}, {"type": "Feature", "properties": {"domain_id": "1804222011", "name": "LOMBOK SELATAN"}, "geometry": {"type": "Polygon", "coordinates": [[[103.961, -4.91], [103.946, -4.928], [103.953, -4.937], [103.947, -4.952], [103.968, -4.957], [103.974, -4.955], [103.967, -4.94], [103.972, -4.912], [103.961, -4.91]]]}}, {"type": "Feature", "properties": {"domain_id": "1802112008", "name": "WIRATA AGUNG MATARAM"}, "geometry": {"type": "Polygon", "coordinates": [[[105.361, -4.78], [105.34, -4.764], [105.34, -4.775], [105.324, -4.782], [105.345, -4.803], [105.365, -4.787], [105.361, -4.78]]]}}, {"type": "Feature", "properties": {"domain_id": "1802112009", "name": "DHARMA AGUNG MATARAM"}, "geometry": {"type": "Polygon", "coordinates": [[[105.385, -4.739], [105.358, -4.738], [105.344, -4.727], [105.333, -4.755], [105.361, -4.78], [105.385, -4.739]]]}}, {"type": "Feature", "properties": {"domain_id": "1802122001", "name": "GAYA BARU VI"}, "geometry": {"type": "Polygon", "coordinates": [[[105.642, -4.722], [105.636, -4.722], [105.632, -4.711], [105.634, -4.727], [105.623, -4.732], [105.618, -4.724], [105.612, -4.737], [105.64, -4.749], [105.652, -4.742], [105.653, -4.717], [105.642, -4.722]]]}}, {"type": "Feature", "properties": {"domain_id": "1802122004", "name": "GAYA BARU VII"}, "geometry": {"type": "Polygon", "coordinates": [[[105.635, -4.705], [105.631, -4.701], [105.632, -4.708], [105.619, -4.714], [105.623, -4.732], [105.634, -4.727], [105.635, -4.705]]]}}, {"type": "Feature", "properties": {"domain_id": "1802112012", "name": "BANJAR AGUNG MATARAM"}, "geometry": {"type": "Polygon", "coordinates": [[[105.387, -4.741], [105.376, -4.755], [105.399, -4.777], [105.407, -4.767], [105.404, -4.754], [105.387, -4.741]]]}}, {"type": "Feature", "properties": {"domain_id": "1802122011", "name": "RAWA BETIK"}, "geometry": {"type": "Polygon", "coordinates": [[[105.68, -4.721], [105.657, -4.722], [105.659, -4.741], [105.681, -4.759], [105.685, -4.721], [105.68, -4.721]]]}}, {"type": "Feature", "properties": {"domain_id": "1802122013", "name": "KENANGA SARI"}, "geometry": {"type": "Polygon", "coordinates": [[[105.682, -4.632], [105.673, -4.636], [105.662, -4.668], [105.683, -4.671], [105.698, -4.64], [105.682, -4.632]]]}}, {"type": "Feature", "properties": {"domain_id": "1802132007", "name": "TANJUNG ANOM"}, "geometry": {"type": "Polygon", "coordinates": [[[105.273, -4.749], [105.268, -4.741], [105.261, -4.747], [105.269, -4.759], [105.259, -4.779], [105.261, -4.793], [105.309, -4.767], [105.303, -4.755], [105.288, -4.762], [105.286, -4.757], [105.274, -4.757], [105.273, -4.749]]]}}, {"type": "Feature", "properties": {"domain_id": "1802192006", "name": "TANJUNG KEMALA"}, "geometry": {"type": "Polygon", "coordinates": [[[104.91, -5.072], [104.906, -5.058], [104.895, -5.063], [104.902, -5.08], [104.897, -5.082], [104.897, -5.102], [104.912, -5.096], [104.91, -5.072]]]}}, {"type": "Feature", "properties": {"domain_id": "1802142010", "name": "TULUNG KAKAN"}, "geometry": {"type": "Polygon", "coordinates": [[[105.222, -5.058], [105.215, -5.056], [105.216, -5.065], [105.208, -5.073], [105.204, -5.071], [105.205, -5.078], [105.224, -5.076], [105.222, -5.058]]]}}, {"type": "Feature", "properties": {"domain_id": "1802152002", "name": "KESUMA DADI"}, "geometry": {"type": "Polygon", "coordinates": [[[105.182, -5.101], [105.169, -5.102], [105.137, -5.081], [105.148, -5.115], [105.171, -5.114], [105.172, -5.105], [105.182, -5.101]]]}}, {"type": "Feature", "properties": {"domain_id": "1802152003", "name": "SINAR BANTEN"}, "geometry": {"type": "Polygon", "coordinates": [[[105.148, -5.026], [105.139, -5.027], [105.116, -5.047], [105.083, -5.117], [105.084, -5.143], [105.115, -5.129], [105.125, -5.106], [105.122, -5.092], [105.132, -5.081], [105.169, -5.102], [105.184, -5.101], [105.185, -5.096], [105.17, -5.095], [105.143, -5.076], [105.144, -5.066], [105.156, -5.066], [105.148, -5.026]]]}}, {"type": "Feature", "properties": {"domain_id": "1802152007", "name": "GORAS JAYA"}, "geometry": {"type": "Polygon", "coordinates": [[[105.137, -5.081], [105.125, -5.085], [105.125, -5.108], [105.143, -5.102], [105.137, -5.081]]]}}, {"type": "Feature", "properties": {"domain_id": "1802192015", "name": "TANJUNG REJO"}, "geometry": {"type": "Polygon", "coordinates": [[[104.928, -5.114], [104.909, -5.099], [104.897, -5.102], [104.902, -5.125], [104.928, -5.114]]]}}, {"type": "Feature", "properties": {"domain_id": "1802192019", "name": "PAYUNG MULYA"}, "geometry": {"type": "Polygon", "coordinates": [[[104.84, -5.085], [104.827, -5.09], [104.825, -5.102], [104.834, -5.106], [104.836, -5.122], [104.846, -5.129], [104.846, -5.102], [104.856, -5.085], [104.849, -5.089], [104.84, -5.085]]]}}, {"type": "Feature", "properties": {"domain_id": "1802172006", "name": "PURNAMA TUNGGAL"}, "geometry": {"type": "Polygon", "coordinates": [[[105.161, -4.887], [105.135, -4.888], [105.127, -4.88], [105.121, -4.886], [105.109, -4.886], [105.103, -4.896], [105.112, -4.902], [105.14, -4.899], [105.144, -4.905], [105.158, -4.9], [105.161, -4.887]]]}}, {"type": "Feature", "properties": {"domain_id": "1802172005", "name": "LEMPUYANG BANDAR"}, "geometry": {"type": "Polygon", "coordinates": [[[105.34, -4.764], [105.335, -4.755], [105.31, -4.757], [105.304, -4.761], [105.309, -4.767], [105.267, -4.793], [105.249, -4.798], [105.242, -4.785], [105.253, -4.783], [105.249, -4.772], [105.229, -4.778], [105.223, -4.77], [105.207, -4.787], [105.208, -4.795], [105.197, -4.797], [105.196, -4.78], [105.171, -4.788], [105.159, -4.781], [105.136, -4.794], [105.121, -4.78], [105.121, -4.774], [105.112, -4.775], [105.11, -4.782], [105.116, -4.802], [105.125, -4.805], [105.122, -4.823], [105.129, -4.828], [105.146, -4.815], [105.258, -4.816], [105.278, -4.824], [105.289, -4.798], [105.299, -4.801], [105.321, -4.794], [105.324, -4.777], [105.34, -4.775], [105.34, -4.764]]]}}, {"type": "Feature", "properties": {"domain_id": "1802182004", "name": "JATIDATAR MATARAM"}, "geometry": {"type": "Polygon", "coordinates": [[[105.423, -4.731], [105.403, -4.723], [105.387, -4.741], [105.404, -4.754], [105.423, -4.731]]]}}, {"type": "Feature", "properties": {"domain_id": "1802182003", "name": "TERBANGGI ILIR"}, "geometry": {"type": "Polygon", "coordinates": [[[105.42, -4.508], [105.412, -4.519], [105.402, -4.512], [105.369, -4.521], [105.354, -4.539], [105.353, -4.551], [105.34, -4.553], [105.328, -4.576], [105.323, -4.572], [105.313, -4.579], [105.31, -4.592], [105.301, -4.598], [105.312, -4.617], [105.327, -4.677], [105.353, -4.708], [105.397, -4.729], [105.411, -4.696], [105.418, -4.699], [105.42, -4.508]]]}}, {"type": "Feature", "properties": {"domain_id": "1802182002", "name": "UMAN AGUNG MATARAM"}, "geometry": {"type": "Polygon", "coordinates": [[[105.443, -4.756], [105.425, -4.744], [105.399, -4.777], [105.404, -4.781], [105.415, -4.766], [105.423, -4.772], [105.443, -4.756]]]}}, {"type": "Feature", "properties": {"domain_id": "1803212003", "name": "NEGERI SAKTI"}, "geometry": {"type": "Polygon", "coordinates": [[[104.743, -4.793], [104.745, -4.784], [104.74, -4.785], [104.733, -4.771], [104.707, -4.779], [104.715, -4.795], [104.726, -4.799], [104.743, -4.793]]]}}, {"type": "Feature", "properties": {"domain_id": "1804052001", "name": "SIMPANGSARI"}, "geometry": {"type": "Polygon", "coordinates": [[[104.47, -5.016], [104.47, -5.008], [104.458, -5.01], [104.45, -5.028], [104.441, -5.032], [104.438, -5.051], [104.446, -5.059], [104.456, -5.061], [104.465, -5.053], [104.461, -5.042], [104.47, -5.016]]]}}, {"type": "Feature", "properties": {"domain_id": "1802192003", "name": "GUNUNG RAYA"}, "geometry": {"type": "Polygon", "coordinates": [[[104.936, -5.038], [104.913, -5.034], [104.914, -5.048], [104.939, -5.062], [104.941, -5.078], [104.947, -5.073], [104.936, -5.038]]]}}, {"type": "Feature", "properties": {"domain_id": "1802192001", "name": "KOTA BATU"}, "geometry": {"type": "Polygon", "coordinates": [[[104.845, -5.118], [104.846, -5.129], [104.836, -5.122], [104.835, -5.106], [104.829, -5.103], [104.825, -5.113], [104.813, -5.115], [104.808, -5.153], [104.793, -5.157], [104.797, -5.168], [104.814, -5.173], [104.84, -5.163], [104.851, -5.149], [104.875, -5.148], [104.883, -5.135], [104.87, -5.135], [104.869, -5.119], [104.845, -5.118]]]}}, {"type": "Feature", "properties": {"domain_id": "1804052010", "name": "SUKAJAYA"}, "geometry": {"type": "Polygon", "coordinates": [[[104.442, -5.031], [104.439, -5.016], [104.422, -5.022], [104.433, -5.034], [104.442, -5.031]]]}}, {"type": "Feature", "properties": {"domain_id": "1803212007", "name": "COMOK SINAR JAYA"}, "geometry": {"type": "Polygon", "coordinates": [[[104.658, -4.81], [104.63, -4.796], [104.621, -4.797], [104.62, -4.802], [104.636, -4.823], [104.648, -4.826], [104.658, -4.81]]]}}, {"type": "Feature", "properties": {"domain_id": "1802192009", "name": "NEGERI KEPAYUNGAN"}, "geometry": {"type": "Polygon", "coordinates": [[[104.894, -5.049], [104.884, -5.052], [104.883, -5.071], [104.874, -5.067], [104.866, -5.077], [104.878, -5.082], [104.902, -5.078], [104.894, -5.049]]]}}, {"type": "Feature", "properties": {"domain_id": "1802192012", "name": "RIAU PRIANGAN"}, "geometry": {"type": "Polygon", "coordinates": [[[104.895, -5.016], [104.887, -5.021], [104.896, -5.034], [104.913, -5.034], [104.915, -5.026], [104.895, -5.016]]]}}, {"type": "Feature", "properties": {"domain_id": "1802192013", "name": "PAYUNG DADI"}, "geometry": {"type": "Polygon", "coordinates": [[[104.9, -5.111], [104.886, -5.113], [104.88, -5.107], [104.872, -5.112], [104.87, -5.135], [104.902, -5.128], [104.9, -5.111]]]}}, {"type": "Feature", "properties": {"domain_id": "1802192018", "name": "PEKANDANGAN"}, "geometry": {"type": "Polygon", "coordinates": [[[104.786, -5.067], [104.78, -5.076], [104.754, -5.078], [104.738, -5.09], [104.762, -5.092], [104.79, -5.085], [104.795, -5.076], [104.786, -5.067]]]}}, {"type": "Feature", "properties": {"domain_id": "1804052011", "name": "SINDANG PAGAR"}, "geometry": {"type": "Polygon", "coordinates": [[[104.423, -4.968], [104.406, -4.98], [104.391, -4.976], [104.39, -4.983], [104.401, -4.995], [104.423, -5.0], [104.42, -5.005], [104.43, -5.013], [104.427, -5.019], [104.439, -5.016], [104.44, -5.03], [104.45, -5.028], [104.459, -5.0], [104.456, -4.991], [104.423, -4.968]]]}}, {"type": "Feature", "properties": {"domain_id": "1804062003", "name": "BUMI AGUNG"}, "geometry": {"type": "Polygon", "coordinates": [[[104.165, -4.96], [104.144, -4.954], [104.173, -4.987], [104.173, -4.995], [104.182, -4.997], [104.188, -4.989], [104.169, -4.972], [104.165, -4.96]]]}}, {"type": "Feature", "properties": {"domain_id": "1802202005", "name": "KARANG ANYAR"}, "geometry": {"type": "Polygon", "coordinates": [[[104.899, -5.0], [104.878, -5.006], [104.871, -5.002], [104.864, -5.017], [104.867, -5.03], [104.873, -5.029], [104.87, -5.021], [104.895, -5.016], [104.899, -5.0]]]}}, {"type": "Feature", "properties": {"domain_id": "1802202006", "name": "NEGERI KATON"}, "geometry": {"type": "Polygon", "coordinates": [[[104.865, -5.01], [104.819, -5.012], [104.821, -5.017], [104.8, -5.027], [104.796, -5.038], [104.778, -5.042], [104.776, -5.054], [104.77, -5.055], [104.777, -5.058], [104.803, -5.039], [104.828, -5.029], [104.863, -5.038], [104.859, -5.033], [104.867, -5.028], [104.865, -5.01]]]}}, {"type": "Feature", "properties": {"domain_id": "1802202010", "name": "GILIH KARANG JATI"}, "geometry": {"type": "Polygon", "coordinates": [[[104.89, -4.989], [104.877, -4.987], [104.876, -4.982], [104.854, -4.994], [104.861, -5.004], [104.885, -5.005], [104.892, -5.002], [104.89, -4.989]]]}}, {"type": "Feature", "properties": {"domain_id": "1802202011", "name": "MARGA JAYA"}, "geometry": {"type": "Polygon", "coordinates": [[[104.758, -5.063], [104.726, -5.058], [104.709, -5.07], [104.707, -5.064], [104.697, -5.064], [104.685, -5.083], [104.671, -5.086], [104.658, -5.079], [104.633, -5.09], [104.59, -5.069], [104.574, -5.074], [104.566, -5.092], [104.548, -5.094], [104.567, -5.104], [104.594, -5.132], [104.609, -5.138], [104.617, -5.132], [104.652, -5.133], [104.683, -5.157], [104.701, -5.156], [104.721, -5.125], [104.751, -5.118], [104.753, -5.128], [104.769, -5.139], [104.788, -5.145], [104.794, -5.155], [104.807, -5.153], [104.81, -5.119], [104.825, -5.113], [104.826, -5.105], [104.808, -5.103], [104.789, -5.085], [104.739, -5.091], [104.753, -5.079], [104.758, -5.063]]]}}, {"type": "Feature", "properties": {"domain_id": "1802202014", "name": "MEKAR HARJO"}, "geometry": {"type": "Polygon", "coordinates": [[[104.819, -5.065], [104.822, -5.074], [104.842, -5.068], [104.841, -5.059], [104.819, -5.065]]]}}, {"type": "Feature", "properties": {"domain_id": "1804092018", "name": "RINGIN SARI"}, "geometry": {"type": "Polygon", "coordinates": [[[104.29, -5.264], [104.279, -5.255], [104.272, -5.259], [104.262, -5.283], [104.267, -5.293], [104.29, -5.264]]]}}, {"type": "Feature", "properties": {"domain_id": "1802212009", "name": "GUNUNG AGUNG"}, "geometry": {"type": "Polygon", "coordinates": [[[105.018, -5.037], [105.01, -5.019], [105.01, -5.035], [105.018, -5.037]]]}}, {"type": "Feature", "properties": {"domain_id": "1808102011", "name": "KAYU BATU"}, "geometry": {"type": "Polygon", "coordinates": [[[104.61, -4.7], [104.604, -4.694], [104.593, -4.697], [104.595, -4.722], [104.614, -4.722], [104.61, -4.7]]]}}, {"type": "Feature", "properties": {"domain_id": "1802232001", "name": "SRITEJO KENCONO"}, "geometry": {"type": "Polygon", "coordinates": [[[105.363, -5.011], [105.346, -5.004], [105.325, -5.036], [105.339, -5.032], [105.344, -5.041], [105.351, -5.032], [105.363, -5.031], [105.366, -5.026], [105.358, -5.022], [105.365, -5.02], [105.363, -5.011]]]}}, {"type": "Feature", "properties": {"domain_id": "1802232006", "name": "KOTA GAJAH"}, "geometry": {"type": "Polygon", "coordinates": [[[105.33, -4.966], [105.324, -4.953], [105.311, -4.948], [105.318, -4.972], [105.305, -4.989], [105.309, -4.994], [105.322, -4.983], [105.33, -4.966]]]}}, {"type": "Feature", "properties": {"domain_id": "1802252002", "name": "SRI BAWONO"}, "geometry": {"type": "Polygon", "coordinates": [[[105.422, -4.813], [105.412, -4.82], [105.405, -4.816], [105.398, -4.806], [105.404, -4.795], [105.399, -4.796], [105.399, -4.803], [105.385, -4.813], [105.392, -4.838], [105.401, -4.843], [105.402, -4.834], [105.411, -4.836], [105.435, -4.825], [105.422, -4.813]]]}}, {"type": "Feature", "properties": {"domain_id": "1802242007", "name": "SRI KENCONO BARU"}, "geometry": {"type": "MultiPolygon", "coordinates": [[[[105.6, -4.717], [105.595, -4.707], [105.589, -4.71], [105.602, -4.731], [105.6, -4.717]]], [[[105.583, -4.705], [105.573, -4.707], [105.577, -4.714], [105.583, -4.705]]]]}}, {"type": "Feature", "properties": {"domain_id": "1803021002", "name": "CEMPEDAK"}, "geometry": {"type": "Polygon", "coordinates": [[[104.883, -4.82], [104.879, -4.822], [104.884, -4.825], [104.883, -4.82]]]}}, {"type": "Feature", "properties": {"domain_id": "1802262001", "name": "GAYA BARU V"}, "geometry": {"type": "Polygon", "coordinates": [[[105.701, -4.676], [105.679, -4.67], [105.681, -4.695], [105.711, -4.695], [105.71, -4.682], [105.701, -4.676]]]}}, {"type": "Feature", "properties": {"domain_id": "1804112012", "name": "SUKA MULYA"}, "geometry": {"type": "Polygon", "coordinates": [[[104.068, -4.891], [104.061, -4.886], [104.049, -4.902], [104.014, -4.908], [104.046, -4.929], [104.058, -4.919], [104.078, -4.924], [104.096, -4.918], [104.071, -4.908], [104.068, -4.891]]]}}, {"type": "Feature", "properties": {"domain_id": "1802262006", "name": "CABANG"}, "geometry": {"type": "Polygon", "coordinates": [[[105.817, -4.65], [105.804, -4.654], [105.796, -4.643], [105.799, -4.675], [105.813, -4.676], [105.817, -4.65]]]}}, {"type": "Feature", "properties": {"domain_id": "1802262005", "name": "SUBANG JAYA"}, "geometry": {"type": "Polygon", "coordinates": [[[105.714, -4.657], [105.706, -4.639], [105.698, -4.64], [105.679, -4.67], [105.699, -4.678], [105.714, -4.657]]]}}, {"type": "Feature", "properties": {"domain_id": "1802282005", "name": "RANTAU JAYA BARU"}, "geometry": {"type": "Polygon", "coordinates": [[[105.645, -4.817], [105.641, -4.809], [105.631, -4.812], [105.618, -4.8], [105.603, -4.814], [105.604, -4.823], [105.623, -4.816], [105.636, -4.831], [105.645, -4.817]]]}}, {"type": "Feature", "properties": {"domain_id": "1804102002", "name": "NEGERI RATU"}, "geometry": {"type": "Polygon", "coordinates": [[[104.144, -5.03], [104.127, -5.023], [104.133, -5.04], [104.125, -5.054], [104.135, -5.066], [104.139, -5.087], [104.152, -5.048], [104.151, -5.036], [104.144, -5.03]]]}}, {"type": "Feature", "properties": {"domain_id": "1804202007", "name": "SUKA JAYA"}, "geometry": {"type": "Polygon", "coordinates": [[[104.358, -4.984], [104.345, -4.984], [104.33, -4.972], [104.32, -4.981], [104.348, -5.009], [104.357, -5.01], [104.367, -5.006], [104.359, -5.0], [104.358, -4.984]]]}}, {"type": "Feature", "properties": {"domain_id": "1804232001", "name": "SUOH"}, "geometry": {"type": "MultiPolygon", "coordinates": [[[[104.336, -5.128], [104.331, -5.113], [104.304, -5.141], [104.288, -5.145], [104.289, -5.158], [104.297, -5.168], [104.327, -5.154], [104.33, -5.158], [104.31, -5.17], [104.308, -5.184], [104.297, -5.188], [104.292, -5.201], [104.277, -5.203], [104.298, -5.237], [104.303, -5.235], [104.298, -5.21], [104.321, -5.199], [104.334, -5.175], [104.339, -5.184], [104.35, -5.18], [104.35, -5.163], [104.36, -5.153], [104.362, -5.116], [104.343, -5.12], [104.336, -5.128]]], [[[104.332, -5.112], [104.333, -5.105], [104.331, -5.108], [104.332, -5.112]]]]}}, {"type": "Feature", "properties": {"domain_id": "1811022003", "name": "TANJUNG MAS MAKMUR"}, "geometry": {"type": "Polygon", "coordinates": [[[105.581, -4.004], [105.572, -3.991], [105.549, -4.007], [105.558, -4.02], [105.581, -4.004]]]}}, {"type": "Feature", "properties": {"domain_id": "1804232002", "name": "SRIMULYO"}, "geometry": {"type": "Polygon", "coordinates": [[[104.321, -5.268], [104.315, -5.251], [104.3, -5.26], [104.291, -5.252], [104.279, -5.255], [104.29, -5.264], [104.295, -5.262], [104.302, -5.278], [104.321, -5.268]]]}}, {"type": "Feature", "properties": {"domain_id": "1803011001", "name": "BUKIT KEMUNING"}, "geometry": {"type": "Polygon", "coordinates": [[[104.593, -4.836], [104.575, -4.855], [104.562, -4.829], [104.549, -4.832], [104.557, -4.845], [104.545, -4.856], [104.547, -4.866], [104.581, -4.878], [104.58, -4.864], [104.597, -4.838], [104.593, -4.836]]]}}, {"type": "Feature", "properties": {"domain_id": "1803021003", "name": "REJOSARI"}, "geometry": {"type": "Polygon", "coordinates": [[[104.931, -4.819], [104.916, -4.809], [104.899, -4.819], [104.894, -4.83], [104.911, -4.842], [104.915, -4.833], [104.929, -4.833], [104.931, -4.819]]]}}, {"type": "Feature", "properties": {"domain_id": "1803012002", "name": "TANJUNG BARU"}, "geometry": {"type": "Polygon", "coordinates": [[[104.567, -4.896], [104.537, -4.876], [104.534, -4.893], [104.527, -4.894], [104.512, -4.927], [104.577, -4.941], [104.574, -4.926], [104.555, -4.918], [104.567, -4.896]]]}}, {"type": "Feature", "properties": {"domain_id": "1803042008", "name": "TULUNG BALAK"}, "geometry": {"type": "MultiPolygon", "coordinates": [[[[104.67, -4.981], [104.663, -5.002], [104.667, -5.017], [104.673, -5.021], [104.69, -5.017], [104.683, -4.991], [104.67, -4.981]]], [[[104.651, -4.912], [104.637, -4.93], [104.661, -4.914], [104.651, -4.912]]]]}}, {"type": "Feature", "properties": {"domain_id": "1803042007", "name": "SRI MENANTI"}, "geometry": {"type": "Polygon", "coordinates": [[[104.648, -4.913], [104.648, -4.888], [104.623, -4.905], [104.632, -4.91], [104.626, -4.923], [104.648, -4.913]]]}}, {"type": "Feature", "properties": {"domain_id": "1803021008", "name": "SRIBASUKI"}, "geometry": {"type": "Polygon", "coordinates": [[[104.905, -4.816], [104.9, -4.811], [104.884, -4.825], [104.894, -4.83], [104.905, -4.816]]]}}, {"type": "Feature", "properties": {"domain_id": "1805112016", "name": "GUNUNG TAPA UDIK"}, "geometry": {"type": "Polygon", "coordinates": [[[105.487, -4.335], [105.474, -4.346], [105.466, -4.344], [105.47, -4.324], [105.439, -4.303], [105.449, -4.371], [105.435, -4.378], [105.437, -4.402], [105.429, -4.406], [105.453, -4.408], [105.471, -4.441], [105.505, -4.449], [105.535, -4.439], [105.535, -4.425], [105.503, -4.426], [105.502, -4.369], [105.497, -4.34], [105.487, -4.335]]]}}, {"type": "Feature", "properties": {"domain_id": "1803012007", "name": "TANJUNG WARAS"}, "geometry": {"type": "Polygon", "coordinates": [[[104.612, -4.831], [104.603, -4.824], [104.593, -4.825], [104.597, -4.838], [104.588, -4.852], [104.612, -4.867], [104.623, -4.85], [104.612, -4.831]]]}}, {"type": "Feature", "properties": {"domain_id": "1803021009", "name": "KOTA GAPURA"}, "geometry": {"type": "Polygon", "coordinates": [[[104.894, -4.83], [104.888, -4.83], [104.899, -4.838], [104.894, -4.83]]]}}, {"type": "Feature", "properties": {"domain_id": "1805112017", "name": "GEDUNG BANDAR REJO"}, "geometry": {"type": "Polygon", "coordinates": [[[105.665, -4.392], [105.631, -4.393], [105.614, -4.417], [105.661, -4.42], [105.665, -4.392]]]}}, {"type": "Feature", "properties": {"domain_id": "1805122013", "name": "HARGO MULYO"}, "geometry": {"type": "Polygon", "coordinates": [[[105.729, -4.285], [105.725, -4.243], [105.689, -4.247], [105.692, -4.265], [105.709, -4.263], [105.711, -4.287], [105.729, -4.285]]]}}, {"type": "Feature", "properties": {"domain_id": "1803032006", "name": "GEDUNG KETAPANG"}, "geometry": {"type": "Polygon", "coordinates": [[[104.786, -4.706], [104.77, -4.704], [104.769, -4.719], [104.792, -4.719], [104.786, -4.706]]]}}, {"type": "Feature", "properties": {"domain_id": "1805132001", "name": "TRI REJO MULYO"}, "geometry": {"type": "Polygon", "coordinates": [[[105.459, -4.166], [105.434, -4.166], [105.434, -4.196], [105.466, -4.196], [105.466, -4.167], [105.459, -4.166]]]}}, {"type": "Feature", "properties": {"domain_id": "1806042006", "name": "KEMUNING"}, "geometry": {"type": "Polygon", "coordinates": [[[104.76, -5.332], [104.765, -5.325], [104.75, -5.33], [104.747, -5.34], [104.76, -5.332]]]}}, {"type": "Feature", "properties": {"domain_id": "1808122011", "name": "NEGERI JAYA"}, "geometry": {"type": "Polygon", "coordinates": [[[104.944, -4.435], [104.927, -4.422], [104.924, -4.433], [104.92, -4.433], [104.923, -4.427], [104.918, -4.43], [104.921, -4.463], [104.937, -4.463], [104.944, -4.435]]]}}, {"type": "Feature", "properties": {"domain_id": "1803042010", "name": "TANJUNG RIANG"}, "geometry": {"type": "Polygon", "coordinates": [[[104.696, -4.927], [104.675, -4.913], [104.664, -4.929], [104.683, -4.926], [104.69, -4.94], [104.696, -4.927]]]}}, {"type": "Feature", "properties": {"domain_id": "1803042006", "name": "MEKAR JAYA"}, "geometry": {"type": "Polygon", "coordinates": [[[104.629, -4.923], [104.632, -4.91], [104.623, -4.905], [104.588, -4.938], [104.582, -4.975], [104.587, -4.98], [104.617, -4.932], [104.629, -4.923]]]}}, {"type": "Feature", "properties": {"domain_id": "1807142007", "name": "MULYO ASRI"}, "geometry": {"type": "Polygon", "coordinates": [[[105.515, -5.09], [105.496, -5.091], [105.498, -5.108], [105.512, -5.106], [105.515, -5.09]]]}}, {"type": "Feature", "properties": {"domain_id": "1803042012", "name": "SINDANG MARGA"}, "geometry": {"type": "Polygon", "coordinates": [[[104.704, -4.895], [104.694, -4.888], [104.701, -4.903], [104.704, -4.895]]]}}, {"type": "Feature", "properties": {"domain_id": "1803042015", "name": "SUKA MULYA"}, "geometry": {"type": "Polygon", "coordinates": [[[104.702, -5.006], [104.689, -5.005], [104.688, -5.015], [104.706, -5.018], [104.702, -5.006]]]}}, {"type": "Feature", "properties": {"domain_id": "1803072013", "name": "KEMBANG GADING"}, "geometry": {"type": "Polygon", "coordinates": [[[104.906, -4.893], [104.892, -4.893], [104.895, -4.908], [104.89, -4.909], [104.906, -4.918], [104.906, -4.893]]]}}, {"type": "Feature", "properties": {"domain_id": "1803052002", "name": "BUMI AGUNG MARGA"}, "geometry": {"type": "Polygon", "coordinates": [[[104.936, -4.754], [104.93, -4.76], [104.94, -4.764], [104.948, -4.782], [104.939, -4.801], [104.947, -4.817], [104.955, -4.82], [104.948, -4.824], [104.967, -4.82], [104.968, -4.838], [104.981, -4.839], [104.982, -4.808], [104.991, -4.806], [104.992, -4.797], [104.974, -4.793], [104.97, -4.784], [104.955, -4.784], [104.949, -4.765], [104.942, -4.766], [104.936, -4.754]]]}}, {"type": "Feature", "properties": {"domain_id": "1808122012", "name": "TANJUNG MAS"}, "geometry": {"type": "Polygon", "coordinates": [[[104.901, -4.433], [104.877, -4.429], [104.882, -4.442], [104.897, -4.448], [104.902, -4.445], [104.901, -4.433]]]}}, {"type": "Feature", "properties": {"domain_id": "1803052008", "name": "REJO MULYO"}, "geometry": {"type": "Polygon", "coordinates": [[[105.123, -4.726], [105.086, -4.702], [105.075, -4.708], [105.074, -4.727], [105.048, -4.763], [105.037, -4.79], [105.049, -4.794], [105.058, -4.79], [105.068, -4.78], [105.07, -4.764], [105.089, -4.75], [105.096, -4.738], [105.109, -4.739], [105.123, -4.726]]]}}, {"type": "Feature", "properties": {"domain_id": "1803052007", "name": "SURAKARTA"}, "geometry": {"type": "Polygon", "coordinates": [[[104.957, -4.696], [104.95, -4.704], [104.948, -4.722], [104.959, -4.724], [104.967, -4.738], [104.953, -4.745], [104.972, -4.759], [104.975, -4.741], [104.992, -4.749], [104.996, -4.74], [105.004, -4.741], [105.008, -4.729], [104.996, -4.724], [104.987, -4.731], [104.98, -4.715], [104.957, -4.696]]]}}, {"type": "Feature", "properties": {"domain_id": "1803062008", "name": "SIMPANG AGUNG"}, "geometry": {"type": "Polygon", "coordinates": [[[104.733, -4.863], [104.725, -4.858], [104.723, -4.865], [104.717, -4.861], [104.716, -4.881], [104.725, -4.881], [104.733, -4.863]]]}}, {"type": "Feature", "properties": {"domain_id": "1803052009", "name": "SIDOMUKTI"}, "geometry": {"type": "Polygon", "coordinates": [[[105.035, -4.733], [105.027, -4.736], [105.007, -4.73], [105.01, -4.743], [105.0, -4.759], [104.991, -4.76], [104.993, -4.773], [105.004, -4.772], [105.026, -4.786], [105.031, -4.757], [105.026, -4.751], [105.035, -4.733]]]}}, {"type": "Feature", "properties": {"domain_id": "1803062007", "name": "HUJAN MAS"}, "geometry": {"type": "Polygon", "coordinates": [[[104.716, -4.881], [104.702, -4.883], [104.707, -4.899], [104.73, -4.893], [104.729, -4.883], [104.722, -4.887], [104.716, -4.881]]]}}, {"type": "Feature", "properties": {"domain_id": "1808122013", "name": "NEGERI KASIH"}, "geometry": {"type": "MultiPolygon", "coordinates": [[[[104.938, -4.191], [104.909, -4.201], [104.907, -4.303], [104.929, -4.307], [104.931, -4.314], [104.996, -4.322], [104.996, -4.288], [104.989, -4.265], [104.979, -4.252], [104.954, -4.249], [104.942, -4.232], [104.953, -4.224], [104.944, -4.208], [104.946, -4.192], [104.938, -4.191]]], [[[105.044, -4.406], [105.039, -4.399], [105.033, -4.411], [105.026, -4.401], [105.026, -4.409], [105.019, -4.4], [105.02, -4.421], [105.025, -4.426], [105.055, -4.418], [105.057, -4.407], [105.048, -4.408], [105.049, -4.401], [105.044, -4.406]]], [[[104.903, -4.353], [104.887, -4.352], [104.894, -4.358], [104.886, -4.361], [104.918, -4.382], [104.933, -4.383], [104.927, -4.353], [104.903, -4.353]]]]}}, {"type": "Feature", "properties": {"domain_id": "1803052011", "name": "PAPAN REJO"}, "geometry": {"type": "Polygon", "coordinates": [[[104.957, -4.696], [104.951, -4.691], [104.958, -4.681], [104.951, -4.676], [104.946, -4.685], [104.939, -4.686], [104.931, -4.679], [104.921, -4.684], [104.913, -4.712], [104.906, -4.712], [104.916, -4.722], [104.916, -4.741], [104.936, -4.745], [104.934, -4.737], [104.943, -4.731], [104.948, -4.745], [104.965, -4.741], [104.96, -4.725], [104.948, -4.722], [104.95, -4.704], [104.957, -4.696]]]}}, {"type": "Feature", "properties": {"domain_id": "1805132006", "name": "SIDO MULYO"}, "geometry": {"type": "Polygon", "coordinates": [[[105.401, -4.173], [105.367, -4.17], [105.365, -4.203], [105.398, -4.204], [105.401, -4.173]]]}}, {"type": "Feature", "properties": {"domain_id": "1803062024", "name": "BUMI MANDIRI"}, "geometry": {"type": "Polygon", "coordinates": [[[104.751, -4.874], [104.733, -4.863], [104.721, -4.882], [104.722, -4.887], [104.737, -4.884], [104.751, -4.874]]]}}, {"type": "Feature", "properties": {"domain_id": "1805132010", "name": "BOGA TAMA"}, "geometry": {"type": "Polygon", "coordinates": [[[105.472, -4.169], [105.473, -4.204], [105.508, -4.202], [105.509, -4.198], [105.498, -4.198], [105.507, -4.184], [105.507, -4.17], [105.472, -4.169]]]}}, {"type": "Feature", "properties": {"domain_id": "1805132011", "name": "WIRA TAMA"}, "geometry": {"type": "Polygon", "coordinates": [[[105.507, -4.166], [105.506, -4.138], [105.484, -4.135], [105.485, -4.151], [105.475, -4.151], [105.472, -4.169], [105.507, -4.17], [105.507, -4.166]]]}}, {"type": "Feature", "properties": {"domain_id": "1805132019", "name": "PULO GADUNG"}, "geometry": {"type": "Polygon", "coordinates": [[[105.509, -4.201], [105.473, -4.204], [105.484, -4.216], [105.485, -4.232], [105.492, -4.233], [105.496, -4.214], [105.508, -4.214], [105.509, -4.201]]]}}, {"type": "Feature", "properties": {"domain_id": "1803072019", "name": "KALIBENING RAYA"}, "geometry": {"type": "Polygon", "coordinates": [[[104.928, -4.854], [104.924, -4.864], [104.929, -4.869], [104.928, -4.854]]]}}, {"type": "Feature", "properties": {"domain_id": "1803072020", "name": "WAY LUNIK"}, "geometry": {"type": "Polygon", "coordinates": [[[104.968, -4.838], [104.97, -4.848], [104.988, -4.85], [104.991, -4.845], [104.968, -4.838]]]}}, {"type": "Feature", "properties": {"domain_id": "1803082028", "name": "BARU RAHARJA"}, "geometry": {"type": "Polygon", "coordinates": [[[104.772, -4.669], [104.745, -4.671], [104.721, -4.681], [104.731, -4.687], [104.719, -4.689], [104.72, -4.7], [104.701, -4.71], [104.702, -4.724], [104.736, -4.711], [104.735, -4.698], [104.755, -4.681], [104.768, -4.683], [104.772, -4.669]]]}}, {"type": "Feature", "properties": {"domain_id": "1803082033", "name": "KOTA NEGARA ILIR"}, "geometry": {"type": "Polygon", "coordinates": [[[104.806, -4.511], [104.79, -4.517], [104.781, -4.532], [104.779, -4.554], [104.758, -4.598], [104.763, -4.605], [104.781, -4.604], [104.787, -4.591], [104.798, -4.603], [104.805, -4.602], [104.808, -4.612], [104.823, -4.61], [104.824, -4.563], [104.806, -4.511]]]}}, {"type": "Feature", "properties": {"domain_id": "1804062005", "name": "BEDUDU"}, "geometry": {"type": "MultiPolygon", "coordinates": [[[[104.217, -5.036], [104.211, -5.036], [104.208, -5.048], [104.189, -5.052], [104.191, -5.072], [104.226, -5.052], [104.217, -5.036]]], [[[104.213, -5.002], [104.209, -4.993], [104.199, -4.998], [104.187, -5.021], [104.193, -5.024], [104.218, -5.014], [104.213, -5.002]]]]}}, {"type": "Feature", "properties": {"domain_id": "1805132024", "name": "SIDOMAKMUR"}, "geometry": {"type": "Polygon", "coordinates": [[[105.389, -4.16], [105.367, -4.159], [105.367, -4.17], [105.401, -4.173], [105.402, -4.161], [105.389, -4.16]]]}}, {"type": "Feature", "properties": {"domain_id": "1804062020", "name": "FAJAR AGUNG"}, "geometry": {"type": "Polygon", "coordinates": [[[104.19, -4.944], [104.163, -4.922], [104.142, -4.927], [104.144, -4.954], [104.175, -4.961], [104.19, -4.944]]]}}, {"type": "Feature", "properties": {"domain_id": "1803092007", "name": "SAWO JAJAR"}, "geometry": {"type": "Polygon", "coordinates": [[[104.841, -4.697], [104.839, -4.708], [104.822, -4.709], [104.805, -4.72], [104.799, -4.732], [104.806, -4.764], [104.82, -4.758], [104.824, -4.745], [104.834, -4.746], [104.841, -4.729], [104.858, -4.726], [104.845, -4.706], [104.849, -4.7], [104.841, -4.697]]]}}, {"type": "Feature", "properties": {"domain_id": "1809012003", "name": "CIPADANG"}, "geometry": {"type": "MultiPolygon", "coordinates": [[[[105.101, -5.438], [105.083, -5.408], [105.063, -5.415], [105.09, -5.439], [105.115, -5.45], [105.101, -5.438]]], [[[105.066, -5.422], [105.062, -5.42], [105.066, -5.443], [105.081, -5.44], [105.066, -5.422]]]]}}, {"type": "Feature", "properties": {"domain_id": "1804202002", "name": "BASUNGAN"}, "geometry": {"type": "Polygon", "coordinates": [[[104.416, -4.872], [104.398, -4.881], [104.375, -4.923], [104.373, -4.943], [104.385, -4.951], [104.421, -4.949], [104.442, -4.921], [104.423, -4.903], [104.416, -4.872]]]}}, {"type": "Feature", "properties": {"domain_id": "1803102010", "name": "TAMAN JAYA"}, "geometry": {"type": "Polygon", "coordinates": [[[104.868, -4.939], [104.858, -4.945], [104.855, -4.937], [104.852, -4.942], [104.856, -4.929], [104.849, -4.933], [104.846, -4.958], [104.873, -4.956], [104.868, -4.939]]]}}, {"type": "Feature", "properties": {"domain_id": "1803102007", "name": "CURUP GURUH"}, "geometry": {"type": "Polygon", "coordinates": [[[104.867, -4.88], [104.873, -4.849], [104.859, -4.851], [104.864, -4.866], [104.856, -4.876], [104.867, -4.88]]]}}, {"type": "Feature", "properties": {"domain_id": "1803112008", "name": "GUNUNG GIJUL"}, "geometry": {"type": "Polygon", "coordinates": [[[104.755, -4.981], [104.72, -4.977], [104.724, -4.992], [104.712, -5.003], [104.726, -5.005], [104.727, -4.998], [104.753, -5.004], [104.755, -4.981]]]}}, {"type": "Feature", "properties": {"domain_id": "1803122006", "name": "SUKA MARGA"}, "geometry": {"type": "Polygon", "coordinates": [[[104.636, -4.823], [104.619, -4.803], [104.622, -4.822], [104.612, -4.831], [104.623, -4.85], [104.616, -4.863], [104.622, -4.87], [104.631, -4.867], [104.638, -4.849], [104.636, -4.823]]]}}, {"type": "Feature", "properties": {"domain_id": "1803132002", "name": "SEMULI RAYA"}, "geometry": {"type": "Polygon", "coordinates": [[[105.026, -4.786], [105.01, -4.778], [104.998, -4.825], [105.015, -4.831], [105.057, -4.802], [105.05, -4.793], [105.026, -4.786]], [[105.014, -4.812], [105.006, -4.814], [105.016, -4.806], [105.014, -4.812]]]}}, {"type": "Feature", "properties": {"domain_id": "1804102006", "name": "SUKABUMI"}, "geometry": {"type": "Polygon", "coordinates": [[[104.155, -5.024], [104.144, -5.03], [104.151, -5.036], [104.152, -5.048], [104.143, -5.084], [104.167, -5.108], [104.194, -5.115], [104.189, -5.095], [104.169, -5.091], [104.169, -5.079], [104.158, -5.078], [104.162, -5.057], [104.17, -5.048], [104.16, -5.036], [104.166, -5.025], [104.155, -5.024]]]}}, {"type": "Feature", "properties": {"domain_id": "1803142003", "name": "BANGUN SARI"}, "geometry": {"type": "Polygon", "coordinates": [[[105.006, -4.715], [104.994, -4.714], [104.983, -4.727], [104.989, -4.732], [104.993, -4.725], [105.004, -4.724], [105.014, -4.732], [105.018, -4.715], [105.006, -4.715]]]}}, {"type": "Feature", "properties": {"domain_id": "1803142006", "name": "BUMI RESTU"}, "geometry": {"type": "Polygon", "coordinates": [[[105.047, -4.733], [105.034, -4.733], [105.026, -4.75], [105.034, -4.769], [105.059, -4.738], [105.047, -4.733]]]}}, {"type": "Feature", "properties": {"domain_id": "1803152006", "name": "KARANG MULYO"}, "geometry": {"type": "Polygon", "coordinates": [[[104.981, -4.537], [104.951, -4.517], [104.931, -4.514], [104.9, -4.524], [104.905, -4.531], [104.915, -4.529], [104.931, -4.55], [104.946, -4.545], [104.959, -4.549], [104.981, -4.537]]]}}, {"type": "Feature", "properties": {"domain_id": "1803152010", "name": "PAKUON AGUNG"}, "geometry": {"type": "Polygon", "coordinates": [[[104.959, -4.639], [104.95, -4.629], [104.944, -4.639], [104.95, -4.647], [104.933, -4.66], [104.947, -4.66], [104.954, -4.669], [104.951, -4.676], [104.958, -4.681], [104.951, -4.692], [104.968, -4.703], [104.999, -4.696], [105.0, -4.683], [104.982, -4.688], [104.98, -4.65], [104.969, -4.651], [104.959, -4.639]]]}}, {"type": "Feature", "properties": {"domain_id": "1804102010", "name": "KERANG"}, "geometry": {"type": "Polygon", "coordinates": [[[104.194, -5.024], [104.186, -5.022], [104.2, -5.033], [104.194, -5.024]]]}}, {"type": "Feature", "properties": {"domain_id": "1804102011", "name": "TEBA LIOKH"}, "geometry": {"type": "MultiPolygon", "coordinates": [[[[104.205, -5.086], [104.188, -5.096], [104.196, -5.121], [104.221, -5.13], [104.238, -5.127], [104.221, -5.108], [104.202, -5.107], [104.214, -5.094], [104.205, -5.086]]]]}}, {"type": "Feature", "properties": {"domain_id": "1803162008", "name": "MULYO REJO II"}, "geometry": {"type": "Polygon", "coordinates": [[[104.909, -4.647], [104.889, -4.657], [104.903, -4.678], [104.914, -4.683], [104.932, -4.667], [104.932, -4.65], [104.912, -4.657], [104.909, -4.647]]]}}, {"type": "Feature", "properties": {"domain_id": "1804112002", "name": "HANAKAU"}, "geometry": {"type": "Polygon", "coordinates": [[[104.093, -4.977], [104.086, -4.961], [104.076, -4.963], [104.059, -5.014], [104.07, -5.013], [104.084, -5.001], [104.093, -4.977]]]}}, {"type": "Feature", "properties": {"domain_id": "1804112004", "name": "TAPAK SIRING"}, "geometry": {"type": "MultiPolygon", "coordinates": [[[[104.013, -4.944], [104.018, -4.94], [104.014, -4.934], [103.987, -4.949], [103.969, -4.947], [103.974, -4.955], [103.99, -4.953], [103.999, -4.964], [104.017, -4.954], [104.013, -4.944]]], [[[103.979, -4.983], [103.973, -4.983], [103.981, -4.992], [103.979, -4.983]]]]}}, {"type": "Feature", "properties": {"domain_id": "1804112003", "name": "BUAY NYERUPA"}, "geometry": {"type": "Polygon", "coordinates": [[[104.073, -4.923], [104.058, -4.919], [104.05, -4.929], [104.025, -4.932], [104.03, -4.937], [104.022, -4.952], [104.041, -4.956], [104.042, -4.969], [104.05, -4.975], [104.05, -4.955], [104.078, -4.942], [104.073, -4.923]]]}}, {"type": "Feature", "properties": {"domain_id": "1803172010", "name": "TULUNG BUYUT"}, "geometry": {"type": "Polygon", "coordinates": [[[104.737, -4.607], [104.709, -4.568], [104.7, -4.566], [104.708, -4.571], [104.703, -4.581], [104.696, -4.583], [104.7, -4.598], [104.692, -4.606], [104.674, -4.61], [104.667, -4.624], [104.66, -4.623], [104.701, -4.636], [104.722, -4.611], [104.737, -4.607]]]}}, {"type": "Feature", "properties": {"domain_id": "1803182006", "name": "NEGERI GALIH REJO"}, "geometry": {"type": "Polygon", "coordinates": [[[104.701, -4.71], [104.686, -4.714], [104.691, -4.725], [104.682, -4.729], [104.692, -4.745], [104.704, -4.736], [104.701, -4.71]]]}}, {"type": "Feature", "properties": {"domain_id": "1804072002", "name": "PURALAKSANA"}, "geometry": {"type": "Polygon", "coordinates": [[[104.426, -5.018], [104.43, -5.013], [104.423, -5.009], [104.404, -5.023], [104.403, -5.046], [104.426, -5.018]]]}}, {"type": "Feature", "properties": {"domain_id": "1804072003", "name": "KARANG AGUNG"}, "geometry": {"type": "Polygon", "coordinates": [[[104.423, -5.009], [104.423, -5.0], [104.401, -4.995], [104.39, -4.983], [104.376, -4.998], [104.382, -5.03], [104.396, -5.043], [104.397, -5.056], [104.404, -5.023], [104.423, -5.009]]]}}, {"type": "Feature", "properties": {"domain_id": "1803192004", "name": "SUMBER TANI"}, "geometry": {"type": "Polygon", "coordinates": [[[104.755, -5.044], [104.752, -5.02], [104.744, -5.014], [104.729, -5.024], [104.685, -5.016], [104.633, -5.031], [104.606, -5.057], [104.599, -5.076], [104.614, -5.077], [104.633, -5.09], [104.658, -5.079], [104.682, -5.085], [104.697, -5.064], [104.714, -5.07], [104.712, -5.066], [104.721, -5.064], [104.729, -5.051], [104.755, -5.044]]]}}, {"type": "Feature", "properties": {"domain_id": "1804072006", "name": "SUKANANTI"}, "geometry": {"type": "MultiPolygon", "coordinates": [[[[104.381, -5.079], [104.385, -5.075], [104.365, -5.08], [104.344, -5.12], [104.349, -5.122], [104.381, -5.079]]], [[[104.378, -5.056], [104.379, -5.019], [104.369, -5.061], [104.378, -5.056]]]]}}, {"type": "Feature", "properties": {"domain_id": "1803202001", "name": "CEMPAKA"}, "geometry": {"type": "Polygon", "coordinates": [[[104.808, -4.805], [104.796, -4.8], [104.792, -4.787], [104.778, -4.802], [104.788, -4.818], [104.808, -4.805]]]}}, {"type": "Feature", "properties": {"domain_id": "1804042004", "name": "PADANG CAHYA"}, "geometry": {"type": "Polygon", "coordinates": [[[104.014, -4.965], [103.996, -4.984], [104.02, -5.011], [104.008, -5.024], [104.016, -5.036], [104.024, -5.036], [104.042, -5.026], [104.044, -5.018], [104.06, -5.015], [104.047, -5.008], [104.036, -4.992], [104.017, -4.992], [104.014, -4.965]]]}}, {"type": "Feature", "properties": {"domain_id": "1803232004", "name": "TANJUNG IMAN"}, "geometry": {"type": "MultiPolygon", "coordinates": [[[[105.032, -4.837], [105.011, -4.85], [105.005, -4.864], [104.984, -4.884], [104.986, -4.906], [104.999, -4.905], [105.003, -4.886], [105.015, -4.881], [105.03, -4.852], [105.043, -4.849], [105.032, -4.837]]], [[[105.014, -4.812], [105.016, -4.806], [105.006, -4.814], [105.014, -4.812]]]]}}, {"type": "Feature", "properties": {"domain_id": "1803232006", "name": "PAGAR GADING"}, "geometry": {"type": "Polygon", "coordinates": [[[105.04, -4.92], [105.023, -4.908], [105.001, -4.928], [104.995, -4.938], [104.996, -4.949], [105.026, -4.966], [105.036, -4.964], [105.044, -4.937], [105.027, -4.925], [105.04, -4.92]]]}}, {"type": "Feature", "properties": {"domain_id": "1803232007", "name": "BURING KENCANA"}, "geometry": {"type": "Polygon", "coordinates": [[[105.057, -4.811], [105.068, -4.78], [105.05, -4.794], [105.058, -4.798], [105.054, -4.804], [105.015, -4.831], [105.037, -4.839], [105.039, -4.828], [105.057, -4.811]]]}}, {"type": "Feature", "properties": {"domain_id": "1804041003", "name": "WAY MENGAKU"}, "geometry": {"type": "Polygon", "coordinates": [[[104.072, -5.032], [104.076, -5.025], [104.07, -5.013], [104.044, -5.018], [104.04, -5.028], [104.016, -5.036], [104.02, -5.053], [104.054, -5.049], [104.072, -5.032]]]}}, {"type": "Feature", "properties": {"domain_id": "1804062004", "name": "TURGAK"}, "geometry": {"type": "Polygon", "coordinates": [[[104.18, -4.998], [104.144, -4.959], [104.14, -4.991], [104.152, -4.989], [104.159, -4.997], [104.18, -4.998]]]}}, {"type": "Feature", "properties": {"domain_id": "1804062002", "name": "KEJADIAN"}, "geometry": {"type": "Polygon", "coordinates": [[[104.199, -4.999], [104.192, -5.0], [104.191, -4.994], [104.176, -5.0], [104.178, -5.014], [104.187, -5.021], [104.199, -4.999]]]}}, {"type": "Feature", "properties": {"domain_id": "1804112019", "name": "BUMI JAYA"}, "geometry": {"type": "Polygon", "coordinates": [[[104.025, -4.932], [104.014, -4.934], [104.014, -4.956], [103.989, -4.964], [103.999, -4.976], [104.027, -4.96], [104.022, -4.952], [104.03, -4.937], [104.025, -4.932]]]}}, {"type": "Feature", "properties": {"domain_id": "1804112020", "name": "TEBA PERING JAYA"}, "geometry": {"type": "Polygon", "coordinates": [[[104.015, -4.931], [103.973, -4.93], [103.969, -4.947], [103.987, -4.949], [104.015, -4.931]]]}}, {"type": "Feature", "properties": {"domain_id": "1805262004", "name": "SUKARAME"}, "geometry": {"type": "Polygon", "coordinates": [[[105.472, -4.259], [105.462, -4.259], [105.467, -4.28], [105.439, -4.279], [105.436, -4.29], [105.477, -4.291], [105.472, -4.291], [105.472, -4.259]]]}}, {"type": "Feature", "properties": {"domain_id": "1805262006", "name": "MULYO AJI"}, "geometry": {"type": "Polygon", "coordinates": [[[105.444, -4.259], [105.438, -4.246], [105.416, -4.246], [105.416, -4.263], [105.444, -4.259]]]}}, {"type": "Feature", "properties": {"domain_id": "1804152005", "name": "MEKARJAYA"}, "geometry": {"type": "Polygon", "coordinates": [[[104.516, -5.089], [104.485, -5.114], [104.489, -5.133], [104.501, -5.125], [104.512, -5.135], [104.519, -5.132], [104.516, -5.121], [104.534, -5.103], [104.516, -5.089]]]}}, {"type": "Feature", "properties": {"domain_id": "1810022020", "name": "GADING REJO UTARA"}, "geometry": {"type": "Polygon", "coordinates": [[[105.076, -5.361], [105.061, -5.362], [105.06, -5.373], [105.075, -5.371], [105.076, -5.361]]]}}, {"type": "Feature", "properties": {"domain_id": "1810022021", "name": "TAMBAH REJO BARAT"}, "geometry": {"type": "Polygon", "coordinates": [[[105.031, -5.389], [105.02, -5.372], [105.025, -5.378], [105.017, -5.379], [105.019, -5.385], [105.025, -5.394], [105.031, -5.389]]]}}, {"type": "Feature", "properties": {"domain_id": "1810022022", "name": "WONODADI UTARA"}, "geometry": {"type": "Polygon", "coordinates": [[[105.061, -5.362], [105.05, -5.364], [105.051, -5.37], [105.06, -5.373], [105.061, -5.362]]]}}, {"type": "Feature", "properties": {"domain_id": "1805272005", "name": "BATU AMPAR"}, "geometry": {"type": "Polygon", "coordinates": [[[105.651, -4.232], [105.652, -4.218], [105.642, -4.218], [105.642, -4.251], [105.615, -4.252], [105.615, -4.248], [105.602, -4.256], [105.614, -4.263], [105.62, -4.283], [105.615, -4.291], [105.603, -4.282], [105.598, -4.294], [105.602, -4.312], [105.637, -4.294], [105.635, -4.28], [105.654, -4.264], [105.651, -4.232]]]}}, {"type": "Feature", "properties": {"domain_id": "1804202010", "name": "SUKA MULYA"}, "geometry": {"type": "Polygon", "coordinates": [[[104.305, -4.931], [104.304, -4.924], [104.293, -4.925], [104.287, -4.947], [104.305, -4.954], [104.305, -4.931]]]}}, {"type": "Feature", "properties": {"domain_id": "1805272006", "name": "SETIA TAMA"}, "geometry": {"type": "Polygon", "coordinates": [[[105.541, -4.198], [105.509, -4.198], [105.508, -4.205], [105.508, -4.217], [105.539, -4.214], [105.539, -4.242], [105.547, -4.234], [105.539, -4.223], [105.547, -4.216], [105.541, -4.198]]]}}, {"type": "Feature", "properties": {"domain_id": "1804202006", "name": "MARGA JAYA"}, "geometry": {"type": "Polygon", "coordinates": [[[104.444, -4.944], [104.437, -4.934], [104.44, -4.924], [104.421, -4.949], [104.363, -4.947], [104.371, -4.947], [104.369, -4.954], [104.391, -4.976], [104.406, -4.98], [104.43, -4.965], [104.444, -4.944]]]}}, {"type": "Feature", "properties": {"domain_id": "1804212002", "name": "BATU KEBAYAN"}, "geometry": {"type": "Polygon", "coordinates": [[[104.262, -5.035], [104.253, -5.033], [104.254, -5.022], [104.261, -5.017], [104.259, -5.008], [104.271, -4.999], [104.262, -4.98], [104.244, -5.003], [104.237, -5.036], [104.244, -5.032], [104.255, -5.047], [104.262, -5.035]]]}}, {"type": "Feature", "properties": {"domain_id": "1804212007", "name": "WAY NGISON"}, "geometry": {"type": "Polygon", "coordinates": [[[104.255, -5.047], [104.244, -5.032], [104.229, -5.043], [104.246, -5.058], [104.265, -5.06], [104.255, -5.047]]]}}, {"type": "Feature", "properties": {"domain_id": "1805272008", "name": "MEKAR ASRI"}, "geometry": {"type": "Polygon", "coordinates": [[[105.519, -4.217], [105.496, -4.214], [105.492, -4.233], [105.504, -4.231], [105.51, -4.245], [105.518, -4.249], [105.519, -4.217]]]}}, {"type": "Feature", "properties": {"domain_id": "1804222001", "name": "LOMBOK"}, "geometry": {"type": "Polygon", "coordinates": [[[103.946, -4.928], [103.958, -4.913], [103.943, -4.914], [103.918, -4.937], [103.921, -4.951], [103.934, -4.954], [103.936, -4.975], [103.953, -4.973], [103.947, -4.955], [103.934, -4.944], [103.946, -4.928]]]}}, {"type": "Feature", "properties": {"domain_id": "1804222007", "name": "UJUNG"}, "geometry": {"type": "Polygon", "coordinates": [[[103.96, -4.911], [103.931, -4.906], [103.922, -4.932], [103.943, -4.914], [103.96, -4.911]]]}}, {"type": "Feature", "properties": {"domain_id": "1804222004", "name": "LOMBOK TIMUR"}, "geometry": {"type": "Polygon", "coordinates": [[[103.997, -4.964], [103.986, -4.951], [103.968, -4.957], [103.946, -4.953], [103.953, -4.973], [103.973, -4.969], [103.973, -4.983], [103.989, -4.978], [103.994, -4.972], [103.989, -4.964], [103.997, -4.964]]]}}, {"type": "Feature", "properties": {"domain_id": "1804222005", "name": "SUKA BANJAR II UJUNG REMBUN"}, "geometry": {"type": "Polygon", "coordinates": [[[103.856, -4.892], [103.812, -4.892], [103.822, -4.917], [103.845, -4.911], [103.856, -4.892]]]}}, {"type": "Feature", "properties": {"domain_id": "1808102012", "name": "BENGKULU RAMAN"}, "geometry": {"type": "Polygon", "coordinates": [[[104.624, -4.715], [104.61, -4.724], [104.611, -4.736], [104.624, -4.741], [104.629, -4.73], [104.624, -4.715]]]}}, {"type": "Feature", "properties": {"domain_id": "1805021010", "name": "MENGGALA TENGAH"}, "geometry": {"type": "Polygon", "coordinates": [[[105.277, -4.508], [105.271, -4.491], [105.274, -4.483], [105.316, -4.477], [105.34, -4.457], [105.321, -4.445], [105.291, -4.457], [105.276, -4.45], [105.273, -4.469], [105.247, -4.472], [105.267, -4.505], [105.277, -4.508]]]}}, {"type": "Feature", "properties": {"domain_id": "1811022004", "name": "MARGO JADI"}, "geometry": {"type": "Polygon", "coordinates": [[[105.435, -4.007], [105.434, -4.0], [105.419, -4.001], [105.413, -3.99], [105.406, -4.009], [105.411, -4.027], [105.429, -4.035], [105.435, -4.007]]]}}, {"type": "Feature", "properties": {"domain_id": "1805021011", "name": "MENGGALA KOTA"}, "geometry": {"type": "Polygon", "coordinates": [[[105.276, -4.45], [105.257, -4.44], [105.202, -4.435], [105.205, -4.462], [105.213, -4.464], [105.222, -4.448], [105.232, -4.462], [105.239, -4.46], [105.244, -4.472], [105.273, -4.469], [105.276, -4.45]]]}}, {"type": "Feature", "properties": {"domain_id": "1805022013", "name": "KAGUNGAN RAHAYU"}, "geometry": {"type": "Polygon", "coordinates": [[[105.182, -4.529], [105.164, -4.531], [105.159, -4.545], [105.176, -4.547], [105.175, -4.56], [105.17, -4.561], [105.18, -4.565], [105.185, -4.579], [105.203, -4.576], [105.208, -4.568], [105.184, -4.548], [105.188, -4.535], [105.182, -4.529]]]}}, {"type": "Feature", "properties": {"domain_id": "1811022008", "name": "DWI KARYA MUSTIKA"}, "geometry": {"type": "Polygon", "coordinates": [[[105.503, -4.031], [105.496, -4.024], [105.48, -4.024], [105.482, -4.045], [105.475, -4.05], [105.483, -4.05], [105.487, -4.067], [105.495, -4.072], [105.509, -4.059], [105.503, -4.031]]]}}, {"type": "Feature", "properties": {"domain_id": "1805082009", "name": "MORIS JAYA"}, "geometry": {"type": "Polygon", "coordinates": [[[105.291, -4.282], [105.279, -4.28], [105.271, -4.269], [105.256, -4.268], [105.235, -4.277], [105.244, -4.274], [105.25, -4.296], [105.264, -4.299], [105.261, -4.312], [105.273, -4.325], [105.295, -4.318], [105.279, -4.293], [105.291, -4.282]]]}}, {"type": "Feature", "properties": {"domain_id": "1805082001", "name": "BANJAR AGUNG"}, "geometry": {"type": "Polygon", "coordinates": [[[105.228, -4.308], [105.221, -4.292], [105.191, -4.306], [105.197, -4.314], [105.221, -4.317], [105.232, -4.315], [105.228, -4.308]]]}}, {"type": "Feature", "properties": {"domain_id": "1805082022", "name": "WARGA MAKMUR JAYA"}, "geometry": {"type": "Polygon", "coordinates": [[[105.189, -4.269], [105.178, -4.299], [105.187, -4.31], [105.206, -4.299], [105.2, -4.269], [105.189, -4.269]]]}}, {"type": "Feature", "properties": {"domain_id": "1805112008", "name": "GEDUNG BANDAR RAHAYU"}, "geometry": {"type": "Polygon", "coordinates": [[[105.665, -4.392], [105.671, -4.343], [105.665, -4.338], [105.64, -4.364], [105.631, -4.393], [105.665, -4.392]]]}}, {"type": "Feature", "properties": {"domain_id": "1811022009", "name": "PANGKAL MAS JAYA"}, "geometry": {"type": "Polygon", "coordinates": [[[105.604, -4.05], [105.592, -4.037], [105.577, -4.047], [105.591, -4.064], [105.61, -4.063], [105.604, -4.05]]]}}, {"type": "Feature", "properties": {"domain_id": "1805112002", "name": "GEDUNG MENENG"}, "geometry": {"type": "Polygon", "coordinates": [[[105.711, -4.287], [105.68, -4.282], [105.685, -4.33], [105.643, -4.337], [105.645, -4.362], [105.664, -4.338], [105.671, -4.343], [105.661, -4.42], [105.616, -4.42], [105.501, -4.451], [105.41, -4.458], [105.359, -4.478], [105.363, -4.485], [105.277, -4.508], [105.265, -4.505], [105.249, -4.516], [105.239, -4.527], [105.23, -4.556], [105.23, -4.566], [105.243, -4.584], [105.245, -4.636], [105.262, -4.636], [105.263, -4.622], [105.273, -4.626], [105.275, -4.621], [105.286, -4.622], [105.289, -4.614], [105.293, -4.617], [105.296, -4.607], [105.304, -4.604], [105.302, -4.595], [105.312, -4.59], [105.312, -4.58], [105.323, -4.572], [105.328, -4.576], [105.34, -4.553], [105.353, -4.551], [105.354, -4.539], [105.369, -4.521], [105.402, -4.512], [105.412, -4.519], [105.415, -4.51], [105.444, -4.503], [105.452, -4.493], [105.464, -4.497], [105.472, -4.49], [105.478, -4.497], [105.492, -4.483], [105.497, -4.495], [105.51, -4.492], [105.524, -4.507], [105.535, -4.509], [105.534, -4.52], [105.571, -4.519], [105.581, -4.535], [105.588, -4.515], [105.597, -4.514], [105.603, -4.522], [105.621, -4.518], [105.633, -4.482], [105.645, -4.483], [105.641, -4.501], [105.646, -4.509], [105.671, -4.499], [105.687, -4.471], [105.677, -4.459], [105.702, -4.45], [105.709, -4.441], [105.731, -4.442], [105.728, -4.437], [105.754, -4.403], [105.743, -4.393], [105.726, -4.39], [105.761, -4.343], [105.775, -4.31], [105.755, -4.288], [105.711, -4.287]]]}}, {"type": "Feature", "properties": {"domain_id": "1805122003", "name": "YUDHA KARYA JITU"}, "geometry": {"type": "Polygon", "coordinates": [[[105.746, -4.285], [105.741, -4.227], [105.723, -4.228], [105.729, -4.285], [105.746, -4.285]]]}}, {"type": "Feature", "properties": {"domain_id": "1805122005", "name": "HARGO REJO"}, "geometry": {"type": "Polygon", "coordinates": [[[105.723, -4.228], [105.722, -4.214], [105.686, -4.218], [105.689, -4.247], [105.725, -4.243], [105.723, -4.228]]]}}, {"type": "Feature", "properties": {"domain_id": "1805122008", "name": "KARYA JITU MUKTI"}, "geometry": {"type": "Polygon", "coordinates": [[[105.759, -4.233], [105.759, -4.226], [105.741, -4.227], [105.746, -4.285], [105.765, -4.28], [105.759, -4.233]]]}}, {"type": "Feature", "properties": {"domain_id": "1808062018", "name": "SERUPA INDAH"}, "geometry": {"type": "Polygon", "coordinates": [[[104.767, -4.434], [104.749, -4.427], [104.746, -4.439], [104.732, -4.445], [104.741, -4.459], [104.752, -4.46], [104.75, -4.477], [104.777, -4.475], [104.767, -4.434]]]}}, {"type": "Feature", "properties": {"domain_id": "1805202005", "name": "PURWA JAYA"}, "geometry": {"type": "Polygon", "coordinates": [[[105.221, -4.254], [105.208, -4.254], [105.207, -4.269], [105.213, -4.269], [105.215, -4.279], [105.23, -4.272], [105.229, -4.254], [105.221, -4.254]]]}}, {"type": "Feature", "properties": {"domain_id": "1808062019", "name": "BUMI MULYA"}, "geometry": {"type": "Polygon", "coordinates": [[[104.897, -4.448], [104.878, -4.436], [104.815, -4.446], [104.805, -4.441], [104.795, -4.446], [104.8, -4.452], [104.772, -4.449], [104.777, -4.475], [104.75, -4.477], [104.748, -4.499], [104.75, -4.515], [104.757, -4.514], [104.757, -4.53], [104.704, -4.537], [104.694, -4.545], [104.695, -4.555], [104.73, -4.555], [104.731, -4.537], [104.749, -4.537], [104.766, -4.528], [104.783, -4.532], [104.79, -4.517], [104.818, -4.504], [104.867, -4.509], [104.893, -4.525], [104.925, -4.516], [104.933, -4.488], [104.945, -4.48], [104.95, -4.488], [104.959, -4.483], [104.951, -4.471], [104.916, -4.461], [104.897, -4.448]]]}}, {"type": "Feature", "properties": {"domain_id": "1805182006", "name": "BUMI SENTOSA"}, "geometry": {"type": "Polygon", "coordinates": [[[105.815, -4.304], [105.774, -4.304], [105.8, -4.354], [105.818, -4.371], [105.825, -4.403], [105.851, -4.407], [105.859, -4.388], [105.858, -4.378], [105.826, -4.352], [105.815, -4.304]]]}}, {"type": "Feature", "properties": {"domain_id": "1805202009", "name": "TRI TUNGGAL JAYA"}, "geometry": {"type": "Polygon", "coordinates": [[[105.307, -4.213], [105.297, -4.209], [105.297, -4.223], [105.287, -4.222], [105.285, -4.244], [105.302, -4.248], [105.291, -4.254], [105.308, -4.251], [105.307, -4.213]]]}}, {"type": "Feature", "properties": {"domain_id": "1805202001", "name": "BUJUK AGUNG"}, "geometry": {"type": "Polygon", "coordinates": [[[105.255, -4.203], [105.246, -4.189], [105.222, -4.196], [105.227, -4.21], [105.215, -4.215], [105.22, -4.225], [105.242, -4.206], [105.245, -4.209], [105.255, -4.203]]]}}, {"type": "Feature", "properties": {"domain_id": "1805182008", "name": "BUMI DIPASENA SEJAHTERA"}, "geometry": {"type": "Polygon", "coordinates": [[[105.819, -4.161], [105.755, -4.161], [105.755, -4.185], [105.825, -4.185], [105.819, -4.161]]]}}, {"type": "Feature", "properties": {"domain_id": "1805232002", "name": "GEDUNG ASRI"}, "geometry": {"type": "Polygon", "coordinates": [[[105.519, -4.249], [105.51, -4.245], [105.504, -4.231], [105.502, -4.268], [105.54, -4.269], [105.55, -4.262], [105.549, -4.249], [105.537, -4.25], [105.535, -4.241], [105.519, -4.249]]]}}, {"type": "Feature", "properties": {"domain_id": "1805232006", "name": "KARYA MAKMUR"}, "geometry": {"type": "Polygon", "coordinates": [[[105.545, -4.299], [105.505, -4.268], [105.504, -4.294], [105.514, -4.308], [105.539, -4.312], [105.539, -4.303], [105.545, -4.299]]]}}, {"type": "Feature", "properties": {"domain_id": "1805232007", "name": "WONO REJO"}, "geometry": {"type": "Polygon", "coordinates": [[[105.552, -4.282], [105.55, -4.262], [105.54, -4.269], [105.506, -4.27], [105.545, -4.299], [105.544, -4.283], [105.552, -4.282]]]}}, {"type": "Feature", "properties": {"domain_id": "1805252005", "name": "SUNGAI NIBUNG"}, "geometry": {"type": "Polygon", "coordinates": [[[105.852, -4.476], [105.815, -4.471], [105.817, -4.567], [105.822, -4.573], [105.886, -4.576], [105.906, -4.55], [105.899, -4.521], [105.901, -4.476], [105.852, -4.476]]]}}, {"type": "Feature", "properties": {"domain_id": "1811022014", "name": "MARGO JAYA"}, "geometry": {"type": "Polygon", "coordinates": [[[105.451, -4.007], [105.435, -4.007], [105.429, -4.035], [105.442, -4.04], [105.453, -4.03], [105.451, -4.007]]]}}, {"type": "Feature", "properties": {"domain_id": "1805252007", "name": "BRATASENA ADIWARNA"}, "geometry": {"type": "Polygon", "coordinates": [[[105.878, -4.574], [105.822, -4.573], [105.817, -4.567], [105.817, -4.649], [105.829, -4.638], [105.827, -4.62], [105.834, -4.615], [105.846, -4.616], [105.845, -4.626], [105.852, -4.626], [105.852, -4.616], [105.877, -4.616], [105.878, -4.574]]]}}, {"type": "Feature", "properties": {"domain_id": "1811022013", "name": "TANJUNG MAS JAYA"}, "geometry": {"type": "Polygon", "coordinates": [[[105.594, -3.995], [105.574, -3.966], [105.562, -3.976], [105.581, -4.004], [105.594, -3.995]]]}}, {"type": "Feature", "properties": {"domain_id": "1811022016", "name": "TANJUNG MENANG RAYA"}, "geometry": {"type": "Polygon", "coordinates": [[[105.48, -3.998], [105.463, -4.007], [105.462, -4.028], [105.48, -4.027], [105.48, -3.998]]]}}, {"type": "Feature", "properties": {"domain_id": "1811022015", "name": "PANGKAL MAS"}, "geometry": {"type": "Polygon", "coordinates": [[[105.592, -4.037], [105.575, -4.012], [105.558, -4.02], [105.577, -4.047], [105.592, -4.037]]]}}, {"type": "Feature", "properties": {"domain_id": "1805262002", "name": "PADUAN RAJAWALI"}, "geometry": {"type": "Polygon", "coordinates": [[[105.436, -4.29], [105.429, -4.289], [105.429, -4.282], [105.406, -4.281], [105.406, -4.305], [105.419, -4.304], [105.434, -4.314], [105.436, -4.29]]]}}, {"type": "Feature", "properties": {"domain_id": "1805252012", "name": "SUNGAI BURUNG"}, "geometry": {"type": "MultiPolygon", "coordinates": [[[[105.886, -4.576], [105.878, -4.573], [105.877, -4.616], [105.885, -4.617], [105.893, -4.649], [105.898, -4.646], [105.91, -4.654], [105.914, -4.64], [105.908, -4.637], [105.908, -4.644], [105.887, -4.621], [105.882, -4.596], [105.886, -4.576]]], [[[105.897, -4.627], [105.894, -4.626], [105.895, -4.629], [105.897, -4.627]]]]}}, {"type": "Feature", "properties": {"domain_id": "1805272002", "name": "MESIR DWI JAYA"}, "geometry": {"type": "Polygon", "coordinates": [[[105.535, -4.241], [105.539, -4.214], [105.525, -4.214], [105.519, -4.217], [105.519, -4.249], [105.535, -4.241]]]}}, {"type": "Feature", "properties": {"domain_id": "1805272001", "name": "SIDOMUKTI"}, "geometry": {"type": "Polygon", "coordinates": [[[105.592, -4.193], [105.565, -4.183], [105.557, -4.204], [105.592, -4.224], [105.594, -4.212], [105.587, -4.21], [105.592, -4.193]]]}}, {"type": "Feature", "properties": {"domain_id": "1805262008", "name": "MARGA JAYA"}, "geometry": {"type": "Polygon", "coordinates": [[[105.431, -4.229], [105.419, -4.221], [105.42, -4.243], [105.428, -4.238], [105.435, -4.244], [105.446, -4.224], [105.431, -4.229]]]}}, {"type": "Feature", "properties": {"domain_id": "1805292001", "name": "PANCA MULIA"}, "geometry": {"type": "Polygon", "coordinates": [[[105.218, -4.33], [105.2, -4.324], [105.195, -4.355], [105.223, -4.344], [105.224, -4.335], [105.218, -4.33]]]}}, {"type": "Feature", "properties": {"domain_id": "1805292005", "name": "MEKAR JAYA"}, "geometry": {"type": "Polygon", "coordinates": [[[105.307, -4.358], [105.307, -4.344], [105.296, -4.347], [105.302, -4.359], [105.307, -4.358]]]}}, {"type": "Feature", "properties": {"domain_id": "1808072008", "name": "KOTABUMI WAY KANAN"}, "geometry": {"type": "Polygon", "coordinates": [[[104.643, -4.425], [104.622, -4.428], [104.611, -4.42], [104.616, -4.437], [104.63, -4.45], [104.631, -4.444], [104.646, -4.448], [104.642, -4.45], [104.642, -4.47], [104.634, -4.473], [104.648, -4.471], [104.673, -4.485], [104.684, -4.469], [104.677, -4.44], [104.643, -4.433], [104.643, -4.425]]]}}, {"type": "Feature", "properties": {"domain_id": "1805292010", "name": "KARYA MURNI JAYA"}, "geometry": {"type": "Polygon", "coordinates": [[[105.324, -4.311], [105.314, -4.31], [105.313, -4.341], [105.32, -4.343], [105.311, -4.348], [105.31, -4.358], [105.342, -4.358], [105.324, -4.346], [105.324, -4.311]]]}}, {"type": "Feature", "properties": {"domain_id": "1805302004", "name": "KIBANG PACING"}, "geometry": {"type": "Polygon", "coordinates": [[[105.374, -4.423], [105.389, -4.4], [105.395, -4.376], [105.366, -4.362], [105.369, -4.326], [105.355, -4.329], [105.354, -4.349], [105.337, -4.352], [105.343, -4.356], [105.338, -4.364], [105.327, -4.362], [105.326, -4.389], [105.361, -4.433], [105.374, -4.423]]]}}, {"type": "Feature", "properties": {"domain_id": "1805302009", "name": "TRI MAKMUR JAYA"}, "geometry": {"type": "Polygon", "coordinates": [[[105.314, -4.404], [105.288, -4.392], [105.272, -4.394], [105.305, -4.412], [105.314, -4.404]]]}}, {"type": "Feature", "properties": {"domain_id": "1805302008", "name": "BEDARO INDAH"}, "geometry": {"type": "Polygon", "coordinates": [[[105.326, -4.389], [105.305, -4.415], [105.315, -4.414], [105.327, -4.398], [105.339, -4.401], [105.326, -4.389]]]}}, {"type": "Feature", "properties": {"domain_id": "1806012019", "name": "PENANGGUNGAN"}, "geometry": {"type": "Polygon", "coordinates": [[[104.663, -5.409], [104.661, -5.4], [104.648, -5.409], [104.633, -5.406], [104.623, -5.416], [104.612, -5.445], [104.614, -5.456], [104.604, -5.466], [104.607, -5.484], [104.62, -5.48], [104.63, -5.442], [104.663, -5.409]]]}}, {"type": "Feature", "properties": {"domain_id": "1806012024", "name": "KUSA"}, "geometry": {"type": "Polygon", "coordinates": [[[104.631, -5.487], [104.628, -5.493], [104.642, -5.497], [104.644, -5.49], [104.631, -5.487]]]}}, {"type": "Feature", "properties": {"domain_id": "1806022016", "name": "SUKA BUMI"}, "geometry": {"type": "Polygon", "coordinates": [[[104.785, -5.378], [104.771, -5.375], [104.784, -5.381], [104.785, -5.378]]]}}, {"type": "Feature", "properties": {"domain_id": "1806012026", "name": "KEDAMAIAN"}, "geometry": {"type": "Polygon", "coordinates": [[[104.651, -5.483], [104.631, -5.487], [104.644, -5.49], [104.643, -5.5], [104.651, -5.483]]]}}, {"type": "Feature", "properties": {"domain_id": "1806022018", "name": "BANJAR SARI"}, "geometry": {"type": "Polygon", "coordinates": [[[104.776, -5.368], [104.772, -5.364], [104.763, -5.372], [104.771, -5.376], [104.776, -5.368]]]}}, {"type": "Feature", "properties": {"domain_id": "1806022029", "name": "SINAR PETIR"}, "geometry": {"type": "Polygon", "coordinates": [[[104.792, -5.34], [104.784, -5.358], [104.792, -5.355], [104.792, -5.34]]]}}, {"type": "Feature", "properties": {"domain_id": "1806022021", "name": "SUKARAME"}, "geometry": {"type": "MultiPolygon", "coordinates": [[[[104.768, -5.355], [104.759, -5.355], [104.767, -5.363], [104.775, -5.362], [104.768, -5.355]]], [[[104.782, -5.361], [104.779, -5.363], [104.781, -5.366], [104.782, -5.361]]]]}}, {"type": "Feature", "properties": {"domain_id": "1806022020", "name": "SINAR BANTEN"}, "geometry": {"type": "Polygon", "coordinates": [[[104.78, -5.361], [104.77, -5.366], [104.776, -5.368], [104.78, -5.361]]]}}, {"type": "Feature", "properties": {"domain_id": "1806032001", "name": "KARANG ANYAR"}, "geometry": {"type": "Polygon", "coordinates": [[[104.549, -5.51], [104.535, -5.503], [104.529, -5.515], [104.531, -5.524], [104.547, -5.53], [104.546, -5.534], [104.549, -5.51]]]}}, {"type": "Feature", "properties": {"domain_id": "1806022024", "name": "SUKA NEGERI"}, "geometry": {"type": "Polygon", "coordinates": [[[104.791, -5.362], [104.79, -5.358], [104.789, -5.36], [104.791, -5.362]]]}}, {"type": "Feature", "properties": {"domain_id": "1806032002", "name": "KALIREJO"}, "geometry": {"type": "Polygon", "coordinates": [[[104.535, -5.504], [104.527, -5.494], [104.52, -5.503], [104.529, -5.515], [104.535, -5.504]]]}}, {"type": "Feature", "properties": {"domain_id": "1806022027", "name": "SINAR SEMENDO"}, "geometry": {"type": "Polygon", "coordinates": [[[104.784, -5.358], [104.782, -5.361], [104.787, -5.359], [104.784, -5.358]]]}}, {"type": "Feature", "properties": {"domain_id": "1806022032", "name": "SINAR HARAPAN"}, "geometry": {"type": "Polygon", "coordinates": [[[104.78, -5.359], [104.775, -5.361], [104.781, -5.361], [104.78, -5.359]]]}}, {"type": "Feature", "properties": {"domain_id": "1806022030", "name": "WAY HALOM"}, "geometry": {"type": "Polygon", "coordinates": [[[104.791, -5.376], [104.787, -5.382], [104.808, -5.393], [104.81, -5.387], [104.791, -5.381], [104.791, -5.376]]]}}, {"type": "Feature", "properties": {"domain_id": "1806032006", "name": "SOPONYONO"}, "geometry": {"type": "Polygon", "coordinates": [[[104.547, -5.483], [104.542, -5.486], [104.549, -5.511], [104.556, -5.507], [104.547, -5.497], [104.547, -5.483]]]}}, {"type": "Feature", "properties": {"domain_id": "1806032008", "name": "WAY PANAS"}, "geometry": {"type": "Polygon", "coordinates": [[[104.59, -5.398], [104.542, -5.382], [104.55, -5.405], [104.544, -5.422], [104.558, -5.429], [104.553, -5.442], [104.558, -5.451], [104.561, -5.431], [104.57, -5.424], [104.602, -5.42], [104.606, -5.401], [104.59, -5.398]]]}}, {"type": "Feature", "properties": {"domain_id": "1806032009", "name": "SINAR SAUDARA"}, "geometry": {"type": "Polygon", "coordinates": [[[104.547, -5.486], [104.549, -5.482], [104.548, -5.481], [104.547, -5.486]]]}}, {"type": "Feature", "properties": {"domain_id": "1806032017", "name": "DADISARI"}, "geometry": {"type": "Polygon", "coordinates": [[[104.531, -5.489], [104.518, -5.488], [104.526, -5.495], [104.531, -5.489]]]}}, {"type": "Feature", "properties": {"domain_id": "1806032022", "name": "BANJAR SARI"}, "geometry": {"type": "Polygon", "coordinates": [[[104.497, -5.469], [104.495, -5.481], [104.5, -5.483], [104.506, -5.478], [104.497, -5.469]]]}}, {"type": "Feature", "properties": {"domain_id": "1808072011", "name": "TANJUNG REJO"}, "geometry": {"type": "Polygon", "coordinates": [[[104.709, -4.501], [104.704, -4.51], [104.685, -4.518], [104.673, -4.553], [104.692, -4.554], [104.694, -4.545], [104.721, -4.531], [104.722, -4.514], [104.709, -4.501]]]}}, {"type": "Feature", "properties": {"domain_id": "1806032036", "name": "SRI MELATI"}, "geometry": {"type": "Polygon", "coordinates": [[[104.503, -5.472], [104.511, -5.466], [104.497, -5.469], [104.503, -5.472]]]}}, {"type": "Feature", "properties": {"domain_id": "1806032034", "name": "DADIMULYO"}, "geometry": {"type": "Polygon", "coordinates": [[[104.526, -5.495], [104.518, -5.489], [104.514, -5.499], [104.522, -5.504], [104.526, -5.495]]]}}, {"type": "Feature", "properties": {"domain_id": "1806042003", "name": "TANJUNG REJO"}, "geometry": {"type": "Polygon", "coordinates": [[[104.699, -5.347], [104.701, -5.333], [104.686, -5.327], [104.681, -5.347], [104.691, -5.353], [104.699, -5.347]]]}}, {"type": "Feature", "properties": {"domain_id": "1806032038", "name": "SUMUR TUJUH"}, "geometry": {"type": "Polygon", "coordinates": [[[104.545, -5.468], [104.54, -5.457], [104.536, -5.467], [104.539, -5.472], [104.545, -5.468]]]}}, {"type": "Feature", "properties": {"domain_id": "1806092008", "name": "SUKARAJA"}, "geometry": {"type": "Polygon", "coordinates": [[[104.973, -5.643], [104.949, -5.639], [104.94, -5.643], [104.962, -5.679], [104.963, -5.665], [104.973, -5.664], [104.973, -5.643]]]}}, {"type": "Feature", "properties": {"domain_id": "1806042013", "name": "WAY ILAHAN"}, "geometry": {"type": "Polygon", "coordinates": [[[104.739, -5.308], [104.725, -5.296], [104.707, -5.296], [104.712, -5.309], [104.724, -5.317], [104.734, -5.316], [104.739, -5.308]]]}}, {"type": "Feature", "properties": {"domain_id": "1806092002", "name": "SAWANG BALAK"}, "geometry": {"type": "Polygon", "coordinates": [[[104.789, -5.761], [104.781, -5.762], [104.782, -5.776], [104.8, -5.78], [104.842, -5.825], [104.855, -5.832], [104.854, -5.806], [104.838, -5.806], [104.786, -5.766], [104.789, -5.761]]]}}, {"type": "Feature", "properties": {"domain_id": "1806042029", "name": "TANJUNG GUNUNG"}, "geometry": {"type": "Polygon", "coordinates": [[[104.743, -5.309], [104.74, -5.323], [104.745, -5.315], [104.743, -5.309]]]}}, {"type": "Feature", "properties": {"domain_id": "1806092005", "name": "TENGOR"}, "geometry": {"type": "Polygon", "coordinates": [[[104.918, -5.654], [104.916, -5.641], [104.897, -5.65], [104.907, -5.677], [104.918, -5.654]]]}}, {"type": "Feature", "properties": {"domain_id": "1806112009", "name": "BINJAI WANGI"}, "geometry": {"type": "Polygon", "coordinates": [[[104.872, -5.38], [104.867, -5.376], [104.858, -5.394], [104.872, -5.38]]]}}, {"type": "Feature", "properties": {"domain_id": "1806112017", "name": "WAY JAHA"}, "geometry": {"type": "Polygon", "coordinates": [[[104.856, -5.353], [104.845, -5.347], [104.85, -5.362], [104.859, -5.357], [104.856, -5.353]]]}}, {"type": "Feature", "properties": {"domain_id": "1806092009", "name": "BANJAR NEGERI"}, "geometry": {"type": "Polygon", "coordinates": [[[104.973, -5.643], [104.979, -5.642], [104.966, -5.584], [104.957, -5.617], [104.941, -5.628], [104.94, -5.638], [104.973, -5.643]]]}}, {"type": "Feature", "properties": {"domain_id": "1806112019", "name": "GADING"}, "geometry": {"type": "Polygon", "coordinates": [[[104.838, -5.428], [104.805, -5.435], [104.799, -5.441], [104.799, -5.456], [104.822, -5.458], [104.843, -5.435], [104.838, -5.428]]]}}, {"type": "Feature", "properties": {"domain_id": "1806092029", "name": "KUTAKAKHANG"}, "geometry": {"type": "Polygon", "coordinates": [[[104.798, -5.778], [104.78, -5.777], [104.793, -5.787], [104.798, -5.778]]]}}, {"type": "Feature", "properties": {"domain_id": "1806112023", "name": "WAY MANAK"}, "geometry": {"type": "Polygon", "coordinates": [[[104.888, -5.42], [104.865, -5.42], [104.875, -5.43], [104.886, -5.429], [104.888, -5.42]]]}}, {"type": "Feature", "properties": {"domain_id": "1808082005", "name": "SUMA MUKTI"}, "geometry": {"type": "Polygon", "coordinates": [[[104.417, -4.413], [104.406, -4.402], [104.39, -4.404], [104.379, -4.432], [104.371, -4.432], [104.366, -4.448], [104.39, -4.437], [104.417, -4.413]]]}}, {"type": "Feature", "properties": {"domain_id": "1806112013", "name": "NEGERI RATU"}, "geometry": {"type": "Polygon", "coordinates": [[[104.845, -5.352], [104.839, -5.359], [104.847, -5.357], [104.845, -5.352]]]}}, {"type": "Feature", "properties": {"domain_id": "1806112012", "name": "BABAKAN"}, "geometry": {"type": "Polygon", "coordinates": [[[104.899, -5.414], [104.886, -5.423], [104.886, -5.44], [104.892, -5.428], [104.912, -5.429], [104.901, -5.422], [104.906, -5.417], [104.899, -5.414]]]}}, {"type": "Feature", "properties": {"domain_id": "1806112014", "name": "SINAR AGUNG"}, "geometry": {"type": "Polygon", "coordinates": [[[104.849, -5.361], [104.848, -5.356], [104.839, -5.359], [104.849, -5.361]]]}}, {"type": "Feature", "properties": {"domain_id": "1808082006", "name": "RAMSAI"}, "geometry": {"type": "Polygon", "coordinates": [[[104.39, -4.404], [104.405, -4.376], [104.401, -4.37], [104.385, -4.37], [104.373, -4.377], [104.38, -4.391], [104.39, -4.394], [104.381, -4.406], [104.385, -4.417], [104.39, -4.404]]]}}, {"type": "Feature", "properties": {"domain_id": "1806112016", "name": "GUNUNG KASIH"}, "geometry": {"type": "Polygon", "coordinates": [[[104.89, -5.402], [104.887, -5.391], [104.877, -5.403], [104.865, -5.405], [104.864, -5.417], [104.877, -5.41], [104.894, -5.413], [104.89, -5.402]]]}}, {"type": "Feature", "properties": {"domain_id": "1806112022", "name": "GUNUNG TIGA"}, "geometry": {"type": "Polygon", "coordinates": [[[104.894, -5.413], [104.877, -5.41], [104.866, -5.418], [104.883, -5.422], [104.894, -5.413]]]}}, {"type": "Feature", "properties": {"domain_id": "1806112025", "name": "SUKA MULYA"}, "geometry": {"type": "Polygon", "coordinates": [[[104.846, -5.408], [104.808, -5.409], [104.811, -5.428], [104.825, -5.434], [104.826, -5.428], [104.838, -5.427], [104.846, -5.408]]]}}, {"type": "Feature", "properties": {"domain_id": "1806112026", "name": "KAYUHUBI"}, "geometry": {"type": "Polygon", "coordinates": [[[104.807, -5.411], [104.798, -5.409], [104.794, -5.418], [104.799, -5.441], [104.813, -5.431], [104.807, -5.411]]]}}, {"type": "Feature", "properties": {"domain_id": "1811022017", "name": "TEBING KARYA MANDIRI"}, "geometry": {"type": "Polygon", "coordinates": [[[105.462, -4.028], [105.453, -4.024], [105.442, -4.04], [105.455, -4.033], [105.457, -4.046], [105.481, -4.057], [105.483, -4.05], [105.475, -4.05], [105.482, -4.045], [105.48, -4.027], [105.462, -4.028]]]}}, {"type": "Feature", "properties": {"domain_id": "1806122005", "name": "TUGU REJO"}, "geometry": {"type": "Polygon", "coordinates": [[[104.507, -5.492], [104.501, -5.494], [104.504, -5.507], [104.514, -5.499], [104.507, -5.492]]]}}, {"type": "Feature", "properties": {"domain_id": "1806122003", "name": "SUKARAJA"}, "geometry": {"type": "Polygon", "coordinates": [[[104.497, -5.508], [104.488, -5.501], [104.462, -5.53], [104.478, -5.539], [104.484, -5.523], [104.498, -5.518], [104.497, -5.508]]]}}, {"type": "Feature", "properties": {"domain_id": "1806122007", "name": "GARUT"}, "geometry": {"type": "Polygon", "coordinates": [[[104.52, -5.503], [104.512, -5.503], [104.513, -5.511], [104.519, -5.511], [104.52, -5.503]]]}}, {"type": "Feature", "properties": {"domain_id": "1806122011", "name": "SUDIMORO BANGUN"}, "geometry": {"type": "Polygon", "coordinates": [[[104.493, -5.47], [104.487, -5.462], [104.475, -5.47], [104.481, -5.48], [104.495, -5.474], [104.493, -5.47]]]}}, {"type": "Feature", "properties": {"domain_id": "1806122014", "name": "SIDOMULYO"}, "geometry": {"type": "Polygon", "coordinates": [[[104.449, -5.444], [104.439, -5.437], [104.429, -5.442], [104.417, -5.45], [104.419, -5.461], [104.429, -5.46], [104.449, -5.444]]]}}, {"type": "Feature", "properties": {"domain_id": "1806122018", "name": "PARDAWARAS"}, "geometry": {"type": "Polygon", "coordinates": [[[104.475, -5.47], [104.451, -5.467], [104.424, -5.492], [104.428, -5.499], [104.458, -5.488], [104.478, -5.475], [104.475, -5.47]]]}}, {"type": "Feature", "properties": {"domain_id": "1806122019", "name": "SEDAYU"}, "geometry": {"type": "Polygon", "coordinates": [[[104.492, -5.5], [104.472, -5.503], [104.443, -5.522], [104.453, -5.52], [104.462, -5.53], [104.492, -5.5]]]}}, {"type": "Feature", "properties": {"domain_id": "1811022020", "name": "MUARA ASRI"}, "geometry": {"type": "Polygon", "coordinates": [[[105.619, -4.02], [105.631, -4.004], [105.615, -3.981], [105.599, -3.991], [105.619, -4.02]]]}}, {"type": "Feature", "properties": {"domain_id": "1806122022", "name": "SUKAJAYA"}, "geometry": {"type": "Polygon", "coordinates": [[[104.509, -5.532], [104.498, -5.518], [104.483, -5.526], [104.496, -5.539], [104.504, -5.53], [104.509, -5.532]]]}}, {"type": "Feature", "properties": {"domain_id": "1811032001", "name": "SUNGAI BUAYA"}, "geometry": {"type": "Polygon", "coordinates": [[[105.643, -4.064], [105.648, -4.052], [105.623, -4.047], [105.612, -4.066], [105.592, -4.07], [105.602, -4.083], [105.625, -4.086], [105.626, -4.076], [105.643, -4.079], [105.643, -4.064]]]}}, {"type": "Feature", "properties": {"domain_id": "1811032002", "name": "PANGGUNG JAYA"}, "geometry": {"type": "Polygon", "coordinates": [[[105.678, -4.139], [105.644, -4.139], [105.645, -4.153], [105.651, -4.153], [105.656, -4.166], [105.68, -4.162], [105.678, -4.139]]]}}, {"type": "Feature", "properties": {"domain_id": "1806192002", "name": "KAMPUNG BARU"}, "geometry": {"type": "Polygon", "coordinates": [[[104.686, -5.44], [104.681, -5.435], [104.681, -5.49], [104.697, -5.494], [104.686, -5.44]]]}}, {"type": "Feature", "properties": {"domain_id": "1806212005", "name": "SUKABANJAR"}, "geometry": {"type": "Polygon", "coordinates": [[[104.783, -5.39], [104.762, -5.372], [104.775, -5.395], [104.783, -5.39]]]}}, {"type": "Feature", "properties": {"domain_id": "1806282004", "name": "BATU PATAH"}, "geometry": {"type": "Polygon", "coordinates": [[[105.028, -5.66], [105.023, -5.652], [105.009, -5.653], [105.0, -5.679], [104.996, -5.678], [105.003, -5.691], [105.012, -5.694], [105.017, -5.683], [105.033, -5.674], [105.037, -5.665], [105.028, -5.66]]]}}, {"type": "Feature", "properties": {"domain_id": "1806152007", "name": "PENANTIAN ULU BELU"}, "geometry": {"type": "Polygon", "coordinates": [[[104.593, -5.213], [104.588, -5.193], [104.528, -5.231], [104.505, -5.228], [104.512, -5.243], [104.5, -5.25], [104.458, -5.337], [104.48, -5.341], [104.511, -5.289], [104.522, -5.294], [104.545, -5.272], [104.561, -5.286], [104.569, -5.277], [104.588, -5.295], [104.6, -5.279], [104.608, -5.235], [104.597, -5.227], [104.593, -5.213]]]}}, {"type": "Feature", "properties": {"domain_id": "1811042004", "name": "KEBUN DALAM"}, "geometry": {"type": "Polygon", "coordinates": [[[105.143, -4.187], [105.133, -4.161], [105.088, -4.178], [105.096, -4.213], [105.114, -4.204], [105.113, -4.199], [105.143, -4.187]]]}}, {"type": "Feature", "properties": {"domain_id": "1811042003", "name": "BUMI HARAPAN"}, "geometry": {"type": "Polygon", "coordinates": [[[105.146, -4.2], [105.143, -4.187], [105.113, -4.199], [105.119, -4.221], [105.146, -4.2]]]}}, {"type": "Feature", "properties": {"domain_id": "1806152010", "name": "SIRNA GALIH"}, "geometry": {"type": "Polygon", "coordinates": [[[104.541, -5.091], [104.534, -5.096], [104.532, -5.11], [104.516, -5.121], [104.518, -5.134], [104.512, -5.135], [104.501, -5.125], [104.483, -5.141], [104.465, -5.146], [104.471, -5.162], [104.461, -5.2], [104.472, -5.2], [104.474, -5.21], [104.489, -5.195], [104.512, -5.197], [104.52, -5.191], [104.516, -5.187], [104.567, -5.173], [104.588, -5.193], [104.61, -5.178], [104.609, -5.138], [104.584, -5.125], [104.556, -5.096], [104.541, -5.091]]]}}, {"type": "Feature", "properties": {"domain_id": "1806152013", "name": "TANJUNG BARU"}, "geometry": {"type": "Polygon", "coordinates": [[[104.5, -5.25], [104.497, -5.246], [104.47, -5.259], [104.472, -5.267], [104.437, -5.291], [104.437, -5.299], [104.398, -5.305], [104.419, -5.316], [104.417, -5.327], [104.458, -5.337], [104.5, -5.25]]]}}, {"type": "Feature", "properties": {"domain_id": "1811042005", "name": "PANCA WARNA"}, "geometry": {"type": "Polygon", "coordinates": [[[105.133, -4.161], [105.123, -4.134], [105.086, -4.153], [105.088, -4.178], [105.133, -4.161]]]}}, {"type": "Feature", "properties": {"domain_id": "1811042007", "name": "SUKA AGUNG"}, "geometry": {"type": "Polygon", "coordinates": [[[105.201, -4.048], [105.2, -4.024], [105.163, -4.026], [105.163, -4.047], [105.201, -4.048]]]}}, {"type": "Feature", "properties": {"domain_id": "1806162001", "name": "TAMPANG TUA"}, "geometry": {"type": "MultiPolygon", "coordinates": [[[[104.683, -5.87], [104.666, -5.869], [104.645, -5.88], [104.66, -5.9], [104.658, -5.913], [104.665, -5.915], [104.659, -5.919], [104.659, -5.936], [104.673, -5.935], [104.668, -5.929], [104.681, -5.926], [104.683, -5.933], [104.678, -5.935], [104.731, -5.932], [104.727, -5.911], [104.713, -5.891], [104.699, -5.881], [104.698, -5.873], [104.683, -5.87]]], [[[104.681, -5.932], [104.681, -5.933], [104.682, -5.932], [104.681, -5.932]]], [[[104.683, -5.933], [104.683, -5.931], [104.682, -5.933], [104.683, -5.933]]], [[[104.678, -5.933], [104.679, -5.932], [104.677, -5.931], [104.678, -5.933]]]]}}, {"type": "Feature", "properties": {"domain_id": "1806162002", "name": "KAUR GADING"}, "geometry": {"type": "Polygon", "coordinates": [[[104.711, -5.836], [104.693, -5.81], [104.687, -5.811], [104.683, -5.826], [104.665, -5.828], [104.654, -5.821], [104.638, -5.832], [104.682, -5.844], [104.701, -5.833], [104.711, -5.836]]]}}, {"type": "Feature", "properties": {"domain_id": "1811042008", "name": "REJO MULYO"}, "geometry": {"type": "Polygon", "coordinates": [[[105.161, -4.037], [105.129, -4.039], [105.144, -4.072], [105.163, -4.07], [105.161, -4.037]]]}}, {"type": "Feature", "properties": {"domain_id": "1811042010", "name": "LABUHAN BATIN"}, "geometry": {"type": "Polygon", "coordinates": [[[105.129, -4.022], [105.115, -4.013], [105.114, -4.004], [105.108, -4.009], [105.105, -4.025], [105.121, -4.034], [105.12, -4.047], [105.11, -4.051], [105.095, -4.046], [105.078, -4.086], [105.061, -4.097], [105.066, -4.12], [105.05, -4.141], [105.059, -4.143], [105.067, -4.121], [105.104, -4.122], [105.109, -4.116], [105.109, -4.087], [105.121, -4.086], [105.121, -4.081], [105.109, -4.081], [105.109, -4.072], [105.116, -4.072], [105.116, -4.057], [105.122, -4.058], [105.124, -4.047], [105.131, -4.046], [105.129, -4.022]]]}}, {"type": "Feature", "properties": {"domain_id": "1806162014", "name": "KAMPUNG BARU"}, "geometry": {"type": "Polygon", "coordinates": [[[104.538, -5.551], [104.517, -5.556], [104.506, -5.567], [104.532, -5.574], [104.531, -5.557], [104.538, -5.551]]]}}, {"type": "Feature", "properties": {"domain_id": "1811042012", "name": "LABUHAN MAKMUR"}, "geometry": {"type": "Polygon", "coordinates": [[[105.086, -4.168], [105.086, -4.153], [105.055, -4.154], [105.06, -4.179], [105.086, -4.168]]]}}, {"type": "Feature", "properties": {"domain_id": "1806172002", "name": "PEKON SUSUK"}, "geometry": {"type": "MultiPolygon", "coordinates": [[[[105.054, -5.728], [105.047, -5.724], [105.043, -5.732], [105.046, -5.745], [105.058, -5.757], [105.07, -5.739], [105.065, -5.73], [105.054, -5.728]]], [[[105.057, -5.758], [105.058, -5.758], [105.058, -5.757], [105.057, -5.758]]], [[[105.057, -5.758], [105.057, -5.757], [105.056, -5.758], [105.057, -5.758]]]]}}, {"type": "Feature", "properties": {"domain_id": "1806172012", "name": "KILUAN NEGERI"}, "geometry": {"type": "MultiPolygon", "coordinates": [[[[105.126, -5.762], [105.098, -5.779], [105.089, -5.796], [105.098, -5.794], [105.117, -5.775], [105.128, -5.785], [105.126, -5.797], [105.133, -5.793], [105.149, -5.809], [105.173, -5.801], [105.195, -5.802], [105.195, -5.795], [105.146, -5.79], [105.126, -5.762]]], [[[105.155, -5.807], [105.154, -5.807], [105.155, -5.809], [105.155, -5.807]]], [[[105.185, -5.806], [105.186, -5.805], [105.185, -5.805], [105.185, -5.806]]], [[[105.14, -5.802], [105.139, -5.803], [105.14, -5.804], [105.14, -5.802]]], [[[105.193, -5.803], [105.193, -5.802], [105.192, -5.803], [105.193, -5.803]]], [[[105.083, -5.796], [105.082, -5.798], [105.084, -5.797], [105.083, -5.796]]], [[[105.094, -5.781], [105.094, -5.779], [105.091, -5.783], [105.094, -5.781]]], [[[105.115, -5.777], [105.114, -5.777], [105.114, -5.778], [105.115, -5.777]]]]}}, {"type": "Feature", "properties": {"domain_id": "1806182001", "name": "BELU"}, "geometry": {"type": "Polygon", "coordinates": [[[104.559, -5.482], [104.557, -5.5], [104.562, -5.5], [104.559, -5.482]]]}}, {"type": "Feature", "properties": {"domain_id": "1806182009", "name": "GEDUNG JAMBU"}, "geometry": {"type": "Polygon", "coordinates": [[[104.601, -5.476], [104.587, -5.479], [104.587, -5.485], [104.6, -5.485], [104.601, -5.476]]]}}, {"type": "Feature", "properties": {"domain_id": "1806182014", "name": "PEJAJARAN"}, "geometry": {"type": "Polygon", "coordinates": [[[104.604, -5.476], [104.604, -5.466], [104.6, -5.473], [104.604, -5.476]]]}}, {"type": "Feature", "properties": {"domain_id": "1806192004", "name": "MENGGALA"}, "geometry": {"type": "Polygon", "coordinates": [[[104.685, -5.508], [104.7, -5.513], [104.725, -5.48], [104.707, -5.491], [104.699, -5.506], [104.685, -5.508]]]}}, {"type": "Feature", "properties": {"domain_id": "1806192008", "name": "KAGUNGAN"}, "geometry": {"type": "Polygon", "coordinates": [[[104.675, -5.496], [104.67, -5.496], [104.669, -5.517], [104.685, -5.516], [104.685, -5.503], [104.676, -5.503], [104.675, -5.496]]]}}, {"type": "Feature", "properties": {"domain_id": "1806192012", "name": "TANJUNG JATI"}, "geometry": {"type": "Polygon", "coordinates": [[[104.69, -5.441], [104.692, -5.476], [104.698, -5.478], [104.697, -5.494], [104.703, -5.498], [104.72, -5.482], [104.708, -5.468], [104.696, -5.465], [104.69, -5.441]]]}}, {"type": "Feature", "properties": {"domain_id": "1806192011", "name": "TALANG REJO"}, "geometry": {"type": "Polygon", "coordinates": [[[104.681, -5.486], [104.681, -5.435], [104.675, -5.437], [104.673, -5.459], [104.674, -5.485], [104.681, -5.486]]]}}, {"type": "Feature", "properties": {"domain_id": "1806202002", "name": "CAMPANG"}, "geometry": {"type": "Polygon", "coordinates": [[[104.74, -5.389], [104.723, -5.385], [104.723, -5.393], [104.71, -5.407], [104.729, -5.413], [104.727, -5.408], [104.739, -5.407], [104.74, -5.389]]]}}, {"type": "Feature", "properties": {"domain_id": "1806202007", "name": "SIDOKATON"}, "geometry": {"type": "Polygon", "coordinates": [[[104.709, -5.402], [104.7, -5.4], [104.693, -5.405], [104.692, -5.425], [104.719, -5.417], [104.709, -5.402]]]}}, {"type": "Feature", "properties": {"domain_id": "1806202008", "name": "LANDBAW"}, "geometry": {"type": "Polygon", "coordinates": [[[104.729, -5.413], [104.704, -5.423], [104.73, -5.421], [104.729, -5.413]]]}}, {"type": "Feature", "properties": {"domain_id": "1806212003", "name": "BANJAR AGUNG"}, "geometry": {"type": "Polygon", "coordinates": [[[104.765, -5.396], [104.739, -5.396], [104.749, -5.4], [104.765, -5.396]]]}}, {"type": "Feature", "properties": {"domain_id": "1806212002", "name": "SUKARAJA"}, "geometry": {"type": "Polygon", "coordinates": [[[104.764, -5.399], [104.747, -5.4], [104.75, -5.408], [104.771, -5.405], [104.764, -5.399]]]}}, {"type": "Feature", "properties": {"domain_id": "1806212006", "name": "SUKAMERNAH"}, "geometry": {"type": "Polygon", "coordinates": [[[104.799, -5.403], [104.788, -5.389], [104.773, -5.394], [104.784, -5.407], [104.798, -5.41], [104.799, -5.403]]]}}, {"type": "Feature", "properties": {"domain_id": "1808042001", "name": "SETIA NEGARA"}, "geometry": {"type": "Polygon", "coordinates": [[[104.561, -4.737], [104.577, -4.725], [104.575, -4.701], [104.556, -4.706], [104.554, -4.735], [104.561, -4.737]]]}}, {"type": "Feature", "properties": {"domain_id": "1806242001", "name": "BADAK"}, "geometry": {"type": "Polygon", "coordinates": [[[104.853, -5.603], [104.816, -5.607], [104.811, -5.616], [104.828, -5.621], [104.853, -5.603]]]}}, {"type": "Feature", "properties": {"domain_id": "1806282003", "name": "MERBAU"}, "geometry": {"type": "Polygon", "coordinates": [[[105.031, -5.648], [105.029, -5.634], [105.015, -5.625], [105.013, -5.648], [105.028, -5.66], [105.031, -5.648]]]}}, {"type": "Feature", "properties": {"domain_id": "1806242008", "name": "PARIAMAN"}, "geometry": {"type": "Polygon", "coordinates": [[[104.834, -5.552], [104.827, -5.557], [104.795, -5.547], [104.771, -5.563], [104.771, -5.573], [104.775, -5.577], [104.784, -5.572], [104.791, -5.579], [104.817, -5.572], [104.819, -5.567], [104.836, -5.564], [104.834, -5.552]]]}}, {"type": "Feature", "properties": {"domain_id": "1806242010", "name": "TANJUNG SIOM"}, "geometry": {"type": "Polygon", "coordinates": [[[104.836, -5.535], [104.826, -5.518], [104.822, -5.536], [104.834, -5.552], [104.846, -5.555], [104.836, -5.535]]]}}, {"type": "Feature", "properties": {"domain_id": "1806252006", "name": "GUNUNG DOH"}, "geometry": {"type": "Polygon", "coordinates": [[[104.46, -5.396], [104.439, -5.366], [104.442, -5.425], [104.445, -5.431], [104.452, -5.43], [104.455, -5.453], [104.463, -5.451], [104.463, -5.434], [104.45, -5.424], [104.45, -5.411], [104.455, -5.392], [104.46, -5.396]]]}}, {"type": "Feature", "properties": {"domain_id": "1806262001", "name": "WAY HARONG"}, "geometry": {"type": "Polygon", "coordinates": [[[104.774, -5.29], [104.76, -5.279], [104.76, -5.285], [104.738, -5.295], [104.754, -5.307], [104.774, -5.29]]]}}, {"type": "Feature", "properties": {"domain_id": "1806252011", "name": "TULUNG SARI"}, "geometry": {"type": "Polygon", "coordinates": [[[104.51, -5.419], [104.503, -5.419], [104.49, -5.431], [104.51, -5.419]]]}}, {"type": "Feature", "properties": {"domain_id": "1806262010", "name": "MARGOMULYO"}, "geometry": {"type": "Polygon", "coordinates": [[[104.679, -5.241], [104.667, -5.239], [104.638, -5.251], [104.668, -5.261], [104.688, -5.257], [104.705, -5.261], [104.695, -5.243], [104.679, -5.241]]]}}, {"type": "Feature", "properties": {"domain_id": "1811042020", "name": "SUKA MANDIRI"}, "geometry": {"type": "Polygon", "coordinates": [[[105.201, -4.048], [105.163, -4.047], [105.163, -4.07], [105.158, -4.071], [105.195, -4.069], [105.195, -4.064], [105.201, -4.066], [105.201, -4.048]]]}}, {"type": "Feature", "properties": {"domain_id": "1806272003", "name": "BANJARMASIN"}, "geometry": {"type": "Polygon", "coordinates": [[[104.912, -5.445], [104.904, -5.447], [104.901, -5.46], [104.895, -5.462], [104.894, -5.481], [104.901, -5.493], [104.916, -5.453], [104.912, -5.445]]]}}, {"type": "Feature", "properties": {"domain_id": "1808052024", "name": "BUMI  AGUNG"}, "geometry": {"type": "Polygon", "coordinates": [[[104.684, -4.335], [104.652, -4.326], [104.655, -4.341], [104.647, -4.355], [104.647, -4.37], [104.68, -4.347], [104.684, -4.335]]]}}, {"type": "Feature", "properties": {"domain_id": "1811052001", "name": "SIMPANG PEMATANG"}, "geometry": {"type": "Polygon", "coordinates": [[[105.247, -3.995], [105.228, -3.995], [105.228, -4.021], [105.248, -4.023], [105.247, -3.995]]]}}, {"type": "Feature", "properties": {"domain_id": "1806282002", "name": "SIDOHARJO"}, "geometry": {"type": "Polygon", "coordinates": [[[105.062, -5.661], [105.041, -5.661], [105.012, -5.694], [105.035, -5.688], [105.055, -5.694], [105.071, -5.679], [105.062, -5.661]]]}}, {"type": "Feature", "properties": {"domain_id": "1806272009", "name": "PEMATANG NEBAK"}, "geometry": {"type": "Polygon", "coordinates": [[[104.892, -5.54], [104.882, -5.529], [104.88, -5.508], [104.864, -5.508], [104.867, -5.534], [104.889, -5.553], [104.892, -5.54]]]}}, {"type": "Feature", "properties": {"domain_id": "1811052011", "name": "MARGO MAKMUR"}, "geometry": {"type": "Polygon", "coordinates": [[[105.216, -3.973], [105.221, -3.973], [105.22, -3.959], [105.197, -3.96], [105.197, -3.938], [105.19, -3.938], [105.19, -3.923], [105.181, -3.923], [105.179, -3.967], [105.194, -3.968], [105.192, -3.981], [105.211, -3.981], [105.211, -3.973], [105.216, -3.973]]]}}, {"type": "Feature", "properties": {"domain_id": "1806282006", "name": "MARGA MULYA"}, "geometry": {"type": "Polygon", "coordinates": [[[105.015, -5.625], [105.008, -5.607], [105.0, -5.605], [104.993, -5.645], [105.003, -5.665], [105.015, -5.651], [105.011, -5.641], [105.015, -5.625]]]}}, {"type": "Feature", "properties": {"domain_id": "1807012006", "name": "TERBANGI MARGA"}, "geometry": {"type": "Polygon", "coordinates": [[[105.522, -5.079], [105.525, -5.07], [105.52, -5.05], [105.518, -5.073], [105.502, -5.09], [105.515, -5.09], [105.522, -5.079]]]}}, {"type": "Feature", "properties": {"domain_id": "1807012016", "name": "PUTRA AJI II"}, "geometry": {"type": "Polygon", "coordinates": [[[105.6, -5.164], [105.615, -5.142], [105.617, -5.115], [105.599, -5.143], [105.59, -5.139], [105.585, -5.165], [105.6, -5.164]]]}}, {"type": "Feature", "properties": {"domain_id": "1807072015", "name": "LABUHAN RATU DANAU"}, "geometry": {"type": "Polygon", "coordinates": [[[105.677, -5.181], [105.656, -5.176], [105.658, -5.203], [105.673, -5.214], [105.674, -5.203], [105.684, -5.201], [105.677, -5.181]]]}}, {"type": "Feature", "properties": {"domain_id": "1807012014", "name": "SUKADANA TIMUR"}, "geometry": {"type": "Polygon", "coordinates": [[[105.643, -5.043], [105.595, -5.052], [105.597, -5.067], [105.589, -5.082], [105.601, -5.095], [105.642, -5.092], [105.643, -5.043]]]}}, {"type": "Feature", "properties": {"domain_id": "1811062001", "name": "ADI LUHUR"}, "geometry": {"type": "Polygon", "coordinates": [[[105.307, -3.929], [105.271, -3.934], [105.268, -3.978], [105.304, -3.975], [105.299, -3.947], [105.307, -3.94], [105.307, -3.929]]]}}, {"type": "Feature", "properties": {"domain_id": "1811062002", "name": "MUKTI KARYA"}, "geometry": {"type": "Polygon", "coordinates": [[[105.31, -3.973], [105.294, -3.986], [105.273, -3.986], [105.271, -4.019], [105.314, -4.009], [105.31, -3.973]]]}}, {"type": "Feature", "properties": {"domain_id": "1807022009", "name": "SRIGADING"}, "geometry": {"type": "Polygon", "coordinates": [[[105.835, -5.258], [105.808, -5.256], [105.799, -5.273], [105.809, -5.291], [105.816, -5.281], [105.829, -5.282], [105.835, -5.258]]]}}, {"type": "Feature", "properties": {"domain_id": "1807032004", "name": "GUNUNG MEKAR"}, "geometry": {"type": "Polygon", "coordinates": [[[105.766, -5.471], [105.729, -5.478], [105.728, -5.487], [105.765, -5.496], [105.766, -5.471]]]}}, {"type": "Feature", "properties": {"domain_id": "1807032005", "name": "GUNUNG SUGIH KECIL"}, "geometry": {"type": "Polygon", "coordinates": [[[105.74, -5.45], [105.73, -5.453], [105.731, -5.48], [105.745, -5.47], [105.74, -5.45]]]}}, {"type": "Feature", "properties": {"domain_id": "1807032006", "name": "PEMATANG TAHALO"}, "geometry": {"type": "Polygon", "coordinates": [[[105.693, -5.37], [105.676, -5.342], [105.684, -5.364], [105.672, -5.385], [105.688, -5.421], [105.732, -5.429], [105.737, -5.417], [105.717, -5.407], [105.693, -5.37]]]}}, {"type": "Feature", "properties": {"domain_id": "1807032018", "name": "MUMBANG JAYA"}, "geometry": {"type": "Polygon", "coordinates": [[[105.725, -5.536], [105.721, -5.501], [105.715, -5.495], [105.705, -5.508], [105.716, -5.532], [105.725, -5.536]]]}}, {"type": "Feature", "properties": {"domain_id": "1807082002", "name": "TAMAN ASRI"}, "geometry": {"type": "Polygon", "coordinates": [[[105.486, -5.005], [105.48, -5.003], [105.484, -4.991], [105.472, -4.987], [105.47, -4.998], [105.46, -5.007], [105.465, -5.014], [105.479, -5.012], [105.488, -5.018], [105.486, -5.005]]]}}, {"type": "Feature", "properties": {"domain_id": "1807082001", "name": "TAMAN FAJAR"}, "geometry": {"type": "Polygon", "coordinates": [[[105.563, -4.98], [105.553, -4.972], [105.519, -4.97], [105.507, -4.979], [105.499, -4.972], [105.496, -4.984], [105.503, -4.987], [105.528, -4.976], [105.554, -4.986], [105.563, -4.98]]]}}, {"type": "Feature", "properties": {"domain_id": "1811062003", "name": "FAJAR BARU"}, "geometry": {"type": "Polygon", "coordinates": [[[105.314, -3.906], [105.314, -3.898], [105.3, -3.898], [105.3, -3.908], [105.267, -3.911], [105.266, -3.93], [105.279, -3.934], [105.307, -3.929], [105.307, -3.908], [105.314, -3.906]]]}}, {"type": "Feature", "properties": {"domain_id": "1807042004", "name": "GONDANGREJO"}, "geometry": {"type": "Polygon", "coordinates": [[[105.411, -5.065], [105.363, -5.086], [105.364, -5.093], [105.371, -5.097], [105.382, -5.088], [105.407, -5.084], [105.404, -5.075], [105.411, -5.065]]]}}, {"type": "Feature", "properties": {"domain_id": "1807042003", "name": "SIDODADI"}, "geometry": {"type": "Polygon", "coordinates": [[[105.404, -5.085], [105.382, -5.088], [105.371, -5.097], [105.361, -5.086], [105.352, -5.096], [105.365, -5.099], [105.366, -5.104], [105.378, -5.098], [105.395, -5.106], [105.405, -5.095], [105.404, -5.085]]]}}, {"type": "Feature", "properties": {"domain_id": "1811062004", "name": "ADI MULYO"}, "geometry": {"type": "Polygon", "coordinates": [[[105.266, -3.925], [105.237, -3.923], [105.233, -3.958], [105.268, -3.975], [105.266, -3.925]]]}}, {"type": "Feature", "properties": {"domain_id": "1807182005", "name": "NIBUNG"}, "geometry": {"type": "Polygon", "coordinates": [[[105.784, -5.407], [105.776, -5.397], [105.741, -5.395], [105.744, -5.418], [105.76, -5.425], [105.794, -5.427], [105.804, -5.407], [105.784, -5.407]]]}}, {"type": "Feature", "properties": {"domain_id": "1807192005", "name": "KEDUNG RINGIN"}, "geometry": {"type": "Polygon", "coordinates": [[[105.784, -5.554], [105.746, -5.548], [105.737, -5.556], [105.751, -5.581], [105.782, -5.574], [105.784, -5.554]]]}}, {"type": "Feature", "properties": {"domain_id": "1808022012", "name": "SINAR GADING"}, "geometry": {"type": "Polygon", "coordinates": [[[104.433, -4.765], [104.421, -4.752], [104.413, -4.757], [104.413, -4.769], [104.43, -4.783], [104.433, -4.765]]]}}, {"type": "Feature", "properties": {"domain_id": "1808022016", "name": "TANGKAS"}, "geometry": {"type": "Polygon", "coordinates": [[[104.448, -4.651], [104.441, -4.649], [104.443, -4.668], [104.451, -4.668], [104.451, -4.656], [104.46, -4.655], [104.448, -4.651]]]}}, {"type": "Feature", "properties": {"domain_id": "1807052010", "name": "SIDODADI"}, "geometry": {"type": "Polygon", "coordinates": [[[105.427, -5.134], [105.423, -5.127], [105.41, -5.134], [105.405, -5.149], [105.431, -5.166], [105.417, -5.144], [105.427, -5.134]]]}}, {"type": "Feature", "properties": {"domain_id": "1807052014", "name": "MEKAR MULYA"}, "geometry": {"type": "Polygon", "coordinates": [[[105.468, -5.196], [105.464, -5.19], [105.453, -5.191], [105.45, -5.203], [105.438, -5.209], [105.437, -5.216], [105.46, -5.223], [105.468, -5.196]]]}}, {"type": "Feature", "properties": {"domain_id": "1807072002", "name": "BRAJA FAJAR"}, "geometry": {"type": "Polygon", "coordinates": [[[105.768, -5.264], [105.755, -5.255], [105.747, -5.258], [105.752, -5.273], [105.785, -5.279], [105.779, -5.265], [105.768, -5.264]]]}}, {"type": "Feature", "properties": {"domain_id": "1807052015", "name": "JADI MULYO"}, "geometry": {"type": "Polygon", "coordinates": [[[105.471, -5.164], [105.456, -5.16], [105.452, -5.167], [105.477, -5.177], [105.476, -5.165], [105.471, -5.164]]]}}, {"type": "Feature", "properties": {"domain_id": "1807062002", "name": "BUANA SAKTI"}, "geometry": {"type": "Polygon", "coordinates": [[[105.397, -5.173], [105.39, -5.178], [105.38, -5.169], [105.368, -5.176], [105.356, -5.169], [105.349, -5.171], [105.347, -5.181], [105.361, -5.188], [105.373, -5.21], [105.375, -5.192], [105.392, -5.191], [105.397, -5.173]]]}}, {"type": "Feature", "properties": {"domain_id": "1807062005", "name": "ADIWARNO"}, "geometry": {"type": "Polygon", "coordinates": [[[105.353, -5.159], [105.341, -5.151], [105.33, -5.153], [105.327, -5.166], [105.348, -5.164], [105.349, -5.172], [105.366, -5.171], [105.368, -5.176], [105.377, -5.172], [105.353, -5.159]]]}}, {"type": "Feature", "properties": {"domain_id": "1807072013", "name": "SUMUR BANDUNG"}, "geometry": {"type": "Polygon", "coordinates": [[[105.656, -5.176], [105.66, -5.172], [105.635, -5.183], [105.614, -5.18], [105.616, -5.199], [105.635, -5.192], [105.636, -5.204], [105.644, -5.193], [105.658, -5.203], [105.656, -5.176]]]}}, {"type": "Feature", "properties": {"domain_id": "1807082006", "name": "TAMAN ENDAH"}, "geometry": {"type": "Polygon", "coordinates": [[[105.563, -4.98], [105.554, -4.986], [105.528, -4.976], [105.509, -4.986], [105.489, -4.987], [105.515, -4.996], [105.529, -4.985], [105.545, -4.984], [105.559, -4.991], [105.571, -4.979], [105.563, -4.98]]]}}, {"type": "Feature", "properties": {"domain_id": "1807102004", "name": "PURBOSEMBODO"}, "geometry": {"type": "Polygon", "coordinates": [[[105.305, -5.22], [105.302, -5.189], [105.295, -5.189], [105.286, -5.214], [105.305, -5.22]]]}}, {"type": "Feature", "properties": {"domain_id": "1807102003", "name": "MARGOTOTO"}, "geometry": {"type": "Polygon", "coordinates": [[[105.349, -5.171], [105.348, -5.164], [105.322, -5.165], [105.313, -5.173], [105.317, -5.191], [105.325, -5.19], [105.326, -5.2], [105.343, -5.206], [105.344, -5.178], [105.349, -5.171]]]}}, {"type": "Feature", "properties": {"domain_id": "1807172005", "name": "ITIK RENDAY"}, "geometry": {"type": "Polygon", "coordinates": [[[105.731, -5.383], [105.719, -5.382], [105.719, -5.376], [105.699, -5.359], [105.698, -5.347], [105.692, -5.351], [105.693, -5.37], [105.715, -5.405], [105.735, -5.416], [105.731, -5.383]]]}}, {"type": "Feature", "properties": {"domain_id": "1807082010", "name": "TEGAL YOSO"}, "geometry": {"type": "Polygon", "coordinates": [[[105.595, -4.95], [105.553, -4.943], [105.537, -4.965], [105.522, -4.96], [105.508, -4.965], [105.518, -4.971], [105.553, -4.972], [105.563, -4.98], [105.606, -4.955], [105.595, -4.95]]]}}, {"type": "Feature", "properties": {"domain_id": "1807082011", "name": "TAMBAH LUHUR"}, "geometry": {"type": "Polygon", "coordinates": [[[105.492, -4.92], [105.482, -4.922], [105.486, -4.948], [105.475, -4.949], [105.493, -4.958], [105.504, -4.947], [105.491, -4.943], [105.492, -4.92]]]}}, {"type": "Feature", "properties": {"domain_id": "1807092004", "name": "RATNA DAYA"}, "geometry": {"type": "Polygon", "coordinates": [[[105.475, -4.953], [105.446, -4.964], [105.444, -4.971], [105.454, -4.976], [105.45, -4.984], [105.466, -4.986], [105.475, -4.98], [105.477, -4.967], [105.47, -4.963], [105.475, -4.953]]]}}, {"type": "Feature", "properties": {"domain_id": "1807092005", "name": "REJO BINANGUN"}, "geometry": {"type": "Polygon", "coordinates": [[[105.446, -4.964], [105.435, -4.957], [105.425, -4.965], [105.415, -4.959], [105.401, -4.982], [105.41, -4.988], [105.422, -4.982], [105.432, -4.987], [105.446, -4.964]]]}}, {"type": "Feature", "properties": {"domain_id": "1807092010", "name": "REJO KATON"}, "geometry": {"type": "Polygon", "coordinates": [[[105.451, -4.93], [105.449, -4.922], [105.463, -4.919], [105.453, -4.913], [105.464, -4.899], [105.462, -4.893], [105.44, -4.918], [105.419, -4.922], [105.43, -4.94], [105.451, -4.93]]]}}, {"type": "Feature", "properties": {"domain_id": "1807092011", "name": "RAMA PUJA"}, "geometry": {"type": "Polygon", "coordinates": [[[105.439, -4.884], [105.399, -4.922], [105.406, -4.927], [105.42, -4.916], [105.426, -4.924], [105.446, -4.914], [105.455, -4.901], [105.443, -4.898], [105.439, -4.884]]]}}, {"type": "Feature", "properties": {"domain_id": "1807092009", "name": "RESTU RAHAYU"}, "geometry": {"type": "Polygon", "coordinates": [[[105.477, -4.888], [105.462, -4.893], [105.464, -4.899], [105.453, -4.913], [105.463, -4.919], [105.448, -4.923], [105.453, -4.932], [105.47, -4.922], [105.481, -4.928], [105.485, -4.919], [105.496, -4.918], [105.497, -4.911], [105.489, -4.904], [105.494, -4.899], [105.477, -4.888]]]}}, {"type": "Feature", "properties": {"domain_id": "1807112009", "name": "SUKADANA BARU"}, "geometry": {"type": "Polygon", "coordinates": [[[105.585, -5.165], [105.564, -5.159], [105.536, -5.177], [105.536, -5.184], [105.547, -5.185], [105.549, -5.195], [105.562, -5.177], [105.577, -5.178], [105.585, -5.165]]]}}, {"type": "Feature", "properties": {"domain_id": "1807122006", "name": "GUNUNG AGUNG"}, "geometry": {"type": "Polygon", "coordinates": [[[105.515, -5.28], [105.503, -5.276], [105.491, -5.288], [105.482, -5.286], [105.484, -5.303], [105.526, -5.326], [105.52, -5.321], [105.529, -5.321], [105.531, -5.31], [105.525, -5.304], [105.52, -5.307], [105.515, -5.28]]]}}, {"type": "Feature", "properties": {"domain_id": "1807122010", "name": "GUNUNG SUGIH BESAR"}, "geometry": {"type": "Polygon", "coordinates": [[[105.575, -5.301], [105.556, -5.302], [105.558, -5.316], [105.547, -5.327], [105.554, -5.333], [105.547, -5.332], [105.545, -5.342], [105.576, -5.329], [105.583, -5.312], [105.576, -5.311], [105.575, -5.301]]]}}, {"type": "Feature", "properties": {"domain_id": "1807122009", "name": "GUNUNG PASIR JAYA"}, "geometry": {"type": "Polygon", "coordinates": [[[105.548, -5.299], [105.526, -5.302], [105.532, -5.318], [105.52, -5.321], [105.527, -5.324], [105.522, -5.326], [105.531, -5.339], [105.554, -5.333], [105.547, -5.327], [105.558, -5.316], [105.557, -5.304], [105.548, -5.299]]]}}, {"type": "Feature", "properties": {"domain_id": "1807212008", "name": "RAJABASA LAMA II"}, "geometry": {"type": "Polygon", "coordinates": [[[105.878, -4.682], [105.853, -4.675], [105.857, -4.633], [105.845, -4.631], [105.833, -4.62], [105.829, -4.638], [105.817, -4.65], [105.813, -4.677], [105.82, -4.705], [105.81, -4.706], [105.804, -4.723], [105.812, -4.731], [105.807, -4.737], [105.814, -4.748], [105.797, -4.755], [105.786, -4.742], [105.76, -4.781], [105.749, -4.922], [105.67, -5.02], [105.643, -5.043], [105.646, -5.053], [105.638, -5.073], [105.643, -5.083], [105.669, -5.089], [105.67, -5.043], [105.675, -5.031], [105.756, -4.965], [105.866, -4.99], [105.877, -4.958], [105.899, -4.942], [105.9, -4.923], [105.873, -4.877], [105.862, -4.825], [105.866, -4.749], [105.884, -4.701], [105.878, -4.682]]]}}, {"type": "Feature", "properties": {"domain_id": "1807122011", "name": "SIDOREJO"}, "geometry": {"type": "Polygon", "coordinates": [[[105.635, -5.289], [105.633, -5.271], [105.586, -5.283], [105.596, -5.31], [105.602, -5.307], [105.607, -5.32], [105.618, -5.323], [105.632, -5.322], [105.635, -5.315], [105.635, -5.289]]]}}, {"type": "Feature", "properties": {"domain_id": "1807122012", "name": "BRAWIJAYA"}, "geometry": {"type": "Polygon", "coordinates": [[[105.668, -5.327], [105.654, -5.298], [105.635, -5.294], [105.628, -5.344], [105.658, -5.347], [105.668, -5.327]]]}}, {"type": "Feature", "properties": {"domain_id": "1807122014", "name": "BUMI MULYO"}, "geometry": {"type": "Polygon", "coordinates": [[[105.581, -5.221], [105.557, -5.234], [105.532, -5.236], [105.534, -5.251], [105.552, -5.25], [105.553, -5.242], [105.581, -5.221]]]}}, {"type": "Feature", "properties": {"domain_id": "1807132004", "name": "KEDATON"}, "geometry": {"type": "Polygon", "coordinates": [[[105.401, -4.983], [105.346, -5.004], [105.363, -5.011], [105.367, -5.004], [105.39, -5.014], [105.401, -4.983]]]}}, {"type": "Feature", "properties": {"domain_id": "1807122015", "name": "PURWOKENCONO"}, "geometry": {"type": "Polygon", "coordinates": [[[105.611, -5.213], [105.602, -5.217], [105.59, -5.211], [105.557, -5.239], [105.567, -5.254], [105.58, -5.262], [105.591, -5.247], [105.608, -5.244], [105.612, -5.234], [105.629, -5.233], [105.611, -5.213]]]}}, {"type": "Feature", "properties": {"domain_id": "1807132011", "name": "GUNUNG TIGA"}, "geometry": {"type": "MultiPolygon", "coordinates": [[[[105.449, -5.03], [105.43, -5.055], [105.418, -5.055], [105.404, -5.075], [105.419, -5.097], [105.441, -5.08], [105.455, -5.053], [105.449, -5.03]]], [[[105.438, -5.084], [105.434, -5.083], [105.44, -5.087], [105.436, -5.1], [105.458, -5.095], [105.454, -5.088], [105.438, -5.084]]]]}}, {"type": "Feature", "properties": {"domain_id": "1807132009", "name": "GEDUNG DALEM"}, "geometry": {"type": "MultiPolygon", "coordinates": [[[[105.386, -5.02], [105.368, -5.025], [105.371, -5.037], [105.382, -5.041], [105.399, -5.037], [105.386, -5.02]]], [[[105.427, -5.036], [105.426, -5.031], [105.413, -5.041], [105.406, -5.057], [105.412, -5.059], [105.409, -5.066], [105.425, -5.052], [105.427, -5.036]]]]}}, {"type": "Feature", "properties": {"domain_id": "1807132012", "name": "NEGARA RATU"}, "geometry": {"type": "MultiPolygon", "coordinates": [[[[105.468, -5.027], [105.453, -5.039], [105.457, -5.06], [105.471, -5.08], [105.476, -5.033], [105.468, -5.027]]], [[[105.422, -5.02], [105.417, -5.026], [105.424, -5.034], [105.432, -5.027], [105.422, -5.02]]]]}}, {"type": "Feature", "properties": {"domain_id": "1807142001", "name": "DONOMULYO"}, "geometry": {"type": "Polygon", "coordinates": [[[105.496, -5.091], [105.47, -5.09], [105.463, -5.098], [105.466, -5.107], [105.485, -5.117], [105.504, -5.117], [105.496, -5.091]]]}}, {"type": "Feature", "properties": {"domain_id": "1807142005", "name": "MARGA MULYA"}, "geometry": {"type": "Polygon", "coordinates": [[[105.435, -5.092], [105.421, -5.099], [105.432, -5.117], [105.443, -5.114], [105.435, -5.092]]]}}, {"type": "Feature", "properties": {"domain_id": "1807152007", "name": "MEKAR JAYA"}, "geometry": {"type": "Polygon", "coordinates": [[[105.711, -5.226], [105.709, -5.222], [105.695, -5.225], [105.694, -5.23], [105.697, -5.257], [105.713, -5.261], [105.711, -5.226]]]}}, {"type": "Feature", "properties": {"domain_id": "1807152006", "name": "BANDAR AGUNG"}, "geometry": {"type": "Polygon", "coordinates": [[[105.702, -5.289], [105.698, -5.272], [105.635, -5.289], [105.635, -5.294], [105.654, -5.298], [105.671, -5.328], [105.707, -5.322], [105.702, -5.289]]]}}, {"type": "Feature", "properties": {"domain_id": "1807162004", "name": "WAY ARENG"}, "geometry": {"type": "Polygon", "coordinates": [[[105.735, -5.237], [105.732, -5.229], [105.709, -5.239], [105.709, -5.245], [105.712, -5.252], [105.726, -5.252], [105.735, -5.237]]]}}, {"type": "Feature", "properties": {"domain_id": "1807182002", "name": "PEMPEN"}, "geometry": {"type": "Polygon", "coordinates": [[[105.762, -5.448], [105.76, -5.435], [105.753, -5.43], [105.725, -5.434], [105.723, -5.444], [105.728, -5.451], [105.762, -5.448]]]}}, {"type": "Feature", "properties": {"domain_id": "1807202002", "name": "NGESTI KARYA"}, "geometry": {"type": "Polygon", "coordinates": [[[105.548, -5.429], [105.533, -5.425], [105.527, -5.449], [105.517, -5.461], [105.528, -5.468], [105.537, -5.453], [105.545, -5.452], [105.548, -5.429]]]}}, {"type": "Feature", "properties": {"domain_id": "1807192006", "name": "LABUHAN RATU"}, "geometry": {"type": "MultiPolygon", "coordinates": [[[[105.819, -5.555], [105.784, -5.556], [105.776, -5.579], [105.791, -5.614], [105.789, -5.6], [105.798, -5.604], [105.804, -5.583], [105.822, -5.571], [105.819, -5.555]]], [[[105.821, -5.556], [105.821, -5.557], [105.822, -5.556], [105.821, -5.556]]], [[[105.819, -5.556], [105.82, -5.555], [105.819, -5.555], [105.819, -5.556]]]]}}, {"type": "Feature", "properties": {"domain_id": "1807192007", "name": "SUMUR KUCING"}, "geometry": {"type": "Polygon", "coordinates": [[[105.776, -5.575], [105.751, -5.581], [105.745, -5.574], [105.733, -5.591], [105.727, -5.586], [105.725, -5.594], [105.736, -5.592], [105.733, -5.599], [105.74, -5.595], [105.74, -5.602], [105.747, -5.588], [105.752, -5.6], [105.756, -5.591], [105.754, -5.609], [105.764, -5.603], [105.76, -5.615], [105.766, -5.619], [105.775, -5.613], [105.774, -5.621], [105.786, -5.613], [105.776, -5.575]]]}}, {"type": "Feature", "properties": {"domain_id": "1807212009", "name": "LABUHAN RATU VII"}, "geometry": {"type": "Polygon", "coordinates": [[[105.744, -5.16], [105.757, -5.102], [105.742, -5.119], [105.68, -5.141], [105.678, -5.153], [105.686, -5.154], [105.708, -5.151], [105.717, -5.143], [105.741, -5.143], [105.744, -5.16]]]}}, {"type": "Feature", "properties": {"domain_id": "1807212002", "name": "LABUHAN RATU III"}, "geometry": {"type": "Polygon", "coordinates": [[[105.68, -5.141], [105.641, -5.147], [105.641, -5.159], [105.651, -5.172], [105.651, -5.163], [105.665, -5.167], [105.666, -5.159], [105.682, -5.153], [105.678, -5.152], [105.68, -5.141]]]}}, {"type": "Feature", "properties": {"domain_id": "1807202010", "name": "KARANG ANOM"}, "geometry": {"type": "Polygon", "coordinates": [[[105.602, -5.44], [105.573, -5.433], [105.578, -5.451], [105.586, -5.448], [105.592, -5.455], [105.601, -5.454], [105.602, -5.44]]]}}, {"type": "Feature", "properties": {"domain_id": "1808112005", "name": "SRI MULYO"}, "geometry": {"type": "Polygon", "coordinates": [[[104.878, -4.403], [104.847, -4.403], [104.845, -4.44], [104.878, -4.436], [104.878, -4.403]]]}}, {"type": "Feature", "properties": {"domain_id": "1807232001", "name": "TAMBAH SUBUR"}, "geometry": {"type": "Polygon", "coordinates": [[[105.555, -4.894], [105.547, -4.899], [105.545, -4.89], [105.541, -4.893], [105.535, -4.886], [105.537, -4.894], [105.522, -4.894], [105.515, -4.909], [105.521, -4.92], [105.531, -4.922], [105.549, -4.906], [105.557, -4.907], [105.564, -4.9], [105.562, -4.893], [105.555, -4.894]]]}}, {"type": "Feature", "properties": {"domain_id": "1807232002", "name": "TANJUNG QENCONO"}, "geometry": {"type": "Polygon", "coordinates": [[[105.52, -4.894], [105.508, -4.891], [105.489, -4.904], [105.516, -4.923], [105.521, -4.919], [105.515, -4.909], [105.524, -4.899], [105.52, -4.894]]]}}, {"type": "Feature", "properties": {"domain_id": "1807232003", "name": "TANJUNG TIRTO"}, "geometry": {"type": "Polygon", "coordinates": [[[105.767, -4.736], [105.748, -4.731], [105.736, -4.746], [105.719, -4.735], [105.683, -4.746], [105.679, -4.782], [105.664, -4.783], [105.649, -4.794], [105.654, -4.808], [105.635, -4.832], [105.637, -4.851], [105.625, -4.86], [105.604, -4.852], [105.591, -4.882], [105.577, -4.884], [105.574, -4.893], [105.562, -4.89], [105.564, -4.902], [105.548, -4.918], [105.555, -4.917], [105.57, -4.928], [105.654, -4.935], [105.674, -4.885], [105.704, -4.868], [105.723, -4.847], [105.757, -4.834], [105.76, -4.781], [105.786, -4.742], [105.767, -4.736]]]}}, {"type": "Feature", "properties": {"domain_id": "1807242007", "name": "PURWOSARI"}, "geometry": {"type": "Polygon", "coordinates": [[[105.632, -5.322], [105.613, -5.32], [105.607, -5.356], [105.622, -5.354], [105.632, -5.322]]]}}, {"type": "Feature", "properties": {"domain_id": "1807242005", "name": "GIRI MULYO"}, "geometry": {"type": "Polygon", "coordinates": [[[105.671, -5.328], [105.652, -5.358], [105.634, -5.372], [105.649, -5.38], [105.652, -5.392], [105.673, -5.387], [105.683, -5.367], [105.671, -5.328]]]}}, {"type": "Feature", "properties": {"domain_id": "1808112007", "name": "KARTA JAYA"}, "geometry": {"type": "Polygon", "coordinates": [[[104.909, -4.201], [104.902, -4.21], [104.893, -4.208], [104.891, -4.217], [104.875, -4.218], [104.867, -4.301], [104.907, -4.303], [104.909, -4.201]]]}}, {"type": "Feature", "properties": {"domain_id": "1807242008", "name": "BUKIT RAYA"}, "geometry": {"type": "Polygon", "coordinates": [[[105.613, -5.32], [105.599, -5.326], [105.591, -5.339], [105.594, -5.363], [105.613, -5.337], [105.613, -5.32]]]}}, {"type": "Feature", "properties": {"domain_id": "1808112008", "name": "GISTING JAYA"}, "geometry": {"type": "Polygon", "coordinates": [[[104.907, -4.303], [104.892, -4.302], [104.887, -4.352], [104.931, -4.352], [104.929, -4.307], [104.907, -4.303]]]}}, {"type": "Feature", "properties": {"domain_id": "1808012009", "name": "GUNUNG SANGKARAN"}, "geometry": {"type": "Polygon", "coordinates": [[[104.529, -4.447], [104.508, -4.444], [104.492, -4.455], [104.478, -4.447], [104.482, -4.47], [104.468, -4.479], [104.454, -4.471], [104.439, -4.479], [104.434, -4.468], [104.433, -4.476], [104.423, -4.48], [104.413, -4.496], [104.41, -4.51], [104.387, -4.532], [104.402, -4.557], [104.398, -4.565], [104.434, -4.557], [104.436, -4.545], [104.448, -4.543], [104.458, -4.532], [104.457, -4.515], [104.45, -4.509], [104.452, -4.493], [104.463, -4.484], [104.469, -4.492], [104.479, -4.483], [104.506, -4.481], [104.528, -4.461], [104.529, -4.447]]]}}, {"type": "Feature", "properties": {"domain_id": "1808112010", "name": "BUMI JAYA"}, "geometry": {"type": "Polygon", "coordinates": [[[104.867, -4.301], [104.852, -4.298], [104.85, -4.333], [104.857, -4.328], [104.886, -4.34], [104.892, -4.302], [104.867, -4.301]]]}}, {"type": "Feature", "properties": {"domain_id": "1808012017", "name": "KARANG UMPU"}, "geometry": {"type": "Polygon", "coordinates": [[[104.489, -4.52], [104.472, -4.533], [104.46, -4.524], [104.448, -4.543], [104.436, -4.545], [104.432, -4.558], [104.398, -4.565], [104.401, -4.575], [104.41, -4.583], [104.425, -4.575], [104.453, -4.579], [104.471, -4.569], [104.496, -4.567], [104.492, -4.551], [104.497, -4.534], [104.489, -4.52]]]}}, {"type": "Feature", "properties": {"domain_id": "1808022002", "name": "KEDATON"}, "geometry": {"type": "Polygon", "coordinates": [[[104.479, -4.742], [104.456, -4.728], [104.441, -4.754], [104.479, -4.755], [104.484, -4.746], [104.479, -4.742]]]}}, {"type": "Feature", "properties": {"domain_id": "1808022011", "name": "TANJUNG HARAPAN"}, "geometry": {"type": "Polygon", "coordinates": [[[104.403, -4.729], [104.406, -4.71], [104.386, -4.722], [104.386, -4.743], [104.398, -4.755], [104.403, -4.729]]]}}, {"type": "Feature", "properties": {"domain_id": "1808112011", "name": "GEDUNG JAYA"}, "geometry": {"type": "Polygon", "coordinates": [[[104.982, -4.353], [104.927, -4.353], [104.933, -4.383], [104.98, -4.384], [104.982, -4.353]]]}}, {"type": "Feature", "properties": {"domain_id": "1813042003", "name": "NEGERI RATU"}, "geometry": {"type": "Polygon", "coordinates": [[[103.801, -4.997], [103.77, -5.005], [103.748, -5.025], [103.749, -5.032], [103.759, -5.037], [103.774, -5.03], [103.772, -5.019], [103.801, -4.997]]]}}, {"type": "Feature", "properties": {"domain_id": "1808022019", "name": "BUKIT BATU"}, "geometry": {"type": "Polygon", "coordinates": [[[104.424, -4.692], [104.415, -4.697], [104.421, -4.705], [104.411, -4.711], [104.412, -4.725], [104.424, -4.714], [104.433, -4.716], [104.442, -4.696], [104.424, -4.692]]]}}, {"type": "Feature", "properties": {"domain_id": "1808032010", "name": "BALI SADHAR SELATAN"}, "geometry": {"type": "Polygon", "coordinates": [[[104.488, -4.767], [104.479, -4.765], [104.477, -4.775], [104.482, -4.789], [104.496, -4.793], [104.508, -4.784], [104.507, -4.773], [104.504, -4.768], [104.505, -4.775], [104.487, -4.775], [104.488, -4.767]]]}}, {"type": "Feature", "properties": {"domain_id": "1808032014", "name": "REBANG TINGGI"}, "geometry": {"type": "Polygon", "coordinates": [[[104.479, -4.765], [104.476, -4.755], [104.471, -4.773], [104.449, -4.773], [104.449, -4.782], [104.438, -4.79], [104.444, -4.803], [104.459, -4.787], [104.476, -4.793], [104.484, -4.788], [104.477, -4.775], [104.479, -4.765]]]}}, {"type": "Feature", "properties": {"domain_id": "1808041015", "name": "TIUH BALAK PASAR"}, "geometry": {"type": "Polygon", "coordinates": [[[104.546, -4.719], [104.542, -4.718], [104.543, -4.731], [104.556, -4.73], [104.546, -4.719]]]}}, {"type": "Feature", "properties": {"domain_id": "1808112013", "name": "SARI JAYA"}, "geometry": {"type": "Polygon", "coordinates": [[[104.947, -4.318], [104.929, -4.314], [104.931, -4.352], [104.946, -4.351], [104.947, -4.318]]]}}, {"type": "Feature", "properties": {"domain_id": "1808032017", "name": "KEMU"}, "geometry": {"type": "Polygon", "coordinates": [[[104.522, -4.821], [104.503, -4.848], [104.503, -4.859], [104.519, -4.855], [104.528, -4.827], [104.522, -4.821]]]}}, {"type": "Feature", "properties": {"domain_id": "1808032016", "name": "BANDAR AGUNG"}, "geometry": {"type": "Polygon", "coordinates": [[[104.498, -4.845], [104.498, -4.839], [104.465, -4.856], [104.47, -4.862], [104.466, -4.865], [104.447, -4.86], [104.448, -4.869], [104.439, -4.882], [104.462, -4.895], [104.481, -4.878], [104.487, -4.855], [104.498, -4.845]]]}}, {"type": "Feature", "properties": {"domain_id": "1808042004", "name": "BANJAR SARI"}, "geometry": {"type": "Polygon", "coordinates": [[[104.571, -4.689], [104.56, -4.687], [104.561, -4.703], [104.57, -4.7], [104.571, -4.689]]]}}, {"type": "Feature", "properties": {"domain_id": "1808112014", "name": "NEGARA MULYA"}, "geometry": {"type": "Polygon", "coordinates": [[[104.87, -4.385], [104.859, -4.393], [104.857, -4.403], [104.873, -4.403], [104.87, -4.385]]]}}, {"type": "Feature", "properties": {"domain_id": "1808042011", "name": "GEDUNG REJO"}, "geometry": {"type": "Polygon", "coordinates": [[[104.527, -4.718], [104.502, -4.71], [104.506, -4.727], [104.534, -4.728], [104.534, -4.717], [104.527, -4.718]]]}}, {"type": "Feature", "properties": {"domain_id": "1808042003", "name": "BUMI MERAPI"}, "geometry": {"type": "Polygon", "coordinates": [[[104.556, -4.688], [104.547, -4.691], [104.549, -4.707], [104.56, -4.706], [104.556, -4.688]]]}}, {"type": "Feature", "properties": {"domain_id": "1808042006", "name": "BHAKTI NEGARA"}, "geometry": {"type": "Polygon", "coordinates": [[[104.556, -4.707], [104.549, -4.707], [104.547, -4.725], [104.554, -4.725], [104.556, -4.707]]]}}, {"type": "Feature", "properties": {"domain_id": "1808042022", "name": "BANJAR BARU"}, "geometry": {"type": "Polygon", "coordinates": [[[104.55, -4.766], [104.532, -4.766], [104.53, -4.774], [104.539, -4.788], [104.55, -4.766]]]}}, {"type": "Feature", "properties": {"domain_id": "1808042017", "name": "TIUH BALAK"}, "geometry": {"type": "Polygon", "coordinates": [[[104.556, -4.73], [104.543, -4.731], [104.537, -4.746], [104.549, -4.756], [104.562, -4.755], [104.561, -4.737], [104.554, -4.735], [104.556, -4.73]]]}}, {"type": "Feature", "properties": {"domain_id": "1808042018", "name": "MEKAR ASRI"}, "geometry": {"type": "Polygon", "coordinates": [[[104.542, -4.738], [104.524, -4.741], [104.52, -4.747], [104.535, -4.748], [104.542, -4.738]]]}}, {"type": "Feature", "properties": {"domain_id": "1808042019", "name": "BANJAR NEGARA"}, "geometry": {"type": "Polygon", "coordinates": [[[104.537, -4.748], [104.524, -4.746], [104.516, -4.759], [104.521, -4.763], [104.519, -4.772], [104.55, -4.766], [104.546, -4.751], [104.537, -4.748]]]}}, {"type": "Feature", "properties": {"domain_id": "1808042020", "name": "BANJAR MASIN"}, "geometry": {"type": "Polygon", "coordinates": [[[104.565, -4.765], [104.562, -4.755], [104.549, -4.756], [104.543, -4.786], [104.551, -4.785], [104.551, -4.775], [104.565, -4.765]]]}}, {"type": "Feature", "properties": {"domain_id": "1808052006", "name": "SAPTO RENGGO"}, "geometry": {"type": "Polygon", "coordinates": [[[104.645, -4.245], [104.623, -4.24], [104.619, -4.253], [104.644, -4.265], [104.661, -4.259], [104.659, -4.248], [104.645, -4.245]]]}}, {"type": "Feature", "properties": {"domain_id": "1808062002", "name": "TANJUNG RATU"}, "geometry": {"type": "Polygon", "coordinates": [[[104.706, -4.372], [104.667, -4.357], [104.649, -4.368], [104.63, -4.391], [104.639, -4.394], [104.64, -4.411], [104.688, -4.425], [104.706, -4.414], [104.702, -4.406], [104.721, -4.402], [104.719, -4.385], [104.706, -4.38], [104.706, -4.372]]]}}, {"type": "Feature", "properties": {"domain_id": "1808122001", "name": "NEGERI BESAR"}, "geometry": {"type": "Polygon", "coordinates": [[[104.98, -4.384], [104.955, -4.38], [104.965, -4.392], [104.964, -4.409], [104.957, -4.415], [104.965, -4.419], [104.964, -4.424], [104.972, -4.419], [104.972, -4.413], [104.98, -4.412], [104.974, -4.4], [104.999, -4.395], [105.002, -4.386], [104.98, -4.384]]]}}, {"type": "Feature", "properties": {"domain_id": "1808062006", "name": "NEGARA RATU"}, "geometry": {"type": "Polygon", "coordinates": [[[104.816, -4.242], [104.806, -4.251], [104.797, -4.251], [104.793, -4.267], [104.762, -4.247], [104.771, -4.334], [104.791, -4.334], [104.792, -4.29], [104.818, -4.299], [104.816, -4.242]]]}}, {"type": "Feature", "properties": {"domain_id": "1808072004", "name": "PENENGAHAN"}, "geometry": {"type": "Polygon", "coordinates": [[[104.662, -4.496], [104.629, -4.498], [104.622, -4.492], [104.615, -4.519], [104.625, -4.529], [104.632, -4.512], [104.664, -4.503], [104.662, -4.496]]]}}, {"type": "Feature", "properties": {"domain_id": "1808072003", "name": "PULAU BATU"}, "geometry": {"type": "Polygon", "coordinates": [[[104.643, -4.541], [104.645, -4.515], [104.652, -4.505], [104.63, -4.514], [104.621, -4.543], [104.601, -4.541], [104.596, -4.552], [104.607, -4.568], [104.627, -4.56], [104.631, -4.553], [104.648, -4.558], [104.643, -4.541]]]}}, {"type": "Feature", "properties": {"domain_id": "1808072007", "name": "KOTA BARU"}, "geometry": {"type": "Polygon", "coordinates": [[[104.634, -4.473], [104.642, -4.47], [104.642, -4.45], [104.647, -4.45], [104.631, -4.444], [104.626, -4.472], [104.634, -4.473]]]}}, {"type": "Feature", "properties": {"domain_id": "1808072005", "name": "KARYA AGUNG"}, "geometry": {"type": "Polygon", "coordinates": [[[104.615, -4.519], [104.607, -4.519], [104.598, -4.53], [104.601, -4.541], [104.612, -4.546], [104.621, -4.543], [104.623, -4.529], [104.615, -4.519]]]}}, {"type": "Feature", "properties": {"domain_id": "1808072015", "name": "GEDUNG JAYA"}, "geometry": {"type": "Polygon", "coordinates": [[[104.603, -4.644], [104.583, -4.639], [104.575, -4.653], [104.592, -4.658], [104.603, -4.644]]]}}, {"type": "Feature", "properties": {"domain_id": "1808072017", "name": "BANDAR KASIH"}, "geometry": {"type": "Polygon", "coordinates": [[[104.7, -4.557], [104.696, -4.55], [104.675, -4.552], [104.658, -4.565], [104.63, -4.555], [104.64, -4.569], [104.639, -4.585], [104.662, -4.587], [104.666, -4.58], [104.7, -4.566], [104.7, -4.557]]]}}, {"type": "Feature", "properties": {"domain_id": "1808072019", "name": "MULYA AGUNG"}, "geometry": {"type": "Polygon", "coordinates": [[[104.685, -4.518], [104.679, -4.509], [104.671, -4.52], [104.665, -4.516], [104.652, -4.527], [104.657, -4.537], [104.643, -4.541], [104.648, -4.558], [104.658, -4.565], [104.673, -4.557], [104.685, -4.518]]]}}, {"type": "Feature", "properties": {"domain_id": "1808072018", "name": "SUMBER REJEKI"}, "geometry": {"type": "Polygon", "coordinates": [[[104.661, -4.625], [104.671, -4.62], [104.674, -4.61], [104.692, -4.606], [104.7, -4.598], [104.696, -4.583], [104.703, -4.581], [104.708, -4.571], [104.701, -4.568], [104.66, -4.595], [104.658, -4.612], [104.641, -4.629], [104.644, -4.634], [104.661, -4.625]]]}}, {"type": "Feature", "properties": {"domain_id": "1808082013", "name": "WAY TUBA ASRI"}, "geometry": {"type": "Polygon", "coordinates": [[[104.438, -4.342], [104.426, -4.341], [104.415, -4.356], [104.432, -4.38], [104.445, -4.38], [104.46, -4.361], [104.438, -4.342]]]}}, {"type": "Feature", "properties": {"domain_id": "1808092001", "name": "LEBAK PENIANGAN"}, "geometry": {"type": "Polygon", "coordinates": [[[104.372, -4.671], [104.356, -4.669], [104.337, -4.693], [104.316, -4.693], [104.315, -4.705], [104.306, -4.706], [104.313, -4.724], [104.306, -4.731], [104.304, -4.765], [104.313, -4.777], [104.333, -4.766], [104.321, -4.754], [104.328, -4.74], [104.326, -4.724], [104.353, -4.703], [104.372, -4.671]]]}}, {"type": "Feature", "properties": {"domain_id": "1808082011", "name": "WAY PISANG"}, "geometry": {"type": "Polygon", "coordinates": [[[104.373, -4.377], [104.356, -4.393], [104.382, -4.404], [104.39, -4.394], [104.38, -4.391], [104.373, -4.377]]]}}, {"type": "Feature", "properties": {"domain_id": "1808092006", "name": "SIMPANG TIGA"}, "geometry": {"type": "MultiPolygon", "coordinates": [[[[104.401, -4.558], [104.36, -4.576], [104.351, -4.572], [104.342, -4.602], [104.371, -4.624], [104.39, -4.619], [104.395, -4.593], [104.408, -4.585], [104.401, -4.575], [104.401, -4.558]]], [[[104.425, -4.636], [104.425, -4.63], [104.401, -4.626], [104.406, -4.647], [104.425, -4.636]]], [[[104.425, -4.638], [104.427, -4.638], [104.43, -4.626], [104.425, -4.638]]]]}}, {"type": "Feature", "properties": {"domain_id": "1808092007", "name": "TANJUNG RAYA"}, "geometry": {"type": "Polygon", "coordinates": [[[104.437, -4.647], [104.429, -4.647], [104.427, -4.638], [104.414, -4.64], [104.392, -4.668], [104.395, -4.684], [104.405, -4.679], [104.398, -4.674], [104.405, -4.669], [104.426, -4.664], [104.437, -4.647]]]}}, {"type": "Feature", "properties": {"domain_id": "1808102005", "name": "NEGERI MULYA"}, "geometry": {"type": "Polygon", "coordinates": [[[104.621, -4.801], [104.589, -4.81], [104.588, -4.823], [104.603, -4.824], [104.612, -4.832], [104.622, -4.822], [104.621, -4.801]]]}}, {"type": "Feature", "properties": {"domain_id": "1808102008", "name": "WAY TUBA"}, "geometry": {"type": "Polygon", "coordinates": [[[104.636, -4.745], [104.626, -4.745], [104.625, -4.751], [104.636, -4.765], [104.636, -4.745]]]}}, {"type": "Feature", "properties": {"domain_id": "1808102006", "name": "NEGERI SUNGKAI"}, "geometry": {"type": "Polygon", "coordinates": [[[104.618, -4.769], [104.619, -4.753], [104.593, -4.772], [104.586, -4.784], [104.597, -4.794], [104.618, -4.769]]]}}, {"type": "Feature", "properties": {"domain_id": "1808102016", "name": "SUKARAME"}, "geometry": {"type": "Polygon", "coordinates": [[[104.589, -4.659], [104.576, -4.651], [104.57, -4.655], [104.572, -4.674], [104.584, -4.684], [104.609, -4.683], [104.616, -4.67], [104.589, -4.659]]]}}, {"type": "Feature", "properties": {"domain_id": "1808112001", "name": "NEGARA BATIN"}, "geometry": {"type": "Polygon", "coordinates": [[[104.874, -4.234], [104.864, -4.231], [104.855, -4.241], [104.84, -4.238], [104.816, -4.242], [104.818, -4.299], [104.841, -4.309], [104.85, -4.331], [104.836, -4.326], [104.84, -4.34], [104.834, -4.351], [104.819, -4.359], [104.82, -4.373], [104.814, -4.373], [104.823, -4.392], [104.847, -4.394], [104.847, -4.403], [104.857, -4.403], [104.859, -4.393], [104.872, -4.385], [104.879, -4.359], [104.843, -4.355], [104.843, -4.337], [104.85, -4.333], [104.853, -4.319], [104.852, -4.298], [104.867, -4.301], [104.874, -4.234]]]}}, {"type": "Feature", "properties": {"domain_id": "1808102019", "name": "BENGKULU TENGAH"}, "geometry": {"type": "Polygon", "coordinates": [[[104.624, -4.741], [104.61, -4.731], [104.601, -4.751], [104.604, -4.763], [104.619, -4.753], [104.618, -4.769], [104.631, -4.761], [104.624, -4.741]]]}}, {"type": "Feature", "properties": {"domain_id": "1808112002", "name": "PURWA AGUNG"}, "geometry": {"type": "MultiPolygon", "coordinates": [[[[104.844, -4.442], [104.847, -4.394], [104.811, -4.394], [104.816, -4.442], [104.844, -4.442]]]]}}, {"type": "Feature", "properties": {"domain_id": "1808102018", "name": "NEGERI UJAN MAS"}, "geometry": {"type": "Polygon", "coordinates": [[[104.624, -4.795], [104.608, -4.787], [104.6, -4.792], [104.603, -4.803], [104.615, -4.806], [104.624, -4.795]]]}}, {"type": "Feature", "properties": {"domain_id": "1808122009", "name": "SRI BASUKI"}, "geometry": {"type": "Polygon", "coordinates": [[[104.909, -4.404], [104.878, -4.403], [104.88, -4.429], [104.905, -4.43], [104.914, -4.414], [104.909, -4.404]]]}}, {"type": "Feature", "properties": {"domain_id": "1808122007", "name": "NEGARA JAYA"}, "geometry": {"type": "Polygon", "coordinates": [[[104.927, -4.422], [104.91, -4.416], [104.897, -4.448], [104.921, -4.463], [104.917, -4.434], [104.921, -4.427], [104.924, -4.433], [104.927, -4.422]]]}}, {"type": "Feature", "properties": {"domain_id": "1808132003", "name": "SRITUNGGAL"}, "geometry": {"type": "Polygon", "coordinates": [[[104.599, -4.233], [104.588, -4.241], [104.589, -4.259], [104.607, -4.255], [104.61, -4.247], [104.599, -4.233]]]}}, {"type": "Feature", "properties": {"domain_id": "1808132006", "name": "SUKADANA"}, "geometry": {"type": "Polygon", "coordinates": [[[104.551, -4.268], [104.539, -4.276], [104.541, -4.285], [104.553, -4.293], [104.552, -4.305], [104.558, -4.305], [104.561, -4.313], [104.576, -4.313], [104.572, -4.272], [104.566, -4.275], [104.551, -4.268]]]}}, {"type": "Feature", "properties": {"domain_id": "1808142005", "name": "BUMI AGUNG"}, "geometry": {"type": "Polygon", "coordinates": [[[104.593, -4.307], [104.577, -4.317], [104.576, -4.313], [104.554, -4.315], [104.557, -4.36], [104.567, -4.359], [104.563, -4.39], [104.593, -4.38], [104.602, -4.386], [104.593, -4.307]]]}}, {"type": "Feature", "properties": {"domain_id": "1808142004", "name": "MULYOHARJO"}, "geometry": {"type": "Polygon", "coordinates": [[[104.557, -4.36], [104.557, -4.347], [104.538, -4.367], [104.557, -4.36]]]}}, {"type": "Feature", "properties": {"domain_id": "1808142007", "name": "WONOHARJO"}, "geometry": {"type": "Polygon", "coordinates": [[[104.529, -4.356], [104.513, -4.342], [104.5, -4.344], [104.496, -4.354], [104.497, -4.363], [104.518, -4.382], [104.535, -4.385], [104.525, -4.358], [104.529, -4.356]]]}}, {"type": "Feature", "properties": {"domain_id": "1808142010", "name": "BUMI SAY AGUNG"}, "geometry": {"type": "Polygon", "coordinates": [[[104.557, -4.347], [104.554, -4.319], [104.536, -4.328], [104.518, -4.322], [104.519, -4.328], [104.505, -4.33], [104.538, -4.367], [104.557, -4.347]]]}}, {"type": "Feature", "properties": {"domain_id": "1808152004", "name": "PANCA NEGERI"}, "geometry": {"type": "Polygon", "coordinates": [[[104.436, -4.577], [104.425, -4.575], [104.395, -4.592], [104.395, -4.605], [104.388, -4.613], [104.391, -4.618], [104.381, -4.623], [104.425, -4.63], [104.441, -4.621], [104.452, -4.606], [104.449, -4.584], [104.436, -4.577]]]}}, {"type": "Feature", "properties": {"domain_id": "1810062010", "name": "BANYU URIP"}, "geometry": {"type": "Polygon", "coordinates": [[[104.922, -5.279], [104.912, -5.269], [104.92, -5.294], [104.922, -5.279]]]}}, {"type": "Feature", "properties": {"domain_id": "1809012005", "name": "SUKADADI"}, "geometry": {"type": "Polygon", "coordinates": [[[105.091, -5.393], [105.083, -5.386], [105.085, -5.397], [105.08, -5.401], [105.102, -5.436], [105.091, -5.393]]]}}, {"type": "Feature", "properties": {"domain_id": "1809012012", "name": "NEGERI SAKTI"}, "geometry": {"type": "Polygon", "coordinates": [[[105.202, -5.349], [105.182, -5.347], [105.185, -5.358], [105.173, -5.357], [105.17, -5.38], [105.189, -5.378], [105.199, -5.364], [105.205, -5.364], [105.202, -5.349]]]}}, {"type": "Feature", "properties": {"domain_id": "1808082007", "name": "BANDAR SARI"}, "geometry": {"type": "Polygon", "coordinates": [[[104.382, -4.404], [104.354, -4.394], [104.34, -4.421], [104.379, -4.432], [104.385, -4.417], [104.382, -4.404]]]}}, {"type": "Feature", "properties": {"domain_id": "1810062011", "name": "MULYO REJO"}, "geometry": {"type": "Polygon", "coordinates": [[[104.91, -5.247], [104.887, -5.245], [104.892, -5.258], [104.909, -5.254], [104.91, -5.247]]]}}, {"type": "Feature", "properties": {"domain_id": "1808102015", "name": "CURUP PATAH"}, "geometry": {"type": "Polygon", "coordinates": [[[104.609, -4.683], [104.582, -4.683], [104.573, -4.689], [104.593, -4.697], [104.604, -4.694], [104.61, -4.7], [104.615, -4.69], [104.609, -4.683]]]}}, {"type": "Feature", "properties": {"domain_id": "1808102021", "name": "LABUHAN JAYA"}, "geometry": {"type": "Polygon", "coordinates": [[[104.593, -4.772], [104.582, -4.765], [104.584, -4.775], [104.593, -4.772]]]}}, {"type": "Feature", "properties": {"domain_id": "1809012019", "name": "KUTOARJO"}, "geometry": {"type": "Polygon", "coordinates": [[[105.09, -5.366], [105.081, -5.363], [105.083, -5.382], [105.091, -5.376], [105.09, -5.366]]]}}, {"type": "Feature", "properties": {"domain_id": "1809022001", "name": "KAGUNGAN RATU"}, "geometry": {"type": "Polygon", "coordinates": [[[105.141, -5.343], [105.127, -5.345], [105.123, -5.339], [105.109, -5.351], [105.092, -5.34], [105.081, -5.35], [105.081, -5.363], [105.103, -5.355], [105.113, -5.36], [105.113, -5.367], [105.125, -5.367], [105.125, -5.36], [105.136, -5.359], [105.136, -5.351], [105.142, -5.351], [105.141, -5.343]]]}}, {"type": "Feature", "properties": {"domain_id": "1809022009", "name": "NEGARA SAKA"}, "geometry": {"type": "Polygon", "coordinates": [[[105.154, -5.234], [105.147, -5.238], [105.141, -5.234], [105.143, -5.252], [105.155, -5.26], [105.16, -5.255], [105.151, -5.249], [105.157, -5.243], [105.154, -5.234]]]}}, {"type": "Feature", "properties": {"domain_id": "1812052008", "name": "SUMBER JAYA"}, "geometry": {"type": "MultiPolygon", "coordinates": [[[[105.128, -4.217], [105.101, -4.225], [105.104, -4.245], [105.12, -4.245], [105.117, -4.235], [105.128, -4.228], [105.128, -4.217]]], [[[105.09, -4.221], [105.099, -4.219], [105.088, -4.217], [105.09, -4.221]]]]}}, {"type": "Feature", "properties": {"domain_id": "1809042006", "name": "KOTA DALAM"}, "geometry": {"type": "MultiPolygon", "coordinates": [[[[105.035, -5.423], [105.019, -5.427], [105.019, -5.433], [105.036, -5.439], [105.035, -5.423]]], [[[105.027, -5.414], [105.028, -5.408], [105.018, -5.411], [105.018, -5.421], [105.027, -5.414]]], [[[105.036, -5.406], [105.035, -5.409], [105.037, -5.409], [105.036, -5.406]]]]}}, {"type": "Feature", "properties": {"domain_id": "1809032005", "name": "GUNUNG SUGIH BARU"}, "geometry": {"type": "Polygon", "coordinates": [[[105.2, -5.131], [105.191, -5.122], [105.175, -5.13], [105.194, -5.137], [105.197, -5.148], [105.208, -5.149], [105.214, -5.142], [105.2, -5.131]]]}}, {"type": "Feature", "properties": {"domain_id": "1809032006", "name": "GEDUNG GUMANTI"}, "geometry": {"type": "Polygon", "coordinates": [[[105.164, -5.16], [105.14, -5.156], [105.139, -5.18], [105.115, -5.205], [105.12, -5.212], [105.125, -5.21], [105.128, -5.221], [105.163, -5.208], [105.162, -5.202], [105.17, -5.2], [105.172, -5.191], [105.164, -5.196], [105.149, -5.191], [105.152, -5.184], [105.171, -5.18], [105.164, -5.16]]]}}, {"type": "Feature", "properties": {"domain_id": "1809042016", "name": "PAGUYUBAN"}, "geometry": {"type": "Polygon", "coordinates": [[[105.032, -5.405], [105.027, -5.392], [105.013, -5.399], [105.017, -5.411], [105.032, -5.405]], [[105.026, -5.408], [105.022, -5.41], [105.019, -5.406], [105.026, -5.408]]]}}, {"type": "Feature", "properties": {"domain_id": "1809042004", "name": "PEKONDOH GEDUNG"}, "geometry": {"type": "MultiPolygon", "coordinates": [[[[105.05, -5.406], [105.036, -5.405], [105.033, -5.411], [105.05, -5.406]]], [[[105.029, -5.414], [105.023, -5.416], [105.041, -5.422], [105.029, -5.414]]]]}}, {"type": "Feature", "properties": {"domain_id": "1812052011", "name": "MULYA SARI"}, "geometry": {"type": "Polygon", "coordinates": [[[105.145, -4.242], [105.145, -4.222], [105.128, -4.217], [105.128, -4.228], [105.117, -4.235], [105.12, -4.245], [105.139, -4.254], [105.138, -4.242], [105.145, -4.242]]]}}, {"type": "Feature", "properties": {"domain_id": "1809032013", "name": "REJO AGUNG"}, "geometry": {"type": "Polygon", "coordinates": [[[105.223, -5.151], [105.213, -5.143], [105.197, -5.148], [105.19, -5.177], [105.194, -5.194], [105.179, -5.2], [105.196, -5.2], [105.199, -5.179], [105.213, -5.16], [105.224, -5.168], [105.223, -5.151]]]}}, {"type": "Feature", "properties": {"domain_id": "1809052010", "name": "PAYA"}, "geometry": {"type": "MultiPolygon", "coordinates": [[[[105.1, -5.562], [105.094, -5.563], [105.094, -5.58], [105.101, -5.587], [105.099, -5.582], [105.108, -5.58], [105.1, -5.562]]], [[[105.116, -5.607], [105.118, -5.606], [105.117, -5.603], [105.116, -5.607]]]]}}, {"type": "Feature", "properties": {"domain_id": "1812052012", "name": "DWIKORA JAYA"}, "geometry": {"type": "Polygon", "coordinates": [[[105.066, -4.236], [105.063, -4.218], [105.043, -4.219], [105.046, -4.238], [105.066, -4.236]]]}}, {"type": "Feature", "properties": {"domain_id": "1809042001", "name": "PADANG MANIS"}, "geometry": {"type": "Polygon", "coordinates": [[[105.062, -5.42], [105.047, -5.407], [105.055, -5.426], [105.061, -5.427], [105.062, -5.42]]]}}, {"type": "Feature", "properties": {"domain_id": "1809042012", "name": "GUNUNG REJO"}, "geometry": {"type": "Polygon", "coordinates": [[[105.016, -5.438], [105.01, -5.428], [105.014, -5.421], [104.996, -5.423], [104.984, -5.437], [105.016, -5.438]]]}}, {"type": "Feature", "properties": {"domain_id": "1809042014", "name": "CIMANUK"}, "geometry": {"type": "Polygon", "coordinates": [[[105.016, -5.438], [104.991, -5.44], [105.005, -5.452], [105.015, -5.452], [105.016, -5.438]]]}}, {"type": "Feature", "properties": {"domain_id": "1809052009", "name": "HANAU BERAK"}, "geometry": {"type": "Polygon", "coordinates": [[[105.123, -5.562], [105.113, -5.562], [105.11, -5.576], [105.117, -5.602], [105.128, -5.61], [105.13, -5.579], [105.128, -5.566], [105.123, -5.562]]]}}, {"type": "Feature", "properties": {"domain_id": "1809052004", "name": "DURIAN"}, "geometry": {"type": "MultiPolygon", "coordinates": [[[[105.175, -5.616], [105.167, -5.625], [105.152, -5.615], [105.146, -5.628], [105.169, -5.632], [105.19, -5.648], [105.191, -5.628], [105.175, -5.616]]], [[[105.145, -5.601], [105.147, -5.596], [105.143, -5.596], [105.145, -5.601]]]]}}, {"type": "Feature", "properties": {"domain_id": "1809052025", "name": "KHEPONG JAYA"}, "geometry": {"type": "Polygon", "coordinates": [[[105.136, -5.602], [105.129, -5.594], [105.13, -5.609], [105.136, -5.602]]]}}, {"type": "Feature", "properties": {"domain_id": "1809062002", "name": "BANDING AGUNG"}, "geometry": {"type": "Polygon", "coordinates": [[[105.157, -5.717], [105.154, -5.703], [105.146, -5.704], [105.142, -5.719], [105.15, -5.732], [105.158, -5.732], [105.157, -5.717]]]}}, {"type": "Feature", "properties": {"domain_id": "1809062001", "name": "BAWANG"}, "geometry": {"type": "MultiPolygon", "coordinates": [[[[105.158, -5.744], [105.127, -5.755], [105.13, -5.767], [105.136, -5.771], [105.166, -5.762], [105.155, -5.755], [105.158, -5.744]]], [[[105.173, -5.745], [105.174, -5.748], [105.177, -5.747], [105.173, -5.745]]]]}}, {"type": "Feature", "properties": {"domain_id": "1809052031", "name": "GAYAU"}, "geometry": {"type": "Polygon", "coordinates": [[[105.19, -5.648], [105.169, -5.632], [105.148, -5.628], [105.16, -5.647], [105.174, -5.654], [105.19, -5.648]]]}}, {"type": "Feature", "properties": {"domain_id": "1809062016", "name": "SUKARAME"}, "geometry": {"type": "MultiPolygon", "coordinates": [[[[105.206, -5.706], [105.168, -5.718], [105.168, -5.731], [105.198, -5.718], [105.21, -5.729], [105.219, -5.718], [105.215, -5.708], [105.206, -5.706]]], [[[105.231, -5.729], [105.227, -5.732], [105.233, -5.732], [105.231, -5.729]]], [[[105.22, -5.728], [105.204, -5.735], [105.221, -5.732], [105.22, -5.728]]], [[[105.244, -5.717], [105.243, -5.717], [105.243, -5.719], [105.244, -5.717]]]]}}, {"type": "Feature", "properties": {"domain_id": "1809062021", "name": "BANGUN REJO"}, "geometry": {"type": "Polygon", "coordinates": [[[105.139, -5.74], [105.101, -5.73], [105.11, -5.75], [105.126, -5.762], [105.128, -5.755], [105.152, -5.743], [105.139, -5.74]]]}}, {"type": "Feature", "properties": {"domain_id": "1812092003", "name": "SAKTI JAYA"}, "geometry": {"type": "Polygon", "coordinates": [[[105.04, -4.289], [105.019, -4.288], [105.008, -4.309], [105.037, -4.311], [105.04, -4.289]]]}}, {"type": "Feature", "properties": {"domain_id": "1809072010", "name": "KEDONDONG"}, "geometry": {"type": "Polygon", "coordinates": [[[104.998, -5.464], [104.985, -5.462], [105.003, -5.48], [105.002, -5.488], [105.017, -5.488], [105.01, -5.473], [104.998, -5.464]]]}}, {"type": "Feature", "properties": {"domain_id": "1809072017", "name": "SINAR HARAPAN"}, "geometry": {"type": "Polygon", "coordinates": [[[105.079, -5.502], [105.043, -5.5], [105.014, -5.489], [105.016, -5.509], [105.037, -5.514], [105.039, -5.523], [105.05, -5.526], [105.071, -5.524], [105.082, -5.511], [105.079, -5.502]]]}}, {"type": "Feature", "properties": {"domain_id": "1809072020", "name": "PESAWARAN INDAH"}, "geometry": {"type": "Polygon", "coordinates": [[[105.021, -5.459], [105.013, -5.47], [105.037, -5.479], [105.04, -5.477], [105.021, -5.459]]]}}, {"type": "Feature", "properties": {"domain_id": "1809082001", "name": "SUKAJAYA PUNDUH"}, "geometry": {"type": "Polygon", "coordinates": [[[105.21, -5.647], [105.203, -5.643], [105.176, -5.655], [105.157, -5.644], [105.142, -5.662], [105.156, -5.673], [105.157, -5.683], [105.167, -5.663], [105.191, -5.663], [105.21, -5.647]]]}}, {"type": "Feature", "properties": {"domain_id": "1809112007", "name": "PONCOREJO"}, "geometry": {"type": "Polygon", "coordinates": [[[105.064, -5.555], [105.042, -5.553], [105.05, -5.576], [105.059, -5.574], [105.064, -5.555]]]}}, {"type": "Feature", "properties": {"domain_id": "1809082007", "name": "KUNYAIAN"}, "geometry": {"type": "Polygon", "coordinates": [[[105.172, -5.688], [105.161, -5.696], [105.164, -5.7], [105.172, -5.688]]]}}, {"type": "Feature", "properties": {"domain_id": "1809082006", "name": "PEKON AMPAI"}, "geometry": {"type": "Polygon", "coordinates": [[[105.185, -5.687], [105.193, -5.68], [105.18, -5.671], [105.161, -5.69], [105.185, -5.687]]]}}, {"type": "Feature", "properties": {"domain_id": "1809092001", "name": "PENENGAHAN"}, "geometry": {"type": "Polygon", "coordinates": [[[104.957, -5.492], [104.956, -5.479], [104.937, -5.481], [104.934, -5.495], [104.942, -5.511], [104.957, -5.492]]]}}, {"type": "Feature", "properties": {"domain_id": "1809082009", "name": "KAMPUNG BARU"}, "geometry": {"type": "Polygon", "coordinates": [[[105.206, -5.705], [105.193, -5.703], [105.192, -5.695], [105.152, -5.707], [105.157, -5.717], [105.166, -5.718], [105.206, -5.705]]]}}, {"type": "Feature", "properties": {"domain_id": "1809082010", "name": "PULAU PAHAWANG"}, "geometry": {"type": "MultiPolygon", "coordinates": [[[[105.217, -5.661], [105.205, -5.673], [105.211, -5.677], [105.207, -5.686], [105.216, -5.69], [105.227, -5.688], [105.233, -5.672], [105.241, -5.668], [105.217, -5.661]]], [[[105.241, -5.672], [105.243, -5.676], [105.244, -5.673], [105.241, -5.672]]], [[[105.21, -5.647], [105.201, -5.651], [105.201, -5.655], [105.21, -5.647]]]]}}, {"type": "Feature", "properties": {"domain_id": "1812092004", "name": "MARGO MULYA"}, "geometry": {"type": "Polygon", "coordinates": [[[105.037, -4.311], [104.998, -4.309], [104.995, -4.325], [105.021, -4.327], [105.029, -4.334], [105.039, -4.326], [105.037, -4.311]]]}}, {"type": "Feature", "properties": {"domain_id": "1812092009", "name": "TOTO MAKMUR"}, "geometry": {"type": "Polygon", "coordinates": [[[105.045, -4.347], [105.036, -4.326], [105.019, -4.35], [105.04, -4.356], [105.045, -4.347]]]}}, {"type": "Feature", "properties": {"domain_id": "1809112008", "name": "GUNUNG REJO"}, "geometry": {"type": "Polygon", "coordinates": [[[105.092, -5.512], [105.083, -5.507], [105.066, -5.528], [105.043, -5.538], [105.038, -5.545], [105.042, -5.554], [105.07, -5.555], [105.092, -5.512]]]}}, {"type": "Feature", "properties": {"domain_id": "1809102004", "name": "HANURA"}, "geometry": {"type": "MultiPolygon", "coordinates": [[[[105.244, -5.526], [105.227, -5.527], [105.227, -5.541], [105.244, -5.543], [105.244, -5.526]], [[105.239, -5.536], [105.238, -5.535], [105.238, -5.534], [105.239, -5.536]]], [[[105.249, -5.527], [105.248, -5.529], [105.25, -5.529], [105.249, -5.527]]]]}}, {"type": "Feature", "properties": {"domain_id": "1809102008", "name": "SUKAJAYA LEMPASING"}, "geometry": {"type": "MultiPolygon", "coordinates": [[[[105.253, -5.496], [105.225, -5.51], [105.234, -5.514], [105.245, -5.507], [105.262, -5.517], [105.253, -5.496]]], [[[105.272, -5.51], [105.269, -5.511], [105.272, -5.516], [105.272, -5.51]]]]}}, {"type": "Feature", "properties": {"domain_id": "1809102007", "name": "SIDODADI"}, "geometry": {"type": "Polygon", "coordinates": [[[105.227, -5.541], [105.215, -5.545], [105.219, -5.551], [105.238, -5.553], [105.25, -5.565], [105.253, -5.551], [105.262, -5.545], [105.253, -5.548], [105.227, -5.541]]]}}, {"type": "Feature", "properties": {"domain_id": "1810011002", "name": "PRINGSEWU UTARA"}, "geometry": {"type": "Polygon", "coordinates": [[[104.988, -5.353], [104.98, -5.349], [104.982, -5.341], [104.975, -5.343], [104.977, -5.356], [104.987, -5.358], [104.988, -5.353]]]}}, {"type": "Feature", "properties": {"domain_id": "1810011003", "name": "PRINGSEWU SELATAN"}, "geometry": {"type": "Polygon", "coordinates": [[[104.977, -5.356], [104.964, -5.356], [104.966, -5.366], [104.977, -5.368], [104.977, -5.356]]]}}, {"type": "Feature", "properties": {"domain_id": "1810032005", "name": "TANJUNG ANOM"}, "geometry": {"type": "Polygon", "coordinates": [[[104.939, -5.389], [104.927, -5.389], [104.926, -5.406], [104.937, -5.405], [104.939, -5.389]]]}}, {"type": "Feature", "properties": {"domain_id": "1810012011", "name": "FAJAR AGUNG"}, "geometry": {"type": "Polygon", "coordinates": [[[104.96, -5.366], [104.944, -5.357], [104.938, -5.38], [104.948, -5.381], [104.96, -5.366]]]}}, {"type": "Feature", "properties": {"domain_id": "1810012015", "name": "FAJAR AGUNG BARAT"}, "geometry": {"type": "Polygon", "coordinates": [[[104.938, -5.38], [104.942, -5.362], [104.93, -5.367], [104.938, -5.38]]]}}, {"type": "Feature", "properties": {"domain_id": "1810012014", "name": "PODOSARI"}, "geometry": {"type": "Polygon", "coordinates": [[[104.982, -5.327], [104.973, -5.332], [104.977, -5.342], [104.992, -5.332], [104.982, -5.327]]]}}, {"type": "Feature", "properties": {"domain_id": "1810022003", "name": "PANJEREJO"}, "geometry": {"type": "Polygon", "coordinates": [[[105.001, -5.372], [104.991, -5.372], [104.993, -5.38], [104.98, -5.387], [105.003, -5.387], [105.011, -5.395], [105.016, -5.384], [105.003, -5.38], [105.001, -5.372]]]}}, {"type": "Feature", "properties": {"domain_id": "1810022005", "name": "WATES"}, "geometry": {"type": "Polygon", "coordinates": [[[105.017, -5.379], [105.011, -5.37], [105.015, -5.363], [105.0, -5.373], [105.007, -5.382], [105.017, -5.379]]]}}, {"type": "Feature", "properties": {"domain_id": "1810042004", "name": "TANJUNG RUSIA"}, "geometry": {"type": "Polygon", "coordinates": [[[104.919, -5.458], [104.913, -5.456], [104.903, -5.496], [104.925, -5.485], [104.919, -5.458]]]}}, {"type": "Feature", "properties": {"domain_id": "1810032007", "name": "MARGODADI"}, "geometry": {"type": "Polygon", "coordinates": [[[104.965, -5.385], [104.959, -5.385], [104.953, -5.404], [104.98, -5.4], [104.984, -5.394], [104.982, -5.387], [104.965, -5.385]]]}}, {"type": "Feature", "properties": {"domain_id": "1810042002", "name": "PARDASUKA"}, "geometry": {"type": "Polygon", "coordinates": [[[104.943, -5.459], [104.919, -5.458], [104.925, -5.48], [104.932, -5.485], [104.944, -5.469], [104.943, -5.459]]]}}, {"type": "Feature", "properties": {"domain_id": "1810042007", "name": "SUKOREJO"}, "geometry": {"type": "Polygon", "coordinates": [[[104.903, -5.432], [104.891, -5.429], [104.887, -5.439], [104.898, -5.437], [104.905, -5.448], [104.921, -5.442], [104.92, -5.431], [104.903, -5.432]]]}}, {"type": "Feature", "properties": {"domain_id": "1810052005", "name": "SUKA RATU"}, "geometry": {"type": "Polygon", "coordinates": [[[104.883, -5.365], [104.874, -5.361], [104.869, -5.369], [104.88, -5.371], [104.883, -5.365]]]}}, {"type": "Feature", "properties": {"domain_id": "1810052009", "name": "GUMUK MAS"}, "geometry": {"type": "Polygon", "coordinates": [[[104.92, -5.362], [104.906, -5.361], [104.908, -5.377], [104.915, -5.378], [104.92, -5.362]]]}}, {"type": "Feature", "properties": {"domain_id": "1810082011", "name": "SILIWANGI"}, "geometry": {"type": "Polygon", "coordinates": [[[104.947, -5.279], [104.948, -5.272], [104.934, -5.276], [104.936, -5.293], [104.947, -5.293], [104.947, -5.279]]]}}, {"type": "Feature", "properties": {"domain_id": "1810052030", "name": "SUMBER REJO"}, "geometry": {"type": "Polygon", "coordinates": [[[104.916, -5.408], [104.907, -5.406], [104.899, -5.414], [104.913, -5.415], [104.916, -5.408]]]}}, {"type": "Feature", "properties": {"domain_id": "1810062002", "name": "BANYUWANGI"}, "geometry": {"type": "Polygon", "coordinates": [[[104.903, -5.257], [104.891, -5.259], [104.887, -5.269], [104.902, -5.288], [104.912, -5.269], [104.903, -5.265], [104.903, -5.257]]]}}, {"type": "Feature", "properties": {"domain_id": "1810062003", "name": "SUKAMULYA"}, "geometry": {"type": "Polygon", "coordinates": [[[104.932, -5.279], [104.922, -5.279], [104.922, -5.293], [104.936, -5.293], [104.932, -5.279]]]}}, {"type": "Feature", "properties": {"domain_id": "1810062008", "name": "NUSA WUNGU"}, "geometry": {"type": "Polygon", "coordinates": [[[104.923, -5.266], [104.912, -5.25], [104.903, -5.256], [104.907, -5.268], [104.923, -5.266]]]}}, {"type": "Feature", "properties": {"domain_id": "1810072002", "name": "BANDUNG BARU"}, "geometry": {"type": "Polygon", "coordinates": [[[104.993, -5.243], [104.993, -5.235], [104.966, -5.246], [104.977, -5.249], [104.967, -5.262], [104.972, -5.271], [104.989, -5.264], [104.984, -5.26], [104.993, -5.243]]]}}, {"type": "Feature", "properties": {"domain_id": "1810072011", "name": "BANDUNG BARU BARAT"}, "geometry": {"type": "Polygon", "coordinates": [[[104.972, -5.271], [104.969, -5.263], [104.948, -5.27], [104.947, -5.279], [104.972, -5.271]]]}}, {"type": "Feature", "properties": {"domain_id": "1810072010", "name": "TUNGGUL PAWENANG"}, "geometry": {"type": "MultiPolygon", "coordinates": [[[[105.055, -5.211], [105.045, -5.224], [105.05, -5.229], [105.057, -5.234], [105.074, -5.229], [105.055, -5.211]]], [[[105.085, -5.232], [105.075, -5.227], [105.079, -5.233], [105.085, -5.232]]]]}}, {"type": "Feature", "properties": {"domain_id": "1810082015", "name": "PANGGUNG REJO UTARA"}, "geometry": {"type": "Polygon", "coordinates": [[[105.043, -5.301], [105.039, -5.297], [105.042, -5.286], [105.027, -5.286], [105.025, -5.306], [105.043, -5.301]]]}}, {"type": "Feature", "properties": {"domain_id": "1810082002", "name": "SUKOHARJO I"}, "geometry": {"type": "Polygon", "coordinates": [[[104.981, -5.304], [104.967, -5.304], [104.956, -5.33], [104.967, -5.333], [104.982, -5.327], [104.981, -5.304]]]}}, {"type": "Feature", "properties": {"domain_id": "1810082004", "name": "SUKOHARJO III"}, "geometry": {"type": "Polygon", "coordinates": [[[104.993, -5.304], [104.995, -5.291], [104.985, -5.292], [104.981, -5.306], [104.993, -5.304]]]}}, {"type": "Feature", "properties": {"domain_id": "1810082016", "name": "SUKOHARJO III BARAT"}, "geometry": {"type": "Polygon", "coordinates": [[[104.968, -5.293], [104.964, -5.299], [104.974, -5.306], [104.981, -5.304], [104.983, -5.293], [104.968, -5.293]]]}}, {"type": "Feature", "properties": {"domain_id": "1810082008", "name": "PANDAN SURAT"}, "geometry": {"type": "Polygon", "coordinates": [[[105.018, -5.286], [105.011, -5.286], [105.01, -5.274], [105.003, -5.276], [104.993, -5.306], [105.007, -5.305], [105.018, -5.286]]]}}, {"type": "Feature", "properties": {"domain_id": "1810082012", "name": "WARINGINSARI BARAT"}, "geometry": {"type": "Polygon", "coordinates": [[[105.002, -5.26], [104.993, -5.259], [104.957, -5.279], [104.947, -5.279], [104.948, -5.286], [105.002, -5.284], [105.008, -5.275], [105.002, -5.26]]]}}, {"type": "Feature", "properties": {"domain_id": "1810082013", "name": "PANDAN SARI SELATAN"}, "geometry": {"type": "Polygon", "coordinates": [[[105.024, -5.306], [105.001, -5.307], [105.002, -5.32], [105.024, -5.32], [105.024, -5.306]]]}}, {"type": "Feature", "properties": {"domain_id": "1810092003", "name": "NEGLASARI"}, "geometry": {"type": "Polygon", "coordinates": [[[104.845, -5.28], [104.818, -5.27], [104.816, -5.287], [104.825, -5.299], [104.829, -5.292], [104.841, -5.295], [104.845, -5.28]]]}}, {"type": "Feature", "properties": {"domain_id": "1810092007", "name": "SUMBER BANDUNG"}, "geometry": {"type": "MultiPolygon", "coordinates": [[[[104.828, -5.265], [104.818, -5.27], [104.845, -5.28], [104.828, -5.265]]], [[[104.855, -5.294], [104.845, -5.285], [104.841, -5.295], [104.856, -5.298], [104.855, -5.294]]], [[[104.861, -5.276], [104.859, -5.276], [104.859, -5.279], [104.861, -5.276]]]]}}, {"type": "Feature", "properties": {"domain_id": "1810092004", "name": "FAJAR MULIA"}, "geometry": {"type": "Polygon", "coordinates": [[[104.895, -5.293], [104.874, -5.281], [104.867, -5.294], [104.856, -5.298], [104.865, -5.304], [104.88, -5.296], [104.893, -5.302], [104.895, -5.293]]]}}, {"type": "Feature", "properties": {"domain_id": "1811012006", "name": "TIRTA LAGA"}, "geometry": {"type": "Polygon", "coordinates": [[[105.562, -3.976], [105.541, -3.946], [105.52, -3.962], [105.524, -3.997], [105.537, -3.995], [105.562, -3.976]]]}}, {"type": "Feature", "properties": {"domain_id": "1811012001", "name": "WIRALAGA I"}, "geometry": {"type": "Polygon", "coordinates": [[[105.492, -3.841], [105.481, -3.822], [105.456, -3.827], [105.456, -3.898], [105.468, -3.898], [105.467, -3.88], [105.479, -3.88], [105.492, -3.841]]]}}, {"type": "Feature", "properties": {"domain_id": "1811012003", "name": "SUNGAI BADAK"}, "geometry": {"type": "Polygon", "coordinates": [[[105.44, -3.827], [105.431, -3.825], [105.414, -3.838], [105.406, -3.862], [105.43, -3.873], [105.431, -3.864], [105.438, -3.872], [105.434, -3.876], [105.456, -3.898], [105.456, -3.827], [105.44, -3.827]]]}}, {"type": "Feature", "properties": {"domain_id": "1811012005", "name": "SIDO MULYO"}, "geometry": {"type": "Polygon", "coordinates": [[[105.434, -3.876], [105.425, -3.886], [105.403, -3.877], [105.391, -3.9], [105.409, -3.907], [105.412, -3.914], [105.444, -3.904], [105.45, -3.907], [105.45, -3.898], [105.456, -3.898], [105.434, -3.876]]]}}, {"type": "Feature", "properties": {"domain_id": "1811032004", "name": "SIDANG SIDO RAHAYU"}, "geometry": {"type": "Polygon", "coordinates": [[[105.755, -4.15], [105.735, -4.152], [105.734, -4.147], [105.725, -4.147], [105.724, -4.14], [105.71, -4.142], [105.718, -4.169], [105.755, -4.166], [105.755, -4.15]]]}}, {"type": "Feature", "properties": {"domain_id": "1811032006", "name": "SIDANG BANDAR ANOM"}, "geometry": {"type": "Polygon", "coordinates": [[[105.68, -4.169], [105.68, -4.162], [105.654, -4.166], [105.652, -4.196], [105.683, -4.193], [105.68, -4.169]]]}}, {"type": "Feature", "properties": {"domain_id": "1811032008", "name": "SIDANG ISO MUKTI"}, "geometry": {"type": "Polygon", "coordinates": [[[105.755, -4.185], [105.755, -4.166], [105.718, -4.169], [105.722, -4.198], [105.755, -4.195], [105.755, -4.185]]]}}, {"type": "Feature", "properties": {"domain_id": "1811032010", "name": "TELOGO REJO"}, "geometry": {"type": "Polygon", "coordinates": [[[105.678, -4.136], [105.675, -4.111], [105.641, -4.114], [105.644, -4.139], [105.678, -4.136]]]}}, {"type": "Feature", "properties": {"domain_id": "1811032009", "name": "SIDANG KURNIA AGUNG"}, "geometry": {"type": "Polygon", "coordinates": [[[105.718, -4.169], [105.68, -4.169], [105.682, -4.189], [105.72, -4.185], [105.718, -4.169]]]}}, {"type": "Feature", "properties": {"domain_id": "1811032005", "name": "SIDANG WAY PUJI"}, "geometry": {"type": "Polygon", "coordinates": [[[105.696, -4.133], [105.678, -4.139], [105.68, -4.169], [105.718, -4.166], [105.714, -4.144], [105.699, -4.143], [105.696, -4.133]]]}}, {"type": "Feature", "properties": {"domain_id": "1811032007", "name": "PANGGUNG REJO"}, "geometry": {"type": "Polygon", "coordinates": [[[105.675, -4.111], [105.673, -4.094], [105.639, -4.097], [105.641, -4.114], [105.675, -4.111]]]}}, {"type": "Feature", "properties": {"domain_id": "1811032013", "name": "SIDANG MAKMUR"}, "geometry": {"type": "Polygon", "coordinates": [[[105.698, -4.129], [105.711, -4.106], [105.685, -4.098], [105.684, -4.079], [105.675, -4.074], [105.678, -4.139], [105.692, -4.138], [105.691, -4.131], [105.698, -4.129]]]}}, {"type": "Feature", "properties": {"domain_id": "1811032012", "name": "SIDANG MUARA JAYA"}, "geometry": {"type": "Polygon", "coordinates": [[[105.76, -4.137], [105.743, -4.144], [105.728, -4.131], [105.708, -4.138], [105.696, -4.13], [105.699, -4.143], [105.724, -4.14], [105.725, -4.147], [105.734, -4.147], [105.735, -4.152], [105.755, -4.15], [105.76, -4.137]]]}}, {"type": "Feature", "properties": {"domain_id": "1811042001", "name": "BUKO POSO"}, "geometry": {"type": "Polygon", "coordinates": [[[105.174, -4.192], [105.166, -4.15], [105.155, -4.146], [105.143, -4.153], [105.143, -4.136], [105.133, -4.161], [105.146, -4.2], [105.174, -4.192]]]}}, {"type": "Feature", "properties": {"domain_id": "1811042002", "name": "KEJADIAN"}, "geometry": {"type": "Polygon", "coordinates": [[[105.096, -4.213], [105.092, -4.193], [105.064, -4.203], [105.069, -4.217], [105.098, -4.218], [105.096, -4.213]]]}}, {"type": "Feature", "properties": {"domain_id": "1811052004", "name": "HARAPAN JAYA"}, "geometry": {"type": "Polygon", "coordinates": [[[105.209, -3.981], [105.191, -3.982], [105.191, -4.011], [105.207, -4.017], [105.216, -3.999], [105.209, -3.981]]]}}, {"type": "Feature", "properties": {"domain_id": "1811062007", "name": "ADI KARYA MULYA"}, "geometry": {"type": "Polygon", "coordinates": [[[105.268, -3.975], [105.265, -3.996], [105.273, -3.996], [105.273, -3.986], [105.294, -3.986], [105.301, -3.977], [105.268, -3.975]]]}}, {"type": "Feature", "properties": {"domain_id": "1811052010", "name": "SIMPANG MESUJI"}, "geometry": {"type": "Polygon", "coordinates": [[[105.265, -3.996], [105.247, -3.996], [105.248, -4.027], [105.271, -4.02], [105.271, -3.996], [105.265, -3.996]]]}}, {"type": "Feature", "properties": {"domain_id": "1811052008", "name": "JAYA SAKTI"}, "geometry": {"type": "Polygon", "coordinates": [[[105.228, -3.995], [105.216, -3.991], [105.216, -3.98], [105.209, -3.981], [105.216, -3.999], [105.207, -4.017], [105.228, -4.021], [105.228, -3.995]]]}}, {"type": "Feature", "properties": {"domain_id": "1811052009", "name": "REJO BINANGUN"}, "geometry": {"type": "Polygon", "coordinates": [[[105.156, -3.994], [105.134, -3.991], [105.133, -4.002], [105.147, -4.002], [105.147, -4.01], [105.164, -4.012], [105.156, -3.994]]]}}, {"type": "Feature", "properties": {"domain_id": "1811072018", "name": "MUARA TENANG TIMUR"}, "geometry": {"type": "Polygon", "coordinates": [[[105.413, -3.989], [105.397, -3.988], [105.376, -4.006], [105.392, -4.02], [105.404, -4.001], [105.406, -4.009], [105.41, -4.007], [105.413, -3.989]]]}}, {"type": "Feature", "properties": {"domain_id": "1811072019", "name": "SRIWIJAYA"}, "geometry": {"type": "Polygon", "coordinates": [[[105.455, -3.97], [105.473, -3.961], [105.462, -3.94], [105.455, -3.943], [105.45, -3.935], [105.43, -3.94], [105.455, -3.97]]]}}, {"type": "Feature", "properties": {"domain_id": "1808132002", "name": "PUNJUL AGUNG"}, "geometry": {"type": "Polygon", "coordinates": [[[104.539, -4.276], [104.534, -4.275], [104.526, -4.323], [104.536, -4.328], [104.561, -4.313], [104.539, -4.276]]]}}, {"type": "Feature", "properties": {"domain_id": "1812012004", "name": "MENGGALA MAS"}, "geometry": {"type": "MultiPolygon", "coordinates": [[[[105.11, -4.454], [105.098, -4.446], [105.069, -4.455], [105.06, -4.467], [105.086, -4.471], [105.088, -4.46], [105.099, -4.455], [105.108, -4.475], [105.114, -4.477], [105.11, -4.454]]], [[[105.171, -4.575], [105.162, -4.579], [105.163, -4.583], [105.148, -4.585], [105.149, -4.594], [105.158, -4.588], [105.169, -4.598], [105.171, -4.575]]], [[[105.153, -4.568], [105.153, -4.565], [105.149, -4.565], [105.153, -4.568]]], [[[105.123, -4.556], [105.119, -4.551], [105.119, -4.556], [105.123, -4.556]]]]}}, {"type": "Feature", "properties": {"domain_id": "1812012003", "name": "BANDAR DEWA"}, "geometry": {"type": "MultiPolygon", "coordinates": [[[[105.1, -4.458], [105.091, -4.458], [105.086, -4.471], [105.067, -4.47], [105.118, -4.496], [105.114, -4.477], [105.108, -4.475], [105.1, -4.458]]], [[[105.124, -4.621], [105.125, -4.626], [105.127, -4.626], [105.124, -4.621]]], [[[105.138, -4.624], [105.138, -4.621], [105.132, -4.629], [105.138, -4.624]]], [[[105.103, -4.616], [105.105, -4.613], [105.093, -4.612], [105.103, -4.616]]]]}}, {"type": "Feature", "properties": {"domain_id": "1812012015", "name": "PANARAGAN JAYA INDAH"}, "geometry": {"type": "Polygon", "coordinates": [[[105.126, -4.516], [105.106, -4.515], [105.107, -4.499], [105.097, -4.497], [105.097, -4.514], [105.102, -4.514], [105.103, -4.522], [105.098, -4.522], [105.097, -4.535], [105.103, -4.536], [105.103, -4.544], [105.132, -4.544], [105.137, -4.517], [105.126, -4.516]]]}}, {"type": "Feature", "properties": {"domain_id": "1812012019", "name": "CANDRA JAYA"}, "geometry": {"type": "Polygon", "coordinates": [[[105.169, -4.598], [105.158, -4.588], [105.137, -4.6], [105.146, -4.614], [105.166, -4.611], [105.169, -4.598]]]}}, {"type": "Feature", "properties": {"domain_id": "1812022004", "name": "MAKARTI"}, "geometry": {"type": "Polygon", "coordinates": [[[105.074, -4.658], [105.059, -4.663], [105.058, -4.659], [105.046, -4.671], [105.06, -4.682], [105.062, -4.697], [105.086, -4.68], [105.088, -4.66], [105.074, -4.658]]]}}, {"type": "Feature", "properties": {"domain_id": "1812022002", "name": "DAYA SAKTI"}, "geometry": {"type": "Polygon", "coordinates": [[[105.074, -4.658], [105.058, -4.645], [105.041, -4.655], [105.033, -4.652], [105.029, -4.663], [105.038, -4.672], [105.058, -4.659], [105.059, -4.663], [105.074, -4.658]]]}}, {"type": "Feature", "properties": {"domain_id": "1812022005", "name": "GUNUNG MENANTI"}, "geometry": {"type": "Polygon", "coordinates": [[[105.143, -4.679], [105.136, -4.687], [105.103, -4.687], [105.103, -4.699], [105.089, -4.694], [105.084, -4.699], [105.125, -4.726], [105.142, -4.706], [105.143, -4.679]]]}}, {"type": "Feature", "properties": {"domain_id": "1812092010", "name": "TOTO WONODADI"}, "geometry": {"type": "Polygon", "coordinates": [[[105.039, -4.377], [105.02, -4.368], [105.015, -4.393], [105.026, -4.409], [105.026, -4.401], [105.038, -4.41], [105.039, -4.377]]]}}, {"type": "Feature", "properties": {"domain_id": "1812032006", "name": "GEDUNG RATU"}, "geometry": {"type": "Polygon", "coordinates": [[[105.01, -4.45], [104.99, -4.459], [104.991, -4.486], [105.006, -4.508], [105.023, -4.503], [105.041, -4.511], [105.042, -4.506], [105.046, -4.529], [105.058, -4.547], [105.056, -4.563], [105.064, -4.547], [105.058, -4.505], [105.039, -4.479], [105.02, -4.472], [105.019, -4.465], [105.008, -4.464], [105.01, -4.45]]]}}, {"type": "Feature", "properties": {"domain_id": "1812052001", "name": "TUNAS JAYA"}, "geometry": {"type": "Polygon", "coordinates": [[[105.077, -4.237], [105.045, -4.238], [105.04, -4.244], [105.042, -4.254], [105.077, -4.249], [105.077, -4.237]]]}}, {"type": "Feature", "properties": {"domain_id": "1812042020", "name": "TERANG MAKMUR"}, "geometry": {"type": "Polygon", "coordinates": [[[105.102, -4.346], [105.09, -4.344], [105.085, -4.358], [105.093, -4.358], [105.093, -4.35], [105.102, -4.346]]]}}, {"type": "Feature", "properties": {"domain_id": "1812052002", "name": "MEKAR JAYA"}, "geometry": {"type": "Polygon", "coordinates": [[[105.049, -4.142], [105.033, -4.141], [105.014, -4.175], [104.968, -4.171], [104.953, -4.178], [104.946, -4.191], [104.944, -4.208], [104.953, -4.224], [104.942, -4.232], [104.954, -4.249], [104.986, -4.257], [104.998, -4.309], [105.008, -4.309], [105.019, -4.288], [105.048, -4.288], [105.047, -4.254], [105.042, -4.254], [105.04, -4.244], [105.046, -4.238], [105.043, -4.219], [105.036, -4.218], [105.034, -4.227], [105.028, -4.219], [105.049, -4.142]]]}}, {"type": "Feature", "properties": {"domain_id": "1812062003", "name": "BALAM JAYA"}, "geometry": {"type": "Polygon", "coordinates": [[[105.189, -4.242], [105.138, -4.242], [105.139, -4.256], [105.167, -4.255], [105.179, -4.261], [105.189, -4.253], [105.189, -4.242]]]}}, {"type": "Feature", "properties": {"domain_id": "1812062002", "name": "MERCU BUANA"}, "geometry": {"type": "Polygon", "coordinates": [[[105.189, -4.253], [105.179, -4.261], [105.167, -4.255], [105.134, -4.256], [105.134, -4.264], [105.189, -4.269], [105.189, -4.253]]]}}, {"type": "Feature", "properties": {"domain_id": "1812072002", "name": "LESUNG BHAKTI JAYA"}, "geometry": {"type": "Polygon", "coordinates": [[[105.242, -4.386], [105.218, -4.392], [105.214, -4.408], [105.2, -4.405], [105.205, -4.423], [105.214, -4.423], [105.213, -4.416], [105.225, -4.417], [105.225, -4.411], [105.23, -4.414], [105.244, -4.397], [105.255, -4.402], [105.242, -4.386]]]}}, {"type": "Feature", "properties": {"domain_id": "1812072005", "name": "GUNUNG SARI"}, "geometry": {"type": "Polygon", "coordinates": [[[105.165, -4.346], [105.132, -4.348], [105.146, -4.364], [105.166, -4.365], [105.165, -4.346]]]}}, {"type": "Feature", "properties": {"domain_id": "1812072006", "name": "SUMBER REJO"}, "geometry": {"type": "Polygon", "coordinates": [[[105.132, -4.348], [105.131, -4.342], [105.122, -4.342], [105.093, -4.35], [105.092, -4.371], [105.107, -4.379], [105.133, -4.376], [105.132, -4.348]]]}}, {"type": "Feature", "properties": {"domain_id": "1812072007", "name": "KIBANG YEKTI JAYA"}, "geometry": {"type": "Polygon", "coordinates": [[[105.142, -4.297], [105.135, -4.302], [105.127, -4.294], [105.113, -4.305], [105.112, -4.345], [105.119, -4.342], [105.119, -4.327], [105.126, -4.322], [105.132, -4.325], [105.134, -4.314], [105.144, -4.312], [105.142, -4.297]]]}}, {"type": "Feature", "properties": {"domain_id": "1813072001", "name": "PAJAR BULAN"}, "geometry": {"type": "Polygon", "coordinates": [[[103.958, -5.167], [103.948, -5.172], [103.954, -5.173], [103.958, -5.167]]]}}, {"type": "Feature", "properties": {"domain_id": "1812092001", "name": "PANCA MARGA"}, "geometry": {"type": "Polygon", "coordinates": [[[105.085, -4.348], [105.045, -4.347], [105.045, -4.364], [105.063, -4.363], [105.063, -4.369], [105.085, -4.373], [105.085, -4.348]]]}}, {"type": "Feature", "properties": {"domain_id": "1812082004", "name": "BUJUNG DEWA"}, "geometry": {"type": "Polygon", "coordinates": [[[105.2, -4.405], [105.177, -4.41], [105.15, -4.424], [105.152, -4.43], [105.202, -4.435], [105.214, -4.424], [105.205, -4.423], [105.2, -4.405]]]}}, {"type": "Feature", "properties": {"domain_id": "1812082006", "name": "MARGA JAYA INDAH"}, "geometry": {"type": "Polygon", "coordinates": [[[105.207, -4.381], [105.202, -4.365], [105.166, -4.369], [105.169, -4.381], [105.186, -4.382], [105.194, -4.391], [105.184, -4.397], [105.197, -4.403], [105.192, -4.385], [105.207, -4.381]]]}}, {"type": "Feature", "properties": {"domain_id": "1808152009", "name": "BUMI RATU"}, "geometry": {"type": "Polygon", "coordinates": [[[104.546, -4.604], [104.537, -4.595], [104.525, -4.598], [104.53, -4.609], [104.509, -4.644], [104.551, -4.632], [104.541, -4.614], [104.546, -4.604]]]}}, {"type": "Feature", "properties": {"domain_id": "1813012001", "name": "WAY REDAK"}, "geometry": {"type": "Polygon", "coordinates": [[[103.936, -5.219], [103.94, -5.214], [103.931, -5.207], [103.917, -5.205], [103.936, -5.219]]]}}, {"type": "Feature", "properties": {"domain_id": "1813012003", "name": "KAMPUNG JAWA"}, "geometry": {"type": "Polygon", "coordinates": [[[103.937, -5.19], [103.929, -5.194], [103.935, -5.198], [103.937, -5.19]]]}}, {"type": "Feature", "properties": {"domain_id": "1813012006", "name": "SUKA NEGARA"}, "geometry": {"type": "Polygon", "coordinates": [[[103.947, -5.171], [103.94, -5.171], [103.946, -5.182], [103.947, -5.171]]]}}, {"type": "Feature", "properties": {"domain_id": "1809012010", "name": "SUNGAI LANGKA"}, "geometry": {"type": "Polygon", "coordinates": [[[105.17, -5.38], [105.164, -5.373], [105.164, -5.38], [105.152, -5.381], [105.16, -5.4], [105.156, -5.43], [105.185, -5.42], [105.178, -5.406], [105.186, -5.399], [105.181, -5.385], [105.188, -5.378], [105.17, -5.38]]]}}, {"type": "Feature", "properties": {"domain_id": "1813022005", "name": "TANJUNG JATI"}, "geometry": {"type": "Polygon", "coordinates": [[[104.011, -5.291], [104.009, -5.286], [104.008, -5.293], [104.011, -5.291]]]}}, {"type": "Feature", "properties": {"domain_id": "1813042005", "name": "KOTA KARANG"}, "geometry": {"type": "Polygon", "coordinates": [[[103.838, -4.997], [103.825, -4.996], [103.797, -5.045], [103.815, -5.051], [103.819, -5.027], [103.838, -4.997]]]}}, {"type": "Feature", "properties": {"domain_id": "1813022013", "name": "ULOK MANIK"}, "geometry": {"type": "Polygon", "coordinates": [[[104.06, -5.316], [104.026, -5.309], [104.027, -5.321], [104.038, -5.319], [104.05, -5.331], [104.057, -5.328], [104.06, -5.316]]]}}, {"type": "Feature", "properties": {"domain_id": "1813022010", "name": "MARANG"}, "geometry": {"type": "Polygon", "coordinates": [[[104.117, -5.388], [104.126, -5.371], [104.133, -5.37], [104.125, -5.36], [104.138, -5.341], [104.119, -5.341], [104.118, -5.348], [104.108, -5.346], [104.104, -5.354], [104.088, -5.354], [104.079, -5.367], [104.053, -5.362], [104.047, -5.368], [104.059, -5.378], [104.07, -5.408], [104.073, -5.403], [104.092, -5.409], [104.092, -5.402], [104.106, -5.403], [104.117, -5.388]]]}}, {"type": "Feature", "properties": {"domain_id": "1813022011", "name": "TANJUNG RAYA"}, "geometry": {"type": "Polygon", "coordinates": [[[104.213, -5.213], [104.198, -5.207], [104.198, -5.25], [104.19, -5.261], [104.161, -5.264], [104.149, -5.278], [104.113, -5.276], [104.108, -5.286], [104.11, -5.308], [104.074, -5.322], [104.071, -5.336], [104.061, -5.343], [104.051, -5.335], [104.05, -5.362], [104.079, -5.367], [104.088, -5.354], [104.104, -5.354], [104.108, -5.346], [104.118, -5.348], [104.119, -5.341], [104.138, -5.341], [104.15, -5.304], [104.191, -5.291], [104.208, -5.263], [104.24, -5.245], [104.223, -5.218], [104.213, -5.213]]]}}, {"type": "Feature", "properties": {"domain_id": "1813032001", "name": "TANJUNG JATI"}, "geometry": {"type": "Polygon", "coordinates": [[[103.627, -4.889], [103.613, -4.894], [103.604, -4.889], [103.599, -4.907], [103.591, -4.911], [103.596, -4.922], [103.64, -4.933], [103.649, -4.948], [103.656, -4.938], [103.65, -4.937], [103.64, -4.907], [103.627, -4.889]]]}}, {"type": "Feature", "properties": {"domain_id": "1813032002", "name": "TANJUNG SAKTI"}, "geometry": {"type": "Polygon", "coordinates": [[[103.67, -4.95], [103.656, -4.938], [103.649, -4.948], [103.659, -4.964], [103.67, -4.962], [103.67, -4.95]]]}}, {"type": "Feature", "properties": {"domain_id": "1813042006", "name": "BALAM"}, "geometry": {"type": "Polygon", "coordinates": [[[103.787, -5.041], [103.794, -5.039], [103.82, -4.997], [103.809, -4.997], [103.797, -5.012], [103.784, -5.032], [103.787, -5.041]]]}}, {"type": "Feature", "properties": {"domain_id": "1813032009", "name": "BANDAR PUGUNG"}, "geometry": {"type": "Polygon", "coordinates": [[[103.809, -4.943], [103.802, -4.939], [103.786, -4.945], [103.781, -4.956], [103.763, -4.96], [103.743, -4.987], [103.747, -5.002], [103.773, -4.967], [103.796, -4.958], [103.809, -4.943]]]}}, {"type": "Feature", "properties": {"domain_id": "1813042002", "name": "PADANG RINDU"}, "geometry": {"type": "Polygon", "coordinates": [[[103.759, -5.037], [103.747, -5.041], [103.757, -5.046], [103.759, -5.037]]]}}, {"type": "Feature", "properties": {"domain_id": "1813042001", "name": "KURIPAN"}, "geometry": {"type": "Polygon", "coordinates": [[[103.759, -5.045], [103.765, -5.036], [103.759, -5.036], [103.759, -5.045]]]}}, {"type": "Feature", "properties": {"domain_id": "1813052006", "name": "LAAY"}, "geometry": {"type": "Polygon", "coordinates": [[[103.93, -5.136], [103.921, -5.139], [103.927, -5.145], [103.934, -5.139], [103.93, -5.136]]]}}, {"type": "Feature", "properties": {"domain_id": "1813052007", "name": "PENGGAWA V ULU"}, "geometry": {"type": "Polygon", "coordinates": [[[103.936, -5.131], [103.93, -5.135], [103.934, -5.139], [103.939, -5.135], [103.936, -5.131]]]}}, {"type": "Feature", "properties": {"domain_id": "1813052005", "name": "MENYANCANG"}, "geometry": {"type": "Polygon", "coordinates": [[[103.993, -5.103], [103.937, -5.141], [103.931, -5.149], [103.935, -5.155], [103.942, -5.155], [103.947, -5.143], [103.972, -5.12], [103.986, -5.116], [103.993, -5.103]]]}}, {"type": "Feature", "properties": {"domain_id": "1813052009", "name": "WAY SINDI UTARA"}, "geometry": {"type": "Polygon", "coordinates": [[[103.878, -5.078], [103.866, -5.073], [103.847, -5.086], [103.856, -5.099], [103.878, -5.078]]]}}, {"type": "Feature", "properties": {"domain_id": "1813062002", "name": "LABUHAN"}, "geometry": {"type": "Polygon", "coordinates": [[[103.849, -5.115], [103.839, -5.119], [103.838, -5.123], [103.849, -5.115]]]}}, {"type": "Feature", "properties": {"domain_id": "1813062001", "name": "PASAR PULAU PISANG"}, "geometry": {"type": "Polygon", "coordinates": [[[103.851, -5.123], [103.853, -5.12], [103.849, -5.115], [103.851, -5.123]]]}}, {"type": "Feature", "properties": {"domain_id": "1813072003", "name": "BANJAR AGUNG"}, "geometry": {"type": "Polygon", "coordinates": [[[103.943, -5.16], [103.944, -5.166], [103.957, -5.166], [103.943, -5.16]]]}}, {"type": "Feature", "properties": {"domain_id": "1813072008", "name": "SUKA BARU"}, "geometry": {"type": "Polygon", "coordinates": [[[103.944, -5.154], [103.948, -5.164], [103.958, -5.167], [103.998, -5.166], [103.979, -5.158], [103.944, -5.154]]]}}, {"type": "Feature", "properties": {"domain_id": "1813082002", "name": "WAY SULUH"}, "geometry": {"type": "Polygon", "coordinates": [[[103.969, -5.208], [103.963, -5.204], [103.943, -5.237], [103.947, -5.24], [103.969, -5.208]]]}}, {"type": "Feature", "properties": {"domain_id": "1813082003", "name": "WAY NAPAL"}, "geometry": {"type": "Polygon", "coordinates": [[[103.963, -5.204], [103.936, -5.219], [103.938, -5.235], [103.944, -5.236], [103.963, -5.204]]]}}, {"type": "Feature", "properties": {"domain_id": "1813082007", "name": "PEMERIHAN"}, "geometry": {"type": "Polygon", "coordinates": [[[103.932, -5.215], [103.918, -5.209], [103.914, -5.222], [103.92, -5.226], [103.932, -5.215]]]}}, {"type": "Feature", "properties": {"domain_id": "1813082010", "name": "SUKA JADI"}, "geometry": {"type": "Polygon", "coordinates": [[[103.914, -5.222], [103.912, -5.227], [103.919, -5.228], [103.914, -5.222]]]}}, {"type": "Feature", "properties": {"domain_id": "1813092008", "name": "MUARA TEMBULIH"}, "geometry": {"type": "Polygon", "coordinates": [[[104.13, -5.443], [104.111, -5.444], [104.129, -5.46], [104.13, -5.443]]]}}, {"type": "Feature", "properties": {"domain_id": "1813092006", "name": "SUKA BANJAR"}, "geometry": {"type": "Polygon", "coordinates": [[[104.305, -5.347], [104.279, -5.314], [104.27, -5.318], [104.263, -5.325], [104.255, -5.368], [104.238, -5.369], [104.23, -5.382], [104.21, -5.385], [104.161, -5.447], [104.184, -5.447], [104.188, -5.453], [104.208, -5.445], [104.215, -5.451], [104.215, -5.437], [104.245, -5.415], [104.25, -5.391], [104.278, -5.381], [104.292, -5.369], [104.291, -5.358], [104.305, -5.347]]]}}, {"type": "Feature", "properties": {"domain_id": "1813092007", "name": "SUKA NEGARA"}, "geometry": {"type": "Polygon", "coordinates": [[[104.188, -5.453], [104.184, -5.447], [104.17, -5.445], [104.159, -5.454], [104.146, -5.449], [104.142, -5.46], [104.13, -5.455], [104.129, -5.46], [104.164, -5.476], [104.175, -5.472], [104.188, -5.453]]]}}, {"type": "Feature", "properties": {"domain_id": "1813112005", "name": "PENYANDINGAN"}, "geometry": {"type": "Polygon", "coordinates": [[[104.358, -5.586], [104.357, -5.593], [104.344, -5.584], [104.346, -5.617], [104.364, -5.618], [104.374, -5.629], [104.367, -5.587], [104.358, -5.586]]]}}, {"type": "Feature", "properties": {"domain_id": "1813102005", "name": "RAJA BASA"}, "geometry": {"type": "Polygon", "coordinates": [[[104.359, -5.393], [104.349, -5.38], [104.327, -5.441], [104.306, -5.444], [104.293, -5.457], [104.286, -5.456], [104.283, -5.468], [104.275, -5.467], [104.234, -5.49], [104.223, -5.504], [104.211, -5.507], [104.215, -5.516], [104.224, -5.512], [104.237, -5.492], [104.255, -5.491], [104.264, -5.501], [104.308, -5.455], [104.316, -5.458], [104.346, -5.449], [104.355, -5.432], [104.359, -5.393]]]}}, {"type": "Feature", "properties": {"domain_id": "1813102004", "name": "MULANG MAYA"}, "geometry": {"type": "Polygon", "coordinates": [[[104.349, -5.38], [104.338, -5.371], [104.328, -5.41], [104.315, -5.432], [104.245, -5.47], [104.239, -5.485], [104.206, -5.502], [104.211, -5.507], [104.223, -5.504], [104.243, -5.484], [104.275, -5.467], [104.283, -5.468], [104.286, -5.456], [104.293, -5.457], [104.306, -5.444], [104.327, -5.441], [104.349, -5.38]]]}}, {"type": "Feature", "properties": {"domain_id": "1813112011", "name": "SIRING GADING"}, "geometry": {"type": "Polygon", "coordinates": [[[104.614, -5.729], [104.582, -5.721], [104.486, -5.719], [104.49, -5.729], [104.483, -5.729], [104.474, -5.751], [104.482, -5.766], [104.518, -5.783], [104.533, -5.781], [104.592, -5.766], [104.589, -5.754], [104.612, -5.748], [104.614, -5.729]]]}}, {"type": "Feature", "properties": {"domain_id": "1813102018", "name": "SUKA MAJU"}, "geometry": {"type": "Polygon", "coordinates": [[[104.389, -5.429], [104.359, -5.393], [104.349, -5.445], [104.334, -5.454], [104.308, -5.455], [104.287, -5.473], [104.281, -5.487], [104.271, -5.489], [104.264, -5.505], [104.255, -5.507], [104.25, -5.524], [104.257, -5.54], [104.263, -5.542], [104.274, -5.53], [104.29, -5.5], [104.378, -5.442], [104.389, -5.429]]]}}, {"type": "Feature", "properties": {"domain_id": "1813102020", "name": "BANDAR JAYA"}, "geometry": {"type": "Polygon", "coordinates": [[[104.233, -5.485], [104.229, -5.485], [104.225, -5.488], [104.233, -5.485]]]}}, {"type": "Feature", "properties": {"domain_id": "1813112003", "name": "SUKA MARGA"}, "geometry": {"type": "MultiPolygon", "coordinates": [[[[104.404, -5.486], [104.396, -5.481], [104.383, -5.51], [104.353, -5.533], [104.35, -5.55], [104.334, -5.531], [104.321, -5.548], [104.323, -5.562], [104.313, -5.567], [104.319, -5.579], [104.311, -5.59], [104.314, -5.599], [104.343, -5.583], [104.357, -5.593], [104.358, -5.583], [104.367, -5.582], [104.368, -5.574], [104.374, -5.579], [104.371, -5.585], [104.382, -5.581], [104.385, -5.565], [104.406, -5.55], [104.422, -5.548], [104.437, -5.56], [104.443, -5.519], [104.417, -5.483], [104.404, -5.486]]], [[[104.378, -5.616], [104.37, -5.624], [104.376, -5.624], [104.378, -5.616]]]]}}, {"type": "Feature", "properties": {"domain_id": "1813112013", "name": "TANJUNG REJO"}, "geometry": {"type": "Polygon", "coordinates": [[[104.417, -5.45], [104.406, -5.444], [104.393, -5.469], [104.346, -5.492], [104.302, -5.55], [104.304, -5.571], [104.298, -5.576], [104.311, -5.591], [104.319, -5.584], [104.314, -5.566], [104.323, -5.562], [104.321, -5.548], [104.334, -5.531], [104.35, -5.55], [104.353, -5.533], [104.383, -5.51], [104.396, -5.481], [104.417, -5.483], [104.417, -5.45]]]}}, {"type": "Feature", "properties": {"domain_id": "1813112014", "name": "PAGAR BUKIT INDUK"}, "geometry": {"type": "Polygon", "coordinates": [[[104.344, -5.584], [104.332, -5.591], [104.339, -5.596], [104.339, -5.611], [104.348, -5.604], [104.344, -5.584]]]}}, {"type": "Feature", "properties": {"domain_id": "1871011009", "name": "SUKAMENANTI BARU"}, "geometry": {"type": "Polygon", "coordinates": [[[105.257, -5.391], [105.253, -5.398], [105.257, -5.399], [105.257, -5.391]]]}}, {"type": "Feature", "properties": {"domain_id": "1871011010", "name": "PENENGAHAN"}, "geometry": {"type": "Polygon", "coordinates": [[[105.261, -5.399], [105.256, -5.4], [105.26, -5.403], [105.261, -5.399]]]}}, {"type": "Feature", "properties": {"domain_id": "1871021009", "name": "KORPRI RAYA"}, "geometry": {"type": "Polygon", "coordinates": [[[105.306, -5.359], [105.29, -5.371], [105.302, -5.373], [105.306, -5.359]]]}}, {"type": "Feature", "properties": {"domain_id": "1871021008", "name": "KORPRI JAYA"}, "geometry": {"type": "Polygon", "coordinates": [[[105.308, -5.361], [105.296, -5.375], [105.301, -5.38], [105.31, -5.374], [105.308, -5.361]]]}}, {"type": "Feature", "properties": {"domain_id": "1871021006", "name": "SUKARAME BARU"}, "geometry": {"type": "Polygon", "coordinates": [[[105.324, -5.396], [105.324, -5.389], [105.316, -5.388], [105.316, -5.378], [105.308, -5.375], [105.309, -5.394], [105.324, -5.396]]]}}, {"type": "Feature", "properties": {"domain_id": "1871031008", "name": "KELAPA TIGA PERMAI"}, "geometry": {"type": "Polygon", "coordinates": [[[105.243, -5.408], [105.238, -5.412], [105.245, -5.412], [105.243, -5.408]]]}}, {"type": "Feature", "properties": {"domain_id": "1871051006", "name": "SAWAH BREBES"}, "geometry": {"type": "Polygon", "coordinates": [[[105.266, -5.405], [105.259, -5.406], [105.269, -5.408], [105.266, -5.405]]]}}, {"type": "Feature", "properties": {"domain_id": "1871061002", "name": "GOTONG ROYONG"}, "geometry": {"type": "Polygon", "coordinates": [[[105.255, -5.422], [105.252, -5.428], [105.259, -5.428], [105.255, -5.422]]]}}, {"type": "Feature", "properties": {"domain_id": "1871061005", "name": "PALAPA"}, "geometry": {"type": "Polygon", "coordinates": [[[105.255, -5.415], [105.247, -5.419], [105.255, -5.422], [105.255, -5.415]]]}}, {"type": "Feature", "properties": {"domain_id": "1871061007", "name": "KELAPA TIGA"}, "geometry": {"type": "Polygon", "coordinates": [[[105.256, -5.41], [105.244, -5.41], [105.253, -5.412], [105.256, -5.41]]]}}, {"type": "Feature", "properties": {"domain_id": "1871061012", "name": "KALIAWI PERSADA"}, "geometry": {"type": "Polygon", "coordinates": [[[105.245, -5.412], [105.239, -5.416], [105.247, -5.416], [105.245, -5.412]]]}}, {"type": "Feature", "properties": {"domain_id": "1871071012", "name": "SUMUR PUTRI"}, "geometry": {"type": "Polygon", "coordinates": [[[105.247, -5.426], [105.235, -5.432], [105.246, -5.44], [105.258, -5.44], [105.247, -5.426]]]}}, {"type": "Feature", "properties": {"domain_id": "1871081007", "name": "NEGERI OLOK GADING"}, "geometry": {"type": "Polygon", "coordinates": [[[105.25, -5.44], [105.242, -5.449], [105.252, -5.45], [105.25, -5.44]]]}}, {"type": "Feature", "properties": {"domain_id": "1871081009", "name": "BATU PUTUK"}, "geometry": {"type": "Polygon", "coordinates": [[[105.214, -5.423], [105.182, -5.422], [105.191, -5.429], [105.179, -5.433], [105.188, -5.436], [105.181, -5.439], [105.183, -5.451], [105.189, -5.446], [105.209, -5.445], [105.216, -5.437], [105.24, -5.434], [105.214, -5.423]]]}}, {"type": "Feature", "properties": {"domain_id": "1871091003", "name": "KUPANG RAYA"}, "geometry": {"type": "Polygon", "coordinates": [[[105.276, -5.434], [105.273, -5.434], [105.272, -5.447], [105.276, -5.434]]]}}, {"type": "Feature", "properties": {"domain_id": "1871091001", "name": "KUPANG KOTA"}, "geometry": {"type": "Polygon", "coordinates": [[[105.266, -5.44], [105.256, -5.437], [105.262, -5.445], [105.266, -5.44]]]}}, {"type": "Feature", "properties": {"domain_id": "1871101001", "name": "RAJABASA"}, "geometry": {"type": "Polygon", "coordinates": [[[105.239, -5.361], [105.226, -5.362], [105.239, -5.372], [105.239, -5.361]]]}}, {"type": "Feature", "properties": {"domain_id": "1871101005", "name": "RAJABASA NUNYAI"}, "geometry": {"type": "Polygon", "coordinates": [[[105.239, -5.371], [105.23, -5.366], [105.221, -5.377], [105.237, -5.379], [105.239, -5.371]]]}}, {"type": "Feature", "properties": {"domain_id": "1871101006", "name": "RAJABASA PEMUKA"}, "geometry": {"type": "Polygon", "coordinates": [[[105.23, -5.366], [105.226, -5.362], [105.218, -5.367], [105.217, -5.377], [105.23, -5.366]]]}}, {"type": "Feature", "properties": {"domain_id": "1871111003", "name": "LABUHAN DALAM"}, "geometry": {"type": "Polygon", "coordinates": [[[105.261, -5.351], [105.254, -5.348], [105.251, -5.358], [105.267, -5.366], [105.27, -5.353], [105.261, -5.351]]]}}, {"type": "Feature", "properties": {"domain_id": "1871121008", "name": "NUSANTARA PERMAI"}, "geometry": {"type": "Polygon", "coordinates": [[[105.312, -5.406], [105.308, -5.4], [105.304, -5.403], [105.312, -5.406]]]}}, {"type": "Feature", "properties": {"domain_id": "1871131003", "name": "BERINGIN JAYA"}, "geometry": {"type": "Polygon", "coordinates": [[[105.211, -5.4], [105.204, -5.398], [105.199, -5.41], [105.222, -5.409], [105.211, -5.4]]]}}, {"type": "Feature", "properties": {"domain_id": "1871131006", "name": "KEDAUNG"}, "geometry": {"type": "Polygon", "coordinates": [[[105.222, -5.409], [105.199, -5.41], [105.201, -5.416], [105.185, -5.42], [105.197, -5.425], [105.214, -5.423], [105.222, -5.409]]]}}, {"type": "Feature", "properties": {"domain_id": "1871141004", "name": "KOTA SEPANG"}, "geometry": {"type": "Polygon", "coordinates": [[[105.265, -5.38], [105.264, -5.371], [105.257, -5.377], [105.265, -5.38]]]}}, {"type": "Feature", "properties": {"domain_id": "1871141003", "name": "SEPANG JAYA"}, "geometry": {"type": "Polygon", "coordinates": [[[105.274, -5.371], [105.267, -5.366], [105.265, -5.38], [105.272, -5.381], [105.274, -5.371]]]}}, {"type": "Feature", "properties": {"domain_id": "1871171006", "name": "PAHOMAN"}, "geometry": {"type": "Polygon", "coordinates": [[[105.269, -5.423], [105.268, -5.432], [105.276, -5.434], [105.269, -5.423]]]}}, {"type": "Feature", "properties": {"domain_id": "1871151001", "name": "PERUMNAS WAY HALIM"}, "geometry": {"type": "Polygon", "coordinates": [[[105.277, -5.373], [105.272, -5.381], [105.285, -5.381], [105.277, -5.373]]]}}, {"type": "Feature", "properties": {"domain_id": "1871171002", "name": "PELITA"}, "geometry": {"type": "Polygon", "coordinates": [[[105.258, -5.414], [105.255, -5.422], [105.258, -5.422], [105.258, -5.414]]]}}, {"type": "Feature", "properties": {"domain_id": "1871161005", "name": "BILABONG JAYA"}, "geometry": {"type": "Polygon", "coordinates": [[[105.231, -5.4], [105.223, -5.397], [105.224, -5.404], [105.231, -5.4]]]}}, {"type": "Feature", "properties": {"domain_id": "1871171001", "name": "ENGGAL"}, "geometry": {"type": "Polygon", "coordinates": [[[105.262, -5.414], [105.259, -5.426], [105.263, -5.426], [105.262, -5.414]]]}}, {"type": "Feature", "properties": {"domain_id": "1871191003", "name": "PARWATA"}, "geometry": {"type": "Polygon", "coordinates": [[[105.257, -5.454], [105.253, -5.452], [105.254, -5.457], [105.257, -5.454]]]}}, {"type": "Feature", "properties": {"domain_id": "1871201001", "name": "SUKARAJA"}, "geometry": {"type": "Polygon", "coordinates": [[[105.302, -5.448], [105.287, -5.436], [105.282, -5.443], [105.3, -5.452], [105.302, -5.448]]]}}, {"type": "Feature", "properties": {"domain_id": "1872011003", "name": "IMOPURO"}, "geometry": {"type": "Polygon", "coordinates": [[[105.314, -5.106], [105.296, -5.116], [105.312, -5.114], [105.314, -5.106]]]}}, {"type": "Feature", "properties": {"domain_id": "1872021003", "name": "KARANGREJO"}, "geometry": {"type": "Polygon", "coordinates": [[[105.358, -5.067], [105.349, -5.062], [105.342, -5.071], [105.322, -5.072], [105.312, -5.088], [105.34, -5.09], [105.358, -5.067]]]}}, {"type": "Feature", "properties": {"domain_id": "1801042011", "name": "BRANTI RAYA"}, "geometry": {"type": "Polygon", "coordinates": [[[105.197, -5.231], [105.192, -5.237], [105.18, -5.23], [105.173, -5.235], [105.171, -5.23], [105.156, -5.232], [105.167, -5.238], [105.169, -5.263], [105.171, -5.257], [105.21, -5.243], [105.209, -5.23], [105.197, -5.231]]]}}, {"type": "Feature", "properties": {"domain_id": "1801042007", "name": "MERAK BATIN"}, "geometry": {"type": "Polygon", "coordinates": [[[105.191, -5.3], [105.189, -5.319], [105.204, -5.313], [105.23, -5.317], [105.235, -5.308], [105.213, -5.31], [105.191, -5.3]], [[105.198, -5.311], [105.2, -5.314], [105.193, -5.314], [105.198, -5.311]]]}}, {"type": "Feature", "properties": {"domain_id": "1801092013", "name": "WAY KALAM"}, "geometry": {"type": "Polygon", "coordinates": [[[105.674, -5.748], [105.655, -5.748], [105.655, -5.769], [105.642, -5.779], [105.639, -5.791], [105.646, -5.792], [105.665, -5.774], [105.666, -5.758], [105.675, -5.758], [105.674, -5.748]]]}}, {"type": "Feature", "properties": {"domain_id": "1801102002", "name": "SUKABAKTI"}, "geometry": {"type": "Polygon", "coordinates": [[[105.696, -5.662], [105.691, -5.661], [105.689, -5.678], [105.677, -5.698], [105.672, -5.697], [105.669, -5.712], [105.683, -5.705], [105.703, -5.708], [105.702, -5.684], [105.696, -5.684], [105.702, -5.67], [105.696, -5.662]]]}}, {"type": "Feature", "properties": {"domain_id": "1801132004", "name": "GEDUNG AGUNG"}, "geometry": {"type": "MultiPolygon", "coordinates": [[[[105.375, -5.301], [105.368, -5.324], [105.393, -5.334], [105.388, -5.323], [105.379, -5.32], [105.375, -5.309], [105.38, -5.301], [105.375, -5.301]]], [[[105.392, -5.314], [105.385, -5.319], [105.391, -5.319], [105.392, -5.314]]], [[[105.395, -5.307], [105.381, -5.307], [105.381, -5.313], [105.396, -5.312], [105.395, -5.307]]], [[[105.403, -5.284], [105.396, -5.283], [105.388, -5.302], [105.403, -5.301], [105.403, -5.284]]]]}}, {"type": "Feature", "properties": {"domain_id": "1871171005", "name": "RAWALAUT"}, "geometry": {"type": "Polygon", "coordinates": [[[105.27, -5.42], [105.262, -5.416], [105.263, -5.427], [105.269, -5.427], [105.27, -5.42]]]}}, {"type": "Feature", "properties": {"domain_id": "1801142017", "name": "WAI SIDOMUKTI"}, "geometry": {"type": "Polygon", "coordinates": [[[105.783, -5.645], [105.772, -5.647], [105.771, -5.667], [105.786, -5.664], [105.783, -5.645]]]}}, {"type": "Feature", "properties": {"domain_id": "1801162014", "name": "TEJANG PULAU SEBESI"}, "geometry": {"type": "MultiPolygon", "coordinates": [[[[105.495, -5.921], [105.477, -5.926], [105.464, -5.946], [105.468, -5.963], [105.486, -5.972], [105.503, -5.967], [105.517, -5.947], [105.51, -5.926], [105.495, -5.921]]], [[[105.45, -6.137], [105.445, -6.133], [105.43, -6.146], [105.42, -6.142], [105.419, -6.155], [105.433, -6.166], [105.452, -6.168], [105.465, -6.149], [105.458, -6.135], [105.45, -6.137]]], [[[105.423, -6.091], [105.416, -6.096], [105.425, -6.11], [105.435, -6.103], [105.423, -6.091]]], [[[105.454, -6.08], [105.453, -6.109], [105.465, -6.088], [105.454, -6.08]]], [[[105.395, -6.091], [105.403, -6.074], [105.382, -6.08], [105.358, -6.108], [105.365, -6.112], [105.395, -6.091]]], [[[105.378, -5.978], [105.376, -5.977], [105.376, -5.978], [105.378, -5.978]]], [[[105.378, -5.975], [105.378, -5.973], [105.376, -5.974], [105.378, -5.975]]], [[[105.515, -5.93], [105.514, -5.929], [105.514, -5.93], [105.515, -5.93]]], [[[105.542, -5.885], [105.539, -5.879], [105.539, -5.884], [105.542, -5.885]]], [[[105.528, -5.849], [105.524, -5.846], [105.519, -5.862], [105.506, -5.856], [105.505, -5.874], [105.492, -5.877], [105.492, -5.885], [105.503, -5.888], [105.504, -5.902], [105.53, -5.893], [105.532, -5.873], [105.544, -5.865], [105.53, -5.862], [105.535, -5.849], [105.528, -5.849]]]]}}, {"type": "Feature", "properties": {"domain_id": "1801172001", "name": "BATULIMAN INDAH"}, "geometry": {"type": "Polygon", "coordinates": [[[105.527, -5.501], [105.501, -5.504], [105.501, -5.512], [105.483, -5.515], [105.487, -5.522], [105.502, -5.525], [105.516, -5.54], [105.53, -5.545], [105.534, -5.533], [105.526, -5.522], [105.527, -5.501]]]}}, {"type": "Feature", "properties": {"domain_id": "1802022012", "name": "TANJUNG PANDAN"}, "geometry": {"type": "Polygon", "coordinates": [[[105.115, -5.129], [105.097, -5.135], [105.113, -5.153], [105.115, -5.129]]]}}, {"type": "Feature", "properties": {"domain_id": "1802071003", "name": "BANDAR JAYA BARAT"}, "geometry": {"type": "MultiPolygon", "coordinates": [[[[105.229, -4.934], [105.212, -4.931], [105.216, -4.953], [105.235, -4.951], [105.242, -4.96], [105.257, -4.946], [105.236, -4.95], [105.236, -4.934], [105.229, -4.934]]], [[[105.184, -4.965], [105.18, -4.967], [105.182, -4.969], [105.184, -4.965]]], [[[105.187, -4.962], [105.187, -4.961], [105.186, -4.961], [105.187, -4.962]]]]}}, {"type": "Feature", "properties": {"domain_id": "1802051004", "name": "TRIMURJO"}, "geometry": {"type": "Polygon", "coordinates": [[[105.245, -5.121], [105.225, -5.128], [105.23, -5.138], [105.223, -5.151], [105.232, -5.156], [105.244, -5.142], [105.245, -5.121]]]}}, {"type": "Feature", "properties": {"domain_id": "1802062004", "name": "TOTO KATON"}, "geometry": {"type": "Polygon", "coordinates": [[[105.279, -5.043], [105.265, -5.043], [105.26, -5.066], [105.268, -5.068], [105.275, -5.061], [105.294, -5.074], [105.301, -5.064], [105.295, -5.063], [105.295, -5.053], [105.288, -5.044], [105.28, -5.049], [105.279, -5.043]]]}}, {"type": "Feature", "properties": {"domain_id": "1802062006", "name": "NGESTI RAHAYU"}, "geometry": {"type": "Polygon", "coordinates": [[[105.261, -5.031], [105.26, -5.004], [105.254, -5.006], [105.249, -4.999], [105.245, -5.004], [105.23, -5.003], [105.231, -5.008], [105.245, -5.008], [105.246, -5.021], [105.235, -5.032], [105.261, -5.031]]]}}, {"type": "Feature", "properties": {"domain_id": "1801062001", "name": "JONDONG"}, "geometry": {"type": "Polygon", "coordinates": [[[105.63, -5.772], [105.581, -5.768], [105.605, -5.777], [105.63, -5.772]]]}}, {"type": "Feature", "properties": {"domain_id": "1801042014", "name": "MANDAH"}, "geometry": {"type": "Polygon", "coordinates": [[[105.177, -5.198], [105.173, -5.195], [105.176, -5.213], [105.195, -5.22], [105.197, -5.232], [105.213, -5.229], [105.208, -5.223], [105.213, -5.205], [105.199, -5.202], [105.191, -5.215], [105.178, -5.207], [105.177, -5.198]]]}}, {"type": "Feature", "properties": {"domain_id": "1801052005", "name": "SERDANG"}, "geometry": {"type": "Polygon", "coordinates": [[[105.402, -5.395], [105.372, -5.394], [105.371, -5.399], [105.383, -5.403], [105.382, -5.419], [105.409, -5.434], [105.418, -5.417], [105.399, -5.408], [105.402, -5.395]]]}}, {"type": "Feature", "properties": {"domain_id": "1801052012", "name": "WAY GALIH"}, "geometry": {"type": "Polygon", "coordinates": [[[105.375, -5.345], [105.376, -5.339], [105.325, -5.355], [105.353, -5.37], [105.356, -5.378], [105.371, -5.379], [105.375, -5.345]]]}}, {"type": "Feature", "properties": {"domain_id": "1801132008", "name": "JATI MULYO"}, "geometry": {"type": "Polygon", "coordinates": [[[105.332, -5.333], [105.332, -5.326], [105.295, -5.324], [105.28, -5.342], [105.287, -5.349], [105.323, -5.346], [105.332, -5.342], [105.332, -5.333]]]}}, {"type": "Feature", "properties": {"domain_id": "1809022011", "name": "TANJUNG REJO"}, "geometry": {"type": "Polygon", "coordinates": [[[105.145, -5.315], [105.116, -5.314], [105.108, -5.336], [105.122, -5.336], [105.128, -5.345], [105.149, -5.342], [105.159, -5.327], [105.152, -5.327], [105.145, -5.315]]]}}, {"type": "Feature", "properties": {"domain_id": "1809022012", "name": "ROWO REJO"}, "geometry": {"type": "Polygon", "coordinates": [[[105.058, -5.286], [105.051, -5.287], [105.045, -5.267], [105.037, -5.284], [105.042, -5.286], [105.039, -5.297], [105.048, -5.326], [105.056, -5.324], [105.058, -5.286]]]}}, {"type": "Feature", "properties": {"domain_id": "1806262003", "name": "KARANG SARI"}, "geometry": {"type": "Polygon", "coordinates": [[[104.705, -5.262], [104.697, -5.26], [104.7, -5.267], [104.685, -5.271], [104.683, -5.278], [104.721, -5.291], [104.732, -5.286], [104.728, -5.274], [104.705, -5.262]]]}}, {"type": "Feature", "properties": {"domain_id": "1810032001", "name": "AMBARAWA"}, "geometry": {"type": "Polygon", "coordinates": [[[104.966, -5.404], [104.954, -5.404], [104.953, -5.429], [104.959, -5.438], [104.97, -5.431], [104.966, -5.404]]]}}, {"type": "Feature", "properties": {"domain_id": "1810032002", "name": "AMBARAWA BARAT"}, "geometry": {"type": "Polygon", "coordinates": [[[104.953, -5.404], [104.939, -5.405], [104.95, -5.428], [104.956, -5.427], [104.953, -5.404]]]}}, {"type": "Feature", "properties": {"domain_id": "1810012006", "name": "MARGAKAYA"}, "geometry": {"type": "Polygon", "coordinates": [[[104.977, -5.368], [104.966, -5.368], [104.965, -5.387], [104.979, -5.388], [104.993, -5.38], [104.991, -5.373], [104.977, -5.368]]]}}, {"type": "Feature", "properties": {"domain_id": "1810022010", "name": "TULUNG AGUNG"}, "geometry": {"type": "Polygon", "coordinates": [[[105.056, -5.36], [105.054, -5.34], [105.037, -5.35], [105.039, -5.356], [105.033, -5.362], [105.037, -5.369], [105.056, -5.36]]]}}, {"type": "Feature", "properties": {"domain_id": "1807032019", "name": "TANJUNG SARI"}, "geometry": {"type": "Polygon", "coordinates": [[[105.67, -5.505], [105.662, -5.492], [105.654, -5.5], [105.658, -5.53], [105.673, -5.514], [105.67, -5.505]]]}}, {"type": "Feature", "properties": {"domain_id": "1810022014", "name": "MATARAM"}, "geometry": {"type": "Polygon", "coordinates": [[[105.057, -5.315], [105.056, -5.325], [105.045, -5.329], [105.038, -5.325], [105.032, -5.331], [105.031, -5.338], [105.04, -5.347], [105.061, -5.337], [105.064, -5.322], [105.057, -5.315]]]}}, {"type": "Feature", "properties": {"domain_id": "1810022017", "name": "WATES TIMUR"}, "geometry": {"type": "Polygon", "coordinates": [[[105.025, -5.368], [105.019, -5.36], [105.011, -5.37], [105.024, -5.38], [105.02, -5.372], [105.025, -5.368]]]}}, {"type": "Feature", "properties": {"domain_id": "1810082009", "name": "KEPUTRAN"}, "geometry": {"type": "Polygon", "coordinates": [[[104.998, -5.284], [104.967, -5.282], [104.966, -5.289], [104.985, -5.293], [104.998, -5.291], [104.998, -5.284]]]}}, {"type": "Feature", "properties": {"domain_id": "1807072006", "name": "SRI WANGI"}, "geometry": {"type": "Polygon", "coordinates": [[[105.732, -5.229], [105.711, -5.226], [105.711, -5.238], [105.732, -5.229]]]}}, {"type": "Feature", "properties": {"domain_id": "1813042012", "name": "GEDAU"}, "geometry": {"type": "Polygon", "coordinates": [[[103.878, -5.039], [103.877, -5.026], [103.862, -5.036], [103.853, -5.033], [103.833, -5.062], [103.839, -5.065], [103.878, -5.039]]]}}, {"type": "Feature", "properties": {"domain_id": "1807172002", "name": "TANJUNG AJI"}, "geometry": {"type": "Polygon", "coordinates": [[[105.774, -5.352], [105.761, -5.356], [105.757, -5.367], [105.8, -5.376], [105.804, -5.393], [105.806, -5.366], [105.774, -5.352]]]}}, {"type": "Feature", "properties": {"domain_id": "1801212003", "name": "HATTA"}, "geometry": {"type": "Polygon", "coordinates": [[[105.742, -5.788], [105.717, -5.803], [105.731, -5.832], [105.737, -5.833], [105.747, -5.819], [105.742, -5.788]]]}}, {"type": "Feature", "properties": {"domain_id": "1802012009", "name": "SRI MULYO"}, "geometry": {"type": "Polygon", "coordinates": [[[104.934, -5.169], [104.928, -5.188], [104.931, -5.206], [104.942, -5.21], [104.944, -5.171], [104.934, -5.169]]]}}, {"type": "Feature", "properties": {"domain_id": "1807142004", "name": "LEHAN"}, "geometry": {"type": "Polygon", "coordinates": [[[105.577, -5.119], [105.57, -5.1], [105.556, -5.099], [105.563, -5.097], [105.563, -5.09], [105.543, -5.084], [105.55, -5.103], [105.542, -5.126], [105.547, -5.133], [105.555, -5.135], [105.559, -5.128], [105.572, -5.134], [105.577, -5.119]]]}}, {"type": "Feature", "properties": {"domain_id": "1802042015", "name": "BUYUT UTARA"}, "geometry": {"type": "MultiPolygon", "coordinates": [[[[105.292, -4.91], [105.287, -4.912], [105.29, -4.92], [105.284, -4.923], [105.283, -4.942], [105.289, -4.95], [105.305, -4.951], [105.307, -4.946], [105.298, -4.941], [105.302, -4.926], [105.292, -4.91]]], [[[105.325, -4.876], [105.312, -4.881], [105.308, -4.891], [105.313, -4.9], [105.327, -4.886], [105.325, -4.876]]]]}}, {"type": "Feature", "properties": {"domain_id": "1807182003", "name": "WAY MILI"}, "geometry": {"type": "Polygon", "coordinates": [[[105.78, -5.43], [105.761, -5.423], [105.767, -5.446], [105.78, -5.439], [105.78, -5.43]]]}}, {"type": "Feature", "properties": {"domain_id": "1802052009", "name": "PURWO ADI"}, "geometry": {"type": "Polygon", "coordinates": [[[105.267, -5.094], [105.26, -5.086], [105.237, -5.124], [105.259, -5.11], [105.267, -5.094]]]}}, {"type": "Feature", "properties": {"domain_id": "1802132002", "name": "GUNUNG BATIN ILIR"}, "geometry": {"type": "Polygon", "coordinates": [[[105.223, -4.637], [105.207, -4.634], [105.206, -4.648], [105.217, -4.65], [105.227, -4.64], [105.223, -4.637]]]}}, {"type": "Feature", "properties": {"domain_id": "1802122005", "name": "GAYA BARU IV"}, "geometry": {"type": "Polygon", "coordinates": [[[105.682, -4.695], [105.68, -4.69], [105.657, -4.691], [105.636, -4.695], [105.633, -4.701], [105.635, -4.709], [105.653, -4.708], [105.661, -4.712], [105.662, -4.721], [105.668, -4.721], [105.669, -4.711], [105.682, -4.711], [105.682, -4.695]]]}}, {"type": "Feature", "properties": {"domain_id": "1807202006", "name": "TANJUNG WANGI"}, "geometry": {"type": "Polygon", "coordinates": [[[105.551, -5.407], [105.537, -5.41], [105.526, -5.403], [105.533, -5.425], [105.559, -5.431], [105.565, -5.42], [105.551, -5.407]]]}}, {"type": "Feature", "properties": {"domain_id": "1808012006", "name": "LEMBASUNG"}, "geometry": {"type": "Polygon", "coordinates": [[[104.514, -4.485], [104.513, -4.504], [104.521, -4.495], [104.514, -4.485]]]}}, {"type": "Feature", "properties": {"domain_id": "1808112009", "name": "MARGA JAYA"}, "geometry": {"type": "Polygon", "coordinates": [[[104.886, -4.34], [104.857, -4.328], [104.844, -4.335], [104.843, -4.355], [104.89, -4.361], [104.894, -4.358], [104.886, -4.34]]]}}, {"type": "Feature", "properties": {"domain_id": "1808022015", "name": "GELOMBANG PANJANG"}, "geometry": {"type": "Polygon", "coordinates": [[[104.467, -4.683], [104.43, -4.68], [104.424, -4.691], [104.442, -4.696], [104.442, -4.701], [104.469, -4.691], [104.462, -4.686], [104.467, -4.683]]]}}, {"type": "Feature", "properties": {"domain_id": "1808032011", "name": "MENANGA JAYA"}, "geometry": {"type": "Polygon", "coordinates": [[[104.371, -4.688], [104.368, -4.681], [104.353, -4.703], [104.326, -4.724], [104.328, -4.74], [104.321, -4.754], [104.333, -4.766], [104.311, -4.778], [104.338, -4.822], [104.369, -4.822], [104.358, -4.835], [104.358, -4.845], [104.339, -4.867], [104.351, -4.875], [104.363, -4.869], [104.394, -4.871], [104.412, -4.864], [104.423, -4.903], [104.442, -4.92], [104.437, -4.929], [104.442, -4.943], [104.478, -4.932], [104.51, -4.943], [104.525, -4.905], [104.517, -4.895], [104.484, -4.877], [104.456, -4.895], [104.42, -4.859], [104.458, -4.822], [104.451, -4.816], [104.43, -4.82], [104.434, -4.805], [104.444, -4.803], [104.438, -4.79], [104.449, -4.782], [104.449, -4.774], [104.438, -4.78], [104.433, -4.776], [104.43, -4.783], [104.413, -4.769], [104.413, -4.757], [104.398, -4.755], [104.386, -4.743], [104.386, -4.722], [104.372, -4.731], [104.38, -4.704], [104.365, -4.699], [104.371, -4.688]]]}}, {"type": "Feature", "properties": {"domain_id": "1808032012", "name": "ARGOMULYO"}, "geometry": {"type": "Polygon", "coordinates": [[[104.484, -4.79], [104.47, -4.806], [104.487, -4.815], [104.501, -4.806], [104.484, -4.796], [104.484, -4.79]]]}}, {"type": "Feature", "properties": {"domain_id": "1808052017", "name": "SERDANG KURING"}, "geometry": {"type": "Polygon", "coordinates": [[[104.607, -4.255], [104.598, -4.257], [104.605, -4.267], [104.602, -4.28], [104.632, -4.288], [104.634, -4.268], [104.607, -4.255]]]}}, {"type": "Feature", "properties": {"domain_id": "1812042012", "name": "TERANG MULYA"}, "geometry": {"type": "Polygon", "coordinates": [[[105.079, -4.406], [105.078, -4.377], [105.047, -4.378], [105.041, -4.384], [105.042, -4.404], [105.049, -4.401], [105.048, -4.408], [105.057, -4.407], [105.055, -4.418], [105.074, -4.404], [105.079, -4.406]]]}}, {"type": "Feature", "properties": {"domain_id": "1809042003", "name": "SIDODADI"}, "geometry": {"type": "Polygon", "coordinates": [[[105.043, -5.388], [105.027, -5.392], [105.032, -5.405], [105.044, -5.406], [105.043, -5.388]]]}}, {"type": "Feature", "properties": {"domain_id": "1809072018", "name": "TEBA JAWA"}, "geometry": {"type": "Polygon", "coordinates": [[[105.015, -5.452], [104.997, -5.448], [105.0, -5.455], [105.021, -5.459], [105.015, -5.452]]]}}, {"type": "Feature", "properties": {"domain_id": "1809072008", "name": "WAY KEPAYANG"}, "geometry": {"type": "MultiPolygon", "coordinates": [[[[105.017, -5.508], [104.996, -5.522], [104.999, -5.527], [105.01, -5.53], [105.016, -5.526], [105.023, -5.515], [105.017, -5.508]]], [[[104.99, -5.47], [105.001, -5.486], [105.003, -5.48], [104.99, -5.47]]]]}}, {"type": "Feature", "properties": {"domain_id": "1809072012", "name": "TEMPEL REJO"}, "geometry": {"type": "Polygon", "coordinates": [[[105.013, -5.47], [105.007, -5.469], [105.017, -5.488], [105.035, -5.497], [105.079, -5.502], [105.066, -5.485], [105.04, -5.477], [105.034, -5.48], [105.013, -5.47]]]}}, {"type": "Feature", "properties": {"domain_id": "1809072021", "name": "HARAPAN JAYA"}, "geometry": {"type": "Polygon", "coordinates": [[[105.039, -5.523], [105.037, -5.514], [105.023, -5.514], [105.011, -5.53], [104.999, -5.527], [104.997, -5.543], [105.005, -5.549], [105.039, -5.523]]]}}, {"type": "Feature", "properties": {"domain_id": "1810012013", "name": "BUMI AYU"}, "geometry": {"type": "Polygon", "coordinates": [[[104.94, -5.336], [104.922, -5.33], [104.923, -5.342], [104.938, -5.358], [104.946, -5.346], [104.94, -5.336]]]}}, {"type": "Feature", "properties": {"domain_id": "1810052020", "name": "GEMAH RIPAH"}, "geometry": {"type": "Polygon", "coordinates": [[[104.902, -5.382], [104.887, -5.383], [104.891, -5.393], [104.9, -5.389], [104.902, -5.382]]]}}, {"type": "Feature", "properties": {"domain_id": "1810072008", "name": "PURWODADI"}, "geometry": {"type": "Polygon", "coordinates": [[[105.032, -5.263], [105.006, -5.27], [105.011, -5.286], [105.03, -5.286], [105.032, -5.263]]]}}, {"type": "Feature", "properties": {"domain_id": "1811032003", "name": "SUNGAI SIDANG"}, "geometry": {"type": "Polygon", "coordinates": [[[105.664, -4.053], [105.66, -4.045], [105.639, -4.049], [105.625, -4.039], [105.619, -4.056], [105.61, -4.058], [105.609, -4.063], [105.591, -4.064], [105.519, -4.166], [105.565, -4.183], [105.588, -4.159], [105.645, -4.153], [105.639, -4.097], [105.673, -4.094], [105.672, -4.077], [105.668, -4.088], [105.656, -4.09], [105.645, -4.066], [105.664, -4.053]], [[105.643, -4.064], [105.643, -4.079], [105.626, -4.076], [105.625, -4.086], [105.602, -4.083], [105.592, -4.07], [105.612, -4.066], [105.623, -4.047], [105.648, -4.052], [105.643, -4.064]]]}}, {"type": "Feature", "properties": {"domain_id": "1811072001", "name": "BRABASAN"}, "geometry": {"type": "Polygon", "coordinates": [[[105.362, -3.987], [105.342, -3.966], [105.318, -3.975], [105.346, -4.0], [105.341, -4.012], [105.363, -4.011], [105.357, -3.998], [105.362, -3.987]]]}}, {"type": "Feature", "properties": {"domain_id": "1812032003", "name": "KARTA RAHARJA"}, "geometry": {"type": "Polygon", "coordinates": [[[105.055, -4.599], [105.044, -4.596], [105.041, -4.611], [105.026, -4.619], [105.031, -4.625], [105.028, -4.639], [105.043, -4.624], [105.052, -4.626], [105.059, -4.615], [105.055, -4.599]]]}}, {"type": "Feature", "properties": {"domain_id": "1812092005", "name": "MARGO DADI"}, "geometry": {"type": "Polygon", "coordinates": [[[104.995, -4.322], [104.989, -4.334], [104.996, -4.332], [105.0, -4.343], [105.02, -4.343], [105.029, -4.334], [105.021, -4.327], [104.995, -4.322]]]}}, {"type": "Feature", "properties": {"domain_id": "1813022008", "name": "BIHA"}, "geometry": {"type": "Polygon", "coordinates": [[[104.026, -5.309], [103.997, -5.321], [104.027, -5.334], [104.032, -5.326], [104.026, -5.309]]]}}, {"type": "Feature", "properties": {"domain_id": "1813082004", "name": "PADANG HALUAN"}, "geometry": {"type": "Polygon", "coordinates": [[[103.938, -5.235], [103.939, -5.222], [103.93, -5.231], [103.938, -5.235]]]}}, {"type": "Feature", "properties": {"domain_id": "1813092004", "name": "PEKON MON"}, "geometry": {"type": "Polygon", "coordinates": [[[104.278, -5.312], [104.275, -5.306], [104.253, -5.316], [104.229, -5.35], [104.169, -5.396], [104.162, -5.405], [104.171, -5.412], [104.164, -5.413], [104.167, -5.423], [104.153, -5.427], [104.15, -5.437], [104.144, -5.432], [104.131, -5.44], [104.131, -5.456], [104.142, -5.46], [104.146, -5.449], [104.159, -5.454], [104.21, -5.385], [104.23, -5.382], [104.238, -5.369], [104.255, -5.368], [104.263, -5.325], [104.278, -5.312]]]}}, {"type": "Feature", "properties": {"domain_id": "1813092005", "name": "GEDUNG CAHYA KUNINGAN"}, "geometry": {"type": "Polygon", "coordinates": [[[104.238, -5.418], [104.216, -5.436], [104.215, -5.451], [104.208, -5.445], [104.188, -5.451], [104.175, -5.472], [104.164, -5.476], [104.2, -5.496], [104.213, -5.475], [104.209, -5.466], [104.219, -5.456], [104.219, -5.433], [104.238, -5.424], [104.238, -5.418]]]}}, {"type": "Feature", "properties": {"domain_id": "1871101009", "name": "RAJABASA JAYA"}, "geometry": {"type": "Polygon", "coordinates": [[[105.257, -5.327], [105.241, -5.344], [105.246, -5.358], [105.254, -5.348], [105.263, -5.347], [105.262, -5.328], [105.257, -5.327]]]}}, {"type": "Feature", "properties": {"domain_id": "1871131009", "name": "KEMILING RAYA"}, "geometry": {"type": "Polygon", "coordinates": [[[105.221, -5.378], [105.211, -5.384], [105.207, -5.377], [105.207, -5.389], [105.219, -5.391], [105.221, -5.378]]]}}, {"type": "Feature", "properties": {"domain_id": "1871181004", "name": "TANJUNGBARU"}, "geometry": {"type": "Polygon", "coordinates": [[[105.286, -5.408], [105.282, -5.4], [105.277, -5.402], [105.277, -5.412], [105.286, -5.408]]]}}, {"type": "Feature", "properties": {"domain_id": "1802082014", "name": "BUYUT BARU"}, "geometry": {"type": "Polygon", "coordinates": [[[105.388, -4.816], [105.37, -4.823], [105.371, -4.834], [105.36, -4.842], [105.373, -4.85], [105.375, -4.859], [105.391, -4.837], [105.388, -4.816]]]}}, {"type": "Feature", "properties": {"domain_id": "1802122010", "name": "MATARAM ILIR"}, "geometry": {"type": "Polygon", "coordinates": [[[105.673, -4.615], [105.663, -4.618], [105.65, -4.612], [105.647, -4.634], [105.636, -4.638], [105.636, -4.624], [105.612, -4.628], [105.583, -4.597], [105.575, -4.617], [105.581, -4.631], [105.589, -4.632], [105.589, -4.657], [105.597, -4.655], [105.602, -4.686], [105.639, -4.667], [105.673, -4.615]]]}}, {"type": "Feature", "properties": {"domain_id": "1802152006", "name": "KEDATUAN"}, "geometry": {"type": "Polygon", "coordinates": [[[105.113, -5.153], [105.1, -5.142], [105.093, -5.151], [105.1, -5.161], [105.113, -5.153]]]}}, {"type": "Feature", "properties": {"domain_id": "1802092006", "name": "RENO BASUKI"}, "geometry": {"type": "Polygon", "coordinates": [[[105.559, -4.716], [105.546, -4.721], [105.531, -4.751], [105.544, -4.753], [105.56, -4.744], [105.563, -4.727], [105.559, -4.716]]]}}, {"type": "Feature", "properties": {"domain_id": "1802122007", "name": "GAYA BARU II"}, "geometry": {"type": "MultiPolygon", "coordinates": [[[[105.649, -4.684], [105.624, -4.685], [105.629, -4.708], [105.649, -4.684]]], [[[105.662, -4.721], [105.661, -4.712], [105.654, -4.712], [105.655, -4.722], [105.662, -4.721]]], [[[105.641, -4.722], [105.64, -4.708], [105.635, -4.709], [105.636, -4.722], [105.641, -4.722]]], [[[105.636, -4.707], [105.636, -4.705], [105.635, -4.705], [105.636, -4.707]]]]}}, {"type": "Feature", "properties": {"domain_id": "1804192001", "name": "SIDODADI"}, "geometry": {"type": "Polygon", "coordinates": [[[104.414, -5.092], [104.414, -5.074], [104.393, -5.09], [104.401, -5.115], [104.417, -5.106], [104.414, -5.092]]]}}, {"type": "Feature", "properties": {"domain_id": "1806032023", "name": "NEGERI NGARIP"}, "geometry": {"type": "MultiPolygon", "coordinates": [[[[104.508, -5.465], [104.513, -5.443], [104.493, -5.47], [104.508, -5.465]]], [[[104.497, -5.415], [104.491, -5.418], [104.496, -5.419], [104.497, -5.415]]]]}}, {"type": "Feature", "properties": {"domain_id": "1806042009", "name": "MUARA DUA"}, "geometry": {"type": "Polygon", "coordinates": [[[104.776, -5.314], [104.77, -5.304], [104.766, -5.309], [104.759, -5.307], [104.75, -5.33], [104.771, -5.322], [104.767, -5.315], [104.776, -5.314]]]}}, {"type": "Feature", "properties": {"domain_id": "1811022018", "name": "TANJUNG MAS REJO"}, "geometry": {"type": "Polygon", "coordinates": [[[105.572, -3.991], [105.562, -3.976], [105.537, -3.994], [105.549, -4.007], [105.572, -3.991]]]}}, {"type": "Feature", "properties": {"domain_id": "1811072006", "name": "TANJUNG SARI"}, "geometry": {"type": "Polygon", "coordinates": [[[105.364, -3.849], [105.348, -3.863], [105.34, -3.863], [105.328, -3.884], [105.334, -3.901], [105.35, -3.916], [105.38, -3.886], [105.368, -3.862], [105.362, -3.863], [105.364, -3.849]]]}}, {"type": "Feature", "properties": {"domain_id": "1802112007", "name": "VARIA AGUNG MATARAM"}, "geometry": {"type": "Polygon", "coordinates": [[[105.387, -4.792], [105.379, -4.783], [105.366, -4.784], [105.345, -4.803], [105.345, -4.817], [105.354, -4.811], [105.383, -4.808], [105.387, -4.792]]]}}, {"type": "Feature", "properties": {"domain_id": "1806122016", "name": "TULUNG ASAHAN"}, "geometry": {"type": "MultiPolygon", "coordinates": [[[[104.367, -5.353], [104.35, -5.35], [104.334, -5.337], [104.334, -5.324], [104.316, -5.354], [104.334, -5.361], [104.336, -5.369], [104.406, -5.444], [104.417, -5.45], [104.435, -5.442], [104.437, -5.434], [104.421, -5.424], [104.398, -5.396], [104.383, -5.359], [104.367, -5.353]]]]}}, {"type": "Feature", "properties": {"domain_id": "1806132013", "name": "SIDOREJO"}, "geometry": {"type": "Polygon", "coordinates": [[[104.748, -5.333], [104.726, -5.326], [104.719, -5.336], [104.738, -5.342], [104.747, -5.34], [104.748, -5.333]]]}}, {"type": "Feature", "properties": {"domain_id": "1806182011", "name": "PULAU BENAWANG"}, "geometry": {"type": "Polygon", "coordinates": [[[104.6, -5.475], [104.594, -5.467], [104.576, -5.469], [104.572, -5.477], [104.6, -5.475]]]}}, {"type": "Feature", "properties": {"domain_id": "1806272007", "name": "NAPAL"}, "geometry": {"type": "Polygon", "coordinates": [[[104.864, -5.508], [104.852, -5.498], [104.816, -5.507], [104.836, -5.535], [104.868, -5.531], [104.864, -5.508]]]}}, {"type": "Feature", "properties": {"domain_id": "1807072005", "name": "BRAJA CAKA"}, "geometry": {"type": "Polygon", "coordinates": [[[105.745, -5.198], [105.738, -5.193], [105.733, -5.21], [105.722, -5.216], [105.753, -5.225], [105.756, -5.215], [105.745, -5.198]]]}}, {"type": "Feature", "properties": {"domain_id": "1805082024", "name": "BANJAR DEWA"}, "geometry": {"type": "Polygon", "coordinates": [[[105.231, -4.315], [105.197, -4.314], [105.191, -4.306], [105.187, -4.31], [105.195, -4.324], [105.218, -4.33], [105.24, -4.328], [105.246, -4.32], [105.231, -4.315]]]}}, {"type": "Feature", "properties": {"domain_id": "1805122006", "name": "WONO AGUNG"}, "geometry": {"type": "Polygon", "coordinates": [[[105.686, -4.218], [105.683, -4.194], [105.652, -4.196], [105.651, -4.232], [105.687, -4.229], [105.686, -4.218]]]}}, {"type": "Feature", "properties": {"domain_id": "1805182002", "name": "BUMI DIPASENA AGUNG"}, "geometry": {"type": "Polygon", "coordinates": [[[105.818, -4.256], [105.762, -4.256], [105.764, -4.278], [105.818, -4.279], [105.818, -4.256]]]}}, {"type": "Feature", "properties": {"domain_id": "1802192016", "name": "TAWANG NEGERI"}, "geometry": {"type": "Polygon", "coordinates": [[[104.826, -5.092], [104.819, -5.092], [104.815, -5.081], [104.795, -5.076], [104.79, -5.081], [104.808, -5.103], [104.826, -5.105], [104.826, -5.092]]]}}, {"type": "Feature", "properties": {"domain_id": "1802222002", "name": "SENDANG REJO"}, "geometry": {"type": "Polygon", "coordinates": [[[104.916, -5.187], [104.867, -5.202], [104.863, -5.21], [104.908, -5.206], [104.919, -5.21], [104.916, -5.187]]]}}, {"type": "Feature", "properties": {"domain_id": "1802222009", "name": "KUTOWINANGUN"}, "geometry": {"type": "Polygon", "coordinates": [[[104.931, -5.169], [104.924, -5.169], [104.918, -5.18], [104.918, -5.202], [104.932, -5.202], [104.931, -5.169]]]}}, {"type": "Feature", "properties": {"domain_id": "1805202002", "name": "RINGIN SARI"}, "geometry": {"type": "Polygon", "coordinates": [[[105.367, -4.159], [105.312, -4.157], [105.276, -4.185], [105.246, -4.189], [105.258, -4.21], [105.271, -4.218], [105.295, -4.208], [105.313, -4.217], [105.326, -4.21], [105.326, -4.266], [105.34, -4.268], [105.34, -4.276], [105.356, -4.28], [105.375, -4.279], [105.382, -4.267], [105.379, -4.252], [105.399, -4.256], [105.408, -4.235], [105.403, -4.219], [105.395, -4.22], [105.375, -4.24], [105.361, -4.24], [105.366, -4.235], [105.367, -4.159]]]}}, {"type": "Feature", "properties": {"domain_id": "1806012025", "name": "TERBAYA"}, "geometry": {"type": "Polygon", "coordinates": [[[104.643, -5.494], [104.64, -5.498], [104.633, -5.492], [104.625, -5.502], [104.638, -5.505], [104.643, -5.494]]]}}, {"type": "Feature", "properties": {"domain_id": "1806022017", "name": "SUKA NEGERI JAYA"}, "geometry": {"type": "Polygon", "coordinates": [[[104.785, -5.378], [104.779, -5.371], [104.775, -5.372], [104.785, -5.378]]]}}, {"type": "Feature", "properties": {"domain_id": "1806042012", "name": "GUNUNG MERAKSA"}, "geometry": {"type": "Polygon", "coordinates": [[[104.72, -5.312], [104.712, -5.309], [104.684, -5.319], [104.702, -5.319], [104.711, -5.338], [104.724, -5.328], [104.72, -5.312]]]}}, {"type": "Feature", "properties": {"domain_id": "1806112027", "name": "TALANG LEBAR"}, "geometry": {"type": "Polygon", "coordinates": [[[104.809, -5.297], [104.779, -5.286], [104.764, -5.295], [104.776, -5.314], [104.787, -5.302], [104.799, -5.297], [104.809, -5.301], [104.809, -5.297]]]}}, {"type": "Feature", "properties": {"domain_id": "1806122015", "name": "KARANG AGUNG"}, "geometry": {"type": "Polygon", "coordinates": [[[104.449, -5.444], [104.429, -5.46], [104.419, -5.461], [104.417, -5.483], [104.46, -5.459], [104.462, -5.455], [104.449, -5.444]]]}}, {"type": "Feature", "properties": {"domain_id": "1806132009", "name": "SIMPANG KANAN"}, "geometry": {"type": "Polygon", "coordinates": [[[104.711, -5.381], [104.703, -5.377], [104.703, -5.394], [104.676, -5.418], [104.682, -5.434], [104.692, -5.425], [104.693, -5.405], [104.7, -5.4], [104.714, -5.402], [104.723, -5.393], [104.711, -5.381]]]}}, {"type": "Feature", "properties": {"domain_id": "1806152008", "name": "GUNUNG SARI"}, "geometry": {"type": "Polygon", "coordinates": [[[104.464, -5.233], [104.449, -5.23], [104.455, -5.258], [104.435, -5.285], [104.43, -5.282], [104.415, -5.29], [104.393, -5.287], [104.4, -5.302], [104.419, -5.305], [104.437, -5.299], [104.437, -5.291], [104.472, -5.267], [104.47, -5.259], [104.512, -5.242], [104.502, -5.232], [104.484, -5.241], [104.48, -5.233], [104.464, -5.233]]]}}, {"type": "Feature", "properties": {"domain_id": "1806182007", "name": "WAY GELANG"}, "geometry": {"type": "Polygon", "coordinates": [[[104.587, -5.485], [104.587, -5.479], [104.58, -5.48], [104.586, -5.503], [104.593, -5.5], [104.587, -5.485]]]}}, {"type": "Feature", "properties": {"domain_id": "1806282001", "name": "LENGKUKAI"}, "geometry": {"type": "Polygon", "coordinates": [[[105.077, -5.66], [105.074, -5.646], [105.05, -5.62], [105.042, -5.62], [105.043, -5.634], [105.028, -5.661], [105.077, -5.66]]]}}, {"type": "Feature", "properties": {"domain_id": "1807012009", "name": "SURABAYA UDIK"}, "geometry": {"type": "MultiPolygon", "coordinates": [[[[105.563, -5.006], [105.547, -5.013], [105.548, -5.033], [105.577, -5.04], [105.582, -5.03], [105.571, -5.026], [105.563, -5.006]]], [[[105.572, -5.061], [105.569, -5.058], [105.563, -5.069], [105.573, -5.077], [105.582, -5.058], [105.572, -5.061]]]]}}, {"type": "Feature", "properties": {"domain_id": "1807012011", "name": "MUARA JAYA"}, "geometry": {"type": "Polygon", "coordinates": [[[105.55, -4.988], [105.544, -4.986], [105.528, -5.009], [105.534, -5.031], [105.54, -5.033], [105.551, -5.027], [105.549, -5.01], [105.559, -5.006], [105.559, -4.991], [105.55, -4.988]]]}}, {"type": "Feature", "properties": {"domain_id": "1807022005", "name": "KARYA MAKMUR"}, "geometry": {"type": "Polygon", "coordinates": [[[105.822, -5.428], [105.798, -5.419], [105.795, -5.434], [105.821, -5.438], [105.822, -5.428]]]}}, {"type": "Feature", "properties": {"domain_id": "1807052008", "name": "SUKOHARJO"}, "geometry": {"type": "Polygon", "coordinates": [[[105.446, -5.13], [105.436, -5.135], [105.43, -5.148], [105.434, -5.153], [105.439, -5.149], [105.447, -5.161], [105.446, -5.151], [105.457, -5.143], [105.449, -5.131], [105.444, -5.134], [105.446, -5.13]]]}}, {"type": "Feature", "properties": {"domain_id": "1807052007", "name": "WONOKARTO"}, "geometry": {"type": "Polygon", "coordinates": [[[105.455, -5.131], [105.448, -5.135], [105.457, -5.146], [105.446, -5.154], [105.471, -5.164], [105.469, -5.148], [105.455, -5.131]]]}}, {"type": "Feature", "properties": {"domain_id": "1807112001", "name": "TANJUNG HARAPAN"}, "geometry": {"type": "Polygon", "coordinates": [[[105.539, -5.15], [105.527, -5.144], [105.525, -5.151], [105.515, -5.141], [105.502, -5.155], [105.521, -5.159], [105.532, -5.176], [105.526, -5.182], [105.536, -5.184], [105.536, -5.177], [105.563, -5.16], [105.539, -5.15]]]}}, {"type": "Feature", "properties": {"domain_id": "1807112003", "name": "NEGERI KATON"}, "geometry": {"type": "Polygon", "coordinates": [[[105.526, -5.182], [105.532, -5.176], [105.516, -5.157], [105.488, -5.157], [105.475, -5.167], [105.479, -5.186], [105.515, -5.189], [105.526, -5.182]]]}}, {"type": "Feature", "properties": {"domain_id": "1807222003", "name": "BRAJA INDAH"}, "geometry": {"type": "Polygon", "coordinates": [[[105.764, -5.173], [105.744, -5.165], [105.737, -5.175], [105.723, -5.174], [105.731, -5.177], [105.735, -5.193], [105.745, -5.198], [105.764, -5.173]]]}}, {"type": "Feature", "properties": {"domain_id": "1807232008", "name": "KALI PASIR"}, "geometry": {"type": "Polygon", "coordinates": [[[105.579, -4.884], [105.569, -4.875], [105.552, -4.879], [105.55, -4.889], [105.559, -4.895], [105.563, -4.889], [105.574, -4.893], [105.579, -4.884]]]}}, {"type": "Feature", "properties": {"domain_id": "1808022006", "name": "KAMPUNG BARU"}, "geometry": {"type": "Polygon", "coordinates": [[[104.467, -4.676], [104.443, -4.668], [104.439, -4.679], [104.467, -4.683], [104.467, -4.676]]]}}, {"type": "Feature", "properties": {"domain_id": "1808042002", "name": "GEDUNG PAKUON"}, "geometry": {"type": "Polygon", "coordinates": [[[104.528, -4.687], [104.51, -4.686], [104.518, -4.701], [104.493, -4.7], [104.502, -4.71], [104.527, -4.718], [104.526, -4.708], [104.542, -4.707], [104.528, -4.687]]]}}, {"type": "Feature", "properties": {"domain_id": "1808042005", "name": "GUNUNG KATUN"}, "geometry": {"type": "Polygon", "coordinates": [[[104.568, -4.636], [104.555, -4.63], [104.509, -4.644], [104.497, -4.664], [104.502, -4.677], [104.51, -4.686], [104.528, -4.687], [104.524, -4.671], [104.545, -4.673], [104.551, -4.661], [104.576, -4.651], [104.568, -4.636]]]}}, {"type": "Feature", "properties": {"domain_id": "1808062005", "name": "RUMBIH"}, "geometry": {"type": "Polygon", "coordinates": [[[104.791, -4.334], [104.772, -4.333], [104.767, -4.365], [104.777, -4.367], [104.769, -4.372], [104.797, -4.368], [104.791, -4.334]]]}}, {"type": "Feature", "properties": {"domain_id": "1808152002", "name": "GISTANG"}, "geometry": {"type": "Polygon", "coordinates": [[[104.471, -4.628], [104.451, -4.628], [104.436, -4.62], [104.425, -4.644], [104.451, -4.642], [104.448, -4.651], [104.459, -4.651], [104.46, -4.667], [104.469, -4.668], [104.462, -4.686], [104.486, -4.694], [104.486, -4.683], [104.491, -4.681], [104.497, -4.686], [104.503, -4.676], [104.497, -4.667], [104.501, -4.655], [104.48, -4.656], [104.471, -4.628]]]}}, {"type": "Feature", "properties": {"domain_id": "1810092008", "name": "MADARAYA"}, "geometry": {"type": "Polygon", "coordinates": [[[104.86, -5.28], [104.846, -5.281], [104.855, -5.295], [104.867, -5.294], [104.869, -5.283], [104.86, -5.28]]]}}, {"type": "Feature", "properties": {"domain_id": "1809032008", "name": "SINARJATI"}, "geometry": {"type": "Polygon", "coordinates": [[[105.089, -5.169], [105.072, -5.205], [105.095, -5.207], [105.101, -5.199], [105.091, -5.188], [105.089, -5.169]]]}}, {"type": "Feature", "properties": {"domain_id": "1810022011", "name": "BULUREJO"}, "geometry": {"type": "Polygon", "coordinates": [[[105.023, -5.352], [105.016, -5.356], [105.018, -5.345], [105.014, -5.344], [105.006, -5.355], [105.034, -5.369], [105.023, -5.352]]]}}, {"type": "Feature", "properties": {"domain_id": "1810042009", "name": "RANTAU TIJANG"}, "geometry": {"type": "Polygon", "coordinates": [[[104.942, -5.511], [104.937, -5.497], [104.926, -5.505], [104.926, -5.533], [104.932, -5.546], [104.927, -5.57], [104.962, -5.576], [104.967, -5.554], [104.955, -5.532], [104.956, -5.521], [104.942, -5.511]]]}}, {"type": "Feature", "properties": {"domain_id": "1810052029", "name": "SIDODADI"}, "geometry": {"type": "Polygon", "coordinates": [[[104.881, -5.379], [104.872, -5.38], [104.889, -5.39], [104.881, -5.379]]]}}, {"type": "Feature", "properties": {"domain_id": "1810062007", "name": "SRI RAHAYU"}, "geometry": {"type": "Polygon", "coordinates": [[[104.928, -5.266], [104.914, -5.268], [104.917, -5.279], [104.932, -5.279], [104.928, -5.266]]]}}, {"type": "Feature", "properties": {"domain_id": "1810092009", "name": "WAY KUNIR"}, "geometry": {"type": "Polygon", "coordinates": [[[104.841, -5.273], [104.842, -5.25], [104.81, -5.253], [104.79, -5.242], [104.787, -5.26], [104.804, -5.272], [104.81, -5.3], [104.822, -5.312], [104.827, -5.304], [104.816, -5.287], [104.818, -5.27], [104.827, -5.262], [104.835, -5.274], [104.841, -5.273]]]}}, {"type": "Feature", "properties": {"domain_id": "1812012002", "name": "PANARAGAN"}, "geometry": {"type": "MultiPolygon", "coordinates": [[[[105.052, -4.457], [105.045, -4.451], [105.019, -4.469], [105.05, -4.491], [105.058, -4.513], [105.08, -4.513], [105.088, -4.497], [105.101, -4.497], [105.107, -4.499], [105.106, -4.515], [105.126, -4.516], [105.126, -4.499], [105.06, -4.467], [105.064, -4.465], [105.052, -4.457]]], [[[105.122, -4.621], [105.119, -4.619], [105.118, -4.622], [105.122, -4.621]]], [[[105.105, -4.584], [105.104, -4.584], [105.104, -4.585], [105.105, -4.584]]], [[[105.106, -4.571], [105.105, -4.565], [105.104, -4.571], [105.106, -4.571]]], [[[105.068, -4.539], [105.063, -4.538], [105.064, -4.54], [105.068, -4.539]]], [[[105.085, -4.537], [105.078, -4.538], [105.086, -4.541], [105.085, -4.537]]], [[[105.134, -4.525], [105.136, -4.522], [105.133, -4.522], [105.134, -4.525]]]]}}, {"type": "Feature", "properties": {"domain_id": "1812012013", "name": "WONO KERTO"}, "geometry": {"type": "Polygon", "coordinates": [[[105.185, -4.579], [105.18, -4.565], [105.173, -4.565], [105.168, -4.609], [105.172, -4.614], [105.184, -4.598], [105.199, -4.603], [105.185, -4.579]]]}}, {"type": "Feature", "properties": {"domain_id": "1871031006", "name": "SUKADANA HAM"}, "geometry": {"type": "Polygon", "coordinates": [[[105.239, -5.407], [105.215, -5.414], [105.216, -5.427], [105.231, -5.433], [105.238, -5.43], [105.239, -5.407]]]}}, {"type": "Feature", "properties": {"domain_id": "1871121010", "name": "WAY GUBAK"}, "geometry": {"type": "Polygon", "coordinates": [[[105.327, -5.43], [105.314, -5.419], [105.296, -5.427], [105.31, -5.442], [105.327, -5.43]]]}}, {"type": "Feature", "properties": {"domain_id": "1871181005", "name": "KALIBALAU KENCANA"}, "geometry": {"type": "Polygon", "coordinates": [[[105.289, -5.394], [105.283, -5.392], [105.286, -5.408], [105.294, -5.408], [105.289, -5.394]]]}}, {"type": "Feature", "properties": {"domain_id": "1871181007", "name": "TANJUNGGADING"}, "geometry": {"type": "Polygon", "coordinates": [[[105.29, -5.429], [105.289, -5.422], [105.274, -5.425], [105.278, -5.434], [105.29, -5.429]]]}}, {"type": "Feature", "properties": {"domain_id": "1807132013", "name": "SUKACARI"}, "geometry": {"type": "Polygon", "coordinates": [[[105.471, -5.08], [105.454, -5.053], [105.441, -5.08], [105.419, -5.097], [105.44, -5.091], [105.434, -5.082], [105.466, -5.095], [105.471, -5.08]]]}}, {"type": "Feature", "properties": {"domain_id": "1807152002", "name": "SADAR SRIWIJAYA"}, "geometry": {"type": "MultiPolygon", "coordinates": [[[[105.687, -5.216], [105.625, -5.224], [105.629, -5.233], [105.612, -5.234], [105.604, -5.247], [105.594, -5.247], [105.62, -5.263], [105.617, -5.274], [105.633, -5.271], [105.635, -5.289], [105.698, -5.272], [105.702, -5.289], [105.725, -5.288], [105.718, -5.265], [105.713, -5.267], [105.707, -5.256], [105.697, -5.257], [105.695, -5.225], [105.687, -5.216]]], [[[105.635, -5.29], [105.635, -5.289], [105.635, -5.292], [105.635, -5.29]]]]}}, {"type": "Feature", "properties": {"domain_id": "1807162006", "name": "MANDALA SARI"}, "geometry": {"type": "Polygon", "coordinates": [[[105.807, -5.289], [105.809, -5.283], [105.796, -5.273], [105.779, -5.279], [105.777, -5.291], [105.798, -5.297], [105.807, -5.289]]]}}, {"type": "Feature", "properties": {"domain_id": "1802222003", "name": "SENDANG BARU"}, "geometry": {"type": "Polygon", "coordinates": [[[104.856, -5.177], [104.844, -5.158], [104.812, -5.173], [104.823, -5.198], [104.843, -5.205], [104.86, -5.202], [104.856, -5.177]]]}}, {"type": "Feature", "properties": {"domain_id": "1802262010", "name": "SURABAYA BARU"}, "geometry": {"type": "Polygon", "coordinates": [[[105.75, -4.701], [105.723, -4.695], [105.729, -4.746], [105.737, -4.745], [105.751, -4.731], [105.75, -4.701]]]}}, {"type": "Feature", "properties": {"domain_id": "1811072004", "name": "BUJUNG BURING"}, "geometry": {"type": "Polygon", "coordinates": [[[105.337, -3.905], [105.328, -3.914], [105.354, -3.942], [105.363, -3.926], [105.337, -3.905]]]}}, {"type": "Feature", "properties": {"domain_id": "1801042002", "name": "SIDOSARI"}, "geometry": {"type": "Polygon", "coordinates": [[[105.255, -5.32], [105.235, -5.318], [105.233, -5.334], [105.242, -5.335], [105.244, -5.342], [105.257, -5.327], [105.255, -5.32]]]}}, {"type": "Feature", "properties": {"domain_id": "1801062010", "name": "KESUGIHAN"}, "geometry": {"type": "Polygon", "coordinates": [[[105.61, -5.732], [105.604, -5.727], [105.601, -5.735], [105.608, -5.751], [105.607, -5.747], [105.613, -5.748], [105.61, -5.732]]]}}, {"type": "Feature", "properties": {"domain_id": "1801062003", "name": "PAUH TANJUNG IMAN"}, "geometry": {"type": "Polygon", "coordinates": [[[105.612, -5.763], [105.596, -5.758], [105.582, -5.763], [105.629, -5.77], [105.612, -5.763]]]}}, {"type": "Feature", "properties": {"domain_id": "1801062027", "name": "TAMAN AGUNG"}, "geometry": {"type": "Polygon", "coordinates": [[[105.586, -5.624], [105.559, -5.615], [105.542, -5.638], [105.564, -5.651], [105.579, -5.635], [105.601, -5.637], [105.586, -5.624]]]}}, {"type": "Feature", "properties": {"domain_id": "1801072009", "name": "SUKAMAJU"}, "geometry": {"type": "Polygon", "coordinates": [[[105.532, -5.602], [105.522, -5.599], [105.503, -5.62], [105.506, -5.636], [105.527, -5.616], [105.532, -5.602]]]}}, {"type": "Feature", "properties": {"domain_id": "1801092021", "name": "TANJUNG HERAN"}, "geometry": {"type": "Polygon", "coordinates": [[[105.7, -5.788], [105.651, -5.796], [105.662, -5.799], [105.671, -5.812], [105.675, -5.805], [105.719, -5.797], [105.715, -5.789], [105.7, -5.788]]]}}, {"type": "Feature", "properties": {"domain_id": "1801092003", "name": "RAWI"}, "geometry": {"type": "Polygon", "coordinates": [[[105.655, -5.736], [105.668, -5.727], [105.671, -5.714], [105.652, -5.733], [105.655, -5.736]]]}}, {"type": "Feature", "properties": {"domain_id": "1801102010", "name": "BANDAN HURIP"}, "geometry": {"type": "Polygon", "coordinates": [[[105.727, -5.591], [105.716, -5.589], [105.702, -5.612], [105.72, -5.627], [105.737, -5.593], [105.726, -5.595], [105.727, -5.591]]]}}, {"type": "Feature", "properties": {"domain_id": "1801172003", "name": "RANTAU MINYAK"}, "geometry": {"type": "Polygon", "coordinates": [[[105.549, -5.539], [105.526, -5.545], [105.525, -5.555], [105.533, -5.565], [105.552, -5.555], [105.555, -5.542], [105.549, -5.539]]]}}, {"type": "Feature", "properties": {"domain_id": "1801142007", "name": "RUGUK"}, "geometry": {"type": "MultiPolygon", "coordinates": [[[[105.787, -5.778], [105.741, -5.783], [105.746, -5.819], [105.784, -5.819], [105.783, -5.807], [105.789, -5.808], [105.799, -5.794], [105.787, -5.778]]]]}}, {"type": "Feature", "properties": {"domain_id": "1801162008", "name": "KERINJING"}, "geometry": {"type": "Polygon", "coordinates": [[[105.682, -5.822], [105.682, -5.815], [105.671, -5.812], [105.665, -5.827], [105.669, -5.833], [105.675, -5.822], [105.682, -5.822]]]}}, {"type": "Feature", "properties": {"domain_id": "1801142005", "name": "LEGUNDI"}, "geometry": {"type": "Polygon", "coordinates": [[[105.799, -5.749], [105.767, -5.751], [105.732, -5.775], [105.741, -5.783], [105.775, -5.782], [105.785, -5.778], [105.771, -5.772], [105.796, -5.763], [105.799, -5.749]]]}}, {"type": "Feature", "properties": {"domain_id": "1801182004", "name": "BARU RANJI"}, "geometry": {"type": "Polygon", "coordinates": [[[105.359, -5.462], [105.34, -5.459], [105.327, -5.477], [105.339, -5.488], [105.35, -5.514], [105.354, -5.507], [105.361, -5.517], [105.365, -5.493], [105.355, -5.472], [105.359, -5.462]]]}}, {"type": "Feature", "properties": {"domain_id": "1801182013", "name": "PANCA TUNGGAL"}, "geometry": {"type": "Polygon", "coordinates": [[[105.474, -5.438], [105.469, -5.431], [105.442, -5.445], [105.436, -5.435], [105.431, -5.466], [105.442, -5.472], [105.451, -5.46], [105.466, -5.455], [105.464, -5.462], [105.47, -5.462], [105.474, -5.438]]]}}, {"type": "Feature", "properties": {"domain_id": "1803032009", "name": "KARANG REJO I"}, "geometry": {"type": "Polygon", "coordinates": [[[104.82, -4.711], [104.806, -4.711], [104.806, -4.718], [104.82, -4.711]]]}}, {"type": "Feature", "properties": {"domain_id": "1801222003", "name": "SIDOMUKTI"}, "geometry": {"type": "Polygon", "coordinates": [[[105.502, -5.393], [105.494, -5.384], [105.501, -5.375], [105.498, -5.357], [105.491, -5.364], [105.474, -5.36], [105.474, -5.371], [105.461, -5.37], [105.463, -5.377], [105.48, -5.378], [105.488, -5.385], [105.482, -5.395], [105.486, -5.399], [105.502, -5.401], [105.502, -5.393]]]}}, {"type": "Feature", "properties": {"domain_id": "1801232006", "name": "SUKAMAJU"}, "geometry": {"type": "Polygon", "coordinates": [[[105.589, -5.463], [105.586, -5.455], [105.568, -5.454], [105.572, -5.479], [105.6, -5.487], [105.588, -5.476], [105.589, -5.463]]]}}, {"type": "Feature", "properties": {"domain_id": "1802022001", "name": "PURWODADI"}, "geometry": {"type": "Polygon", "coordinates": [[[104.969, -5.148], [104.968, -5.143], [104.954, -5.152], [104.944, -5.151], [104.934, -5.169], [104.966, -5.169], [104.969, -5.148]]]}}, {"type": "Feature", "properties": {"domain_id": "1804042011", "name": "BAHWAY"}, "geometry": {"type": "Polygon", "coordinates": [[[104.144, -4.924], [104.142, -4.918], [104.133, -4.919], [104.103, -4.937], [104.104, -4.955], [104.093, -4.954], [104.086, -4.961], [104.093, -4.977], [104.115, -4.986], [104.141, -4.979], [104.144, -4.924]]]}}, {"type": "Feature", "properties": {"domain_id": "1804042012", "name": "SEDAMPAH INDAH"}, "geometry": {"type": "Polygon", "coordinates": [[[103.999, -4.976], [103.994, -4.972], [103.981, -4.983], [103.981, -4.992], [104.005, -5.006], [104.008, -5.024], [104.02, -5.011], [104.003, -4.988], [103.996, -4.986], [103.999, -4.976]]]}}, {"type": "Feature", "properties": {"domain_id": "1802052013", "name": "PUJO ASRI"}, "geometry": {"type": "Polygon", "coordinates": [[[105.248, -5.043], [105.242, -5.043], [105.241, -5.079], [105.253, -5.075], [105.248, -5.043]]]}}, {"type": "Feature", "properties": {"domain_id": "1802162002", "name": "ENDANG REJO"}, "geometry": {"type": "Polygon", "coordinates": [[[105.147, -4.948], [105.138, -4.948], [105.121, -4.968], [105.14, -4.992], [105.159, -4.98], [105.15, -4.967], [105.147, -4.948]]]}}, {"type": "Feature", "properties": {"domain_id": "1802182007", "name": "TERBANGGI MULYA"}, "geometry": {"type": "Polygon", "coordinates": [[[105.304, -4.604], [105.294, -4.613], [105.304, -4.761], [105.333, -4.755], [105.344, -4.727], [105.358, -4.738], [105.387, -4.74], [105.397, -4.729], [105.353, -4.708], [105.327, -4.677], [105.312, -4.617], [105.304, -4.604]]]}}, {"type": "Feature", "properties": {"domain_id": "1808142008", "name": "SUKAMAJU"}, "geometry": {"type": "Polygon", "coordinates": [[[104.518, -4.322], [104.52, -4.311], [104.481, -4.315], [104.482, -4.327], [104.498, -4.335], [104.498, -4.346], [104.513, -4.342], [104.505, -4.33], [104.519, -4.328], [104.518, -4.322]]]}}, {"type": "Feature", "properties": {"domain_id": "1802202003", "name": "SIDO HARJO"}, "geometry": {"type": "Polygon", "coordinates": [[[104.851, -5.052], [104.836, -5.043], [104.827, -5.048], [104.833, -5.062], [104.843, -5.058], [104.852, -5.061], [104.851, -5.052]]]}}, {"type": "Feature", "properties": {"domain_id": "1802222001", "name": "SENDANG MULYO"}, "geometry": {"type": "Polygon", "coordinates": [[[104.919, -5.21], [104.896, -5.206], [104.864, -5.213], [104.872, -5.233], [104.888, -5.245], [104.91, -5.247], [104.919, -5.21]]]}}, {"type": "Feature", "properties": {"domain_id": "1803021006", "name": "KOTABUMI ILIR"}, "geometry": {"type": "Polygon", "coordinates": [[[104.917, -4.793], [104.89, -4.799], [104.892, -4.809], [104.879, -4.81], [104.882, -4.818], [104.89, -4.813], [104.894, -4.818], [104.9, -4.811], [104.911, -4.814], [104.917, -4.793]]]}}, {"type": "Feature", "properties": {"domain_id": "1803022013", "name": "KOTABUMI TENGAH BARAT"}, "geometry": {"type": "Polygon", "coordinates": [[[104.789, -4.832], [104.791, -4.817], [104.78, -4.824], [104.778, -4.819], [104.765, -4.819], [104.749, -4.841], [104.777, -4.85], [104.775, -4.837], [104.789, -4.832]]]}}, {"type": "Feature", "properties": {"domain_id": "1803042002", "name": "SUKA SARI"}, "geometry": {"type": "Polygon", "coordinates": [[[104.693, -4.957], [104.682, -4.96], [104.683, -4.979], [104.7, -4.986], [104.704, -4.995], [104.724, -4.992], [104.715, -4.964], [104.693, -4.957]]]}}, {"type": "Feature", "properties": {"domain_id": "1803062012", "name": "CAHAYA NEGERI"}, "geometry": {"type": "Polygon", "coordinates": [[[104.668, -4.839], [104.652, -4.822], [104.646, -4.844], [104.639, -4.841], [104.657, -4.87], [104.67, -4.873], [104.674, -4.867], [104.686, -4.868], [104.687, -4.857], [104.699, -4.858], [104.682, -4.852], [104.687, -4.838], [104.668, -4.839]]]}}, {"type": "Feature", "properties": {"domain_id": "1803082020", "name": "BATU RAJA"}, "geometry": {"type": "Polygon", "coordinates": [[[104.756, -4.634], [104.744, -4.657], [104.766, -4.661], [104.765, -4.642], [104.756, -4.634]]]}}, {"type": "Feature", "properties": {"domain_id": "1805132025", "name": "TRIKARYA"}, "geometry": {"type": "Polygon", "coordinates": [[[105.407, -4.161], [105.405, -4.132], [105.401, -4.133], [105.401, -4.138], [105.39, -4.141], [105.389, -4.16], [105.407, -4.161]]]}}, {"type": "Feature", "properties": {"domain_id": "1803142007", "name": "BANDAR SAKTI"}, "geometry": {"type": "Polygon", "coordinates": [[[105.036, -4.67], [105.019, -4.688], [105.04, -4.698], [105.055, -4.68], [105.045, -4.669], [105.036, -4.67]]]}}, {"type": "Feature", "properties": {"domain_id": "1803152009", "name": "NEGERI RATU"}, "geometry": {"type": "Polygon", "coordinates": [[[105.003, -4.651], [104.981, -4.652], [104.977, -4.675], [104.982, -4.688], [105.0, -4.683], [105.005, -4.671], [105.001, -4.665], [105.003, -4.651]]]}}, {"type": "Feature", "properties": {"domain_id": "1805222009", "name": "MULYO DADI"}, "geometry": {"type": "Polygon", "coordinates": [[[105.604, -4.313], [105.598, -4.294], [105.603, -4.282], [105.615, -4.291], [105.62, -4.283], [105.614, -4.263], [105.604, -4.258], [105.606, -4.276], [105.576, -4.28], [105.582, -4.298], [105.579, -4.319], [105.604, -4.318], [105.604, -4.313]]]}}, {"type": "Feature", "properties": {"domain_id": "1803162011", "name": "SUKA MAJU"}, "geometry": {"type": "Polygon", "coordinates": [[[104.893, -4.525], [104.872, -4.512], [104.868, -4.53], [104.878, -4.545], [104.877, -4.579], [104.883, -4.569], [104.904, -4.569], [104.904, -4.551], [104.893, -4.547], [104.893, -4.525]]]}}, {"type": "Feature", "properties": {"domain_id": "1804072005", "name": "TANJUNGRAYA"}, "geometry": {"type": "Polygon", "coordinates": [[[104.382, -5.03], [104.38, -5.024], [104.378, -5.056], [104.373, -5.061], [104.381, -5.071], [104.374, -5.08], [104.388, -5.07], [104.382, -5.03]]]}}, {"type": "Feature", "properties": {"domain_id": "1804082007", "name": "TIGAJAYA"}, "geometry": {"type": "Polygon", "coordinates": [[[104.317, -5.062], [104.3, -5.072], [104.292, -5.056], [104.282, -5.053], [104.261, -5.08], [104.267, -5.106], [104.273, -5.106], [104.287, -5.089], [104.29, -5.103], [104.297, -5.104], [104.3, -5.123], [104.288, -5.145], [104.304, -5.141], [104.333, -5.116], [104.331, -5.095], [104.317, -5.079], [104.317, -5.062]]]}}, {"type": "Feature", "properties": {"domain_id": "1803212006", "name": "CAHAYA MAS"}, "geometry": {"type": "MultiPolygon", "coordinates": [[[[104.681, -4.793], [104.676, -4.805], [104.671, -4.802], [104.665, -4.808], [104.671, -4.84], [104.677, -4.814], [104.692, -4.805], [104.688, -4.794], [104.681, -4.793]]], [[[104.657, -4.812], [104.658, -4.809], [104.656, -4.814], [104.657, -4.812]]]]}}, {"type": "Feature", "properties": {"domain_id": "1804062013", "name": "SERUNGKUK"}, "geometry": {"type": "Polygon", "coordinates": [[[104.21, -4.96], [104.203, -4.957], [104.206, -4.944], [104.19, -4.944], [104.181, -4.958], [104.165, -4.96], [104.169, -4.972], [104.188, -4.989], [104.21, -4.96]]]}}, {"type": "Feature", "properties": {"domain_id": "1804112018", "name": "BANDAR BARU"}, "geometry": {"type": "Polygon", "coordinates": [[[104.122, -4.924], [104.096, -4.918], [104.073, -4.923], [104.078, -4.942], [104.05, -4.955], [104.049, -4.974], [104.055, -4.982], [104.075, -4.975], [104.076, -4.963], [104.083, -4.964], [104.093, -4.954], [104.104, -4.955], [104.103, -4.937], [104.122, -4.924]]]}}, {"type": "Feature", "properties": {"domain_id": "1804182005", "name": "MUARA JAYA II"}, "geometry": {"type": "Polygon", "coordinates": [[[104.522, -5.062], [104.51, -5.067], [104.516, -5.089], [104.534, -5.08], [104.535, -5.094], [104.541, -5.092], [104.538, -5.069], [104.522, -5.062]]]}}, {"type": "Feature", "properties": {"domain_id": "1804192008", "name": "RIGIS JAYA"}, "geometry": {"type": "Polygon", "coordinates": [[[104.453, -5.096], [104.465, -5.053], [104.456, -5.061], [104.446, -5.059], [104.445, -5.067], [104.427, -5.078], [104.453, -5.096]]]}}, {"type": "Feature", "properties": {"domain_id": "1804212004", "name": "CAMPANG TIGA"}, "geometry": {"type": "Polygon", "coordinates": [[[104.262, -4.937], [104.249, -4.925], [104.236, -4.938], [104.225, -4.93], [104.23, -4.948], [104.237, -4.949], [104.257, -4.95], [104.262, -4.937]]]}}, {"type": "Feature", "properties": {"domain_id": "1805082007", "name": "TRI DARMA WIRAJAYA"}, "geometry": {"type": "Polygon", "coordinates": [[[105.326, -4.266], [105.296, -4.272], [105.29, -4.281], [105.297, -4.29], [105.326, -4.29], [105.326, -4.266]]]}}, {"type": "Feature", "properties": {"domain_id": "1805112001", "name": "GUNUNG TAPA"}, "geometry": {"type": "Polygon", "coordinates": [[[105.55, -4.394], [105.525, -4.354], [105.51, -4.355], [105.511, -4.365], [105.502, -4.369], [105.503, -4.426], [105.535, -4.425], [105.535, -4.439], [105.605, -4.422], [105.61, -4.411], [105.607, -4.394], [105.598, -4.398], [105.589, -4.387], [105.592, -4.367], [105.578, -4.384], [105.565, -4.375], [105.55, -4.394]]]}}, {"type": "Feature", "properties": {"domain_id": "1805182004", "name": "BUMI DIPASENA ABADI"}, "geometry": {"type": "Polygon", "coordinates": [[[105.821, -4.157], [105.809, -4.124], [105.77, -4.113], [105.769, -4.131], [105.755, -4.144], [105.755, -4.161], [105.821, -4.157]]]}}, {"type": "Feature", "properties": {"domain_id": "1805202007", "name": "AGUNG DALAM"}, "geometry": {"type": "Polygon", "coordinates": [[[105.268, -4.221], [105.262, -4.22], [105.252, -4.258], [105.24, -4.272], [105.228, -4.275], [105.271, -4.269], [105.279, -4.28], [105.291, -4.282], [105.294, -4.276], [105.281, -4.272], [105.268, -4.253], [105.268, -4.221]]]}}, {"type": "Feature", "properties": {"domain_id": "1805232009", "name": "SUMBER SARI"}, "geometry": {"type": "MultiPolygon", "coordinates": [[[[105.494, -4.323], [105.487, -4.323], [105.487, -4.335], [105.496, -4.339], [105.499, -4.364], [105.506, -4.369], [105.511, -4.365], [105.51, -4.323], [105.494, -4.323]]], [[[105.524, -4.309], [105.519, -4.308], [105.514, -4.325], [105.54, -4.323], [105.539, -4.312], [105.524, -4.309]]]]}}, {"type": "Feature", "properties": {"domain_id": "1805292006", "name": "BALAI MURNI JAYA"}, "geometry": {"type": "Polygon", "coordinates": [[[105.314, -4.31], [105.308, -4.315], [105.302, -4.309], [105.294, -4.319], [105.31, -4.348], [105.307, -4.358], [105.32, -4.343], [105.313, -4.341], [105.314, -4.31]]]}}, {"type": "Feature", "properties": {"domain_id": "1805302005", "name": "SUNGAI LUAR"}, "geometry": {"type": "Polygon", "coordinates": [[[105.334, -4.401], [105.327, -4.398], [105.321, -4.404], [105.321, -4.43], [105.332, -4.421], [105.334, -4.401]]]}}, {"type": "Feature", "properties": {"domain_id": "1806012041", "name": "BENTENG JAYA"}, "geometry": {"type": "Polygon", "coordinates": [[[104.666, -5.411], [104.645, -5.439], [104.649, -5.463], [104.637, -5.482], [104.651, -5.483], [104.659, -5.448], [104.682, -5.434], [104.666, -5.411]]]}}, {"type": "Feature", "properties": {"domain_id": "1806022026", "name": "SUKA MERINDU"}, "geometry": {"type": "Polygon", "coordinates": [[[104.795, -5.352], [104.794, -5.34], [104.798, -5.361], [104.795, -5.352]], [[104.802, -5.366], [104.806, -5.362], [104.799, -5.363], [104.802, -5.366]]]}}, {"type": "Feature", "properties": {"domain_id": "1806022033", "name": "SINAR BETUNG"}, "geometry": {"type": "Polygon", "coordinates": [[[104.752, -5.37], [104.741, -5.365], [104.738, -5.372], [104.749, -5.375], [104.752, -5.37]]]}}, {"type": "Feature", "properties": {"domain_id": "1806092015", "name": "TANJUNG BETUAH"}, "geometry": {"type": "Polygon", "coordinates": [[[104.892, -5.575], [104.878, -5.578], [104.881, -5.609], [104.863, -5.616], [104.873, -5.621], [104.881, -5.643], [104.876, -5.659], [104.897, -5.665], [104.903, -5.656], [104.889, -5.639], [104.886, -5.616], [104.894, -5.607], [104.892, -5.575]]]}}, {"type": "Feature", "properties": {"domain_id": "1806112005", "name": "SUMANDA"}, "geometry": {"type": "Polygon", "coordinates": [[[104.835, -5.389], [104.812, -5.384], [104.798, -5.408], [104.818, -5.409], [104.814, -5.394], [104.834, -5.396], [104.835, -5.389]]]}}, {"type": "Feature", "properties": {"domain_id": "1806122008", "name": "KARANG REJO"}, "geometry": {"type": "Polygon", "coordinates": [[[104.529, -5.515], [104.521, -5.505], [104.513, -5.519], [104.525, -5.525], [104.527, -5.544], [104.54, -5.529], [104.531, -5.524], [104.529, -5.515]]]}}, {"type": "Feature", "properties": {"domain_id": "1806132005", "name": "ARGOPENI"}, "geometry": {"type": "Polygon", "coordinates": [[[104.695, -5.35], [104.683, -5.366], [104.698, -5.361], [104.696, -5.371], [104.703, -5.377], [104.71, -5.354], [104.695, -5.35]]]}}, {"type": "Feature", "properties": {"domain_id": "1806152005", "name": "MUARA DUA ULU BELU"}, "geometry": {"type": "Polygon", "coordinates": [[[104.579, -5.288], [104.569, -5.277], [104.563, -5.281], [104.565, -5.321], [104.568, -5.318], [104.58, -5.324], [104.586, -5.318], [104.579, -5.288]]]}}, {"type": "Feature", "properties": {"domain_id": "1806152015", "name": "AIR ABANG"}, "geometry": {"type": "Polygon", "coordinates": [[[104.63, -5.253], [104.608, -5.235], [104.6, -5.279], [104.594, -5.285], [104.593, -5.328], [104.616, -5.342], [104.65, -5.34], [104.657, -5.333], [104.648, -5.327], [104.651, -5.322], [104.636, -5.326], [104.63, -5.318], [104.642, -5.316], [104.644, -5.307], [104.637, -5.301], [104.64, -5.28], [104.63, -5.253]]]}}, {"type": "Feature", "properties": {"domain_id": "1806182016", "name": "TANJUNG AGUNG"}, "geometry": {"type": "MultiPolygon", "coordinates": [[[[104.572, -5.502], [104.55, -5.509], [104.551, -5.522], [104.572, -5.502]]], [[[104.57, -5.507], [104.569, -5.508], [104.568, -5.509], [104.57, -5.507]]]]}}, {"type": "Feature", "properties": {"domain_id": "1811042017", "name": "LABUHAN MULYA"}, "geometry": {"type": "Polygon", "coordinates": [[[105.104, -4.122], [105.088, -4.12], [105.088, -4.153], [105.094, -4.141], [105.104, -4.142], [105.104, -4.122]]]}}, {"type": "Feature", "properties": {"domain_id": "1806242006", "name": "BANJAR AGUNG"}, "geometry": {"type": "Polygon", "coordinates": [[[104.858, -5.593], [104.843, -5.584], [104.812, -5.591], [104.799, -5.584], [104.802, -5.596], [104.819, -5.6], [104.853, -5.603], [104.858, -5.593]]]}}, {"type": "Feature", "properties": {"domain_id": "1806252001", "name": "NEGERI AGUNG"}, "geometry": {"type": "Polygon", "coordinates": [[[104.515, -5.428], [104.513, -5.423], [104.504, -5.434], [104.495, -5.464], [104.516, -5.439], [104.515, -5.428]]]}}, {"type": "Feature", "properties": {"domain_id": "1806252009", "name": "SINAR BANGUN"}, "geometry": {"type": "Polygon", "coordinates": [[[104.363, -5.303], [104.36, -5.309], [104.373, -5.319], [104.374, -5.329], [104.348, -5.341], [104.335, -5.326], [104.334, -5.337], [104.35, -5.35], [104.383, -5.359], [104.398, -5.396], [104.417, -5.42], [104.455, -5.448], [104.452, -5.43], [104.445, -5.431], [104.442, -5.425], [104.439, -5.366], [104.432, -5.354], [104.416, -5.358], [104.395, -5.343], [104.402, -5.333], [104.363, -5.303]]]}}, {"type": "Feature", "properties": {"domain_id": "1806262005", "name": "AIR NANINGAN"}, "geometry": {"type": "Polygon", "coordinates": [[[104.704, -5.227], [104.681, -5.232], [104.677, -5.24], [104.695, -5.243], [104.704, -5.254], [104.732, -5.234], [104.712, -5.233], [104.704, -5.227]]]}}, {"type": "Feature", "properties": {"domain_id": "1806272006", "name": "GUNUNG TERANG"}, "geometry": {"type": "Polygon", "coordinates": [[[104.889, -5.487], [104.861, -5.489], [104.852, -5.498], [104.863, -5.507], [104.88, -5.508], [104.882, -5.529], [104.892, -5.54], [104.898, -5.534], [104.889, -5.487]]]}}, {"type": "Feature", "properties": {"domain_id": "1807062006", "name": "TELOGOREJO"}, "geometry": {"type": "Polygon", "coordinates": [[[105.373, -5.149], [105.357, -5.14], [105.347, -5.141], [105.342, -5.152], [105.365, -5.157], [105.373, -5.149]]]}}, {"type": "Feature", "properties": {"domain_id": "1807072011", "name": "BRAJA ASRI"}, "geometry": {"type": "Polygon", "coordinates": [[[105.744, -5.16], [105.741, -5.143], [105.717, -5.143], [105.704, -5.151], [105.705, -5.163], [105.713, -5.166], [105.744, -5.16]]]}}, {"type": "Feature", "properties": {"domain_id": "1807072012", "name": "LABUHAN RATU I"}, "geometry": {"type": "Polygon", "coordinates": [[[105.706, -5.165], [105.675, -5.163], [105.673, -5.157], [105.665, -5.167], [105.65, -5.164], [105.651, -5.172], [105.667, -5.168], [105.703, -5.176], [105.706, -5.165]]]}}, {"type": "Feature", "properties": {"domain_id": "1807102001", "name": "KIBANG"}, "geometry": {"type": "Polygon", "coordinates": [[[105.313, -5.171], [105.305, -5.171], [105.3, -5.179], [105.299, -5.172], [105.294, -5.179], [105.295, -5.189], [105.302, -5.189], [105.305, -5.22], [105.327, -5.207], [105.325, -5.19], [105.317, -5.191], [105.313, -5.171]]]}}, {"type": "Feature", "properties": {"domain_id": "1807112013", "name": "TRISINAR"}, "geometry": {"type": "Polygon", "coordinates": [[[105.48, -5.189], [105.468, -5.196], [105.46, -5.223], [105.437, -5.216], [105.432, -5.247], [105.457, -5.248], [105.459, -5.237], [105.485, -5.223], [105.488, -5.204], [105.48, -5.189]]]}}, {"type": "Feature", "properties": {"domain_id": "1807122003", "name": "TOBA"}, "geometry": {"type": "Polygon", "coordinates": [[[105.534, -5.251], [105.525, -5.257], [105.524, -5.27], [105.512, -5.276], [105.519, -5.288], [105.52, -5.307], [105.535, -5.298], [105.533, -5.287], [105.545, -5.276], [105.541, -5.254], [105.534, -5.251]]]}}, {"type": "Feature", "properties": {"domain_id": "1807192004", "name": "REJO MULYO"}, "geometry": {"type": "Polygon", "coordinates": [[[105.784, -5.524], [105.749, -5.523], [105.727, -5.546], [105.736, -5.556], [105.746, -5.548], [105.784, -5.554], [105.784, -5.524]]]}}, {"type": "Feature", "properties": {"domain_id": "1807222001", "name": "BRAJA HARJOSARI"}, "geometry": {"type": "Polygon", "coordinates": [[[105.803, -5.182], [105.764, -5.173], [105.745, -5.198], [105.752, -5.207], [105.775, -5.208], [105.782, -5.193], [105.803, -5.182]]]}}, {"type": "Feature", "properties": {"domain_id": "1807222006", "name": "BRAJA LUHUR"}, "geometry": {"type": "Polygon", "coordinates": [[[105.8, -5.241], [105.817, -5.233], [105.812, -5.22], [105.822, -5.211], [105.825, -5.183], [105.785, -5.216], [105.8, -5.241]]]}}, {"type": "Feature", "properties": {"domain_id": "1808012015", "name": "TANJUNG SARI"}, "geometry": {"type": "Polygon", "coordinates": [[[104.503, -4.451], [104.497, -4.428], [104.459, -4.433], [104.464, -4.45], [104.478, -4.447], [104.492, -4.455], [104.503, -4.451]]]}}, {"type": "Feature", "properties": {"domain_id": "1808022007", "name": "JUKUH KEMUNING"}, "geometry": {"type": "Polygon", "coordinates": [[[104.441, -4.649], [104.425, -4.659], [104.43, -4.68], [104.439, -4.679], [104.443, -4.668], [104.441, -4.649]]]}}, {"type": "Feature", "properties": {"domain_id": "1808022010", "name": "TALANG MANGGA"}, "geometry": {"type": "Polygon", "coordinates": [[[104.411, -4.722], [104.406, -4.721], [104.403, -4.729], [104.401, -4.753], [104.413, -4.758], [104.43, -4.737], [104.425, -4.739], [104.423, -4.727], [104.411, -4.722]]]}}, {"type": "Feature", "properties": {"domain_id": "1808032002", "name": "CAMPANG LAPAN"}, "geometry": {"type": "Polygon", "coordinates": [[[104.542, -4.849], [104.542, -4.841], [104.523, -4.84], [104.519, -4.855], [104.503, -4.859], [104.501, -4.874], [104.505, -4.879], [104.521, -4.861], [104.543, -4.855], [104.542, -4.849]]]}}, {"type": "Feature", "properties": {"domain_id": "1808032013", "name": "RANTAU JAYA"}, "geometry": {"type": "Polygon", "coordinates": [[[104.504, -4.815], [104.504, -4.809], [104.496, -4.809], [104.488, -4.815], [104.489, -4.822], [104.504, -4.815]]]}}, {"type": "Feature", "properties": {"domain_id": "1808062003", "name": "PAKUAN RATU"}, "geometry": {"type": "Polygon", "coordinates": [[[104.762, -4.247], [104.714, -4.258], [104.71, -4.271], [104.719, -4.294], [104.717, -4.314], [104.708, -4.321], [104.691, -4.322], [104.691, -4.328], [104.683, -4.329], [104.68, -4.347], [104.667, -4.357], [104.703, -4.372], [104.722, -4.368], [104.716, -4.355], [104.729, -4.353], [104.726, -4.322], [104.735, -4.322], [104.742, -4.315], [104.77, -4.319], [104.762, -4.247]]]}}, {"type": "Feature", "properties": {"domain_id": "1808072012", "name": "KALI PAPAN"}, "geometry": {"type": "Polygon", "coordinates": [[[104.7, -4.566], [104.666, -4.58], [104.664, -4.587], [104.639, -4.585], [104.647, -4.597], [104.633, -4.607], [104.612, -4.61], [104.645, -4.644], [104.641, -4.629], [104.658, -4.612], [104.66, -4.595], [104.7, -4.566]]]}}, {"type": "Feature", "properties": {"domain_id": "1808082001", "name": "WAY TUBA"}, "geometry": {"type": "MultiPolygon", "coordinates": [[[[104.421, -4.325], [104.412, -4.338], [104.384, -4.348], [104.379, -4.368], [104.401, -4.37], [104.405, -4.376], [104.39, -4.404], [104.406, -4.402], [104.417, -4.413], [104.428, -4.383], [104.456, -4.405], [104.446, -4.393], [104.449, -4.38], [104.432, -4.38], [104.415, -4.356], [104.426, -4.343], [104.421, -4.325]]], [[[104.398, -4.426], [104.398, -4.425], [104.397, -4.425], [104.398, -4.426]]], [[[104.412, -4.421], [104.399, -4.426], [104.406, -4.426], [104.412, -4.421]]]]}}, {"type": "Feature", "properties": {"domain_id": "1808092008", "name": "BERINGIN JAYA"}, "geometry": {"type": "Polygon", "coordinates": [[[104.391, -4.672], [104.372, -4.671], [104.371, -4.688], [104.396, -4.683], [104.391, -4.672]]]}}, {"type": "Feature", "properties": {"domain_id": "1809012001", "name": "PADANG RATU"}, "geometry": {"type": "Polygon", "coordinates": [[[105.046, -5.389], [105.042, -5.395], [105.053, -5.414], [105.089, -5.45], [105.089, -5.436], [105.057, -5.412], [105.046, -5.389]]]}}, {"type": "Feature", "properties": {"domain_id": "1809022014", "name": "SIDOMULYO"}, "geometry": {"type": "Polygon", "coordinates": [[[105.083, -5.258], [105.06, -5.262], [105.056, -5.248], [105.055, -5.259], [105.038, -5.262], [105.045, -5.266], [105.053, -5.289], [105.074, -5.278], [105.083, -5.258]]]}}, {"type": "Feature", "properties": {"domain_id": "1809032015", "name": "TRIMULYO"}, "geometry": {"type": "Polygon", "coordinates": [[[105.139, -5.162], [105.116, -5.158], [105.116, -5.148], [105.113, -5.156], [105.089, -5.169], [105.091, -5.188], [105.1, -5.194], [105.11, -5.181], [105.12, -5.185], [105.124, -5.194], [105.131, -5.192], [105.139, -5.18], [105.139, -5.162]]]}}, {"type": "Feature", "properties": {"domain_id": "1809102003", "name": "GEBANG"}, "geometry": {"type": "MultiPolygon", "coordinates": [[[[105.23, -5.552], [105.207, -5.552], [105.196, -5.566], [105.204, -5.564], [105.209, -5.574], [105.245, -5.588], [105.25, -5.576], [105.238, -5.566], [105.244, -5.563], [105.24, -5.554], [105.23, -5.552]]], [[[105.242, -5.567], [105.242, -5.566], [105.241, -5.566], [105.242, -5.567]]], [[[105.279, -5.561], [105.27, -5.562], [105.27, -5.572], [105.282, -5.571], [105.279, -5.561]]]]}}, {"type": "Feature", "properties": {"domain_id": "1809112003", "name": "WATES WAY RATAI"}, "geometry": {"type": "Polygon", "coordinates": [[[105.081, -5.585], [105.072, -5.571], [105.065, -5.586], [105.072, -5.59], [105.072, -5.603], [105.058, -5.598], [105.049, -5.609], [105.072, -5.622], [105.086, -5.612], [105.081, -5.585]]]}}, {"type": "Feature", "properties": {"domain_id": "1810052001", "name": "CANDI RETNO"}, "geometry": {"type": "Polygon", "coordinates": [[[104.927, -5.389], [104.915, -5.388], [104.918, -5.412], [104.926, -5.407], [104.927, -5.389]]]}}, {"type": "Feature", "properties": {"domain_id": "1810042008", "name": "SELAPAN"}, "geometry": {"type": "Polygon", "coordinates": [[[104.901, -5.508], [104.891, -5.508], [104.898, -5.534], [104.889, -5.553], [104.917, -5.572], [104.912, -5.535], [104.921, -5.517], [104.913, -5.511], [104.907, -5.515], [104.901, -5.508]]]}}, {"type": "Feature", "properties": {"domain_id": "1810042010", "name": "SIDODADI"}, "geometry": {"type": "Polygon", "coordinates": [[[104.95, -5.441], [104.933, -5.441], [104.933, -5.433], [104.911, -5.442], [104.916, -5.453], [104.927, -5.446], [104.939, -5.449], [104.95, -5.441]]]}}, {"type": "Feature", "properties": {"domain_id": "1810052012", "name": "LUGUSARI"}, "geometry": {"type": "Polygon", "coordinates": [[[104.891, -5.343], [104.866, -5.339], [104.882, -5.365], [104.881, -5.354], [104.887, -5.354], [104.891, -5.343]]]}}, {"type": "Feature", "properties": {"domain_id": "1810052019", "name": "PAMENANG"}, "geometry": {"type": "Polygon", "coordinates": [[[104.912, -5.341], [104.902, -5.343], [104.898, -5.36], [104.915, -5.36], [104.909, -5.355], [104.912, -5.341]]]}}, {"type": "Feature", "properties": {"domain_id": "1810072001", "name": "ADILUWIH"}, "geometry": {"type": "Polygon", "coordinates": [[[105.04, -5.216], [105.015, -5.225], [105.022, -5.237], [105.032, -5.237], [105.029, -5.231], [105.04, -5.216]]]}}, {"type": "Feature", "properties": {"domain_id": "1812011001", "name": "MULYO ASRI"}, "geometry": {"type": "Polygon", "coordinates": [[[105.172, -4.614], [105.168, -4.609], [105.144, -4.614], [105.132, -4.639], [105.159, -4.639], [105.173, -4.647], [105.182, -4.635], [105.172, -4.627], [105.172, -4.614]]]}}, {"type": "Feature", "properties": {"domain_id": "1812042007", "name": "GUNUNG TERANG"}, "geometry": {"type": "Polygon", "coordinates": [[[105.092, -4.358], [105.085, -4.358], [105.085, -4.374], [105.078, -4.377], [105.079, -4.406], [105.085, -4.408], [105.089, -4.392], [105.108, -4.394], [105.107, -4.379], [105.092, -4.371], [105.092, -4.358]]]}}, {"type": "Feature", "properties": {"domain_id": "1813022002", "name": "SUKARAME"}, "geometry": {"type": "Polygon", "coordinates": [[[104.133, -5.182], [104.121, -5.175], [104.089, -5.184], [104.09, -5.196], [104.067, -5.2], [104.05, -5.224], [104.018, -5.24], [103.997, -5.268], [104.002, -5.274], [104.007, -5.261], [104.1, -5.225], [104.133, -5.182]]]}}, {"type": "Feature", "properties": {"domain_id": "1813022015", "name": "TULUNG BAMBAN"}, "geometry": {"type": "Polygon", "coordinates": [[[103.992, -5.219], [103.997, -5.204], [103.991, -5.19], [103.98, -5.195], [103.978, -5.229], [103.968, -5.241], [103.982, -5.255], [103.992, -5.219]]]}}, {"type": "Feature", "properties": {"domain_id": "1871051005", "name": "SAWAH LAMA"}, "geometry": {"type": "Polygon", "coordinates": [[[105.266, -5.408], [105.261, -5.407], [105.26, -5.412], [105.266, -5.408]]]}}, {"type": "Feature", "properties": {"domain_id": "1871111005", "name": "PEMATANG WANGI"}, "geometry": {"type": "Polygon", "coordinates": [[[105.283, -5.36], [105.275, -5.355], [105.275, -5.347], [105.274, -5.363], [105.283, -5.36]]]}}, {"type": "Feature", "properties": {"domain_id": "1871121002", "name": "SUKABUMI"}, "geometry": {"type": "Polygon", "coordinates": [[[105.309, -5.394], [105.296, -5.393], [105.296, -5.406], [105.308, -5.4], [105.312, -5.407], [105.326, -5.405], [105.326, -5.397], [105.309, -5.394]]]}}, {"type": "Feature", "properties": {"domain_id": "1871191004", "name": "KETEGUHAN"}, "geometry": {"type": "Polygon", "coordinates": [[[105.254, -5.457], [105.228, -5.457], [105.223, -5.464], [105.226, -5.474], [105.239, -5.463], [105.253, -5.468], [105.254, -5.457]]]}}, {"type": "Feature", "properties": {"domain_id": "1871191006", "name": "WAY TATAAN"}, "geometry": {"type": "Polygon", "coordinates": [[[105.252, -5.49], [105.252, -5.472], [105.224, -5.476], [105.225, -5.49], [105.245, -5.481], [105.252, -5.49]]]}}, {"type": "Feature", "properties": {"domain_id": "1812032004", "name": "GUNUNG KATUN TANJUNGAN"}, "geometry": {"type": "Polygon", "coordinates": [[[105.01, -4.45], [104.986, -4.446], [104.966, -4.46], [104.967, -4.475], [104.95, -4.488], [104.945, -4.48], [104.933, -4.488], [104.926, -4.515], [104.951, -4.517], [104.981, -4.535], [104.985, -4.556], [105.005, -4.542], [105.041, -4.549], [105.042, -4.561], [105.055, -4.563], [105.058, -4.547], [105.052, -4.534], [105.035, -4.533], [105.023, -4.521], [105.039, -4.523], [105.046, -4.518], [105.006, -4.508], [104.991, -4.486], [104.99, -4.459], [105.01, -4.45]]]}}, {"type": "Feature", "properties": {"domain_id": "1812042006", "name": "SETIA BUMI"}, "geometry": {"type": "Polygon", "coordinates": [[[105.098, -4.32], [105.069, -4.314], [105.067, -4.345], [105.107, -4.345], [105.106, -4.32], [105.098, -4.32]]]}}, {"type": "Feature", "properties": {"domain_id": "1812062007", "name": "BALAM ASRI"}, "geometry": {"type": "Polygon", "coordinates": [[[105.17, -4.217], [105.162, -4.201], [105.157, -4.202], [105.16, -4.216], [105.153, -4.24], [105.189, -4.242], [105.196, -4.235], [105.177, -4.233], [105.17, -4.217]]]}}, {"type": "Feature", "properties": {"domain_id": "1813012004", "name": "RAWAS"}, "geometry": {"type": "Polygon", "coordinates": [[[103.949, -5.193], [103.937, -5.19], [103.939, -5.204], [103.946, -5.208], [103.982, -5.203], [103.949, -5.193]]]}}, {"type": "Feature", "properties": {"domain_id": "1813032007", "name": "BAMBANG"}, "geometry": {"type": "Polygon", "coordinates": [[[103.773, -4.957], [103.775, -4.943], [103.765, -4.937], [103.749, -4.938], [103.735, -4.98], [103.773, -4.957]]]}}, {"type": "Feature", "properties": {"domain_id": "1871021007", "name": "WAY DADI BARU"}, "geometry": {"type": "Polygon", "coordinates": [[[105.29, -5.371], [105.277, -5.373], [105.285, -5.381], [105.296, -5.375], [105.29, -5.371]]]}}, {"type": "Feature", "properties": {"domain_id": "1871041001", "name": "PANJANG SELATAN"}, "geometry": {"type": "Polygon", "coordinates": [[[105.328, -5.473], [105.318, -5.479], [105.321, -5.484], [105.328, -5.473]]]}}, {"type": "Feature", "properties": {"domain_id": "1871041009", "name": "KETAPANG"}, "geometry": {"type": "Polygon", "coordinates": [[[105.296, -5.427], [105.29, -5.434], [105.301, -5.443], [105.304, -5.44], [105.296, -5.427]]]}}, {"type": "Feature", "properties": {"domain_id": "1871131001", "name": "SUMBER REJO"}, "geometry": {"type": "Polygon", "coordinates": [[[105.222, -5.394], [105.221, -5.386], [105.215, -5.392], [105.204, -5.388], [105.202, -5.394], [105.222, -5.394]]]}}, {"type": "Feature", "properties": {"domain_id": "1871161003", "name": "GUNUNGTERANG"}, "geometry": {"type": "Polygon", "coordinates": [[[105.246, -5.382], [105.229, -5.38], [105.227, -5.39], [105.246, -5.382]]]}}, {"type": "Feature", "properties": {"domain_id": "1872051002", "name": "MARGOREJO"}, "geometry": {"type": "Polygon", "coordinates": [[[105.312, -5.137], [105.297, -5.138], [105.281, -5.156], [105.289, -5.157], [105.312, -5.137]]]}}, {"type": "Feature", "properties": {"domain_id": "1811012007", "name": "TANJUNG SERAYAN"}, "geometry": {"type": "Polygon", "coordinates": [[[105.59, -3.952], [105.61, -3.941], [105.598, -3.923], [105.584, -3.937], [105.566, -3.931], [105.541, -3.946], [105.562, -3.976], [105.585, -3.958], [105.581, -3.953], [105.59, -3.952]]]}}, {"type": "Feature", "properties": {"domain_id": "1812011007", "name": "PANARAGAN JAYA"}, "geometry": {"type": "Polygon", "coordinates": [[[105.103, -4.544], [105.103, -4.536], [105.097, -4.535], [105.098, -4.522], [105.103, -4.522], [105.102, -4.514], [105.097, -4.514], [105.097, -4.497], [105.088, -4.497], [105.082, -4.507], [105.086, -4.541], [105.103, -4.544]]]}}, {"type": "Feature", "properties": {"domain_id": "1801052013", "name": "SINDANG SARI"}, "geometry": {"type": "Polygon", "coordinates": [[[105.415, -5.336], [105.398, -5.335], [105.389, -5.357], [105.375, -5.345], [105.37, -5.394], [105.412, -5.361], [105.404, -5.349], [105.415, -5.336]]]}}, {"type": "Feature", "properties": {"domain_id": "1801062026", "name": "NEGERI PANDAN"}, "geometry": {"type": "Polygon", "coordinates": [[[105.656, -5.684], [105.638, -5.694], [105.633, -5.708], [105.623, -5.712], [105.619, -5.723], [105.63, -5.738], [105.629, -5.724], [105.647, -5.708], [105.656, -5.684]]]}}, {"type": "Feature", "properties": {"domain_id": "1801082002", "name": "BABATAN"}, "geometry": {"type": "Polygon", "coordinates": [[[105.417, -5.554], [105.405, -5.519], [105.393, -5.525], [105.396, -5.533], [105.39, -5.538], [105.399, -5.55], [105.393, -5.569], [105.417, -5.554]]]}}, {"type": "Feature", "properties": {"domain_id": "1801082006", "name": "TANJUNG AGUNG"}, "geometry": {"type": "Polygon", "coordinates": [[[105.48, -5.496], [105.446, -5.501], [105.439, -5.555], [105.454, -5.552], [105.446, -5.539], [105.456, -5.525], [105.487, -5.522], [105.483, -5.513], [105.501, -5.512], [105.502, -5.499], [105.48, -5.496]]]}}, {"type": "Feature", "properties": {"domain_id": "1801082008", "name": "TRANS TANJUNGAN"}, "geometry": {"type": "Polygon", "coordinates": [[[105.487, -5.522], [105.477, -5.524], [105.476, -5.531], [105.486, -5.55], [105.499, -5.558], [105.504, -5.553], [105.526, -5.555], [105.528, -5.548], [105.511, -5.53], [105.487, -5.522]]]}}, {"type": "Feature", "properties": {"domain_id": "1801152005", "name": "SUMBER AGUNG"}, "geometry": {"type": "Polygon", "coordinates": [[[105.777, -5.665], [105.771, -5.667], [105.77, -5.647], [105.752, -5.668], [105.75, -5.685], [105.762, -5.69], [105.777, -5.685], [105.777, -5.665]]]}}, {"type": "Feature", "properties": {"domain_id": "1801142001", "name": "BANGUNREJO"}, "geometry": {"type": "Polygon", "coordinates": [[[105.79, -5.724], [105.775, -5.718], [105.77, -5.729], [105.743, -5.741], [105.746, -5.758], [105.771, -5.747], [105.784, -5.736], [105.783, -5.725], [105.79, -5.724]]]}}, {"type": "Feature", "properties": {"domain_id": "1801142006", "name": "TRI DHARMA YOGA"}, "geometry": {"type": "MultiPolygon", "coordinates": [[[[105.796, -5.768], [105.792, -5.76], [105.771, -5.774], [105.793, -5.781], [105.796, -5.768]]]]}}, {"type": "Feature", "properties": {"domain_id": "1801152002", "name": "BAKTIRASA"}, "geometry": {"type": "Polygon", "coordinates": [[[105.747, -5.631], [105.72, -5.627], [105.715, -5.633], [105.731, -5.645], [105.734, -5.678], [105.746, -5.672], [105.737, -5.657], [105.747, -5.631]]]}}, {"type": "Feature", "properties": {"domain_id": "1801152003", "name": "MANDALA SARI"}, "geometry": {"type": "Polygon", "coordinates": [[[105.72, -5.627], [105.711, -5.621], [105.707, -5.628], [105.713, -5.631], [105.706, -5.652], [105.733, -5.673], [105.731, -5.645], [105.715, -5.633], [105.72, -5.627]]]}}, {"type": "Feature", "properties": {"domain_id": "1801182002", "name": "SUBAN"}, "geometry": {"type": "Polygon", "coordinates": [[[105.387, -5.453], [105.377, -5.456], [105.389, -5.476], [105.399, -5.48], [105.44, -5.472], [105.421, -5.461], [105.403, -5.466], [105.387, -5.453]]]}}, {"type": "Feature", "properties": {"domain_id": "1801212001", "name": "SEMANAK"}, "geometry": {"type": "Polygon", "coordinates": [[[105.718, -5.802], [105.719, -5.797], [105.675, -5.805], [105.671, -5.812], [105.693, -5.814], [105.708, -5.836], [105.717, -5.826], [105.73, -5.824], [105.718, -5.802]]]}}, {"type": "Feature", "properties": {"domain_id": "1801222001", "name": "BANGUN SARI"}, "geometry": {"type": "Polygon", "coordinates": [[[105.539, -5.343], [105.509, -5.346], [105.51, -5.394], [105.53, -5.397], [105.523, -5.373], [105.539, -5.343]]]}}, {"type": "Feature", "properties": {"domain_id": "1801222008", "name": "MALANGSARI"}, "geometry": {"type": "Polygon", "coordinates": [[[105.482, -5.286], [105.474, -5.288], [105.473, -5.302], [105.466, -5.304], [105.461, -5.317], [105.469, -5.325], [105.496, -5.316], [105.509, -5.318], [105.484, -5.303], [105.482, -5.286]]]}}, {"type": "Feature", "properties": {"domain_id": "1802012016", "name": "AGUNG TIMUR"}, "geometry": {"type": "Polygon", "coordinates": [[[105.049, -5.207], [105.059, -5.194], [105.041, -5.185], [105.016, -5.206], [105.028, -5.218], [105.039, -5.217], [105.049, -5.207]]]}}, {"type": "Feature", "properties": {"domain_id": "1802022002", "name": "SIDO DADI"}, "geometry": {"type": "Polygon", "coordinates": [[[104.995, -5.15], [104.969, -5.148], [104.968, -5.161], [104.991, -5.161], [105.008, -5.17], [105.015, -5.154], [104.995, -5.15]]]}}, {"type": "Feature", "properties": {"domain_id": "1802022009", "name": "SUKA NEGARA"}, "geometry": {"type": "Polygon", "coordinates": [[[105.04, -5.091], [105.014, -5.109], [105.017, -5.116], [105.037, -5.12], [105.04, -5.091]]]}}, {"type": "Feature", "properties": {"domain_id": "1802051003", "name": "ADI PURO"}, "geometry": {"type": "Polygon", "coordinates": [[[105.26, -5.146], [105.251, -5.137], [105.232, -5.156], [105.223, -5.151], [105.224, -5.169], [105.235, -5.168], [105.243, -5.154], [105.26, -5.146]]]}}, {"type": "Feature", "properties": {"domain_id": "1805302010", "name": "CEMPAKA JAYA"}, "geometry": {"type": "Polygon", "coordinates": [[[105.327, -4.362], [105.305, -4.362], [105.302, -4.377], [105.293, -4.383], [105.315, -4.395], [105.314, -4.4], [105.326, -4.389], [105.327, -4.362]]]}}, {"type": "Feature", "properties": {"domain_id": "1802062009", "name": "SIDO MULYO"}, "geometry": {"type": "Polygon", "coordinates": [[[105.286, -5.0], [105.281, -4.991], [105.274, -4.999], [105.275, -5.014], [105.281, -5.017], [105.28, -5.049], [105.301, -5.027], [105.283, -5.014], [105.286, -5.0]]]}}, {"type": "Feature", "properties": {"domain_id": "1802092004", "name": "RESTU BARU"}, "geometry": {"type": "Polygon", "coordinates": [[[105.578, -4.735], [105.568, -4.733], [105.557, -4.746], [105.538, -4.753], [105.561, -4.765], [105.558, -4.774], [105.563, -4.779], [105.597, -4.763], [105.594, -4.752], [105.578, -4.754], [105.578, -4.735]]]}}, {"type": "Feature", "properties": {"domain_id": "1802112002", "name": "REJOSARI MATARAM"}, "geometry": {"type": "Polygon", "coordinates": [[[105.355, -4.843], [105.334, -4.833], [105.318, -4.846], [105.324, -4.847], [105.333, -4.869], [105.335, -4.858], [105.343, -4.86], [105.355, -4.843]]]}}, {"type": "Feature", "properties": {"domain_id": "1802112004", "name": "TRIMULYO MATARAM"}, "geometry": {"type": "Polygon", "coordinates": [[[105.345, -4.803], [105.324, -4.785], [105.301, -4.82], [105.314, -4.83], [105.316, -4.813], [105.323, -4.819], [105.322, -4.828], [105.327, -4.81], [105.345, -4.803]]]}}, {"type": "Feature", "properties": {"domain_id": "1802192007", "name": "PAYUNG REJO"}, "geometry": {"type": "Polygon", "coordinates": [[[104.897, -5.102], [104.897, -5.087], [104.891, -5.088], [104.892, -5.094], [104.878, -5.098], [104.877, -5.109], [104.9, -5.111], [104.897, -5.102]]]}}, {"type": "Feature", "properties": {"domain_id": "1802152004", "name": "KESUMA JAYA"}, "geometry": {"type": "Polygon", "coordinates": [[[105.156, -5.066], [105.144, -5.066], [105.143, -5.076], [105.171, -5.095], [105.175, -5.068], [105.156, -5.066]]]}}, {"type": "Feature", "properties": {"domain_id": "1802192011", "name": "TIAS BANGUN"}, "geometry": {"type": "Polygon", "coordinates": [[[104.873, -5.029], [104.86, -5.031], [104.86, -5.037], [104.882, -5.048], [104.914, -5.048], [104.913, -5.034], [104.873, -5.029]]]}}, {"type": "Feature", "properties": {"domain_id": "1808102004", "name": "SUKA NEGERI"}, "geometry": {"type": "Polygon", "coordinates": [[[104.593, -4.808], [104.582, -4.8], [104.571, -4.806], [104.561, -4.814], [104.562, -4.829], [104.593, -4.825], [104.587, -4.821], [104.593, -4.808]]]}}, {"type": "Feature", "properties": {"domain_id": "1802282009", "name": "MEKAR JAYA"}, "geometry": {"type": "Polygon", "coordinates": [[[105.636, -4.831], [105.623, -4.816], [105.604, -4.823], [105.603, -4.814], [105.596, -4.823], [105.585, -4.822], [105.575, -4.835], [105.58, -4.844], [105.593, -4.844], [105.627, -4.828], [105.636, -4.831]]]}}, {"type": "Feature", "properties": {"domain_id": "1802252006", "name": "SANGGA BUANA"}, "geometry": {"type": "Polygon", "coordinates": [[[105.497, -4.741], [105.492, -4.74], [105.487, -4.77], [105.508, -4.784], [105.514, -4.774], [105.511, -4.757], [105.497, -4.741]]]}}, {"type": "Feature", "properties": {"domain_id": "1802282001", "name": "BINA KARYA JAYA"}, "geometry": {"type": "Polygon", "coordinates": [[[105.586, -4.793], [105.571, -4.776], [105.555, -4.778], [105.539, -4.786], [105.523, -4.808], [105.545, -4.82], [105.553, -4.813], [105.581, -4.808], [105.586, -4.793]]]}}, {"type": "Feature", "properties": {"domain_id": "1803062006", "name": "OGAN LIMA"}, "geometry": {"type": "Polygon", "coordinates": [[[104.699, -4.858], [104.687, -4.857], [104.687, -4.865], [104.705, -4.872], [104.703, -4.877], [104.693, -4.877], [104.696, -4.893], [104.704, -4.895], [104.702, -4.883], [104.711, -4.884], [104.718, -4.876], [104.717, -4.861], [104.699, -4.858]]]}}, {"type": "Feature", "properties": {"domain_id": "1803082010", "name": "PADANG RATU"}, "geometry": {"type": "Polygon", "coordinates": [[[104.745, -4.66], [104.734, -4.655], [104.73, -4.67], [104.735, -4.672], [104.718, -4.679], [104.712, -4.701], [104.72, -4.7], [104.719, -4.689], [104.731, -4.687], [104.721, -4.681], [104.746, -4.671], [104.745, -4.66]]]}}, {"type": "Feature", "properties": {"domain_id": "1805132022", "name": "REJO SARI"}, "geometry": {"type": "Polygon", "coordinates": [[[105.466, -4.196], [105.435, -4.196], [105.433, -4.181], [105.431, -4.229], [105.456, -4.218], [105.466, -4.196]]]}}, {"type": "Feature", "properties": {"domain_id": "1803101011", "name": "TANJUNG HARAPAN"}, "geometry": {"type": "Polygon", "coordinates": [[[104.896, -4.838], [104.89, -4.832], [104.877, -4.84], [104.888, -4.851], [104.896, -4.838]]]}}, {"type": "Feature", "properties": {"domain_id": "1803092005", "name": "MARGO REJO"}, "geometry": {"type": "Polygon", "coordinates": [[[104.915, -4.733], [104.911, -4.713], [104.892, -4.724], [104.884, -4.765], [104.888, -4.774], [104.896, -4.769], [104.898, -4.759], [104.919, -4.756], [104.909, -4.747], [104.915, -4.733]]]}}, {"type": "Feature", "properties": {"domain_id": "1803152004", "name": "KARANG REJO II"}, "geometry": {"type": "Polygon", "coordinates": [[[104.955, -4.566], [104.964, -4.552], [104.95, -4.556], [104.945, -4.569], [104.955, -4.566]]]}}, {"type": "Feature", "properties": {"domain_id": "1803212001", "name": "SINAR HARAPAN"}, "geometry": {"type": "MultiPolygon", "coordinates": [[[[104.673, -4.776], [104.655, -4.783], [104.679, -4.798], [104.679, -4.792], [104.689, -4.794], [104.673, -4.776]]], [[[104.688, -4.798], [104.686, -4.796], [104.685, -4.797], [104.688, -4.798]]]]}}, {"type": "Feature", "properties": {"domain_id": "1803212004", "name": "TANJUNG JAYA"}, "geometry": {"type": "Polygon", "coordinates": [[[104.724, -4.738], [104.71, -4.741], [104.704, -4.736], [104.693, -4.745], [104.682, -4.742], [104.672, -4.748], [104.689, -4.763], [104.721, -4.752], [104.724, -4.738]]]}}, {"type": "Feature", "properties": {"domain_id": "1803232001", "name": "PAGAR"}, "geometry": {"type": "Polygon", "coordinates": [[[105.058, -4.876], [105.058, -4.871], [105.045, -4.88], [105.044, -4.9], [105.027, -4.904], [105.028, -4.911], [105.041, -4.921], [105.047, -4.914], [105.054, -4.917], [105.058, -4.876]]]}}, {"type": "Feature", "properties": {"domain_id": "1804092017", "name": "SIDO REJO"}, "geometry": {"type": "Polygon", "coordinates": [[[104.335, -5.326], [104.348, -5.341], [104.374, -5.329], [104.373, -5.319], [104.362, -5.311], [104.352, -5.316], [104.341, -5.313], [104.335, -5.326]]]}}, {"type": "Feature", "properties": {"domain_id": "1804182006", "name": "TRI BUDI MAKMUR"}, "geometry": {"type": "Polygon", "coordinates": [[[104.52, -5.051], [104.499, -5.047], [104.496, -5.061], [104.516, -5.067], [104.522, -5.062], [104.52, -5.051]]]}}, {"type": "Feature", "properties": {"domain_id": "1804202004", "name": "SIDOMULYO"}, "geometry": {"type": "Polygon", "coordinates": [[[104.339, -4.867], [104.326, -4.871], [104.282, -4.856], [104.288, -4.872], [104.28, -4.899], [104.293, -4.925], [104.304, -4.924], [104.305, -4.931], [104.332, -4.893], [104.35, -4.9], [104.352, -4.875], [104.339, -4.867]]]}}, {"type": "Feature", "properties": {"domain_id": "1804202008", "name": "BATU API"}, "geometry": {"type": "Polygon", "coordinates": [[[104.416, -4.872], [104.412, -4.864], [104.394, -4.871], [104.357, -4.871], [104.35, -4.882], [104.351, -4.912], [104.375, -4.929], [104.398, -4.881], [104.416, -4.872]]]}}, {"type": "Feature", "properties": {"domain_id": "1804222002", "name": "HENI  ARONG"}, "geometry": {"type": "Polygon", "coordinates": [[[103.936, -4.885], [103.864, -4.917], [103.915, -4.96], [103.923, -4.943], [103.918, -4.937], [103.93, -4.907], [103.961, -4.91], [103.936, -4.885]]]}}, {"type": "Feature", "properties": {"domain_id": "1811022002", "name": "SUNGAI CAMBAI"}, "geometry": {"type": "Polygon", "coordinates": [[[105.537, -3.994], [105.518, -4.0], [105.543, -4.028], [105.532, -4.037], [105.537, -4.044], [105.495, -4.072], [105.487, -4.067], [105.483, -4.054], [105.48, -4.057], [105.485, -4.064], [105.477, -4.082], [105.478, -4.135], [105.506, -4.138], [105.507, -4.166], [105.519, -4.166], [105.591, -4.063], [105.537, -3.994]]]}}, {"type": "Feature", "properties": {"domain_id": "1805022002", "name": "UJUNG GUNUNG ILIR"}, "geometry": {"type": "MultiPolygon", "coordinates": [[[[105.233, -4.462], [105.218, -4.449], [105.213, -4.464], [105.205, -4.462], [105.184, -4.473], [105.182, -4.495], [105.202, -4.482], [105.248, -4.481], [105.25, -4.502], [105.258, -4.496], [105.26, -4.503], [105.27, -4.504], [105.255, -4.49], [105.239, -4.46], [105.233, -4.462]]], [[[105.187, -4.518], [105.186, -4.521], [105.189, -4.522], [105.187, -4.518]]]]}}, {"type": "Feature", "properties": {"domain_id": "1805022002", "name": "UJUNG GUNUNG ILIR"}, "geometry": {"type": "Polygon", "coordinates": [[[105.246, -4.521], [105.232, -4.523], [105.226, -4.514], [105.188, -4.528], [105.186, -4.521], [105.184, -4.548], [105.208, -4.569], [105.221, -4.561], [105.214, -4.545], [105.221, -4.53], [105.24, -4.532], [105.246, -4.521]]]}}, {"type": "Feature", "properties": {"domain_id": "1805122009", "name": "BUMI RATU"}, "geometry": {"type": "Polygon", "coordinates": [[[105.689, -4.247], [105.687, -4.229], [105.651, -4.232], [105.65, -4.285], [105.662, -4.283], [105.662, -4.269], [105.672, -4.265], [105.682, -4.271], [105.682, -4.261], [105.691, -4.26], [105.689, -4.247]]]}}, {"type": "Feature", "properties": {"domain_id": "1806011002", "name": "PASAR MADANG"}, "geometry": {"type": "Polygon", "coordinates": [[[104.626, -5.498], [104.622, -5.493], [104.62, -5.502], [104.626, -5.504], [104.626, -5.498]]]}}, {"type": "Feature", "properties": {"domain_id": "1806092016", "name": "PUTIH DOH"}, "geometry": {"type": "Polygon", "coordinates": [[[104.88, -5.576], [104.873, -5.574], [104.859, -5.583], [104.862, -5.589], [104.854, -5.602], [104.863, -5.616], [104.881, -5.609], [104.88, -5.576]]]}}, {"type": "Feature", "properties": {"domain_id": "1806112004", "name": "TANJUNG HERAN"}, "geometry": {"type": "Polygon", "coordinates": [[[104.818, -5.328], [104.786, -5.332], [104.796, -5.342], [104.799, -5.363], [104.817, -5.361], [104.809, -5.347], [104.821, -5.332], [104.818, -5.328]]]}}, {"type": "Feature", "properties": {"domain_id": "1806112018", "name": "BANJAR AGUNG ILIR"}, "geometry": {"type": "Polygon", "coordinates": [[[104.839, -5.324], [104.824, -5.313], [104.825, -5.327], [104.818, -5.328], [104.825, -5.338], [104.82, -5.351], [104.827, -5.355], [104.827, -5.367], [104.833, -5.349], [104.83, -5.324], [104.839, -5.324]]]}}, {"type": "Feature", "properties": {"domain_id": "1806152016", "name": "PETAY KAYU"}, "geometry": {"type": "Polygon", "coordinates": [[[104.424, -5.23], [104.427, -5.217], [104.418, -5.208], [104.416, -5.177], [104.374, -5.199], [104.381, -5.213], [104.38, -5.238], [104.364, -5.281], [104.383, -5.272], [104.394, -5.258], [104.415, -5.252], [104.424, -5.23]]]}}, {"type": "Feature", "properties": {"domain_id": "1806172006", "name": "PENYANDINGAN"}, "geometry": {"type": "MultiPolygon", "coordinates": [[[[105.066, -5.659], [105.061, -5.665], [105.071, -5.679], [105.052, -5.696], [105.054, -5.703], [105.077, -5.711], [105.11, -5.75], [105.101, -5.73], [105.106, -5.721], [105.097, -5.706], [105.081, -5.712], [105.077, -5.66], [105.066, -5.659]]], [[[105.047, -5.724], [105.065, -5.73], [105.07, -5.739], [105.088, -5.733], [105.071, -5.715], [105.047, -5.724]]], [[[105.046, -5.724], [105.049, -5.717], [105.041, -5.712], [105.034, -5.719], [105.046, -5.724]]], [[[105.031, -5.726], [105.029, -5.728], [105.036, -5.732], [105.031, -5.726]]]]}}, {"type": "Feature", "properties": {"domain_id": "1806162015", "name": "MARTANDA"}, "geometry": {"type": "Polygon", "coordinates": [[[104.711, -5.836], [104.701, -5.833], [104.682, -5.844], [104.64, -5.836], [104.634, -5.843], [104.674, -5.85], [104.701, -5.864], [104.711, -5.836]]]}}, {"type": "Feature", "properties": {"domain_id": "1806172003", "name": "NAPAL"}, "geometry": {"type": "MultiPolygon", "coordinates": [[[[105.047, -5.694], [105.035, -5.688], [105.022, -5.694], [105.006, -5.726], [105.011, -5.725], [105.011, -5.733], [105.019, -5.725], [105.028, -5.728], [105.054, -5.703], [105.047, -5.694]]]]}}, {"type": "Feature", "properties": {"domain_id": "1806192005", "name": "MULANG MAYA"}, "geometry": {"type": "Polygon", "coordinates": [[[104.697, -5.494], [104.684, -5.491], [104.685, -5.505], [104.7, -5.506], [104.703, -5.498], [104.697, -5.494]]]}}, {"type": "Feature", "properties": {"domain_id": "1806192006", "name": "SUKABANJAR"}, "geometry": {"type": "MultiPolygon", "coordinates": [[[[104.743, -5.479], [104.741, -5.474], [104.725, -5.48], [104.7, -5.513], [104.684, -5.51], [104.685, -5.516], [104.709, -5.522], [104.728, -5.55], [104.76, -5.537], [104.751, -5.525], [104.765, -5.524], [104.766, -5.502], [104.756, -5.501], [104.758, -5.484], [104.745, -5.484], [104.743, -5.479]]]]}}, {"type": "Feature", "properties": {"domain_id": "1806202004", "name": "PURWODADI"}, "geometry": {"type": "Polygon", "coordinates": [[[104.743, -5.424], [104.73, -5.418], [104.745, -5.434], [104.743, -5.424]]]}}, {"type": "Feature", "properties": {"domain_id": "1806202006", "name": "GISTING ATAS"}, "geometry": {"type": "Polygon", "coordinates": [[[104.743, -5.448], [104.727, -5.431], [104.714, -5.431], [104.704, -5.423], [104.681, -5.435], [104.725, -5.446], [104.727, -5.459], [104.737, -5.465], [104.743, -5.448]]]}}, {"type": "Feature", "properties": {"domain_id": "1806252007", "name": "SIMPANG BAYUR"}, "geometry": {"type": "Polygon", "coordinates": [[[104.46, -5.396], [104.455, -5.392], [104.45, -5.422], [104.463, -5.437], [104.47, -5.414], [104.46, -5.396]]]}}, {"type": "Feature", "properties": {"domain_id": "1811042018", "name": "KARANG MULYA"}, "geometry": {"type": "Polygon", "coordinates": [[[105.119, -4.221], [105.114, -4.201], [105.096, -4.213], [105.101, -4.227], [105.119, -4.221]]]}}, {"type": "Feature", "properties": {"domain_id": "1808042008", "name": "SUKOSARI"}, "geometry": {"type": "Polygon", "coordinates": [[[104.582, -4.683], [104.571, -4.671], [104.574, -4.663], [104.557, -4.667], [104.556, -4.688], [104.566, -4.692], [104.582, -4.683]]]}}, {"type": "Feature", "properties": {"domain_id": "1811052002", "name": "BUDI AJI"}, "geometry": {"type": "Polygon", "coordinates": [[[105.247, -3.967], [105.228, -3.965], [105.226, -3.988], [105.211, -3.973], [105.216, -3.991], [105.247, -3.995], [105.247, -3.967]]]}}, {"type": "Feature", "properties": {"domain_id": "1807032002", "name": "ASAHAN"}, "geometry": {"type": "Polygon", "coordinates": [[[105.711, -5.499], [105.693, -5.502], [105.687, -5.497], [105.673, -5.502], [105.683, -5.507], [105.68, -5.521], [105.687, -5.525], [105.686, -5.534], [105.697, -5.534], [105.693, -5.544], [105.716, -5.552], [105.722, -5.556], [105.719, -5.562], [105.729, -5.561], [105.727, -5.566], [105.734, -5.565], [105.732, -5.573], [105.739, -5.572], [105.74, -5.577], [105.745, -5.574], [105.738, -5.566], [105.743, -5.563], [105.724, -5.543], [105.705, -5.508], [105.711, -5.499]]]}}, {"type": "Feature", "properties": {"domain_id": "1807032014", "name": "BETENGSARI"}, "geometry": {"type": "Polygon", "coordinates": [[[105.735, -5.487], [105.715, -5.489], [105.725, -5.536], [105.728, -5.498], [105.735, -5.487]]]}}, {"type": "Feature", "properties": {"domain_id": "1807062007", "name": "NAMPIREJO"}, "geometry": {"type": "Polygon", "coordinates": [[[105.393, -5.15], [105.373, -5.149], [105.365, -5.157], [105.342, -5.151], [105.341, -5.155], [105.39, -5.162], [105.393, -5.15]]]}}, {"type": "Feature", "properties": {"domain_id": "1807072008", "name": "SRI REJOSARI"}, "geometry": {"type": "Polygon", "coordinates": [[[105.691, -5.186], [105.69, -5.181], [105.677, -5.181], [105.684, -5.201], [105.674, -5.203], [105.671, -5.219], [105.692, -5.212], [105.691, -5.186]]]}}, {"type": "Feature", "properties": {"domain_id": "1807102005", "name": "SUMBER AGUNG"}, "geometry": {"type": "Polygon", "coordinates": [[[105.295, -5.174], [105.291, -5.169], [105.283, -5.172], [105.281, -5.203], [105.293, -5.202], [105.295, -5.174]]]}}, {"type": "Feature", "properties": {"domain_id": "1807212005", "name": "LABUHAN RATU VI"}, "geometry": {"type": "Polygon", "coordinates": [[[105.858, -5.054], [105.778, -5.051], [105.71, -5.101], [105.705, -5.102], [105.702, -5.09], [105.664, -5.103], [105.697, -5.13], [105.715, -5.128], [105.742, -5.119], [105.782, -5.077], [105.857, -5.075], [105.858, -5.054]]]}}, {"type": "Feature", "properties": {"domain_id": "1807212007", "name": "RAJABASA LAMA I"}, "geometry": {"type": "Polygon", "coordinates": [[[105.866, -4.99], [105.756, -4.965], [105.675, -5.031], [105.668, -5.061], [105.671, -5.081], [105.681, -5.085], [105.698, -5.065], [105.77, -5.008], [105.862, -5.017], [105.866, -4.99]]]}}, {"type": "Feature", "properties": {"domain_id": "1807132003", "name": "TULUNG BALAK"}, "geometry": {"type": "Polygon", "coordinates": [[[105.362, -4.965], [105.354, -4.98], [105.337, -4.99], [105.336, -5.012], [105.352, -4.999], [105.362, -4.965]]]}}, {"type": "Feature", "properties": {"domain_id": "1807202005", "name": "JEMBRANA"}, "geometry": {"type": "Polygon", "coordinates": [[[105.575, -5.351], [105.553, -5.369], [105.533, -5.349], [105.523, -5.374], [105.536, -5.383], [105.551, -5.377], [105.552, -5.398], [105.594, -5.393], [105.598, -5.383], [105.587, -5.374], [105.582, -5.379], [105.575, -5.351]]]}}, {"type": "Feature", "properties": {"domain_id": "1807202008", "name": "MEKAR KARYA"}, "geometry": {"type": "Polygon", "coordinates": [[[105.594, -5.393], [105.552, -5.398], [105.553, -5.413], [105.571, -5.431], [105.582, -5.427], [105.591, -5.412], [105.598, -5.415], [105.611, -5.401], [105.609, -5.396], [105.594, -5.393]]]}}, {"type": "Feature", "properties": {"domain_id": "1808032003", "name": "SUMBER BARU"}, "geometry": {"type": "Polygon", "coordinates": [[[104.521, -4.82], [104.506, -4.817], [104.497, -4.848], [104.507, -4.846], [104.521, -4.82]]]}}, {"type": "Feature", "properties": {"domain_id": "1807232004", "name": "TOTO MULYO"}, "geometry": {"type": "Polygon", "coordinates": [[[105.508, -4.916], [105.495, -4.911], [105.493, -4.944], [105.518, -4.943], [105.505, -4.936], [105.502, -4.921], [105.508, -4.916]]]}}, {"type": "Feature", "properties": {"domain_id": "1808021004", "name": "KASUI PASAR"}, "geometry": {"type": "Polygon", "coordinates": [[[104.484, -4.694], [104.469, -4.687], [104.455, -4.697], [104.456, -4.711], [104.452, -4.714], [104.479, -4.742], [104.49, -4.736], [104.477, -4.706], [104.484, -4.694]]]}}, {"type": "Feature", "properties": {"domain_id": "1808031006", "name": "PASAR BANJIT"}, "geometry": {"type": "Polygon", "coordinates": [[[104.5, -4.801], [104.509, -4.793], [104.508, -4.785], [104.496, -4.793], [104.484, -4.79], [104.484, -4.796], [104.5, -4.801]]]}}, {"type": "Feature", "properties": {"domain_id": "1808042021", "name": "BANJAR MULYA"}, "geometry": {"type": "Polygon", "coordinates": [[[104.519, -4.772], [104.505, -4.769], [104.508, -4.782], [104.535, -4.793], [104.539, -4.788], [104.532, -4.776], [104.519, -4.772]]]}}, {"type": "Feature", "properties": {"domain_id": "1808072014", "name": "WAY LIMAU"}, "geometry": {"type": "Polygon", "coordinates": [[[104.612, -4.61], [104.617, -4.633], [104.611, -4.629], [104.601, -4.648], [104.616, -4.651], [104.629, -4.647], [104.631, -4.659], [104.637, -4.658], [104.643, -4.644], [104.633, -4.627], [104.612, -4.61]]]}}, {"type": "Feature", "properties": {"domain_id": "1808082012", "name": "BUKIT HARAPAN"}, "geometry": {"type": "Polygon", "coordinates": [[[104.381, -4.506], [104.357, -4.502], [104.352, -4.506], [104.337, -4.489], [104.327, -4.497], [104.329, -4.514], [104.311, -4.513], [104.323, -4.556], [104.335, -4.557], [104.341, -4.602], [104.343, -4.586], [104.351, -4.581], [104.358, -4.558], [104.377, -4.534], [104.381, -4.506]]]}}, {"type": "Feature", "properties": {"domain_id": "1808122008", "name": "PAGAR IMAN"}, "geometry": {"type": "Polygon", "coordinates": [[[105.045, -4.451], [105.07, -4.436], [105.067, -4.426], [105.055, -4.418], [105.03, -4.426], [105.033, -4.448], [105.04, -4.456], [105.045, -4.451]]]}}, {"type": "Feature", "properties": {"domain_id": "1809092003", "name": "PADANG CERMIN"}, "geometry": {"type": "Polygon", "coordinates": [[[104.983, -5.518], [104.98, -5.498], [104.963, -5.498], [104.956, -5.522], [104.975, -5.525], [104.983, -5.518]]]}}, {"type": "Feature", "properties": {"domain_id": "1808132009", "name": "WAY AGUNG"}, "geometry": {"type": "Polygon", "coordinates": [[[104.521, -4.274], [104.508, -4.28], [104.515, -4.291], [104.513, -4.312], [104.52, -4.311], [104.527, -4.288], [104.533, -4.286], [104.534, -4.275], [104.521, -4.274]]]}}, {"type": "Feature", "properties": {"domain_id": "1808152011", "name": "BRATAYUDHA"}, "geometry": {"type": "Polygon", "coordinates": [[[104.558, -4.624], [104.566, -4.611], [104.577, -4.613], [104.572, -4.608], [104.586, -4.6], [104.565, -4.59], [104.566, -4.605], [104.562, -4.617], [104.556, -4.618], [104.558, -4.624]]]}}, {"type": "Feature", "properties": {"domain_id": "1809022005", "name": "NEGERI KATON"}, "geometry": {"type": "Polygon", "coordinates": [[[105.118, -5.296], [105.086, -5.296], [105.087, -5.317], [105.08, -5.323], [105.1, -5.324], [105.101, -5.332], [105.109, -5.332], [105.117, -5.324], [105.118, -5.296]]]}}, {"type": "Feature", "properties": {"domain_id": "1809022007", "name": "HALANGAN RATU"}, "geometry": {"type": "Polygon", "coordinates": [[[105.138, -5.265], [105.127, -5.259], [105.125, -5.24], [105.107, -5.253], [105.108, -5.267], [105.086, -5.296], [105.121, -5.296], [105.138, -5.265]]]}}, {"type": "Feature", "properties": {"domain_id": "1812042013", "name": "TERANG BUMI AGUNG"}, "geometry": {"type": "Polygon", "coordinates": [[[105.089, -4.301], [105.069, -4.298], [105.069, -4.314], [105.098, -4.32], [105.097, -4.303], [105.089, -4.301]]]}}, {"type": "Feature", "properties": {"domain_id": "1809032003", "name": "BATANG HARI OGAN"}, "geometry": {"type": "Polygon", "coordinates": [[[105.224, -5.168], [105.213, -5.16], [105.199, -5.179], [105.201, -5.19], [105.213, -5.189], [105.219, -5.179], [105.225, -5.184], [105.258, -5.179], [105.241, -5.168], [105.224, -5.168]]]}}, {"type": "Feature", "properties": {"domain_id": "1809032011", "name": "PANCA BAKTI"}, "geometry": {"type": "Polygon", "coordinates": [[[105.083, -5.117], [105.072, -5.134], [105.079, -5.143], [105.077, -5.148], [105.087, -5.154], [105.104, -5.14], [105.095, -5.135], [105.084, -5.143], [105.083, -5.117]]]}}, {"type": "Feature", "properties": {"domain_id": "1809032014", "name": "KOTA AGUNG"}, "geometry": {"type": "Polygon", "coordinates": [[[105.193, -5.141], [105.18, -5.136], [105.171, -5.146], [105.172, -5.153], [105.196, -5.155], [105.193, -5.141]]]}}, {"type": "Feature", "properties": {"domain_id": "1809062006", "name": "KOTA JAWA"}, "geometry": {"type": "Polygon", "coordinates": [[[105.168, -5.718], [105.16, -5.728], [105.167, -5.74], [105.174, -5.731], [105.168, -5.731], [105.168, -5.718]]]}}, {"type": "Feature", "properties": {"domain_id": "1809062019", "name": "PULAU LEGUNDI"}, "geometry": {"type": "MultiPolygon", "coordinates": [[[[105.292, -5.8], [105.291, -5.788], [105.278, -5.814], [105.272, -5.815], [105.271, -5.805], [105.26, -5.819], [105.251, -5.821], [105.25, -5.814], [105.228, -5.831], [105.285, -5.839], [105.295, -5.819], [105.308, -5.82], [105.306, -5.808], [105.292, -5.8]]], [[[105.231, -5.839], [105.232, -5.838], [105.231, -5.838], [105.231, -5.839]]], [[[105.234, -5.836], [105.233, -5.836], [105.234, -5.837], [105.234, -5.836]]], [[[105.319, -5.824], [105.311, -5.829], [105.319, -5.831], [105.319, -5.824]]], [[[105.395, -5.822], [105.394, -5.82], [105.394, -5.821], [105.395, -5.822]]], [[[105.342, -5.812], [105.339, -5.82], [105.346, -5.826], [105.342, -5.812]]], [[[105.248, -5.797], [105.249, -5.792], [105.242, -5.797], [105.248, -5.797]]], [[[105.278, -5.791], [105.276, -5.794], [105.279, -5.794], [105.278, -5.791]]], [[[105.313, -5.784], [105.306, -5.795], [105.322, -5.807], [105.325, -5.823], [105.334, -5.821], [105.313, -5.784]]], [[[105.312, -5.781], [105.312, -5.783], [105.312, -5.782], [105.312, -5.781]]]]}}, {"type": "Feature", "properties": {"domain_id": "1809102010", "name": "TANJUNG AGUNG"}, "geometry": {"type": "Polygon", "coordinates": [[[105.225, -5.453], [105.216, -5.445], [105.202, -5.461], [105.181, -5.471], [105.163, -5.463], [105.157, -5.449], [105.154, -5.462], [105.16, -5.477], [105.151, -5.475], [105.127, -5.495], [105.173, -5.51], [105.186, -5.496], [105.196, -5.499], [105.215, -5.49], [105.226, -5.473], [105.225, -5.453]]]}}, {"type": "Feature", "properties": {"domain_id": "1810022013", "name": "KEDIRI"}, "geometry": {"type": "Polygon", "coordinates": [[[105.032, -5.332], [105.025, -5.343], [105.033, -5.351], [105.031, -5.362], [105.042, -5.347], [105.032, -5.332]]]}}, {"type": "Feature", "properties": {"domain_id": "1810062005", "name": "BANJAREJO"}, "geometry": {"type": "Polygon", "coordinates": [[[104.925, -5.304], [104.892, -5.313], [104.899, -5.316], [104.909, -5.34], [104.917, -5.339], [104.921, -5.33], [104.942, -5.336], [104.944, -5.325], [104.925, -5.304]]]}}, {"type": "Feature", "properties": {"domain_id": "1810072003", "name": "SINARWAYAH"}, "geometry": {"type": "Polygon", "coordinates": [[[104.969, -5.263], [104.977, -5.249], [104.966, -5.246], [104.941, -5.261], [104.941, -5.274], [104.969, -5.263]]]}}, {"type": "Feature", "properties": {"domain_id": "1810092002", "name": "KEMILIN"}, "geometry": {"type": "Polygon", "coordinates": [[[104.864, -5.304], [104.86, -5.31], [104.848, -5.309], [104.841, -5.322], [104.864, -5.339], [104.862, -5.325], [104.87, -5.317], [104.864, -5.304]]]}}, {"type": "Feature", "properties": {"domain_id": "1811012004", "name": "NIPAH KUNING"}, "geometry": {"type": "Polygon", "coordinates": [[[105.431, -3.825], [105.437, -3.789], [105.422, -3.779], [105.382, -3.846], [105.405, -3.866], [105.408, -3.846], [105.431, -3.825]]]}}, {"type": "Feature", "properties": {"domain_id": "1811052003", "name": "MARGO RAHAYU"}, "geometry": {"type": "Polygon", "coordinates": [[[105.241, -3.906], [105.23, -3.89], [105.205, -3.891], [105.178, -3.907], [105.165, -3.938], [105.177, -3.942], [105.181, -3.96], [105.181, -3.923], [105.19, -3.923], [105.197, -3.96], [105.22, -3.959], [105.221, -3.973], [105.216, -3.973], [105.226, -3.988], [105.228, -3.965], [105.247, -3.967], [105.233, -3.958], [105.241, -3.906]]]}}, {"type": "Feature", "properties": {"domain_id": "1812042017", "name": "MULYO JADI"}, "geometry": {"type": "Polygon", "coordinates": [[[105.066, -4.325], [105.048, -4.33], [105.048, -4.317], [105.038, -4.316], [105.04, -4.344], [105.067, -4.345], [105.066, -4.325]]]}}, {"type": "Feature", "properties": {"domain_id": "1812092008", "name": "TOTO KATON"}, "geometry": {"type": "Polygon", "coordinates": [[[105.045, -4.351], [105.033, -4.357], [105.019, -4.35], [105.02, -4.368], [105.045, -4.375], [105.045, -4.351]]]}}, {"type": "Feature", "properties": {"domain_id": "1813022012", "name": "BANGUN NEGARA"}, "geometry": {"type": "Polygon", "coordinates": [[[104.048, -5.359], [104.038, -5.359], [104.033, -5.366], [104.059, -5.381], [104.047, -5.37], [104.053, -5.362], [104.048, -5.359]]]}}, {"type": "Feature", "properties": {"domain_id": "1813052012", "name": "ASAHAN WAY SINDI"}, "geometry": {"type": "Polygon", "coordinates": [[[103.916, -4.975], [103.892, -4.972], [103.871, -5.003], [103.877, -5.026], [103.876, -5.055], [103.868, -5.065], [103.844, -5.076], [103.846, -5.086], [103.866, -5.073], [103.878, -5.078], [103.92, -5.039], [103.925, -5.002], [103.933, -4.999], [103.933, -4.992], [103.916, -4.975]]]}}, {"type": "Feature", "properties": {"domain_id": "1813092001", "name": "SUMBER AGUNG"}, "geometry": {"type": "Polygon", "coordinates": [[[104.124, -5.403], [104.117, -5.388], [104.106, -5.403], [104.092, -5.402], [104.092, -5.409], [104.071, -5.406], [104.116, -5.435], [104.122, -5.429], [104.124, -5.403]]]}}, {"type": "Feature", "properties": {"domain_id": "1813092009", "name": "BUMI RATU"}, "geometry": {"type": "Polygon", "coordinates": [[[104.275, -5.306], [104.27, -5.297], [104.235, -5.311], [104.226, -5.32], [104.219, -5.343], [104.184, -5.362], [104.144, -5.396], [104.144, -5.409], [104.156, -5.428], [104.167, -5.423], [104.164, -5.413], [104.171, -5.412], [104.162, -5.405], [104.169, -5.396], [104.229, -5.35], [104.253, -5.316], [104.275, -5.306]]]}}, {"type": "Feature", "properties": {"domain_id": "1871041004", "name": "PIDADA"}, "geometry": {"type": "Polygon", "coordinates": [[[105.327, -5.451], [105.313, -5.461], [105.324, -5.47], [105.328, -5.469], [105.327, -5.451]]]}}, {"type": "Feature", "properties": {"domain_id": "1871051004", "name": "KEBON JERUK"}, "geometry": {"type": "Polygon", "coordinates": [[[105.266, -5.409], [105.262, -5.409], [105.262, -5.415], [105.266, -5.409]]]}}, {"type": "Feature", "properties": {"domain_id": "1871081005", "name": "BAKUNG"}, "geometry": {"type": "Polygon", "coordinates": [[[105.242, -5.449], [105.226, -5.452], [105.223, -5.464], [105.228, -5.457], [105.254, -5.457], [105.242, -5.449]]]}}, {"type": "Feature", "properties": {"domain_id": "1871091004", "name": "KUPANG TEBA"}, "geometry": {"type": "Polygon", "coordinates": [[[105.273, -5.434], [105.265, -5.437], [105.272, -5.446], [105.273, -5.434]]]}}, {"type": "Feature", "properties": {"domain_id": "1871081008", "name": "SUKARAME II"}, "geometry": {"type": "Polygon", "coordinates": [[[105.246, -5.44], [105.24, -5.434], [105.216, -5.437], [105.209, -5.445], [105.189, -5.446], [105.184, -5.451], [105.198, -5.453], [105.217, -5.445], [105.225, -5.453], [105.242, -5.449], [105.246, -5.44]]]}}, {"type": "Feature", "properties": {"domain_id": "1871111001", "name": "TANJUNG SENANG"}, "geometry": {"type": "Polygon", "coordinates": [[[105.283, -5.36], [105.276, -5.364], [105.27, -5.353], [105.267, -5.366], [105.284, -5.371], [105.283, -5.36]]]}}, {"type": "Feature", "properties": {"domain_id": "1871161001", "name": "LANGKAPURA"}, "geometry": {"type": "Polygon", "coordinates": [[[105.229, -5.38], [105.221, -5.377], [105.222, -5.394], [105.236, -5.395], [105.227, -5.39], [105.229, -5.38]]]}}, {"type": "Feature", "properties": {"domain_id": "1871181001", "name": "KEDAMAIAN"}, "geometry": {"type": "Polygon", "coordinates": [[[105.276, -5.406], [105.269, -5.409], [105.279, -5.417], [105.276, -5.406]]]}}, {"type": "Feature", "properties": {"domain_id": "1871181006", "name": "TANJUNGRAYA"}, "geometry": {"type": "Polygon", "coordinates": [[[105.286, -5.422], [105.281, -5.418], [105.269, -5.423], [105.286, -5.422]]]}}, {"type": "Feature", "properties": {"domain_id": "1872051001", "name": "REJOMULYO"}, "geometry": {"type": "Polygon", "coordinates": [[[105.327, -5.156], [105.318, -5.151], [105.302, -5.155], [105.297, -5.166], [105.317, -5.172], [105.322, -5.165], [105.33, -5.168], [105.327, -5.156]]]}}, {"type": "Feature", "properties": {"domain_id": "1801062022", "name": "GUNUNG TERANG"}, "geometry": {"type": "Polygon", "coordinates": [[[105.563, -5.651], [105.543, -5.639], [105.535, -5.645], [105.531, -5.642], [105.529, -5.649], [105.546, -5.666], [105.563, -5.651]]]}}, {"type": "Feature", "properties": {"domain_id": "1801092026", "name": "GANDRI"}, "geometry": {"type": "Polygon", "coordinates": [[[105.71, -5.689], [105.701, -5.683], [105.703, -5.716], [105.728, -5.707], [105.722, -5.686], [105.71, -5.689]]]}}, {"type": "Feature", "properties": {"domain_id": "1801152001", "name": "KUALA SEKAMPUNG"}, "geometry": {"type": "Polygon", "coordinates": [[[105.774, -5.621], [105.775, -5.613], [105.766, -5.619], [105.76, -5.615], [105.764, -5.603], [105.753, -5.607], [105.748, -5.637], [105.768, -5.638], [105.774, -5.621]]]}}, {"type": "Feature", "properties": {"domain_id": "1801142016", "name": "SIDOLUHUR"}, "geometry": {"type": "Polygon", "coordinates": [[[105.745, -5.821], [105.733, -5.835], [105.756, -5.852], [105.745, -5.821]]]}}, {"type": "Feature", "properties": {"domain_id": "1801162006", "name": "CUGUNG"}, "geometry": {"type": "Polygon", "coordinates": [[[105.651, -5.796], [105.645, -5.799], [105.654, -5.802], [105.664, -5.83], [105.671, -5.812], [105.662, -5.799], [105.651, -5.796]]]}}, {"type": "Feature", "properties": {"domain_id": "1801182005", "name": "KARANG RAJA"}, "geometry": {"type": "Polygon", "coordinates": [[[105.435, -5.477], [105.403, -5.481], [105.389, -5.476], [105.381, -5.478], [105.378, -5.489], [105.393, -5.49], [105.414, -5.503], [105.435, -5.477]]]}}, {"type": "Feature", "properties": {"domain_id": "1801222002", "name": "PURWODADI DALAM"}, "geometry": {"type": "Polygon", "coordinates": [[[105.447, -5.35], [105.413, -5.363], [105.42, -5.394], [105.439, -5.398], [105.458, -5.393], [105.461, -5.37], [105.474, -5.371], [105.474, -5.363], [105.448, -5.361], [105.447, -5.35]]]}}, {"type": "Feature", "properties": {"domain_id": "1806132004", "name": "TEGAL BINANGUN"}, "geometry": {"type": "Polygon", "coordinates": [[[104.729, -5.35], [104.712, -5.351], [104.711, -5.361], [104.729, -5.362], [104.729, -5.35]]]}}, {"type": "Feature", "properties": {"domain_id": "1802032018", "name": "KARANG SARI"}, "geometry": {"type": "Polygon", "coordinates": [[[104.936, -5.038], [104.955, -5.036], [104.949, -5.025], [104.913, -5.024], [104.913, -5.034], [104.936, -5.038]]]}}, {"type": "Feature", "properties": {"domain_id": "1802042014", "name": "GUNUNG SARI"}, "geometry": {"type": "Polygon", "coordinates": [[[105.234, -4.991], [105.233, -4.98], [105.218, -4.976], [105.21, -4.986], [105.228, -5.006], [105.223, -5.033], [105.234, -5.037], [105.246, -5.021], [105.245, -5.008], [105.231, -5.008], [105.234, -4.991]]]}}, {"type": "Feature", "properties": {"domain_id": "1802062001", "name": "NUNGGAL REJO"}, "geometry": {"type": "MultiPolygon", "coordinates": [[[[105.275, -5.061], [105.268, -5.074], [105.278, -5.085], [105.294, -5.074], [105.275, -5.061]]], [[[105.281, -5.022], [105.278, -5.022], [105.28, -5.03], [105.281, -5.022]]]]}}, {"type": "Feature", "properties": {"domain_id": "1802092003", "name": "RUKTI BASUKI"}, "geometry": {"type": "Polygon", "coordinates": [[[105.563, -4.779], [105.558, -4.774], [105.561, -4.765], [105.538, -4.753], [105.52, -4.775], [105.535, -4.795], [105.539, -4.786], [105.563, -4.779]]]}}, {"type": "Feature", "properties": {"domain_id": "1802192010", "name": "SEGALA MIDER"}, "geometry": {"type": "Polygon", "coordinates": [[[104.888, -5.048], [104.866, -5.04], [104.867, -5.047], [104.849, -5.057], [104.853, -5.067], [104.871, -5.071], [104.879, -5.067], [104.883, -5.071], [104.888, -5.048]]]}}, {"type": "Feature", "properties": {"domain_id": "1802202012", "name": "GEDUNG AJI"}, "geometry": {"type": "Polygon", "coordinates": [[[104.779, -5.042], [104.769, -5.034], [104.747, -5.049], [104.729, -5.051], [104.726, -5.058], [104.76, -5.064], [104.767, -5.053], [104.776, -5.054], [104.779, -5.042]]]}}, {"type": "Feature", "properties": {"domain_id": "1802212002", "name": "JAYA SAKTI"}, "geometry": {"type": "Polygon", "coordinates": [[[105.093, -5.067], [105.086, -5.048], [105.082, -5.057], [105.06, -5.066], [105.05, -5.089], [105.065, -5.092], [105.067, -5.085], [105.076, -5.093], [105.084, -5.092], [105.093, -5.067]]]}}, {"type": "Feature", "properties": {"domain_id": "1802262004", "name": "CEMPAKA PUTIH"}, "geometry": {"type": "Polygon", "coordinates": [[[105.816, -4.684], [105.766, -4.694], [105.767, -4.736], [105.776, -4.742], [105.784, -4.74], [105.796, -4.754], [105.811, -4.752], [105.815, -4.745], [105.804, -4.723], [105.81, -4.706], [105.82, -4.705], [105.819, -4.696], [105.815, -4.697], [105.816, -4.684]]]}}, {"type": "Feature", "properties": {"domain_id": "1803072018", "name": "CABANG ABUNG RAYA"}, "geometry": {"type": "Polygon", "coordinates": [[[104.904, -4.959], [104.886, -4.96], [104.881, -4.973], [104.895, -4.979], [104.906, -4.975], [104.904, -4.959]]]}}, {"type": "Feature", "properties": {"domain_id": "1803132007", "name": "GUNUNG SARI"}, "geometry": {"type": "Polygon", "coordinates": [[[105.117, -4.768], [105.109, -4.757], [105.104, -4.761], [105.083, -4.753], [105.07, -4.764], [105.068, -4.779], [105.081, -4.81], [105.097, -4.809], [105.117, -4.768]]]}}, {"type": "Feature", "properties": {"domain_id": "1803152003", "name": "KARANG SARI"}, "geometry": {"type": "Polygon", "coordinates": [[[104.985, -4.556], [104.981, -4.537], [104.967, -4.541], [104.961, -4.552], [104.964, -4.558], [104.955, -4.566], [104.987, -4.57], [104.985, -4.556]]]}}, {"type": "Feature", "properties": {"domain_id": "1803172007", "name": "GEDUNG MAKRIFAT"}, "geometry": {"type": "Polygon", "coordinates": [[[104.673, -4.655], [104.663, -4.647], [104.661, -4.636], [104.656, -4.647], [104.637, -4.657], [104.659, -4.673], [104.673, -4.655]]]}}, {"type": "Feature", "properties": {"domain_id": "1804042002", "name": "KUBU PERAHU"}, "geometry": {"type": "Polygon", "coordinates": [[[104.072, -5.032], [104.054, -5.049], [104.02, -5.053], [104.003, -5.098], [104.024, -5.092], [104.046, -5.094], [104.067, -5.101], [104.081, -5.119], [104.089, -5.114], [104.099, -5.085], [104.087, -5.071], [104.091, -5.044], [104.072, -5.032]]]}}, {"type": "Feature", "properties": {"domain_id": "1804182009", "name": "MUARA BARU"}, "geometry": {"type": "Polygon", "coordinates": [[[104.535, -5.094], [104.534, -5.08], [104.516, -5.089], [104.534, -5.103], [104.535, -5.094]]]}}, {"type": "Feature", "properties": {"domain_id": "1811022006", "name": "EKA MULYA"}, "geometry": {"type": "Polygon", "coordinates": [[[105.518, -4.0], [105.48, -3.998], [105.48, -4.024], [105.496, -4.024], [105.503, -4.031], [105.525, -4.012], [105.518, -4.0]]]}}, {"type": "Feature", "properties": {"domain_id": "1805302001", "name": "LEBUH DALEM"}, "geometry": {"type": "Polygon", "coordinates": [[[105.264, -4.391], [105.259, -4.372], [105.243, -4.381], [105.255, -4.402], [105.244, -4.397], [105.23, -4.414], [105.225, -4.411], [105.225, -4.417], [105.213, -4.416], [105.213, -4.422], [105.262, -4.419], [105.269, -4.401], [105.264, -4.391]]]}}, {"type": "Feature", "properties": {"domain_id": "1806022025", "name": "SUKA BANDUNG"}, "geometry": {"type": "Polygon", "coordinates": [[[104.794, -5.34], [104.792, -5.355], [104.786, -5.357], [104.795, -5.37], [104.801, -5.366], [104.793, -5.351], [104.794, -5.34]]]}}, {"type": "Feature", "properties": {"domain_id": "1806022028", "name": "NEGERI AGUNG"}, "geometry": {"type": "Polygon", "coordinates": [[[104.791, -5.339], [104.786, -5.334], [104.757, -5.352], [104.784, -5.358], [104.791, -5.339]]]}}, {"type": "Feature", "properties": {"domain_id": "1806032021", "name": "KUNYAYAN"}, "geometry": {"type": "Polygon", "coordinates": [[[104.519, -5.432], [104.515, -5.428], [104.506, -5.478], [104.523, -5.449], [104.525, -5.436], [104.519, -5.432]]]}}, {"type": "Feature", "properties": {"domain_id": "1806092006", "name": "TANJUNG JATI"}, "geometry": {"type": "MultiPolygon", "coordinates": [[[[104.93, -5.642], [104.92, -5.648], [104.922, -5.659], [104.933, -5.645], [104.93, -5.642]]], [[[104.932, -5.654], [104.929, -5.655], [104.934, -5.656], [104.932, -5.654]]]]}}, {"type": "Feature", "properties": {"domain_id": "1806122010", "name": "SUDIMORO"}, "geometry": {"type": "Polygon", "coordinates": [[[104.495, -5.474], [104.481, -5.478], [104.487, -5.492], [104.5, -5.483], [104.495, -5.474]]]}}, {"type": "Feature", "properties": {"domain_id": "1806122012", "name": "SRI PURNOMO"}, "geometry": {"type": "Polygon", "coordinates": [[[104.484, -5.457], [104.476, -5.452], [104.469, -5.458], [104.478, -5.47], [104.487, -5.462], [104.484, -5.457]]]}}, {"type": "Feature", "properties": {"domain_id": "1806162007", "name": "TANJUNGAN"}, "geometry": {"type": "Polygon", "coordinates": [[[104.54, -5.529], [104.527, -5.544], [104.511, -5.543], [104.497, -5.565], [104.484, -5.571], [104.484, -5.58], [104.494, -5.582], [104.486, -5.595], [104.49, -5.608], [104.507, -5.563], [104.535, -5.549], [104.531, -5.543], [104.543, -5.534], [104.54, -5.529]]]}}, {"type": "Feature", "properties": {"domain_id": "1806202001", "name": "BANJAR MANIS"}, "geometry": {"type": "Polygon", "coordinates": [[[104.747, -5.4], [104.741, -5.399], [104.739, -5.407], [104.745, -5.433], [104.754, -5.429], [104.747, -5.4]]]}}, {"type": "Feature", "properties": {"domain_id": "1806242007", "name": "PEKON AMPAI"}, "geometry": {"type": "Polygon", "coordinates": [[[104.846, -5.555], [104.836, -5.553], [104.836, -5.564], [104.791, -5.579], [104.812, -5.591], [104.843, -5.584], [104.858, -5.593], [104.864, -5.578], [104.846, -5.555]]]}}, {"type": "Feature", "properties": {"domain_id": "1806252005", "name": "BANDING"}, "geometry": {"type": "Polygon", "coordinates": [[[104.464, -5.439], [104.462, -5.446], [104.464, -5.451], [104.464, -5.439]]]}}, {"type": "Feature", "properties": {"domain_id": "1807012004", "name": "RAJABASA BATANGHARI"}, "geometry": {"type": "Polygon", "coordinates": [[[105.502, -5.084], [105.503, -5.072], [105.489, -5.07], [105.49, -5.048], [105.473, -5.049], [105.468, -5.092], [105.502, -5.09], [105.502, -5.084]]]}}, {"type": "Feature", "properties": {"domain_id": "1807052017", "name": "MEKAR SARI"}, "geometry": {"type": "Polygon", "coordinates": [[[105.516, -5.117], [105.509, -5.106], [105.494, -5.129], [105.507, -5.136], [105.516, -5.117]]]}}, {"type": "Feature", "properties": {"domain_id": "1807112008", "name": "JAYA GUNA"}, "geometry": {"type": "Polygon", "coordinates": [[[105.479, -5.229], [105.473, -5.227], [105.459, -5.237], [105.457, -5.248], [105.465, -5.255], [105.465, -5.264], [105.481, -5.267], [105.486, -5.274], [105.489, -5.266], [105.48, -5.249], [105.489, -5.248], [105.479, -5.229]], [[105.479, -5.241], [105.48, -5.238], [105.481, -5.239], [105.479, -5.241]]]}}, {"type": "Feature", "properties": {"domain_id": "1807122001", "name": "PUGUNG RAHARJO"}, "geometry": {"type": "Polygon", "coordinates": [[[105.592, -5.299], [105.587, -5.285], [105.547, -5.3], [105.564, -5.304], [105.592, -5.299]]]}}, {"type": "Feature", "properties": {"domain_id": "1807142002", "name": "NYAMPIR"}, "geometry": {"type": "Polygon", "coordinates": [[[105.529, -5.116], [105.519, -5.08], [105.511, -5.097], [105.511, -5.115], [105.529, -5.116]]]}}, {"type": "Feature", "properties": {"domain_id": "1807132010", "name": "BUMI JAWA"}, "geometry": {"type": "Polygon", "coordinates": [[[105.46, -5.009], [105.448, -5.008], [105.433, -5.019], [105.424, -5.037], [105.426, -5.056], [105.449, -5.03], [105.453, -5.039], [105.467, -5.026], [105.475, -5.036], [105.479, -5.033], [105.475, -5.013], [105.465, -5.014], [105.46, -5.009]]]}}, {"type": "Feature", "properties": {"domain_id": "1810052010", "name": "BUMI RATU"}, "geometry": {"type": "Polygon", "coordinates": [[[104.922, -5.33], [104.908, -5.345], [104.918, -5.363], [104.924, -5.362], [104.929, -5.346], [104.922, -5.33]]]}}, {"type": "Feature", "properties": {"domain_id": "1809112004", "name": "CERINGIN ASRI"}, "geometry": {"type": "Polygon", "coordinates": [[[105.042, -5.553], [105.039, -5.545], [105.034, -5.547], [105.031, -5.565], [105.021, -5.565], [105.024, -5.576], [105.041, -5.587], [105.055, -5.585], [105.058, -5.598], [105.072, -5.603], [105.066, -5.578], [105.05, -5.576], [105.042, -5.553]]]}}, {"type": "Feature", "properties": {"domain_id": "1810032004", "name": "SUMBER AGUNG"}, "geometry": {"type": "Polygon", "coordinates": [[[104.937, -5.405], [104.913, -5.416], [104.939, -5.417], [104.944, -5.423], [104.944, -5.407], [104.937, -5.405]]]}}, {"type": "Feature", "properties": {"domain_id": "1810092006", "name": "GIRI TUNGGAL"}, "geometry": {"type": "Polygon", "coordinates": [[[104.902, -5.288], [104.888, -5.275], [104.861, -5.28], [104.886, -5.284], [104.895, -5.293], [104.902, -5.288]]]}}, {"type": "Feature", "properties": {"domain_id": "1810052008", "name": "KARANGSARI"}, "geometry": {"type": "Polygon", "coordinates": [[[104.934, -5.379], [104.908, -5.379], [104.908, -5.389], [104.902, -5.391], [104.91, -5.394], [104.919, -5.386], [104.944, -5.391], [104.944, -5.38], [104.934, -5.379]]]}}, {"type": "Feature", "properties": {"domain_id": "1813042008", "name": "KERBANG LANGGAR"}, "geometry": {"type": "Polygon", "coordinates": [[[103.805, -4.997], [103.772, -5.019], [103.771, -5.027], [103.779, -5.031], [103.788, -5.013], [103.805, -4.997]]]}}, {"type": "Feature", "properties": {"domain_id": "1810052011", "name": "PANUTAN"}, "geometry": {"type": "Polygon", "coordinates": [[[104.898, -5.357], [104.892, -5.356], [104.891, -5.371], [104.907, -5.364], [104.898, -5.357]]]}}, {"type": "Feature", "properties": {"domain_id": "1810072007", "name": "TRI TUNGGAL MULYA"}, "geometry": {"type": "Polygon", "coordinates": [[[105.055, -5.25], [105.034, -5.249], [105.03, -5.286], [105.036, -5.286], [105.037, -5.277], [105.045, -5.27], [105.038, -5.259], [105.055, -5.259], [105.055, -5.25]]]}}, {"type": "Feature", "properties": {"domain_id": "1811012002", "name": "WIRALAGA II"}, "geometry": {"type": "Polygon", "coordinates": [[[105.53, -3.896], [105.512, -3.875], [105.527, -3.848], [105.52, -3.839], [105.492, -3.841], [105.479, -3.88], [105.467, -3.88], [105.468, -3.898], [105.45, -3.898], [105.447, -3.908], [105.46, -3.932], [105.45, -3.935], [105.455, -3.943], [105.462, -3.94], [105.473, -3.961], [105.451, -3.972], [105.451, -3.981], [105.469, -3.98], [105.47, -4.001], [105.524, -4.0], [105.523, -3.968], [105.493, -3.93], [105.509, -3.923], [105.511, -3.908], [105.53, -3.896]]]}}, {"type": "Feature", "properties": {"domain_id": "1811062006", "name": "FAJAR INDAH"}, "geometry": {"type": "Polygon", "coordinates": [[[105.314, -3.898], [105.314, -3.872], [105.292, -3.878], [105.279, -3.872], [105.262, -3.887], [105.259, -3.908], [105.3, -3.908], [105.3, -3.898], [105.314, -3.898]]]}}, {"type": "Feature", "properties": {"domain_id": "1812032005", "name": "GUNUNG KATUN MALAI"}, "geometry": {"type": "MultiPolygon", "coordinates": [[[[105.038, -4.507], [105.022, -4.503], [105.006, -4.508], [105.019, -4.515], [105.046, -4.518], [105.042, -4.506], [105.041, -4.511], [105.038, -4.507]]], [[[105.047, -4.521], [105.023, -4.521], [105.035, -4.533], [105.049, -4.532], [105.047, -4.521]]]]}}, {"type": "Feature", "properties": {"domain_id": "1812042002", "name": "TOTO MULYO"}, "geometry": {"type": "Polygon", "coordinates": [[[105.069, -4.314], [105.069, -4.298], [105.048, -4.299], [105.048, -4.305], [105.037, -4.311], [105.038, -4.316], [105.048, -4.317], [105.048, -4.33], [105.064, -4.327], [105.069, -4.314]]]}}, {"type": "Feature", "properties": {"domain_id": "1812072009", "name": "GILANG TUNGGAL MAKARTA"}, "geometry": {"type": "Polygon", "coordinates": [[[105.207, -4.381], [105.191, -4.387], [105.2, -4.405], [105.214, -4.408], [105.218, -4.392], [105.207, -4.381]]]}}, {"type": "Feature", "properties": {"domain_id": "1812082005", "name": "BUJUNG SARI MARGA"}, "geometry": {"type": "Polygon", "coordinates": [[[105.197, -4.403], [105.184, -4.397], [105.194, -4.391], [105.186, -4.382], [105.169, -4.381], [105.166, -4.369], [105.167, -4.381], [105.153, -4.381], [105.15, -4.424], [105.197, -4.403]]]}}, {"type": "Feature", "properties": {"domain_id": "1811052006", "name": "AGUNG BATIN"}, "geometry": {"type": "Polygon", "coordinates": [[[105.164, -4.012], [105.147, -4.01], [105.147, -4.002], [105.133, -4.002], [105.132, -3.994], [105.113, -4.001], [105.115, -4.013], [105.136, -4.025], [105.165, -4.025], [105.164, -4.012]]]}}, {"type": "Feature", "properties": {"domain_id": "1813032013", "name": "PARDA HAGA"}, "geometry": {"type": "Polygon", "coordinates": [[[103.68, -4.971], [103.67, -4.95], [103.657, -4.99], [103.669, -4.989], [103.68, -4.971]]]}}, {"type": "Feature", "properties": {"domain_id": "1813052003", "name": "WAY SINDI"}, "geometry": {"type": "Polygon", "coordinates": [[[103.973, -4.983], [103.973, -4.969], [103.946, -4.974], [103.959, -4.991], [103.96, -5.017], [103.947, -5.045], [103.943, -5.077], [103.908, -5.125], [103.914, -5.131], [103.932, -5.118], [103.927, -5.107], [103.934, -5.09], [103.954, -5.074], [103.954, -5.046], [103.972, -5.028], [103.973, -4.983]]]}}, {"type": "Feature", "properties": {"domain_id": "1813072005", "name": "ULU KRUI"}, "geometry": {"type": "Polygon", "coordinates": [[[103.949, -5.153], [103.944, -5.154], [103.998, -5.162], [103.975, -5.153], [103.949, -5.153]]]}}, {"type": "Feature", "properties": {"domain_id": "1871021003", "name": "SUKARAME"}, "geometry": {"type": "Polygon", "coordinates": [[[105.309, -5.394], [105.307, -5.376], [105.288, -5.388], [105.289, -5.394], [105.309, -5.394]]]}}, {"type": "Feature", "properties": {"domain_id": "1871031011", "name": "SEGALAMIDER"}, "geometry": {"type": "Polygon", "coordinates": [[[105.247, -5.384], [105.24, -5.387], [105.239, -5.397], [105.252, -5.394], [105.254, -5.384], [105.247, -5.384]]]}}, {"type": "Feature", "properties": {"domain_id": "1871151006", "name": "JAGABAYA III"}, "geometry": {"type": "Polygon", "coordinates": [[[105.283, -5.392], [105.269, -5.404], [105.278, -5.405], [105.283, -5.392]]]}}, {"type": "Feature", "properties": {"domain_id": "1812012005", "name": "PENUMANGAN"}, "geometry": {"type": "Polygon", "coordinates": [[[105.196, -4.467], [105.148, -4.454], [105.134, -4.435], [105.127, -4.451], [105.122, -4.437], [105.112, -4.436], [105.119, -4.449], [105.11, -4.454], [105.118, -4.496], [105.126, -4.499], [105.126, -4.516], [105.137, -4.517], [105.135, -4.495], [105.154, -4.491], [105.158, -4.532], [105.175, -4.529], [105.184, -4.473], [105.196, -4.467]]]}}, {"type": "Feature", "properties": {"domain_id": "1812012006", "name": "PENUMANGAN BARU"}, "geometry": {"type": "Polygon", "coordinates": [[[105.158, -4.532], [105.158, -4.494], [105.142, -4.49], [105.142, -4.496], [105.135, -4.495], [105.137, -4.525], [105.158, -4.532]]]}}, {"type": "Feature", "properties": {"domain_id": "1812062005", "name": "INDRALOKA I"}, "geometry": {"type": "Polygon", "coordinates": [[[105.194, -4.2], [105.189, -4.183], [105.144, -4.2], [105.155, -4.216], [105.16, -4.214], [105.157, -4.202], [105.162, -4.201], [105.17, -4.217], [105.186, -4.211], [105.184, -4.204], [105.194, -4.2]]]}}, {"type": "Feature", "properties": {"domain_id": "1813022006", "name": "PAGAR DALAM"}, "geometry": {"type": "MultiPolygon", "coordinates": [[[[104.025, -5.279], [104.015, -5.283], [104.013, -5.295], [104.027, -5.294], [104.03, -5.281], [104.025, -5.279]]], [[[104.012, -5.293], [104.008, -5.293], [104.007, -5.296], [104.012, -5.293]]]]}}, {"type": "Feature", "properties": {"domain_id": "1813032005", "name": "CAHYA NEGERI"}, "geometry": {"type": "Polygon", "coordinates": [[[103.727, -4.942], [103.698, -4.939], [103.7, -4.96], [103.713, -4.966], [103.723, -4.959], [103.727, -4.942]]]}}, {"type": "Feature", "properties": {"domain_id": "1813042010", "name": "BATU RAJA"}, "geometry": {"type": "Polygon", "coordinates": [[[103.871, -5.003], [103.838, -4.997], [103.819, -5.027], [103.816, -5.053], [103.833, -5.062], [103.853, -5.033], [103.862, -5.036], [103.877, -5.026], [103.871, -5.003]]]}}, {"type": "Feature", "properties": {"domain_id": "1813082001", "name": "BALAI KENCANA"}, "geometry": {"type": "Polygon", "coordinates": [[[103.968, -5.24], [103.978, -5.23], [103.98, -5.204], [103.969, -5.208], [103.951, -5.243], [103.968, -5.24]]]}}, {"type": "Feature", "properties": {"domain_id": "1871151003", "name": "GUNUNGSULAH"}, "geometry": {"type": "Polygon", "coordinates": [[[105.27, -5.387], [105.265, -5.385], [105.272, -5.398], [105.28, -5.392], [105.27, -5.387]]]}}, {"type": "Feature", "properties": {"domain_id": "1872041004", "name": "YOSOREJO"}, "geometry": {"type": "Polygon", "coordinates": [[[105.319, -5.109], [105.315, -5.107], [105.312, -5.117], [105.324, -5.118], [105.319, -5.109]]]}}, {"type": "Feature", "properties": {"domain_id": "1801052006", "name": "SINAR OGAN"}, "geometry": {"type": "MultiPolygon", "coordinates": [[[[105.416, -5.436], [105.408, -5.434], [105.39, -5.452], [105.401, -5.453], [105.407, -5.444], [105.416, -5.45], [105.425, -5.441], [105.416, -5.436]]], [[[105.497, -5.42], [105.484, -5.421], [105.493, -5.424], [105.497, -5.42]]]]}}, {"type": "Feature", "properties": {"domain_id": "1806032003", "name": "DADIREJO"}, "geometry": {"type": "Polygon", "coordinates": [[[104.546, -5.496], [104.531, -5.489], [104.526, -5.493], [104.549, -5.51], [104.546, -5.496]]]}}, {"type": "Feature", "properties": {"domain_id": "1801052021", "name": "GALIH LUNIK"}, "geometry": {"type": "Polygon", "coordinates": [[[105.381, -5.417], [105.373, -5.41], [105.358, -5.412], [105.371, -5.441], [105.387, -5.434], [105.389, -5.444], [105.396, -5.446], [105.411, -5.434], [105.393, -5.429], [105.381, -5.417]]]}}, {"type": "Feature", "properties": {"domain_id": "1801072004", "name": "SUKA BANJAR"}, "geometry": {"type": "Polygon", "coordinates": [[[105.514, -5.583], [105.488, -5.585], [105.486, -5.59], [105.485, -5.585], [105.466, -5.584], [105.447, -5.595], [105.445, -5.588], [105.442, -5.596], [105.467, -5.602], [105.481, -5.613], [105.506, -5.6], [105.514, -5.583]]]}}, {"type": "Feature", "properties": {"domain_id": "1801082009", "name": "NEGLASARI"}, "geometry": {"type": "Polygon", "coordinates": [[[105.472, -5.459], [105.464, -5.462], [105.466, -5.455], [105.451, -5.46], [105.432, -5.48], [105.447, -5.502], [105.479, -5.497], [105.481, -5.474], [105.496, -5.475], [105.495, -5.465], [105.489, -5.462], [105.485, -5.468], [105.48, -5.457], [105.472, -5.459]]]}}, {"type": "Feature", "properties": {"domain_id": "1801172008", "name": "BERINGIN KENCANA"}, "geometry": {"type": "Polygon", "coordinates": [[[105.622, -5.501], [105.606, -5.507], [105.606, -5.494], [105.599, -5.497], [105.599, -5.486], [105.591, -5.488], [105.589, -5.5], [105.578, -5.512], [105.579, -5.528], [105.586, -5.52], [105.617, -5.513], [105.622, -5.501]]]}}, {"type": "Feature", "properties": {"domain_id": "1801132007", "name": "MARGA AGUNG"}, "geometry": {"type": "Polygon", "coordinates": [[[105.348, -5.299], [105.299, -5.321], [105.332, -5.326], [105.333, -5.335], [105.34, -5.336], [105.348, -5.33], [105.348, -5.299]]]}}, {"type": "Feature", "properties": {"domain_id": "1801172012", "name": "TRIMOMUKTI"}, "geometry": {"type": "Polygon", "coordinates": [[[105.658, -5.53], [105.653, -5.536], [105.627, -5.527], [105.596, -5.555], [105.612, -5.571], [105.629, -5.568], [105.642, -5.554], [105.66, -5.554], [105.658, -5.53]]]}}, {"type": "Feature", "properties": {"domain_id": "1801172005", "name": "WAY GELAM"}, "geometry": {"type": "Polygon", "coordinates": [[[105.581, -5.553], [105.563, -5.55], [105.567, -5.563], [105.561, -5.573], [105.58, -5.575], [105.581, -5.553]]]}}, {"type": "Feature", "properties": {"domain_id": "1804042008", "name": "WATES"}, "geometry": {"type": "Polygon", "coordinates": [[[104.13, -5.007], [104.121, -5.004], [104.111, -5.022], [104.1, -5.015], [104.099, -5.024], [104.129, -5.031], [104.125, -5.016], [104.13, -5.007]]]}}, {"type": "Feature", "properties": {"domain_id": "1802012001", "name": "SRI WAY LANGSEP"}, "geometry": {"type": "Polygon", "coordinates": [[[104.939, -5.24], [104.914, -5.237], [104.91, -5.248], [104.916, -5.263], [104.928, -5.266], [104.939, -5.24]]]}}, {"type": "Feature", "properties": {"domain_id": "1802012005", "name": "WATU AGUNG"}, "geometry": {"type": "Polygon", "coordinates": [[[105.047, -5.178], [105.012, -5.171], [105.004, -5.19], [105.011, -5.199], [105.022, -5.201], [105.047, -5.178]]]}}, {"type": "Feature", "properties": {"domain_id": "1802012010", "name": "SRI DADI"}, "geometry": {"type": "Polygon", "coordinates": [[[104.963, -5.187], [104.953, -5.208], [104.971, -5.208], [104.975, -5.202], [104.977, -5.188], [104.963, -5.187]]]}}, {"type": "Feature", "properties": {"domain_id": "1802022004", "name": "CIMARIAS"}, "geometry": {"type": "Polygon", "coordinates": [[[105.079, -5.144], [105.061, -5.141], [105.047, -5.148], [105.036, -5.143], [105.045, -5.155], [105.047, -5.176], [105.079, -5.144]]]}}, {"type": "Feature", "properties": {"domain_id": "1802032005", "name": "MARGOREJO"}, "geometry": {"type": "Polygon", "coordinates": [[[104.985, -5.073], [104.973, -5.077], [104.984, -5.096], [104.966, -5.114], [104.973, -5.128], [104.985, -5.127], [104.99, -5.109], [105.015, -5.092], [105.001, -5.078], [104.985, -5.073]]]}}, {"type": "Feature", "properties": {"domain_id": "1802042004", "name": "KOMERING PUTIH"}, "geometry": {"type": "Polygon", "coordinates": [[[105.168, -4.98], [105.152, -4.982], [105.137, -4.993], [105.131, -5.013], [105.139, -5.027], [105.164, -5.019], [105.174, -4.996], [105.167, -4.992], [105.168, -4.98]]]}}, {"type": "Feature", "properties": {"domain_id": "1802042002", "name": "TERBANGGI AGUNG"}, "geometry": {"type": "Polygon", "coordinates": [[[105.192, -5.003], [105.186, -5.008], [105.188, -5.017], [105.174, -5.029], [105.184, -5.035], [105.197, -5.034], [105.195, -5.025], [105.225, -5.024], [105.226, -5.014], [105.192, -5.003]]]}}, {"type": "Feature", "properties": {"domain_id": "1802052002", "name": "LIMAN BENAWI"}, "geometry": {"type": "Polygon", "coordinates": [[[105.272, -5.142], [105.243, -5.154], [105.235, -5.168], [105.263, -5.162], [105.276, -5.146], [105.272, -5.142]]]}}, {"type": "Feature", "properties": {"domain_id": "1802062007", "name": "MOJOPAHIT"}, "geometry": {"type": "Polygon", "coordinates": [[[105.266, -4.984], [105.266, -4.979], [105.254, -4.98], [105.232, -4.992], [105.23, -5.0], [105.244, -5.004], [105.251, -4.998], [105.26, -5.0], [105.266, -4.984]]]}}, {"type": "Feature", "properties": {"domain_id": "1802102006", "name": "SANGGAR BUANA"}, "geometry": {"type": "Polygon", "coordinates": [[[105.547, -4.835], [105.539, -4.836], [105.533, -4.855], [105.499, -4.851], [105.504, -4.877], [105.52, -4.894], [105.537, -4.894], [105.537, -4.886], [105.548, -4.899], [105.555, -4.894], [105.551, -4.879], [105.568, -4.876], [105.557, -4.865], [105.553, -4.846], [105.546, -4.845], [105.547, -4.835]]]}}, {"type": "Feature", "properties": {"domain_id": "1802112003", "name": "QURNIA MATARAM"}, "geometry": {"type": "Polygon", "coordinates": [[[105.322, -4.828], [105.323, -4.819], [105.316, -4.813], [105.314, -4.83], [105.301, -4.819], [105.291, -4.827], [105.316, -4.847], [105.332, -4.834], [105.322, -4.828]]]}}, {"type": "Feature", "properties": {"domain_id": "1802112011", "name": "SUBING KARYA"}, "geometry": {"type": "Polygon", "coordinates": [[[105.423, -4.772], [105.415, -4.766], [105.404, -4.781], [105.399, -4.777], [105.384, -4.796], [105.389, -4.801], [105.383, -4.808], [105.39, -4.811], [105.399, -4.796], [105.428, -4.778], [105.423, -4.772]]]}}, {"type": "Feature", "properties": {"domain_id": "1802142003", "name": "SUKA JADI"}, "geometry": {"type": "Polygon", "coordinates": [[[105.227, -5.103], [105.214, -5.096], [105.2, -5.106], [105.209, -5.109], [105.208, -5.116], [105.222, -5.118], [105.222, -5.124], [105.227, -5.103]], [[105.226, -5.103], [105.223, -5.109], [105.222, -5.104], [105.226, -5.103]]]}}, {"type": "Feature", "properties": {"domain_id": "1802142006", "name": "BUMI RATU"}, "geometry": {"type": "Polygon", "coordinates": [[[105.214, -5.061], [105.177, -5.059], [105.171, -5.095], [105.21, -5.099], [105.217, -5.089], [105.215, -5.078], [105.203, -5.074], [105.214, -5.061]]]}}, {"type": "Feature", "properties": {"domain_id": "1802142009", "name": "SIDO WARAS"}, "geometry": {"type": "Polygon", "coordinates": [[[105.236, -5.033], [105.233, -5.042], [105.219, -5.049], [105.226, -5.06], [105.242, -5.059], [105.243, -5.042], [105.236, -5.033]]]}}, {"type": "Feature", "properties": {"domain_id": "1802172007", "name": "BANJAR REJO"}, "geometry": {"type": "Polygon", "coordinates": [[[105.069, -4.942], [105.078, -4.936], [105.067, -4.909], [105.044, -4.936], [105.039, -4.957], [105.069, -4.942]]]}}, {"type": "Feature", "properties": {"domain_id": "1802182001", "name": "SRIWIJAYA MATARAM"}, "geometry": {"type": "Polygon", "coordinates": [[[105.464, -4.741], [105.455, -4.739], [105.443, -4.757], [105.423, -4.772], [105.429, -4.777], [105.416, -4.791], [105.446, -4.777], [105.461, -4.783], [105.467, -4.778], [105.469, -4.764], [105.484, -4.755], [105.464, -4.741]]]}}, {"type": "Feature", "properties": {"domain_id": "1802202007", "name": "GEDUNG HARTA"}, "geometry": {"type": "Polygon", "coordinates": [[[104.844, -5.037], [104.828, -5.029], [104.796, -5.046], [104.81, -5.039], [104.827, -5.048], [104.844, -5.037]]]}}, {"type": "Feature", "properties": {"domain_id": "1802202009", "name": "NEGERI AGUNG"}, "geometry": {"type": "Polygon", "coordinates": [[[104.865, -4.981], [104.837, -4.975], [104.823, -4.98], [104.832, -5.01], [104.844, -5.013], [104.86, -5.006], [104.854, -4.994], [104.848, -4.998], [104.865, -4.981]]]}}, {"type": "Feature", "properties": {"domain_id": "1802222004", "name": "SENDANG RETNO"}, "geometry": {"type": "Polygon", "coordinates": [[[104.887, -5.169], [104.856, -5.177], [104.86, -5.202], [104.888, -5.177], [104.887, -5.169]]]}}, {"type": "Feature", "properties": {"domain_id": "1802242005", "name": "BUMI NABUNG TIMUR"}, "geometry": {"type": "Polygon", "coordinates": [[[105.597, -4.674], [105.578, -4.67], [105.571, -4.678], [105.559, -4.707], [105.558, -4.724], [105.564, -4.728], [105.563, -4.712], [105.602, -4.687], [105.597, -4.674]]]}}, {"type": "Feature", "properties": {"domain_id": "1803021005", "name": "KOTABUMI PASAR"}, "geometry": {"type": "Polygon", "coordinates": [[[104.882, -4.818], [104.878, -4.818], [104.883, -4.82], [104.882, -4.818]]]}}, {"type": "Feature", "properties": {"domain_id": "1803042001", "name": "KARANG WARINGIN"}, "geometry": {"type": "Polygon", "coordinates": [[[104.704, -4.995], [104.699, -4.985], [104.683, -4.99], [104.689, -5.005], [104.697, -5.008], [104.704, -4.995]]]}}, {"type": "Feature", "properties": {"domain_id": "1807152001", "name": "SRIBHAWONO"}, "geometry": {"type": "Polygon", "coordinates": [[[105.761, -5.314], [105.755, -5.303], [105.721, -5.306], [105.716, -5.319], [105.735, -5.316], [105.737, -5.324], [105.758, -5.323], [105.761, -5.314]]]}}, {"type": "Feature", "properties": {"domain_id": "1803072012", "name": "ABUNG JAYO"}, "geometry": {"type": "Polygon", "coordinates": [[[104.951, -4.818], [104.937, -4.802], [104.947, -4.814], [104.939, -4.815], [104.937, -4.822], [104.93, -4.82], [104.921, -4.85], [104.938, -4.853], [104.941, -4.833], [104.952, -4.827], [104.946, -4.82], [104.951, -4.818]]]}}, {"type": "Feature", "properties": {"domain_id": "1803082019", "name": "NEGARA RATU"}, "geometry": {"type": "MultiPolygon", "coordinates": [[[[104.741, -4.609], [104.722, -4.611], [104.702, -4.635], [104.725, -4.653], [104.745, -4.66], [104.749, -4.641], [104.761, -4.622], [104.75, -4.61], [104.741, -4.609]]], [[[104.686, -4.687], [104.683, -4.689], [104.696, -4.692], [104.686, -4.687]]]]}}, {"type": "Feature", "properties": {"domain_id": "1803082023", "name": "KOTA NEGARA"}, "geometry": {"type": "Polygon", "coordinates": [[[104.767, -4.576], [104.76, -4.581], [104.753, -4.578], [104.737, -4.607], [104.749, -4.609], [104.775, -4.628], [104.792, -4.618], [104.829, -4.634], [104.821, -4.627], [104.821, -4.612], [104.808, -4.612], [104.805, -4.602], [104.798, -4.603], [104.787, -4.591], [104.781, -4.604], [104.763, -4.605], [104.758, -4.598], [104.767, -4.576]]]}}, {"type": "Feature", "properties": {"domain_id": "1803082024", "name": "BANGUN JAYA"}, "geometry": {"type": "Polygon", "coordinates": [[[104.714, -4.666], [104.711, -4.672], [104.715, -4.678], [104.727, -4.671], [104.714, -4.666]]]}}, {"type": "Feature", "properties": {"domain_id": "1804192002", "name": "SEMARANG JAYA"}, "geometry": {"type": "Polygon", "coordinates": [[[104.43, -5.075], [104.425, -5.057], [104.409, -5.058], [104.41, -5.074], [104.416, -5.079], [104.412, -5.091], [104.424, -5.087], [104.43, -5.075]]]}}, {"type": "Feature", "properties": {"domain_id": "1804062006", "name": "SUKARAME"}, "geometry": {"type": "Polygon", "coordinates": [[[104.239, -5.032], [104.219, -5.013], [104.196, -5.021], [104.202, -5.041], [104.195, -5.05], [104.208, -5.048], [104.215, -5.032], [104.226, -5.052], [104.239, -5.032]]]}}, {"type": "Feature", "properties": {"domain_id": "1804192003", "name": "SUMBER ALAM"}, "geometry": {"type": "Polygon", "coordinates": [[[104.424, -5.087], [104.413, -5.092], [104.416, -5.107], [104.406, -5.109], [104.402, -5.116], [104.413, -5.109], [104.426, -5.114], [104.42, -5.097], [104.424, -5.087]]]}}, {"type": "Feature", "properties": {"domain_id": "1803112006", "name": "SUBIK"}, "geometry": {"type": "Polygon", "coordinates": [[[104.781, -4.95], [104.781, -4.939], [104.776, -4.947], [104.767, -4.947], [104.759, -4.958], [104.762, -4.971], [104.755, -4.981], [104.769, -4.97], [104.772, -4.98], [104.781, -4.98], [104.786, -4.964], [104.777, -4.957], [104.781, -4.95]]]}}, {"type": "Feature", "properties": {"domain_id": "1803132004", "name": "PAPAN ASRI"}, "geometry": {"type": "Polygon", "coordinates": [[[105.083, -4.811], [105.068, -4.78], [105.057, -4.811], [105.063, -4.82], [105.058, -4.84], [105.063, -4.843], [105.073, -4.818], [105.083, -4.811]]]}}, {"type": "Feature", "properties": {"domain_id": "1803152008", "name": "BANJAR RATU"}, "geometry": {"type": "Polygon", "coordinates": [[[105.007, -4.631], [104.995, -4.636], [104.979, -4.626], [104.975, -4.635], [104.959, -4.639], [104.969, -4.651], [104.991, -4.648], [104.994, -4.653], [105.004, -4.65], [105.011, -4.639], [105.007, -4.631]]]}}, {"type": "Feature", "properties": {"domain_id": "1803182003", "name": "MELUNGUN RATU"}, "geometry": {"type": "Polygon", "coordinates": [[[104.795, -4.669], [104.781, -4.659], [104.777, -4.668], [104.772, -4.666], [104.769, -4.687], [104.781, -4.694], [104.795, -4.669]]]}}, {"type": "Feature", "properties": {"domain_id": "1810011005", "name": "PRINGSEWU TIMUR"}, "geometry": {"type": "Polygon", "coordinates": [[[104.977, -5.356], [104.982, -5.37], [104.987, -5.358], [104.977, -5.356]]]}}, {"type": "Feature", "properties": {"domain_id": "1803222003", "name": "SABUK EMPAT"}, "geometry": {"type": "Polygon", "coordinates": [[[104.799, -4.851], [104.777, -4.849], [104.785, -4.881], [104.795, -4.882], [104.81, -4.866], [104.799, -4.851]]]}}, {"type": "Feature", "properties": {"domain_id": "1804152003", "name": "CIPTAWARAS"}, "geometry": {"type": "Polygon", "coordinates": [[[104.472, -5.105], [104.465, -5.123], [104.47, -5.146], [104.489, -5.133], [104.485, -5.113], [104.472, -5.105]]]}}, {"type": "Feature", "properties": {"domain_id": "1805062024", "name": "AJI MESIR"}, "geometry": {"type": "Polygon", "coordinates": [[[105.592, -4.224], [105.557, -4.204], [105.56, -4.219], [105.599, -4.232], [105.605, -4.244], [105.602, -4.256], [105.614, -4.25], [105.615, -4.223], [105.592, -4.224]]]}}, {"type": "Feature", "properties": {"domain_id": "1805122004", "name": "GEDUNG KARYA JITU"}, "geometry": {"type": "Polygon", "coordinates": [[[105.757, -4.209], [105.756, -4.195], [105.721, -4.198], [105.723, -4.228], [105.759, -4.226], [105.757, -4.209]]]}}, {"type": "Feature", "properties": {"domain_id": "1805182001", "name": "BUMI DIPASENA UTAMA"}, "geometry": {"type": "Polygon", "coordinates": [[[105.817, -4.28], [105.764, -4.28], [105.765, -4.293], [105.774, -4.304], [105.815, -4.304], [105.817, -4.28]]]}}, {"type": "Feature", "properties": {"domain_id": "1805202003", "name": "SUKA MAJU"}, "geometry": {"type": "Polygon", "coordinates": [[[105.307, -4.253], [105.291, -4.254], [105.301, -4.251], [105.3, -4.246], [105.267, -4.249], [105.29, -4.276], [105.311, -4.269], [105.307, -4.253]]]}}, {"type": "Feature", "properties": {"domain_id": "1805232004", "name": "PASAR BATANG"}, "geometry": {"type": "Polygon", "coordinates": [[[105.469, -4.199], [105.472, -4.254], [105.498, -4.251], [105.504, -4.231], [105.485, -4.232], [105.484, -4.216], [105.469, -4.199]]]}}, {"type": "Feature", "properties": {"domain_id": "1806042025", "name": "SUMBER MULYA"}, "geometry": {"type": "Polygon", "coordinates": [[[104.695, -5.314], [104.673, -5.302], [104.65, -5.324], [104.693, -5.319], [104.695, -5.314]]]}}, {"type": "Feature", "properties": {"domain_id": "1806092001", "name": "KARANG BUAH"}, "geometry": {"type": "Polygon", "coordinates": [[[104.855, -5.832], [104.842, -5.825], [104.798, -5.778], [104.793, -5.791], [104.804, -5.802], [104.813, -5.825], [104.834, -5.831], [104.855, -5.847], [104.855, -5.832]]]}}, {"type": "Feature", "properties": {"domain_id": "1806092011", "name": "SUKA PADANG"}, "geometry": {"type": "Polygon", "coordinates": [[[104.933, -5.621], [104.918, -5.625], [104.924, -5.639], [104.916, -5.641], [104.918, -5.654], [104.934, -5.641], [104.933, -5.621]]]}}, {"type": "Feature", "properties": {"domain_id": "1806092013", "name": "PAMPANGAN"}, "geometry": {"type": "Polygon", "coordinates": [[[104.915, -5.57], [104.905, -5.566], [104.892, -5.576], [104.899, -5.627], [104.911, -5.642], [104.924, -5.639], [104.918, -5.625], [104.908, -5.622], [104.92, -5.603], [104.913, -5.597], [104.915, -5.57]]]}}, {"type": "Feature", "properties": {"domain_id": "1806112008", "name": "SUKAJADI"}, "geometry": {"type": "Polygon", "coordinates": [[[104.867, -5.376], [104.84, -5.386], [104.857, -5.394], [104.867, -5.376]]]}}, {"type": "Feature", "properties": {"domain_id": "1806112020", "name": "WAY PRING"}, "geometry": {"type": "Polygon", "coordinates": [[[104.754, -5.429], [104.744, -5.435], [104.737, -5.465], [104.741, -5.474], [104.767, -5.462], [104.771, -5.432], [104.754, -5.429]]]}}, {"type": "Feature", "properties": {"domain_id": "1806132011", "name": "SUMBER MULYO"}, "geometry": {"type": "Polygon", "coordinates": [[[104.739, -5.374], [104.719, -5.371], [104.711, -5.381], [104.74, -5.389], [104.749, -5.375], [104.739, -5.374]]]}}, {"type": "Feature", "properties": {"domain_id": "1806182004", "name": "KANYANGAN"}, "geometry": {"type": "Polygon", "coordinates": [[[104.59, -5.424], [104.57, -5.424], [104.561, -5.431], [104.562, -5.446], [104.554, -5.456], [104.561, -5.476], [104.571, -5.46], [104.569, -5.444], [104.59, -5.424]]]}}, {"type": "Feature", "properties": {"domain_id": "1806182008", "name": "TALA GENING"}, "geometry": {"type": "Polygon", "coordinates": [[[104.6, -5.485], [104.587, -5.485], [104.593, -5.5], [104.601, -5.497], [104.6, -5.485]]]}}, {"type": "Feature", "properties": {"domain_id": "1811042019", "name": "TRI TUNGGAL JAYA"}, "geometry": {"type": "Polygon", "coordinates": [[[105.088, -4.178], [105.086, -4.168], [105.06, -4.179], [105.064, -4.203], [105.092, -4.193], [105.088, -4.178]]]}}, {"type": "Feature", "properties": {"domain_id": "1806262009", "name": "SINAR SEKAMPUNG"}, "geometry": {"type": "Polygon", "coordinates": [[[104.773, -5.241], [104.761, -5.233], [104.731, -5.235], [104.742, -5.258], [104.729, -5.276], [104.738, -5.295], [104.76, -5.285], [104.773, -5.241]]]}}, {"type": "Feature", "properties": {"domain_id": "1807012002", "name": "PAKUAN AJI"}, "geometry": {"type": "Polygon", "coordinates": [[[105.64, -5.093], [105.617, -5.097], [105.619, -5.132], [105.599, -5.169], [105.605, -5.195], [105.615, -5.181], [105.607, -5.172], [105.636, -5.117], [105.64, -5.093]]]}}, {"type": "Feature", "properties": {"domain_id": "1807012020", "name": "SUKADANA TENGAH"}, "geometry": {"type": "Polygon", "coordinates": [[[105.589, -5.082], [105.576, -5.081], [105.575, -5.098], [105.582, -5.11], [105.591, -5.11], [105.586, -5.104], [105.601, -5.111], [105.601, -5.092], [105.589, -5.082]]]}}, {"type": "Feature", "properties": {"domain_id": "1807012012", "name": "SUKADANA ILIR"}, "geometry": {"type": "Polygon", "coordinates": [[[105.528, -5.009], [105.516, -5.01], [105.522, -5.025], [105.51, -5.028], [105.513, -5.051], [105.53, -5.046], [105.542, -5.054], [105.544, -5.04], [105.534, -5.031], [105.528, -5.009]]]}}, {"type": "Feature", "properties": {"domain_id": "1807022011", "name": "MARINGGAI"}, "geometry": {"type": "Polygon", "coordinates": [[[105.808, -5.356], [105.798, -5.354], [105.799, -5.338], [105.792, -5.334], [105.77, -5.342], [105.789, -5.362], [105.806, -5.366], [105.808, -5.356]]]}}, {"type": "Feature", "properties": {"domain_id": "1807032003", "name": "ADIREJO"}, "geometry": {"type": "Polygon", "coordinates": [[[105.765, -5.496], [105.735, -5.487], [105.728, -5.498], [105.73, -5.505], [105.754, -5.501], [105.763, -5.506], [105.765, -5.496]]]}}, {"type": "Feature", "properties": {"domain_id": "1807052002", "name": "SIDOMUKTI"}, "geometry": {"type": "Polygon", "coordinates": [[[105.424, -5.182], [105.423, -5.169], [105.405, -5.161], [105.4, -5.17], [105.404, -5.182], [105.412, -5.186], [105.424, -5.182]]]}}, {"type": "Feature", "properties": {"domain_id": "1807042011", "name": "GANTIMULYO"}, "geometry": {"type": "Polygon", "coordinates": [[[105.367, -5.027], [105.36, -5.043], [105.348, -5.049], [105.352, -5.054], [105.384, -5.048], [105.385, -5.041], [105.371, -5.037], [105.367, -5.027]]]}}, {"type": "Feature", "properties": {"domain_id": "1807052006", "name": "HARGOMULYO"}, "geometry": {"type": "Polygon", "coordinates": [[[105.469, -5.135], [105.455, -5.131], [105.469, -5.148], [105.473, -5.144], [105.49, -5.145], [105.492, -5.158], [105.505, -5.152], [105.512, -5.142], [105.499, -5.134], [105.469, -5.135]]]}}, {"type": "Feature", "properties": {"domain_id": "1807052011", "name": "SAMBIKARTO"}, "geometry": {"type": "Polygon", "coordinates": [[[105.465, -5.095], [105.44, -5.1], [105.443, -5.114], [105.426, -5.125], [105.434, -5.12], [105.435, -5.125], [105.452, -5.123], [105.444, -5.134], [105.468, -5.135], [105.472, -5.121], [105.496, -5.121], [105.466, -5.107], [105.465, -5.095]]]}}, {"type": "Feature", "properties": {"domain_id": "1807082007", "name": "TEGAL GONDO"}, "geometry": {"type": "Polygon", "coordinates": [[[105.48, -4.954], [105.475, -4.952], [105.47, -4.963], [105.477, -4.967], [105.473, -4.977], [105.483, -4.978], [105.484, -4.984], [105.496, -4.984], [105.486, -4.976], [105.48, -4.954]]]}}, {"type": "Feature", "properties": {"domain_id": "1807082008", "name": "TOTO HARJO"}, "geometry": {"type": "Polygon", "coordinates": [[[105.499, -4.972], [105.502, -4.956], [105.48, -4.954], [105.486, -4.976], [105.496, -4.982], [105.499, -4.972]]]}}, {"type": "Feature", "properties": {"domain_id": "1807132007", "name": "TRISNOMULYO"}, "geometry": {"type": "Polygon", "coordinates": [[[105.39, -5.014], [105.367, -5.004], [105.365, -5.02], [105.358, -5.022], [105.37, -5.026], [105.39, -5.021], [105.39, -5.014]]]}}, {"type": "Feature", "properties": {"domain_id": "1807162007", "name": "KEBON DAMAR"}, "geometry": {"type": "Polygon", "coordinates": [[[105.8, -5.241], [105.79, -5.235], [105.785, -5.255], [105.768, -5.255], [105.768, -5.264], [105.779, -5.265], [105.785, -5.279], [105.799, -5.273], [105.808, -5.256], [105.796, -5.252], [105.8, -5.241]]]}}, {"type": "Feature", "properties": {"domain_id": "1807212001", "name": "LABUHAN RATU"}, "geometry": {"type": "Polygon", "coordinates": [[[105.7, -5.13], [105.664, -5.103], [105.663, -5.129], [105.653, -5.135], [105.66, -5.144], [105.695, -5.137], [105.7, -5.13]]]}}, {"type": "Feature", "properties": {"domain_id": "1808012018", "name": "UMPU KENCANA"}, "geometry": {"type": "Polygon", "coordinates": [[[104.485, -4.483], [104.469, -4.492], [104.469, -4.485], [104.462, -4.484], [104.452, -4.493], [104.45, -4.509], [104.457, -4.515], [104.455, -4.527], [104.461, -4.524], [104.472, -4.533], [104.488, -4.52], [104.479, -4.495], [104.485, -4.483]]]}}, {"type": "Feature", "properties": {"domain_id": "1808122010", "name": "KALI AWI INDAH"}, "geometry": {"type": "Polygon", "coordinates": [[[105.015, -4.465], [105.009, -4.444], [105.018, -4.424], [104.976, -4.435], [104.96, -4.455], [104.967, -4.459], [104.986, -4.446], [105.01, -4.449], [105.008, -4.464], [105.015, -4.465]]]}}, {"type": "Feature", "properties": {"domain_id": "1808092009", "name": "KARYA MAJU"}, "geometry": {"type": "Polygon", "coordinates": [[[104.37, -4.624], [104.343, -4.602], [104.343, -4.615], [104.331, -4.624], [104.336, -4.652], [104.346, -4.65], [104.351, -4.635], [104.37, -4.624]]]}}, {"type": "Feature", "properties": {"domain_id": "1808122004", "name": "TIUH BARU"}, "geometry": {"type": "Polygon", "coordinates": [[[104.957, -4.415], [104.948, -4.418], [104.953, -4.428], [104.944, -4.435], [104.94, -4.452], [104.96, -4.455], [104.975, -4.436], [104.962, -4.428], [104.966, -4.42], [104.957, -4.415]]]}}, {"type": "Feature", "properties": {"domain_id": "1808132001", "name": "BUMIHARJO"}, "geometry": {"type": "Polygon", "coordinates": [[[104.589, -4.259], [104.588, -4.241], [104.569, -4.249], [104.579, -4.261], [104.564, -4.262], [104.572, -4.274], [104.579, -4.262], [104.589, -4.265], [104.585, -4.282], [104.579, -4.284], [104.572, -4.274], [104.577, -4.317], [104.604, -4.3], [104.589, -4.259]]]}}, {"type": "Feature", "properties": {"domain_id": "1808142003", "name": "SRINUMPI"}, "geometry": {"type": "Polygon", "coordinates": [[[104.444, -4.325], [104.444, -4.302], [104.435, -4.307], [104.435, -4.316], [104.421, -4.325], [104.426, -4.341], [104.438, -4.342], [104.444, -4.325]]]}}, {"type": "Feature", "properties": {"domain_id": "1808152005", "name": "NEGERI BUMI PUTERA"}, "geometry": {"type": "Polygon", "coordinates": [[[104.486, -4.599], [104.463, -4.595], [104.449, -4.584], [104.452, -4.606], [104.442, -4.619], [104.451, -4.628], [104.471, -4.628], [104.47, -4.611], [104.482, -4.608], [104.486, -4.599]]]}}, {"type": "Feature", "properties": {"domain_id": "1809042010", "name": "BATURAJA"}, "geometry": {"type": "MultiPolygon", "coordinates": [[[[105.017, -5.409], [104.998, -5.421], [105.018, -5.421], [105.017, -5.409]]], [[[105.036, -5.405], [105.032, -5.405], [105.035, -5.406], [105.036, -5.405]]]]}}, {"type": "Feature", "properties": {"domain_id": "1812052013", "name": "SUMBER REJEKI"}, "geometry": {"type": "Polygon", "coordinates": [[[105.085, -4.287], [105.063, -4.276], [105.048, -4.284], [105.069, -4.291], [105.085, -4.287]]]}}, {"type": "Feature", "properties": {"domain_id": "1809072009", "name": "SUKA MAJU"}, "geometry": {"type": "Polygon", "coordinates": [[[105.015, -5.488], [105.001, -5.489], [104.993, -5.511], [105.004, -5.515], [105.017, -5.505], [105.015, -5.488]]]}}, {"type": "Feature", "properties": {"domain_id": "1809072019", "name": "BABAKAN LOA"}, "geometry": {"type": "Polygon", "coordinates": [[[105.069, -5.525], [105.039, -5.523], [105.034, -5.531], [105.024, -5.531], [105.004, -5.55], [104.994, -5.568], [105.002, -5.578], [105.014, -5.567], [105.031, -5.565], [105.033, -5.548], [105.042, -5.538], [105.069, -5.525]]]}}, {"type": "Feature", "properties": {"domain_id": "1809082004", "name": "TAJUR"}, "geometry": {"type": "Polygon", "coordinates": [[[105.18, -5.664], [105.167, -5.663], [105.154, -5.684], [105.172, -5.679], [105.18, -5.671], [105.174, -5.667], [105.18, -5.664]]]}}, {"type": "Feature", "properties": {"domain_id": "1809092006", "name": "KOTA JAWA"}, "geometry": {"type": "Polygon", "coordinates": [[[104.978, -5.464], [104.969, -5.457], [104.957, -5.459], [104.954, -5.472], [104.959, -5.482], [104.98, -5.479], [104.978, -5.464]]]}}, {"type": "Feature", "properties": {"domain_id": "1810012010", "name": "BUMI ARUM"}, "geometry": {"type": "Polygon", "coordinates": [[[104.956, -5.33], [104.941, -5.331], [104.939, -5.341], [104.946, -5.346], [104.942, -5.353], [104.956, -5.345], [104.956, -5.33]]]}}, {"type": "Feature", "properties": {"domain_id": "1810042013", "name": "PARDASUKA SELATAN"}, "geometry": {"type": "Polygon", "coordinates": [[[104.932, -5.485], [104.924, -5.48], [104.92, -5.504], [104.933, -5.497], [104.932, -5.485]]]}}, {"type": "Feature", "properties": {"domain_id": "1810052027", "name": "PUJI HARJO"}, "geometry": {"type": "Polygon", "coordinates": [[[104.88, -5.371], [104.866, -5.374], [104.881, -5.379], [104.88, -5.371]]]}}, {"type": "Feature", "properties": {"domain_id": "1810042006", "name": "PUJODADI"}, "geometry": {"type": "Polygon", "coordinates": [[[104.95, -5.428], [104.938, -5.423], [104.919, -5.434], [104.933, -5.433], [104.933, -5.441], [104.959, -5.439], [104.958, -5.432], [104.95, -5.428]]]}}, {"type": "Feature", "properties": {"domain_id": "1810062006", "name": "WAYA KRUI"}, "geometry": {"type": "Polygon", "coordinates": [[[104.942, -5.262], [104.937, -5.258], [104.928, -5.264], [104.932, -5.279], [104.943, -5.277], [104.942, -5.262]]]}}, {"type": "Feature", "properties": {"domain_id": "1810072006", "name": "WARINGIN SARI TIMUR"}, "geometry": {"type": "Polygon", "coordinates": [[[105.034, -5.249], [105.034, -5.237], [105.022, -5.237], [105.001, -5.268], [105.025, -5.267], [105.032, -5.263], [105.034, -5.249]]]}}, {"type": "Feature", "properties": {"domain_id": "1811072017", "name": "TANJUNG HARAPAN"}, "geometry": {"type": "Polygon", "coordinates": [[[105.422, -3.779], [105.388, -3.779], [105.373, -3.79], [105.366, -3.799], [105.37, -3.808], [105.379, -3.808], [105.379, -3.835], [105.358, -3.834], [105.357, -3.85], [105.342, -3.863], [105.372, -3.843], [105.382, -3.846], [105.422, -3.779]]]}}, {"type": "Feature", "properties": {"domain_id": "1812012009", "name": "PULUNG KENCANA"}, "geometry": {"type": "Polygon", "coordinates": [[[105.105, -4.565], [105.092, -4.564], [105.087, -4.588], [105.093, -4.612], [105.122, -4.607], [105.115, -4.596], [105.119, -4.59], [105.109, -4.589], [105.116, -4.589], [105.125, -4.571], [105.106, -4.565], [105.104, -4.571], [105.105, -4.565]], [[105.105, -4.584], [105.104, -4.585], [105.104, -4.584], [105.105, -4.584]]]}}, {"type": "Feature", "properties": {"domain_id": "1812012014", "name": "PANARAGAN JAYA UTAMA"}, "geometry": {"type": "Polygon", "coordinates": [[[105.085, -4.537], [105.082, -4.507], [105.08, -4.513], [105.058, -4.513], [105.063, -4.538], [105.085, -4.537]]]}}, {"type": "Feature", "properties": {"domain_id": "1812082001", "name": "PAGAR DEWA"}, "geometry": {"type": "Polygon", "coordinates": [[[105.153, -4.381], [105.134, -4.376], [105.107, -4.379], [105.109, -4.403], [105.102, -4.405], [105.094, -4.391], [105.089, -4.393], [105.086, -4.408], [105.074, -4.404], [105.055, -4.418], [105.067, -4.426], [105.068, -4.439], [105.045, -4.451], [105.064, -4.465], [105.069, -4.455], [105.098, -4.446], [105.113, -4.457], [105.119, -4.449], [105.112, -4.436], [105.122, -4.437], [105.127, -4.451], [105.134, -4.435], [105.149, -4.454], [105.202, -4.467], [105.202, -4.435], [105.152, -4.43], [105.153, -4.381]]]}}, {"type": "Feature", "properties": {"domain_id": "1812082002", "name": "PAGAR DEWA SUKA MULYA"}, "geometry": {"type": "Polygon", "coordinates": [[[105.2, -4.324], [105.185, -4.327], [105.19, -4.347], [105.184, -4.36], [105.199, -4.36], [105.194, -4.349], [105.203, -4.33], [105.2, -4.324]]]}}, {"type": "Feature", "properties": {"domain_id": "1813012002", "name": "SERAY"}, "geometry": {"type": "Polygon", "coordinates": [[[103.937, -5.195], [103.929, -5.194], [103.921, -5.203], [103.94, -5.214], [103.936, -5.219], [103.954, -5.209], [103.94, -5.205], [103.937, -5.195]]]}}, {"type": "Feature", "properties": {"domain_id": "1813032003", "name": "WAY BATANG"}, "geometry": {"type": "Polygon", "coordinates": [[[103.67, -4.962], [103.661, -4.961], [103.653, -4.974], [103.655, -4.989], [103.662, -4.986], [103.67, -4.962]]]}}, {"type": "Feature", "properties": {"domain_id": "1813072002", "name": "BUMI WARAS"}, "geometry": {"type": "Polygon", "coordinates": [[[103.948, -5.168], [103.935, -5.167], [103.937, -5.171], [103.948, -5.168]]]}}, {"type": "Feature", "properties": {"domain_id": "1813112010", "name": "SUMBEREJO"}, "geometry": {"type": "Polygon", "coordinates": [[[104.468, -5.628], [104.423, -5.666], [104.404, -5.639], [104.386, -5.638], [104.377, -5.628], [104.37, -5.636], [104.366, -5.666], [104.359, -5.669], [104.426, -5.714], [104.434, -5.71], [104.44, -5.713], [104.45, -5.692], [104.464, -5.685], [104.468, -5.628]]]}}, {"type": "Feature", "properties": {"domain_id": "1871091006", "name": "PENGAJARAN"}, "geometry": {"type": "Polygon", "coordinates": [[[105.251, -5.425], [105.246, -5.428], [105.252, -5.436], [105.257, -5.431], [105.251, -5.425]]]}}, {"type": "Feature", "properties": {"domain_id": "1871131008", "name": "SUMBERREJO SEJAHTERA"}, "geometry": {"type": "Polygon", "coordinates": [[[105.222, -5.394], [105.216, -5.393], [105.211, -5.4], [105.222, -5.409], [105.222, -5.394]]]}}, {"type": "Feature", "properties": {"domain_id": "1805202012", "name": "MEKAR JAYA"}, "geometry": {"type": "Polygon", "coordinates": [[[105.208, -4.24], [105.189, -4.242], [105.189, -4.269], [105.207, -4.269], [105.208, -4.254], [105.221, -4.254], [105.207, -4.246], [105.208, -4.24]]]}}, {"type": "Feature", "properties": {"domain_id": "1872041001", "name": "YOSODADI"}, "geometry": {"type": "Polygon", "coordinates": [[[105.349, -5.108], [105.337, -5.098], [105.319, -5.109], [105.331, -5.119], [105.349, -5.108]]]}}, {"type": "Feature", "properties": {"domain_id": "1812022006", "name": "DAYA ASRI"}, "geometry": {"type": "Polygon", "coordinates": [[[105.093, -4.612], [105.079, -4.619], [105.079, -4.638], [105.105, -4.642], [105.093, -4.612]]]}}, {"type": "Feature", "properties": {"domain_id": "1807072014", "name": "SUMBER MARGA"}, "geometry": {"type": "Polygon", "coordinates": [[[105.658, -5.203], [105.644, -5.193], [105.636, -5.204], [105.635, -5.192], [105.614, -5.199], [105.612, -5.215], [105.63, -5.226], [105.671, -5.219], [105.673, -5.214], [105.658, -5.203]]]}}, {"type": "Feature", "properties": {"domain_id": "1812022007", "name": "MURNI JAYA"}, "geometry": {"type": "Polygon", "coordinates": [[[105.119, -4.619], [105.108, -4.622], [105.097, -4.616], [105.105, -4.642], [105.122, -4.638], [105.131, -4.628], [105.126, -4.618], [105.122, -4.623], [105.119, -4.619]], [[105.124, -4.621], [105.127, -4.626], [105.125, -4.626], [105.124, -4.621]]]}}, {"type": "Feature", "properties": {"domain_id": "1801042006", "name": "NEGARA RATU"}, "geometry": {"type": "Polygon", "coordinates": [[[105.183, -5.291], [105.176, -5.291], [105.178, -5.299], [105.168, -5.3], [105.167, -5.312], [105.163, -5.309], [105.145, -5.316], [105.152, -5.327], [105.166, -5.327], [105.164, -5.334], [105.174, -5.345], [105.187, -5.339], [105.192, -5.323], [105.19, -5.299], [105.183, -5.291]]]}}, {"type": "Feature", "properties": {"domain_id": "1801042008", "name": "TANJUNG SARI"}, "geometry": {"type": "Polygon", "coordinates": [[[105.22, -5.277], [105.215, -5.269], [105.2, -5.272], [105.199, -5.293], [105.186, -5.297], [105.194, -5.306], [105.218, -5.306], [105.22, -5.277]]]}}, {"type": "Feature", "properties": {"domain_id": "1808062011", "name": "NEGARA HARJA"}, "geometry": {"type": "Polygon", "coordinates": [[[104.79, -4.397], [104.762, -4.399], [104.763, -4.404], [104.769, -4.404], [104.768, -4.449], [104.803, -4.45], [104.793, -4.448], [104.794, -4.403], [104.8, -4.399], [104.79, -4.397]]]}}, {"type": "Feature", "properties": {"domain_id": "1801102018", "name": "BUMI ASIH"}, "geometry": {"type": "Polygon", "coordinates": [[[105.638, -5.578], [105.633, -5.576], [105.631, -5.585], [105.639, -5.597], [105.638, -5.578]]]}}, {"type": "Feature", "properties": {"domain_id": "1801132018", "name": "BANJAR AGUNG"}, "geometry": {"type": "Polygon", "coordinates": [[[105.345, -5.331], [105.34, -5.336], [105.332, -5.333], [105.332, -5.342], [105.317, -5.345], [105.32, -5.35], [105.325, -5.355], [105.353, -5.349], [105.345, -5.331]]]}}, {"type": "Feature", "properties": {"domain_id": "1801132014", "name": "SINAR REJEKI"}, "geometry": {"type": "Polygon", "coordinates": [[[105.426, -5.245], [105.413, -5.242], [105.41, -5.249], [105.398, -5.25], [105.391, -5.263], [105.365, -5.26], [105.345, -5.279], [105.393, -5.275], [105.396, -5.283], [105.407, -5.285], [105.411, -5.269], [105.424, -5.271], [105.426, -5.245]]]}}, {"type": "Feature", "properties": {"domain_id": "1801182012", "name": "TRIHARJO"}, "geometry": {"type": "Polygon", "coordinates": [[[105.431, -5.447], [105.425, -5.441], [105.416, -5.45], [105.407, -5.444], [105.387, -5.457], [105.403, -5.466], [105.421, -5.461], [105.431, -5.466], [105.437, -5.453], [105.431, -5.447]]]}}, {"type": "Feature", "properties": {"domain_id": "1801222004", "name": "WAWASAN"}, "geometry": {"type": "Polygon", "coordinates": [[[105.509, -5.346], [105.498, -5.357], [105.501, -5.375], [105.494, -5.384], [105.5, -5.393], [105.51, -5.394], [105.509, -5.346]]]}}, {"type": "Feature", "properties": {"domain_id": "1802041006", "name": "GUNUNG S. RAYA"}, "geometry": {"type": "Polygon", "coordinates": [[[105.246, -4.957], [105.237, -4.958], [105.234, -4.951], [105.23, -4.963], [105.208, -4.966], [105.21, -4.986], [105.218, -4.976], [105.233, -4.98], [105.234, -4.991], [105.249, -4.987], [105.246, -4.957]]]}}, {"type": "Feature", "properties": {"domain_id": "1802042009", "name": "BUYUT UDIK"}, "geometry": {"type": "Polygon", "coordinates": [[[105.267, -4.953], [105.258, -4.946], [105.249, -4.95], [105.25, -4.982], [105.278, -4.983], [105.275, -4.968], [105.266, -4.969], [105.267, -4.953]]]}}, {"type": "Feature", "properties": {"domain_id": "1802051007", "name": "SIMBAR WARINGIN"}, "geometry": {"type": "Polygon", "coordinates": [[[105.264, -5.101], [105.245, -5.121], [105.244, -5.142], [105.261, -5.13], [105.264, -5.101]]]}}, {"type": "Feature", "properties": {"domain_id": "1802072009", "name": "TERBANGGI BESAR"}, "geometry": {"type": "Polygon", "coordinates": [[[105.281, -4.823], [105.258, -4.816], [105.146, -4.815], [105.14, -4.82], [105.165, -4.857], [105.173, -4.891], [105.183, -4.886], [105.211, -4.891], [105.206, -4.9], [105.221, -4.901], [105.221, -4.91], [105.257, -4.911], [105.26, -4.884], [105.275, -4.876], [105.292, -4.853], [105.281, -4.841], [105.296, -4.826], [105.281, -4.823]]]}}, {"type": "Feature", "properties": {"domain_id": "1802082011", "name": "RAMA NIRWANA"}, "geometry": {"type": "Polygon", "coordinates": [[[105.401, -4.843], [105.391, -4.836], [105.375, -4.859], [105.385, -4.872], [105.378, -4.883], [105.386, -4.884], [105.389, -4.892], [105.409, -4.873], [105.405, -4.87], [105.41, -4.865], [105.396, -4.854], [105.401, -4.843]]]}}, {"type": "Feature", "properties": {"domain_id": "1802092014", "name": "BINA KARYA BUANA"}, "geometry": {"type": "Polygon", "coordinates": [[[105.681, -4.759], [105.661, -4.741], [105.652, -4.742], [105.627, -4.755], [105.618, -4.773], [105.63, -4.785], [105.648, -4.78], [105.657, -4.789], [105.664, -4.782], [105.675, -4.785], [105.681, -4.759]]]}}, {"type": "Feature", "properties": {"domain_id": "1802102007", "name": "SAKTI BUANA"}, "geometry": {"type": "Polygon", "coordinates": [[[105.524, -4.809], [105.516, -4.809], [105.516, -4.824], [105.501, -4.853], [105.533, -4.855], [105.539, -4.836], [105.547, -4.835], [105.541, -4.821], [105.524, -4.809]]]}}, {"type": "Feature", "properties": {"domain_id": "1802142007", "name": "BULU SARI"}, "geometry": {"type": "Polygon", "coordinates": [[[105.219, -5.049], [105.212, -5.048], [105.213, -5.042], [105.199, -5.042], [105.185, -5.048], [105.186, -5.056], [105.21, -5.063], [105.219, -5.049]]]}}, {"type": "Feature", "properties": {"domain_id": "1802142008", "name": "BUMI RAHAYU"}, "geometry": {"type": "Polygon", "coordinates": [[[105.241, -5.059], [105.222, -5.058], [105.227, -5.079], [105.218, -5.079], [105.242, -5.083], [105.241, -5.059]]]}}, {"type": "Feature", "properties": {"domain_id": "1804051016", "name": "TUGU SARI"}, "geometry": {"type": "Polygon", "coordinates": [[[104.497, -5.004], [104.481, -5.008], [104.48, -5.017], [104.47, -5.016], [104.461, -5.042], [104.465, -5.053], [104.494, -5.038], [104.506, -5.024], [104.497, -5.004]]]}}, {"type": "Feature", "properties": {"domain_id": "1802162010", "name": "BUMI MAS"}, "geometry": {"type": "Polygon", "coordinates": [[[105.193, -4.908], [105.156, -4.901], [105.185, -4.932], [105.192, -4.928], [105.193, -4.908]]]}}, {"type": "Feature", "properties": {"domain_id": "1802182008", "name": "MATARAM JAYA"}, "geometry": {"type": "Polygon", "coordinates": [[[105.502, -4.704], [105.48, -4.695], [105.464, -4.741], [105.486, -4.759], [105.492, -4.752], [105.489, -4.745], [105.492, -4.748], [105.492, -4.74], [105.497, -4.74], [105.494, -4.736], [105.503, -4.733], [105.506, -4.724], [105.506, -4.717], [105.496, -4.711], [105.502, -4.704]]]}}, {"type": "Feature", "properties": {"domain_id": "1802202001", "name": "NYUKANG HARJO"}, "geometry": {"type": "Polygon", "coordinates": [[[104.852, -5.06], [104.842, -5.058], [104.841, -5.071], [104.83, -5.074], [104.82, -5.073], [104.819, -5.065], [104.812, -5.062], [104.805, -5.068], [104.797, -5.062], [104.786, -5.067], [104.801, -5.082], [104.818, -5.082], [104.824, -5.093], [104.85, -5.074], [104.852, -5.06]]]}}, {"type": "Feature", "properties": {"domain_id": "1802202004", "name": "TAMAN SARI"}, "geometry": {"type": "Polygon", "coordinates": [[[104.863, -5.038], [104.844, -5.037], [104.836, -5.043], [104.857, -5.051], [104.868, -5.046], [104.863, -5.038]]]}}, {"type": "Feature", "properties": {"domain_id": "1802212005", "name": "BUMI AJI"}, "geometry": {"type": "Polygon", "coordinates": [[[105.087, -5.041], [105.071, -4.999], [105.056, -4.978], [105.051, -4.952], [105.04, -4.956], [105.021, -4.971], [105.024, -4.978], [105.039, -4.979], [105.045, -4.997], [105.054, -4.999], [105.051, -5.007], [105.065, -5.061], [105.071, -5.064], [105.082, -5.057], [105.087, -5.041]]]}}, {"type": "Feature", "properties": {"domain_id": "1802282003", "name": "BINA KARYA SAKTI"}, "geometry": {"type": "Polygon", "coordinates": [[[105.554, -4.815], [105.539, -4.82], [105.548, -4.834], [105.546, -4.845], [105.56, -4.843], [105.578, -4.85], [105.576, -4.834], [105.559, -4.835], [105.552, -4.829], [105.554, -4.815]]]}}, {"type": "Feature", "properties": {"domain_id": "1803022010", "name": "TALANG BOJONG"}, "geometry": {"type": "Polygon", "coordinates": [[[104.86, -4.845], [104.832, -4.825], [104.817, -4.825], [104.819, -4.84], [104.829, -4.847], [104.823, -4.855], [104.835, -4.865], [104.841, -4.866], [104.845, -4.854], [104.859, -4.851], [104.86, -4.845]]]}}, {"type": "Feature", "properties": {"domain_id": "1803032005", "name": "LABUHAN RATU KAMPUNG"}, "geometry": {"type": "Polygon", "coordinates": [[[104.786, -4.723], [104.769, -4.719], [104.77, -4.733], [104.782, -4.734], [104.786, -4.723]]]}}, {"type": "Feature", "properties": {"domain_id": "1803042017", "name": "SIDO MULYO"}, "geometry": {"type": "Polygon", "coordinates": [[[104.716, -4.952], [104.719, -4.929], [104.711, -4.918], [104.687, -4.94], [104.701, -4.964], [104.712, -4.964], [104.716, -4.952]]]}}, {"type": "Feature", "properties": {"domain_id": "1805132002", "name": "TRI JAYA"}, "geometry": {"type": "Polygon", "coordinates": [[[105.39, -4.141], [105.388, -4.131], [105.366, -4.13], [105.365, -4.156], [105.389, -4.16], [105.39, -4.141]]]}}, {"type": "Feature", "properties": {"domain_id": "1803052004", "name": "GEDUNG NYAPAH"}, "geometry": {"type": "MultiPolygon", "coordinates": [[[[104.925, -4.677], [104.91, -4.684], [104.911, -4.701], [104.917, -4.702], [104.921, -4.684], [104.929, -4.682], [104.925, -4.677]]], [[[104.997, -4.785], [104.988, -4.796], [104.994, -4.798], [105.0, -4.788], [105.009, -4.79], [104.997, -4.785]], [[104.938, -4.754], [104.938, -4.75], [104.939, -4.756], [104.938, -4.754]]]]}}, {"type": "Feature", "properties": {"domain_id": "1805132005", "name": "SIDOHARJO"}, "geometry": {"type": "Polygon", "coordinates": [[[105.407, -4.161], [105.402, -4.161], [105.398, -4.189], [105.431, -4.192], [105.434, -4.164], [105.407, -4.161]]]}}, {"type": "Feature", "properties": {"domain_id": "1805132013", "name": "TRI TUNGGAL JAYA"}, "geometry": {"type": "Polygon", "coordinates": [[[105.423, -4.162], [105.425, -4.122], [105.4, -4.12], [105.407, -4.161], [105.423, -4.162]]]}}, {"type": "Feature", "properties": {"domain_id": "1805132021", "name": "DWIMULYO"}, "geometry": {"type": "Polygon", "coordinates": [[[105.398, -4.204], [105.365, -4.203], [105.366, -4.235], [105.361, -4.24], [105.375, -4.24], [105.38, -4.231], [105.392, -4.228], [105.398, -4.204]]]}}, {"type": "Feature", "properties": {"domain_id": "1803102008", "name": "JERANGKANG"}, "geometry": {"type": "Polygon", "coordinates": [[[104.873, -4.93], [104.872, -4.92], [104.861, -4.921], [104.852, -4.942], [104.855, -4.937], [104.858, -4.945], [104.868, -4.939], [104.873, -4.93]]]}}, {"type": "Feature", "properties": {"domain_id": "1803102009", "name": "WAY MELAN"}, "geometry": {"type": "Polygon", "coordinates": [[[104.861, -4.921], [104.866, -4.917], [104.856, -4.911], [104.84, -4.916], [104.851, -4.934], [104.861, -4.921]]]}}, {"type": "Feature", "properties": {"domain_id": "1803162010", "name": "MULYO REJO I"}, "geometry": {"type": "Polygon", "coordinates": [[[104.951, -4.676], [104.954, -4.669], [104.942, -4.658], [104.925, -4.675], [104.939, -4.686], [104.95, -4.682], [104.951, -4.676]]]}}, {"type": "Feature", "properties": {"domain_id": "1803182007", "name": "RATU JAYA"}, "geometry": {"type": "Polygon", "coordinates": [[[104.679, -4.687], [104.671, -4.686], [104.653, -4.705], [104.661, -4.726], [104.671, -4.731], [104.691, -4.725], [104.679, -4.687]]]}}, {"type": "Feature", "properties": {"domain_id": "1803202003", "name": "LEPANG TENGAH"}, "geometry": {"type": "Polygon", "coordinates": [[[104.728, -4.812], [104.728, -4.802], [104.703, -4.817], [104.711, -4.836], [104.725, -4.837], [104.738, -4.823], [104.728, -4.812]]]}}, {"type": "Feature", "properties": {"domain_id": "1804072007", "name": "SUKARAJA"}, "geometry": {"type": "Polygon", "coordinates": [[[104.379, -5.019], [104.376, -4.998], [104.359, -5.008], [104.354, -5.039], [104.343, -5.046], [104.365, -5.05], [104.365, -5.059], [104.333, -5.102], [104.334, -5.128], [104.34, -5.127], [104.375, -5.067], [104.369, -5.056], [104.379, -5.019]]]}}, {"type": "Feature", "properties": {"domain_id": "1803212002", "name": "KUBU HITU"}, "geometry": {"type": "Polygon", "coordinates": [[[104.689, -4.763], [104.67, -4.769], [104.675, -4.781], [104.691, -4.793], [104.71, -4.787], [104.707, -4.779], [104.72, -4.774], [104.694, -4.782], [104.687, -4.777], [104.689, -4.763]]]}}, {"type": "Feature", "properties": {"domain_id": "1804192010", "name": "MANGGARAI"}, "geometry": {"type": "Polygon", "coordinates": [[[104.401, -5.115], [104.392, -5.091], [104.37, -5.104], [104.362, -5.116], [104.36, -5.152], [104.387, -5.141], [104.389, -5.129], [104.401, -5.115]]]}}, {"type": "Feature", "properties": {"domain_id": "1801082004", "name": "SUKAJAYA"}, "geometry": {"type": "Polygon", "coordinates": [[[105.446, -5.501], [105.442, -5.495], [105.433, -5.512], [105.427, -5.56], [105.436, -5.564], [105.446, -5.559], [105.438, -5.552], [105.446, -5.501]]]}}, {"type": "Feature", "properties": {"domain_id": "1804212001", "name": "ARGOMULYO"}, "geometry": {"type": "Polygon", "coordinates": [[[104.281, -4.9], [104.286, -4.882], [104.249, -4.888], [104.244, -4.892], [104.248, -4.902], [104.244, -4.925], [104.255, -4.927], [104.262, -4.937], [104.273, -4.935], [104.281, -4.928], [104.281, -4.9]]]}}, {"type": "Feature", "properties": {"domain_id": "1805082019", "name": "TRI MULYA JAYA"}, "geometry": {"type": "Polygon", "coordinates": [[[105.327, -4.314], [105.328, -4.288], [105.295, -4.292], [105.308, -4.314], [105.321, -4.309], [105.327, -4.314]]]}}, {"type": "Feature", "properties": {"domain_id": "1805232003", "name": "GEDUNG REJO SAKTI"}, "geometry": {"type": "Polygon", "coordinates": [[[105.505, -4.268], [105.504, -4.247], [105.472, -4.254], [105.472, -4.282], [105.484, -4.282], [105.488, -4.289], [105.488, -4.283], [105.505, -4.283], [105.505, -4.268]]]}}, {"type": "Feature", "properties": {"domain_id": "1805232008", "name": "PANCA TUNGGAL JAYA"}, "geometry": {"type": "Polygon", "coordinates": [[[105.504, -4.291], [105.477, -4.291], [105.478, -4.322], [105.515, -4.324], [105.519, -4.308], [105.514, -4.308], [105.504, -4.291]]]}}, {"type": "Feature", "properties": {"domain_id": "1811022011", "name": "TANJUNG MAS MULYA"}, "geometry": {"type": "Polygon", "coordinates": [[[105.59, -3.952], [105.581, -3.953], [105.585, -3.958], [105.574, -3.966], [105.594, -3.995], [105.615, -3.981], [105.611, -3.965], [105.59, -3.952]]]}}, {"type": "Feature", "properties": {"domain_id": "1801102009", "name": "PALAS JAYA"}, "geometry": {"type": "Polygon", "coordinates": [[[105.716, -5.589], [105.69, -5.58], [105.684, -5.618], [105.699, -5.619], [105.705, -5.609], [105.69, -5.608], [105.687, -5.593], [105.714, -5.594], [105.716, -5.589]]]}}, {"type": "Feature", "properties": {"domain_id": "1805252008", "name": "BRATASENA MANDIRI"}, "geometry": {"type": "Polygon", "coordinates": [[[105.846, -4.616], [105.827, -4.62], [105.827, -4.631], [105.836, -4.619], [105.845, -4.631], [105.857, -4.632], [105.853, -4.675], [105.87, -4.683], [105.898, -4.683], [105.91, -4.654], [105.898, -4.646], [105.893, -4.649], [105.884, -4.616], [105.852, -4.616], [105.852, -4.626], [105.845, -4.626], [105.846, -4.616]]]}}, {"type": "Feature", "properties": {"domain_id": "1806022022", "name": "BANDING AGUNG"}, "geometry": {"type": "Polygon", "coordinates": [[[104.782, -5.366], [104.775, -5.371], [104.791, -5.376], [104.782, -5.366]]]}}, {"type": "Feature", "properties": {"domain_id": "1806032007", "name": "BANDAR KEJADIAN"}, "geometry": {"type": "MultiPolygon", "coordinates": [[[[104.547, -5.452], [104.535, -5.45], [104.553, -5.473], [104.547, -5.497], [104.558, -5.509], [104.572, -5.502], [104.563, -5.485], [104.562, -5.5], [104.557, -5.5], [104.557, -5.453], [104.547, -5.452]]], [[[104.531, -5.411], [104.523, -5.389], [104.509, -5.414], [104.518, -5.432], [104.531, -5.411]]]]}}, {"type": "Feature", "properties": {"domain_id": "1806042004", "name": "TANJUNG BEGELUNG"}, "geometry": {"type": "Polygon", "coordinates": [[[104.684, -5.319], [104.677, -5.321], [104.678, -5.327], [104.7, -5.333], [104.697, -5.347], [104.712, -5.344], [104.702, -5.319], [104.684, -5.319]]]}}, {"type": "Feature", "properties": {"domain_id": "1808082004", "name": "BERINGIN JAYA"}, "geometry": {"type": "Polygon", "coordinates": [[[104.493, -4.406], [104.475, -4.404], [104.464, -4.389], [104.452, -4.395], [104.456, -4.405], [104.475, -4.415], [104.493, -4.406]]]}}, {"type": "Feature", "properties": {"domain_id": "1801172010", "name": "RAWA SELAPAN"}, "geometry": {"type": "Polygon", "coordinates": [[[105.654, -5.5], [105.622, -5.501], [105.617, -5.513], [105.602, -5.514], [105.603, -5.527], [105.619, -5.525], [105.623, -5.531], [105.629, -5.527], [105.653, -5.536], [105.658, -5.53], [105.654, -5.5]]]}}, {"type": "Feature", "properties": {"domain_id": "1805112018", "name": "BAKUNG RAHAYU"}, "geometry": {"type": "Polygon", "coordinates": [[[105.505, -4.449], [105.471, -4.441], [105.453, -4.408], [105.429, -4.406], [105.437, -4.402], [105.435, -4.378], [105.449, -4.371], [105.439, -4.303], [105.433, -4.314], [105.418, -4.304], [105.382, -4.31], [105.39, -4.321], [105.369, -4.326], [105.364, -4.339], [105.369, -4.348], [105.367, -4.364], [105.395, -4.376], [105.389, -4.4], [105.374, -4.423], [105.381, -4.429], [105.374, -4.457], [105.378, -4.469], [105.41, -4.458], [105.505, -4.449]]]}}, {"type": "Feature", "properties": {"domain_id": "1806092017", "name": "PEKONDOH"}, "geometry": {"type": "Polygon", "coordinates": [[[104.863, -5.616], [104.863, -5.609], [104.853, -5.603], [104.852, -5.615], [104.838, -5.631], [104.876, -5.654], [104.881, -5.645], [104.874, -5.623], [104.863, -5.616]]]}}, {"type": "Feature", "properties": {"domain_id": "1806122013", "name": "SRI KUNCORO"}, "geometry": {"type": "Polygon", "coordinates": [[[104.463, -5.451], [104.461, -5.461], [104.471, -5.453], [104.463, -5.451]]]}}, {"type": "Feature", "properties": {"domain_id": "1806152004", "name": "PAGAR ALAM ULU BELU"}, "geometry": {"type": "Polygon", "coordinates": [[[104.588, -5.295], [104.579, -5.288], [104.587, -5.315], [104.583, -5.323], [104.568, -5.318], [104.519, -5.363], [104.524, -5.368], [104.552, -5.343], [104.566, -5.344], [104.57, -5.335], [104.581, -5.335], [104.594, -5.316], [104.594, -5.301], [104.588, -5.295]]]}}, {"type": "Feature", "properties": {"domain_id": "1806152009", "name": "ULU SEMONG"}, "geometry": {"type": "Polygon", "coordinates": [[[104.575, -5.184], [104.567, -5.173], [104.516, -5.187], [104.52, -5.191], [104.512, -5.197], [104.489, -5.195], [104.474, -5.21], [104.472, -5.2], [104.461, -5.2], [104.471, -5.162], [104.463, -5.146], [104.416, -5.177], [104.417, -5.201], [104.427, -5.217], [104.424, -5.23], [104.447, -5.227], [104.46, -5.234], [104.473, -5.217], [104.486, -5.221], [104.506, -5.215], [104.575, -5.184]]]}}, {"type": "Feature", "properties": {"domain_id": "1806162012", "name": "WAY ASAHAN"}, "geometry": {"type": "Polygon", "coordinates": [[[104.691, -5.81], [104.685, -5.8], [104.664, -5.802], [104.654, -5.821], [104.665, -5.828], [104.682, -5.827], [104.691, -5.81]]]}}, {"type": "Feature", "properties": {"domain_id": "1811042006", "name": "GEDUNG BOGA"}, "geometry": {"type": "Polygon", "coordinates": [[[105.195, -4.069], [105.158, -4.071], [105.158, -4.098], [105.165, -4.098], [105.166, -4.112], [105.151, -4.113], [105.155, -4.129], [105.194, -4.105], [105.195, -4.069]]]}}, {"type": "Feature", "properties": {"domain_id": "1807162001", "name": "MATARAM BARU"}, "geometry": {"type": "Polygon", "coordinates": [[[105.779, -5.279], [105.754, -5.272], [105.741, -5.282], [105.751, -5.295], [105.756, -5.294], [105.752, -5.297], [105.761, -5.314], [105.781, -5.294], [105.779, -5.279]]]}}, {"type": "Feature", "properties": {"domain_id": "1806192001", "name": "BATU KRAMAT"}, "geometry": {"type": "Polygon", "coordinates": [[[104.727, -5.459], [104.69, -5.441], [104.696, -5.465], [104.708, -5.468], [104.72, -5.482], [104.741, -5.474], [104.727, -5.459]]]}}, {"type": "Feature", "properties": {"domain_id": "1806202003", "name": "KUTA DALOM"}, "geometry": {"type": "Polygon", "coordinates": [[[104.743, -5.424], [104.739, -5.407], [104.727, -5.408], [104.729, -5.418], [104.743, -5.424]]]}}, {"type": "Feature", "properties": {"domain_id": "1811042016", "name": "MARGO BHAKTI"}, "geometry": {"type": "Polygon", "coordinates": [[[105.109, -4.116], [105.104, -4.116], [105.104, -4.133], [105.126, -4.13], [105.128, -4.135], [105.142, -4.137], [105.155, -4.129], [105.154, -4.124], [105.129, -4.121], [105.113, -4.125], [105.109, -4.116]]]}}, {"type": "Feature", "properties": {"domain_id": "1806212010", "name": "WAY HALOM"}, "geometry": {"type": "Polygon", "coordinates": [[[104.772, -5.391], [104.763, -5.4], [104.771, -5.402], [104.77, -5.41], [104.777, -5.408], [104.794, -5.421], [104.795, -5.414], [104.785, -5.413], [104.772, -5.391]]]}}, {"type": "Feature", "properties": {"domain_id": "1806132002", "name": "SIDOMULYO"}, "geometry": {"type": "Polygon", "coordinates": [[[104.746, -5.34], [104.725, -5.34], [104.729, -5.362], [104.739, -5.361], [104.746, -5.34]]]}}, {"type": "Feature", "properties": {"domain_id": "1807012013", "name": "BUMI AYU"}, "geometry": {"type": "Polygon", "coordinates": [[[105.489, -5.017], [105.473, -5.015], [105.479, -5.033], [105.494, -5.022], [105.489, -5.017]]]}}, {"type": "Feature", "properties": {"domain_id": "1807022007", "name": "MARGASARI"}, "geometry": {"type": "Polygon", "coordinates": [[[105.839, -5.285], [105.852, -5.275], [105.845, -5.296], [105.864, -5.255], [105.863, -5.244], [105.853, -5.255], [105.835, -5.256], [105.829, -5.282], [105.839, -5.285]]]}}, {"type": "Feature", "properties": {"domain_id": "1807032016", "name": "MEKAR JAYA"}, "geometry": {"type": "Polygon", "coordinates": [[[105.74, -5.577], [105.739, -5.572], [105.732, -5.573], [105.734, -5.565], [105.719, -5.562], [105.722, -5.556], [105.704, -5.549], [105.676, -5.573], [105.727, -5.591], [105.728, -5.585], [105.734, -5.59], [105.74, -5.577]]]}}, {"type": "Feature", "properties": {"domain_id": "1806182005", "name": "KANDANG BESI"}, "geometry": {"type": "Polygon", "coordinates": [[[104.58, -5.505], [104.574, -5.481], [104.567, -5.481], [104.563, -5.488], [104.57, -5.493], [104.57, -5.508], [104.58, -5.505]]]}}, {"type": "Feature", "properties": {"domain_id": "1806172010", "name": "UMBAR"}, "geometry": {"type": "MultiPolygon", "coordinates": [[[[104.995, -5.65], [104.988, -5.66], [104.963, -5.665], [104.962, -5.679], [104.95, -5.676], [104.935, -5.702], [104.959, -5.71], [104.959, -5.697], [104.965, -5.693], [104.972, -5.699], [104.967, -5.715], [104.991, -5.699], [104.99, -5.689], [105.001, -5.689], [104.996, -5.678], [105.004, -5.664], [104.995, -5.65]]], [[[104.955, -5.711], [104.954, -5.71], [104.954, -5.711], [104.955, -5.711]]], [[[104.967, -5.705], [104.967, -5.704], [104.966, -5.704], [104.967, -5.705]]], [[[104.969, -5.704], [104.968, -5.704], [104.968, -5.705], [104.969, -5.704]]]]}}, {"type": "Feature", "properties": {"domain_id": "1811042013", "name": "GEDUNG SRI MULYO"}, "geometry": {"type": "Polygon", "coordinates": [[[105.154, -4.124], [105.151, -4.113], [105.166, -4.112], [105.165, -4.098], [105.158, -4.098], [105.158, -4.071], [105.109, -4.072], [105.109, -4.081], [105.121, -4.081], [105.121, -4.086], [105.146, -4.087], [105.142, -4.124], [105.154, -4.124]]]}}, {"type": "Feature", "properties": {"domain_id": "1806182010", "name": "MAJA"}, "geometry": {"type": "Polygon", "coordinates": [[[104.601, -5.468], [104.594, -5.467], [104.596, -5.475], [104.601, -5.476], [104.601, -5.468]]]}}, {"type": "Feature", "properties": {"domain_id": "1807042007", "name": "JOJOG"}, "geometry": {"type": "Polygon", "coordinates": [[[105.413, -5.041], [105.402, -5.03], [105.399, -5.037], [105.388, -5.036], [105.381, -5.049], [105.39, -5.062], [105.406, -5.058], [105.413, -5.041]]]}}, {"type": "Feature", "properties": {"domain_id": "1807042009", "name": "KALIBENING"}, "geometry": {"type": "Polygon", "coordinates": [[[105.343, -5.051], [105.325, -5.059], [105.322, -5.07], [105.313, -5.075], [105.343, -5.071], [105.346, -5.065], [105.337, -5.064], [105.342, -5.058], [105.337, -5.058], [105.343, -5.051]]]}}, {"type": "Feature", "properties": {"domain_id": "1807052004", "name": "TRIMULYO"}, "geometry": {"type": "Polygon", "coordinates": [[[105.459, -5.16], [105.446, -5.154], [105.45, -5.159], [105.443, -5.159], [105.44, -5.171], [105.451, -5.179], [105.449, -5.184], [105.454, -5.18], [105.452, -5.191], [105.463, -5.19], [105.472, -5.196], [105.48, -5.189], [105.477, -5.177], [105.452, -5.169], [105.459, -5.16]]]}}, {"type": "Feature", "properties": {"domain_id": "1807052001", "name": "SUMBER GEDE"}, "geometry": {"type": "Polygon", "coordinates": [[[105.428, -5.12], [105.421, -5.117], [105.417, -5.13], [105.405, -5.134], [105.423, -5.127], [105.428, -5.135], [105.436, -5.135], [105.454, -5.125], [105.443, -5.121], [105.435, -5.125], [105.434, -5.12], [105.426, -5.125], [105.428, -5.12]]]}}, {"type": "Feature", "properties": {"domain_id": "1807052005", "name": "GIRIKARTO"}, "geometry": {"type": "Polygon", "coordinates": [[[105.492, -5.158], [105.486, -5.144], [105.473, -5.144], [105.466, -5.151], [105.473, -5.166], [105.482, -5.166], [105.483, -5.159], [105.492, -5.158]]]}}, {"type": "Feature", "properties": {"domain_id": "1807052012", "name": "SUMBER SARI"}, "geometry": {"type": "Polygon", "coordinates": [[[105.496, -5.121], [105.472, -5.121], [105.469, -5.135], [105.5, -5.134], [105.494, -5.129], [105.496, -5.121]]]}}, {"type": "Feature", "properties": {"domain_id": "1807072007", "name": "JEPARA"}, "geometry": {"type": "Polygon", "coordinates": [[[105.736, -5.197], [105.695, -5.2], [105.689, -5.224], [105.726, -5.225], [105.728, -5.215], [105.722, -5.216], [105.733, -5.21], [105.736, -5.197]]]}}, {"type": "Feature", "properties": {"domain_id": "1806242002", "name": "KURIPAN"}, "geometry": {"type": "Polygon", "coordinates": [[[104.839, -5.601], [104.805, -5.594], [104.805, -5.615], [104.839, -5.601]]]}}, {"type": "Feature", "properties": {"domain_id": "1807062013", "name": "BUMI MAS"}, "geometry": {"type": "Polygon", "coordinates": [[[105.402, -5.114], [105.392, -5.105], [105.39, -5.122], [105.404, -5.134], [105.402, -5.114]]]}}, {"type": "Feature", "properties": {"domain_id": "1806252003", "name": "SANGGI"}, "geometry": {"type": "Polygon", "coordinates": [[[104.491, -5.426], [104.49, -5.415], [104.476, -5.413], [104.47, -5.446], [104.481, -5.458], [104.491, -5.426]]]}}, {"type": "Feature", "properties": {"domain_id": "1806252002", "name": "BANDAR SUKABUMI"}, "geometry": {"type": "Polygon", "coordinates": [[[104.513, -5.423], [104.51, -5.419], [104.492, -5.431], [104.484, -5.457], [104.493, -5.47], [104.504, -5.434], [104.513, -5.423]]]}}, {"type": "Feature", "properties": {"domain_id": "1807162002", "name": "RAJABASA BARU"}, "geometry": {"type": "Polygon", "coordinates": [[[105.747, -5.258], [105.735, -5.262], [105.726, -5.254], [105.713, -5.261], [105.727, -5.293], [105.753, -5.273], [105.747, -5.258]]]}}, {"type": "Feature", "properties": {"domain_id": "1806242011", "name": "TANJUNG JAYA"}, "geometry": {"type": "Polygon", "coordinates": [[[104.838, -5.631], [104.852, -5.615], [104.852, -5.606], [104.829, -5.618], [104.831, -5.628], [104.838, -5.631]]]}}, {"type": "Feature", "properties": {"domain_id": "1807162003", "name": "TELUK DALEM"}, "geometry": {"type": "Polygon", "coordinates": [[[105.756, -5.235], [105.738, -5.235], [105.726, -5.252], [105.712, -5.252], [105.713, -5.261], [105.726, -5.254], [105.735, -5.262], [105.748, -5.259], [105.758, -5.243], [105.776, -5.243], [105.756, -5.235]]]}}, {"type": "Feature", "properties": {"domain_id": "1807162005", "name": "TULUNG PASIK"}, "geometry": {"type": "Polygon", "coordinates": [[[105.758, -5.323], [105.773, -5.31], [105.802, -5.301], [105.807, -5.29], [105.798, -5.297], [105.781, -5.293], [105.771, -5.298], [105.758, -5.323]]]}}, {"type": "Feature", "properties": {"domain_id": "1808052005", "name": "MESIR ILIR"}, "geometry": {"type": "MultiPolygon", "coordinates": [[[[104.67, -4.26], [104.668, -4.252], [104.659, -4.249], [104.663, -4.286], [104.657, -4.317], [104.681, -4.322], [104.68, -4.295], [104.685, -4.285], [104.67, -4.26]]], [[[104.604, -4.4], [104.605, -4.392], [104.602, -4.396], [104.604, -4.4]]]]}}, {"type": "Feature", "properties": {"domain_id": "1807202001", "name": "SUMBEREJO"}, "geometry": {"type": "Polygon", "coordinates": [[[105.618, -5.429], [105.621, -5.413], [105.611, -5.401], [105.572, -5.431], [105.602, -5.44], [105.615, -5.438], [105.618, -5.429]]]}}, {"type": "Feature", "properties": {"domain_id": "1807202011", "name": "KARYA BASUKI"}, "geometry": {"type": "Polygon", "coordinates": [[[105.572, -5.431], [105.563, -5.425], [105.559, -5.431], [105.548, -5.428], [105.545, -5.452], [105.586, -5.455], [105.589, -5.463], [105.592, -5.455], [105.586, -5.448], [105.578, -5.451], [105.572, -5.431]]]}}, {"type": "Feature", "properties": {"domain_id": "1806272010", "name": "TANJUNG SARI"}, "geometry": {"type": "Polygon", "coordinates": [[[104.887, -5.461], [104.878, -5.462], [104.871, -5.479], [104.886, -5.48], [104.88, -5.472], [104.887, -5.461]]]}}, {"type": "Feature", "properties": {"domain_id": "1807022010", "name": "KARANG ANYAR"}, "geometry": {"type": "Polygon", "coordinates": [[[105.861, -5.174], [105.829, -5.174], [105.822, -5.211], [105.812, -5.22], [105.817, -5.233], [105.798, -5.242], [105.796, -5.252], [105.816, -5.258], [105.836, -5.257], [105.831, -5.254], [105.839, -5.232], [105.835, -5.218], [105.849, -5.202], [105.861, -5.202], [105.861, -5.174]]]}}, {"type": "Feature", "properties": {"domain_id": "1809012018", "name": "KARANG ANYAR"}, "geometry": {"type": "Polygon", "coordinates": [[[105.107, -5.357], [105.086, -5.36], [105.086, -5.366], [105.1, -5.37], [105.107, -5.357]]]}}, {"type": "Feature", "properties": {"domain_id": "1809022003", "name": "PURWOREJO"}, "geometry": {"type": "Polygon", "coordinates": [[[105.088, -5.344], [105.069, -5.342], [105.068, -5.361], [105.081, -5.363], [105.081, -5.35], [105.088, -5.344]]]}}, {"type": "Feature", "properties": {"domain_id": "1807222007", "name": "BRAJA MULYA"}, "geometry": {"type": "Polygon", "coordinates": [[[105.787, -5.213], [105.777, -5.212], [105.773, -5.222], [105.782, -5.236], [105.781, -5.247], [105.792, -5.235], [105.787, -5.213]]]}}, {"type": "Feature", "properties": {"domain_id": "1807242006", "name": "GUNUNG MAS"}, "geometry": {"type": "Polygon", "coordinates": [[[105.657, -5.347], [105.647, -5.342], [105.626, -5.345], [105.618, -5.363], [105.624, -5.374], [105.633, -5.377], [105.657, -5.347]]]}}, {"type": "Feature", "properties": {"domain_id": "1808012011", "name": "SEGARA MIDER"}, "geometry": {"type": "Polygon", "coordinates": [[[104.497, -4.363], [104.497, -4.353], [104.491, -4.383], [104.498, -4.403], [104.521, -4.408], [104.524, -4.401], [104.535, -4.399], [104.564, -4.412], [104.56, -4.389], [104.522, -4.384], [104.497, -4.363]]]}}, {"type": "Feature", "properties": {"domain_id": "1808012012", "name": "UMPU BHAKTI"}, "geometry": {"type": "Polygon", "coordinates": [[[104.489, -4.52], [104.509, -4.517], [104.51, -4.479], [104.483, -4.483], [104.486, -4.49], [104.479, -4.495], [104.489, -4.52]]]}}, {"type": "Feature", "properties": {"domain_id": "1808112012", "name": "ADI JAYA"}, "geometry": {"type": "Polygon", "coordinates": [[[104.993, -4.322], [104.947, -4.318], [104.946, -4.351], [105.003, -4.353], [104.996, -4.332], [104.989, -4.334], [104.993, -4.322]]]}}, {"type": "Feature", "properties": {"domain_id": "1808122002", "name": "KILING-KILING"}, "geometry": {"type": "Polygon", "coordinates": [[[104.933, -4.383], [104.918, -4.382], [104.908, -4.374], [104.912, -4.416], [104.944, -4.435], [104.953, -4.428], [104.948, -4.418], [104.964, -4.409], [104.965, -4.392], [104.955, -4.38], [104.933, -4.383]]]}}, {"type": "Feature", "properties": {"domain_id": "1808092010", "name": "MULYA JAYA"}, "geometry": {"type": "Polygon", "coordinates": [[[104.321, -4.674], [104.309, -4.669], [104.292, -4.673], [104.287, -4.684], [104.29, -4.704], [104.315, -4.706], [104.321, -4.674]]]}}, {"type": "Feature", "properties": {"domain_id": "1808102007", "name": "GUNUNG SARI"}, "geometry": {"type": "Polygon", "coordinates": [[[104.636, -4.765], [104.631, -4.761], [104.618, -4.769], [104.605, -4.788], [104.621, -4.789], [104.624, -4.795], [104.645, -4.781], [104.636, -4.765]]]}}, {"type": "Feature", "properties": {"domain_id": "1808102017", "name": "BANJAR RATU"}, "geometry": {"type": "Polygon", "coordinates": [[[104.561, -4.814], [104.544, -4.81], [104.534, -4.799], [104.528, -4.802], [104.521, -4.818], [104.528, -4.827], [104.523, -4.84], [104.542, -4.841], [104.542, -4.849], [104.555, -4.849], [104.549, -4.833], [104.562, -4.829], [104.561, -4.814]]]}}, {"type": "Feature", "properties": {"domain_id": "1808132005", "name": "SUKA AGUNG"}, "geometry": {"type": "Polygon", "coordinates": [[[104.551, -4.268], [104.551, -4.257], [104.525, -4.264], [104.524, -4.278], [104.551, -4.268]]]}}, {"type": "Feature", "properties": {"domain_id": "1808152013", "name": "OJO LALI"}, "geometry": {"type": "Polygon", "coordinates": [[[104.51, -4.686], [104.502, -4.677], [104.496, -4.687], [104.491, -4.681], [104.478, -4.703], [104.518, -4.701], [104.51, -4.686]]]}}, {"type": "Feature", "properties": {"domain_id": "1809022002", "name": "KALI REJO"}, "geometry": {"type": "Polygon", "coordinates": [[[105.109, -5.332], [105.095, -5.323], [105.08, -5.325], [105.109, -5.351], [105.123, -5.339], [105.108, -5.337], [105.109, -5.332]]]}}, {"type": "Feature", "properties": {"domain_id": "1809032010", "name": "GERNING"}, "geometry": {"type": "Polygon", "coordinates": [[[105.093, -5.151], [105.069, -5.15], [105.051, -5.172], [105.054, -5.178], [105.081, -5.186], [105.085, -5.17], [105.1, -5.162], [105.093, -5.151]]]}}, {"type": "Feature", "properties": {"domain_id": "1809042013", "name": "MARGODADI"}, "geometry": {"type": "Polygon", "coordinates": [[[105.114, -5.507], [105.102, -5.503], [105.057, -5.454], [105.042, -5.458], [105.036, -5.475], [105.066, -5.485], [105.083, -5.507], [105.094, -5.513], [105.114, -5.507]]]}}, {"type": "Feature", "properties": {"domain_id": "1809062017", "name": "PAGAR JAYA"}, "geometry": {"type": "MultiPolygon", "coordinates": [[[[105.207, -5.766], [105.203, -5.773], [105.179, -5.771], [105.176, -5.778], [105.17, -5.774], [105.163, -5.793], [105.195, -5.795], [105.208, -5.784], [105.22, -5.79], [105.222, -5.779], [105.207, -5.766]]], [[[105.205, -5.793], [105.204, -5.793], [105.203, -5.793], [105.205, -5.793]]], [[[105.198, -5.792], [105.197, -5.793], [105.198, -5.794], [105.198, -5.792]]], [[[105.203, -5.792], [105.202, -5.792], [105.203, -5.793], [105.203, -5.792]]], [[[105.18, -5.752], [105.178, -5.755], [105.183, -5.756], [105.18, -5.752]]]]}}, {"type": "Feature", "properties": {"domain_id": "1809062020", "name": "SUKA MAJU"}, "geometry": {"type": "Polygon", "coordinates": [[[105.17, -5.774], [105.162, -5.77], [105.167, -5.762], [105.153, -5.762], [105.134, -5.776], [105.146, -5.79], [105.163, -5.793], [105.17, -5.774]]]}}, {"type": "Feature", "properties": {"domain_id": "1810032006", "name": "JATI AGUNG"}, "geometry": {"type": "Polygon", "coordinates": [[[104.959, -5.386], [104.937, -5.388], [104.937, -5.405], [104.953, -5.404], [104.959, -5.386]]]}}, {"type": "Feature", "properties": {"domain_id": "1810052006", "name": "PAGELARAN"}, "geometry": {"type": "Polygon", "coordinates": [[[104.892, -5.356], [104.892, -5.351], [104.881, -5.355], [104.885, -5.363], [104.88, -5.376], [104.887, -5.383], [104.892, -5.356]]]}}, {"type": "Feature", "properties": {"domain_id": "1810072013", "name": "KUTA WARINGIN"}, "geometry": {"type": "Polygon", "coordinates": [[[105.022, -5.237], [105.015, -5.225], [104.993, -5.235], [104.993, -5.242], [105.002, -5.25], [105.017, -5.246], [105.022, -5.237]]]}}, {"type": "Feature", "properties": {"domain_id": "1810082001", "name": "SINAR BARU"}, "geometry": {"type": "Polygon", "coordinates": [[[104.96, -5.299], [104.951, -5.292], [104.929, -5.293], [104.925, -5.304], [104.947, -5.317], [104.96, -5.299]]]}}, {"type": "Feature", "properties": {"domain_id": "1811072021", "name": "BUJUNG BURING BARU"}, "geometry": {"type": "Polygon", "coordinates": [[[105.354, -3.942], [105.332, -3.919], [105.32, -3.928], [105.343, -3.954], [105.354, -3.942]]]}}, {"type": "Feature", "properties": {"domain_id": "1812012012", "name": "TUNAS ASRI"}, "geometry": {"type": "Polygon", "coordinates": [[[105.173, -4.647], [105.159, -4.639], [105.143, -4.64], [105.145, -4.665], [105.161, -4.673], [105.173, -4.647]]]}}, {"type": "Feature", "properties": {"domain_id": "1812072010", "name": "KIBANG MULYA JAYA"}, "geometry": {"type": "Polygon", "coordinates": [[[105.144, -4.323], [105.144, -4.312], [105.134, -4.314], [105.132, -4.325], [105.126, -4.322], [105.119, -4.327], [105.119, -4.342], [105.131, -4.342], [105.144, -4.323]]]}}, {"type": "Feature", "properties": {"domain_id": "1813022003", "name": "PELITA JAYA"}, "geometry": {"type": "Polygon", "coordinates": [[[104.149, -5.19], [104.133, -5.182], [104.1, -5.225], [104.007, -5.261], [104.002, -5.274], [104.008, -5.291], [104.024, -5.276], [104.029, -5.287], [104.051, -5.291], [104.122, -5.233], [104.149, -5.19]]]}}, {"type": "Feature", "properties": {"domain_id": "1813022009", "name": "WAY JAMBU"}, "geometry": {"type": "Polygon", "coordinates": [[[104.051, -5.337], [104.041, -5.326], [104.027, -5.334], [104.032, -5.345], [104.026, -5.357], [104.032, -5.365], [104.052, -5.357], [104.051, -5.337]]]}}, {"type": "Feature", "properties": {"domain_id": "1813032004", "name": "LEMONG"}, "geometry": {"type": "Polygon", "coordinates": [[[103.67, -4.852], [103.664, -4.855], [103.69, -4.909], [103.67, -4.95], [103.68, -4.971], [103.686, -4.962], [103.7, -4.96], [103.702, -4.926], [103.694, -4.916], [103.67, -4.852]]]}}, {"type": "Feature", "properties": {"domain_id": "1813072010", "name": "GUNUNGKEMALA TIMUR"}, "geometry": {"type": "Polygon", "coordinates": [[[103.998, -5.16], [104.017, -5.126], [104.007, -5.1], [103.988, -5.137], [103.966, -5.142], [103.949, -5.153], [103.998, -5.16]]]}}, {"type": "Feature", "properties": {"domain_id": "1813112012", "name": "WAY TIAS"}, "geometry": {"type": "Polygon", "coordinates": [[[104.486, -5.719], [104.466, -5.719], [104.444, -5.741], [104.448, -5.737], [104.471, -5.744], [104.471, -5.733], [104.49, -5.729], [104.486, -5.719]]]}}, {"type": "Feature", "properties": {"domain_id": "1871011004", "name": "SURABAYA"}, "geometry": {"type": "Polygon", "coordinates": [[[105.265, -5.385], [105.261, -5.386], [105.261, -5.399], [105.265, -5.385]]]}}, {"type": "Feature", "properties": {"domain_id": "1871061006", "name": "KALIAWI"}, "geometry": {"type": "Polygon", "coordinates": [[[105.256, -5.412], [105.247, -5.412], [105.247, -5.415], [105.256, -5.412]]]}}, {"type": "Feature", "properties": {"domain_id": "1871071008", "name": "TALANG"}, "geometry": {"type": "Polygon", "coordinates": [[[105.263, -5.446], [105.255, -5.441], [105.257, -5.45], [105.263, -5.446]]]}}, {"type": "Feature", "properties": {"domain_id": "1871121009", "name": "CAMPANG JAYA"}, "geometry": {"type": "Polygon", "coordinates": [[[105.307, -5.401], [105.294, -5.407], [105.296, -5.427], [105.318, -5.412], [105.32, -5.405], [105.305, -5.405], [105.307, -5.401]]]}}, {"type": "Feature", "properties": {"domain_id": "1871131005", "name": "SUMBER AGUNG"}, "geometry": {"type": "Polygon", "coordinates": [[[105.198, -5.404], [105.184, -5.399], [105.18, -5.417], [105.201, -5.416], [105.198, -5.404]]]}}, {"type": "Feature", "properties": {"domain_id": "1871191001", "name": "KOTA KARANG"}, "geometry": {"type": "MultiPolygon", "coordinates": [[[[105.258, -5.453], [105.265, -5.46], [105.262, -5.453], [105.258, -5.453]]], [[[105.264, -5.462], [105.265, -5.466], [105.266, -5.465], [105.264, -5.462]]]]}}, {"type": "Feature", "properties": {"domain_id": "1872031001", "name": "MULYOJATI"}, "geometry": {"type": "Polygon", "coordinates": [[[105.309, -5.131], [105.291, -5.132], [105.284, -5.141], [105.291, -5.149], [105.297, -5.138], [105.312, -5.137], [105.309, -5.131]]]}}, {"type": "Feature", "properties": {"domain_id": "1809022010", "name": "SINAR BANDUNG"}, "geometry": {"type": "Polygon", "coordinates": [[[105.126, -5.193], [105.11, -5.181], [105.098, -5.203], [105.119, -5.201], [105.126, -5.193]]]}}, {"type": "Feature", "properties": {"domain_id": "1809022019", "name": "NEGERI ULANGAN JAYA"}, "geometry": {"type": "Polygon", "coordinates": [[[105.156, -5.232], [105.157, -5.243], [105.151, -5.249], [105.16, -5.255], [105.155, -5.26], [105.172, -5.271], [105.167, -5.238], [105.156, -5.232]]]}}, {"type": "Feature", "properties": {"domain_id": "1812052010", "name": "TRI TUNGGAL JAYA"}, "geometry": {"type": "Polygon", "coordinates": [[[105.053, -4.143], [105.044, -4.151], [105.036, -4.185], [105.06, -4.181], [105.053, -4.143]]]}}, {"type": "Feature", "properties": {"domain_id": "1809052011", "name": "PADANG CERMIN"}, "geometry": {"type": "Polygon", "coordinates": [[[105.173, -5.51], [105.127, -5.495], [105.118, -5.506], [105.102, -5.509], [105.118, -5.529], [105.12, -5.558], [105.129, -5.566], [105.129, -5.594], [105.136, -5.602], [105.143, -5.601], [105.147, -5.587], [105.154, -5.582], [105.18, -5.589], [105.187, -5.56], [105.173, -5.51]]]}}, {"type": "Feature", "properties": {"domain_id": "1809052012", "name": "SANGGI"}, "geometry": {"type": "Polygon", "coordinates": [[[105.177, -5.589], [105.154, -5.582], [105.147, -5.587], [105.147, -5.62], [105.153, -5.615], [105.169, -5.624], [105.174, -5.614], [105.167, -5.601], [105.173, -5.6], [105.177, -5.589]]]}}, {"type": "Feature", "properties": {"domain_id": "1810022002", "name": "BLITAREJO"}, "geometry": {"type": "Polygon", "coordinates": [[[105.001, -5.39], [104.984, -5.389], [104.979, -5.403], [104.999, -5.405], [105.001, -5.39]]]}}, {"type": "Feature", "properties": {"domain_id": "1810022007", "name": "WONODADI"}, "geometry": {"type": "Polygon", "coordinates": [[[105.05, -5.367], [105.037, -5.369], [105.054, -5.389], [105.062, -5.388], [105.061, -5.374], [105.05, -5.367]]]}}, {"type": "Feature", "properties": {"domain_id": "1810022009", "name": "TEGALSARI"}, "geometry": {"type": "Polygon", "coordinates": [[[105.069, -5.342], [105.07, -5.336], [105.054, -5.34], [105.057, -5.363], [105.068, -5.361], [105.069, -5.342]]]}}, {"type": "Feature", "properties": {"domain_id": "1810042011", "name": "PARDASUKA TIMUR"}, "geometry": {"type": "Polygon", "coordinates": [[[104.941, -5.48], [104.942, -5.472], [104.931, -5.486], [104.934, -5.498], [104.934, -5.486], [104.941, -5.48]]]}}, {"type": "Feature", "properties": {"domain_id": "1810052007", "name": "PATOMAN"}, "geometry": {"type": "Polygon", "coordinates": [[[104.908, -5.373], [104.907, -5.364], [104.903, -5.365], [104.891, -5.371], [104.888, -5.382], [104.902, -5.382], [104.908, -5.373]]]}}, {"type": "Feature", "properties": {"domain_id": "1807192002", "name": "MULYO SARI"}, "geometry": {"type": "Polygon", "coordinates": [[[105.822, -5.501], [105.787, -5.498], [105.786, -5.505], [105.762, -5.506], [105.749, -5.523], [105.816, -5.526], [105.822, -5.511], [105.824, -5.516], [105.822, -5.501]]]}}, {"type": "Feature", "properties": {"domain_id": "1808032007", "name": "BALI SADHAR TENGAH"}, "geometry": {"type": "MultiPolygon", "coordinates": [[[[104.488, -4.742], [104.492, -4.756], [104.487, -4.775], [104.505, -4.775], [104.51, -4.744], [104.488, -4.742]]]]}}, {"type": "Feature", "properties": {"domain_id": "1808042012", "name": "BANJAR AGUNG"}, "geometry": {"type": "Polygon", "coordinates": [[[104.567, -4.775], [104.565, -4.765], [104.558, -4.767], [104.551, -4.785], [104.539, -4.788], [104.554, -4.795], [104.567, -4.775]]]}}, {"type": "Feature", "properties": {"domain_id": "1808072001", "name": "NEGERI AGUNG"}, "geometry": {"type": "Polygon", "coordinates": [[[104.613, -4.563], [104.594, -4.573], [104.587, -4.603], [104.601, -4.598], [104.612, -4.61], [104.631, -4.604], [104.614, -4.587], [104.613, -4.563]]]}}, {"type": "Feature", "properties": {"domain_id": "1811062005", "name": "FAJAR ASRI"}, "geometry": {"type": "Polygon", "coordinates": [[[105.267, -3.911], [105.259, -3.908], [105.26, -3.894], [105.241, -3.906], [105.237, -3.923], [105.266, -3.925], [105.267, -3.911]]]}}, {"type": "Feature", "properties": {"domain_id": "1809052017", "name": "WAY URANG"}, "geometry": {"type": "Polygon", "coordinates": [[[105.117, -5.602], [105.112, -5.58], [105.106, -5.577], [105.108, -5.581], [105.099, -5.583], [105.105, -5.59], [105.105, -5.607], [105.116, -5.607], [105.117, -5.602]]]}}, {"type": "Feature", "properties": {"domain_id": "1808112003", "name": "PURWA NEGARA"}, "geometry": {"type": "Polygon", "coordinates": [[[104.814, -4.373], [104.807, -4.364], [104.789, -4.367], [104.79, -4.397], [104.808, -4.401], [104.811, -4.394], [104.823, -4.392], [104.814, -4.373]]]}}, {"type": "Feature", "properties": {"domain_id": "1808122005", "name": "BIMA SAKTI"}, "geometry": {"type": "Polygon", "coordinates": [[[104.96, -4.455], [104.94, -4.452], [104.937, -4.463], [104.931, -4.465], [104.951, -4.471], [104.959, -4.483], [104.969, -4.467], [104.96, -4.455]]]}}, {"type": "Feature", "properties": {"domain_id": "1805132023", "name": "WIRA AGUNG SARI"}, "geometry": {"type": "Polygon", "coordinates": [[[105.478, -4.135], [105.467, -4.135], [105.467, -4.162], [105.459, -4.162], [105.466, -4.167], [105.469, -4.199], [105.472, -4.156], [105.485, -4.151], [105.484, -4.135], [105.478, -4.135]]]}}, {"type": "Feature", "properties": {"domain_id": "1803092003", "name": "WONO MARTO"}, "geometry": {"type": "Polygon", "coordinates": [[[104.892, -4.724], [104.89, -4.701], [104.903, -4.693], [104.904, -4.68], [104.845, -4.683], [104.848, -4.688], [104.84, -4.695], [104.849, -4.7], [104.845, -4.706], [104.858, -4.725], [104.841, -4.729], [104.836, -4.733], [104.838, -4.739], [104.866, -4.736], [104.869, -4.744], [104.877, -4.744], [104.89, -4.736], [104.892, -4.724]]]}}, {"type": "Feature", "properties": {"domain_id": "1807112004", "name": "NEGERI AGUNG"}, "geometry": {"type": "Polygon", "coordinates": [[[105.524, -5.187], [105.479, -5.186], [105.493, -5.191], [105.5, -5.202], [105.513, -5.2], [105.524, -5.187]]]}}, {"type": "Feature", "properties": {"domain_id": "1803102006", "name": "KARANG AGUNG"}, "geometry": {"type": "Polygon", "coordinates": [[[104.841, -4.866], [104.829, -4.861], [104.823, -4.867], [104.835, -4.873], [104.841, -4.866]]]}}, {"type": "Feature", "properties": {"domain_id": "1811072012", "name": "SINAR LAGA"}, "geometry": {"type": "Polygon", "coordinates": [[[105.425, -3.967], [105.406, -3.944], [105.379, -3.965], [105.389, -3.981], [105.407, -3.99], [105.42, -3.983], [105.425, -3.967]]]}}, {"type": "Feature", "properties": {"domain_id": "1804102009", "name": "SUKARAJA"}, "geometry": {"type": "Polygon", "coordinates": [[[104.158, -4.997], [104.152, -4.989], [104.139, -4.993], [104.151, -5.004], [104.158, -4.997]]]}}, {"type": "Feature", "properties": {"domain_id": "1806252004", "name": "RAJABASA"}, "geometry": {"type": "Polygon", "coordinates": [[[104.47, -5.446], [104.464, -5.439], [104.464, -5.451], [104.473, -5.453], [104.47, -5.446]]]}}, {"type": "Feature", "properties": {"domain_id": "1807212006", "name": "RAJABASA LAMA"}, "geometry": {"type": "Polygon", "coordinates": [[[105.681, -5.085], [105.671, -5.081], [105.669, -5.089], [105.663, -5.09], [105.652, -5.087], [105.653, -5.082], [105.643, -5.083], [105.63, -5.125], [105.661, -5.122], [105.667, -5.113], [105.661, -5.107], [105.681, -5.085]]]}}, {"type": "Feature", "properties": {"domain_id": "1801042022", "name": "KRAWANG SARI"}, "geometry": {"type": "Polygon", "coordinates": [[[105.266, -5.308], [105.263, -5.297], [105.273, -5.272], [105.263, -5.26], [105.254, -5.264], [105.25, -5.282], [105.231, -5.307], [105.266, -5.308]]]}}, {"type": "Feature", "properties": {"domain_id": "1801232008", "name": "KARANG PUCUNG"}, "geometry": {"type": "Polygon", "coordinates": [[[105.552, -5.487], [105.556, -5.483], [105.55, -5.472], [105.551, -5.451], [105.537, -5.453], [105.528, -5.468], [105.533, -5.493], [105.544, -5.485], [105.552, -5.487]]]}}, {"type": "Feature", "properties": {"domain_id": "1801052008", "name": "SABAH BALAU"}, "geometry": {"type": "Polygon", "coordinates": [[[105.356, -5.378], [105.353, -5.37], [105.34, -5.367], [105.331, -5.356], [105.308, -5.361], [105.316, -5.388], [105.324, -5.389], [105.325, -5.406], [105.34, -5.415], [105.34, -5.386], [105.356, -5.378]]]}}, {"type": "Feature", "properties": {"domain_id": "1801052015", "name": "PURWODADI SIMPANG"}, "geometry": {"type": "Polygon", "coordinates": [[[105.437, -5.326], [105.414, -5.331], [105.405, -5.344], [105.412, -5.361], [105.407, -5.367], [105.451, -5.348], [105.452, -5.341], [105.437, -5.326]]]}}, {"type": "Feature", "properties": {"domain_id": "1801082007", "name": "TANJUNGAN"}, "geometry": {"type": "Polygon", "coordinates": [[[105.477, -5.524], [105.456, -5.525], [105.446, -5.539], [105.454, -5.552], [105.475, -5.543], [105.477, -5.524]]]}}, {"type": "Feature", "properties": {"domain_id": "1801092017", "name": "SUKAJAYA"}, "geometry": {"type": "MultiPolygon", "coordinates": [[[[105.704, -5.769], [105.701, -5.768], [105.7, -5.775], [105.704, -5.769]]], [[[105.709, -5.777], [105.707, -5.78], [105.711, -5.78], [105.709, -5.777]]], [[[105.701, -5.767], [105.702, -5.765], [105.701, -5.766], [105.701, -5.767]]]]}}, {"type": "Feature", "properties": {"domain_id": "1801102011", "name": "PULAU TENGAH"}, "geometry": {"type": "Polygon", "coordinates": [[[105.714, -5.594], [105.687, -5.593], [105.69, -5.608], [105.705, -5.609], [105.714, -5.594]]]}}, {"type": "Feature", "properties": {"domain_id": "1802052001", "name": "DEPOK REJO"}, "geometry": {"type": "Polygon", "coordinates": [[[105.275, -5.159], [105.241, -5.168], [105.255, -5.179], [105.27, -5.176], [105.272, -5.18], [105.287, -5.17], [105.279, -5.17], [105.275, -5.159]]]}}, {"type": "Feature", "properties": {"domain_id": "1801102016", "name": "PEMATANG BARU"}, "geometry": {"type": "Polygon", "coordinates": [[[105.706, -5.651], [105.696, -5.649], [105.695, -5.661], [105.702, -5.67], [105.699, -5.685], [105.708, -5.677], [105.71, -5.658], [105.706, -5.651]]]}}, {"type": "Feature", "properties": {"domain_id": "1801142010", "name": "SIDOASIH"}, "geometry": {"type": "MultiPolygon", "coordinates": [[[[105.779, -5.631], [105.772, -5.63], [105.77, -5.647], [105.783, -5.645], [105.786, -5.632], [105.779, -5.631]]], [[[105.783, -5.684], [105.777, -5.677], [105.784, -5.694], [105.783, -5.684]]]]}}, {"type": "Feature", "properties": {"domain_id": "1801132019", "name": "KARANG SARI"}, "geometry": {"type": "Polygon", "coordinates": [[[105.299, -5.321], [105.272, -5.319], [105.274, -5.335], [105.281, -5.339], [105.29, -5.326], [105.302, -5.326], [105.299, -5.321]]]}}, {"type": "Feature", "properties": {"domain_id": "1804222008", "name": "KEAGUNGAN"}, "geometry": {"type": "Polygon", "coordinates": [[[103.936, -4.975], [103.934, -4.954], [103.919, -4.948], [103.914, -4.96], [103.899, -4.948], [103.884, -4.949], [103.873, -4.964], [103.897, -4.973], [103.936, -4.975]]]}}, {"type": "Feature", "properties": {"domain_id": "1801162007", "name": "HARGO PANCURAN"}, "geometry": {"type": "Polygon", "coordinates": [[[105.682, -5.822], [105.675, -5.822], [105.671, -5.83], [105.685, -5.833], [105.682, -5.822]]]}}, {"type": "Feature", "properties": {"domain_id": "1801162016", "name": "WAI MULI TIMUR"}, "geometry": {"type": "Polygon", "coordinates": [[[105.65, -5.794], [105.636, -5.809], [105.637, -5.838], [105.643, -5.833], [105.642, -5.801], [105.65, -5.794]]]}}, {"type": "Feature", "properties": {"domain_id": "1801182001", "name": "MERBAU MATARAM"}, "geometry": {"type": "Polygon", "coordinates": [[[105.393, -5.446], [105.387, -5.434], [105.377, -5.441], [105.356, -5.438], [105.356, -5.453], [105.361, -5.456], [105.37, -5.452], [105.384, -5.457], [105.393, -5.446]]]}}, {"type": "Feature", "properties": {"domain_id": "1804042009", "name": "PADANG DALOM"}, "geometry": {"type": "Polygon", "coordinates": [[[104.119, -5.007], [104.088, -4.996], [104.089, -5.011], [104.108, -5.022], [104.119, -5.007]]]}}, {"type": "Feature", "properties": {"domain_id": "1802022005", "name": "BANGUN REJO"}, "geometry": {"type": "Polygon", "coordinates": [[[105.056, -5.143], [105.041, -5.142], [105.035, -5.134], [105.021, -5.148], [105.046, -5.174], [105.045, -5.155], [105.036, -5.143], [105.047, -5.148], [105.056, -5.143]]]}}, {"type": "Feature", "properties": {"domain_id": "1802032003", "name": "BANDAR SARI"}, "geometry": {"type": "Polygon", "coordinates": [[[104.973, -5.077], [104.974, -5.07], [104.963, -5.067], [104.95, -5.083], [104.948, -5.091], [104.955, -5.105], [104.973, -5.077]]]}}, {"type": "Feature", "properties": {"domain_id": "1807212011", "name": "LABUHAN RATU IX"}, "geometry": {"type": "Polygon", "coordinates": [[[105.862, -5.017], [105.77, -5.008], [105.698, -5.065], [105.664, -5.103], [105.702, -5.09], [105.705, -5.102], [105.71, -5.101], [105.778, -5.051], [105.858, -5.054], [105.862, -5.017]]]}}, {"type": "Feature", "properties": {"domain_id": "1802112005", "name": "UTAMA JAYA MATARAM"}, "geometry": {"type": "Polygon", "coordinates": [[[105.345, -4.817], [105.345, -4.804], [105.327, -4.81], [105.322, -4.828], [105.332, -4.834], [105.345, -4.817]]]}}, {"type": "Feature", "properties": {"domain_id": "1802162007", "name": "FAJAR ASRI"}, "geometry": {"type": "Polygon", "coordinates": [[[105.12, -4.936], [105.119, -4.916], [105.097, -4.924], [105.102, -4.942], [105.095, -4.959], [105.121, -4.956], [105.12, -4.936]]]}}, {"type": "Feature", "properties": {"domain_id": "1802172002", "name": "CANDI REJO"}, "geometry": {"type": "Polygon", "coordinates": [[[105.101, -4.89], [105.093, -4.874], [105.069, -4.892], [105.082, -4.899], [105.089, -4.891], [105.097, -4.895], [105.101, -4.89]]]}}, {"type": "Feature", "properties": {"domain_id": "1802182006", "name": "MATARAM UDIK"}, "geometry": {"type": "Polygon", "coordinates": [[[105.677, -4.485], [105.671, -4.499], [105.648, -4.509], [105.641, -4.501], [105.645, -4.483], [105.633, -4.482], [105.621, -4.518], [105.603, -4.522], [105.597, -4.514], [105.588, -4.515], [105.581, -4.535], [105.571, -4.519], [105.534, -4.52], [105.535, -4.509], [105.524, -4.507], [105.51, -4.492], [105.497, -4.495], [105.492, -4.483], [105.478, -4.497], [105.472, -4.49], [105.464, -4.497], [105.452, -4.493], [105.444, -4.503], [105.42, -4.508], [105.418, -4.699], [105.411, -4.696], [105.403, -4.723], [105.427, -4.732], [105.444, -4.723], [105.45, -4.744], [105.458, -4.738], [105.463, -4.741], [105.478, -4.692], [105.47, -4.661], [105.479, -4.661], [105.489, -4.649], [105.502, -4.652], [105.498, -4.66], [105.504, -4.66], [105.506, -4.649], [105.516, -4.655], [105.513, -4.645], [105.55, -4.634], [105.551, -4.612], [105.575, -4.617], [105.584, -4.597], [105.586, -4.606], [105.612, -4.628], [105.636, -4.624], [105.636, -4.638], [105.647, -4.634], [105.65, -4.612], [105.663, -4.618], [105.677, -4.615], [105.682, -4.634], [105.706, -4.639], [105.725, -4.669], [105.744, -4.664], [105.752, -4.673], [105.784, -4.659], [105.778, -4.606], [105.792, -4.589], [105.8, -4.592], [105.805, -4.586], [105.794, -4.58], [105.8, -4.57], [105.798, -4.558], [105.789, -4.549], [105.784, -4.557], [105.771, -4.553], [105.767, -4.543], [105.773, -4.532], [105.759, -4.532], [105.752, -4.521], [105.731, -4.537], [105.724, -4.528], [105.708, -4.528], [105.706, -4.518], [105.693, -4.513], [105.697, -4.495], [105.677, -4.485]]]}}, {"type": "Feature", "properties": {"domain_id": "1804041001", "name": "PASAR LIWA"}, "geometry": {"type": "Polygon", "coordinates": [[[104.08, -5.002], [104.068, -5.012], [104.076, -5.025], [104.071, -5.033], [104.081, -5.042], [104.088, -5.038], [104.089, -5.027], [104.08, -5.002]]]}}, {"type": "Feature", "properties": {"domain_id": "1802192020", "name": "PADANG REJO"}, "geometry": {"type": "Polygon", "coordinates": [[[104.867, -5.07], [104.852, -5.067], [104.84, -5.088], [104.862, -5.084], [104.867, -5.07]]]}}, {"type": "Feature", "properties": {"domain_id": "1804102001", "name": "KEMBAHANG"}, "geometry": {"type": "Polygon", "coordinates": [[[104.142, -4.998], [104.138, -4.993], [104.13, -5.0], [104.125, -5.019], [104.144, -5.03], [104.151, -5.004], [104.142, -4.998]]]}}, {"type": "Feature", "properties": {"domain_id": "1804062001", "name": "KENALI"}, "geometry": {"type": "Polygon", "coordinates": [[[104.213, -4.963], [104.21, -4.96], [104.184, -4.996], [104.199, -4.999], [104.209, -4.993], [104.213, -4.963]]]}}, {"type": "Feature", "properties": {"domain_id": "1803012003", "name": "SUKA MENANTI"}, "geometry": {"type": "Polygon", "coordinates": [[[104.612, -4.867], [104.588, -4.852], [104.58, -4.864], [104.581, -4.878], [104.59, -4.889], [104.612, -4.867]]]}}, {"type": "Feature", "properties": {"domain_id": "1805122014", "name": "KARYA CIPTA ABADI"}, "geometry": {"type": "Polygon", "coordinates": [[[105.766, -4.295], [105.764, -4.28], [105.746, -4.285], [105.766, -4.295]]]}}, {"type": "Feature", "properties": {"domain_id": "1806032010", "name": "SRIDADI"}, "geometry": {"type": "Polygon", "coordinates": [[[104.548, -5.481], [104.544, -5.471], [104.539, -5.472], [104.548, -5.481]]]}}, {"type": "Feature", "properties": {"domain_id": "1803062009", "name": "BUMI NABUNG"}, "geometry": {"type": "Polygon", "coordinates": [[[104.777, -4.85], [104.765, -4.844], [104.75, -4.86], [104.749, -4.856], [104.74, -4.862], [104.755, -4.877], [104.778, -4.878], [104.784, -4.873], [104.777, -4.85]]]}}, {"type": "Feature", "properties": {"domain_id": "1808052027", "name": "DEWA AGUNG"}, "geometry": {"type": "Polygon", "coordinates": [[[104.625, -4.311], [104.606, -4.306], [104.606, -4.319], [104.621, -4.319], [104.617, -4.333], [104.622, -4.343], [104.626, -4.335], [104.654, -4.336], [104.643, -4.313], [104.625, -4.311]]]}}, {"type": "Feature", "properties": {"domain_id": "1803072016", "name": "BUMI RAYA"}, "geometry": {"type": "Polygon", "coordinates": [[[104.938, -4.853], [104.928, -4.854], [104.93, -4.874], [104.942, -4.861], [104.938, -4.853]]]}}, {"type": "Feature", "properties": {"domain_id": "1803072005", "name": "CABANG EMPAT"}, "geometry": {"type": "Polygon", "coordinates": [[[104.882, -4.933], [104.873, -4.93], [104.868, -4.939], [104.875, -4.959], [104.883, -4.964], [104.892, -4.958], [104.9, -4.961], [104.912, -4.953], [104.914, -4.948], [104.882, -4.933]]]}}, {"type": "Feature", "properties": {"domain_id": "1803072011", "name": "KEMBANG TANJUNG"}, "geometry": {"type": "Polygon", "coordinates": [[[104.967, -4.835], [104.966, -4.82], [104.941, -4.833], [104.938, -4.853], [104.944, -4.88], [104.958, -4.865], [104.956, -4.85], [104.967, -4.835]]]}}, {"type": "Feature", "properties": {"domain_id": "1803062023", "name": "PEMATANG KASIH"}, "geometry": {"type": "Polygon", "coordinates": [[[104.724, -4.836], [104.711, -4.836], [104.708, -4.827], [104.685, -4.831], [104.684, -4.836], [104.686, -4.843], [104.718, -4.848], [104.738, -4.836], [104.724, -4.836]]]}}, {"type": "Feature", "properties": {"domain_id": "1803112002", "name": "KINCIRAN"}, "geometry": {"type": "Polygon", "coordinates": [[[104.767, -4.908], [104.761, -4.902], [104.747, -4.91], [104.767, -4.908]]]}}, {"type": "Feature", "properties": {"domain_id": "1803092008", "name": "MADOKORO BARU"}, "geometry": {"type": "Polygon", "coordinates": [[[104.884, -4.763], [104.824, -4.795], [104.84, -4.809], [104.852, -4.802], [104.852, -4.792], [104.876, -4.78], [104.887, -4.769], [104.884, -4.763]]]}}, {"type": "Feature", "properties": {"domain_id": "1809012004", "name": "WAY LAYAP"}, "geometry": {"type": "Polygon", "coordinates": [[[105.073, -5.394], [105.063, -5.388], [105.045, -5.39], [105.055, -5.407], [105.067, -5.405], [105.063, -5.399], [105.072, -5.402], [105.073, -5.394]]]}}, {"type": "Feature", "properties": {"domain_id": "1803112004", "name": "KEDATON"}, "geometry": {"type": "Polygon", "coordinates": [[[104.76, -4.912], [104.738, -4.91], [104.732, -4.936], [104.745, -4.941], [104.758, -4.933], [104.76, -4.912]]]}}, {"type": "Feature", "properties": {"domain_id": "1803112005", "name": "SRI BANDUNG"}, "geometry": {"type": "Polygon", "coordinates": [[[104.75, -4.903], [104.739, -4.898], [104.707, -4.899], [104.716, -4.916], [104.729, -4.909], [104.741, -4.913], [104.75, -4.903]]]}}, {"type": "Feature", "properties": {"domain_id": "1804102005", "name": "PEKON BALAK"}, "geometry": {"type": "MultiPolygon", "coordinates": [[[[104.188, -5.084], [104.182, -5.075], [104.174, -5.076], [104.167, -5.09], [104.196, -5.093], [104.188, -5.084]]], [[[104.187, -5.068], [104.189, -5.063], [104.181, -5.064], [104.187, -5.068]]], [[[104.165, -5.023], [104.167, -5.01], [104.155, -5.024], [104.165, -5.023]]]]}}, {"type": "Feature", "properties": {"domain_id": "1803172008", "name": "GEDUNG RAJA"}, "geometry": {"type": "Polygon", "coordinates": [[[104.701, -4.636], [104.677, -4.626], [104.664, -4.626], [104.66, -4.634], [104.663, -4.647], [104.679, -4.66], [104.688, -4.657], [104.701, -4.636]]]}}, {"type": "Feature", "properties": {"domain_id": "1804232004", "name": "RINGIN JAYA"}, "geometry": {"type": "Polygon", "coordinates": [[[104.288, -5.145], [104.281, -5.132], [104.29, -5.122], [104.251, -5.123], [104.242, -5.134], [104.264, -5.185], [104.294, -5.17], [104.288, -5.145]]]}}, {"type": "Feature", "properties": {"domain_id": "1803172005", "name": "IBUL JAYA"}, "geometry": {"type": "Polygon", "coordinates": [[[104.702, -4.635], [104.682, -4.66], [104.693, -4.678], [104.708, -4.666], [104.713, -4.651], [104.725, -4.654], [104.702, -4.635]]]}}, {"type": "Feature", "properties": {"domain_id": "1803212005", "name": "GUNUNG RAJA"}, "geometry": {"type": "Polygon", "coordinates": [[[104.735, -4.76], [104.734, -4.747], [104.728, -4.746], [104.689, -4.762], [104.687, -4.777], [104.694, -4.782], [104.714, -4.772], [104.732, -4.773], [104.735, -4.76]]]}}, {"type": "Feature", "properties": {"domain_id": "1804092006", "name": "BANDING AGUNG"}, "geometry": {"type": "Polygon", "coordinates": [[[104.356, -5.28], [104.339, -5.259], [104.319, -5.27], [104.318, -5.28], [104.33, -5.292], [104.325, -5.309], [104.334, -5.325], [104.341, -5.313], [104.352, -5.316], [104.362, -5.311], [104.356, -5.28]]]}}, {"type": "Feature", "properties": {"domain_id": "1805082021", "name": "TRI TUNGGAL JAYA"}, "geometry": {"type": "Polygon", "coordinates": [[[105.264, -4.317], [105.264, -4.299], [105.25, -4.296], [105.244, -4.274], [105.231, -4.28], [105.232, -4.316], [105.256, -4.321], [105.264, -4.317]]]}}, {"type": "Feature", "properties": {"domain_id": "1805302006", "name": "KAHURIPAN DALAM"}, "geometry": {"type": "Polygon", "coordinates": [[[105.266, -4.356], [105.25, -4.34], [105.246, -4.352], [105.236, -4.358], [105.243, -4.381], [105.269, -4.364], [105.266, -4.356]]]}}, {"type": "Feature", "properties": {"domain_id": "1804192004", "name": "GUNUNGTERANG"}, "geometry": {"type": "Polygon", "coordinates": [[[104.453, -5.096], [104.426, -5.081], [104.425, -5.092], [104.453, -5.104], [104.453, -5.096]]]}}, {"type": "Feature", "properties": {"domain_id": "1806022012", "name": "KALIBENING"}, "geometry": {"type": "Polygon", "coordinates": [[[104.765, -5.36], [104.754, -5.363], [104.752, -5.373], [104.761, -5.373], [104.773, -5.363], [104.765, -5.36]]]}}, {"type": "Feature", "properties": {"domain_id": "1806042011", "name": "PULAU PANGGUNG"}, "geometry": {"type": "Polygon", "coordinates": [[[104.741, -5.309], [104.728, -5.318], [104.719, -5.313], [104.724, -5.328], [104.74, -5.324], [104.741, -5.309]]]}}, {"type": "Feature", "properties": {"domain_id": "1806122004", "name": "BANGUN REJO"}, "geometry": {"type": "Polygon", "coordinates": [[[104.5, -5.501], [104.491, -5.496], [104.503, -5.518], [104.5, -5.501]]]}}, {"type": "Feature", "properties": {"domain_id": "1811022019", "name": "MARGO MULYO"}, "geometry": {"type": "Polygon", "coordinates": [[[105.451, -3.974], [105.432, -3.971], [105.422, -3.961], [105.426, -3.969], [105.413, -3.996], [105.434, -4.0], [105.435, -4.007], [105.451, -4.007], [105.45, -3.985], [105.469, -3.985], [105.469, -3.98], [105.451, -3.981], [105.451, -3.974]]]}}, {"type": "Feature", "properties": {"domain_id": "1806212008", "name": "PARIAMAN"}, "geometry": {"type": "Polygon", "coordinates": [[[104.771, -5.376], [104.763, -5.372], [104.787, -5.391], [104.771, -5.376]]]}}, {"type": "Feature", "properties": {"domain_id": "1806132008", "name": "DADAPAN"}, "geometry": {"type": "Polygon", "coordinates": [[[104.701, -5.376], [104.69, -5.378], [104.686, -5.395], [104.668, -5.413], [104.676, -5.418], [104.703, -5.394], [104.701, -5.376]]]}}, {"type": "Feature", "properties": {"domain_id": "1806162011", "name": "PESANGUAN"}, "geometry": {"type": "Polygon", "coordinates": [[[104.532, -5.574], [104.506, -5.567], [104.494, -5.602], [104.501, -5.602], [104.508, -5.612], [104.517, -5.6], [104.526, -5.6], [104.535, -5.587], [104.532, -5.574]]]}}, {"type": "Feature", "properties": {"domain_id": "1808041016", "name": "CAMPUR ASRI"}, "geometry": {"type": "Polygon", "coordinates": [[[104.534, -4.728], [104.505, -4.727], [104.52, -4.747], [104.524, -4.741], [104.542, -4.738], [104.543, -4.727], [104.534, -4.728]]]}}, {"type": "Feature", "properties": {"domain_id": "1806252008", "name": "ATAR LEBAR"}, "geometry": {"type": "Polygon", "coordinates": [[[104.398, -5.305], [104.363, -5.303], [104.402, -5.333], [104.395, -5.343], [104.416, -5.358], [104.432, -5.354], [104.458, -5.389], [104.466, -5.412], [104.49, -5.415], [104.491, -5.426], [104.509, -5.416], [104.528, -5.376], [104.524, -5.368], [104.48, -5.341], [104.417, -5.327], [104.419, -5.316], [104.398, -5.305]], [[104.497, -5.415], [104.496, -5.419], [104.491, -5.418], [104.497, -5.415]]]}}, {"type": "Feature", "properties": {"domain_id": "1806272002", "name": "SUKANEGARA"}, "geometry": {"type": "Polygon", "coordinates": [[[104.886, -5.48], [104.855, -5.486], [104.845, -5.491], [104.843, -5.5], [104.861, -5.489], [104.889, -5.486], [104.886, -5.48]]]}}, {"type": "Feature", "properties": {"domain_id": "1807012018", "name": "SUKADANA SELATAN"}, "geometry": {"type": "Polygon", "coordinates": [[[105.601, -5.111], [105.582, -5.11], [105.574, -5.121], [105.575, -5.132], [105.599, -5.143], [105.601, -5.111]]]}}, {"type": "Feature", "properties": {"domain_id": "1807122004", "name": "BANJAR AGUNG"}, "geometry": {"type": "Polygon", "coordinates": [[[105.574, -5.26], [105.557, -5.239], [105.552, -5.25], [105.541, -5.254], [105.546, -5.268], [105.542, -5.274], [105.557, -5.272], [105.574, -5.26]]]}}, {"type": "Feature", "properties": {"domain_id": "1807072004", "name": "BRAJA DEWA"}, "geometry": {"type": "Polygon", "coordinates": [[[105.753, -5.225], [105.733, -5.215], [105.726, -5.224], [105.737, -5.231], [105.735, -5.237], [105.756, -5.235], [105.753, -5.225]]]}}, {"type": "Feature", "properties": {"domain_id": "1807192001", "name": "PASIR SAKTI"}, "geometry": {"type": "Polygon", "coordinates": [[[105.822, -5.473], [105.784, -5.474], [105.779, -5.504], [105.786, -5.505], [105.787, -5.498], [105.822, -5.501], [105.822, -5.473]]]}}, {"type": "Feature", "properties": {"domain_id": "1808042014", "name": "TIUH BALAK I"}, "geometry": {"type": "Polygon", "coordinates": [[[104.542, -4.707], [104.526, -4.708], [104.527, -4.718], [104.542, -4.72], [104.542, -4.707]]]}}, {"type": "Feature", "properties": {"domain_id": "1807042008", "name": "GANTI WARNO"}, "geometry": {"type": "Polygon", "coordinates": [[[105.382, -5.049], [105.369, -5.054], [105.365, -5.049], [105.353, -5.054], [105.348, -5.049], [105.337, -5.064], [105.361, -5.066], [105.38, -5.057], [105.382, -5.049]]]}}, {"type": "Feature", "properties": {"domain_id": "1807062011", "name": "BATANGHARJO"}, "geometry": {"type": "Polygon", "coordinates": [[[105.39, -5.117], [105.361, -5.135], [105.376, -5.14], [105.399, -5.134], [105.4, -5.125], [105.39, -5.117]]]}}, {"type": "Feature", "properties": {"domain_id": "1807112006", "name": "SUKARAJA TIGA"}, "geometry": {"type": "MultiPolygon", "coordinates": [[[[105.512, -5.212], [105.493, -5.217], [105.49, -5.213], [105.479, -5.229], [105.519, -5.228], [105.539, -5.219], [105.536, -5.213], [105.522, -5.219], [105.512, -5.212]]], [[[105.479, -5.241], [105.481, -5.239], [105.48, -5.238], [105.479, -5.241]]]]}}, {"type": "Feature", "properties": {"domain_id": "1808152001", "name": "NEGERI BATIN"}, "geometry": {"type": "Polygon", "coordinates": [[[104.509, -4.644], [104.53, -4.609], [104.525, -4.598], [104.506, -4.603], [104.486, -4.599], [104.482, -4.608], [104.471, -4.611], [104.471, -4.633], [104.48, -4.656], [104.506, -4.655], [104.509, -4.644]]]}}, {"type": "Feature", "properties": {"domain_id": "1809042011", "name": "WAY HARONG"}, "geometry": {"type": "Polygon", "coordinates": [[[105.018, -5.421], [105.01, -5.428], [105.018, -5.449], [105.041, -5.46], [105.05, -5.455], [105.042, -5.446], [105.039, -5.449], [105.038, -5.438], [105.019, -5.433], [105.018, -5.421]]]}}, {"type": "Feature", "properties": {"domain_id": "1808152012", "name": "NEGERI BARU"}, "geometry": {"type": "Polygon", "coordinates": [[[104.533, -4.57], [104.534, -4.565], [104.471, -4.569], [104.454, -4.579], [104.436, -4.577], [104.463, -4.595], [104.506, -4.603], [104.537, -4.595], [104.531, -4.593], [104.533, -4.57]]]}}, {"type": "Feature", "properties": {"domain_id": "1809012007", "name": "BAGELEN"}, "geometry": {"type": "Polygon", "coordinates": [[[105.113, -5.366], [105.113, -5.36], [105.105, -5.358], [105.1, -5.37], [105.09, -5.366], [105.091, -5.376], [105.097, -5.375], [105.097, -5.382], [105.111, -5.379], [105.107, -5.37], [105.113, -5.366]]]}}, {"type": "Feature", "properties": {"domain_id": "1809012014", "name": "SUKA BANJAR"}, "geometry": {"type": "MultiPolygon", "coordinates": [[[[105.166, -5.335], [105.165, -5.353], [105.185, -5.358], [105.182, -5.347], [105.168, -5.348], [105.166, -5.335]]], [[[105.165, -5.334], [105.166, -5.327], [105.159, -5.327], [105.157, -5.335], [105.165, -5.334]]]]}}, {"type": "Feature", "properties": {"domain_id": "1809032004", "name": "NEGARA RATU WATES"}, "geometry": {"type": "Polygon", "coordinates": [[[105.193, -5.141], [105.175, -5.13], [105.155, -5.137], [105.159, -5.147], [105.17, -5.148], [105.181, -5.136], [105.193, -5.141]]]}}, {"type": "Feature", "properties": {"domain_id": "1809022006", "name": "PONCO KRESNO"}, "geometry": {"type": "Polygon", "coordinates": [[[105.075, -5.227], [105.07, -5.229], [105.066, -5.245], [105.056, -5.248], [105.06, -5.262], [105.087, -5.257], [105.095, -5.248], [105.097, -5.23], [105.079, -5.233], [105.075, -5.227]]]}}, {"type": "Feature", "properties": {"domain_id": "1809062004", "name": "SUKAJAYA PIDADA"}, "geometry": {"type": "Polygon", "coordinates": [[[105.158, -5.732], [105.138, -5.739], [105.158, -5.744], [105.158, -5.732]]]}}, {"type": "Feature", "properties": {"domain_id": "1809082003", "name": "PENYANDINGAN"}, "geometry": {"type": "Polygon", "coordinates": [[[105.154, -5.684], [105.135, -5.669], [105.112, -5.664], [105.089, -5.687], [105.08, -5.687], [105.081, -5.704], [105.093, -5.692], [105.144, -5.706], [105.159, -5.687], [105.154, -5.684]]]}}, {"type": "Feature", "properties": {"domain_id": "1809092005", "name": "TANJUNG KERTA"}, "geometry": {"type": "Polygon", "coordinates": [[[104.974, -5.481], [104.966, -5.485], [104.956, -5.479], [104.953, -5.488], [104.97, -5.495], [104.974, -5.481]]]}}, {"type": "Feature", "properties": {"domain_id": "1809092007", "name": "GUNUNG SARI"}, "geometry": {"type": "Polygon", "coordinates": [[[104.977, -5.44], [104.973, -5.438], [104.965, -5.457], [104.978, -5.464], [104.983, -5.457], [104.977, -5.44]]]}}, {"type": "Feature", "properties": {"domain_id": "1809112010", "name": "HARAPAN JAYA"}, "geometry": {"type": "Polygon", "coordinates": [[[105.123, -5.562], [105.118, -5.529], [105.102, -5.509], [105.097, -5.544], [105.106, -5.577], [105.113, -5.573], [105.115, -5.56], [105.123, -5.562]]]}}, {"type": "Feature", "properties": {"domain_id": "1810012008", "name": "SIDOHARJO"}, "geometry": {"type": "Polygon", "coordinates": [[[104.996, -5.37], [105.005, -5.36], [104.997, -5.35], [104.988, -5.353], [104.982, -5.367], [104.988, -5.373], [104.996, -5.37]]]}}, {"type": "Feature", "properties": {"domain_id": "1810042001", "name": "KEDAUNG"}, "geometry": {"type": "Polygon", "coordinates": [[[104.92, -5.504], [104.915, -5.513], [104.92, -5.512], [104.921, -5.521], [104.912, -5.535], [104.917, -5.572], [104.929, -5.568], [104.932, -5.546], [104.926, -5.533], [104.928, -5.505], [104.92, -5.504]]]}}, {"type": "Feature", "properties": {"domain_id": "1810042005", "name": "WARGA MULYO"}, "geometry": {"type": "Polygon", "coordinates": [[[104.962, -5.439], [104.939, -5.449], [104.927, -5.446], [104.913, -5.456], [104.945, -5.459], [104.962, -5.439]]]}}, {"type": "Feature", "properties": {"domain_id": "1812012016", "name": "MULYA JAYA"}, "geometry": {"type": "Polygon", "coordinates": [[[105.146, -4.558], [105.122, -4.561], [105.125, -4.571], [105.116, -4.589], [105.109, -4.59], [105.12, -4.589], [105.121, -4.584], [105.15, -4.583], [105.143, -4.567], [105.148, -4.566], [105.146, -4.558]]]}}, {"type": "Feature", "properties": {"domain_id": "1810052002", "name": "TANJUNG DALOM"}, "geometry": {"type": "Polygon", "coordinates": [[[104.916, -5.408], [104.914, -5.39], [104.89, -5.402], [104.899, -5.414], [104.907, -5.406], [104.916, -5.408]]]}}, {"type": "Feature", "properties": {"domain_id": "1810042012", "name": "TANJUNG RUSIA TIMUR"}, "geometry": {"type": "Polygon", "coordinates": [[[104.921, -5.489], [104.903, -5.496], [104.901, -5.508], [104.907, -5.515], [104.917, -5.511], [104.924, -5.492], [104.921, -5.489]]]}}, {"type": "Feature", "properties": {"domain_id": "1810072004", "name": "ENGGAL REJO"}, "geometry": {"type": "Polygon", "coordinates": [[[105.049, -5.241], [105.033, -5.235], [105.032, -5.245], [105.047, -5.253], [105.049, -5.241]]]}}, {"type": "Feature", "properties": {"domain_id": "1810082003", "name": "SUKOHARJO II"}, "geometry": {"type": "Polygon", "coordinates": [[[104.993, -5.304], [104.984, -5.306], [104.981, -5.323], [104.991, -5.33], [105.003, -5.312], [104.993, -5.304]]]}}, {"type": "Feature", "properties": {"domain_id": "1810082007", "name": "PANDAN SARI"}, "geometry": {"type": "Polygon", "coordinates": [[[105.025, -5.306], [105.027, -5.286], [105.018, -5.286], [105.01, -5.301], [105.0, -5.307], [105.025, -5.306]]]}}, {"type": "Feature", "properties": {"domain_id": "1812022003", "name": "MARGO MULYO"}, "geometry": {"type": "Polygon", "coordinates": [[[105.132, -4.629], [105.107, -4.642], [105.11, -4.65], [105.143, -4.679], [105.155, -4.677], [105.16, -4.673], [105.145, -4.665], [105.143, -4.64], [105.132, -4.639], [105.132, -4.629]]]}}, {"type": "Feature", "properties": {"domain_id": "1811052007", "name": "BANGUN MULYO"}, "geometry": {"type": "Polygon", "coordinates": [[[105.165, -3.938], [105.155, -3.938], [105.151, -3.931], [105.139, -3.936], [105.136, -3.949], [105.143, -3.965], [105.133, -3.98], [105.134, -3.992], [105.156, -3.994], [105.16, -3.969], [105.177, -3.959], [105.177, -3.942], [105.165, -3.938]]]}}, {"type": "Feature", "properties": {"domain_id": "1812012008", "name": "TIRTA KENCANA"}, "geometry": {"type": "Polygon", "coordinates": [[[105.158, -4.533], [105.132, -4.526], [105.132, -4.544], [105.11, -4.544], [105.112, -4.561], [105.105, -4.565], [105.12, -4.568], [105.122, -4.561], [105.162, -4.558], [105.158, -4.533]], [[105.123, -4.556], [105.119, -4.556], [105.119, -4.551], [105.123, -4.556]]]}}, {"type": "Feature", "properties": {"domain_id": "1812022009", "name": "MARGO DADI"}, "geometry": {"type": "Polygon", "coordinates": [[[105.105, -4.642], [105.085, -4.641], [105.089, -4.648], [105.075, -4.659], [105.105, -4.668], [105.112, -4.687], [105.136, -4.687], [105.143, -4.679], [105.105, -4.642]]]}}, {"type": "Feature", "properties": {"domain_id": "1812052004", "name": "JAYA MURNI"}, "geometry": {"type": "Polygon", "coordinates": [[[105.064, -4.203], [105.06, -4.181], [105.036, -4.185], [105.036, -4.218], [105.063, -4.218], [105.064, -4.203]]]}}, {"type": "Feature", "properties": {"domain_id": "1812062008", "name": "INDRALOKA JAYA"}, "geometry": {"type": "Polygon", "coordinates": [[[105.232, -4.191], [105.213, -4.176], [105.196, -4.179], [105.211, -4.204], [105.213, -4.229], [105.22, -4.225], [105.215, -4.215], [105.227, -4.21], [105.222, -4.196], [105.232, -4.191]]]}}, {"type": "Feature", "properties": {"domain_id": "1812092006", "name": "MARGA SARI"}, "geometry": {"type": "Polygon", "coordinates": [[[105.019, -4.35], [105.02, -4.343], [105.0, -4.343], [105.014, -4.369], [105.008, -4.385], [105.002, -4.386], [105.015, -4.393], [105.019, -4.35]]]}}, {"type": "Feature", "properties": {"domain_id": "1813032008", "name": "PAGAR DALAM"}, "geometry": {"type": "MultiPolygon", "coordinates": [[[[103.81, -4.924], [103.793, -4.911], [103.754, -4.859], [103.753, -4.888], [103.762, -4.934], [103.775, -4.943], [103.773, -4.958], [103.781, -4.956], [103.786, -4.945], [103.802, -4.939], [103.809, -4.943], [103.81, -4.924]]], [[[103.751, -4.973], [103.737, -4.982], [103.744, -4.986], [103.751, -4.973]]]]}}, {"type": "Feature", "properties": {"domain_id": "1813032011", "name": "RATA AGUNG"}, "geometry": {"type": "Polygon", "coordinates": [[[103.67, -4.95], [103.69, -4.909], [103.664, -4.855], [103.65, -4.87], [103.638, -4.868], [103.624, -4.885], [103.64, -4.907], [103.65, -4.937], [103.67, -4.95]]]}}, {"type": "Feature", "properties": {"domain_id": "1813052001", "name": "KEBUAYAN"}, "geometry": {"type": "Polygon", "coordinates": [[[103.917, -5.135], [103.935, -5.119], [103.934, -5.09], [103.927, -5.107], [103.932, -5.118], [103.914, -5.131], [103.917, -5.135]]]}}, {"type": "Feature", "properties": {"domain_id": "1871031001", "name": "GEDONG AIR"}, "geometry": {"type": "Polygon", "coordinates": [[[105.253, -5.399], [105.247, -5.394], [105.236, -5.406], [105.243, -5.408], [105.253, -5.399]]]}}, {"type": "Feature", "properties": {"domain_id": "1813092002", "name": "ULOK MUKTI"}, "geometry": {"type": "Polygon", "coordinates": [[[104.262, -5.283], [104.24, -5.245], [104.208, -5.263], [104.191, -5.291], [104.151, -5.304], [104.134, -5.352], [104.125, -5.36], [104.133, -5.37], [104.122, -5.377], [104.119, -5.398], [104.139, -5.412], [104.145, -5.409], [104.144, -5.396], [104.184, -5.362], [104.219, -5.343], [104.23, -5.316], [104.27, -5.297], [104.262, -5.283]]]}}, {"type": "Feature", "properties": {"domain_id": "1813112006", "name": "BANDAR DALAM"}, "geometry": {"type": "MultiPolygon", "coordinates": [[[[104.528, -5.611], [104.52, -5.6], [104.508, -5.612], [104.502, -5.602], [104.494, -5.602], [104.489, -5.631], [104.468, -5.628], [104.464, -5.685], [104.45, -5.692], [104.44, -5.713], [104.421, -5.711], [104.421, -5.725], [104.446, -5.749], [104.444, -5.737], [104.471, -5.717], [104.493, -5.722], [104.582, -5.721], [104.614, -5.729], [104.618, -5.722], [104.629, -5.694], [104.61, -5.669], [104.59, -5.654], [104.571, -5.622], [104.542, -5.62], [104.528, -5.611]]], [[[104.603, -5.933], [104.602, -5.933], [104.602, -5.934], [104.603, -5.933]]], [[[104.606, -5.934], [104.605, -5.933], [104.604, -5.934], [104.606, -5.934]]], [[[104.603, -5.932], [104.601, -5.933], [104.604, -5.933], [104.603, -5.932]]], [[[104.445, -5.897], [104.447, -5.892], [104.439, -5.887], [104.445, -5.897]]]]}}, {"type": "Feature", "properties": {"domain_id": "1871111002", "name": "WAY KANDIS"}, "geometry": {"type": "Polygon", "coordinates": [[[105.28, -5.342], [105.274, -5.344], [105.276, -5.356], [105.284, -5.361], [105.295, -5.356], [105.295, -5.347], [105.28, -5.342]]]}}, {"type": "Feature", "properties": {"domain_id": "1871041003", "name": "PANJANG UTARA"}, "geometry": {"type": "Polygon", "coordinates": [[[105.328, -5.469], [105.315, -5.464], [105.32, -5.47], [105.315, -5.479], [105.328, -5.469]]]}}, {"type": "Feature", "properties": {"domain_id": "1871121011", "name": "WAY LAGA"}, "geometry": {"type": "Polygon", "coordinates": [[[105.337, -5.426], [105.31, -5.442], [105.317, -5.458], [105.343, -5.432], [105.337, -5.426]]]}}, {"type": "Feature", "properties": {"domain_id": "1871131007", "name": "PINANG JAYA"}, "geometry": {"type": "Polygon", "coordinates": [[[105.204, -5.388], [105.196, -5.385], [105.185, -5.399], [105.198, -5.404], [105.197, -5.393], [105.204, -5.388]]]}}, {"type": "Feature", "properties": {"domain_id": "1871161006", "name": "GUNUNGAGUNG"}, "geometry": {"type": "Polygon", "coordinates": [[[105.24, -5.387], [105.232, -5.391], [105.235, -5.403], [105.243, -5.399], [105.24, -5.387]]]}}, {"type": "Feature", "properties": {"domain_id": "1871181002", "name": "BUMI KEDAMAIAN"}, "geometry": {"type": "Polygon", "coordinates": [[[105.294, -5.408], [105.277, -5.412], [105.291, -5.429], [105.296, -5.426], [105.294, -5.408]]]}}, {"type": "Feature", "properties": {"domain_id": "1872031003", "name": "MULYOSARI"}, "geometry": {"type": "Polygon", "coordinates": [[[105.284, -5.141], [105.271, -5.147], [105.263, -5.162], [105.281, -5.156], [105.289, -5.144], [105.284, -5.141]]]}}, {"type": "Feature", "properties": {"domain_id": "1872051004", "name": "MARGODADI"}, "geometry": {"type": "Polygon", "coordinates": [[[105.316, -5.151], [105.311, -5.142], [105.289, -5.157], [105.296, -5.162], [105.316, -5.151]]]}}, {"type": "Feature", "properties": {"domain_id": "1811072003", "name": "MEKAR SARI"}, "geometry": {"type": "Polygon", "coordinates": [[[105.343, -3.953], [105.333, -3.942], [105.325, -3.954], [105.316, -3.948], [105.301, -3.953], [105.304, -3.975], [105.342, -3.966], [105.338, -3.96], [105.343, -3.953]]]}}, {"type": "Feature", "properties": {"domain_id": "1812062006", "name": "INDRALOKA II"}, "geometry": {"type": "Polygon", "coordinates": [[[105.21, -4.208], [105.199, -4.18], [105.192, -4.18], [105.195, -4.22], [105.21, -4.214], [105.21, -4.208]]]}}, {"type": "Feature", "properties": {"domain_id": "1803062005", "name": "TANJUNG HARTA"}, "geometry": {"type": "Polygon", "coordinates": [[[104.668, -4.874], [104.657, -4.87], [104.648, -4.875], [104.65, -4.885], [104.663, -4.889], [104.668, -4.874]]]}}, {"type": "Feature", "properties": {"domain_id": "1805022014", "name": "TIUH TOHOU"}, "geometry": {"type": "MultiPolygon", "coordinates": [[[[105.24, -4.532], [105.216, -4.539], [105.221, -4.561], [105.237, -4.547], [105.24, -4.532]]]]}}, {"type": "Feature", "properties": {"domain_id": "1808052002", "name": "MESIR UDIK"}, "geometry": {"type": "Polygon", "coordinates": [[[104.681, -4.322], [104.657, -4.317], [104.647, -4.323], [104.66, -4.332], [104.684, -4.335], [104.681, -4.322]]]}}, {"type": "Feature", "properties": {"domain_id": "1811072008", "name": "SRI TANJUNG"}, "geometry": {"type": "Polygon", "coordinates": [[[105.358, -3.834], [105.379, -3.835], [105.379, -3.808], [105.37, -3.808], [105.366, -3.798], [105.355, -3.809], [105.358, -3.834]]]}}, {"type": "Feature", "properties": {"domain_id": "1811072009", "name": "BANGUN JAYA"}, "geometry": {"type": "Polygon", "coordinates": [[[105.447, -3.908], [105.444, -3.904], [105.418, -3.915], [105.402, -3.907], [105.401, -3.935], [105.381, -3.944], [105.394, -3.952], [105.423, -3.934], [105.432, -3.94], [105.46, -3.932], [105.447, -3.908]]]}}, {"type": "Feature", "properties": {"domain_id": "1805222003", "name": "PANGGUNG MULYO"}, "geometry": {"type": "Polygon", "coordinates": [[[105.55, -4.394], [105.542, -4.323], [105.508, -4.325], [105.51, -4.355], [105.525, -4.354], [105.55, -4.394]]]}}, {"type": "Feature", "properties": {"domain_id": "1805222001", "name": "SUMBER AGUNG"}, "geometry": {"type": "Polygon", "coordinates": [[[105.602, -4.256], [105.605, -4.244], [105.595, -4.228], [105.594, -4.245], [105.549, -4.249], [105.552, -4.282], [105.606, -4.276], [105.602, -4.256]]]}}, {"type": "Feature", "properties": {"domain_id": "1805222002", "name": "BATANG HARI"}, "geometry": {"type": "Polygon", "coordinates": [[[105.579, -4.319], [105.582, -4.298], [105.576, -4.28], [105.544, -4.283], [105.54, -4.323], [105.579, -4.319]]]}}, {"type": "Feature", "properties": {"domain_id": "1813062005", "name": "SUKADANA"}, "geometry": {"type": "Polygon", "coordinates": [[[103.848, -5.12], [103.849, -5.116], [103.844, -5.118], [103.848, -5.12]]]}}, {"type": "Feature", "properties": {"domain_id": "1801042001", "name": "HAJIMENA"}, "geometry": {"type": "Polygon", "coordinates": [[[105.244, -5.342], [105.242, -5.335], [105.227, -5.334], [105.227, -5.346], [105.204, -5.354], [105.211, -5.37], [105.224, -5.368], [105.244, -5.342]]]}}, {"type": "Feature", "properties": {"domain_id": "1801052007", "name": "JATI BARU"}, "geometry": {"type": "Polygon", "coordinates": [[[105.435, -5.415], [105.42, -5.412], [105.409, -5.434], [105.422, -5.436], [105.431, -5.447], [105.436, -5.435], [105.442, -5.445], [105.453, -5.437], [105.446, -5.433], [105.45, -5.422], [105.435, -5.415]]]}}, {"type": "Feature", "properties": {"domain_id": "1801062018", "name": "KEDATON"}, "geometry": {"type": "Polygon", "coordinates": [[[105.599, -5.67], [105.584, -5.683], [105.588, -5.69], [105.585, -5.7], [105.591, -5.727], [105.602, -5.732], [105.601, -5.712], [105.592, -5.697], [105.599, -5.67]]]}}, {"type": "Feature", "properties": {"domain_id": "1801082019", "name": "RANGAI TRI TUNGGAL"}, "geometry": {"type": "MultiPolygon", "coordinates": [[[[105.361, -5.517], [105.354, -5.507], [105.345, -5.518], [105.366, -5.547], [105.387, -5.543], [105.396, -5.534], [105.387, -5.513], [105.361, -5.517]]], [[[105.345, -5.549], [105.345, -5.546], [105.343, -5.545], [105.345, -5.549]]]]}}, {"type": "Feature", "properties": {"domain_id": "1801102013", "name": "BUMI DAYA"}, "geometry": {"type": "Polygon", "coordinates": [[[105.648, -5.599], [105.634, -5.595], [105.632, -5.605], [105.618, -5.609], [105.617, -5.62], [105.631, -5.63], [105.629, -5.643], [105.65, -5.61], [105.648, -5.599]]]}}, {"type": "Feature", "properties": {"domain_id": "1801132005", "name": "MARGODADI"}, "geometry": {"type": "Polygon", "coordinates": [[[105.372, -5.301], [105.348, -5.298], [105.351, -5.317], [105.369, -5.319], [105.372, -5.301]]]}}, {"type": "Feature", "properties": {"domain_id": "1801132013", "name": "SUMBER JAYA"}, "geometry": {"type": "Polygon", "coordinates": [[[105.396, -5.283], [105.396, -5.277], [105.382, -5.274], [105.364, -5.28], [105.353, -5.276], [105.348, -5.281], [105.351, -5.299], [105.379, -5.302], [105.391, -5.3], [105.396, -5.283]]]}}, {"type": "Feature", "properties": {"domain_id": "1801182008", "name": "PUJI RAHAYU"}, "geometry": {"type": "Polygon", "coordinates": [[[105.527, -5.436], [105.512, -5.442], [105.5, -5.457], [105.519, -5.463], [105.527, -5.436]]]}}, {"type": "Feature", "properties": {"domain_id": "1801182006", "name": "TALANG JAWA"}, "geometry": {"type": "Polygon", "coordinates": [[[105.497, -5.437], [105.474, -5.438], [105.472, -5.459], [105.48, -5.457], [105.485, -5.468], [105.489, -5.462], [105.497, -5.467], [105.489, -5.455], [105.497, -5.437]]]}}, {"type": "Feature", "properties": {"domain_id": "1804222009", "name": "TAWAN SUKA MULYA"}, "geometry": {"type": "Polygon", "coordinates": [[[103.877, -4.927], [103.866, -4.918], [103.848, -4.919], [103.836, -4.934], [103.836, -4.943], [103.861, -4.95], [103.877, -4.927]]]}}, {"type": "Feature", "properties": {"domain_id": "1801182011", "name": "SINAR KARYA"}, "geometry": {"type": "Polygon", "coordinates": [[[105.511, -5.422], [105.504, -5.413], [105.499, -5.422], [105.481, -5.429], [105.48, -5.437], [105.506, -5.435], [105.514, -5.441], [105.511, -5.422]]]}}, {"type": "Feature", "properties": {"domain_id": "1801232003", "name": "TALANG WAY SULAN"}, "geometry": {"type": "Polygon", "coordinates": [[[105.531, -5.477], [105.514, -5.477], [105.515, -5.497], [105.531, -5.495], [105.531, -5.477]]]}}, {"type": "Feature", "properties": {"domain_id": "1805132020", "name": "SIDODADI"}, "geometry": {"type": "Polygon", "coordinates": [[[105.398, -4.189], [105.397, -4.219], [105.417, -4.22], [105.431, -4.229], [105.431, -4.192], [105.398, -4.189]]]}}, {"type": "Feature", "properties": {"domain_id": "1801242002", "name": "SIDOMAKMUR"}, "geometry": {"type": "Polygon", "coordinates": [[[105.629, -5.643], [105.631, -5.63], [105.625, -5.627], [105.612, -5.629], [105.603, -5.639], [105.622, -5.652], [105.631, -5.652], [105.629, -5.643]]]}}, {"type": "Feature", "properties": {"domain_id": "1801242004", "name": "BALI NURAGA"}, "geometry": {"type": "Polygon", "coordinates": [[[105.599, -5.549], [105.583, -5.554], [105.582, -5.575], [105.599, -5.587], [105.604, -5.583], [105.601, -5.588], [105.614, -5.595], [105.619, -5.571], [105.597, -5.558], [105.599, -5.549]]]}}, {"type": "Feature", "properties": {"domain_id": "1802012006", "name": "SRI BASUKI"}, "geometry": {"type": "Polygon", "coordinates": [[[105.01, -5.206], [104.977, -5.208], [104.968, -5.223], [104.991, -5.225], [105.01, -5.206]]]}}, {"type": "Feature", "properties": {"domain_id": "1802012008", "name": "KALI DADI"}, "geometry": {"type": "Polygon", "coordinates": [[[104.927, -5.202], [104.918, -5.202], [104.913, -5.236], [104.939, -5.24], [104.941, -5.222], [104.934, -5.211], [104.926, -5.21], [104.927, -5.202]]]}}, {"type": "Feature", "properties": {"domain_id": "1802012011", "name": "SUKO SARI"}, "geometry": {"type": "Polygon", "coordinates": [[[104.986, -5.189], [104.977, -5.188], [104.971, -5.207], [105.01, -5.206], [105.011, -5.194], [104.986, -5.189]]]}}, {"type": "Feature", "properties": {"domain_id": "1802032009", "name": "SRI AGUNG"}, "geometry": {"type": "Polygon", "coordinates": [[[104.99, -5.052], [104.98, -5.048], [104.963, -5.067], [104.974, -5.07], [104.975, -5.078], [104.978, -5.072], [104.985, -5.073], [104.992, -5.064], [104.988, -5.064], [104.99, -5.052]]]}}, {"type": "Feature", "properties": {"domain_id": "1802062005", "name": "TANGGUL ANGIN"}, "geometry": {"type": "Polygon", "coordinates": [[[105.28, -5.03], [105.263, -5.041], [105.261, -5.031], [105.236, -5.034], [105.241, -5.036], [105.239, -5.042], [105.26, -5.052], [105.268, -5.041], [105.279, -5.043], [105.28, -5.03]]]}}, {"type": "Feature", "properties": {"domain_id": "1802112001", "name": "FAJAR MATARAM"}, "geometry": {"type": "Polygon", "coordinates": [[[105.318, -4.846], [105.291, -4.827], [105.286, -4.841], [105.281, -4.841], [105.327, -4.876], [105.333, -4.869], [105.324, -4.847], [105.318, -4.846]]]}}, {"type": "Feature", "properties": {"domain_id": "1802142001", "name": "SUKA JAWA"}, "geometry": {"type": "Polygon", "coordinates": [[[105.216, -5.119], [105.208, -5.116], [105.205, -5.106], [105.192, -5.106], [105.178, -5.111], [105.175, -5.121], [105.191, -5.122], [105.2, -5.131], [105.216, -5.119]]]}}, {"type": "Feature", "properties": {"domain_id": "1802112006", "name": "SUMBER AGUNG MATARAM"}, "geometry": {"type": "Polygon", "coordinates": [[[105.383, -4.808], [105.347, -4.813], [105.334, -4.833], [105.355, -4.843], [105.365, -4.84], [105.371, -4.834], [105.37, -4.823], [105.388, -4.816], [105.383, -4.808]]]}}, {"type": "Feature", "properties": {"domain_id": "1802112010", "name": "BUMI SETIA MATARAM"}, "geometry": {"type": "Polygon", "coordinates": [[[105.399, -4.777], [105.376, -4.755], [105.361, -4.78], [105.379, -4.783], [105.388, -4.792], [105.399, -4.777]]]}}, {"type": "Feature", "properties": {"domain_id": "1802142004", "name": "BUMI RAHARJO"}, "geometry": {"type": "Polygon", "coordinates": [[[105.242, -5.083], [105.218, -5.079], [105.227, -5.079], [105.224, -5.072], [105.214, -5.076], [105.216, -5.101], [105.227, -5.103], [105.242, -5.083]]]}}, {"type": "Feature", "properties": {"domain_id": "1802142005", "name": "WATES"}, "geometry": {"type": "MultiPolygon", "coordinates": [[[[105.191, -5.097], [105.173, -5.105], [105.171, -5.114], [105.192, -5.106], [105.199, -5.11], [105.205, -5.1], [105.191, -5.097]]], [[[105.226, -5.103], [105.222, -5.104], [105.223, -5.109], [105.226, -5.103]]]]}}, {"type": "Feature", "properties": {"domain_id": "1802152001", "name": "RENGAS"}, "geometry": {"type": "Polygon", "coordinates": [[[105.171, -5.114], [105.149, -5.114], [105.15, -5.122], [105.136, -5.129], [105.143, -5.136], [105.149, -5.13], [105.153, -5.137], [105.173, -5.133], [105.178, -5.125], [105.177, -5.116], [105.171, -5.114]]]}}, {"type": "Feature", "properties": {"domain_id": "1806182003", "name": "BANJAR MASIN"}, "geometry": {"type": "Polygon", "coordinates": [[[104.572, -5.48], [104.572, -5.471], [104.563, -5.476], [104.557, -5.472], [104.559, -5.482], [104.572, -5.48]]]}}, {"type": "Feature", "properties": {"domain_id": "1802152005", "name": "BINJAI NGAGUNG"}, "geometry": {"type": "Polygon", "coordinates": [[[105.136, -5.127], [105.136, -5.122], [105.123, -5.122], [105.123, -5.108], [105.114, -5.13], [105.115, -5.157], [105.133, -5.164], [105.139, -5.162], [105.145, -5.14], [105.136, -5.127]]]}}, {"type": "Feature", "properties": {"domain_id": "1808152007", "name": "GEDUNG BATIN"}, "geometry": {"type": "Polygon", "coordinates": [[[104.586, -4.6], [104.568, -4.593], [104.563, -4.581], [104.557, -4.618], [104.566, -4.605], [104.565, -4.59], [104.586, -4.601], [104.572, -4.608], [104.577, -4.613], [104.566, -4.611], [104.558, -4.624], [104.573, -4.624], [104.575, -4.633], [104.568, -4.636], [104.575, -4.646], [104.59, -4.637], [104.603, -4.644], [104.611, -4.629], [104.617, -4.633], [104.61, -4.602], [104.586, -4.6]]]}}, {"type": "Feature", "properties": {"domain_id": "1803192001", "name": "NYAPAH BANYU"}, "geometry": {"type": "Polygon", "coordinates": [[[104.803, -4.98], [104.785, -4.973], [104.778, -4.983], [104.77, -4.982], [104.767, -4.996], [104.773, -5.001], [104.777, -4.993], [104.793, -4.997], [104.803, -4.98]]]}}, {"type": "Feature", "properties": {"domain_id": "1802202013", "name": "NEGERI JAYA"}, "geometry": {"type": "Polygon", "coordinates": [[[104.827, -5.048], [104.805, -5.04], [104.794, -5.049], [104.794, -5.063], [104.805, -5.068], [104.811, -5.062], [104.83, -5.065], [104.827, -5.048]]]}}, {"type": "Feature", "properties": {"domain_id": "1804222006", "name": "SUKA MAJU"}, "geometry": {"type": "Polygon", "coordinates": [[[103.946, -4.928], [103.934, -4.944], [103.946, -4.953], [103.953, -4.938], [103.946, -4.928]]]}}, {"type": "Feature", "properties": {"domain_id": "1802272001", "name": "GEDUNG SARI"}, "geometry": {"type": "Polygon", "coordinates": [[[104.956, -4.944], [104.949, -4.918], [104.936, -4.926], [104.94, -4.931], [104.926, -4.951], [104.947, -4.97], [104.962, -4.952], [104.956, -4.944]]]}}, {"type": "Feature", "properties": {"domain_id": "1803062017", "name": "GUNUNG BETUAH"}, "geometry": {"type": "Polygon", "coordinates": [[[104.702, -4.804], [104.682, -4.815], [104.687, -4.831], [104.708, -4.827], [104.702, -4.804]]]}}, {"type": "Feature", "properties": {"domain_id": "1802272006", "name": "SUKAJAYA"}, "geometry": {"type": "Polygon", "coordinates": [[[104.991, -4.967], [104.978, -4.943], [104.965, -4.944], [104.946, -4.979], [104.975, -4.987], [104.987, -4.98], [104.991, -4.967]]]}}, {"type": "Feature", "properties": {"domain_id": "1805122010", "name": "MEDASARI"}, "geometry": {"type": "Polygon", "coordinates": [[[105.722, -4.198], [105.72, -4.185], [105.683, -4.189], [105.685, -4.218], [105.722, -4.214], [105.722, -4.198]]]}}, {"type": "Feature", "properties": {"domain_id": "1803042005", "name": "SINDANG AGUNG"}, "geometry": {"type": "Polygon", "coordinates": [[[104.646, -4.913], [104.617, -4.932], [104.59, -4.981], [104.631, -4.941], [104.643, -4.936], [104.646, -4.926], [104.636, -4.927], [104.646, -4.913]]]}}, {"type": "Feature", "properties": {"domain_id": "1803042016", "name": "TANJUNG BERINGIN"}, "geometry": {"type": "Polygon", "coordinates": [[[104.682, -4.96], [104.66, -4.946], [104.65, -4.969], [104.615, -4.988], [104.598, -4.99], [104.582, -4.975], [104.573, -5.0], [104.576, -5.009], [104.565, -5.021], [104.593, -5.072], [104.599, -5.076], [104.606, -5.057], [104.633, -5.031], [104.682, -5.02], [104.667, -5.017], [104.663, -5.002], [104.666, -4.982], [104.683, -4.99], [104.688, -4.986], [104.682, -4.96]]]}}, {"type": "Feature", "properties": {"domain_id": "1803052005", "name": "PENAGAN RATU"}, "geometry": {"type": "MultiPolygon", "coordinates": [[[[104.879, -4.654], [104.867, -4.656], [104.86, -4.669], [104.845, -4.676], [104.853, -4.681], [104.906, -4.681], [104.903, -4.693], [104.89, -4.701], [104.889, -4.716], [104.896, -4.726], [104.917, -4.702], [104.908, -4.698], [104.913, -4.682], [104.896, -4.669], [104.89, -4.656], [104.879, -4.654]]], [[[104.952, -4.818], [104.946, -4.822], [104.955, -4.82], [104.952, -4.818]]], [[[104.944, -4.731], [104.934, -4.737], [104.942, -4.766], [104.98, -4.767], [104.987, -4.772], [104.985, -4.78], [104.995, -4.781], [104.991, -4.76], [104.973, -4.76], [104.948, -4.745], [104.944, -4.731]]]]}}, {"type": "Feature", "properties": {"domain_id": "1803082029", "name": "HANAKAU JAYA"}, "geometry": {"type": "Polygon", "coordinates": [[[104.781, -4.532], [104.766, -4.528], [104.749, -4.537], [104.731, -4.537], [104.73, -4.555], [104.702, -4.553], [104.7, -4.566], [104.709, -4.568], [104.737, -4.607], [104.753, -4.578], [104.76, -4.581], [104.771, -4.572], [104.781, -4.532]]]}}, {"type": "Feature", "properties": {"domain_id": "1803092004", "name": "TALANG JALI"}, "geometry": {"type": "Polygon", "coordinates": [[[104.891, -4.734], [104.875, -4.744], [104.863, -4.737], [104.851, -4.758], [104.864, -4.766], [104.886, -4.756], [104.891, -4.734]]]}}, {"type": "Feature", "properties": {"domain_id": "1805021008", "name": "MENGGALA SELATAN"}, "geometry": {"type": "Polygon", "coordinates": [[[105.265, -4.505], [105.258, -4.496], [105.25, -4.502], [105.248, -4.481], [105.202, -4.482], [105.182, -4.495], [105.175, -4.529], [105.185, -4.529], [105.186, -4.517], [105.188, -4.528], [105.226, -4.514], [105.232, -4.523], [105.249, -4.521], [105.265, -4.505]]]}}, {"type": "Feature", "properties": {"domain_id": "1803112017", "name": "PEKURUN SELATAN"}, "geometry": {"type": "Polygon", "coordinates": [[[104.758, -4.933], [104.748, -4.94], [104.76, -4.957], [104.767, -4.948], [104.758, -4.933]]]}}, {"type": "Feature", "properties": {"domain_id": "1804102003", "name": "KEGERINGAN"}, "geometry": {"type": "MultiPolygon", "coordinates": [[[[104.195, -5.074], [104.19, -5.067], [104.18, -5.069], [104.196, -5.09], [104.204, -5.084], [104.194, -5.08], [104.195, -5.074]]], [[[104.216, -5.099], [104.202, -5.106], [104.219, -5.107], [104.216, -5.099]]], [[[104.152, -5.004], [104.147, -5.023], [104.155, -5.024], [104.167, -5.01], [104.152, -5.004]]]]}}, {"type": "Feature", "properties": {"domain_id": "1803142001", "name": "TATAKARYA"}, "geometry": {"type": "Polygon", "coordinates": [[[105.036, -4.696], [105.029, -4.689], [105.012, -4.691], [105.006, -4.711], [105.018, -4.715], [105.017, -4.729], [105.027, -4.736], [105.034, -4.733], [105.034, -4.716], [105.041, -4.712], [105.036, -4.696]]]}}, {"type": "Feature", "properties": {"domain_id": "1805112019", "name": "GEDUNG MENENG BARU"}, "geometry": {"type": "Polygon", "coordinates": [[[105.711, -4.287], [105.709, -4.263], [105.682, -4.261], [105.678, -4.281], [105.711, -4.287]]]}}, {"type": "Feature", "properties": {"domain_id": "1811022010", "name": "PANGKAL MAS MULYA"}, "geometry": {"type": "Polygon", "coordinates": [[[105.61, -4.034], [105.586, -4.0], [105.57, -4.011], [105.6, -4.049], [105.61, -4.034]]]}}, {"type": "Feature", "properties": {"domain_id": "1803152002", "name": "BANDAR AGUNG"}, "geometry": {"type": "Polygon", "coordinates": [[[104.945, -4.581], [104.929, -4.573], [104.925, -4.577], [104.926, -4.607], [104.932, -4.613], [104.957, -4.605], [104.947, -4.597], [104.945, -4.581]]]}}, {"type": "Feature", "properties": {"domain_id": "1803172004", "name": "LUBUK RUKAM"}, "geometry": {"type": "Polygon", "coordinates": [[[104.659, -4.673], [104.643, -4.662], [104.63, -4.682], [104.642, -4.689], [104.659, -4.673]]]}}, {"type": "Feature", "properties": {"domain_id": "1803192009", "name": "OGAN JAYA"}, "geometry": {"type": "Polygon", "coordinates": [[[104.793, -4.997], [104.777, -4.993], [104.77, -5.006], [104.786, -5.004], [104.793, -4.997]]]}}, {"type": "Feature", "properties": {"domain_id": "1804072009", "name": "TAMBAK JAYA"}, "geometry": {"type": "Polygon", "coordinates": [[[104.343, -5.045], [104.346, -5.011], [104.325, -5.016], [104.317, -5.077], [104.343, -5.045]]]}}, {"type": "Feature", "properties": {"domain_id": "1806022023", "name": "TALANG PADANG"}, "geometry": {"type": "Polygon", "coordinates": [[[104.789, -5.359], [104.782, -5.366], [104.791, -5.376], [104.795, -5.37], [104.789, -5.359]]]}}, {"type": "Feature", "properties": {"domain_id": "1803212009", "name": "GUNUNG MAKNIBAI"}, "geometry": {"type": "Polygon", "coordinates": [[[104.71, -4.787], [104.689, -4.792], [104.691, -4.805], [104.708, -4.803], [104.71, -4.787]]]}}, {"type": "Feature", "properties": {"domain_id": "1806122006", "name": "SIDODADI"}, "geometry": {"type": "Polygon", "coordinates": [[[104.515, -5.501], [104.504, -5.507], [104.513, -5.519], [104.511, -5.505], [104.515, -5.501]]]}}, {"type": "Feature", "properties": {"domain_id": "1804052013", "name": "WAY PETAI"}, "geometry": {"type": "Polygon", "coordinates": [[[104.479, -4.932], [104.444, -4.944], [104.438, -4.957], [104.423, -4.968], [104.456, -4.991], [104.459, -5.0], [104.452, -5.019], [104.464, -5.009], [104.47, -5.008], [104.47, -5.016], [104.482, -5.015], [104.469, -4.983], [104.478, -4.98], [104.48, -4.966], [104.47, -4.953], [104.48, -4.944], [104.479, -4.932]]]}}, {"type": "Feature", "properties": {"domain_id": "1804212009", "name": "SUMBER REJO"}, "geometry": {"type": "Polygon", "coordinates": [[[104.261, -5.08], [104.233, -5.081], [104.235, -5.087], [104.224, -5.089], [104.234, -5.091], [104.233, -5.099], [104.216, -5.098], [104.216, -5.104], [104.236, -5.121], [104.242, -5.134], [104.251, -5.123], [104.29, -5.122], [104.281, -5.132], [104.288, -5.145], [104.3, -5.123], [104.297, -5.104], [104.29, -5.103], [104.287, -5.089], [104.273, -5.106], [104.267, -5.106], [104.261, -5.08]]]}}, {"type": "Feature", "properties": {"domain_id": "1804232009", "name": "TEMBELANG"}, "geometry": {"type": "Polygon", "coordinates": [[[104.239, -5.132], [104.238, -5.127], [104.211, -5.131], [104.231, -5.155], [104.235, -5.173], [104.242, -5.174], [104.252, -5.164], [104.258, -5.168], [104.239, -5.132]]]}}, {"type": "Feature", "properties": {"domain_id": "1804232010", "name": "TRI MEKAR JAYA"}, "geometry": {"type": "Polygon", "coordinates": [[[104.303, -5.235], [104.296, -5.234], [104.296, -5.241], [104.285, -5.246], [104.299, -5.26], [104.315, -5.251], [104.303, -5.235]]]}}, {"type": "Feature", "properties": {"domain_id": "1805252010", "name": "DENTE MAKMUR"}, "geometry": {"type": "Polygon", "coordinates": [[[105.785, -4.406], [105.754, -4.389], [105.754, -4.403], [105.728, -4.437], [105.731, -4.442], [105.709, -4.441], [105.702, -4.45], [105.677, -4.459], [105.687, -4.471], [105.677, -4.485], [105.697, -4.495], [105.693, -4.513], [105.706, -4.518], [105.708, -4.528], [105.72, -4.531], [105.728, -4.502], [105.758, -4.509], [105.759, -4.519], [105.765, -4.51], [105.777, -4.517], [105.777, -4.434], [105.771, -4.419], [105.785, -4.406]]]}}, {"type": "Feature", "properties": {"domain_id": "1806132001", "name": "KEBUMEN"}, "geometry": {"type": "Polygon", "coordinates": [[[104.759, -5.339], [104.75, -5.337], [104.748, -5.347], [104.766, -5.348], [104.759, -5.339]]]}}, {"type": "Feature", "properties": {"domain_id": "1805252011", "name": "PENDOWO ASRI"}, "geometry": {"type": "Polygon", "coordinates": [[[105.777, -4.517], [105.765, -4.51], [105.759, -4.519], [105.758, -4.509], [105.728, -4.502], [105.72, -4.53], [105.738, -4.535], [105.749, -4.521], [105.759, -4.532], [105.77, -4.529], [105.771, -4.553], [105.784, -4.557], [105.789, -4.549], [105.799, -4.56], [105.794, -4.581], [105.818, -4.58], [105.817, -4.54], [105.797, -4.542], [105.796, -4.52], [105.777, -4.517]]]}}, {"type": "Feature", "properties": {"domain_id": "1808072009", "name": "GEDUNG MENANG"}, "geometry": {"type": "Polygon", "coordinates": [[[104.638, -4.41], [104.634, -4.41], [104.643, -4.433], [104.677, -4.44], [104.679, -4.425], [104.638, -4.41]]]}}, {"type": "Feature", "properties": {"domain_id": "1806032020", "name": "PEKON BALAK"}, "geometry": {"type": "Polygon", "coordinates": [[[104.535, -5.45], [104.53, -5.441], [104.538, -5.435], [104.531, -5.413], [104.52, -5.423], [104.523, -5.449], [104.512, -5.465], [104.519, -5.465], [104.527, -5.444], [104.53, -5.452], [104.535, -5.45]]]}}, {"type": "Feature", "properties": {"domain_id": "1806042007", "name": "GEDUNG AGUNG"}, "geometry": {"type": "Polygon", "coordinates": [[[104.786, -5.332], [104.779, -5.327], [104.759, -5.336], [104.776, -5.342], [104.785, -5.338], [104.786, -5.332]]]}}, {"type": "Feature", "properties": {"domain_id": "1806092007", "name": "KEJADIAN LOM"}, "geometry": {"type": "Polygon", "coordinates": [[[104.963, -5.576], [104.94, -5.57], [104.943, -5.584], [104.931, -5.611], [104.933, -5.645], [104.94, -5.641], [104.941, -5.628], [104.96, -5.61], [104.961, -5.588], [104.974, -5.578], [104.963, -5.576]]]}}, {"type": "Feature", "properties": {"domain_id": "1806112024", "name": "SUKAMAJU"}, "geometry": {"type": "Polygon", "coordinates": [[[104.856, -5.394], [104.84, -5.386], [104.833, -5.39], [104.834, -5.396], [104.814, -5.394], [104.812, -5.4], [104.822, -5.408], [104.846, -5.408], [104.848, -5.413], [104.856, -5.394]]]}}, {"type": "Feature", "properties": {"domain_id": "1806172009", "name": "PAKU"}, "geometry": {"type": "MultiPolygon", "coordinates": [[[[104.99, -5.689], [104.992, -5.697], [104.967, -5.715], [104.988, -5.712], [104.989, -5.724], [104.996, -5.719], [105.006, -5.726], [105.022, -5.694], [104.99, -5.689]]], [[[104.983, -5.72], [104.983, -5.719], [104.982, -5.72], [104.983, -5.72]]], [[[104.981, -5.721], [104.981, -5.719], [104.981, -5.72], [104.981, -5.721]]]]}}, {"type": "Feature", "properties": {"domain_id": "1806192003", "name": "UMBUL BUAH"}, "geometry": {"type": "Polygon", "coordinates": [[[104.681, -5.486], [104.673, -5.484], [104.676, -5.503], [104.683, -5.504], [104.681, -5.486]]]}}, {"type": "Feature", "properties": {"domain_id": "1811042015", "name": "SUMBER REJO"}, "geometry": {"type": "Polygon", "coordinates": [[[105.144, -4.072], [105.131, -4.046], [105.124, -4.047], [105.122, -4.058], [105.116, -4.057], [105.116, -4.072], [105.144, -4.072]]]}}, {"type": "Feature", "properties": {"domain_id": "1806262006", "name": "DATAR LEBUAY"}, "geometry": {"type": "Polygon", "coordinates": [[[104.794, -5.155], [104.788, -5.145], [104.753, -5.128], [104.751, -5.118], [104.721, -5.125], [104.7, -5.156], [104.67, -5.151], [104.652, -5.133], [104.617, -5.132], [104.609, -5.135], [104.61, -5.178], [104.588, -5.193], [104.593, -5.213], [104.643, -5.202], [104.657, -5.211], [104.667, -5.203], [104.696, -5.211], [104.712, -5.233], [104.74, -5.237], [104.761, -5.233], [104.773, -5.241], [104.78, -5.236], [104.786, -5.208], [104.772, -5.179], [104.794, -5.155]]]}}, {"type": "Feature", "properties": {"domain_id": "1807022008", "name": "SUKORAHAYU"}, "geometry": {"type": "Polygon", "coordinates": [[[105.863, -5.244], [105.861, -5.202], [105.849, -5.202], [105.835, -5.218], [105.839, -5.232], [105.831, -5.254], [105.853, -5.255], [105.863, -5.244]]]}}, {"type": "Feature", "properties": {"domain_id": "1806272001", "name": "SUKAMARA"}, "geometry": {"type": "Polygon", "coordinates": [[[104.897, -5.46], [104.888, -5.46], [104.88, -5.472], [104.891, -5.482], [104.891, -5.508], [104.9, -5.512], [104.903, -5.493], [104.894, -5.481], [104.897, -5.46]]]}}, {"type": "Feature", "properties": {"domain_id": "1807012003", "name": "BUMI NABUNG UDIK"}, "geometry": {"type": "Polygon", "coordinates": [[[105.619, -5.094], [105.601, -5.095], [105.6, -5.136], [105.62, -5.106], [105.619, -5.094]]]}}, {"type": "Feature", "properties": {"domain_id": "1807012010", "name": "RANTAU JAYA UDIK"}, "geometry": {"type": "MultiPolygon", "coordinates": [[[[105.66, -5.028], [105.749, -4.922], [105.757, -4.834], [105.723, -4.847], [105.704, -4.868], [105.674, -4.885], [105.654, -4.935], [105.636, -5.025], [105.596, -5.037], [105.58, -5.016], [105.574, -5.028], [105.579, -5.026], [105.584, -5.034], [105.577, -5.04], [105.548, -5.035], [105.562, -5.08], [105.575, -5.093], [105.576, -5.081], [105.563, -5.069], [105.569, -5.058], [105.574, -5.061], [105.604, -5.048], [105.643, -5.043], [105.66, -5.028]]], [[[105.592, -5.11], [105.586, -5.104], [105.587, -5.109], [105.592, -5.11]]]]}}, {"type": "Feature", "properties": {"domain_id": "1807022004", "name": "BANDAR NEGERI"}, "geometry": {"type": "Polygon", "coordinates": [[[105.82, -5.385], [105.804, -5.383], [105.804, -5.425], [105.822, -5.427], [105.82, -5.385]]]}}, {"type": "Feature", "properties": {"domain_id": "1807032008", "name": "NEGARA SAKA"}, "geometry": {"type": "Polygon", "coordinates": [[[105.71, -5.481], [105.695, -5.482], [105.675, -5.464], [105.663, -5.472], [105.667, -5.478], [105.658, -5.493], [105.665, -5.494], [105.67, -5.505], [105.67, -5.5], [105.685, -5.497], [105.693, -5.502], [105.715, -5.498], [105.71, -5.481]]]}}, {"type": "Feature", "properties": {"domain_id": "1807032021", "name": "SAMBIREJO"}, "geometry": {"type": "Polygon", "coordinates": [[[105.729, -5.472], [105.704, -5.477], [105.721, -5.49], [105.728, -5.487], [105.729, -5.472]]]}}, {"type": "Feature", "properties": {"domain_id": "1807052009", "name": "GIRIKLOPOMULYO"}, "geometry": {"type": "Polygon", "coordinates": [[[105.436, -5.135], [105.427, -5.134], [105.417, -5.144], [105.44, -5.17], [105.44, -5.151], [105.43, -5.148], [105.436, -5.135]]]}}, {"type": "Feature", "properties": {"domain_id": "1807212003", "name": "LABUHAN RATU IV"}, "geometry": {"type": "Polygon", "coordinates": [[[105.651, -5.172], [105.64, -5.148], [105.62, -5.168], [105.63, -5.183], [105.65, -5.178], [105.651, -5.172]]]}}, {"type": "Feature", "properties": {"domain_id": "1807042010", "name": "WONOSARI"}, "geometry": {"type": "Polygon", "coordinates": [[[105.363, -5.031], [105.351, -5.032], [105.342, -5.044], [105.317, -5.055], [105.309, -5.072], [105.322, -5.07], [105.332, -5.053], [105.36, -5.043], [105.363, -5.031]]]}}, {"type": "Feature", "properties": {"domain_id": "1810052024", "name": "GUMUKREJO"}, "geometry": {"type": "Polygon", "coordinates": [[[104.926, -5.363], [104.92, -5.362], [104.914, -5.377], [104.934, -5.379], [104.926, -5.363]]]}}, {"type": "Feature", "properties": {"domain_id": "1807102006", "name": "MARGASARI"}, "geometry": {"type": "Polygon", "coordinates": [[[105.373, -5.21], [105.361, -5.188], [105.349, -5.184], [105.348, -5.176], [105.344, -5.178], [105.343, -5.206], [105.359, -5.208], [105.365, -5.222], [105.376, -5.218], [105.373, -5.21]]]}}, {"type": "Feature", "properties": {"domain_id": "1807112002", "name": "NEGERI TUA"}, "geometry": {"type": "Polygon", "coordinates": [[[105.529, -5.116], [105.512, -5.121], [105.515, -5.126], [105.508, -5.128], [105.507, -5.139], [105.525, -5.151], [105.527, -5.144], [105.536, -5.152], [105.538, -5.138], [105.529, -5.116]]]}}, {"type": "Feature", "properties": {"domain_id": "1807142006", "name": "CATUR SWAKO"}, "geometry": {"type": "Polygon", "coordinates": [[[105.543, -5.125], [105.535, -5.127], [105.539, -5.15], [105.585, -5.165], [105.59, -5.139], [105.559, -5.128], [105.551, -5.135], [105.543, -5.125]]]}}, {"type": "Feature", "properties": {"domain_id": "1807112007", "name": "GEDUNG WANI"}, "geometry": {"type": "Polygon", "coordinates": [[[105.54, -5.233], [105.533, -5.224], [105.479, -5.229], [105.489, -5.248], [105.48, -5.249], [105.489, -5.269], [105.479, -5.275], [105.479, -5.286], [105.491, -5.288], [105.521, -5.243], [105.54, -5.233]]]}}, {"type": "Feature", "properties": {"domain_id": "1808012016", "name": "SRI REJEKI"}, "geometry": {"type": "Polygon", "coordinates": [[[104.602, -4.386], [104.593, -4.38], [104.56, -4.389], [104.564, -4.412], [104.616, -4.437], [104.602, -4.386]]]}}, {"type": "Feature", "properties": {"domain_id": "1807122007", "name": "SINDANG ANOM"}, "geometry": {"type": "Polygon", "coordinates": [[[105.457, -5.248], [105.456, -5.276], [105.416, -5.304], [105.473, -5.303], [105.482, -5.27], [105.465, -5.264], [105.465, -5.255], [105.457, -5.248]]]}}, {"type": "Feature", "properties": {"domain_id": "1807132001", "name": "SUKARAJA NUBAN"}, "geometry": {"type": "Polygon", "coordinates": [[[105.411, -5.006], [105.404, -5.001], [105.39, -5.027], [105.418, -5.042], [105.425, -5.035], [105.417, -5.026], [105.42, -5.021], [105.431, -5.023], [105.433, -5.018], [105.423, -5.011], [105.404, -5.017], [105.404, -5.008], [105.411, -5.006]]]}}, {"type": "Feature", "properties": {"domain_id": "1807142003", "name": "BUMI TINGGI"}, "geometry": {"type": "Polygon", "coordinates": [[[105.527, -5.08], [105.519, -5.08], [105.53, -5.124], [105.539, -5.129], [105.536, -5.122], [105.546, -5.123], [105.549, -5.095], [105.543, -5.084], [105.536, -5.087], [105.527, -5.08]]]}}, {"type": "Feature", "properties": {"domain_id": "1807152005", "name": "WARINGIN JAYA"}, "geometry": {"type": "Polygon", "coordinates": [[[105.737, -5.324], [105.735, -5.316], [105.716, -5.319], [105.712, -5.342], [105.735, -5.342], [105.737, -5.324]]]}}, {"type": "Feature", "properties": {"domain_id": "1807192003", "name": "PURWOREJO"}, "geometry": {"type": "Polygon", "coordinates": [[[105.816, -5.526], [105.784, -5.524], [105.784, -5.556], [105.823, -5.556], [105.816, -5.526]]]}}, {"type": "Feature", "properties": {"domain_id": "1807192008", "name": "MEKAR SARI"}, "geometry": {"type": "Polygon", "coordinates": [[[105.785, -5.47], [105.766, -5.472], [105.767, -5.506], [105.779, -5.504], [105.785, -5.47]]]}}, {"type": "Feature", "properties": {"domain_id": "1807202003", "name": "TRI TUNGGAL"}, "geometry": {"type": "Polygon", "coordinates": [[[105.552, -5.398], [105.551, -5.377], [105.536, -5.383], [105.524, -5.376], [105.53, -5.388], [105.526, -5.403], [105.542, -5.411], [105.551, -5.407], [105.552, -5.398]]]}}, {"type": "Feature", "properties": {"domain_id": "1808022018", "name": "TANJUNG KURUNG LAMA"}, "geometry": {"type": "Polygon", "coordinates": [[[104.397, -4.714], [104.4, -4.689], [104.38, -4.704], [104.372, -4.731], [104.397, -4.714]]]}}, {"type": "Feature", "properties": {"domain_id": "1808011005", "name": "BLAMBANGAN UMPU"}, "geometry": {"type": "Polygon", "coordinates": [[[104.564, -4.412], [104.55, -4.406], [104.53, -4.417], [104.529, -4.458], [104.51, -4.479], [104.509, -4.517], [104.488, -4.522], [104.497, -4.534], [104.492, -4.551], [104.497, -4.568], [104.534, -4.565], [104.533, -4.57], [104.54, -4.567], [104.569, -4.583], [104.566, -4.587], [104.584, -4.558], [104.603, -4.564], [104.596, -4.552], [104.601, -4.541], [104.598, -4.53], [104.617, -4.517], [104.631, -4.453], [104.622, -4.44], [104.564, -4.412]], [[104.514, -4.485], [104.521, -4.495], [104.513, -4.504], [104.514, -4.485]]]}}, {"type": "Feature", "properties": {"domain_id": "1807242003", "name": "PENIANGAN"}, "geometry": {"type": "Polygon", "coordinates": [[[105.62, -5.356], [105.604, -5.353], [105.58, -5.374], [105.582, -5.379], [105.588, -5.374], [105.6, -5.391], [105.613, -5.379], [105.62, -5.356]]]}}, {"type": "Feature", "properties": {"domain_id": "1808022013", "name": "JAYA TINGGI"}, "geometry": {"type": "Polygon", "coordinates": [[[104.454, -4.697], [104.437, -4.703], [104.433, -4.717], [104.452, -4.716], [104.454, -4.697]]]}}, {"type": "Feature", "properties": {"domain_id": "1808022005", "name": "KASUI LAMA"}, "geometry": {"type": "Polygon", "coordinates": [[[104.433, -4.716], [104.424, -4.714], [104.412, -4.725], [104.423, -4.727], [104.425, -4.739], [104.436, -4.729], [104.46, -4.728], [104.452, -4.716], [104.433, -4.716]]]}}, {"type": "Feature", "properties": {"domain_id": "1808032008", "name": "DONOMULYO"}, "geometry": {"type": "Polygon", "coordinates": [[[104.502, -4.71], [104.495, -4.7], [104.478, -4.703], [104.483, -4.728], [104.504, -4.725], [104.502, -4.71]]]}}, {"type": "Feature", "properties": {"domain_id": "1809042005", "name": "PEKONDOH"}, "geometry": {"type": "MultiPolygon", "coordinates": [[[[105.035, -5.408], [105.028, -5.407], [105.027, -5.414], [105.038, -5.415], [105.035, -5.408]]], [[[105.039, -5.42], [105.036, -5.418], [105.037, -5.422], [105.039, -5.42]]]]}}, {"type": "Feature", "properties": {"domain_id": "1808032015", "name": "SIMPANG ASAM"}, "geometry": {"type": "Polygon", "coordinates": [[[104.535, -4.793], [104.507, -4.78], [104.509, -4.793], [104.5, -4.801], [104.502, -4.812], [104.521, -4.82], [104.535, -4.793]]]}}, {"type": "Feature", "properties": {"domain_id": "1808072006", "name": "SUNSANG"}, "geometry": {"type": "Polygon", "coordinates": [[[104.673, -4.485], [104.648, -4.471], [104.626, -4.472], [104.622, -4.492], [104.629, -4.498], [104.671, -4.495], [104.673, -4.485]]]}}, {"type": "Feature", "properties": {"domain_id": "1808072016", "name": "REJO SARI"}, "geometry": {"type": "Polygon", "coordinates": [[[104.706, -4.492], [104.673, -4.503], [104.69, -4.52], [104.706, -4.508], [104.706, -4.492]]]}}, {"type": "Feature", "properties": {"domain_id": "1808082010", "name": "WAY MENCAR"}, "geometry": {"type": "Polygon", "coordinates": [[[104.34, -4.421], [104.322, -4.458], [104.326, -4.479], [104.34, -4.476], [104.328, -4.461], [104.347, -4.456], [104.347, -4.422], [104.34, -4.421]]]}}, {"type": "Feature", "properties": {"domain_id": "1808092004", "name": "AIR RINGKIH"}, "geometry": {"type": "Polygon", "coordinates": [[[104.343, -4.602], [104.332, -4.607], [104.324, -4.627], [104.316, -4.626], [104.312, -4.636], [104.295, -4.647], [104.292, -4.673], [104.309, -4.669], [104.325, -4.673], [104.339, -4.656], [104.331, -4.624], [104.343, -4.615], [104.343, -4.602]]]}}, {"type": "Feature", "properties": {"domain_id": "1808092005", "name": "GUNUNG SARI"}, "geometry": {"type": "Polygon", "coordinates": [[[104.401, -4.656], [104.363, -4.644], [104.356, -4.669], [104.391, -4.672], [104.401, -4.656]]]}}, {"type": "Feature", "properties": {"domain_id": "1808102009", "name": "BENGKULU"}, "geometry": {"type": "Polygon", "coordinates": [[[104.61, -4.724], [104.595, -4.722], [104.588, -4.741], [104.562, -4.744], [104.559, -4.75], [104.602, -4.751], [104.61, -4.724]]]}}, {"type": "Feature", "properties": {"domain_id": "1808102013", "name": "BENGKULU JAYA"}, "geometry": {"type": "Polygon", "coordinates": [[[104.625, -4.695], [104.615, -4.69], [104.61, -4.7], [104.618, -4.717], [104.633, -4.712], [104.634, -4.705], [104.627, -4.703], [104.625, -4.695]]]}}, {"type": "Feature", "properties": {"domain_id": "1808122006", "name": "TEGAL MUKTI"}, "geometry": {"type": "Polygon", "coordinates": [[[105.03, -4.426], [105.02, -4.421], [105.009, -4.442], [105.015, -4.465], [105.04, -4.456], [105.03, -4.426]]]}}, {"type": "Feature", "properties": {"domain_id": "1809022004", "name": "PUJO RAHAYU"}, "geometry": {"type": "Polygon", "coordinates": [[[105.08, -5.323], [105.062, -5.322], [105.061, -5.337], [105.087, -5.334], [105.088, -5.328], [105.08, -5.329], [105.08, -5.323]]]}}, {"type": "Feature", "properties": {"domain_id": "1808132008", "name": "LEBUNG LAWE"}, "geometry": {"type": "Polygon", "coordinates": [[[104.533, -4.286], [104.518, -4.303], [104.515, -4.316], [104.521, -4.324], [104.53, -4.321], [104.533, -4.286]]]}}, {"type": "Feature", "properties": {"domain_id": "1809052026", "name": "TRIMULYO"}, "geometry": {"type": "Polygon", "coordinates": [[[105.105, -5.607], [105.089, -5.611], [105.094, -5.62], [105.089, -5.628], [105.116, -5.634], [105.119, -5.607], [105.105, -5.607]]]}}, {"type": "Feature", "properties": {"domain_id": "1809012011", "name": "KURUNGAN NYAWA"}, "geometry": {"type": "Polygon", "coordinates": [[[105.211, -5.37], [105.207, -5.36], [105.189, -5.373], [105.181, -5.385], [105.186, -5.399], [105.196, -5.385], [105.207, -5.389], [105.207, -5.372], [105.211, -5.37]]]}}, {"type": "Feature", "properties": {"domain_id": "1809022017", "name": "BANGUN SARI"}, "geometry": {"type": "Polygon", "coordinates": [[[105.072, -5.202], [105.055, -5.211], [105.075, -5.226], [105.087, -5.214], [105.084, -5.206], [105.072, -5.202]]]}}, {"type": "Feature", "properties": {"domain_id": "1809082008", "name": "KEKATANG"}, "geometry": {"type": "Polygon", "coordinates": [[[105.185, -5.687], [105.172, -5.688], [105.165, -5.699], [105.159, -5.696], [105.154, -5.703], [105.189, -5.7], [105.192, -5.692], [105.185, -5.687]]]}}, {"type": "Feature", "properties": {"domain_id": "1809102005", "name": "HURUN"}, "geometry": {"type": "MultiPolygon", "coordinates": [[[[105.225, -5.49], [105.222, -5.479], [105.215, -5.49], [105.194, -5.5], [105.212, -5.52], [105.244, -5.526], [105.242, -5.54], [105.247, -5.543], [105.247, -5.515], [105.255, -5.526], [105.267, -5.519], [105.258, -5.519], [105.245, -5.507], [105.234, -5.514], [105.224, -5.51], [105.219, -5.505], [105.225, -5.49]]], [[[105.263, -5.543], [105.264, -5.545], [105.264, -5.544], [105.263, -5.543]]], [[[105.239, -5.536], [105.238, -5.534], [105.238, -5.535], [105.239, -5.536]]]]}}, {"type": "Feature", "properties": {"domain_id": "1810012012", "name": "REJO SARI"}, "geometry": {"type": "Polygon", "coordinates": [[[104.973, -5.332], [104.957, -5.331], [104.956, -5.345], [104.975, -5.342], [104.973, -5.332]]]}}, {"type": "Feature", "properties": {"domain_id": "1810032008", "name": "AMBARAWA TIMUR"}, "geometry": {"type": "Polygon", "coordinates": [[[104.979, -5.4], [104.966, -5.404], [104.971, -5.426], [104.967, -5.436], [104.977, -5.441], [104.979, -5.4]]]}}, {"type": "Feature", "properties": {"domain_id": "1811052005", "name": "WIRA BANGUN"}, "geometry": {"type": "Polygon", "coordinates": [[[105.177, -3.959], [105.159, -3.971], [105.156, -3.994], [105.164, -4.012], [105.191, -4.011], [105.194, -3.968], [105.179, -3.967], [105.177, -3.959]]]}}, {"type": "Feature", "properties": {"domain_id": "1811072005", "name": "KAGUNGAN DALAM"}, "geometry": {"type": "Polygon", "coordinates": [[[105.361, -3.798], [105.352, -3.786], [105.351, -3.753], [105.342, -3.731], [105.335, -3.724], [105.325, -3.726], [105.308, -3.758], [105.305, -3.791], [105.284, -3.798], [105.282, -3.829], [105.293, -3.843], [105.279, -3.872], [105.292, -3.878], [105.314, -3.872], [105.314, -3.906], [105.319, -3.906], [105.321, -3.926], [105.332, -3.919], [105.329, -3.909], [105.337, -3.905], [105.328, -3.884], [105.331, -3.875], [105.359, -3.844], [105.355, -3.809], [105.361, -3.798]]]}}, {"type": "Feature", "properties": {"domain_id": "1812062009", "name": "INDRALOKA MUKTI"}, "geometry": {"type": "Polygon", "coordinates": [[[105.213, -4.229], [105.21, -4.208], [105.193, -4.227], [105.196, -4.235], [105.213, -4.229]]]}}, {"type": "Feature", "properties": {"domain_id": "1813052002", "name": "WAY NUKAK"}, "geometry": {"type": "Polygon", "coordinates": [[[103.981, -4.992], [103.973, -4.983], [103.972, -5.028], [103.954, -5.046], [103.954, -5.074], [103.934, -5.09], [103.935, -5.119], [103.917, -5.135], [103.921, -5.139], [103.951, -5.114], [103.959, -5.076], [103.98, -5.06], [103.981, -4.992]]]}}, {"type": "Feature", "properties": {"domain_id": "1813092003", "name": "NEGERI RATU NGAMBUR"}, "geometry": {"type": "Polygon", "coordinates": [[[104.144, -5.409], [104.139, -5.412], [104.124, -5.403], [104.122, -5.429], [104.11, -5.434], [104.111, -5.444], [104.13, -5.443], [104.144, -5.432], [104.15, -5.437], [104.155, -5.426], [104.144, -5.409]]]}}, {"type": "Feature", "properties": {"domain_id": "1813052011", "name": "WAY SINDI HANUAN"}, "geometry": {"type": "Polygon", "coordinates": [[[103.908, -5.125], [103.943, -5.077], [103.947, -5.045], [103.959, -5.02], [103.959, -4.991], [103.946, -4.974], [103.938, -4.975], [103.949, -4.997], [103.951, -5.021], [103.933, -5.039], [103.93, -5.054], [103.914, -5.056], [103.913, -5.071], [103.881, -5.112], [103.908, -5.125]]]}}, {"type": "Feature", "properties": {"domain_id": "1871031002", "name": "SUKAJAWA"}, "geometry": {"type": "Polygon", "coordinates": [[[105.251, -5.401], [105.244, -5.41], [105.254, -5.407], [105.251, -5.401]]]}}, {"type": "Feature", "properties": {"domain_id": "1871011006", "name": "SIDODADI"}, "geometry": {"type": "Polygon", "coordinates": [[[105.261, -5.386], [105.256, -5.388], [105.261, -5.4], [105.261, -5.386]]]}}, {"type": "Feature", "properties": {"domain_id": "1871031010", "name": "SUKAJAWA BARU"}, "geometry": {"type": "Polygon", "coordinates": [[[105.254, -5.407], [105.248, -5.41], [105.256, -5.41], [105.254, -5.407]]]}}, {"type": "Feature", "properties": {"domain_id": "1871041002", "name": "SRENGSEM"}, "geometry": {"type": "Polygon", "coordinates": [[[105.338, -5.487], [105.324, -5.49], [105.324, -5.499], [105.345, -5.518], [105.351, -5.515], [105.338, -5.487]]]}}, {"type": "Feature", "properties": {"domain_id": "1871061001", "name": "DURIAN PAYUNG"}, "geometry": {"type": "Polygon", "coordinates": [[[105.252, -5.421], [105.247, -5.416], [105.236, -5.421], [105.245, -5.426], [105.252, -5.421]]]}}, {"type": "Feature", "properties": {"domain_id": "1871041010", "name": "KETAPANG KUALA"}, "geometry": {"type": "Polygon", "coordinates": [[[105.308, -5.442], [105.297, -5.442], [105.304, -5.449], [105.308, -5.442]]]}}, {"type": "Feature", "properties": {"domain_id": "1871101002", "name": "GEDONG MENENG"}, "geometry": {"type": "Polygon", "coordinates": [[[105.25, -5.376], [105.239, -5.361], [105.237, -5.366], [105.243, -5.367], [105.237, -5.379], [105.25, -5.376]]]}}, {"type": "Feature", "properties": {"domain_id": "1871121004", "name": "SUKABUMI INDAH"}, "geometry": {"type": "Polygon", "coordinates": [[[105.296, -5.393], [105.289, -5.394], [105.294, -5.408], [105.296, -5.393]]]}}, {"type": "Feature", "properties": {"domain_id": "1871141001", "name": "LABUHAN RATU"}, "geometry": {"type": "Polygon", "coordinates": [[[105.267, -5.366], [105.254, -5.359], [105.251, -5.371], [105.257, -5.377], [105.267, -5.366]]]}}, {"type": "Feature", "properties": {"domain_id": "1871201004", "name": "BUMI RAYA"}, "geometry": {"type": "Polygon", "coordinates": [[[105.287, -5.433], [105.277, -5.433], [105.276, -5.439], [105.286, -5.44], [105.287, -5.433]]]}}, {"type": "Feature", "properties": {"domain_id": "1872011002", "name": "HADIMULYO TIMUR"}, "geometry": {"type": "Polygon", "coordinates": [[[105.323, -5.09], [105.304, -5.09], [105.298, -5.1], [105.314, -5.106], [105.323, -5.09]]]}}, {"type": "Feature", "properties": {"domain_id": "1872031004", "name": "GANJAR ASRI"}, "geometry": {"type": "Polygon", "coordinates": [[[105.296, -5.114], [105.291, -5.109], [105.284, -5.121], [105.296, -5.134], [105.301, -5.13], [105.296, -5.114]]]}}, {"type": "Feature", "properties": {"domain_id": "1811072013", "name": "TRI KARYA MULYA"}, "geometry": {"type": "Polygon", "coordinates": [[[105.382, -3.846], [105.368, -3.845], [105.362, -3.863], [105.368, -3.862], [105.38, -3.89], [105.396, -3.89], [105.405, -3.866], [105.382, -3.846]]]}}, {"type": "Feature", "properties": {"domain_id": "1803012008", "name": "SIDO MULYO"}, "geometry": {"type": "Polygon", "coordinates": [[[104.576, -4.895], [104.569, -4.893], [104.558, -4.905], [104.558, -4.921], [104.574, -4.926], [104.576, -4.895]]]}}, {"type": "Feature", "properties": {"domain_id": "1805202011", "name": "PENAWAR REJO"}, "geometry": {"type": "Polygon", "coordinates": [[[105.259, -4.24], [105.208, -4.24], [105.207, -4.246], [105.229, -4.254], [105.229, -4.268], [105.236, -4.274], [105.252, -4.258], [105.259, -4.24]]]}}, {"type": "Feature", "properties": {"domain_id": "1811042009", "name": "HADI MULYO"}, "geometry": {"type": "Polygon", "coordinates": [[[105.142, -4.124], [105.146, -4.087], [105.109, -4.087], [105.113, -4.125], [105.142, -4.124]]]}}, {"type": "Feature", "properties": {"domain_id": "1805062016", "name": "PENAWAR"}, "geometry": {"type": "Polygon", "coordinates": [[[105.382, -4.31], [105.38, -4.299], [105.376, -4.305], [105.36, -4.3], [105.359, -4.314], [105.37, -4.326], [105.387, -4.325], [105.39, -4.321], [105.382, -4.31]]]}}, {"type": "Feature", "properties": {"domain_id": "1801042003", "name": "PEMANGGILAN"}, "geometry": {"type": "Polygon", "coordinates": [[[105.232, -5.323], [105.2, -5.337], [105.204, -5.354], [105.227, -5.346], [105.232, -5.323]]]}}, {"type": "Feature", "properties": {"domain_id": "1801062016", "name": "TAJIMALELA"}, "geometry": {"type": "Polygon", "coordinates": [[[105.65, -5.666], [105.627, -5.662], [105.623, -5.667], [105.613, -5.727], [105.624, -5.711], [105.633, -5.708], [105.638, -5.694], [105.66, -5.684], [105.65, -5.666]]]}}, {"type": "Feature", "properties": {"domain_id": "1801042013", "name": "BANJAR NEGERI"}, "geometry": {"type": "Polygon", "coordinates": [[[105.195, -5.224], [105.195, -5.22], [105.176, -5.213], [105.178, -5.204], [105.173, -5.204], [105.171, -5.22], [105.185, -5.228], [105.195, -5.224]]]}}, {"type": "Feature", "properties": {"domain_id": "1801072003", "name": "TALANG BARU"}, "geometry": {"type": "Polygon", "coordinates": [[[105.514, -5.57], [105.5, -5.566], [105.483, -5.574], [105.475, -5.57], [105.452, -5.574], [105.444, -5.593], [105.466, -5.584], [105.475, -5.588], [105.485, -5.585], [105.486, -5.59], [105.488, -5.585], [105.502, -5.587], [105.516, -5.577], [105.514, -5.57]]]}}, {"type": "Feature", "properties": {"domain_id": "1801052009", "name": "BUDI LESTARI"}, "geometry": {"type": "Polygon", "coordinates": [[[105.482, -5.397], [105.45, -5.422], [105.446, -5.433], [105.453, -5.437], [105.469, -5.431], [105.479, -5.439], [105.481, -5.429], [105.493, -5.424], [105.485, -5.418], [105.501, -5.421], [105.502, -5.401], [105.482, -5.397]]]}}, {"type": "Feature", "properties": {"domain_id": "1801061028", "name": "WAI LUBUK"}, "geometry": {"type": "Polygon", "coordinates": [[[105.597, -5.669], [105.575, -5.664], [105.563, -5.672], [105.559, -5.684], [105.588, -5.693], [105.584, -5.683], [105.597, -5.669]]]}}, {"type": "Feature", "properties": {"domain_id": "1801062014", "name": "SUKARATU"}, "geometry": {"type": "Polygon", "coordinates": [[[105.626, -5.734], [105.619, -5.723], [105.618, -5.727], [105.626, -5.734]]]}}, {"type": "Feature", "properties": {"domain_id": "1801072006", "name": "BUDIDAYA"}, "geometry": {"type": "Polygon", "coordinates": [[[105.503, -5.62], [105.497, -5.615], [105.478, -5.62], [105.481, -5.627], [105.493, -5.625], [105.493, -5.642], [105.507, -5.636], [105.503, -5.62]]]}}, {"type": "Feature", "properties": {"domain_id": "1801072012", "name": "SIDODADI"}, "geometry": {"type": "Polygon", "coordinates": [[[105.535, -5.593], [105.514, -5.583], [105.511, -5.592], [105.532, -5.602], [105.535, -5.593]]]}}, {"type": "Feature", "properties": {"domain_id": "1801132001", "name": "WAY HUI"}, "geometry": {"type": "Polygon", "coordinates": [[[105.325, -5.355], [105.317, -5.345], [105.297, -5.346], [105.292, -5.352], [105.296, -5.356], [105.288, -5.36], [105.291, -5.369], [105.306, -5.358], [105.313, -5.361], [105.325, -5.355]]]}}, {"type": "Feature", "properties": {"domain_id": "1801092008", "name": "RUANG TENGAH"}, "geometry": {"type": "MultiPolygon", "coordinates": [[[[105.698, -5.708], [105.69, -5.708], [105.686, -5.722], [105.669, -5.733], [105.667, -5.747], [105.674, -5.748], [105.679, -5.735], [105.703, -5.719], [105.703, -5.708], [105.698, -5.708]]], [[[105.685, -5.756], [105.684, -5.754], [105.684, -5.756], [105.685, -5.756]]], [[[105.677, -5.753], [105.673, -5.751], [105.675, -5.757], [105.686, -5.753], [105.677, -5.753]]]]}}, {"type": "Feature", "properties": {"domain_id": "1801142003", "name": "KARANG SARI"}, "geometry": {"type": "Polygon", "coordinates": [[[105.734, -5.71], [105.725, -5.71], [105.718, -5.742], [105.721, -5.769], [105.732, -5.775], [105.741, -5.771], [105.746, -5.756], [105.743, -5.741], [105.733, -5.742], [105.734, -5.71]]]}}, {"type": "Feature", "properties": {"domain_id": "1808142009", "name": "TANJUNG DALAM"}, "geometry": {"type": "Polygon", "coordinates": [[[104.538, -4.367], [104.531, -4.357], [104.525, -4.358], [104.537, -4.388], [104.563, -4.39], [104.567, -4.359], [104.538, -4.367]]]}}, {"type": "Feature", "properties": {"domain_id": "1801102005", "name": "BANGUNAN"}, "geometry": {"type": "Polygon", "coordinates": [[[105.684, -5.641], [105.646, -5.642], [105.647, -5.654], [105.679, -5.656], [105.684, -5.641]]]}}, {"type": "Feature", "properties": {"domain_id": "1801102007", "name": "PALAS AJI"}, "geometry": {"type": "Polygon", "coordinates": [[[105.7, -5.638], [105.69, -5.629], [105.681, -5.632], [105.68, -5.641], [105.689, -5.637], [105.692, -5.662], [105.7, -5.638]]]}}, {"type": "Feature", "properties": {"domain_id": "1808052026", "name": "KOTA DEWA"}, "geometry": {"type": "Polygon", "coordinates": [[[104.619, -4.252], [104.608, -4.25], [104.607, -4.255], [104.634, -4.268], [104.632, -4.288], [104.647, -4.323], [104.659, -4.316], [104.663, -4.286], [104.657, -4.26], [104.644, -4.265], [104.619, -4.252]]]}}, {"type": "Feature", "properties": {"domain_id": "1801182015", "name": "KARANG JAYA"}, "geometry": {"type": "Polygon", "coordinates": [[[105.377, -5.456], [105.362, -5.456], [105.355, -5.468], [105.365, -5.492], [105.363, -5.517], [105.369, -5.519], [105.372, -5.493], [105.389, -5.475], [105.377, -5.456]]]}}, {"type": "Feature", "properties": {"domain_id": "1801232002", "name": "SUMBER AGUNG"}, "geometry": {"type": "Polygon", "coordinates": [[[105.514, -5.477], [105.496, -5.474], [105.499, -5.482], [105.506, -5.482], [105.504, -5.489], [105.514, -5.493], [105.514, -5.477]]]}}, {"type": "Feature", "properties": {"domain_id": "1801242001", "name": "SIDOHARJO"}, "geometry": {"type": "Polygon", "coordinates": [[[105.618, -5.609], [105.578, -5.594], [105.577, -5.612], [105.586, -5.616], [105.586, -5.624], [105.603, -5.639], [105.622, -5.626], [105.618, -5.609]]]}}, {"type": "Feature", "properties": {"domain_id": "1802012014", "name": "SRI PURNOMO"}, "geometry": {"type": "Polygon", "coordinates": [[[104.96, -5.186], [104.945, -5.176], [104.942, -5.21], [104.953, -5.212], [104.96, -5.186]]]}}, {"type": "Feature", "properties": {"domain_id": "1802022006", "name": "SIDO LUHUR"}, "geometry": {"type": "Polygon", "coordinates": [[[105.037, -5.12], [105.018, -5.115], [104.991, -5.122], [104.995, -5.15], [105.019, -5.151], [105.035, -5.136], [105.042, -5.122], [105.037, -5.12]]]}}, {"type": "Feature", "properties": {"domain_id": "1803021004", "name": "KOTABUMI TENGAH"}, "geometry": {"type": "Polygon", "coordinates": [[[104.894, -4.818], [104.89, -4.813], [104.882, -4.818], [104.894, -4.818]]]}}, {"type": "Feature", "properties": {"domain_id": "1802022011", "name": "SINAR LUAS"}, "geometry": {"type": "Polygon", "coordinates": [[[105.058, -5.114], [105.052, -5.111], [105.047, -5.12], [105.054, -5.127], [105.056, -5.143], [105.079, -5.144], [105.072, -5.134], [105.077, -5.123], [105.058, -5.114]]]}}, {"type": "Feature", "properties": {"domain_id": "1802032006", "name": "KOTA BARU"}, "geometry": {"type": "Polygon", "coordinates": [[[105.004, -5.049], [104.996, -5.045], [104.989, -5.053], [104.988, -5.064], [104.992, -5.064], [104.986, -5.075], [105.001, -5.078], [105.017, -5.064], [105.003, -5.056], [105.004, -5.049]]]}}, {"type": "Feature", "properties": {"domain_id": "1802182005", "name": "SENDANG AGUNG MATARAM"}, "geometry": {"type": "Polygon", "coordinates": [[[105.45, -4.744], [105.444, -4.723], [105.429, -4.726], [105.403, -4.761], [105.406, -4.767], [105.411, -4.764], [105.425, -4.744], [105.443, -4.757], [105.45, -4.744]]]}}, {"type": "Feature", "properties": {"domain_id": "1803021001", "name": "KOTABUMI UDIK"}, "geometry": {"type": "Polygon", "coordinates": [[[104.84, -4.809], [104.83, -4.799], [104.828, -4.808], [104.807, -4.805], [104.791, -4.815], [104.787, -4.831], [104.822, -4.822], [104.86, -4.845], [104.88, -4.821], [104.84, -4.809]]]}}, {"type": "Feature", "properties": {"domain_id": "1802041005", "name": "GUNUNG SUGIH"}, "geometry": {"type": "Polygon", "coordinates": [[[105.21, -4.974], [105.199, -4.975], [105.204, -4.987], [105.191, -5.002], [105.226, -5.014], [105.228, -5.006], [105.21, -4.99], [105.21, -4.974]]]}}, {"type": "Feature", "properties": {"domain_id": "1806012020", "name": "TERDANA"}, "geometry": {"type": "Polygon", "coordinates": [[[104.618, -5.482], [104.609, -5.486], [104.618, -5.487], [104.618, -5.482]]]}}, {"type": "Feature", "properties": {"domain_id": "1802042010", "name": "BUYUT ILIR"}, "geometry": {"type": "Polygon", "coordinates": [[[105.299, -4.951], [105.284, -4.945], [105.267, -4.953], [105.266, -4.969], [105.275, -4.968], [105.279, -4.984], [105.288, -4.986], [105.297, -4.979], [105.304, -4.966], [105.299, -4.951]]]}}, {"type": "Feature", "properties": {"domain_id": "1802052006", "name": "PURWODADI"}, "geometry": {"type": "Polygon", "coordinates": [[[105.269, -5.096], [105.264, -5.099], [105.265, -5.128], [105.291, -5.11], [105.283, -5.103], [105.272, -5.105], [105.269, -5.096]]]}}, {"type": "Feature", "properties": {"domain_id": "1802092002", "name": "REKSO BINANGUN"}, "geometry": {"type": "Polygon", "coordinates": [[[105.527, -4.745], [105.507, -4.728], [105.494, -4.736], [105.516, -4.775], [105.539, -4.752], [105.527, -4.745]]]}}, {"type": "Feature", "properties": {"domain_id": "1802102003", "name": "SETIA BUMI"}, "geometry": {"type": "Polygon", "coordinates": [[[105.451, -4.862], [105.437, -4.882], [105.446, -4.901], [105.477, -4.888], [105.473, -4.882], [105.453, -4.882], [105.451, -4.862]]]}}, {"type": "Feature", "properties": {"domain_id": "1802122002", "name": "SUMBER KATON"}, "geometry": {"type": "Polygon", "coordinates": [[[105.619, -4.714], [105.602, -4.687], [105.58, -4.701], [105.584, -4.708], [105.595, -4.707], [105.601, -4.719], [105.619, -4.714]]]}}, {"type": "Feature", "properties": {"domain_id": "1806011001", "name": "BAROS"}, "geometry": {"type": "Polygon", "coordinates": [[[104.622, -5.493], [104.618, -5.49], [104.616, -5.498], [104.622, -5.493]]]}}, {"type": "Feature", "properties": {"domain_id": "1804182007", "name": "TUGU MULYA"}, "geometry": {"type": "Polygon", "coordinates": [[[104.545, -5.056], [104.532, -5.056], [104.53, -5.067], [104.538, -5.069], [104.545, -5.056]]]}}, {"type": "Feature", "properties": {"domain_id": "1808102003", "name": "BANJAR SAKTI"}, "geometry": {"type": "Polygon", "coordinates": [[[104.571, -4.794], [104.56, -4.785], [104.554, -4.795], [104.539, -4.788], [104.532, -4.795], [104.544, -4.81], [104.563, -4.814], [104.571, -4.806], [104.571, -4.794]]]}}, {"type": "Feature", "properties": {"domain_id": "1802222007", "name": "SENDANG ASRI"}, "geometry": {"type": "Polygon", "coordinates": [[[104.91, -5.153], [104.878, -5.149], [104.884, -5.17], [104.898, -5.169], [104.91, -5.153]]]}}, {"type": "Feature", "properties": {"domain_id": "1803122008", "name": "KEBUN DALAM"}, "geometry": {"type": "Polygon", "coordinates": [[[104.651, -4.863], [104.651, -4.855], [104.635, -4.856], [104.631, -4.867], [104.651, -4.863]]]}}, {"type": "Feature", "properties": {"domain_id": "1802272002", "name": "SRIMULYO"}, "geometry": {"type": "Polygon", "coordinates": [[[104.926, -4.951], [104.919, -4.946], [104.912, -4.951], [104.917, -4.963], [104.907, -4.978], [104.918, -4.988], [104.924, -4.984], [104.915, -4.976], [104.943, -4.969], [104.926, -4.951]]]}}, {"type": "Feature", "properties": {"domain_id": "1802282007", "name": "BINA KARYA  BARU"}, "geometry": {"type": "Polygon", "coordinates": [[[105.585, -4.822], [105.573, -4.809], [105.554, -4.815], [105.552, -4.829], [105.559, -4.835], [105.578, -4.834], [105.585, -4.822]]]}}, {"type": "Feature", "properties": {"domain_id": "1803122005", "name": "SIDO KAYO"}, "geometry": {"type": "Polygon", "coordinates": [[[104.618, -4.902], [104.577, -4.903], [104.573, -4.918], [104.578, -4.948], [104.584, -4.952], [104.603, -4.918], [104.621, -4.907], [104.618, -4.902]]]}}, {"type": "Feature", "properties": {"domain_id": "1803032023", "name": "GUNUNG LABUHAN"}, "geometry": {"type": "Polygon", "coordinates": [[[104.759, -4.763], [104.747, -4.75], [104.735, -4.76], [104.735, -4.771], [104.744, -4.774], [104.759, -4.763]]]}}, {"type": "Feature", "properties": {"domain_id": "1805232001", "name": "GEDUNG HARAPAN"}, "geometry": {"type": "Polygon", "coordinates": [[[105.505, -4.283], [105.488, -4.283], [105.488, -4.289], [105.484, -4.282], [105.472, -4.282], [105.472, -4.291], [105.504, -4.291], [105.505, -4.283]]]}}, {"type": "Feature", "properties": {"domain_id": "1805262003", "name": "KARYA BHAKTI"}, "geometry": {"type": "Polygon", "coordinates": [[[105.437, -4.279], [105.437, -4.262], [105.405, -4.267], [105.406, -4.281], [105.429, -4.282], [105.429, -4.289], [105.436, -4.29], [105.437, -4.279]]]}}, {"type": "Feature", "properties": {"domain_id": "1803042004", "name": "SINAR JAYA"}, "geometry": {"type": "Polygon", "coordinates": [[[104.593, -4.982], [104.609, -4.98], [104.629, -4.96], [104.653, -4.951], [104.653, -4.942], [104.643, -4.936], [104.631, -4.941], [104.593, -4.982]]]}}, {"type": "Feature", "properties": {"domain_id": "1806212012", "name": "DARUSSALAM"}, "geometry": {"type": "Polygon", "coordinates": [[[104.798, -5.41], [104.783, -5.408], [104.79, -5.415], [104.798, -5.41]]]}}, {"type": "Feature", "properties": {"domain_id": "1803052006", "name": "PERADUAN WARAS"}, "geometry": {"type": "Polygon", "coordinates": [[[104.993, -4.782], [104.985, -4.78], [104.987, -4.772], [104.98, -4.767], [104.948, -4.764], [104.955, -4.784], [104.97, -4.784], [104.974, -4.793], [104.99, -4.795], [104.993, -4.782]]]}}, {"type": "Feature", "properties": {"domain_id": "1804152004", "name": "TRIMULYO"}, "geometry": {"type": "Polygon", "coordinates": [[[104.453, -5.104], [104.444, -5.105], [104.437, -5.123], [104.442, -5.149], [104.47, -5.146], [104.471, -5.14], [104.465, -5.121], [104.449, -5.11], [104.453, -5.104]]]}}, {"type": "Feature", "properties": {"domain_id": "1803052010", "name": "BUMI JAYA"}, "geometry": {"type": "Polygon", "coordinates": [[[105.064, -4.741], [105.059, -4.738], [105.037, -4.769], [105.03, -4.764], [105.027, -4.787], [105.037, -4.79], [105.064, -4.741]]]}}, {"type": "Feature", "properties": {"domain_id": "1805112015", "name": "GUNUNG TAPA TENGAH"}, "geometry": {"type": "Polygon", "coordinates": [[[105.603, -4.354], [105.592, -4.367], [105.589, -4.387], [105.598, -4.398], [105.607, -4.394], [105.603, -4.354]]]}}, {"type": "Feature", "properties": {"domain_id": "1812072004", "name": "PAGAR JAYA"}, "geometry": {"type": "Polygon", "coordinates": [[[105.166, -4.365], [105.132, -4.357], [105.133, -4.376], [105.162, -4.383], [105.166, -4.365]]]}}, {"type": "Feature", "properties": {"domain_id": "1803072006", "name": "SINAR OGAN"}, "geometry": {"type": "Polygon", "coordinates": [[[104.906, -4.918], [104.896, -4.918], [104.893, -4.934], [104.882, -4.933], [104.914, -4.948], [104.922, -4.929], [104.906, -4.918]]]}}, {"type": "Feature", "properties": {"domain_id": "1803102014", "name": "SINAR MAS ALAM"}, "geometry": {"type": "Polygon", "coordinates": [[[104.898, -4.916], [104.89, -4.909], [104.895, -4.908], [104.893, -4.897], [104.886, -4.898], [104.87, -4.917], [104.873, -4.93], [104.893, -4.934], [104.898, -4.916]]]}}, {"type": "Feature", "properties": {"domain_id": "1803082012", "name": "NEGERI RATU"}, "geometry": {"type": "Polygon", "coordinates": [[[104.725, -4.653], [104.713, -4.651], [104.702, -4.671], [104.716, -4.683], [104.735, -4.672], [104.729, -4.662], [104.734, -4.655], [104.725, -4.653]], [[104.714, -4.666], [104.727, -4.671], [104.715, -4.678], [104.711, -4.672], [104.714, -4.666]]]}}, {"type": "Feature", "properties": {"domain_id": "1803092001", "name": "MADUKORO"}, "geometry": {"type": "Polygon", "coordinates": [[[104.859, -4.74], [104.854, -4.736], [104.838, -4.739], [104.834, -4.746], [104.824, -4.745], [104.82, -4.758], [104.806, -4.764], [104.816, -4.778], [104.816, -4.792], [104.847, -4.786], [104.884, -4.763], [104.886, -4.756], [104.859, -4.766], [104.851, -4.758], [104.859, -4.74]]]}}, {"type": "Feature", "properties": {"domain_id": "1803092002", "name": "KALI CINTA"}, "geometry": {"type": "Polygon", "coordinates": [[[104.93, -4.76], [104.898, -4.759], [104.896, -4.769], [104.888, -4.774], [104.886, -4.769], [104.852, -4.792], [104.849, -4.8], [104.882, -4.809], [104.89, -4.799], [104.904, -4.8], [104.913, -4.791], [104.913, -4.78], [104.928, -4.773], [104.93, -4.76]]]}}, {"type": "Feature", "properties": {"domain_id": "1805232005", "name": "SUKA MAKMUR"}, "geometry": {"type": "Polygon", "coordinates": [[[105.468, -4.198], [105.46, -4.203], [105.447, -4.229], [105.439, -4.231], [105.435, -4.244], [105.428, -4.238], [105.42, -4.243], [105.42, -4.235], [105.416, -4.246], [105.438, -4.246], [105.444, -4.259], [105.472, -4.259], [105.468, -4.198]]]}}, {"type": "Feature", "properties": {"domain_id": "1803112007", "name": "GUNUNG SADAR"}, "geometry": {"type": "Polygon", "coordinates": [[[104.76, -4.957], [104.718, -4.969], [104.72, -4.976], [104.755, -4.981], [104.762, -4.971], [104.76, -4.957]]]}}, {"type": "Feature", "properties": {"domain_id": "1803152005", "name": "KARANG SAKTI"}, "geometry": {"type": "Polygon", "coordinates": [[[104.964, -4.547], [104.926, -4.548], [104.925, -4.566], [104.936, -4.56], [104.947, -4.565], [104.964, -4.547]]]}}, {"type": "Feature", "properties": {"domain_id": "1805222008", "name": "BUMI SARI"}, "geometry": {"type": "Polygon", "coordinates": [[[105.641, -4.312], [105.637, -4.283], [105.637, -4.294], [105.61, -4.312], [105.612, -4.331], [105.623, -4.33], [105.624, -4.342], [105.635, -4.345], [105.64, -4.364], [105.645, -4.362], [105.641, -4.312]]]}}, {"type": "Feature", "properties": {"domain_id": "1803172001", "name": "NEGERA KEMAKMURAN"}, "geometry": {"type": "Polygon", "coordinates": [[[104.642, -4.689], [104.632, -4.683], [104.625, -4.695], [104.627, -4.703], [104.634, -4.705], [104.624, -4.715], [104.627, -4.732], [104.658, -4.699], [104.642, -4.689]]]}}, {"type": "Feature", "properties": {"domain_id": "1805252004", "name": "MAHABANG"}, "geometry": {"type": "Polygon", "coordinates": [[[105.874, -4.43], [105.863, -4.428], [105.852, -4.476], [105.901, -4.476], [105.912, -4.437], [105.89, -4.438], [105.874, -4.43]]]}}, {"type": "Feature", "properties": {"domain_id": "1803172006", "name": "BERINGIN JAYA"}, "geometry": {"type": "Polygon", "coordinates": [[[104.683, -4.658], [104.67, -4.656], [104.67, -4.663], [104.66, -4.67], [104.659, -4.678], [104.668, -4.689], [104.682, -4.69], [104.683, -4.681], [104.692, -4.676], [104.683, -4.658]]]}}, {"type": "Feature", "properties": {"domain_id": "1803182004", "name": "NEGERI CAMPANG JAYA"}, "geometry": {"type": "Polygon", "coordinates": [[[104.682, -4.729], [104.643, -4.742], [104.633, -4.759], [104.646, -4.779], [104.662, -4.766], [104.661, -4.756], [104.686, -4.742], [104.682, -4.729]]]}}, {"type": "Feature", "properties": {"domain_id": "1805262007", "name": "KECUBUNG RAYA"}, "geometry": {"type": "Polygon", "coordinates": [[[105.419, -4.221], [105.403, -4.219], [105.406, -4.245], [105.399, -4.256], [105.379, -4.252], [105.382, -4.267], [105.405, -4.272], [105.405, -4.267], [105.416, -4.267], [105.419, -4.221]]]}}, {"type": "Feature", "properties": {"domain_id": "1803182008", "name": "MEKAR SARI"}, "geometry": {"type": "Polygon", "coordinates": [[[104.769, -4.707], [104.759, -4.706], [104.75, -4.696], [104.734, -4.701], [104.738, -4.718], [104.747, -4.717], [104.748, -4.736], [104.768, -4.727], [104.769, -4.707]]]}}, {"type": "Feature", "properties": {"domain_id": "1804072004", "name": "MUTAR ALAM"}, "geometry": {"type": "Polygon", "coordinates": [[[104.397, -5.056], [104.396, -5.043], [104.382, -5.03], [104.388, -5.07], [104.395, -5.068], [104.401, -5.075], [104.402, -5.07], [104.41, -5.071], [104.41, -5.058], [104.396, -5.063], [104.397, -5.056]]]}}, {"type": "Feature", "properties": {"domain_id": "1803192005", "name": "PEKURUN"}, "geometry": {"type": "Polygon", "coordinates": [[[104.767, -4.908], [104.761, -4.91], [104.757, -4.934], [104.767, -4.948], [104.776, -4.947], [104.781, -4.939], [104.781, -4.95], [104.806, -4.937], [104.807, -4.923], [104.767, -4.908]]]}}, {"type": "Feature", "properties": {"domain_id": "1871151004", "name": "JAGABAYA I"}, "geometry": {"type": "Polygon", "coordinates": [[[105.266, -5.405], [105.262, -5.4], [105.261, -5.404], [105.266, -5.405]]]}}, {"type": "Feature", "properties": {"domain_id": "1803192008", "name": "PEKURUN UDIK"}, "geometry": {"type": "Polygon", "coordinates": [[[104.84, -4.945], [104.822, -4.944], [104.817, -4.966], [104.805, -4.977], [104.8, -4.974], [104.803, -4.984], [104.836, -4.975], [104.851, -4.949], [104.84, -4.945]]]}}, {"type": "Feature", "properties": {"domain_id": "1808112004", "name": "SETIA NEGARA"}, "geometry": {"type": "Polygon", "coordinates": [[[104.816, -4.442], [104.81, -4.395], [104.808, -4.401], [104.794, -4.403], [104.793, -4.448], [104.805, -4.441], [104.815, -4.446], [104.816, -4.442]]]}}, {"type": "Feature", "properties": {"domain_id": "1803202005", "name": "SUKA JAYA"}, "geometry": {"type": "Polygon", "coordinates": [[[104.755, -4.807], [104.739, -4.805], [104.728, -4.812], [104.745, -4.825], [104.757, -4.814], [104.755, -4.807]]]}}, {"type": "Feature", "properties": {"domain_id": "1804072008", "name": "PADANG TAMBAK"}, "geometry": {"type": "MultiPolygon", "coordinates": [[[[104.361, -5.049], [104.337, -5.048], [104.333, -5.063], [104.317, -5.077], [104.332, -5.104], [104.365, -5.06], [104.361, -5.049]]], [[[104.374, -5.076], [104.38, -5.07], [104.374, -5.068], [104.369, -5.076], [104.374, -5.076]]], [[[104.359, -5.008], [104.346, -5.011], [104.343, -5.045], [104.354, -5.039], [104.359, -5.008]]]]}}, {"type": "Feature", "properties": {"domain_id": "1808112006", "name": "SRI MENANTI"}, "geometry": {"type": "Polygon", "coordinates": [[[104.886, -4.361], [104.879, -4.359], [104.87, -4.385], [104.873, -4.403], [104.909, -4.404], [104.908, -4.374], [104.886, -4.361]]]}}, {"type": "Feature", "properties": {"domain_id": "1803202008", "name": "CEMPAKA BARAT"}, "geometry": {"type": "Polygon", "coordinates": [[[104.792, -4.781], [104.775, -4.78], [104.763, -4.796], [104.77, -4.794], [104.768, -4.806], [104.78, -4.824], [104.789, -4.814], [104.778, -4.802], [104.792, -4.781]]]}}, {"type": "Feature", "properties": {"domain_id": "1806252010", "name": "SANGGI UNGGAK"}, "geometry": {"type": "Polygon", "coordinates": [[[104.476, -5.413], [104.469, -5.416], [104.463, -5.437], [104.47, -5.446], [104.476, -5.413]]]}}, {"type": "Feature", "properties": {"domain_id": "1803222004", "name": "BERINGIN"}, "geometry": {"type": "Polygon", "coordinates": [[[104.799, -4.879], [104.778, -4.884], [104.778, -4.906], [104.801, -4.9], [104.799, -4.879]]]}}, {"type": "Feature", "properties": {"domain_id": "1803222005", "name": "SABUK INDAH"}, "geometry": {"type": "Polygon", "coordinates": [[[104.824, -4.842], [104.809, -4.842], [104.799, -4.851], [104.805, -4.863], [104.818, -4.87], [104.829, -4.861], [104.823, -4.855], [104.829, -4.848], [104.824, -4.842]]]}}, {"type": "Feature", "properties": {"domain_id": "1804152002", "name": "PURAMEKAR"}, "geometry": {"type": "Polygon", "coordinates": [[[104.51, -5.068], [104.494, -5.057], [104.473, -5.071], [104.481, -5.087], [104.473, -5.107], [104.487, -5.115], [104.516, -5.09], [104.51, -5.068]]]}}, {"type": "Feature", "properties": {"domain_id": "1807232007", "name": "TEGAL OMBO"}, "geometry": {"type": "Polygon", "coordinates": [[[105.595, -4.95], [105.573, -4.932], [105.552, -4.931], [105.544, -4.938], [105.535, -4.931], [105.524, -4.94], [105.511, -4.936], [105.519, -4.948], [105.545, -4.95], [105.553, -4.943], [105.595, -4.95]]]}}, {"type": "Feature", "properties": {"domain_id": "1804182003", "name": "TRIBUDI SYUKUR"}, "geometry": {"type": "Polygon", "coordinates": [[[104.521, -5.049], [104.522, -5.039], [104.541, -5.028], [104.538, -5.014], [104.525, -5.026], [104.507, -5.02], [104.49, -5.04], [104.49, -5.046], [104.521, -5.049]]]}}, {"type": "Feature", "properties": {"domain_id": "1804202009", "name": "PAGAR DEWA"}, "geometry": {"type": "Polygon", "coordinates": [[[104.363, -4.947], [104.327, -4.924], [104.322, -4.93], [104.347, -4.95], [104.359, -4.973], [104.364, -4.972], [104.356, -4.99], [104.367, -5.006], [104.389, -4.987], [104.391, -4.976], [104.369, -4.954], [104.371, -4.947], [104.363, -4.947]]]}}, {"type": "Feature", "properties": {"domain_id": "1808112015", "name": "KOTA JAWA"}, "geometry": {"type": "Polygon", "coordinates": [[[104.836, -4.326], [104.85, -4.331], [104.841, -4.309], [104.818, -4.299], [104.818, -4.32], [104.836, -4.326]]]}}, {"type": "Feature", "properties": {"domain_id": "1804212010", "name": "ATAR KUWAU"}, "geometry": {"type": "Polygon", "coordinates": [[[104.218, -5.06], [104.202, -5.062], [104.194, -5.08], [104.214, -5.098], [104.229, -5.101], [104.234, -5.091], [104.224, -5.088], [104.235, -5.083], [104.218, -5.06]]]}}, {"type": "Feature", "properties": {"domain_id": "1804222003", "name": "SUKA BANJAR"}, "geometry": {"type": "Polygon", "coordinates": [[[103.899, -4.948], [103.877, -4.927], [103.861, -4.95], [103.873, -4.964], [103.882, -4.95], [103.899, -4.948]]]}}, {"type": "Feature", "properties": {"domain_id": "1804232007", "name": "TANJUNG SARI"}, "geometry": {"type": "Polygon", "coordinates": [[[104.317, -5.274], [104.308, -5.277], [104.311, -5.295], [104.325, -5.309], [104.33, -5.292], [104.317, -5.274]]]}}, {"type": "Feature", "properties": {"domain_id": "1805182005", "name": "BUMI DIPASENA MAKMUR"}, "geometry": {"type": "Polygon", "coordinates": [[[105.825, -4.185], [105.755, -4.185], [105.757, -4.209], [105.822, -4.209], [105.825, -4.185]]]}}, {"type": "Feature", "properties": {"domain_id": "1805202006", "name": "PENAWAR JAYA"}, "geometry": {"type": "Polygon", "coordinates": [[[105.262, -4.222], [105.218, -4.225], [105.198, -4.232], [105.189, -4.243], [105.259, -4.24], [105.262, -4.222]]]}}, {"type": "Feature", "properties": {"domain_id": "1805202004", "name": "CATUR KARYA BUANA JAYA"}, "geometry": {"type": "Polygon", "coordinates": [[[105.326, -4.266], [105.322, -4.21], [105.313, -4.217], [105.307, -4.213], [105.306, -4.257], [105.311, -4.269], [105.326, -4.266]]]}}, {"type": "Feature", "properties": {"domain_id": "1805292003", "name": "KAHURIPAN JAYA"}, "geometry": {"type": "Polygon", "coordinates": [[[105.238, -4.361], [105.234, -4.369], [105.229, -4.36], [105.214, -4.365], [105.209, -4.372], [105.216, -4.372], [105.216, -4.392], [105.242, -4.386], [105.238, -4.361]]]}}, {"type": "Feature", "properties": {"domain_id": "1806032035", "name": "SAMPANG TURUS"}, "geometry": {"type": "Polygon", "coordinates": [[[104.542, -5.382], [104.528, -5.376], [104.523, -5.389], [104.538, -5.435], [104.53, -5.442], [104.535, -5.45], [104.557, -5.453], [104.553, -5.442], [104.558, -5.43], [104.544, -5.422], [104.55, -5.405], [104.542, -5.382]]]}}, {"type": "Feature", "properties": {"domain_id": "1805292007", "name": "MEKAR INDAH JAYA"}, "geometry": {"type": "Polygon", "coordinates": [[[105.294, -4.32], [105.257, -4.327], [105.25, -4.34], [105.266, -4.356], [105.275, -4.351], [105.27, -4.34], [105.295, -4.339], [105.295, -4.345], [105.307, -4.344], [105.294, -4.32]]]}}, {"type": "Feature", "properties": {"domain_id": "1806042001", "name": "TALANG BERINGIN"}, "geometry": {"type": "Polygon", "coordinates": [[[104.671, -5.364], [104.644, -5.372], [104.631, -5.392], [104.606, -5.401], [104.6, -5.441], [104.613, -5.449], [104.619, -5.423], [104.631, -5.407], [104.655, -5.407], [104.68, -5.365], [104.671, -5.364]]]}}, {"type": "Feature", "properties": {"domain_id": "1806042008", "name": "PENANTIAN"}, "geometry": {"type": "Polygon", "coordinates": [[[104.776, -5.314], [104.769, -5.313], [104.772, -5.321], [104.76, -5.332], [104.779, -5.327], [104.792, -5.332], [104.776, -5.314]]]}}, {"type": "Feature", "properties": {"domain_id": "1806042010", "name": "TEKAD"}, "geometry": {"type": "Polygon", "coordinates": [[[104.767, -5.299], [104.756, -5.306], [104.743, -5.305], [104.745, -5.315], [104.738, -5.327], [104.75, -5.332], [104.756, -5.31], [104.77, -5.308], [104.767, -5.299]]]}}, {"type": "Feature", "properties": {"domain_id": "1806042027", "name": "TALANG JAWA"}, "geometry": {"type": "Polygon", "coordinates": [[[104.677, -5.321], [104.65, -5.324], [104.657, -5.333], [104.636, -5.37], [104.639, -5.375], [104.674, -5.361], [104.672, -5.354], [104.684, -5.329], [104.677, -5.321]]]}}, {"type": "Feature", "properties": {"domain_id": "1806122020", "name": "WAY KERAP"}, "geometry": {"type": "Polygon", "coordinates": [[[104.481, -5.48], [104.478, -5.475], [104.428, -5.499], [104.431, -5.507], [104.443, -5.521], [104.472, -5.503], [104.492, -5.499], [104.481, -5.48]]]}}, {"type": "Feature", "properties": {"domain_id": "1806112001", "name": "RANTAU TIJANG"}, "geometry": {"type": "Polygon", "coordinates": [[[104.866, -5.339], [104.844, -5.33], [104.859, -5.357], [104.835, -5.368], [104.841, -5.382], [104.867, -5.375], [104.873, -5.358], [104.866, -5.339]]]}}, {"type": "Feature", "properties": {"domain_id": "1806132010", "name": "WONOHARJO"}, "geometry": {"type": "Polygon", "coordinates": [[[104.711, -5.361], [104.705, -5.361], [104.704, -5.379], [104.711, -5.381], [104.719, -5.371], [104.739, -5.374], [104.738, -5.364], [104.711, -5.361]]]}}, {"type": "Feature", "properties": {"domain_id": "1806112007", "name": "TAMAN SARI"}, "geometry": {"type": "Polygon", "coordinates": [[[104.839, -5.454], [104.829, -5.45], [104.822, -5.458], [104.799, -5.456], [104.794, -5.475], [104.772, -5.484], [104.756, -5.482], [104.756, -5.501], [104.802, -5.51], [104.837, -5.5], [104.842, -5.492], [104.835, -5.481], [104.837, -5.468], [104.843, -5.464], [104.839, -5.454]]]}}, {"type": "Feature", "properties": {"domain_id": "1806152003", "name": "KARANG REJO"}, "geometry": {"type": "MultiPolygon", "coordinates": [[[[104.593, -5.319], [104.581, -5.335], [104.57, -5.335], [104.566, -5.344], [104.552, -5.343], [104.53, -5.365], [104.573, -5.357], [104.587, -5.339], [104.593, -5.319]]], [[[104.593, -5.3], [104.594, -5.285], [104.588, -5.295], [104.593, -5.3]]]]}}, {"type": "Feature", "properties": {"domain_id": "1806112021", "name": "PUNGKUT"}, "geometry": {"type": "Polygon", "coordinates": [[[104.817, -5.361], [104.809, -5.359], [104.806, -5.364], [104.807, -5.381], [104.838, -5.388], [104.836, -5.368], [104.828, -5.37], [104.825, -5.361], [104.817, -5.361]]]}}, {"type": "Feature", "properties": {"domain_id": "1806122009", "name": "KANOMAN"}, "geometry": {"type": "Polygon", "coordinates": [[[104.505, -5.49], [104.5, -5.483], [104.487, -5.492], [104.5, -5.501], [104.505, -5.49]]]}}, {"type": "Feature", "properties": {"domain_id": "1806172005", "name": "PEKON UNGGAK"}, "geometry": {"type": "Polygon", "coordinates": [[[105.09, -5.73], [105.077, -5.711], [105.065, -5.705], [105.054, -5.703], [105.041, -5.712], [105.049, -5.717], [105.047, -5.724], [105.071, -5.715], [105.088, -5.733], [105.087, -5.746], [105.09, -5.73]]]}}, {"type": "Feature", "properties": {"domain_id": "1806162010", "name": "KARANG BRAK"}, "geometry": {"type": "Polygon", "coordinates": [[[104.653, -5.723], [104.636, -5.71], [104.629, -5.694], [104.614, -5.729], [104.618, -5.727], [104.62, -5.736], [104.626, -5.735], [104.632, -5.742], [104.645, -5.743], [104.643, -5.734], [104.656, -5.726], [104.653, -5.723]]]}}, {"type": "Feature", "properties": {"domain_id": "1806182006", "name": "TEBA BUNUK"}, "geometry": {"type": "MultiPolygon", "coordinates": [[[[104.583, -5.504], [104.58, -5.48], [104.574, -5.479], [104.583, -5.504]]], [[[104.573, -5.506], [104.573, -5.504], [104.571, -5.505], [104.573, -5.506]]]]}}, {"type": "Feature", "properties": {"domain_id": "1806182015", "name": "KALIMIRING"}, "geometry": {"type": "Polygon", "coordinates": [[[104.598, -5.438], [104.602, -5.42], [104.59, -5.424], [104.569, -5.444], [104.571, -5.459], [104.566, -5.471], [104.581, -5.466], [104.583, -5.45], [104.598, -5.438]]]}}, {"type": "Feature", "properties": {"domain_id": "1806182013", "name": "KESUGIHAN"}, "geometry": {"type": "Polygon", "coordinates": [[[104.607, -5.484], [104.607, -5.476], [104.601, -5.477], [104.6, -5.485], [104.607, -5.484]]]}}, {"type": "Feature", "properties": {"domain_id": "1811042014", "name": "LABUHAN PERMAI"}, "geometry": {"type": "Polygon", "coordinates": [[[105.142, -4.137], [105.128, -4.135], [105.126, -4.13], [105.104, -4.133], [105.104, -4.142], [105.094, -4.141], [105.093, -4.146], [105.123, -4.134], [105.133, -4.161], [105.142, -4.137]]]}}, {"type": "Feature", "properties": {"domain_id": "1806262008", "name": "BATU TEGI"}, "geometry": {"type": "Polygon", "coordinates": [[[104.79, -5.242], [104.787, -5.235], [104.772, -5.243], [104.76, -5.279], [104.773, -5.29], [104.779, -5.286], [104.809, -5.297], [104.804, -5.272], [104.787, -5.26], [104.79, -5.242]]]}}, {"type": "Feature", "properties": {"domain_id": "1806272004", "name": "SUKA AGUNG BARAT"}, "geometry": {"type": "Polygon", "coordinates": [[[104.883, -5.46], [104.872, -5.456], [104.837, -5.467], [104.835, -5.481], [104.842, -5.492], [104.837, -5.5], [104.843, -5.502], [104.845, -5.491], [104.871, -5.479], [104.883, -5.46]]]}}, {"type": "Feature", "properties": {"domain_id": "1807012007", "name": "MATARAM MARGA"}, "geometry": {"type": "Polygon", "coordinates": [[[105.532, -5.05], [105.52, -5.05], [105.525, -5.07], [105.521, -5.078], [105.527, -5.08], [105.533, -5.073], [105.532, -5.05]]]}}, {"type": "Feature", "properties": {"domain_id": "1807032007", "name": "JABUNG"}, "geometry": {"type": "Polygon", "coordinates": [[[105.732, -5.429], [105.697, -5.426], [105.693, -5.455], [105.669, -5.459], [105.669, -5.464], [105.695, -5.482], [105.71, -5.481], [105.706, -5.474], [105.729, -5.472], [105.732, -5.451], [105.723, -5.444], [105.732, -5.429]]]}}, {"type": "Feature", "properties": {"domain_id": "1807052003", "name": "SIDOMULYO"}, "geometry": {"type": "Polygon", "coordinates": [[[105.434, -5.165], [105.405, -5.149], [105.405, -5.161], [105.424, -5.169], [105.425, -5.185], [105.45, -5.179], [105.434, -5.165]]]}}, {"type": "Feature", "properties": {"domain_id": "1807052013", "name": "KARYA MUKTI"}, "geometry": {"type": "Polygon", "coordinates": [[[105.424, -5.182], [105.412, -5.186], [105.406, -5.181], [105.4, -5.215], [105.402, -5.21], [105.411, -5.219], [105.419, -5.218], [105.427, -5.203], [105.424, -5.182]]]}}, {"type": "Feature", "properties": {"domain_id": "1807062014", "name": "SELOREJO"}, "geometry": {"type": "Polygon", "coordinates": [[[105.436, -5.117], [105.426, -5.104], [105.419, -5.106], [105.412, -5.12], [105.405, -5.12], [105.404, -5.134], [105.417, -5.13], [105.421, -5.117], [105.436, -5.117]]]}}, {"type": "Feature", "properties": {"domain_id": "1807112005", "name": "NEGERI JEMANTEN"}, "geometry": {"type": "Polygon", "coordinates": [[[105.526, -5.189], [105.5, -5.202], [105.493, -5.191], [105.48, -5.189], [105.488, -5.204], [105.485, -5.216], [105.511, -5.212], [105.522, -5.219], [105.538, -5.214], [105.526, -5.189]]]}}, {"type": "Feature", "properties": {"domain_id": "1807062016", "name": "SUMBER AGUNG"}, "geometry": {"type": "Polygon", "coordinates": [[[105.417, -5.095], [105.404, -5.085], [105.405, -5.095], [105.395, -5.101], [105.4, -5.113], [105.417, -5.095]]]}}, {"type": "Feature", "properties": {"domain_id": "1807122008", "name": "BAUH GUNUNG SARI"}, "geometry": {"type": "Polygon", "coordinates": [[[105.607, -5.32], [105.607, -5.311], [105.596, -5.31], [105.592, -5.299], [105.574, -5.303], [105.577, -5.312], [105.583, -5.312], [105.576, -5.329], [105.584, -5.336], [105.597, -5.335], [105.607, -5.32]]]}}, {"type": "Feature", "properties": {"domain_id": "1807062017", "name": "PURWODADI MEKAR"}, "geometry": {"type": "Polygon", "coordinates": [[[105.405, -5.183], [105.399, -5.181], [105.392, -5.191], [105.375, -5.192], [105.375, -5.21], [105.388, -5.206], [105.396, -5.214], [105.405, -5.183]]]}}, {"type": "Feature", "properties": {"domain_id": "1807102002", "name": "MARGA JAYA"}, "geometry": {"type": "Polygon", "coordinates": [[[105.343, -5.206], [105.326, -5.2], [105.327, -5.207], [105.319, -5.21], [105.331, -5.231], [105.343, -5.234], [105.35, -5.233], [105.344, -5.229], [105.343, -5.206]]]}}, {"type": "Feature", "properties": {"domain_id": "1807092002", "name": "RAMAN AJI"}, "geometry": {"type": "Polygon", "coordinates": [[[105.435, -4.986], [105.415, -4.984], [105.421, -5.002], [105.405, -5.008], [105.404, -5.017], [105.429, -5.006], [105.44, -5.01], [105.443, -5.002], [105.435, -4.986]]]}}, {"type": "Feature", "properties": {"domain_id": "1807092003", "name": "RUKTI SEDYO"}, "geometry": {"type": "Polygon", "coordinates": [[[105.472, -4.987], [105.473, -4.981], [105.437, -4.988], [105.44, -5.01], [105.43, -5.006], [105.423, -5.011], [105.435, -5.021], [105.448, -5.008], [105.458, -5.011], [105.47, -4.998], [105.472, -4.987]]]}}, {"type": "Feature", "properties": {"domain_id": "1807172006", "name": "SUMBER HADI"}, "geometry": {"type": "Polygon", "coordinates": [[[105.753, -5.373], [105.745, -5.37], [105.731, -5.383], [105.736, -5.42], [105.744, -5.418], [105.741, -5.392], [105.753, -5.373]]]}}, {"type": "Feature", "properties": {"domain_id": "1807222002", "name": "BRAJA GEMILANG"}, "geometry": {"type": "Polygon", "coordinates": [[[105.775, -5.208], [105.752, -5.207], [105.753, -5.225], [105.756, -5.235], [105.779, -5.247], [105.782, -5.236], [105.773, -5.222], [105.783, -5.21], [105.775, -5.208]]]}}, {"type": "Feature", "properties": {"domain_id": "1807222005", "name": "BRAJA KENCANA"}, "geometry": {"type": "Polygon", "coordinates": [[[105.861, -5.169], [105.826, -5.167], [105.785, -5.189], [105.775, -5.208], [105.794, -5.213], [105.829, -5.174], [105.861, -5.174], [105.861, -5.169]]]}}, {"type": "Feature", "properties": {"domain_id": "1808032004", "name": "RANTAU TEMIANG"}, "geometry": {"type": "Polygon", "coordinates": [[[104.488, -4.815], [104.47, -4.806], [104.473, -4.824], [104.461, -4.831], [104.462, -4.856], [104.478, -4.854], [104.495, -4.841], [104.488, -4.836], [104.488, -4.815]]]}}, {"type": "Feature", "properties": {"domain_id": "1808022001", "name": "DATAR BANCONG"}, "geometry": {"type": "Polygon", "coordinates": [[[104.456, -4.728], [104.436, -4.729], [104.422, -4.757], [104.437, -4.765], [104.456, -4.728]]]}}, {"type": "Feature", "properties": {"domain_id": "1808032018", "name": "MENANGA SIAMANG"}, "geometry": {"type": "Polygon", "coordinates": [[[104.476, -4.793], [104.459, -4.787], [104.452, -4.791], [104.443, -4.804], [104.434, -4.805], [104.43, -4.821], [104.471, -4.818], [104.476, -4.793]]]}}, {"type": "Feature", "properties": {"domain_id": "1808032001", "name": "BONGLAI"}, "geometry": {"type": "Polygon", "coordinates": [[[104.548, -4.851], [104.521, -4.861], [104.501, -4.884], [104.517, -4.895], [104.518, -4.902], [104.526, -4.905], [104.527, -4.894], [104.534, -4.893], [104.548, -4.851]]]}}, {"type": "Feature", "properties": {"domain_id": "1808041009", "name": "TAMAN ASRI"}, "geometry": {"type": "Polygon", "coordinates": [[[104.542, -4.72], [104.534, -4.721], [104.534, -4.728], [104.543, -4.727], [104.542, -4.72]]]}}, {"type": "Feature", "properties": {"domain_id": "1808042013", "name": "CUGAH"}, "geometry": {"type": "Polygon", "coordinates": [[[104.545, -4.673], [104.524, -4.671], [104.528, -4.692], [104.537, -4.695], [104.542, -4.718], [104.546, -4.719], [104.545, -4.673]]]}}, {"type": "Feature", "properties": {"domain_id": "1808052007", "name": "GIRI HARJO"}, "geometry": {"type": "Polygon", "coordinates": [[[104.647, -4.355], [104.64, -4.352], [104.63, -4.358], [104.621, -4.376], [104.611, -4.382], [104.63, -4.394], [104.647, -4.37], [104.647, -4.355]]]}}, {"type": "Feature", "properties": {"domain_id": "1808072013", "name": "MULYA SARI"}, "geometry": {"type": "Polygon", "coordinates": [[[104.673, -4.503], [104.671, -4.495], [104.662, -4.496], [104.664, -4.503], [104.652, -4.505], [104.645, -4.515], [104.643, -4.541], [104.657, -4.537], [104.652, -4.527], [104.665, -4.516], [104.671, -4.52], [104.679, -4.509], [104.673, -4.503]]]}}, {"type": "Feature", "properties": {"domain_id": "1808102020", "name": "GUNUNG PEKUWON"}, "geometry": {"type": "Polygon", "coordinates": [[[104.63, -4.746], [104.633, -4.742], [104.628, -4.739], [104.625, -4.745], [104.63, -4.746]]]}}, {"type": "Feature", "properties": {"domain_id": "1808122003", "name": "KALI AWI"}, "geometry": {"type": "Polygon", "coordinates": [[[105.015, -4.393], [105.002, -4.386], [104.998, -4.396], [104.975, -4.399], [104.98, -4.412], [104.972, -4.413], [104.962, -4.428], [104.975, -4.436], [105.018, -4.424], [105.024, -4.417], [105.015, -4.393]]]}}, {"type": "Feature", "properties": {"domain_id": "1809012008", "name": "SUKARAJA"}, "geometry": {"type": "Polygon", "coordinates": [[[105.109, -5.398], [105.116, -5.377], [105.108, -5.37], [105.111, -5.379], [105.095, -5.381], [105.109, -5.398]]]}}, {"type": "Feature", "properties": {"domain_id": "1809062003", "name": "BATU RAJA"}, "geometry": {"type": "Polygon", "coordinates": [[[105.145, -5.705], [105.093, -5.692], [105.081, -5.704], [105.081, -5.712], [105.097, -5.706], [105.106, -5.721], [105.103, -5.729], [105.132, -5.741], [105.151, -5.731], [105.142, -5.719], [105.145, -5.705]]]}}, {"type": "Feature", "properties": {"domain_id": "1808152003", "name": "RAMBANG JAYA"}, "geometry": {"type": "MultiPolygon", "coordinates": [[[[104.459, -4.655], [104.449, -4.662], [104.453, -4.671], [104.469, -4.676], [104.469, -4.668], [104.461, -4.667], [104.457, -4.66], [104.459, -4.655]]], [[[104.448, -4.643], [104.439, -4.646], [104.448, -4.652], [104.448, -4.643]]], [[[104.429, -4.629], [104.425, -4.63], [104.425, -4.638], [104.429, -4.629]]]]}}, {"type": "Feature", "properties": {"domain_id": "1809072014", "name": "GUNUNG SUGIH"}, "geometry": {"type": "Polygon", "coordinates": [[[105.017, -5.459], [105.006, -5.455], [104.998, -5.459], [105.013, -5.469], [105.017, -5.459]]]}}, {"type": "Feature", "properties": {"domain_id": "1809012017", "name": "BOGOREJO"}, "geometry": {"type": "Polygon", "coordinates": [[[105.096, -5.386], [105.091, -5.394], [105.101, -5.438], [105.124, -5.456], [105.136, -5.455], [105.158, -5.433], [105.119, -5.411], [105.096, -5.386]]]}}, {"type": "Feature", "properties": {"domain_id": "1809042015", "name": "SUKAMANDI"}, "geometry": {"type": "Polygon", "coordinates": [[[105.041, -5.46], [105.024, -5.448], [105.015, -5.452], [105.034, -5.474], [105.041, -5.46]]]}}, {"type": "Feature", "properties": {"domain_id": "1809032007", "name": "KRESNO WIDODO"}, "geometry": {"type": "Polygon", "coordinates": [[[105.156, -5.212], [105.145, -5.212], [105.133, -5.222], [105.124, -5.214], [105.118, -5.228], [105.127, -5.24], [105.132, -5.236], [105.138, -5.242], [105.141, -5.233], [105.152, -5.236], [105.156, -5.212]]]}}, {"type": "Feature", "properties": {"domain_id": "1812012010", "name": "MULYA KENCANA"}, "geometry": {"type": "MultiPolygon", "coordinates": [[[[105.167, -4.544], [105.159, -4.545], [105.162, -4.558], [105.146, -4.558], [105.148, -4.566], [105.143, -4.567], [105.15, -4.585], [105.171, -4.575], [105.176, -4.547], [105.167, -4.544]], [[105.149, -4.565], [105.153, -4.565], [105.153, -4.568], [105.149, -4.565]]], [[[105.159, -4.543], [105.164, -4.532], [105.158, -4.532], [105.159, -4.543]]]]}}, {"type": "Feature", "properties": {"domain_id": "1809112006", "name": "MULYO SARI"}, "geometry": {"type": "Polygon", "coordinates": [[[105.095, -5.513], [105.077, -5.546], [105.064, -5.555], [105.062, -5.577], [105.082, -5.561], [105.095, -5.53], [105.095, -5.513]]]}}, {"type": "Feature", "properties": {"domain_id": "1809112009", "name": "PESAWARAN INDAH"}, "geometry": {"type": "Polygon", "coordinates": [[[105.101, -5.562], [105.096, -5.537], [105.103, -5.523], [105.099, -5.511], [105.092, -5.54], [105.072, -5.57], [105.075, -5.579], [105.081, -5.585], [105.095, -5.584], [105.094, -5.563], [105.101, -5.562]]]}}, {"type": "Feature", "properties": {"domain_id": "1809112001", "name": "BUNUT"}, "geometry": {"type": "Polygon", "coordinates": [[[105.095, -5.584], [105.081, -5.586], [105.089, -5.607], [105.086, -5.612], [105.106, -5.604], [105.104, -5.586], [105.095, -5.584]]]}}, {"type": "Feature", "properties": {"domain_id": "1810022004", "name": "BULOKARTO"}, "geometry": {"type": "Polygon", "coordinates": [[[105.007, -5.348], [104.996, -5.341], [105.005, -5.359], [104.996, -5.363], [105.001, -5.372], [105.013, -5.363], [105.007, -5.348]]]}}, {"type": "Feature", "properties": {"domain_id": "1810042003", "name": "SUKA NEGERI"}, "geometry": {"type": "Polygon", "coordinates": [[[104.925, -5.485], [104.921, -5.489], [104.924, -5.489], [104.925, -5.485]]]}}, {"type": "Feature", "properties": {"domain_id": "1810022015", "name": "WONOSARI"}, "geometry": {"type": "Polygon", "coordinates": [[[105.054, -5.389], [105.047, -5.376], [105.039, -5.379], [105.039, -5.386], [105.054, -5.389]]]}}, {"type": "Feature", "properties": {"domain_id": "1810022016", "name": "KLATEN"}, "geometry": {"type": "Polygon", "coordinates": [[[105.007, -5.34], [105.001, -5.339], [105.011, -5.347], [105.018, -5.345], [105.016, -5.356], [105.023, -5.352], [105.019, -5.342], [105.007, -5.34]]]}}, {"type": "Feature", "properties": {"domain_id": "1810052004", "name": "SUKA WANGI"}, "geometry": {"type": "Polygon", "coordinates": [[[104.878, -5.361], [104.876, -5.354], [104.867, -5.361], [104.866, -5.374], [104.878, -5.361]]]}}, {"type": "Feature", "properties": {"domain_id": "1810082010", "name": "SUKOYOSO"}, "geometry": {"type": "Polygon", "coordinates": [[[104.967, -5.283], [104.948, -5.286], [104.947, -5.293], [104.962, -5.299], [104.968, -5.293], [104.967, -5.283]]]}}, {"type": "Feature", "properties": {"domain_id": "1812052003", "name": "MARGA JAYA"}, "geometry": {"type": "Polygon", "coordinates": [[[105.085, -4.287], [105.04, -4.289], [105.038, -4.304], [105.048, -4.305], [105.048, -4.299], [105.089, -4.301], [105.087, -4.297], [105.092, -4.295], [105.085, -4.287]]]}}, {"type": "Feature", "properties": {"domain_id": "1812072003", "name": "MEKAR SARI JAYA"}, "geometry": {"type": "Polygon", "coordinates": [[[105.186, -4.348], [105.165, -4.346], [105.166, -4.369], [105.202, -4.365], [105.201, -4.36], [105.184, -4.36], [105.186, -4.348]]]}}, {"type": "Feature", "properties": {"domain_id": "1810092001", "name": "FAJAR BARU"}, "geometry": {"type": "Polygon", "coordinates": [[[104.893, -5.302], [104.88, -5.296], [104.864, -5.304], [104.87, -5.317], [104.862, -5.325], [104.866, -5.338], [104.888, -5.344], [104.909, -5.34], [104.899, -5.316], [104.887, -5.308], [104.893, -5.302]]]}}, {"type": "Feature", "properties": {"domain_id": "1813042009", "name": "WALUR"}, "geometry": {"type": "Polygon", "coordinates": [[[103.754, -5.036], [103.748, -5.025], [103.74, -5.026], [103.747, -5.041], [103.754, -5.036]]]}}, {"type": "Feature", "properties": {"domain_id": "1811072020", "name": "MUKTI JAYA"}, "geometry": {"type": "Polygon", "coordinates": [[[105.381, -3.944], [105.401, -3.935], [105.402, -3.91], [105.398, -3.919], [105.382, -3.928], [105.377, -3.93], [105.371, -3.92], [105.363, -3.926], [105.381, -3.944]]]}}, {"type": "Feature", "properties": {"domain_id": "1813011008", "name": "PASAR KOTA KRUI"}, "geometry": {"type": "Polygon", "coordinates": [[[103.94, -5.171], [103.936, -5.17], [103.936, -5.179], [103.945, -5.182], [103.94, -5.171]]]}}, {"type": "Feature", "properties": {"domain_id": "1813072009", "name": "PENGGAWA LIMA"}, "geometry": {"type": "Polygon", "coordinates": [[[103.953, -5.167], [103.935, -5.166], [103.944, -5.169], [103.953, -5.167]]]}}, {"type": "Feature", "properties": {"domain_id": "1813022007", "name": "TANJUNG SETIA"}, "geometry": {"type": "MultiPolygon", "coordinates": [[[[104.015, -5.295], [104.003, -5.297], [103.992, -5.309], [103.997, -5.321], [104.018, -5.311], [104.015, -5.295]]], [[[104.068, -5.305], [104.05, -5.3], [104.019, -5.31], [104.06, -5.316], [104.071, -5.309], [104.068, -5.305]]]]}}, {"type": "Feature", "properties": {"domain_id": "1813022001", "name": "NEGERI RATU TENUMBANG"}, "geometry": {"type": "Polygon", "coordinates": [[[104.121, -5.175], [104.082, -5.137], [104.066, -5.156], [104.078, -5.174], [104.042, -5.194], [104.034, -5.204], [104.017, -5.205], [103.992, -5.219], [103.982, -5.255], [104.0, -5.266], [104.017, -5.24], [104.05, -5.224], [104.067, -5.2], [104.09, -5.196], [104.089, -5.184], [104.121, -5.175]]]}}, {"type": "Feature", "properties": {"domain_id": "1871071002", "name": "TELUKBETUNG"}, "geometry": {"type": "Polygon", "coordinates": [[[105.267, -5.449], [105.269, -5.444], [105.265, -5.446], [105.267, -5.449]]]}}, {"type": "Feature", "properties": {"domain_id": "1813072006", "name": "GUNUNG KEMALA"}, "geometry": {"type": "Polygon", "coordinates": [[[104.003, -5.098], [104.0, -5.092], [103.986, -5.116], [103.972, -5.12], [103.947, -5.143], [103.943, -5.154], [103.973, -5.131], [103.983, -5.133], [103.998, -5.098], [104.003, -5.098]]]}}, {"type": "Feature", "properties": {"domain_id": "1813082005", "name": "LINTIK"}, "geometry": {"type": "Polygon", "coordinates": [[[103.936, -5.219], [103.932, -5.215], [103.91, -5.234], [103.93, -5.235], [103.936, -5.219]]]}}, {"type": "Feature", "properties": {"domain_id": "1813082006", "name": "WALUR"}, "geometry": {"type": "Polygon", "coordinates": [[[103.918, -5.209], [103.917, -5.205], [103.903, -5.212], [103.902, -5.223], [103.909, -5.233], [103.918, -5.209]]]}}, {"type": "Feature", "properties": {"domain_id": "1813112007", "name": "WAY HARU"}, "geometry": {"type": "Polygon", "coordinates": [[[104.592, -5.766], [104.518, -5.783], [104.48, -5.765], [104.474, -5.751], [104.482, -5.73], [104.471, -5.733], [104.471, -5.744], [104.448, -5.737], [104.444, -5.741], [104.453, -5.764], [104.54, -5.839], [104.569, -5.873], [104.576, -5.904], [104.567, -5.915], [104.555, -5.913], [104.556, -5.926], [104.585, -5.943], [104.612, -5.936], [104.593, -5.938], [104.603, -5.93], [104.612, -5.938], [104.659, -5.936], [104.659, -5.919], [104.665, -5.915], [104.658, -5.913], [104.66, -5.9], [104.645, -5.881], [104.634, -5.843], [104.639, -5.829], [104.654, -5.821], [104.64, -5.809], [104.618, -5.801], [104.592, -5.766]]]}}, {"type": "Feature", "properties": {"domain_id": "1871071013", "name": "GUNUNGMAS"}, "geometry": {"type": "Polygon", "coordinates": [[[105.272, -5.445], [105.266, -5.44], [105.266, -5.445], [105.272, -5.445]]]}}, {"type": "Feature", "properties": {"domain_id": "1813112008", "name": "PEMERIHAN"}, "geometry": {"type": "Polygon", "coordinates": [[[104.462, -5.53], [104.453, -5.52], [104.443, -5.521], [104.437, -5.56], [104.422, -5.548], [104.406, -5.55], [104.384, -5.565], [104.383, -5.577], [104.392, -5.589], [104.385, -5.593], [104.386, -5.61], [104.377, -5.627], [104.386, -5.638], [104.404, -5.639], [104.423, -5.666], [104.468, -5.628], [104.489, -5.631], [104.493, -5.608], [104.486, -5.595], [104.494, -5.582], [104.484, -5.58], [104.491, -5.568], [104.487, -5.56], [104.482, -5.563], [104.479, -5.539], [104.462, -5.53]]]}}, {"type": "Feature", "properties": {"domain_id": "1871151002", "name": "WAY HALIM PERMAI"}, "geometry": {"type": "Polygon", "coordinates": [[[105.285, -5.381], [105.272, -5.381], [105.27, -5.387], [105.285, -5.392], [105.285, -5.381]]]}}, {"type": "Feature", "properties": {"domain_id": "1871201003", "name": "GARUNTANG"}, "geometry": {"type": "Polygon", "coordinates": [[[105.292, -5.429], [105.286, -5.436], [105.302, -5.448], [105.29, -5.434], [105.292, -5.429]]]}}, {"type": "Feature", "properties": {"domain_id": "1802072008", "name": "ONO HARJO"}, "geometry": {"type": "Polygon", "coordinates": [[[105.323, -4.876], [105.292, -4.853], [105.279, -4.872], [105.309, -4.893], [105.312, -4.881], [105.323, -4.876]]]}}, {"type": "Feature", "properties": {"domain_id": "1811072010", "name": "MUARA TENANG"}, "geometry": {"type": "Polygon", "coordinates": [[[105.397, -3.988], [105.382, -3.972], [105.362, -3.987], [105.357, -3.998], [105.379, -4.011], [105.376, -4.006], [105.397, -3.988]]]}}, {"type": "Feature", "properties": {"domain_id": "1804112009", "name": "PAGAR DEWA"}, "geometry": {"type": "Polygon", "coordinates": [[[104.014, -4.908], [104.006, -4.902], [104.002, -4.907], [104.009, -4.929], [104.025, -4.932], [104.043, -4.926], [104.014, -4.908]]]}}, {"type": "Feature", "properties": {"domain_id": "1801062029", "name": "HARA BANJAR MANIS"}, "geometry": {"type": "Polygon", "coordinates": [[[105.608, -5.678], [105.599, -5.67], [105.592, -5.697], [105.601, -5.713], [105.599, -5.726], [105.607, -5.728], [105.606, -5.707], [105.601, -5.706], [105.608, -5.678]]]}}, {"type": "Feature", "properties": {"domain_id": "1808062012", "name": "BAKTI NEGARA"}, "geometry": {"type": "Polygon", "coordinates": [[[104.75, -4.506], [104.713, -4.501], [104.709, -4.496], [104.722, -4.516], [104.717, -4.537], [104.757, -4.53], [104.757, -4.514], [104.75, -4.515], [104.75, -4.506]]]}}, {"type": "Feature", "properties": {"domain_id": "1804082008", "name": "GIHAM SUKAMAJU"}, "geometry": {"type": "Polygon", "coordinates": [[[104.348, -5.009], [104.3, -5.017], [104.296, -5.024], [104.287, -5.012], [104.276, -5.009], [104.279, -5.046], [104.309, -5.04], [104.323, -5.027], [104.325, -5.016], [104.348, -5.009]]]}}, {"type": "Feature", "properties": {"domain_id": "1807172003", "name": "TEBING"}, "geometry": {"type": "Polygon", "coordinates": [[[105.788, -5.374], [105.755, -5.368], [105.741, -5.395], [105.776, -5.397], [105.784, -5.408], [105.788, -5.374]]]}}, {"type": "Feature", "properties": {"domain_id": "1801042020", "name": "REJOSARI"}, "geometry": {"type": "Polygon", "coordinates": [[[105.115, -5.311], [105.167, -5.312], [105.168, -5.3], [105.178, -5.299], [105.176, -5.291], [105.183, -5.291], [105.172, -5.271], [105.145, -5.253], [105.117, -5.298], [105.115, -5.311]]]}}, {"type": "Feature", "properties": {"domain_id": "1801052001", "name": "KALIASIN"}, "geometry": {"type": "Polygon", "coordinates": [[[105.358, -5.415], [105.337, -5.423], [105.356, -5.442], [105.369, -5.438], [105.358, -5.415]]]}}, {"type": "Feature", "properties": {"domain_id": "1801092002", "name": "BELAMBANGAN"}, "geometry": {"type": "Polygon", "coordinates": [[[105.666, -5.72], [105.659, -5.719], [105.649, -5.734], [105.666, -5.72]]]}}, {"type": "Feature", "properties": {"domain_id": "1801052004", "name": "SUKANEGARA"}, "geometry": {"type": "MultiPolygon", "coordinates": [[[[105.358, -5.378], [105.34, -5.39], [105.357, -5.39], [105.365, -5.409], [105.378, -5.411], [105.381, -5.417], [105.384, -5.404], [105.371, -5.399], [105.371, -5.379], [105.358, -5.378]]], [[[105.347, -5.411], [105.34, -5.411], [105.341, -5.418], [105.349, -5.417], [105.347, -5.411]]]]}}, {"type": "Feature", "properties": {"domain_id": "1801052023", "name": "SRI KATON"}, "geometry": {"type": "Polygon", "coordinates": [[[105.452, -5.394], [105.42, -5.394], [105.419, -5.405], [105.45, -5.422], [105.459, -5.415], [105.45, -5.406], [105.452, -5.394]]]}}, {"type": "Feature", "properties": {"domain_id": "1804042006", "name": "WAY EMPULAU ULU"}, "geometry": {"type": "Polygon", "coordinates": [[[104.129, -5.031], [104.091, -5.044], [104.087, -5.071], [104.099, -5.085], [104.129, -5.031]]]}}, {"type": "Feature", "properties": {"domain_id": "1801072005", "name": "KOTA DALAM"}, "geometry": {"type": "Polygon", "coordinates": [[[105.507, -5.598], [105.488, -5.606], [105.487, -5.618], [105.497, -5.615], [105.5, -5.62], [105.514, -5.613], [105.507, -5.598]]]}}, {"type": "Feature", "properties": {"domain_id": "1801072015", "name": "SIDOWALUYO"}, "geometry": {"type": "Polygon", "coordinates": [[[105.582, -5.575], [105.58, -5.569], [105.578, -5.577], [105.565, -5.575], [105.548, -5.595], [105.54, -5.59], [105.532, -5.608], [105.54, -5.613], [105.55, -5.609], [105.586, -5.624], [105.587, -5.616], [105.577, -5.611], [105.582, -5.575]]]}}, {"type": "Feature", "properties": {"domain_id": "1801132006", "name": "GEDUNG HARAPAN"}, "geometry": {"type": "Polygon", "coordinates": [[[105.368, -5.319], [105.351, -5.317], [105.353, -5.349], [105.393, -5.336], [105.375, -5.33], [105.368, -5.319]]]}}, {"type": "Feature", "properties": {"domain_id": "1802041008", "name": "SEPUTIH JAYA"}, "geometry": {"type": "Polygon", "coordinates": [[[105.233, -4.955], [105.212, -4.953], [105.203, -4.965], [105.2, -4.953], [105.184, -4.957], [105.184, -4.974], [105.206, -4.976], [105.208, -4.966], [105.23, -4.963], [105.233, -4.955]]]}}, {"type": "Feature", "properties": {"domain_id": "1801132016", "name": "REJOMULYO"}, "geometry": {"type": "Polygon", "coordinates": [[[105.294, -5.232], [105.28, -5.232], [105.282, -5.29], [105.295, -5.288], [105.33, -5.3], [105.331, -5.247], [105.3, -5.242], [105.294, -5.232]]]}}, {"type": "Feature", "properties": {"domain_id": "1801152007", "name": "SUMBER SARI"}, "geometry": {"type": "Polygon", "coordinates": [[[105.751, -5.675], [105.736, -5.679], [105.727, -5.707], [105.737, -5.71], [105.75, -5.696], [105.759, -5.695], [105.762, -5.687], [105.75, -5.685], [105.751, -5.675]]]}}, {"type": "Feature", "properties": {"domain_id": "1801182009", "name": "BATU AGUNG"}, "geometry": {"type": "Polygon", "coordinates": [[[105.533, -5.425], [105.528, -5.413], [105.514, -5.419], [105.515, -5.44], [105.527, -5.436], [105.533, -5.425]]]}}, {"type": "Feature", "properties": {"domain_id": "1802192005", "name": "NEGERI RATU"}, "geometry": {"type": "Polygon", "coordinates": [[[104.918, -5.069], [104.911, -5.048], [104.894, -5.049], [104.895, -5.063], [104.906, -5.058], [104.91, -5.072], [104.918, -5.069]]]}}, {"type": "Feature", "properties": {"domain_id": "1801242003", "name": "SIDORENO"}, "geometry": {"type": "Polygon", "coordinates": [[[105.582, -5.575], [105.578, -5.594], [105.62, -5.609], [105.615, -5.597], [105.601, -5.588], [105.604, -5.583], [105.599, -5.587], [105.582, -5.575]]]}}, {"type": "Feature", "properties": {"domain_id": "1802032004", "name": "SURABAYA"}, "geometry": {"type": "Polygon", "coordinates": [[[104.966, -5.114], [104.984, -5.097], [104.973, -5.081], [104.952, -5.11], [104.966, -5.114]]]}}, {"type": "Feature", "properties": {"domain_id": "1802282004", "name": "JOHARAN"}, "geometry": {"type": "Polygon", "coordinates": [[[105.575, -4.851], [105.553, -4.843], [105.559, -4.869], [105.579, -4.884], [105.591, -4.882], [105.594, -4.871], [105.58, -4.874], [105.575, -4.851]]]}}, {"type": "Feature", "properties": {"domain_id": "1802042001", "name": "TERBANGGI SUBING"}, "geometry": {"type": "Polygon", "coordinates": [[[105.222, -5.025], [105.195, -5.025], [105.195, -5.035], [105.174, -5.029], [105.171, -5.033], [105.178, -5.05], [105.213, -5.042], [105.212, -5.048], [105.219, -5.049], [105.234, -5.04], [105.223, -5.033], [105.222, -5.025]]]}}, {"type": "Feature", "properties": {"domain_id": "1802052012", "name": "UNTORO"}, "geometry": {"type": "Polygon", "coordinates": [[[105.247, -5.079], [105.242, -5.079], [105.236, -5.094], [105.243, -5.098], [105.239, -5.103], [105.248, -5.105], [105.257, -5.09], [105.247, -5.079]]]}}, {"type": "Feature", "properties": {"domain_id": "1802042013", "name": "PUTRA BUYUT"}, "geometry": {"type": "Polygon", "coordinates": [[[105.309, -4.897], [105.297, -4.899], [105.292, -4.911], [105.302, -4.926], [105.298, -4.941], [105.307, -4.947], [105.317, -4.922], [105.314, -4.9], [105.309, -4.897]]]}}, {"type": "Feature", "properties": {"domain_id": "1802052014", "name": "PUJO BASUKI"}, "geometry": {"type": "Polygon", "coordinates": [[[105.262, -5.05], [105.247, -5.045], [105.253, -5.075], [105.264, -5.062], [105.262, -5.05]]]}}, {"type": "Feature", "properties": {"domain_id": "1802072007", "name": "NAMBAH DADI"}, "geometry": {"type": "Polygon", "coordinates": [[[105.309, -4.893], [105.279, -4.872], [105.26, -4.884], [105.255, -4.909], [105.269, -4.923], [105.288, -4.923], [105.287, -4.911], [105.309, -4.893]]]}}, {"type": "Feature", "properties": {"domain_id": "1802092005", "name": "RESTU BUANA"}, "geometry": {"type": "Polygon", "coordinates": [[[105.61, -4.731], [105.582, -4.732], [105.574, -4.748], [105.578, -4.754], [105.594, -4.752], [105.596, -4.761], [105.614, -4.768], [105.628, -4.754], [105.641, -4.75], [105.61, -4.731]]]}}, {"type": "Feature", "properties": {"domain_id": "1808032005", "name": "JUKU BATU"}, "geometry": {"type": "Polygon", "coordinates": [[[104.465, -4.856], [104.461, -4.831], [104.473, -4.824], [104.471, -4.818], [104.458, -4.822], [104.42, -4.859], [104.439, -4.882], [104.448, -4.869], [104.447, -4.86], [104.466, -4.865], [104.47, -4.862], [104.465, -4.856]]]}}, {"type": "Feature", "properties": {"domain_id": "1802102009", "name": "SRI BASUKI"}, "geometry": {"type": "Polygon", "coordinates": [[[105.457, -4.814], [105.452, -4.817], [105.444, -4.812], [105.443, -4.794], [105.422, -4.813], [105.435, -4.825], [105.422, -4.83], [105.448, -4.845], [105.455, -4.839], [105.457, -4.814]]]}}, {"type": "Feature", "properties": {"domain_id": "1802132001", "name": "GUNUNG BATIN UDIK"}, "geometry": {"type": "Polygon", "coordinates": [[[105.215, -4.599], [105.196, -4.594], [105.199, -4.603], [105.184, -4.598], [105.172, -4.61], [105.172, -4.627], [105.177, -4.627], [105.18, -4.64], [105.17, -4.652], [105.167, -4.668], [105.155, -4.677], [105.143, -4.676], [105.142, -4.706], [105.124, -4.724], [105.124, -4.74], [105.209, -4.741], [105.204, -4.73], [105.207, -4.695], [105.182, -4.693], [105.185, -4.664], [105.19, -4.663], [105.196, -4.649], [105.206, -4.646], [105.219, -4.616], [105.212, -4.606], [105.215, -4.599]]]}}, {"type": "Feature", "properties": {"domain_id": "1802262002", "name": "SURABAYA ILIR"}, "geometry": {"type": "Polygon", "coordinates": [[[105.768, -4.667], [105.762, -4.665], [105.752, -4.673], [105.743, -4.664], [105.726, -4.67], [105.714, -4.657], [105.701, -4.676], [105.71, -4.682], [105.711, -4.695], [105.75, -4.701], [105.752, -4.686], [105.766, -4.685], [105.768, -4.667]]]}}, {"type": "Feature", "properties": {"domain_id": "1808022009", "name": "TANJUNG KURUNG"}, "geometry": {"type": "Polygon", "coordinates": [[[104.4, -4.689], [104.399, -4.683], [104.377, -4.685], [104.365, -4.699], [104.381, -4.704], [104.4, -4.689]]]}}, {"type": "Feature", "properties": {"domain_id": "1802142002", "name": "SIDOKERTO"}, "geometry": {"type": "Polygon", "coordinates": [[[105.225, -5.122], [105.218, -5.116], [105.2, -5.131], [105.219, -5.152], [105.23, -5.138], [105.224, -5.133], [105.225, -5.122]]]}}, {"type": "Feature", "properties": {"domain_id": "1802152008", "name": "BANGUN SARI"}, "geometry": {"type": "Polygon", "coordinates": [[[105.143, -5.102], [105.133, -5.109], [105.124, -5.107], [105.124, -5.123], [105.142, -5.127], [105.142, -5.122], [105.15, -5.122], [105.143, -5.102]]]}}, {"type": "Feature", "properties": {"domain_id": "1802162003", "name": "DONO ARUM"}, "geometry": {"type": "Polygon", "coordinates": [[[105.158, -4.903], [105.138, -4.929], [105.12, -4.936], [105.115, -4.966], [105.138, -4.948], [105.148, -4.947], [105.156, -4.929], [105.153, -4.921], [105.164, -4.913], [105.157, -4.909], [105.158, -4.903]]]}}, {"type": "Feature", "properties": {"domain_id": "1802282006", "name": "RANTAU JAYA ILIR"}, "geometry": {"type": "MultiPolygon", "coordinates": [[[[105.629, -4.83], [105.593, -4.844], [105.591, -4.852], [105.601, -4.858], [105.611, -4.852], [105.625, -4.86], [105.638, -4.851], [105.639, -4.84], [105.636, -4.831], [105.629, -4.83]]]]}}, {"type": "Feature", "properties": {"domain_id": "1802182009", "name": "SUMBER REJEKI MATARAM"}, "geometry": {"type": "Polygon", "coordinates": [[[105.516, -4.655], [105.506, -4.649], [105.504, -4.66], [105.498, -4.66], [105.502, -4.652], [105.489, -4.649], [105.479, -4.661], [105.47, -4.661], [105.478, -4.692], [105.468, -4.719], [105.48, -4.695], [105.504, -4.705], [105.521, -4.694], [105.523, -4.682], [105.535, -4.682], [105.535, -4.665], [105.522, -4.659], [105.522, -4.652], [105.516, -4.655]]]}}, {"type": "Feature", "properties": {"domain_id": "1802202002", "name": "LINGGA PURA"}, "geometry": {"type": "Polygon", "coordinates": [[[104.796, -5.046], [104.777, -5.058], [104.767, -5.053], [104.765, -5.061], [104.753, -5.067], [104.754, -5.078], [104.78, -5.076], [104.782, -5.066], [104.795, -5.063], [104.796, -5.046]]]}}, {"type": "Feature", "properties": {"domain_id": "1803012006", "name": "DWIKORA"}, "geometry": {"type": "Polygon", "coordinates": [[[104.577, -4.941], [104.515, -4.93], [104.494, -4.977], [104.499, -4.977], [104.494, -5.0], [104.502, -5.018], [104.517, -5.026], [104.537, -5.014], [104.549, -5.02], [104.569, -5.019], [104.587, -4.964], [104.577, -4.941]]]}}, {"type": "Feature", "properties": {"domain_id": "1802212008", "name": "NEGARA AJI BARU"}, "geometry": {"type": "Polygon", "coordinates": [[[105.026, -5.024], [105.019, -5.023], [105.019, -4.999], [105.012, -4.995], [105.01, -5.019], [105.018, -5.037], [105.03, -5.043], [105.025, -5.06], [105.016, -5.063], [105.035, -5.072], [105.047, -5.055], [105.026, -5.024]]]}}, {"type": "Feature", "properties": {"domain_id": "1802252004", "name": "SUKO BINANGUN"}, "geometry": {"type": "Polygon", "coordinates": [[[105.461, -4.783], [105.45, -4.781], [105.443, -4.788], [105.443, -4.811], [105.452, -4.817], [105.458, -4.813], [105.456, -4.802], [105.47, -4.802], [105.461, -4.783]]]}}, {"type": "Feature", "properties": {"domain_id": "1802262009", "name": "SUMBER AGUNG"}, "geometry": {"type": "Polygon", "coordinates": [[[105.797, -4.642], [105.781, -4.635], [105.785, -4.657], [105.771, -4.662], [105.766, -4.687], [105.799, -4.675], [105.797, -4.642]]]}}, {"type": "Feature", "properties": {"domain_id": "1803032003", "name": "LABUHAN RATU PASAR"}, "geometry": {"type": "Polygon", "coordinates": [[[104.786, -4.745], [104.784, -4.73], [104.77, -4.734], [104.75, -4.75], [104.757, -4.763], [104.768, -4.766], [104.786, -4.745]]]}}, {"type": "Feature", "properties": {"domain_id": "1804062019", "name": "SUKA MAKMUR"}, "geometry": {"type": "Polygon", "coordinates": [[[104.22, -4.86], [104.21, -4.861], [104.206, -4.87], [104.204, -4.898], [104.236, -4.938], [104.245, -4.922], [104.244, -4.892], [104.25, -4.882], [104.234, -4.881], [104.22, -4.86]]]}}, {"type": "Feature", "properties": {"domain_id": "1803042011", "name": "KEMALA RAJA"}, "geometry": {"type": "Polygon", "coordinates": [[[104.701, -4.903], [104.698, -4.897], [104.693, -4.908], [104.675, -4.913], [104.696, -4.927], [104.716, -4.916], [104.697, -4.907], [104.701, -4.903]]]}}, {"type": "Feature", "properties": {"domain_id": "1804202003", "name": "MEKAR SARI"}, "geometry": {"type": "Polygon", "coordinates": [[[104.293, -4.925], [104.281, -4.9], [104.281, -4.928], [104.273, -4.934], [104.285, -4.95], [104.281, -4.969], [104.304, -4.968], [104.305, -4.954], [104.287, -4.947], [104.293, -4.925]]]}}, {"type": "Feature", "properties": {"domain_id": "1803072010", "name": "CANDIMAS"}, "geometry": {"type": "Polygon", "coordinates": [[[104.921, -4.85], [104.913, -4.857], [104.913, -4.883], [104.903, -4.912], [104.92, -4.93], [104.936, -4.898], [104.934, -4.872], [104.924, -4.864], [104.931, -4.85], [104.921, -4.85]]]}}, {"type": "Feature", "properties": {"domain_id": "1808022017", "name": "TANJUNG BULAN"}, "geometry": {"type": "Polygon", "coordinates": [[[104.429, -4.679], [104.399, -4.683], [104.396, -4.706], [104.397, -4.714], [104.406, -4.71], [104.403, -4.729], [104.406, -4.721], [104.411, -4.722], [104.411, -4.711], [104.421, -4.705], [104.415, -4.697], [104.424, -4.692], [104.429, -4.679]]]}}, {"type": "Feature", "properties": {"domain_id": "1803082005", "name": "OGAN JAYA"}, "geometry": {"type": "Polygon", "coordinates": [[[104.716, -4.683], [104.703, -4.671], [104.683, -4.68], [104.696, -4.692], [104.679, -4.687], [104.686, -4.714], [104.712, -4.705], [104.716, -4.683]]]}}, {"type": "Feature", "properties": {"domain_id": "1808142001", "name": "PISANG BARU"}, "geometry": {"type": "Polygon", "coordinates": [[[104.482, -4.327], [104.459, -4.33], [104.444, -4.325], [104.438, -4.342], [104.452, -4.358], [104.472, -4.363], [104.472, -4.372], [104.491, -4.367], [104.497, -4.353], [104.497, -4.363], [104.499, -4.337], [104.482, -4.327]]]}}, {"type": "Feature", "properties": {"domain_id": "1803082032", "name": "NEGARA BATIN II"}, "geometry": {"type": "Polygon", "coordinates": [[[104.775, -4.628], [104.761, -4.622], [104.756, -4.634], [104.765, -4.642], [104.766, -4.661], [104.781, -4.659], [104.796, -4.669], [104.796, -4.662], [104.806, -4.658], [104.79, -4.648], [104.775, -4.646], [104.775, -4.633], [104.78, -4.632], [104.775, -4.628]]]}}, {"type": "Feature", "properties": {"domain_id": "1808032019", "name": "NEKI"}, "geometry": {"type": "Polygon", "coordinates": [[[104.504, -4.815], [104.489, -4.822], [104.492, -4.84], [104.499, -4.838], [104.504, -4.815]]]}}, {"type": "Feature", "properties": {"domain_id": "1803112018", "name": "PEKURUN UTARA"}, "geometry": {"type": "Polygon", "coordinates": [[[104.737, -4.913], [104.728, -4.909], [104.725, -4.915], [104.711, -4.916], [104.719, -4.929], [104.716, -4.952], [104.737, -4.937], [104.73, -4.932], [104.737, -4.913]]]}}, {"type": "Feature", "properties": {"domain_id": "1803142005", "name": "BUMI RAHARJA"}, "geometry": {"type": "Polygon", "coordinates": [[[105.077, -4.707], [105.069, -4.707], [105.047, -4.733], [105.066, -4.741], [105.077, -4.707]]]}}, {"type": "Feature", "properties": {"domain_id": "1805062023", "name": "AJI MURNI JAYA"}, "geometry": {"type": "Polygon", "coordinates": [[[105.345, -4.3], [105.328, -4.314], [105.324, -4.311], [105.324, -4.334], [105.346, -4.332], [105.345, -4.3]]]}}, {"type": "Feature", "properties": {"domain_id": "1803162003", "name": "TANAH ABANG"}, "geometry": {"type": "Polygon", "coordinates": [[[104.849, -4.505], [104.834, -4.506], [104.834, -4.511], [104.836, -4.536], [104.849, -4.568], [104.845, -4.603], [104.852, -4.618], [104.831, -4.652], [104.831, -4.663], [104.838, -4.657], [104.844, -4.661], [104.868, -4.657], [104.859, -4.632], [104.859, -4.561], [104.864, -4.56], [104.846, -4.534], [104.849, -4.505]]]}}, {"type": "Feature", "properties": {"domain_id": "1805082010", "name": "TUNGGAL WARGA"}, "geometry": {"type": "Polygon", "coordinates": [[[105.207, -4.269], [105.2, -4.269], [105.206, -4.299], [105.213, -4.298], [105.213, -4.287], [105.222, -4.286], [105.215, -4.281], [105.213, -4.269], [105.207, -4.269]]]}}, {"type": "Feature", "properties": {"domain_id": "1803162004", "name": "SUKADANA UDIK"}, "geometry": {"type": "Polygon", "coordinates": [[[104.904, -4.569], [104.883, -4.569], [104.877, -4.579], [104.885, -4.658], [104.907, -4.649], [104.904, -4.569]]]}}, {"type": "Feature", "properties": {"domain_id": "1805112007", "name": "BAKUNG ILIR"}, "geometry": {"type": "Polygon", "coordinates": [[[105.378, -4.469], [105.374, -4.457], [105.379, -4.422], [105.354, -4.437], [105.344, -4.455], [105.359, -4.478], [105.378, -4.469]]]}}, {"type": "Feature", "properties": {"domain_id": "1805112006", "name": "BAKUNG UDIK"}, "geometry": {"type": "Polygon", "coordinates": [[[105.339, -4.401], [105.334, -4.401], [105.332, -4.421], [105.323, -4.426], [105.321, -4.441], [105.34, -4.457], [105.316, -4.477], [105.274, -4.483], [105.271, -4.491], [105.277, -4.508], [105.363, -4.485], [105.344, -4.455], [105.361, -4.433], [105.339, -4.401]]]}}, {"type": "Feature", "properties": {"domain_id": "1803162006", "name": "HADUYANG RATU"}, "geometry": {"type": "Polygon", "coordinates": [[[104.926, -4.548], [104.927, -4.54], [104.915, -4.529], [104.905, -4.531], [104.915, -4.549], [104.919, -4.631], [104.932, -4.615], [104.925, -4.601], [104.926, -4.548]]]}}, {"type": "Feature", "properties": {"domain_id": "1806042015", "name": "AIR BAKOMAN"}, "geometry": {"type": "Polygon", "coordinates": [[[104.665, -5.3], [104.637, -5.268], [104.642, -5.316], [104.655, -5.305], [104.665, -5.306], [104.665, -5.3]]]}}, {"type": "Feature", "properties": {"domain_id": "1803172009", "name": "GEDUNG NEGARA"}, "geometry": {"type": "Polygon", "coordinates": [[[104.661, -4.625], [104.643, -4.635], [104.638, -4.655], [104.656, -4.647], [104.661, -4.625]]]}}, {"type": "Feature", "properties": {"domain_id": "1809012002", "name": "PAMPANGAN"}, "geometry": {"type": "Polygon", "coordinates": [[[105.08, -5.401], [105.074, -5.394], [105.072, -5.402], [105.063, -5.399], [105.067, -5.405], [105.055, -5.408], [105.063, -5.415], [105.083, -5.408], [105.08, -5.401]]]}}, {"type": "Feature", "properties": {"domain_id": "1803192006", "name": "OGAN CAMPANG"}, "geometry": {"type": "Polygon", "coordinates": [[[104.769, -5.034], [104.787, -5.003], [104.762, -5.01], [104.756, -5.006], [104.744, -5.014], [104.752, -5.02], [104.755, -5.044], [104.769, -5.034]]]}}, {"type": "Feature", "properties": {"domain_id": "1803202002", "name": "SRI AGUNG"}, "geometry": {"type": "Polygon", "coordinates": [[[104.774, -4.818], [104.775, -4.809], [104.768, -4.806], [104.77, -4.794], [104.76, -4.795], [104.753, -4.833], [104.765, -4.819], [104.774, -4.818]]]}}, {"type": "Feature", "properties": {"domain_id": "1803232002", "name": "BLAMBANGAN"}, "geometry": {"type": "Polygon", "coordinates": [[[105.063, -4.843], [105.057, -4.84], [105.063, -4.816], [105.055, -4.811], [105.036, -4.834], [105.043, -4.849], [105.03, -4.852], [105.015, -4.881], [105.001, -4.888], [104.999, -4.905], [105.007, -4.909], [105.007, -4.916], [105.026, -4.908], [105.041, -4.92], [105.028, -4.911], [105.027, -4.904], [105.044, -4.9], [105.05, -4.861], [105.063, -4.843]]]}}, {"type": "Feature", "properties": {"domain_id": "1810022018", "name": "WATES SELATAN"}, "geometry": {"type": "Polygon", "coordinates": [[[105.025, -5.394], [105.018, -5.382], [105.01, -5.396], [105.016, -5.4], [105.025, -5.394]]]}}, {"type": "Feature", "properties": {"domain_id": "1804182008", "name": "CIPTA MULYA"}, "geometry": {"type": "Polygon", "coordinates": [[[104.573, -5.044], [104.568, -5.023], [104.532, -5.05], [104.536, -5.057], [104.553, -5.056], [104.573, -5.044]]]}}, {"type": "Feature", "properties": {"domain_id": "1806092028", "name": "KUBULANGKA"}, "geometry": {"type": "Polygon", "coordinates": [[[104.998, -5.586], [104.974, -5.578], [104.966, -5.584], [104.979, -5.642], [104.972, -5.646], [104.973, -5.664], [104.988, -5.66], [104.995, -5.649], [104.995, -5.614], [105.005, -5.6], [104.998, -5.586]]]}}, {"type": "Feature", "properties": {"domain_id": "1804182010", "name": "SINAR LUAS"}, "geometry": {"type": "Polygon", "coordinates": [[[104.59, -5.069], [104.573, -5.044], [104.565, -5.052], [104.545, -5.056], [104.538, -5.069], [104.557, -5.067], [104.572, -5.081], [104.574, -5.074], [104.59, -5.069]]]}}, {"type": "Feature", "properties": {"domain_id": "1804192007", "name": "SINAR JAYA"}, "geometry": {"type": "Polygon", "coordinates": [[[104.448, -5.102], [104.424, -5.09], [104.42, -5.097], [104.426, -5.114], [104.439, -5.123], [104.448, -5.102]]]}}, {"type": "Feature", "properties": {"domain_id": "1804212005", "name": "LUAS"}, "geometry": {"type": "MultiPolygon", "coordinates": [[[[104.242, -4.949], [104.216, -4.944], [104.209, -4.993], [104.226, -4.98], [104.239, -4.959], [104.253, -4.952], [104.242, -4.949]]], [[[104.282, -4.857], [104.276, -4.871], [104.263, -4.881], [104.25, -4.882], [104.251, -4.888], [104.286, -4.882], [104.282, -4.857]]]]}}, {"type": "Feature", "properties": {"domain_id": "1808042010", "name": "BANJAR SETIA"}, "geometry": {"type": "Polygon", "coordinates": [[[104.52, -4.747], [104.511, -4.742], [104.506, -4.747], [104.505, -4.769], [104.519, -4.772], [104.52, -4.747]]]}}, {"type": "Feature", "properties": {"domain_id": "1804232008", "name": "NEGERI JAYA"}, "geometry": {"type": "Polygon", "coordinates": [[[104.277, -5.203], [104.292, -5.201], [104.297, -5.188], [104.308, -5.184], [104.31, -5.17], [104.328, -5.163], [104.327, -5.154], [104.263, -5.184], [104.267, -5.201], [104.272, -5.196], [104.277, -5.203]]]}}, {"type": "Feature", "properties": {"domain_id": "1811022005", "name": "TANJUNG MENANG"}, "geometry": {"type": "Polygon", "coordinates": [[[105.47, -4.001], [105.469, -3.985], [105.45, -3.985], [105.453, -4.024], [105.462, -4.028], [105.463, -4.007], [105.47, -4.007], [105.47, -4.001]]]}}, {"type": "Feature", "properties": {"domain_id": "1812052007", "name": "BANGUN JAYA"}, "geometry": {"type": "Polygon", "coordinates": [[[105.101, -4.225], [105.099, -4.219], [105.078, -4.226], [105.08, -4.254], [105.09, -4.257], [105.103, -4.246], [105.101, -4.225]]]}}, {"type": "Feature", "properties": {"domain_id": "1805182003", "name": "BUMI DIPASENA JAYA"}, "geometry": {"type": "Polygon", "coordinates": [[[105.818, -4.233], [105.759, -4.233], [105.762, -4.256], [105.818, -4.256], [105.818, -4.233]]]}}, {"type": "Feature", "properties": {"domain_id": "1805292002", "name": "PANCA KARSA PURNA JAYA"}, "geometry": {"type": "Polygon", "coordinates": [[[105.264, -4.317], [105.248, -4.318], [105.226, -4.337], [105.227, -4.351], [105.236, -4.358], [105.246, -4.352], [105.257, -4.327], [105.27, -4.324], [105.264, -4.317]]]}}, {"type": "Feature", "properties": {"domain_id": "1806242004", "name": "TEGINENENG"}, "geometry": {"type": "Polygon", "coordinates": [[[104.8, -5.612], [104.799, -5.599], [104.783, -5.59], [104.766, -5.592], [104.778, -5.605], [104.8, -5.612]]]}}, {"type": "Feature", "properties": {"domain_id": "1806012016", "name": "NEGERI RATU"}, "geometry": {"type": "Polygon", "coordinates": [[[104.618, -5.487], [104.611, -5.487], [104.61, -5.499], [104.616, -5.498], [104.618, -5.487]]]}}, {"type": "Feature", "properties": {"domain_id": "1811052013", "name": "MULYA AGUNG"}, "geometry": {"type": "Polygon", "coordinates": [[[105.163, -4.026], [105.129, -4.022], [105.129, -4.039], [105.163, -4.037], [105.163, -4.026]]]}}, {"type": "Feature", "properties": {"domain_id": "1807022003", "name": "SRIMINOSARI"}, "geometry": {"type": "Polygon", "coordinates": [[[105.829, -5.282], [105.816, -5.281], [105.808, -5.333], [105.839, -5.285], [105.829, -5.282]]]}}, {"type": "Feature", "properties": {"domain_id": "1806012039", "name": "KOTA BATU"}, "geometry": {"type": "Polygon", "coordinates": [[[104.609, -5.484], [104.6, -5.488], [104.601, -5.497], [104.609, -5.499], [104.609, -5.484]]]}}, {"type": "Feature", "properties": {"domain_id": "1806032011", "name": "LAKARAN"}, "geometry": {"type": "Polygon", "coordinates": [[[104.531, -5.485], [104.524, -5.474], [104.52, -5.486], [104.531, -5.489], [104.531, -5.485]]]}}, {"type": "Feature", "properties": {"domain_id": "1806032037", "name": "WAY LIWOK"}, "geometry": {"type": "Polygon", "coordinates": [[[104.55, -5.487], [104.554, -5.477], [104.545, -5.468], [104.55, -5.487]]]}}, {"type": "Feature", "properties": {"domain_id": "1806112015", "name": "TANGKIT SERDANG"}, "geometry": {"type": "Polygon", "coordinates": [[[104.811, -5.301], [104.799, -5.297], [104.776, -5.314], [104.792, -5.329], [104.823, -5.329], [104.824, -5.313], [104.811, -5.301]]]}}, {"type": "Feature", "properties": {"domain_id": "1806122017", "name": "SRI KATON"}, "geometry": {"type": "Polygon", "coordinates": [[[104.475, -5.47], [104.471, -5.459], [104.459, -5.459], [104.417, -5.483], [104.424, -5.492], [104.451, -5.467], [104.475, -5.47]]]}}, {"type": "Feature", "properties": {"domain_id": "1806132007", "name": "MARGOYOSO"}, "geometry": {"type": "Polygon", "coordinates": [[[104.683, -5.366], [104.686, -5.362], [104.677, -5.368], [104.661, -5.4], [104.666, -5.411], [104.69, -5.386], [104.692, -5.374], [104.68, -5.372], [104.683, -5.366]]]}}, {"type": "Feature", "properties": {"domain_id": "1807032020", "name": "ADI LUHUR"}, "geometry": {"type": "Polygon", "coordinates": [[[105.763, -5.506], [105.754, -5.501], [105.728, -5.506], [105.723, -5.541], [105.727, -5.546], [105.763, -5.506]]]}}, {"type": "Feature", "properties": {"domain_id": "1806152001", "name": "DATARAJAN"}, "geometry": {"type": "Polygon", "coordinates": [[[104.65, -5.34], [104.616, -5.342], [104.602, -5.333], [104.596, -5.344], [104.609, -5.366], [104.59, -5.398], [104.606, -5.401], [104.638, -5.386], [104.636, -5.37], [104.65, -5.34]]]}}, {"type": "Feature", "properties": {"domain_id": "1806152006", "name": "NGARIP"}, "geometry": {"type": "Polygon", "coordinates": [[[104.563, -5.281], [104.553, -5.283], [104.545, -5.272], [104.522, -5.294], [104.511, -5.289], [104.48, -5.341], [104.513, -5.359], [104.54, -5.317], [104.565, -5.315], [104.563, -5.281]]]}}, {"type": "Feature", "properties": {"domain_id": "1806152012", "name": "SUKAMAJU"}, "geometry": {"type": "Polygon", "coordinates": [[[104.565, -5.321], [104.564, -5.316], [104.54, -5.317], [104.513, -5.359], [104.519, -5.363], [104.565, -5.321]]]}}, {"type": "Feature", "properties": {"domain_id": "1806192010", "name": "TEBA"}, "geometry": {"type": "Polygon", "coordinates": [[[104.666, -5.496], [104.659, -5.495], [104.653, -5.512], [104.659, -5.515], [104.666, -5.496]]]}}, {"type": "Feature", "properties": {"domain_id": "1806212007", "name": "CIHERANG"}, "geometry": {"type": "Polygon", "coordinates": [[[104.787, -5.415], [104.774, -5.409], [104.761, -5.432], [104.787, -5.415]]]}}, {"type": "Feature", "properties": {"domain_id": "1806272005", "name": "SUKA AGUNG"}, "geometry": {"type": "Polygon", "coordinates": [[[104.904, -5.447], [104.903, -5.441], [104.893, -5.438], [104.839, -5.454], [104.84, -5.461], [104.847, -5.466], [104.872, -5.456], [104.901, -5.46], [104.904, -5.447]]]}}, {"type": "Feature", "properties": {"domain_id": "1806282005", "name": "PURWOSARI"}, "geometry": {"type": "Polygon", "coordinates": [[[105.042, -5.62], [105.031, -5.621], [105.005, -5.599], [105.005, -5.592], [105.003, -5.604], [105.016, -5.627], [105.029, -5.634], [105.031, -5.648], [105.043, -5.634], [105.042, -5.62]]]}}, {"type": "Feature", "properties": {"domain_id": "1807052016", "name": "MEKAR MUKTI"}, "geometry": {"type": "Polygon", "coordinates": [[[105.45, -5.179], [105.44, -5.178], [105.435, -5.186], [105.424, -5.182], [105.427, -5.203], [105.417, -5.223], [105.427, -5.233], [105.436, -5.228], [105.438, -5.209], [105.45, -5.203], [105.455, -5.183], [105.449, -5.184], [105.45, -5.179]]]}}, {"type": "Feature", "properties": {"domain_id": "1807072009", "name": "SUMBEREJO"}, "geometry": {"type": "Polygon", "coordinates": [[[105.735, -5.193], [105.702, -5.179], [105.702, -5.187], [105.691, -5.186], [105.698, -5.201], [105.735, -5.193]]]}}, {"type": "Feature", "properties": {"domain_id": "1807122013", "name": "GUNUNG MULYO"}, "geometry": {"type": "Polygon", "coordinates": [[[105.584, -5.336], [105.576, -5.329], [105.558, -5.34], [105.543, -5.339], [105.533, -5.349], [105.558, -5.368], [105.575, -5.351], [105.566, -5.352], [105.566, -5.346], [105.584, -5.336]]]}}, {"type": "Feature", "properties": {"domain_id": "1812032008", "name": "MARGA KENCANA"}, "geometry": {"type": "Polygon", "coordinates": [[[105.087, -4.588], [105.082, -4.577], [105.055, -4.599], [105.056, -4.618], [105.073, -4.63], [105.096, -4.608], [105.087, -4.588]]]}}, {"type": "Feature", "properties": {"domain_id": "1808072002", "name": "BANDAR DALAM"}, "geometry": {"type": "Polygon", "coordinates": [[[104.639, -4.585], [104.64, -4.569], [104.63, -4.555], [104.613, -4.563], [104.614, -4.587], [104.633, -4.607], [104.647, -4.597], [104.639, -4.585]]]}}, {"type": "Feature", "properties": {"domain_id": "1807242001", "name": "BUNGKUK"}, "geometry": {"type": "Polygon", "coordinates": [[[105.673, -5.387], [105.652, -5.392], [105.649, -5.38], [105.634, -5.372], [105.61, -5.399], [105.621, -5.413], [105.618, -5.431], [105.63, -5.436], [105.64, -5.432], [105.641, -5.442], [105.645, -5.44], [105.673, -5.387]]]}}, {"type": "Feature", "properties": {"domain_id": "1808012010", "name": "TANJUNG RAJA GIHAM"}, "geometry": {"type": "Polygon", "coordinates": [[[104.456, -4.405], [104.428, -4.383], [104.411, -4.423], [104.431, -4.428], [104.432, -4.438], [104.497, -4.428], [104.503, -4.451], [104.517, -4.442], [104.517, -4.447], [104.529, -4.447], [104.53, -4.417], [104.55, -4.406], [104.535, -4.399], [104.511, -4.408], [104.51, -4.403], [104.496, -4.399], [104.488, -4.412], [104.477, -4.41], [104.478, -4.415], [104.456, -4.405]]]}}, {"type": "Feature", "properties": {"domain_id": "1808082008", "name": "BUMI DANA"}, "geometry": {"type": "Polygon", "coordinates": [[[104.411, -4.423], [104.396, -4.426], [104.39, -4.437], [104.366, -4.448], [104.363, -4.47], [104.393, -4.479], [104.394, -4.466], [104.415, -4.452], [104.418, -4.432], [104.425, -4.43], [104.411, -4.423]]]}}, {"type": "Feature", "properties": {"domain_id": "1808102001", "name": "GUNUNG LABUHAN"}, "geometry": {"type": "Polygon", "coordinates": [[[104.582, -4.765], [104.56, -4.785], [104.577, -4.797], [104.578, -4.79], [104.59, -4.787], [104.586, -4.784], [104.592, -4.775], [104.584, -4.775], [104.582, -4.765]]]}}, {"type": "Feature", "properties": {"domain_id": "1808102014", "name": "TIUH BALAK II"}, "geometry": {"type": "Polygon", "coordinates": [[[104.573, -4.689], [104.569, -4.698], [104.575, -4.701], [104.577, -4.725], [104.561, -4.737], [104.562, -4.744], [104.57, -4.746], [104.588, -4.74], [104.596, -4.704], [104.573, -4.689]]]}}, {"type": "Feature", "properties": {"domain_id": "1808152008", "name": "SIDOARJO"}, "geometry": {"type": "MultiPolygon", "coordinates": [[[[104.563, -4.581], [104.568, -4.593], [104.586, -4.6], [104.594, -4.573], [104.603, -4.564], [104.584, -4.558], [104.575, -4.58], [104.566, -4.587], [104.569, -4.583], [104.563, -4.581]]], [[[104.563, -4.581], [104.54, -4.567], [104.529, -4.575], [104.531, -4.593], [104.541, -4.604], [104.549, -4.603], [104.552, -4.587], [104.563, -4.581]]]]}}, {"type": "Feature", "properties": {"domain_id": "1809022015", "name": "LUMBIREJO"}, "geometry": {"type": "Polygon", "coordinates": [[[105.09, -5.288], [105.074, -5.278], [105.058, -5.286], [105.056, -5.314], [105.064, -5.323], [105.073, -5.325], [105.087, -5.317], [105.084, -5.303], [105.09, -5.288]]]}}, {"type": "Feature", "properties": {"domain_id": "1809052016", "name": "TAMBANGAN"}, "geometry": {"type": "Polygon", "coordinates": [[[105.124, -5.61], [105.117, -5.602], [105.116, -5.633], [105.124, -5.61]]]}}, {"type": "Feature", "properties": {"domain_id": "1809072011", "name": "PASAR BARU"}, "geometry": {"type": "Polygon", "coordinates": [[[105.013, -5.469], [104.998, -5.464], [105.009, -5.473], [105.007, -5.469], [105.013, -5.469]]]}}, {"type": "Feature", "properties": {"domain_id": "1809102002", "name": "CILIMUS"}, "geometry": {"type": "Polygon", "coordinates": [[[105.194, -5.5], [105.186, -5.496], [105.177, -5.504], [105.174, -5.524], [105.183, -5.526], [105.189, -5.548], [105.221, -5.552], [105.215, -5.545], [105.227, -5.541], [105.227, -5.527], [105.212, -5.52], [105.194, -5.5]]]}}, {"type": "Feature", "properties": {"domain_id": "1810022012", "name": "YOGYAKARTA"}, "geometry": {"type": "Polygon", "coordinates": [[[105.026, -5.328], [105.007, -5.335], [105.023, -5.351], [105.029, -5.349], [105.026, -5.328]]]}}, {"type": "Feature", "properties": {"domain_id": "1810052028", "name": "PADANG REJO"}, "geometry": {"type": "Polygon", "coordinates": [[[104.915, -5.378], [104.905, -5.374], [104.9, -5.389], [104.907, -5.39], [104.906, -5.38], [104.915, -5.378]]]}}, {"type": "Feature", "properties": {"domain_id": "1810052032", "name": "BUMI REJO"}, "geometry": {"type": "Polygon", "coordinates": [[[104.938, -5.358], [104.929, -5.346], [104.923, -5.362], [104.934, -5.364], [104.938, -5.358]]]}}, {"type": "Feature", "properties": {"domain_id": "1812032009", "name": "WAY SIDO"}, "geometry": {"type": "Polygon", "coordinates": [[[105.044, -4.596], [105.032, -4.585], [105.026, -4.604], [105.015, -4.61], [105.015, -4.627], [105.007, -4.631], [105.011, -4.639], [105.002, -4.646], [105.002, -4.652], [105.016, -4.651], [105.036, -4.67], [105.029, -4.663], [105.034, -4.659], [105.026, -4.619], [105.041, -4.611], [105.044, -4.596]]]}}, {"type": "Feature", "properties": {"domain_id": "1810082014", "name": "SINAR BARU TIMUR"}, "geometry": {"type": "Polygon", "coordinates": [[[104.962, -5.296], [104.947, -5.317], [104.943, -5.312], [104.937, -5.315], [104.938, -5.323], [104.952, -5.333], [104.957, -5.317], [104.972, -5.303], [104.962, -5.296]]]}}, {"type": "Feature", "properties": {"domain_id": "1810092005", "name": "MARGOSARI"}, "geometry": {"type": "Polygon", "coordinates": [[[104.812, -5.173], [104.797, -5.168], [104.793, -5.157], [104.772, -5.179], [104.786, -5.208], [104.78, -5.236], [104.81, -5.253], [104.842, -5.25], [104.845, -5.262], [104.839, -5.276], [104.85, -5.283], [104.86, -5.275], [104.86, -5.28], [104.874, -5.281], [104.888, -5.275], [104.89, -5.249], [104.872, -5.233], [104.861, -5.202], [104.829, -5.203], [104.812, -5.173]]]}}, {"type": "Feature", "properties": {"domain_id": "1810092010", "name": "GUNUNG RAYA"}, "geometry": {"type": "Polygon", "coordinates": [[[104.841, -5.295], [104.829, -5.292], [104.821, -5.309], [104.846, -5.329], [104.844, -5.314], [104.848, -5.309], [104.86, -5.31], [104.862, -5.301], [104.841, -5.295]]]}}, {"type": "Feature", "properties": {"domain_id": "1811032011", "name": "SIDANG GUNUNG TIGA"}, "geometry": {"type": "Polygon", "coordinates": [[[105.656, -4.166], [105.651, -4.153], [105.588, -4.159], [105.565, -4.183], [105.605, -4.196], [105.61, -4.222], [105.653, -4.218], [105.656, -4.166]]]}}, {"type": "Feature", "properties": {"domain_id": "1812042008", "name": "GUNUNG AGUNG"}, "geometry": {"type": "MultiPolygon", "coordinates": [[[[105.096, -4.274], [105.09, -4.274], [105.085, -4.287], [105.092, -4.295], [105.087, -4.297], [105.089, -4.301], [105.106, -4.301], [105.113, -4.295], [105.113, -4.305], [105.124, -4.3], [105.128, -4.281], [105.099, -4.28], [105.096, -4.274]]], [[[105.102, -4.405], [105.11, -4.402], [105.108, -4.394], [105.097, -4.396], [105.102, -4.405]]]]}}, {"type": "Feature", "properties": {"domain_id": "1812022008", "name": "SUMBER REJO"}, "geometry": {"type": "Polygon", "coordinates": [[[105.111, -4.686], [105.105, -4.668], [105.09, -4.664], [105.086, -4.68], [105.067, -4.696], [105.078, -4.707], [105.086, -4.704], [105.083, -4.696], [105.089, -4.694], [105.103, -4.699], [105.103, -4.687], [105.111, -4.686]]]}}, {"type": "Feature", "properties": {"domain_id": "1812042015", "name": "SETIA AGUNG"}, "geometry": {"type": "Polygon", "coordinates": [[[105.113, -4.305], [105.113, -4.295], [105.097, -4.303], [105.098, -4.32], [105.106, -4.32], [105.107, -4.345], [105.112, -4.345], [105.113, -4.305]]]}}, {"type": "Feature", "properties": {"domain_id": "1812062004", "name": "PAGAR BUANA"}, "geometry": {"type": "Polygon", "coordinates": [[[105.195, -4.22], [105.194, -4.2], [105.184, -4.204], [105.186, -4.211], [105.17, -4.217], [105.179, -4.233], [105.196, -4.235], [105.195, -4.22]]]}}, {"type": "Feature", "properties": {"domain_id": "1813011005", "name": "PASAR KRUI"}, "geometry": {"type": "Polygon", "coordinates": [[[103.945, -5.181], [103.93, -5.184], [103.934, -5.19], [103.949, -5.193], [103.945, -5.181]]]}}, {"type": "Feature", "properties": {"domain_id": "1812092007", "name": "MULYO SARI"}, "geometry": {"type": "Polygon", "coordinates": [[[105.002, -4.353], [104.982, -4.351], [104.981, -4.385], [105.008, -4.385], [105.014, -4.369], [105.002, -4.353]]]}}, {"type": "Feature", "properties": {"domain_id": "1813042011", "name": "PEMANCAR"}, "geometry": {"type": "Polygon", "coordinates": [[[103.844, -5.076], [103.872, -5.062], [103.878, -5.039], [103.839, -5.062], [103.844, -5.076]]]}}, {"type": "Feature", "properties": {"domain_id": "1813052004", "name": "PENENGAHAN"}, "geometry": {"type": "Polygon", "coordinates": [[[104.008, -5.024], [104.005, -5.006], [103.981, -4.992], [103.982, -5.055], [103.959, -5.076], [103.952, -5.113], [103.934, -5.127], [103.939, -5.135], [103.96, -5.127], [104.0, -5.083], [104.016, -5.075], [104.019, -5.044], [104.008, -5.024]]]}}, {"type": "Feature", "properties": {"domain_id": "1813052010", "name": "TEMBAKAK WAY SINDI"}, "geometry": {"type": "Polygon", "coordinates": [[[103.883, -5.111], [103.913, -5.071], [103.914, -5.056], [103.93, -5.054], [103.933, -5.039], [103.951, -5.021], [103.949, -4.997], [103.938, -4.975], [103.916, -4.975], [103.933, -4.992], [103.933, -4.999], [103.925, -5.002], [103.918, -5.043], [103.885, -5.066], [103.856, -5.098], [103.867, -5.11], [103.883, -5.111]]]}}, {"type": "Feature", "properties": {"domain_id": "1813082009", "name": "PADANG RAYA"}, "geometry": {"type": "Polygon", "coordinates": [[[103.951, -5.243], [103.968, -5.211], [103.956, -5.221], [103.947, -5.24], [103.951, -5.243]]]}}, {"type": "Feature", "properties": {"domain_id": "1813102017", "name": "PADANG DALAM"}, "geometry": {"type": "Polygon", "coordinates": [[[104.225, -5.488], [104.201, -5.488], [104.201, -5.495], [104.196, -5.495], [104.212, -5.507], [104.206, -5.502], [104.23, -5.492], [104.225, -5.488]]]}}, {"type": "Feature", "properties": {"domain_id": "1871051003", "name": "TANJUNG AGUNG"}, "geometry": {"type": "Polygon", "coordinates": [[[105.269, -5.408], [105.266, -5.408], [105.265, -5.415], [105.269, -5.408]]]}}, {"type": "Feature", "properties": {"domain_id": "1813102019", "name": "SUKARAME"}, "geometry": {"type": "Polygon", "coordinates": [[[104.261, -5.542], [104.25, -5.524], [104.255, -5.507], [104.264, -5.501], [104.219, -5.525], [104.261, -5.542]]]}}, {"type": "Feature", "properties": {"domain_id": "1871031004", "name": "SUSUNAN BARU"}, "geometry": {"type": "Polygon", "coordinates": [[[105.231, -5.401], [105.222, -5.409], [105.236, -5.406], [105.231, -5.401]]]}}, {"type": "Feature", "properties": {"domain_id": "1871101008", "name": "RAJABASA RAYA"}, "geometry": {"type": "Polygon", "coordinates": [[[105.246, -5.358], [105.243, -5.345], [105.232, -5.359], [105.246, -5.358]]]}}, {"type": "Feature", "properties": {"domain_id": "1872021001", "name": "BANJARSARI"}, "geometry": {"type": "Polygon", "coordinates": [[[105.299, -5.074], [105.307, -5.061], [105.278, -5.085], [105.281, -5.09], [105.269, -5.096], [105.27, -5.104], [105.277, -5.107], [105.298, -5.1], [105.293, -5.089], [105.284, -5.094], [105.299, -5.074]]]}}, {"type": "Feature", "properties": {"domain_id": "1807092007", "name": "RAMAN ENDRA"}, "geometry": {"type": "Polygon", "coordinates": [[[105.458, -4.934], [105.453, -4.929], [105.437, -4.937], [105.437, -4.961], [105.448, -4.965], [105.46, -4.959], [105.458, -4.934]]]}}, {"type": "Feature", "properties": {"domain_id": "1807092008", "name": "RAMAN FAJAR"}, "geometry": {"type": "Polygon", "coordinates": [[[105.481, -4.928], [105.47, -4.922], [105.457, -4.928], [105.46, -4.959], [105.486, -4.948], [105.481, -4.928]]]}}, {"type": "Feature", "properties": {"domain_id": "1801072002", "name": "CAMPANG TIGA"}, "geometry": {"type": "Polygon", "coordinates": [[[105.524, -5.556], [105.504, -5.553], [105.499, -5.558], [105.49, -5.551], [105.48, -5.552], [105.448, -5.565], [105.443, -5.575], [105.449, -5.579], [105.474, -5.57], [105.483, -5.574], [105.5, -5.566], [105.519, -5.57], [105.524, -5.556]]]}}, {"type": "Feature", "properties": {"domain_id": "1801072014", "name": "SIDOMULYO"}, "geometry": {"type": "Polygon", "coordinates": [[[105.543, -5.562], [105.533, -5.565], [105.525, -5.555], [105.515, -5.574], [105.533, -5.589], [105.541, -5.584], [105.548, -5.595], [105.565, -5.575], [105.561, -5.573], [105.556, -5.58], [105.551, -5.571], [105.544, -5.572], [105.543, -5.562]]]}}, {"type": "Feature", "properties": {"domain_id": "1801092010", "name": "KLATEN"}, "geometry": {"type": "Polygon", "coordinates": [[[105.724, -5.711], [105.716, -5.709], [105.689, -5.726], [105.687, -5.748], [105.708, -5.734], [105.719, -5.736], [105.724, -5.711]]]}}, {"type": "Feature", "properties": {"domain_id": "1801092011", "name": "KAMPUNG BARU"}, "geometry": {"type": "Polygon", "coordinates": [[[105.674, -5.763], [105.689, -5.753], [105.677, -5.755], [105.674, -5.763]], [[105.685, -5.756], [105.684, -5.756], [105.684, -5.754], [105.685, -5.756]]]}}, {"type": "Feature", "properties": {"domain_id": "1802062003", "name": "SRI SAWAHAN"}, "geometry": {"type": "Polygon", "coordinates": [[[105.344, -5.041], [105.339, -5.032], [105.324, -5.033], [105.308, -5.046], [105.311, -5.055], [105.344, -5.041]]]}}, {"type": "Feature", "properties": {"domain_id": "1808062016", "name": "GUNUNG WARAS"}, "geometry": {"type": "Polygon", "coordinates": [[[104.77, -4.319], [104.742, -4.318], [104.741, -4.368], [104.767, -4.367], [104.77, -4.319]]]}}, {"type": "Feature", "properties": {"domain_id": "1802082004", "name": "RAMA DEWA"}, "geometry": {"type": "Polygon", "coordinates": [[[105.383, -4.938], [105.37, -4.93], [105.374, -4.926], [105.367, -4.916], [105.346, -4.931], [105.347, -4.946], [105.357, -4.94], [105.384, -4.945], [105.383, -4.938]]]}}, {"type": "Feature", "properties": {"domain_id": "1804222010", "name": "PANCUR MAS"}, "geometry": {"type": "Polygon", "coordinates": [[[103.848, -4.919], [103.845, -4.911], [103.822, -4.917], [103.832, -4.943], [103.848, -4.919]]]}}, {"type": "Feature", "properties": {"domain_id": "1802102010", "name": "SARI BHAKTI"}, "geometry": {"type": "Polygon", "coordinates": [[[105.429, -4.838], [105.422, -4.829], [105.411, -4.836], [105.401, -4.835], [105.396, -4.854], [105.41, -4.865], [105.405, -4.87], [105.409, -4.873], [105.413, -4.863], [105.409, -4.854], [105.429, -4.838]]]}}, {"type": "Feature", "properties": {"domain_id": "1802122012", "name": "SRIMULYA JAYA"}, "geometry": {"type": "Polygon", "coordinates": [[[105.682, -4.632], [105.673, -4.615], [105.639, -4.667], [105.662, -4.668], [105.673, -4.636], [105.682, -4.632]]]}}, {"type": "Feature", "properties": {"domain_id": "1803052001", "name": "BANJAR AGUNG"}, "geometry": {"type": "Polygon", "coordinates": [[[104.939, -4.801], [104.948, -4.779], [104.941, -4.774], [104.939, -4.764], [104.93, -4.76], [104.928, -4.774], [104.911, -4.785], [104.924, -4.798], [104.939, -4.801]]]}}, {"type": "Feature", "properties": {"domain_id": "1803132005", "name": "GUNUNG KERAMAT"}, "geometry": {"type": "Polygon", "coordinates": [[[105.125, -4.726], [105.109, -4.739], [105.096, -4.738], [105.083, -4.753], [105.104, -4.761], [105.109, -4.757], [105.118, -4.768], [105.124, -4.757], [105.12, -4.743], [105.125, -4.726]]]}}, {"type": "Feature", "properties": {"domain_id": "1807012005", "name": "NEGARA NABUNG"}, "geometry": {"type": "Polygon", "coordinates": [[[105.517, -5.051], [105.51, -5.028], [105.522, -5.025], [105.516, -5.012], [105.493, -5.02], [105.474, -5.038], [105.473, -5.049], [105.49, -5.048], [105.489, -5.07], [105.503, -5.072], [105.505, -5.086], [105.519, -5.072], [105.517, -5.051]]]}}, {"type": "Feature", "properties": {"domain_id": "1807012008", "name": "PASAR SUKADANA"}, "geometry": {"type": "Polygon", "coordinates": [[[105.548, -5.033], [105.55, -5.028], [105.542, -5.033], [105.542, -5.054], [105.532, -5.05], [105.536, -5.054], [105.527, -5.082], [105.536, -5.087], [105.548, -5.083], [105.548, -5.068], [105.557, -5.058], [105.548, -5.033]]]}}, {"type": "Feature", "properties": {"domain_id": "1807042012", "name": "ADIJAYA"}, "geometry": {"type": "Polygon", "coordinates": [[[105.385, -5.105], [105.378, -5.098], [105.367, -5.104], [105.355, -5.096], [105.349, -5.099], [105.353, -5.112], [105.385, -5.105]]]}}, {"type": "Feature", "properties": {"domain_id": "1807062010", "name": "BALEREJO"}, "geometry": {"type": "Polygon", "coordinates": [[[105.392, -5.106], [105.374, -5.108], [105.361, -5.134], [105.391, -5.117], [105.392, -5.106]]]}}, {"type": "Feature", "properties": {"domain_id": "1807232005", "name": "TOTO PROJO"}, "geometry": {"type": "Polygon", "coordinates": [[[105.554, -4.909], [105.549, -4.906], [105.529, -4.922], [105.532, -4.933], [105.544, -4.938], [105.552, -4.931], [105.573, -4.932], [105.606, -4.955], [105.654, -4.935], [105.57, -4.928], [105.555, -4.917], [105.548, -4.918], [105.554, -4.909]]]}}, {"type": "Feature", "properties": {"domain_id": "1809042009", "name": "SINDANG GARUT"}, "geometry": {"type": "Polygon", "coordinates": [[[105.01, -5.396], [105.002, -5.388], [104.999, -5.416], [105.017, -5.409], [105.01, -5.396]]]}}, {"type": "Feature", "properties": {"domain_id": "1808022008", "name": "KOTAWAY"}, "geometry": {"type": "Polygon", "coordinates": [[[104.425, -4.664], [104.398, -4.675], [104.43, -4.679], [104.425, -4.664]]]}}, {"type": "Feature", "properties": {"domain_id": "1809092010", "name": "TANJUNG REJO"}, "geometry": {"type": "Polygon", "coordinates": [[[104.985, -5.462], [104.983, -5.457], [104.978, -5.466], [104.99, -5.468], [104.985, -5.462]]]}}, {"type": "Feature", "properties": {"domain_id": "1809022016", "name": "TRI RAHAYU"}, "geometry": {"type": "Polygon", "coordinates": [[[105.116, -5.202], [105.084, -5.206], [105.087, -5.214], [105.081, -5.22], [105.1, -5.229], [105.111, -5.213], [105.12, -5.213], [105.116, -5.202]]]}}, {"type": "Feature", "properties": {"domain_id": "1809032016", "name": "SRIWEDARI"}, "geometry": {"type": "Polygon", "coordinates": [[[105.124, -5.214], [105.111, -5.213], [105.107, -5.225], [105.097, -5.23], [105.098, -5.24], [105.121, -5.245], [105.125, -5.237], [105.117, -5.226], [105.124, -5.214]]]}}, {"type": "Feature", "properties": {"domain_id": "1809082002", "name": "MAJA"}, "geometry": {"type": "Polygon", "coordinates": [[[105.148, -5.628], [105.134, -5.644], [105.11, -5.642], [105.1, -5.649], [105.093, -5.663], [105.079, -5.668], [105.08, -5.687], [105.089, -5.687], [105.112, -5.664], [105.135, -5.669], [105.157, -5.683], [105.156, -5.673], [105.142, -5.662], [105.157, -5.644], [105.148, -5.628]]]}}, {"type": "Feature", "properties": {"domain_id": "1809082005", "name": "UMBUL LIMUS"}, "geometry": {"type": "Polygon", "coordinates": [[[105.168, -5.68], [105.15, -5.703], [105.165, -5.695], [105.161, -5.69], [105.168, -5.68]]]}}, {"type": "Feature", "properties": {"domain_id": "1809102006", "name": "MUNCA"}, "geometry": {"type": "Polygon", "coordinates": [[[105.252, -5.49], [105.247, -5.482], [105.228, -5.487], [105.219, -5.505], [105.225, -5.51], [105.251, -5.496], [105.252, -5.49]]]}}, {"type": "Feature", "properties": {"domain_id": "1871091007", "name": "GULAK GALIK"}, "geometry": {"type": "Polygon", "coordinates": [[[105.259, -5.428], [105.256, -5.437], [105.266, -5.44], [105.259, -5.428]]]}}, {"type": "Feature", "properties": {"domain_id": "1809102009", "name": "TALANG MULYA"}, "geometry": {"type": "Polygon", "coordinates": [[[105.186, -5.421], [105.156, -5.43], [105.163, -5.463], [105.181, -5.471], [105.202, -5.461], [105.216, -5.445], [105.198, -5.453], [105.183, -5.451], [105.181, -5.439], [105.188, -5.436], [105.179, -5.433], [105.191, -5.429], [105.182, -5.423], [105.186, -5.421]]]}}, {"type": "Feature", "properties": {"domain_id": "1813102001", "name": "NEGERI RATU NGARAS"}, "geometry": {"type": "Polygon", "coordinates": [[[104.338, -5.371], [104.327, -5.355], [104.316, -5.354], [104.321, -5.411], [104.308, -5.426], [104.258, -5.445], [104.227, -5.487], [104.237, -5.486], [104.245, -5.47], [104.315, -5.432], [104.328, -5.41], [104.338, -5.371]]]}}, {"type": "Feature", "properties": {"domain_id": "1871101007", "name": "GEDONG MENENG BARU"}, "geometry": {"type": "Polygon", "coordinates": [[[105.249, -5.377], [105.244, -5.375], [105.244, -5.383], [105.249, -5.377]]]}}, {"type": "Feature", "properties": {"domain_id": "1813112004", "name": "KOTA JAWA"}, "geometry": {"type": "Polygon", "coordinates": [[[104.343, -5.607], [104.338, -5.61], [104.339, -5.597], [104.332, -5.591], [104.317, -5.595], [104.32, -5.62], [104.309, -5.633], [104.3, -5.629], [104.301, -5.642], [104.329, -5.656], [104.347, -5.619], [104.343, -5.607]]]}}, {"type": "Feature", "properties": {"domain_id": "1871041007", "name": "KARANG MARITIM"}, "geometry": {"type": "Polygon", "coordinates": [[[105.338, -5.487], [105.328, -5.478], [105.322, -5.484], [105.324, -5.49], [105.338, -5.487]]]}}, {"type": "Feature", "properties": {"domain_id": "1871061010", "name": "PASIR GINTUNG"}, "geometry": {"type": "Polygon", "coordinates": [[[105.26, -5.403], [105.254, -5.403], [105.257, -5.41], [105.26, -5.403]]]}}, {"type": "Feature", "properties": {"domain_id": "1872041002", "name": "TEJOSARI"}, "geometry": {"type": "Polygon", "coordinates": [[[105.33, -5.135], [105.322, -5.141], [105.313, -5.138], [105.316, -5.151], [105.327, -5.156], [105.334, -5.152], [105.33, -5.135]]]}}, {"type": "Feature", "properties": {"domain_id": "1872051003", "name": "SUMBERSARI BANTUL"}, "geometry": {"type": "Polygon", "coordinates": [[[105.281, -5.156], [105.275, -5.159], [105.28, -5.17], [105.299, -5.172], [105.3, -5.179], [105.306, -5.174], [105.307, -5.167], [105.301, -5.168], [105.292, -5.157], [105.281, -5.156]]]}}, {"type": "Feature", "properties": {"domain_id": "1871161002", "name": "LANGKAPURA BARU"}, "geometry": {"type": "Polygon", "coordinates": [[[105.236, -5.395], [105.221, -5.395], [105.231, -5.401], [105.236, -5.395]]]}}, {"type": "Feature", "properties": {"domain_id": "1801082005", "name": "TANJUNG RATU"}, "geometry": {"type": "Polygon", "coordinates": [[[105.496, -5.475], [105.481, -5.474], [105.48, -5.496], [105.502, -5.499], [105.507, -5.505], [105.529, -5.5], [105.504, -5.489], [105.506, -5.482], [105.499, -5.482], [105.496, -5.475]]]}}, {"type": "Feature", "properties": {"domain_id": "1801092004", "name": "PADAN"}, "geometry": {"type": "Polygon", "coordinates": [[[105.652, -5.735], [105.643, -5.738], [105.644, -5.749], [105.63, -5.763], [105.637, -5.787], [105.656, -5.766], [105.652, -5.735]]]}}, {"type": "Feature", "properties": {"domain_id": "1801132012", "name": "MARGO LESTARI"}, "geometry": {"type": "MultiPolygon", "coordinates": [[[[105.332, -5.274], [105.33, -5.3], [105.351, -5.299], [105.35, -5.282], [105.332, -5.274]]], [[[105.352, -5.311], [105.348, -5.31], [105.347, -5.334], [105.352, -5.311]]]]}}, {"type": "Feature", "properties": {"domain_id": "1801222006", "name": "WONODADI"}, "geometry": {"type": "Polygon", "coordinates": [[[105.486, -5.363], [105.451, -5.341], [105.448, -5.361], [105.486, -5.363]]]}}, {"type": "Feature", "properties": {"domain_id": "1801162002", "name": "BETUNG"}, "geometry": {"type": "Polygon", "coordinates": [[[105.616, -5.783], [105.582, -5.777], [105.58, -5.783], [105.613, -5.787], [105.616, -5.783]]]}}, {"type": "Feature", "properties": {"domain_id": "1802102005", "name": "SISWO BINANGUN"}, "geometry": {"type": "Polygon", "coordinates": [[[105.502, -4.86], [105.494, -4.856], [105.498, -4.855], [105.494, -4.848], [105.486, -4.85], [105.485, -4.863], [105.476, -4.872], [105.476, -4.888], [105.493, -4.899], [105.507, -4.897], [105.508, -4.891], [105.52, -4.894], [105.504, -4.878], [105.502, -4.86]]]}}, {"type": "Feature", "properties": {"domain_id": "1802122008", "name": "GAYA BARU VIII"}, "geometry": {"type": "MultiPolygon", "coordinates": [[[[105.659, -4.735], [105.657, -4.722], [105.65, -4.723], [105.652, -4.742], [105.659, -4.741], [105.659, -4.735]]], [[[105.61, -4.731], [105.615, -4.723], [105.606, -4.724], [105.61, -4.731]]], [[[105.624, -4.68], [105.624, -4.673], [105.614, -4.682], [105.623, -4.689], [105.624, -4.68]]]]}}, {"type": "Feature", "properties": {"domain_id": "1801162005", "name": "CANGGUNG"}, "geometry": {"type": "Polygon", "coordinates": [[[105.613, -5.787], [105.58, -5.784], [105.583, -5.792], [105.613, -5.787]]]}}, {"type": "Feature", "properties": {"domain_id": "1801172007", "name": "BANYUMAS"}, "geometry": {"type": "Polygon", "coordinates": [[[105.599, -5.486], [105.58, -5.481], [105.582, -5.496], [105.559, -5.511], [105.577, -5.513], [105.591, -5.488], [105.599, -5.486]]]}}, {"type": "Feature", "properties": {"domain_id": "1801172009", "name": "SINAR PASEMAH"}, "geometry": {"type": "Polygon", "coordinates": [[[105.617, -5.492], [105.606, -5.486], [105.599, -5.486], [105.597, -5.492], [105.599, -5.498], [105.606, -5.494], [105.606, -5.507], [105.615, -5.5], [105.638, -5.503], [105.658, -5.495], [105.617, -5.492]]]}}, {"type": "Feature", "properties": {"domain_id": "1801222007", "name": "KERTOSARI"}, "geometry": {"type": "Polygon", "coordinates": [[[105.461, -5.317], [105.449, -5.314], [105.437, -5.326], [105.44, -5.332], [105.467, -5.346], [105.473, -5.359], [105.492, -5.364], [105.505, -5.346], [105.495, -5.334], [105.477, -5.33], [105.479, -5.319], [105.469, -5.325], [105.461, -5.317]]]}}, {"type": "Feature", "properties": {"domain_id": "1802012002", "name": "WAYAKRUI"}, "geometry": {"type": "Polygon", "coordinates": [[[104.967, -5.243], [104.94, -5.24], [104.929, -5.257], [104.942, -5.262], [104.967, -5.243]]]}}, {"type": "Feature", "properties": {"domain_id": "1802012004", "name": "BALAI REJO"}, "geometry": {"type": "Polygon", "coordinates": [[[105.021, -5.201], [105.01, -5.198], [105.006, -5.214], [104.97, -5.232], [104.966, -5.246], [105.028, -5.218], [105.017, -5.207], [105.021, -5.201]]]}}, {"type": "Feature", "properties": {"domain_id": "1802052011", "name": "PUJO KERTO"}, "geometry": {"type": "Polygon", "coordinates": [[[105.268, -5.068], [105.247, -5.079], [105.251, -5.089], [105.26, -5.088], [105.268, -5.068]]]}}, {"type": "Feature", "properties": {"domain_id": "1802062008", "name": "ASTO MULYO"}, "geometry": {"type": "Polygon", "coordinates": [[[105.282, -4.985], [105.266, -4.984], [105.26, -5.0], [105.249, -4.998], [105.254, -5.006], [105.261, -5.005], [105.257, -5.02], [105.263, -5.041], [105.281, -5.022], [105.274, -4.999], [105.282, -4.985]]]}}, {"type": "Feature", "properties": {"domain_id": "1802082001", "name": "REJO BASUKI"}, "geometry": {"type": "Polygon", "coordinates": [[[105.347, -4.942], [105.322, -4.933], [105.317, -4.923], [105.312, -4.928], [105.31, -4.945], [105.324, -4.953], [105.33, -4.966], [105.347, -4.942]]]}}, {"type": "Feature", "properties": {"domain_id": "1802102004", "name": "SUMBER BARU"}, "geometry": {"type": "Polygon", "coordinates": [[[105.486, -4.85], [105.482, -4.84], [105.46, -4.845], [105.462, -4.851], [105.451, -4.862], [105.453, -4.882], [105.474, -4.883], [105.486, -4.85]]]}}, {"type": "Feature", "properties": {"domain_id": "1802172008", "name": "PUTRA LEMPUYANG"}, "geometry": {"type": "Polygon", "coordinates": [[[105.317, -4.796], [105.299, -4.801], [105.289, -4.798], [105.281, -4.823], [105.295, -4.826], [105.305, -4.82], [105.305, -4.809], [105.317, -4.796]]]}}, {"type": "Feature", "properties": {"domain_id": "1803062010", "name": "KAMPLAS"}, "geometry": {"type": "Polygon", "coordinates": [[[104.745, -4.841], [104.738, -4.836], [104.718, -4.848], [104.725, -4.858], [104.745, -4.841]]]}}, {"type": "Feature", "properties": {"domain_id": "1802212012", "name": "MULYO HAJI"}, "geometry": {"type": "Polygon", "coordinates": [[[105.131, -5.037], [105.114, -5.014], [105.108, -5.027], [105.1, -5.026], [105.088, -5.037], [105.086, -5.048], [105.094, -5.068], [105.11, -5.069], [105.116, -5.047], [105.131, -5.037]]]}}, {"type": "Feature", "properties": {"domain_id": "1805222006", "name": "RAWA RAGIL"}, "geometry": {"type": "Polygon", "coordinates": [[[105.682, -4.271], [105.672, -4.265], [105.661, -4.27], [105.662, -4.282], [105.653, -4.287], [105.651, -4.277], [105.641, -4.272], [105.635, -4.281], [105.641, -4.312], [105.683, -4.308], [105.676, -4.278], [105.682, -4.271]]]}}, {"type": "Feature", "properties": {"domain_id": "1802222005", "name": "SENDANG ASIH"}, "geometry": {"type": "Polygon", "coordinates": [[[104.882, -5.147], [104.846, -5.151], [104.851, -5.175], [104.884, -5.17], [104.882, -5.147]]]}}, {"type": "Feature", "properties": {"domain_id": "1802242003", "name": "BUMI NABUNG UTARA"}, "geometry": {"type": "Polygon", "coordinates": [[[105.597, -4.674], [105.597, -4.655], [105.589, -4.657], [105.587, -4.638], [105.583, -4.644], [105.562, -4.647], [105.558, -4.669], [105.57, -4.67], [105.57, -4.678], [105.578, -4.67], [105.597, -4.674]]]}}, {"type": "Feature", "properties": {"domain_id": "1802252001", "name": "SIDO BINANGUN"}, "geometry": {"type": "Polygon", "coordinates": [[[105.493, -4.808], [105.468, -4.824], [105.458, -4.822], [105.453, -4.842], [105.465, -4.847], [105.48, -4.843], [105.5, -4.818], [105.493, -4.818], [105.493, -4.808]]]}}, {"type": "Feature", "properties": {"domain_id": "1802262003", "name": "RAJAWALI"}, "geometry": {"type": "Polygon", "coordinates": [[[105.711, -4.695], [105.682, -4.695], [105.683, -4.746], [105.726, -4.737], [105.723, -4.695], [105.711, -4.695]]]}}, {"type": "Feature", "properties": {"domain_id": "1802262007", "name": "BERINGIN JAYA"}, "geometry": {"type": "Polygon", "coordinates": [[[105.766, -4.687], [105.752, -4.686], [105.749, -4.708], [105.751, -4.731], [105.762, -4.738], [105.767, -4.736], [105.766, -4.687]]]}}, {"type": "Feature", "properties": {"domain_id": "1803052012", "name": "SUMBER AGUNG"}, "geometry": {"type": "Polygon", "coordinates": [[[104.991, -4.76], [105.0, -4.759], [105.01, -4.743], [105.006, -4.736], [104.992, -4.749], [104.975, -4.741], [104.973, -4.759], [104.991, -4.76]]]}}, {"type": "Feature", "properties": {"domain_id": "1803072014", "name": "RATU ABUNG"}, "geometry": {"type": "Polygon", "coordinates": [[[104.944, -4.88], [104.94, -4.863], [104.933, -4.888], [104.934, -4.905], [104.942, -4.909], [104.952, -4.902], [104.944, -4.88]]]}}, {"type": "Feature", "properties": {"domain_id": "1803082011", "name": "NEGERI SAKTI"}, "geometry": {"type": "Polygon", "coordinates": [[[104.731, -4.669], [104.737, -4.659], [104.729, -4.662], [104.731, -4.669]]]}}, {"type": "Feature", "properties": {"domain_id": "1806042026", "name": "SINDANG MARGA"}, "geometry": {"type": "Polygon", "coordinates": [[[104.775, -5.342], [104.759, -5.339], [104.767, -5.346], [104.775, -5.342]]]}}, {"type": "Feature", "properties": {"domain_id": "1803102004", "name": "MULANG MAYA"}, "geometry": {"type": "Polygon", "coordinates": [[[104.865, -4.841], [104.859, -4.851], [104.845, -4.854], [104.841, -4.863], [104.844, -4.904], [104.839, -4.912], [104.84, -4.916], [104.853, -4.911], [104.863, -4.914], [104.866, -4.923], [104.886, -4.898], [104.867, -4.879], [104.858, -4.88], [104.864, -4.866], [104.859, -4.851], [104.871, -4.85], [104.865, -4.841]]]}}, {"type": "Feature", "properties": {"domain_id": "1803122001", "name": "ULAK RENGAS"}, "geometry": {"type": "Polygon", "coordinates": [[[104.631, -4.867], [104.622, -4.87], [104.616, -4.864], [104.607, -4.876], [104.616, -4.886], [104.631, -4.875], [104.631, -4.867]]]}}, {"type": "Feature", "properties": {"domain_id": "1806122001", "name": "TUGU PAPAK"}, "geometry": {"type": "Polygon", "coordinates": [[[104.509, -5.532], [104.505, -5.529], [104.496, -5.539], [104.505, -5.549], [104.518, -5.541], [104.509, -5.532]]]}}, {"type": "Feature", "properties": {"domain_id": "1803172002", "name": "BONGLAI TENGAH"}, "geometry": {"type": "Polygon", "coordinates": [[[104.668, -4.689], [104.659, -4.678], [104.66, -4.671], [104.642, -4.689], [104.658, -4.698], [104.665, -4.697], [104.668, -4.689]]]}}, {"type": "Feature", "properties": {"domain_id": "1803162007", "name": "ISO REJO"}, "geometry": {"type": "Polygon", "coordinates": [[[104.946, -4.611], [104.93, -4.612], [104.923, -4.629], [104.907, -4.641], [104.911, -4.656], [104.924, -4.649], [104.932, -4.65], [104.933, -4.663], [104.943, -4.657], [104.95, -4.646], [104.944, -4.639], [104.952, -4.629], [104.946, -4.611]]]}}, {"type": "Feature", "properties": {"domain_id": "1804112005", "name": "JAGA RAGA"}, "geometry": {"type": "Polygon", "coordinates": [[[104.002, -4.907], [103.972, -4.912], [103.968, -4.934], [103.982, -4.928], [104.009, -4.929], [104.002, -4.907]]]}}, {"type": "Feature", "properties": {"domain_id": "1806212009", "name": "SUKADAMAI"}, "geometry": {"type": "Polygon", "coordinates": [[[104.772, -5.391], [104.761, -5.374], [104.759, -5.387], [104.772, -5.391]]]}}, {"type": "Feature", "properties": {"domain_id": "1803182001", "name": "BATU NANGKOP"}, "geometry": {"type": "Polygon", "coordinates": [[[104.747, -4.736], [104.746, -4.715], [104.738, -4.718], [104.736, -4.711], [104.702, -4.724], [104.709, -4.741], [104.747, -4.736]]]}}, {"type": "Feature", "properties": {"domain_id": "1804192006", "name": "SRI MENANTI"}, "geometry": {"type": "Polygon", "coordinates": [[[104.41, -5.071], [104.402, -5.07], [104.401, -5.075], [104.395, -5.068], [104.388, -5.07], [104.351, -5.118], [104.366, -5.115], [104.37, -5.104], [104.398, -5.087], [104.41, -5.071]]]}}, {"type": "Feature", "properties": {"domain_id": "1804071001", "name": "PAJAR BULAN"}, "geometry": {"type": "Polygon", "coordinates": [[[104.441, -5.032], [104.433, -5.034], [104.423, -5.025], [104.411, -5.034], [104.408, -5.045], [104.4, -5.045], [104.395, -5.062], [104.424, -5.056], [104.43, -5.075], [104.445, -5.067], [104.446, -5.059], [104.438, -5.051], [104.441, -5.032]]]}}, {"type": "Feature", "properties": {"domain_id": "1803202006", "name": "SRI JAYA"}, "geometry": {"type": "Polygon", "coordinates": [[[104.752, -4.821], [104.738, -4.823], [104.724, -4.836], [104.737, -4.833], [104.75, -4.843], [104.752, -4.821]]]}}, {"type": "Feature", "properties": {"domain_id": "1804082006", "name": "WASPADA"}, "geometry": {"type": "Polygon", "coordinates": [[[104.274, -5.031], [104.255, -5.041], [104.265, -5.06], [104.285, -5.053], [104.274, -5.031]]]}}, {"type": "Feature", "properties": {"domain_id": "1803212010", "name": "NEGERI BATIN JAYA"}, "geometry": {"type": "Polygon", "coordinates": [[[104.673, -4.749], [104.661, -4.756], [104.663, -4.766], [104.65, -4.778], [104.655, -4.783], [104.687, -4.762], [104.673, -4.749]]]}}, {"type": "Feature", "properties": {"domain_id": "1805272007", "name": "SUMBER JAYA"}, "geometry": {"type": "Polygon", "coordinates": [[[105.606, -4.219], [105.605, -4.196], [105.592, -4.193], [105.587, -4.21], [105.594, -4.212], [105.592, -4.224], [105.606, -4.219]]]}}, {"type": "Feature", "properties": {"domain_id": "1803232005", "name": "TULUNG SINGKIP"}, "geometry": {"type": "Polygon", "coordinates": [[[105.054, -4.917], [105.047, -4.914], [105.027, -4.925], [105.044, -4.937], [105.056, -4.925], [105.054, -4.917]]]}}, {"type": "Feature", "properties": {"domain_id": "1804092003", "name": "SUKA MARGA"}, "geometry": {"type": "Polygon", "coordinates": [[[104.259, -5.218], [104.242, -5.206], [104.211, -5.211], [104.226, -5.223], [104.262, -5.283], [104.272, -5.259], [104.291, -5.252], [104.259, -5.218]]]}}, {"type": "Feature", "properties": {"domain_id": "1804062007", "name": "HUJUNG"}, "geometry": {"type": "Polygon", "coordinates": [[[104.226, -4.928], [104.204, -4.898], [104.21, -4.861], [104.191, -4.863], [104.192, -4.876], [104.177, -4.902], [104.143, -4.925], [104.163, -4.922], [104.192, -4.945], [104.206, -4.944], [104.203, -4.957], [104.213, -4.963], [104.216, -4.944], [104.23, -4.948], [104.226, -4.928]]]}}, {"type": "Feature", "properties": {"domain_id": "1810022023", "name": "YOGYAKARTA SELATAN"}, "geometry": {"type": "Polygon", "coordinates": [[[105.031, -5.361], [105.032, -5.35], [105.023, -5.351], [105.025, -5.362], [105.031, -5.361]]]}}, {"type": "Feature", "properties": {"domain_id": "1805272009", "name": "SIDOMEKAR"}, "geometry": {"type": "Polygon", "coordinates": [[[105.565, -4.183], [105.542, -4.171], [105.541, -4.206], [105.547, -4.216], [105.559, -4.211], [105.565, -4.183]]]}}, {"type": "Feature", "properties": {"domain_id": "1804232003", "name": "BANDAR AGUNG"}, "geometry": {"type": "Polygon", "coordinates": [[[104.35, -5.18], [104.339, -5.184], [104.334, -5.175], [104.321, -5.199], [104.298, -5.209], [104.297, -5.217], [104.321, -5.268], [104.339, -5.259], [104.348, -5.266], [104.352, -5.282], [104.364, -5.281], [104.38, -5.238], [104.381, -5.213], [104.374, -5.199], [104.394, -5.184], [104.365, -5.19], [104.358, -5.179], [104.35, -5.18]]]}}, {"type": "Feature", "properties": {"domain_id": "1811022007", "name": "WONO SARI"}, "geometry": {"type": "Polygon", "coordinates": [[[105.509, -4.059], [105.537, -4.044], [105.532, -4.037], [105.543, -4.028], [105.526, -4.011], [105.503, -4.031], [105.509, -4.059]]]}}, {"type": "Feature", "properties": {"domain_id": "1805062025", "name": "AJI PERMAI TALANG BUAH"}, "geometry": {"type": "Polygon", "coordinates": [[[105.34, -4.276], [105.341, -4.268], [105.326, -4.266], [105.327, -4.314], [105.345, -4.3], [105.34, -4.276]]]}}, {"type": "Feature", "properties": {"domain_id": "1805112014", "name": "GUNUNG TAPA ILIR"}, "geometry": {"type": "Polygon", "coordinates": [[[105.64, -4.364], [105.63, -4.342], [105.624, -4.343], [105.616, -4.363], [105.603, -4.354], [105.61, -4.407], [105.605, -4.422], [105.616, -4.42], [105.627, -4.404], [105.64, -4.364]]]}}, {"type": "Feature", "properties": {"domain_id": "1805252002", "name": "KEKATUNG"}, "geometry": {"type": "Polygon", "coordinates": [[[105.863, -4.428], [105.85, -4.421], [105.847, -4.427], [105.829, -4.424], [105.828, -4.442], [105.815, -4.441], [105.815, -4.471], [105.851, -4.477], [105.863, -4.428]]]}}, {"type": "Feature", "properties": {"domain_id": "1805182007", "name": "BUMI DIPASENA MULYA"}, "geometry": {"type": "Polygon", "coordinates": [[[105.822, -4.209], [105.757, -4.209], [105.759, -4.233], [105.818, -4.233], [105.822, -4.209]]]}}, {"type": "Feature", "properties": {"domain_id": "1811022012", "name": "MUARA MAS"}, "geometry": {"type": "Polygon", "coordinates": [[[105.619, -4.02], [105.599, -3.991], [105.586, -4.0], [105.61, -4.034], [105.619, -4.02]]]}}, {"type": "Feature", "properties": {"domain_id": "1805252009", "name": "WAY DENTE"}, "geometry": {"type": "Polygon", "coordinates": [[[105.821, -4.381], [105.789, -4.394], [105.786, -4.406], [105.771, -4.419], [105.777, -4.434], [105.777, -4.517], [105.796, -4.52], [105.793, -4.537], [105.806, -4.544], [105.817, -4.54], [105.815, -4.441], [105.828, -4.442], [105.827, -4.429], [105.832, -4.429], [105.828, -4.425], [105.84, -4.416], [105.835, -4.412], [105.838, -4.406], [105.825, -4.403], [105.821, -4.381]]]}}, {"type": "Feature", "properties": {"domain_id": "1806011003", "name": "KURIPAN"}, "geometry": {"type": "Polygon", "coordinates": [[[104.626, -5.487], [104.618, -5.49], [104.626, -5.498], [104.631, -5.495], [104.626, -5.487]]]}}, {"type": "Feature", "properties": {"domain_id": "1806012027", "name": "KOTA AGUNG"}, "geometry": {"type": "Polygon", "coordinates": [[[104.663, -5.481], [104.664, -5.46], [104.66, -5.458], [104.65, -5.491], [104.637, -5.506], [104.653, -5.511], [104.663, -5.481]]]}}, {"type": "Feature", "properties": {"domain_id": "1806092012", "name": "KACAMARGA"}, "geometry": {"type": "Polygon", "coordinates": [[[104.927, -5.57], [104.915, -5.57], [104.913, -5.597], [104.92, -5.603], [104.917, -5.615], [104.908, -5.622], [104.914, -5.627], [104.933, -5.621], [104.931, -5.61], [104.943, -5.584], [104.94, -5.57], [104.927, -5.57]]]}}, {"type": "Feature", "properties": {"domain_id": "1806112006", "name": "CAMPANG WAY HANDAK"}, "geometry": {"type": "Polygon", "coordinates": [[[104.792, -5.425], [104.78, -5.423], [104.769, -5.43], [104.767, -5.462], [104.741, -5.474], [104.745, -5.484], [104.772, -5.484], [104.798, -5.472], [104.8, -5.443], [104.792, -5.425]]]}}, {"type": "Feature", "properties": {"domain_id": "1806162003", "name": "TIROM"}, "geometry": {"type": "Polygon", "coordinates": [[[104.645, -5.743], [104.62, -5.736], [104.618, -5.727], [104.612, -5.748], [104.589, -5.755], [104.618, -5.801], [104.64, -5.809], [104.654, -5.821], [104.663, -5.803], [104.685, -5.8], [104.682, -5.789], [104.645, -5.743]]]}}, {"type": "Feature", "properties": {"domain_id": "1806162004", "name": "WAY NIPAH"}, "geometry": {"type": "Polygon", "coordinates": [[[104.605, -5.644], [104.569, -5.607], [104.56, -5.588], [104.522, -5.602], [104.534, -5.617], [104.571, -5.622], [104.597, -5.66], [104.605, -5.644]]]}}, {"type": "Feature", "properties": {"domain_id": "1807212004", "name": "LABUHAN RATU V"}, "geometry": {"type": "Polygon", "coordinates": [[[105.633, -5.157], [105.616, -5.154], [105.607, -5.172], [105.615, -5.181], [105.624, -5.182], [105.62, -5.168], [105.633, -5.157]]]}}, {"type": "Feature", "properties": {"domain_id": "1806182012", "name": "PAYUNG"}, "geometry": {"type": "Polygon", "coordinates": [[[104.613, -5.449], [104.597, -5.438], [104.583, -5.45], [104.584, -5.461], [104.576, -5.469], [104.611, -5.463], [104.613, -5.449]]]}}, {"type": "Feature", "properties": {"domain_id": "1806212004", "name": "KEDALOMAN"}, "geometry": {"type": "Polygon", "coordinates": [[[104.762, -5.373], [104.749, -5.374], [104.739, -5.396], [104.77, -5.392], [104.759, -5.387], [104.762, -5.373]]]}}, {"type": "Feature", "properties": {"domain_id": "1807042005", "name": "SIRAMAN"}, "geometry": {"type": "Polygon", "coordinates": [[[105.409, -5.065], [105.408, -5.057], [105.385, -5.065], [105.367, -5.084], [105.409, -5.065]]]}}, {"type": "Feature", "properties": {"domain_id": "1807172004", "name": "SIDO MAKMUR"}, "geometry": {"type": "Polygon", "coordinates": [[[105.804, -5.393], [105.8, -5.376], [105.789, -5.37], [105.784, -5.407], [105.803, -5.407], [105.804, -5.393]]]}}, {"type": "Feature", "properties": {"domain_id": "1807042006", "name": "TULUSREJO"}, "geometry": {"type": "Polygon", "coordinates": [[[105.383, -5.05], [105.373, -5.062], [105.358, -5.067], [105.36, -5.076], [105.37, -5.079], [105.401, -5.058], [105.39, -5.062], [105.383, -5.05]]]}}, {"type": "Feature", "properties": {"domain_id": "1807062001", "name": "BANARJOYO"}, "geometry": {"type": "Polygon", "coordinates": [[[105.393, -5.15], [105.401, -5.144], [105.4, -5.134], [105.367, -5.141], [105.378, -5.152], [105.393, -5.15]]]}}, {"type": "Feature", "properties": {"domain_id": "1807152003", "name": "SRIMENANTI"}, "geometry": {"type": "Polygon", "coordinates": [[[105.755, -5.303], [105.756, -5.293], [105.751, -5.295], [105.741, -5.282], [105.722, -5.295], [105.721, -5.306], [105.755, -5.303]]]}}, {"type": "Feature", "properties": {"domain_id": "1807062004", "name": "REJO AGUNG"}, "geometry": {"type": "Polygon", "coordinates": [[[105.389, -5.162], [105.353, -5.158], [105.39, -5.178], [105.397, -5.173], [105.389, -5.162]]]}}, {"type": "Feature", "properties": {"domain_id": "1807122002", "name": "MENGANDUNG SARI"}, "geometry": {"type": "Polygon", "coordinates": [[[105.534, -5.251], [105.531, -5.24], [105.521, -5.243], [105.503, -5.277], [105.513, -5.283], [105.512, -5.276], [105.524, -5.27], [105.525, -5.257], [105.534, -5.251]]]}}, {"type": "Feature", "properties": {"domain_id": "1807172001", "name": "WANA"}, "geometry": {"type": "Polygon", "coordinates": [[[105.713, -5.339], [105.707, -5.322], [105.671, -5.328], [105.693, -5.37], [105.692, -5.351], [105.698, -5.347], [105.699, -5.359], [105.721, -5.383], [105.731, -5.383], [105.745, -5.37], [105.753, -5.373], [105.761, -5.356], [105.774, -5.352], [105.774, -5.346], [105.762, -5.341], [105.758, -5.323], [105.737, -5.324], [105.735, -5.342], [105.713, -5.339]]]}}, {"type": "Feature", "properties": {"domain_id": "1808022003", "name": "KARANG LANTANG"}, "geometry": {"type": "Polygon", "coordinates": [[[104.488, -4.738], [104.479, -4.742], [104.484, -4.746], [104.479, -4.755], [104.459, -4.756], [104.454, -4.771], [104.471, -4.773], [104.476, -4.755], [104.479, -4.765], [104.488, -4.767], [104.488, -4.738]]]}}, {"type": "Feature", "properties": {"domain_id": "1808132007", "name": "NUAR MAJU"}, "geometry": {"type": "Polygon", "coordinates": [[[104.513, -4.312], [104.509, -4.282], [104.492, -4.298], [104.485, -4.291], [104.477, -4.296], [104.488, -4.318], [104.513, -4.312]]]}}, {"type": "Feature", "properties": {"domain_id": "1808152010", "name": "SRIWIJAYA"}, "geometry": {"type": "Polygon", "coordinates": [[[104.563, -4.581], [104.552, -4.587], [104.541, -4.614], [104.548, -4.62], [104.546, -4.627], [104.566, -4.637], [104.575, -4.633], [104.573, -4.624], [104.559, -4.625], [104.556, -4.619], [104.563, -4.581]]]}}, {"type": "Feature", "properties": {"domain_id": "1809092009", "name": "KUBU BATU"}, "geometry": {"type": "Polygon", "coordinates": [[[104.99, -5.468], [104.978, -5.465], [104.981, -5.477], [104.97, -5.494], [104.98, -5.498], [104.98, -5.513], [104.988, -5.521], [105.004, -5.515], [104.993, -5.51], [105.002, -5.488], [104.99, -5.468]]]}}, {"type": "Feature", "properties": {"domain_id": "1810012009", "name": "PODOMORO"}, "geometry": {"type": "Polygon", "coordinates": [[[105.002, -5.337], [104.992, -5.332], [104.979, -5.34], [104.98, -5.349], [104.995, -5.351], [104.997, -5.34], [105.009, -5.348], [105.012, -5.343], [105.002, -5.343], [105.002, -5.337]]]}}, {"type": "Feature", "properties": {"domain_id": "1809112002", "name": "BUNUT SEBERANG"}, "geometry": {"type": "Polygon", "coordinates": [[[105.086, -5.612], [105.072, -5.622], [105.053, -5.609], [105.036, -5.618], [105.05, -5.62], [105.074, -5.646], [105.079, -5.668], [105.093, -5.663], [105.116, -5.634], [105.089, -5.628], [105.094, -5.62], [105.086, -5.612]]]}}, {"type": "Feature", "properties": {"domain_id": "1810011001", "name": "FAJARESUK"}, "geometry": {"type": "Polygon", "coordinates": [[[104.97, -5.343], [104.941, -5.355], [104.966, -5.366], [104.962, -5.351], [104.97, -5.343]]]}}, {"type": "Feature", "properties": {"domain_id": "1810032003", "name": "KRESNO MULYO"}, "geometry": {"type": "Polygon", "coordinates": [[[104.913, -5.415], [104.904, -5.416], [104.901, -5.422], [104.921, -5.433], [104.938, -5.423], [104.95, -5.428], [104.939, -5.417], [104.913, -5.415]]]}}, {"type": "Feature", "properties": {"domain_id": "1813042007", "name": "WAY NARTA"}, "geometry": {"type": "Polygon", "coordinates": [[[103.825, -4.996], [103.794, -5.039], [103.787, -5.041], [103.795, -5.047], [103.825, -4.996]]]}}, {"type": "Feature", "properties": {"domain_id": "1813032006", "name": "MALAYA"}, "geometry": {"type": "Polygon", "coordinates": [[[103.754, -4.859], [103.723, -4.808], [103.707, -4.831], [103.731, -4.865], [103.742, -4.923], [103.727, -4.941], [103.723, -4.959], [103.713, -4.965], [103.734, -4.98], [103.749, -4.939], [103.765, -4.937], [103.753, -4.888], [103.754, -4.859]]]}}, {"type": "Feature", "properties": {"domain_id": "1813082008", "name": "MANDIRI SEJATI"}, "geometry": {"type": "Polygon", "coordinates": [[[103.968, -5.24], [103.951, -5.243], [103.979, -5.254], [103.968, -5.24]]]}}, {"type": "Feature", "properties": {"domain_id": "1871011012", "name": "PENENGAHAN RAYA"}, "geometry": {"type": "Polygon", "coordinates": [[[105.257, -5.399], [105.251, -5.401], [105.26, -5.404], [105.257, -5.399]]]}}, {"type": "Feature", "properties": {"domain_id": "1871081006", "name": "KURIPAN"}, "geometry": {"type": "Polygon", "coordinates": [[[105.257, -5.451], [105.252, -5.447], [105.251, -5.451], [105.257, -5.451]]]}}, {"type": "Feature", "properties": {"domain_id": "1871041008", "name": "WAY LUNIK"}, "geometry": {"type": "Polygon", "coordinates": [[[105.31, -5.442], [105.301, -5.452], [105.315, -5.461], [105.31, -5.442]]]}}, {"type": "Feature", "properties": {"domain_id": "1871181003", "name": "TANJUNGAGUNG RAYA"}, "geometry": {"type": "Polygon", "coordinates": [[[105.27, -5.413], [105.269, -5.409], [105.267, -5.414], [105.27, -5.413]]]}}, {"type": "Feature", "properties": {"domain_id": "1871201005", "name": "KANGKUNG"}, "geometry": {"type": "Polygon", "coordinates": [[[105.272, -5.445], [105.266, -5.452], [105.273, -5.449], [105.272, -5.445]]]}}, {"type": "Feature", "properties": {"domain_id": "1805062008", "name": "KECUBUNG MULYA"}, "geometry": {"type": "Polygon", "coordinates": [[[105.405, -4.272], [105.382, -4.267], [105.375, -4.275], [105.374, -4.291], [105.399, -4.289], [105.405, -4.272]]]}}, {"type": "Feature", "properties": {"domain_id": "1802082006", "name": "RAMA YANA"}, "geometry": {"type": "Polygon", "coordinates": [[[105.341, -4.859], [105.335, -4.858], [105.327, -4.886], [105.316, -4.899], [105.327, -4.915], [105.336, -4.906], [105.344, -4.875], [105.341, -4.859]]]}}, {"type": "Feature", "properties": {"domain_id": "1808102010", "name": "BENGKULU REJO"}, "geometry": {"type": "Polygon", "coordinates": [[[104.601, -4.751], [104.559, -4.75], [104.567, -4.775], [104.579, -4.765], [104.594, -4.771], [104.605, -4.763], [104.601, -4.751]]]}}, {"type": "Feature", "properties": {"domain_id": "1871071009", "name": "GEDONG PAKUON"}, "geometry": {"type": "Polygon", "coordinates": [[[105.255, -5.441], [105.25, -5.44], [105.258, -5.451], [105.255, -5.441]]]}}, {"type": "Feature", "properties": {"domain_id": "1812012018", "name": "CANDRA MUKTI"}, "geometry": {"type": "Polygon", "coordinates": [[[105.127, -4.62], [105.129, -4.605], [105.12, -4.591], [105.115, -4.596], [105.122, -4.607], [105.093, -4.615], [105.108, -4.622], [105.127, -4.62]]]}}, {"type": "Feature", "properties": {"domain_id": "1801172011", "name": "BUMI JAYA"}, "geometry": {"type": "Polygon", "coordinates": [[[105.623, -5.531], [105.619, -5.525], [105.597, -5.528], [105.601, -5.547], [105.623, -5.531]]]}}, {"type": "Feature", "properties": {"domain_id": "1871111004", "name": "PERUMNAS WAY KANDIS"}, "geometry": {"type": "Polygon", "coordinates": [[[105.289, -5.358], [105.283, -5.361], [105.29, -5.371], [105.289, -5.358]]]}}, {"type": "Feature", "properties": {"domain_id": "1801042012", "name": "HADUYANG"}, "geometry": {"type": "Polygon", "coordinates": [[[105.173, -5.195], [105.156, -5.21], [105.153, -5.23], [105.171, -5.23], [105.172, -5.235], [105.18, -5.23], [105.193, -5.237], [105.199, -5.226], [105.185, -5.228], [105.171, -5.22], [105.173, -5.195]]]}}, {"type": "Feature", "properties": {"domain_id": "1801062012", "name": "KECAPI"}, "geometry": {"type": "Polygon", "coordinates": [[[105.618, -5.727], [105.622, -5.751], [105.631, -5.762], [105.633, -5.748], [105.618, -5.727]]]}}, {"type": "Feature", "properties": {"domain_id": "1801062002", "name": "TENGKUJUH"}, "geometry": {"type": "Polygon", "coordinates": [[[105.629, -5.77], [105.58, -5.766], [105.618, -5.773], [105.629, -5.77]]]}}, {"type": "Feature", "properties": {"domain_id": "1801132002", "name": "SIDODADI ASRI"}, "geometry": {"type": "Polygon", "coordinates": [[[105.466, -5.304], [105.416, -5.304], [105.416, -5.331], [105.426, -5.325], [105.431, -5.329], [105.453, -5.313], [105.461, -5.317], [105.466, -5.304]]]}}, {"type": "Feature", "properties": {"domain_id": "1801232001", "name": "MEKAR SARI"}, "geometry": {"type": "Polygon", "coordinates": [[[105.519, -5.463], [105.5, -5.455], [105.496, -5.474], [105.531, -5.477], [105.519, -5.463]]]}}, {"type": "Feature", "properties": {"domain_id": "1801132011", "name": "MARGA KAYA"}, "geometry": {"type": "Polygon", "coordinates": [[[105.33, -5.3], [105.3, -5.297], [105.293, -5.301], [105.292, -5.313], [105.33, -5.311], [105.343, -5.302], [105.33, -5.3]]]}}, {"type": "Feature", "properties": {"domain_id": "1801132017", "name": "PURWOTANI"}, "geometry": {"type": "Polygon", "coordinates": [[[105.434, -5.241], [105.425, -5.246], [105.424, -5.271], [105.411, -5.269], [105.403, -5.301], [105.42, -5.302], [105.456, -5.276], [105.454, -5.247], [105.449, -5.252], [105.443, -5.244], [105.432, -5.247], [105.434, -5.241]]]}}, {"type": "Feature", "properties": {"domain_id": "1802012007", "name": "KALIWUNGU"}, "geometry": {"type": "Polygon", "coordinates": [[[104.971, -5.207], [104.953, -5.208], [104.941, -5.221], [104.968, -5.223], [104.977, -5.208], [104.971, -5.207]]]}}, {"type": "Feature", "properties": {"domain_id": "1801132021", "name": "MARGOREJO"}, "geometry": {"type": "Polygon", "coordinates": [[[105.415, -5.302], [105.383, -5.299], [105.375, -5.31], [105.391, -5.327], [105.386, -5.314], [105.413, -5.309], [105.415, -5.302]], [[105.395, -5.307], [105.396, -5.312], [105.381, -5.313], [105.381, -5.307], [105.395, -5.307]]]}}, {"type": "Feature", "properties": {"domain_id": "1804092005", "name": "TUGU RATU"}, "geometry": {"type": "Polygon", "coordinates": [[[104.325, -5.309], [104.312, -5.299], [104.308, -5.277], [104.302, -5.278], [104.306, -5.29], [104.278, -5.312], [104.315, -5.354], [104.334, -5.324], [104.325, -5.309]]]}}, {"type": "Feature", "properties": {"domain_id": "1801152006", "name": "MARGA JASA"}, "geometry": {"type": "Polygon", "coordinates": [[[105.733, -5.673], [105.727, -5.664], [105.71, -5.656], [105.703, -5.689], [105.727, -5.674], [105.729, -5.697], [105.737, -5.685], [105.733, -5.673]]]}}, {"type": "Feature", "properties": {"domain_id": "1802192004", "name": "GUNUNG HAJI"}, "geometry": {"type": "MultiPolygon", "coordinates": [[[[104.924, -5.051], [104.911, -5.048], [104.924, -5.094], [104.944, -5.089], [104.939, -5.062], [104.924, -5.051]]], [[[104.947, -5.089], [104.944, -5.089], [104.947, -5.09], [104.947, -5.089]]]]}}, {"type": "Feature", "properties": {"domain_id": "1801232005", "name": "PURWODADI"}, "geometry": {"type": "Polygon", "coordinates": [[[105.58, -5.481], [105.552, -5.487], [105.548, -5.503], [105.559, -5.511], [105.567, -5.507], [105.582, -5.496], [105.58, -5.481]]]}}, {"type": "Feature", "properties": {"domain_id": "1802022015", "name": "SUKOWARINGIN"}, "geometry": {"type": "Polygon", "coordinates": [[[105.042, -5.09], [105.043, -5.057], [105.012, -5.095], [105.015, -5.1], [105.027, -5.098], [105.042, -5.09]]]}}, {"type": "Feature", "properties": {"domain_id": "1804042010", "name": "SUKARAME"}, "geometry": {"type": "Polygon", "coordinates": [[[104.137, -4.981], [104.115, -4.986], [104.093, -4.977], [104.088, -4.996], [104.13, -5.007], [104.135, -4.995], [104.142, -4.998], [104.137, -4.981]]]}}, {"type": "Feature", "properties": {"domain_id": "1802042003", "name": "FAJAR BULAN"}, "geometry": {"type": "MultiPolygon", "coordinates": [[[[105.119, -4.99], [105.106, -4.998], [105.131, -5.037], [105.14, -5.028], [105.131, -5.013], [105.137, -4.993], [105.119, -4.99]]], [[[105.109, -4.956], [105.09, -4.963], [105.097, -4.977], [105.115, -4.966], [105.109, -4.956]]]]}}, {"type": "Feature", "properties": {"domain_id": "1802082009", "name": "RAMA GUNAWAN"}, "geometry": {"type": "Polygon", "coordinates": [[[105.389, -4.892], [105.367, -4.916], [105.374, -4.926], [105.37, -4.93], [105.383, -4.938], [105.401, -4.917], [105.389, -4.892]]]}}, {"type": "Feature", "properties": {"domain_id": "1802102001", "name": "SUMBER BAHAGIA"}, "geometry": {"type": "Polygon", "coordinates": [[[105.438, -4.847], [105.413, -4.862], [105.411, -4.877], [105.441, -4.864], [105.438, -4.847]]]}}, {"type": "Feature", "properties": {"domain_id": "1802162004", "name": "SIMPANG AGUNG"}, "geometry": {"type": "Polygon", "coordinates": [[[105.18, -4.951], [105.168, -4.956], [105.163, -4.939], [105.169, -4.935], [105.156, -4.929], [105.147, -4.948], [105.154, -4.977], [105.18, -4.982], [105.185, -4.97], [105.18, -4.951]]]}}, {"type": "Feature", "properties": {"domain_id": "1802212003", "name": "HAJI PEMANGGILAN"}, "geometry": {"type": "Polygon", "coordinates": [[[105.097, -4.977], [105.09, -4.968], [105.096, -5.022], [105.106, -5.028], [105.114, -5.014], [105.097, -4.977]]]}}, {"type": "Feature", "properties": {"domain_id": "1802162006", "name": "GAYAU SAKTI"}, "geometry": {"type": "Polygon", "coordinates": [[[105.156, -4.901], [105.125, -4.903], [105.119, -4.911], [105.12, -4.936], [105.138, -4.929], [105.156, -4.901]]]}}, {"type": "Feature", "properties": {"domain_id": "1802162009", "name": "SULUSUBAN"}, "geometry": {"type": "Polygon", "coordinates": [[[105.097, -4.925], [105.073, -4.902], [105.064, -4.902], [105.078, -4.936], [105.069, -4.939], [105.069, -4.946], [105.081, -4.967], [105.094, -4.961], [105.101, -4.95], [105.097, -4.925]]]}}, {"type": "Feature", "properties": {"domain_id": "1803062011", "name": "KISTANG"}, "geometry": {"type": "Polygon", "coordinates": [[[104.718, -4.848], [104.686, -4.843], [104.681, -4.849], [104.723, -4.865], [104.724, -4.852], [104.718, -4.848]]]}}, {"type": "Feature", "properties": {"domain_id": "1802172003", "name": "BANJAR RATU"}, "geometry": {"type": "MultiPolygon", "coordinates": [[[[105.087, -4.882], [105.09, -4.875], [105.076, -4.883], [105.058, -4.876], [105.053, -4.903], [105.057, -4.925], [105.067, -4.909], [105.064, -4.902], [105.073, -4.897], [105.072, -4.888], [105.087, -4.882]]], [[[105.105, -4.866], [105.098, -4.843], [105.094, -4.843], [105.105, -4.866]]], [[[105.076, -4.848], [105.082, -4.846], [105.08, -4.839], [105.076, -4.848]]]]}}, {"type": "Feature", "properties": {"domain_id": "1803152011", "name": "SUMBER AGUNG"}, "geometry": {"type": "Polygon", "coordinates": [[[104.945, -4.565], [104.936, -4.56], [104.926, -4.566], [104.925, -4.577], [104.929, -4.573], [104.946, -4.581], [104.945, -4.565]]]}}, {"type": "Feature", "properties": {"domain_id": "1802242004", "name": "BUMI NABUNG SELATAN"}, "geometry": {"type": "Polygon", "coordinates": [[[105.509, -4.702], [105.496, -4.711], [105.506, -4.717], [105.504, -4.728], [105.516, -4.734], [105.525, -4.747], [105.535, -4.733], [105.534, -4.719], [105.509, -4.702]]]}}, {"type": "Feature", "properties": {"domain_id": "1805252006", "name": "PASIRAN JAYA"}, "geometry": {"type": "Polygon", "coordinates": [[[105.818, -4.58], [105.804, -4.581], [105.801, -4.591], [105.792, -4.589], [105.778, -4.606], [105.781, -4.634], [105.791, -4.636], [105.805, -4.654], [105.817, -4.649], [105.818, -4.58]]]}}, {"type": "Feature", "properties": {"domain_id": "1805262001", "name": "BANGUN REJO"}, "geometry": {"type": "Polygon", "coordinates": [[[105.477, -4.291], [105.437, -4.29], [105.438, -4.307], [105.451, -4.308], [105.47, -4.324], [105.465, -4.341], [105.471, -4.346], [105.487, -4.335], [105.487, -4.323], [105.477, -4.32], [105.477, -4.291]]]}}, {"type": "Feature", "properties": {"domain_id": "1803012005", "name": "TANJUNG BARU TIMUR"}, "geometry": {"type": "Polygon", "coordinates": [[[104.581, -4.878], [104.548, -4.865], [104.537, -4.876], [104.567, -4.896], [104.589, -4.888], [104.581, -4.878]]]}}, {"type": "Feature", "properties": {"domain_id": "1803032008", "name": "KETAPANG"}, "geometry": {"type": "Polygon", "coordinates": [[[104.865, -4.66], [104.835, -4.658], [104.825, -4.669], [104.828, -4.678], [104.816, -4.691], [104.784, -4.681], [104.786, -4.692], [104.8, -4.706], [104.785, -4.724], [104.787, -4.746], [104.801, -4.741], [104.806, -4.711], [104.839, -4.708], [104.837, -4.7], [104.849, -4.681], [104.845, -4.675], [104.86, -4.669], [104.865, -4.66]]]}}, {"type": "Feature", "properties": {"domain_id": "1803062021", "name": "WAY WAKAK"}, "geometry": {"type": "Polygon", "coordinates": [[[104.687, -4.865], [104.669, -4.872], [104.663, -4.889], [104.707, -4.875], [104.687, -4.865]]]}}, {"type": "Feature", "properties": {"domain_id": "1805272003", "name": "MAKARTITAMA"}, "geometry": {"type": "Polygon", "coordinates": [[[105.519, -4.166], [105.507, -4.166], [105.507, -4.184], [105.498, -4.198], [105.541, -4.198], [105.542, -4.171], [105.519, -4.166]]]}}, {"type": "Feature", "properties": {"domain_id": "1803102005", "name": "BANDAR PUTIH"}, "geometry": {"type": "Polygon", "coordinates": [[[104.839, -4.912], [104.844, -4.904], [104.842, -4.868], [104.832, -4.87], [104.83, -4.878], [104.823, -4.87], [104.82, -4.88], [104.828, -4.906], [104.839, -4.912]]]}}, {"type": "Feature", "properties": {"domain_id": "1805222007", "name": "GEDUNG JAYA"}, "geometry": {"type": "Polygon", "coordinates": [[[105.643, -4.337], [105.685, -4.33], [105.683, -4.308], [105.641, -4.312], [105.643, -4.337]]]}}, {"type": "Feature", "properties": {"domain_id": "1804102007", "name": "CANGGU"}, "geometry": {"type": "MultiPolygon", "coordinates": [[[[104.179, -5.075], [104.181, -5.064], [104.172, -5.068], [104.174, -5.076], [104.179, -5.075]]], [[[104.174, -5.019], [104.17, -5.013], [104.165, -5.024], [104.173, -5.026], [104.174, -5.019]]]]}}, {"type": "Feature", "properties": {"domain_id": "1803162002", "name": "KOTA NAPAL"}, "geometry": {"type": "Polygon", "coordinates": [[[104.834, -4.506], [104.818, -4.504], [104.806, -4.511], [104.824, -4.563], [104.82, -4.625], [104.839, -4.639], [104.852, -4.618], [104.845, -4.603], [104.849, -4.568], [104.836, -4.536], [104.834, -4.506]]]}}, {"type": "Feature", "properties": {"domain_id": "1806032012", "name": "PADANG RATU"}, "geometry": {"type": "Polygon", "coordinates": [[[104.535, -5.462], [104.531, -5.457], [104.528, -5.47], [104.522, -5.471], [104.529, -5.485], [104.535, -5.484], [104.539, -5.472], [104.535, -5.462]]]}}, {"type": "Feature", "properties": {"domain_id": "1803162005", "name": "SUKADANA ILIR"}, "geometry": {"type": "Polygon", "coordinates": [[[104.9, -4.524], [104.893, -4.525], [104.893, -4.547], [104.904, -4.551], [104.908, -4.648], [104.912, -4.645], [104.907, -4.641], [104.918, -4.634], [104.915, -4.549], [104.9, -4.524]]]}}, {"type": "Feature", "properties": {"domain_id": "1804112001", "name": "TANJUNG RAYA"}, "geometry": {"type": "Polygon", "coordinates": [[[104.05, -4.975], [104.042, -4.969], [104.041, -4.956], [104.026, -4.956], [104.014, -4.965], [104.017, -4.992], [104.036, -4.992], [104.047, -5.008], [104.058, -5.011], [104.07, -4.983], [104.055, -4.982], [104.05, -4.975]]]}}, {"type": "Feature", "properties": {"domain_id": "1803192003", "name": "CAMPANG GIJUL"}, "geometry": {"type": "Polygon", "coordinates": [[[104.753, -5.004], [104.727, -4.998], [104.718, -5.018], [104.729, -5.024], [104.753, -5.004]]]}}, {"type": "Feature", "properties": {"domain_id": "1803192007", "name": "PEKURUN TENGAH"}, "geometry": {"type": "Polygon", "coordinates": [[[104.822, -4.944], [104.807, -4.927], [104.806, -4.937], [104.784, -4.946], [104.777, -4.957], [104.786, -4.964], [104.783, -4.975], [104.797, -4.974], [104.804, -4.981], [104.8, -4.974], [104.805, -4.977], [104.817, -4.966], [104.822, -4.944]]]}}, {"type": "Feature", "properties": {"domain_id": "1806042005", "name": "SINAR MULYO"}, "geometry": {"type": "Polygon", "coordinates": [[[104.726, -5.339], [104.721, -5.332], [104.71, -5.338], [104.712, -5.344], [104.726, -5.339]]]}}, {"type": "Feature", "properties": {"domain_id": "1803202007", "name": "NEGARA AGUNG"}, "geometry": {"type": "Polygon", "coordinates": [[[104.768, -4.766], [104.76, -4.763], [104.744, -4.774], [104.733, -4.771], [104.74, -4.785], [104.745, -4.784], [104.743, -4.794], [104.755, -4.799], [104.776, -4.786], [104.768, -4.766]]]}}, {"type": "Feature", "properties": {"domain_id": "1803222007", "name": "WAY PERANCANG"}, "geometry": {"type": "Polygon", "coordinates": [[[104.849, -4.933], [104.842, -4.918], [104.826, -4.929], [104.84, -4.945], [104.846, -4.946], [104.849, -4.933]]]}}, {"type": "Feature", "properties": {"domain_id": "1803222002", "name": "TALANG JEMBATAN"}, "geometry": {"type": "Polygon", "coordinates": [[[104.823, -4.867], [104.809, -4.865], [104.801, -4.875], [104.798, -4.892], [104.803, -4.901], [104.821, -4.886], [104.823, -4.87], [104.83, -4.877], [104.833, -4.869], [104.823, -4.867]]]}}, {"type": "Feature", "properties": {"domain_id": "1806042028", "name": "SRIMANGANTEN"}, "geometry": {"type": "Polygon", "coordinates": [[[104.668, -5.304], [104.665, -5.3], [104.665, -5.306], [104.655, -5.305], [104.648, -5.315], [104.63, -5.318], [104.636, -5.326], [104.651, -5.322], [104.668, -5.304]]]}}, {"type": "Feature", "properties": {"domain_id": "1804052012", "name": "SUKAPURA"}, "geometry": {"type": "Polygon", "coordinates": [[[104.51, -4.943], [104.479, -4.932], [104.48, -4.944], [104.47, -4.953], [104.48, -4.969], [104.478, -4.98], [104.469, -4.983], [104.483, -5.009], [104.497, -5.004], [104.499, -4.977], [104.494, -4.977], [104.51, -4.943]]]}}, {"type": "Feature", "properties": {"domain_id": "1808052025", "name": "MEKAR JAYA"}, "geometry": {"type": "Polygon", "coordinates": [[[104.632, -4.288], [104.602, -4.281], [104.605, -4.267], [104.598, -4.257], [104.589, -4.259], [104.604, -4.3], [104.61, -4.29], [104.623, -4.301], [104.625, -4.311], [104.641, -4.312], [104.632, -4.288]]]}}, {"type": "Feature", "properties": {"domain_id": "1807132002", "name": "PURWOSARI"}, "geometry": {"type": "MultiPolygon", "coordinates": [[[[105.35, -4.963], [105.333, -4.978], [105.32, -5.005], [105.334, -5.01], [105.337, -4.99], [105.354, -4.98], [105.36, -4.967], [105.35, -4.963]]], [[[105.368, -4.955], [105.362, -4.965], [105.382, -4.972], [105.387, -4.96], [105.38, -4.967], [105.368, -4.955]]]]}}, {"type": "Feature", "properties": {"domain_id": "1805022007", "name": "ASTRA KSETRA"}, "geometry": {"type": "Polygon", "coordinates": [[[105.24, -4.581], [105.23, -4.573], [105.215, -4.598], [105.212, -4.606], [105.219, -4.616], [105.212, -4.635], [105.247, -4.639], [105.24, -4.581]]]}}, {"type": "Feature", "properties": {"domain_id": "1805202008", "name": "SUMBER MAKMUR"}, "geometry": {"type": "Polygon", "coordinates": [[[105.297, -4.209], [105.273, -4.213], [105.268, -4.221], [105.271, -4.249], [105.287, -4.247], [105.284, -4.229], [105.287, -4.222], [105.297, -4.223], [105.297, -4.209]]]}}, {"type": "Feature", "properties": {"domain_id": "1806092004", "name": "TANJUNG RAJA"}, "geometry": {"type": "Polygon", "coordinates": [[[104.95, -5.676], [104.931, -5.646], [104.925, -5.657], [104.931, -5.677], [104.921, -5.692], [104.927, -5.697], [104.934, -5.694], [104.935, -5.702], [104.95, -5.676]], [[104.932, -5.654], [104.934, -5.656], [104.929, -5.655], [104.932, -5.654]]]}}, {"type": "Feature", "properties": {"domain_id": "1806242005", "name": "KETAPANG"}, "geometry": {"type": "Polygon", "coordinates": [[[104.765, -5.524], [104.751, -5.525], [104.76, -5.537], [104.727, -5.555], [104.761, -5.58], [104.773, -5.568], [104.768, -5.555], [104.772, -5.537], [104.765, -5.524]]]}}, {"type": "Feature", "properties": {"domain_id": "1806242009", "name": "ATAR BRAK"}, "geometry": {"type": "Polygon", "coordinates": [[[104.816, -5.507], [104.764, -5.504], [104.771, -5.563], [104.798, -5.547], [104.831, -5.556], [104.834, -5.55], [104.821, -5.532], [104.826, -5.518], [104.816, -5.507]]]}}, {"type": "Feature", "properties": {"domain_id": "1806262004", "name": "SIDOMULYO"}, "geometry": {"type": "Polygon", "coordinates": [[[104.697, -5.26], [104.683, -5.257], [104.669, -5.262], [104.63, -5.253], [104.635, -5.265], [104.684, -5.283], [104.684, -5.272], [104.7, -5.267], [104.697, -5.26]]]}}, {"type": "Feature", "properties": {"domain_id": "1807012001", "name": "SUKADANA"}, "geometry": {"type": "Polygon", "coordinates": [[[105.557, -5.058], [105.545, -5.081], [105.563, -5.09], [105.563, -5.097], [105.556, -5.099], [105.57, -5.1], [105.577, -5.119], [105.582, -5.116], [105.581, -5.104], [105.562, -5.081], [105.557, -5.058]]]}}, {"type": "Feature", "properties": {"domain_id": "1807072016", "name": "LABUHAN RATU BARU"}, "geometry": {"type": "Polygon", "coordinates": [[[105.705, -5.163], [105.704, -5.151], [105.673, -5.157], [105.675, -5.163], [105.705, -5.163]]]}}, {"type": "Feature", "properties": {"domain_id": "1810062009", "name": "SINAR MULYA"}, "geometry": {"type": "Polygon", "coordinates": [[[104.911, -5.294], [104.898, -5.291], [104.887, -5.308], [104.904, -5.31], [104.911, -5.294]]]}}, {"type": "Feature", "properties": {"domain_id": "1807082003", "name": "TAMAN BOGO"}, "geometry": {"type": "Polygon", "coordinates": [[[105.512, -5.003], [105.492, -4.999], [105.486, -5.005], [105.489, -5.017], [105.496, -5.021], [105.516, -5.016], [105.521, -5.007], [105.512, -5.003]]]}}, {"type": "Feature", "properties": {"domain_id": "1812092002", "name": "SIDO MAKMUR"}, "geometry": {"type": "Polygon", "coordinates": [[[105.085, -4.373], [105.056, -4.362], [105.045, -4.364], [105.045, -4.375], [105.039, -4.377], [105.042, -4.383], [105.047, -4.378], [105.083, -4.377], [105.085, -4.373]]]}}, {"type": "Feature", "properties": {"domain_id": "1807082005", "name": "TAMAN CARI"}, "geometry": {"type": "Polygon", "coordinates": [[[105.49, -4.984], [105.474, -4.977], [105.473, -4.99], [105.484, -4.991], [105.482, -5.007], [105.496, -4.998], [105.512, -5.003], [105.512, -4.995], [105.503, -4.994], [105.5, -4.988], [105.496, -4.992], [105.49, -4.984]]]}}, {"type": "Feature", "properties": {"domain_id": "1807132005", "name": "KEDATON I"}, "geometry": {"type": "Polygon", "coordinates": [[[105.378, -4.971], [105.362, -4.965], [105.352, -4.999], [105.362, -5.001], [105.38, -4.988], [105.371, -4.979], [105.378, -4.971]]]}}, {"type": "Feature", "properties": {"domain_id": "1807182001", "name": "NEGERI AGUNG"}, "geometry": {"type": "Polygon", "coordinates": [[[105.769, -5.445], [105.74, -5.45], [105.745, -5.465], [105.74, -5.478], [105.791, -5.467], [105.792, -5.456], [105.769, -5.445]]]}}, {"type": "Feature", "properties": {"domain_id": "1812042011", "name": "KAGUNGAN JAYA"}, "geometry": {"type": "MultiPolygon", "coordinates": [[[[105.078, -4.226], [105.088, -4.217], [105.069, -4.217], [105.062, -4.206], [105.066, -4.236], [105.077, -4.237], [105.078, -4.226]]], [[[105.035, -4.221], [105.032, -4.198], [105.028, -4.223], [105.034, -4.227], [105.035, -4.221]]]]}}, {"type": "Feature", "properties": {"domain_id": "1807202007", "name": "MARGA BATIN"}, "geometry": {"type": "Polygon", "coordinates": [[[105.668, -5.467], [105.66, -5.465], [105.66, -5.454], [105.648, -5.452], [105.645, -5.443], [105.62, -5.466], [105.624, -5.484], [105.617, -5.492], [105.659, -5.495], [105.668, -5.467]]]}}, {"type": "Feature", "properties": {"domain_id": "1808142002", "name": "PISANG INDAH"}, "geometry": {"type": "Polygon", "coordinates": [[[104.479, -4.3], [104.466, -4.314], [104.456, -4.3], [104.444, -4.302], [104.444, -4.325], [104.459, -4.33], [104.482, -4.327], [104.479, -4.3]]]}}, {"type": "Feature", "properties": {"domain_id": "1808152006", "name": "GEDUNG RIANG"}, "geometry": {"type": "Polygon", "coordinates": [[[104.631, -4.659], [104.634, -4.654], [104.625, -4.646], [104.616, -4.651], [104.6, -4.647], [104.589, -4.659], [104.616, -4.671], [104.631, -4.659]]]}}, {"type": "Feature", "properties": {"domain_id": "1809012006", "name": "GEDUNG TATAAN"}, "geometry": {"type": "Polygon", "coordinates": [[[105.095, -5.381], [105.097, -5.375], [105.084, -5.382], [105.079, -5.377], [105.073, -5.394], [105.08, -5.401], [105.085, -5.397], [105.083, -5.386], [105.091, -5.393], [105.095, -5.381]]]}}, {"type": "Feature", "properties": {"domain_id": "1809012009", "name": "KEBAGUSAN"}, "geometry": {"type": "Polygon", "coordinates": [[[105.129, -5.416], [105.127, -5.394], [105.132, -5.396], [105.134, -5.387], [105.127, -5.365], [105.136, -5.359], [105.108, -5.37], [105.116, -5.377], [105.109, -5.398], [105.129, -5.416]]]}}, {"type": "Feature", "properties": {"domain_id": "1809032001", "name": "BUMI AGUNG"}, "geometry": {"type": "Polygon", "coordinates": [[[105.17, -5.148], [105.159, -5.147], [105.171, -5.18], [105.18, -5.187], [105.173, -5.187], [105.173, -5.195], [105.188, -5.199], [105.194, -5.194], [105.19, -5.177], [105.197, -5.157], [105.174, -5.157], [105.17, -5.148]]]}}, {"type": "Feature", "properties": {"domain_id": "1809032012", "name": "MARGO MULYO"}, "geometry": {"type": "Polygon", "coordinates": [[[105.155, -5.137], [105.149, -5.13], [105.143, -5.136], [105.143, -5.16], [105.164, -5.16], [105.155, -5.137]]]}}, {"type": "Feature", "properties": {"domain_id": "1809072013", "name": "KERTASANA"}, "geometry": {"type": "Polygon", "coordinates": [[[104.984, -5.437], [104.977, -5.44], [104.982, -5.457], [104.997, -5.465], [104.998, -5.444], [104.984, -5.437]]]}}, {"type": "Feature", "properties": {"domain_id": "1809062005", "name": "RUSABA"}, "geometry": {"type": "Polygon", "coordinates": [[[105.165, -5.717], [105.155, -5.719], [105.158, -5.747], [105.166, -5.739], [105.16, -5.728], [105.165, -5.717]]]}}, {"type": "Feature", "properties": {"domain_id": "1809092004", "name": "BAYAS JAYA"}, "geometry": {"type": "Polygon", "coordinates": [[[104.999, -5.527], [104.995, -5.522], [105.003, -5.516], [104.983, -5.518], [104.975, -5.525], [104.956, -5.522], [104.955, -5.532], [104.967, -5.555], [104.963, -5.576], [104.998, -5.586], [105.002, -5.574], [104.994, -5.567], [105.004, -5.55], [104.996, -5.541], [104.999, -5.527]]]}}, {"type": "Feature", "properties": {"domain_id": "1810022008", "name": "GADINGREJO"}, "geometry": {"type": "Polygon", "coordinates": [[[105.075, -5.371], [105.061, -5.374], [105.067, -5.394], [105.076, -5.391], [105.075, -5.371]]]}}, {"type": "Feature", "properties": {"domain_id": "1810072005", "name": "SUKOHARUM"}, "geometry": {"type": "MultiPolygon", "coordinates": [[[[105.068, -5.234], [105.052, -5.238], [105.05, -5.248], [105.066, -5.245], [105.068, -5.234]]], [[[105.091, -5.227], [105.079, -5.218], [105.074, -5.222], [105.088, -5.233], [105.098, -5.23], [105.091, -5.227]]]]}}, {"type": "Feature", "properties": {"domain_id": "1810082005", "name": "SUKOHARJO IV"}, "geometry": {"type": "Polygon", "coordinates": [[[105.002, -5.319], [104.992, -5.325], [104.993, -5.336], [104.999, -5.332], [105.007, -5.34], [105.008, -5.334], [105.026, -5.328], [105.025, -5.321], [105.002, -5.319]]]}}, {"type": "Feature", "properties": {"domain_id": "1813012007", "name": "PAHMUNGAN"}, "geometry": {"type": "Polygon", "coordinates": [[[104.081, -5.119], [104.067, -5.101], [104.046, -5.094], [104.024, -5.092], [104.003, -5.098], [104.017, -5.126], [104.015, -5.135], [104.003, -5.142], [103.998, -5.166], [103.981, -5.163], [103.946, -5.172], [103.949, -5.193], [103.979, -5.199], [103.993, -5.19], [103.997, -5.204], [103.992, -5.219], [104.017, -5.205], [104.034, -5.204], [104.042, -5.194], [104.078, -5.174], [104.066, -5.156], [104.082, -5.14], [104.081, -5.119]]]}}, {"type": "Feature", "properties": {"domain_id": "1813022004", "name": "SUMUR JAYA"}, "geometry": {"type": "Polygon", "coordinates": [[[104.178, -5.2], [104.149, -5.19], [104.143, -5.194], [104.122, -5.233], [104.057, -5.286], [104.044, -5.292], [104.033, -5.285], [104.026, -5.295], [104.012, -5.291], [104.017, -5.31], [104.05, -5.3], [104.075, -5.306], [104.083, -5.297], [104.082, -5.282], [104.123, -5.239], [104.174, -5.235], [104.178, -5.2]]]}}, {"type": "Feature", "properties": {"domain_id": "1871091008", "name": "SUMUR BATU"}, "geometry": {"type": "Polygon", "coordinates": [[[105.268, -5.427], [105.259, -5.426], [105.265, -5.437], [105.271, -5.434], [105.268, -5.427]]]}}, {"type": "Feature", "properties": {"domain_id": "1872031002", "name": "GANJAR AGUNG"}, "geometry": {"type": "Polygon", "coordinates": [[[105.284, -5.121], [105.274, -5.132], [105.274, -5.144], [105.283, -5.144], [105.291, -5.132], [105.284, -5.121]]]}}, {"type": "Feature", "properties": {"domain_id": "1807072010", "name": "LABUHAN RATU II"}, "geometry": {"type": "Polygon", "coordinates": [[[105.703, -5.176], [105.667, -5.168], [105.656, -5.176], [105.702, -5.187], [105.703, -5.176]]]}}, {"type": "Feature", "properties": {"domain_id": "1807082012", "name": "TANJUNG KESUMA"}, "geometry": {"type": "Polygon", "coordinates": [[[105.549, -4.947], [105.519, -4.948], [105.504, -4.967], [105.522, -4.96], [105.537, -4.965], [105.549, -4.947]]]}}, {"type": "Feature", "properties": {"domain_id": "1803122004", "name": "SEKIPI"}, "geometry": {"type": "Polygon", "coordinates": [[[104.615, -4.886], [104.607, -4.876], [104.59, -4.889], [104.582, -4.888], [104.577, -4.903], [104.618, -4.902], [104.628, -4.89], [104.615, -4.886]]]}}, {"type": "Feature", "properties": {"domain_id": "1807062008", "name": "SUMBEREJO"}, "geometry": {"type": "Polygon", "coordinates": [[[105.372, -5.136], [105.364, -5.132], [105.33, -5.138], [105.338, -5.155], [105.347, -5.141], [105.357, -5.14], [105.375, -5.15], [105.367, -5.141], [105.372, -5.136]]]}}, {"type": "Feature", "properties": {"domain_id": "1813022014", "name": "PAKU NEGARA"}, "geometry": {"type": "Polygon", "coordinates": [[[104.198, -5.207], [104.178, -5.2], [104.17, -5.238], [104.123, -5.239], [104.082, -5.282], [104.083, -5.297], [104.062, -5.311], [104.057, -5.328], [104.05, -5.331], [104.031, -5.318], [104.031, -5.323], [104.027, -5.321], [104.031, -5.329], [104.042, -5.326], [104.061, -5.343], [104.071, -5.336], [104.074, -5.322], [104.11, -5.308], [104.108, -5.286], [104.113, -5.276], [104.149, -5.278], [104.161, -5.264], [104.19, -5.261], [104.198, -5.25], [104.198, -5.207]]]}}, {"type": "Feature", "properties": {"domain_id": "1804102008", "name": "KOTABESI"}, "geometry": {"type": "Polygon", "coordinates": [[[104.187, -5.021], [104.183, -5.015], [104.173, -5.026], [104.165, -5.024], [104.16, -5.036], [104.17, -5.048], [104.162, -5.057], [104.161, -5.081], [104.174, -5.076], [104.175, -5.065], [104.189, -5.063], [104.189, -5.052], [104.202, -5.041], [104.187, -5.021]]]}}, {"type": "Feature", "properties": {"domain_id": "1805262005", "name": "BINA BUMI"}, "geometry": {"type": "Polygon", "coordinates": [[[105.462, -4.259], [105.437, -4.259], [105.437, -4.279], [105.467, -4.28], [105.462, -4.259]]]}}, {"type": "Feature", "properties": {"domain_id": "1801042019", "name": "PANCASILA"}, "geometry": {"type": "Polygon", "coordinates": [[[105.279, -5.241], [105.255, -5.249], [105.249, -5.26], [105.256, -5.265], [105.279, -5.259], [105.279, -5.241]]]}}, {"type": "Feature", "properties": {"domain_id": "1801132009", "name": "FAJAR BARU"}, "geometry": {"type": "Polygon", "coordinates": [[[105.266, -5.308], [105.255, -5.323], [105.262, -5.33], [105.261, -5.351], [105.271, -5.353], [105.281, -5.339], [105.274, -5.335], [105.266, -5.308]]]}}, {"type": "Feature", "properties": {"domain_id": "1802042011", "name": "BANGUN REJO"}, "geometry": {"type": "Polygon", "coordinates": [[[105.31, -4.945], [105.299, -4.951], [105.303, -4.968], [105.29, -4.987], [105.298, -4.992], [105.317, -4.976], [105.31, -4.945]]]}}, {"type": "Feature", "properties": {"domain_id": "1802092001", "name": "TELUK DALEM ILIR"}, "geometry": {"type": "Polygon", "coordinates": [[[105.492, -4.748], [105.489, -4.745], [105.487, -4.759], [105.484, -4.755], [105.469, -4.764], [105.461, -4.782], [105.469, -4.802], [105.48, -4.797], [105.494, -4.778], [105.486, -4.765], [105.493, -4.758], [105.492, -4.748]]]}}, {"type": "Feature", "properties": {"domain_id": "1802212006", "name": "NEGARA AJI TUA"}, "geometry": {"type": "Polygon", "coordinates": [[[105.062, -5.054], [105.066, -5.051], [105.051, -5.007], [105.054, -4.999], [105.045, -4.997], [105.039, -4.979], [105.03, -4.979], [105.028, -5.03], [105.047, -5.055], [105.062, -5.054]]]}}, {"type": "Feature", "properties": {"domain_id": "1804192005", "name": "SUKA JADI"}, "geometry": {"type": "Polygon", "coordinates": [[[104.438, -5.122], [104.426, -5.114], [104.421, -5.118], [104.415, -5.149], [104.424, -5.175], [104.454, -5.149], [104.442, -5.149], [104.438, -5.122]]]}}, {"type": "Feature", "properties": {"domain_id": "1802232003", "name": "NAMBAH REJO"}, "geometry": {"type": "Polygon", "coordinates": [[[105.33, -5.016], [105.317, -5.016], [105.307, -5.024], [105.301, -5.006], [105.284, -5.003], [105.284, -5.016], [105.3, -5.023], [105.291, -5.033], [105.291, -5.05], [105.3, -5.053], [105.311, -5.028], [105.33, -5.016]]]}}, {"type": "Feature", "properties": {"domain_id": "1803082021", "name": "GEDUNG BATIN"}, "geometry": {"type": "Polygon", "coordinates": [[[104.817, -4.64], [104.793, -4.629], [104.775, -4.633], [104.776, -4.647], [104.79, -4.648], [104.804, -4.658], [104.817, -4.64]]]}}, {"type": "Feature", "properties": {"domain_id": "1803101012", "name": "TANJUNG SENANG"}, "geometry": {"type": "Polygon", "coordinates": [[[104.913, -4.857], [104.898, -4.849], [104.888, -4.851], [104.883, -4.878], [104.896, -4.894], [104.911, -4.891], [104.913, -4.857]]]}}, {"type": "Feature", "properties": {"domain_id": "1803142002", "name": "BANDAR ABUNG"}, "geometry": {"type": "Polygon", "coordinates": [[[105.012, -4.691], [105.001, -4.686], [104.997, -4.697], [104.962, -4.701], [104.989, -4.722], [104.994, -4.714], [105.006, -4.715], [105.012, -4.691]]]}}, {"type": "Feature", "properties": {"domain_id": "1805082011", "name": "DWI WARGA TUNGGAL JAYA"}, "geometry": {"type": "Polygon", "coordinates": [[[105.235, -4.277], [105.215, -4.279], [105.222, -4.286], [105.213, -4.287], [105.213, -4.298], [105.221, -4.292], [105.227, -4.308], [105.235, -4.277]]]}}, {"type": "Feature", "properties": {"domain_id": "1803142004", "name": "PURBA SAKTI"}, "geometry": {"type": "Polygon", "coordinates": [[[105.055, -4.68], [105.035, -4.699], [105.04, -4.712], [105.051, -4.716], [105.074, -4.707], [105.069, -4.695], [105.06, -4.696], [105.06, -4.682], [105.055, -4.68]]]}}, {"type": "Feature", "properties": {"domain_id": "1804232005", "name": "BUMI HANTATAI"}, "geometry": {"type": "Polygon", "coordinates": [[[104.143, -5.084], [104.136, -5.085], [104.135, -5.066], [104.125, -5.054], [104.133, -5.04], [104.129, -5.033], [104.093, -5.092], [104.09, -5.113], [104.081, -5.119], [104.085, -5.143], [104.121, -5.175], [104.153, -5.192], [104.213, -5.213], [104.242, -5.206], [104.259, -5.218], [104.268, -5.214], [104.26, -5.168], [104.252, -5.164], [104.243, -5.174], [104.235, -5.173], [104.231, -5.155], [104.211, -5.131], [104.221, -5.13], [104.219, -5.126], [104.167, -5.108], [104.143, -5.084]]]}}, {"type": "Feature", "properties": {"domain_id": "1805022001", "name": "BUJUNG TENUK"}, "geometry": {"type": "MultiPolygon", "coordinates": [[[[105.23, -4.557], [105.203, -4.576], [105.185, -4.579], [105.191, -4.592], [105.215, -4.599], [105.23, -4.573], [105.239, -4.582], [105.23, -4.557]]], [[[105.226, -4.533], [105.221, -4.53], [105.219, -4.535], [105.226, -4.533]]]]}}, {"type": "Feature", "properties": {"domain_id": "1806162006", "name": "BETUNG"}, "geometry": {"type": "Polygon", "coordinates": [[[104.552, -5.571], [104.544, -5.555], [104.538, -5.551], [104.531, -5.557], [104.534, -5.573], [104.552, -5.571]]]}}, {"type": "Feature", "properties": {"domain_id": "1806202005", "name": "GISTING BAWAH"}, "geometry": {"type": "Polygon", "coordinates": [[[104.732, -5.42], [104.704, -5.423], [104.714, -5.431], [104.727, -5.431], [104.743, -5.448], [104.745, -5.434], [104.732, -5.42]]]}}, {"type": "Feature", "properties": {"domain_id": "1806192009", "name": "KERTA"}, "geometry": {"type": "Polygon", "coordinates": [[[104.67, -5.499], [104.658, -5.513], [104.663, -5.518], [104.669, -5.517], [104.67, -5.499]]]}}, {"type": "Feature", "properties": {"domain_id": "1807022006", "name": "KARYA TANI"}, "geometry": {"type": "Polygon", "coordinates": [[[105.821, -5.438], [105.795, -5.434], [105.791, -5.467], [105.784, -5.474], [105.823, -5.472], [105.821, -5.438]]]}}, {"type": "Feature", "properties": {"domain_id": "1807022001", "name": "LABUHAN MARINGGAI"}, "geometry": {"type": "Polygon", "coordinates": [[[105.814, -5.289], [105.807, -5.289], [105.802, -5.301], [105.795, -5.3], [105.76, -5.319], [105.762, -5.341], [105.792, -5.334], [105.799, -5.338], [105.798, -5.354], [105.808, -5.356], [105.814, -5.289]]]}}, {"type": "Feature", "properties": {"domain_id": "1807082009", "name": "TANJUNG INTEN"}, "geometry": {"type": "Polygon", "coordinates": [[[105.514, -4.944], [105.497, -4.951], [105.503, -4.959], [105.499, -4.972], [105.507, -4.979], [105.517, -4.971], [105.504, -4.967], [105.514, -4.96], [105.519, -4.947], [105.514, -4.944]]]}}, {"type": "Feature", "properties": {"domain_id": "1807112010", "name": "NABANG BARU"}, "geometry": {"type": "Polygon", "coordinates": [[[105.526, -5.182], [105.529, -5.191], [105.524, -5.194], [105.532, -5.207], [105.548, -5.216], [105.554, -5.209], [105.547, -5.185], [105.526, -5.182]]]}}, {"type": "Feature", "properties": {"domain_id": "1810072009", "name": "SRIKATON"}, "geometry": {"type": "Polygon", "coordinates": [[[105.054, -5.211], [105.049, -5.207], [105.029, -5.231], [105.057, -5.241], [105.059, -5.231], [105.045, -5.224], [105.054, -5.211]]]}}, {"type": "Feature", "properties": {"domain_id": "1813112001", "name": "PAGAR BUKIT"}, "geometry": {"type": "Polygon", "coordinates": [[[104.406, -5.444], [104.389, -5.429], [104.378, -5.442], [104.331, -5.468], [104.29, -5.5], [104.286, -5.514], [104.26, -5.545], [104.301, -5.574], [104.302, -5.55], [104.346, -5.492], [104.393, -5.469], [104.406, -5.444]]]}}, {"type": "Feature", "properties": {"domain_id": "1871191005", "name": "SUKAMAJU"}, "geometry": {"type": "MultiPolygon", "coordinates": [[[[105.248, -5.463], [105.23, -5.467], [105.226, -5.474], [105.248, -5.474], [105.253, -5.468], [105.248, -5.463]]], [[[105.259, -5.488], [105.26, -5.489], [105.261, -5.489], [105.259, -5.488]]]]}}, {"type": "Feature", "properties": {"domain_id": "1803042018", "name": "SINAR MULYA"}, "geometry": {"type": "Polygon", "coordinates": [[[104.69, -4.94], [104.683, -4.926], [104.668, -4.931], [104.682, -4.96], [104.693, -4.957], [104.69, -4.94]]]}}, {"type": "Feature", "properties": {"domain_id": "1803042019", "name": "PRIANGAN BARU"}, "geometry": {"type": "Polygon", "coordinates": [[[104.716, -4.914], [104.707, -4.899], [104.697, -4.907], [104.716, -4.914]]]}}, {"type": "Feature", "properties": {"domain_id": "1804092004", "name": "SUMBER AGUNG"}, "geometry": {"type": "Polygon", "coordinates": [[[104.302, -5.278], [104.295, -5.262], [104.267, -5.293], [104.278, -5.312], [104.306, -5.29], [104.302, -5.278]]]}}, {"type": "Feature", "properties": {"domain_id": "1804212008", "name": "KUBU LIKU JAYA"}, "geometry": {"type": "Polygon", "coordinates": [[[104.276, -5.009], [104.281, -4.969], [104.262, -4.98], [104.271, -4.999], [104.259, -5.008], [104.261, -5.017], [104.254, -5.022], [104.254, -5.034], [104.278, -5.029], [104.276, -5.009]]]}}, {"type": "Feature", "properties": {"domain_id": "1804212006", "name": "BAKHU"}, "geometry": {"type": "Polygon", "coordinates": [[[104.273, -4.935], [104.262, -4.937], [104.257, -4.95], [104.245, -4.954], [104.226, -4.98], [104.209, -4.993], [104.225, -5.022], [104.239, -5.032], [104.244, -5.003], [104.267, -4.976], [104.281, -4.969], [104.285, -4.95], [104.273, -4.935]]]}}, {"type": "Feature", "properties": {"domain_id": "1804092010", "name": "ROWO REJO"}, "geometry": {"type": "Polygon", "coordinates": [[[104.364, -5.281], [104.356, -5.28], [104.36, -5.303], [104.398, -5.305], [104.389, -5.283], [104.364, -5.281]]]}}, {"type": "Feature", "properties": {"domain_id": "1801052010", "name": "TRIMULYO"}, "geometry": {"type": "Polygon", "coordinates": [[[105.482, -5.397], [105.488, -5.385], [105.466, -5.377], [105.45, -5.406], [105.463, -5.413], [105.482, -5.397]]]}}, {"type": "Feature", "properties": {"domain_id": "1810022019", "name": "GADING REJO TIMUR"}, "geometry": {"type": "Polygon", "coordinates": [[[105.081, -5.363], [105.076, -5.361], [105.077, -5.382], [105.081, -5.363]]]}}, {"type": "Feature", "properties": {"domain_id": "1801082003", "name": "PARDASUKA"}, "geometry": {"type": "Polygon", "coordinates": [[[105.442, -5.495], [105.431, -5.483], [105.405, -5.519], [105.423, -5.559], [105.432, -5.546], [105.433, -5.512], [105.442, -5.495]]]}}, {"type": "Feature", "properties": {"domain_id": "1871171003", "name": "TANJUNGKARANG"}, "geometry": {"type": "Polygon", "coordinates": [[[105.26, -5.412], [105.255, -5.415], [105.262, -5.414], [105.26, -5.412]]]}}, {"type": "Feature", "properties": {"domain_id": "1801092019", "name": "SUKA BARU"}, "geometry": {"type": "Polygon", "coordinates": [[[105.693, -5.776], [105.669, -5.78], [105.665, -5.774], [105.646, -5.792], [105.653, -5.796], [105.696, -5.789], [105.696, -5.782], [105.703, -5.779], [105.715, -5.786], [105.718, -5.802], [105.742, -5.788], [105.737, -5.776], [105.726, -5.783], [105.693, -5.776]]]}}, {"type": "Feature", "properties": {"domain_id": "1802172004", "name": "BANJAR KERTA RAHAYU"}, "geometry": {"type": "Polygon", "coordinates": [[[105.105, -4.866], [105.09, -4.843], [105.075, -4.848], [105.058, -4.876], [105.076, -4.883], [105.105, -4.866]]]}}, {"type": "Feature", "properties": {"domain_id": "1802162008", "name": "MUJI RAHAYU"}, "geometry": {"type": "Polygon", "coordinates": [[[105.106, -4.892], [105.09, -4.891], [105.085, -4.898], [105.079, -4.895], [105.068, -4.901], [105.097, -4.925], [105.118, -4.917], [105.129, -4.9], [105.111, -4.902], [105.103, -4.897], [105.106, -4.892]]]}}, {"type": "Feature", "properties": {"domain_id": "1802192014", "name": "PAYUNG MAKMUR"}, "geometry": {"type": "Polygon", "coordinates": [[[104.862, -5.084], [104.846, -5.102], [104.845, -5.118], [104.863, -5.121], [104.877, -5.109], [104.881, -5.094], [104.862, -5.084]]]}}, {"type": "Feature", "properties": {"domain_id": "1802212010", "name": "TANJUNG HARAPAN"}, "geometry": {"type": "Polygon", "coordinates": [[[105.012, -4.995], [105.008, -4.984], [105.015, -4.981], [105.007, -4.972], [104.987, -4.98], [105.005, -5.025], [105.004, -5.049], [105.012, -5.038], [105.007, -5.021], [105.012, -4.995]]]}}, {"type": "Feature", "properties": {"domain_id": "1803062013", "name": "LEPANG BESAR"}, "geometry": {"type": "MultiPolygon", "coordinates": [[[[104.666, -4.81], [104.66, -4.807], [104.652, -4.819], [104.669, -4.839], [104.666, -4.81]]], [[[104.678, -4.814], [104.674, -4.832], [104.679, -4.841], [104.687, -4.827], [104.678, -4.814]]]]}}, {"type": "Feature", "properties": {"domain_id": "1802222006", "name": "SENDANG AGUNG"}, "geometry": {"type": "Polygon", "coordinates": [[[104.898, -5.169], [104.887, -5.169], [104.889, -5.177], [104.875, -5.193], [104.864, -5.196], [104.862, -5.206], [104.906, -5.193], [104.906, -5.187], [104.916, -5.188], [104.922, -5.181], [104.924, -5.169], [104.898, -5.169]]]}}, {"type": "Feature", "properties": {"domain_id": "1802262008", "name": "SIDODADI"}, "geometry": {"type": "Polygon", "coordinates": [[[105.813, -4.676], [105.788, -4.677], [105.766, -4.687], [105.766, -4.694], [105.816, -4.684], [105.813, -4.676]]]}}, {"type": "Feature", "properties": {"domain_id": "1803072009", "name": "GILIH SUKANEGERI"}, "geometry": {"type": "Polygon", "coordinates": [[[104.883, -4.964], [104.872, -4.967], [104.873, -4.976], [104.848, -4.998], [104.876, -4.982], [104.886, -4.99], [104.905, -4.983], [104.907, -4.975], [104.895, -4.979], [104.881, -4.973], [104.883, -4.964]]]}}, {"type": "Feature", "properties": {"domain_id": "1803112016", "name": "PEKURUN BARAT"}, "geometry": {"type": "Polygon", "coordinates": [[[104.748, -4.94], [104.737, -4.937], [104.716, -4.952], [104.712, -4.964], [104.718, -4.969], [104.755, -4.961], [104.748, -4.94]]]}}, {"type": "Feature", "properties": {"domain_id": "1803202009", "name": "CEMPAKA TIMUR"}, "geometry": {"type": "Polygon", "coordinates": [[[104.801, -4.776], [104.792, -4.779], [104.796, -4.8], [104.814, -4.804], [104.801, -4.776]]]}}, {"type": "Feature", "properties": {"domain_id": "1803122002", "name": "MUARA DUA"}, "geometry": {"type": "Polygon", "coordinates": [[[104.628, -4.876], [104.615, -4.886], [104.628, -4.89], [104.618, -4.902], [104.622, -4.905], [104.633, -4.902], [104.642, -4.89], [104.64, -4.877], [104.628, -4.876]]]}}, {"type": "Feature", "properties": {"domain_id": "1803122003", "name": "PULAU PANGGUNG"}, "geometry": {"type": "Polygon", "coordinates": [[[104.651, -4.863], [104.634, -4.867], [104.628, -4.876], [104.64, -4.877], [104.642, -4.89], [104.65, -4.885], [104.648, -4.875], [104.657, -4.87], [104.651, -4.863]]]}}, {"type": "Feature", "properties": {"domain_id": "1803132003", "name": "SEMULI JAYA"}, "geometry": {"type": "MultiPolygon", "coordinates": [[[[105.001, -4.802], [104.982, -4.808], [104.979, -4.834], [104.989, -4.844], [105.0, -4.823], [105.001, -4.802]]], [[[105.003, -4.789], [104.994, -4.798], [105.003, -4.801], [105.008, -4.791], [105.003, -4.789]]], [[[105.004, -4.772], [104.995, -4.773], [104.993, -4.782], [105.009, -4.79], [105.011, -4.779], [105.004, -4.772]]]]}}, {"type": "Feature", "properties": {"domain_id": "1810011004", "name": "PRINGSEWU BARAT"}, "geometry": {"type": "Polygon", "coordinates": [[[104.975, -5.343], [104.966, -5.345], [104.962, -5.354], [104.977, -5.356], [104.975, -5.343]]]}}, {"type": "Feature", "properties": {"domain_id": "1803212008", "name": "WAY ISEM"}, "geometry": {"type": "Polygon", "coordinates": [[[104.65, -4.778], [104.621, -4.797], [104.658, -4.81], [104.671, -4.802], [104.676, -4.805], [104.68, -4.799], [104.65, -4.778]]]}}, {"type": "Feature", "properties": {"domain_id": "1803222006", "name": "BINDU"}, "geometry": {"type": "Polygon", "coordinates": [[[104.839, -4.912], [104.828, -4.906], [104.826, -4.897], [104.821, -4.903], [104.813, -4.898], [104.805, -4.904], [104.806, -4.913], [104.826, -4.929], [104.842, -4.918], [104.839, -4.912]]]}}, {"type": "Feature", "properties": {"domain_id": "1803222001", "name": "AJI KAGUNGAN"}, "geometry": {"type": "Polygon", "coordinates": [[[104.826, -4.897], [104.819, -4.885], [104.804, -4.901], [104.778, -4.906], [104.793, -4.906], [104.793, -4.917], [104.807, -4.923], [104.821, -4.944], [104.84, -4.945], [104.806, -4.913], [104.807, -4.902], [104.813, -4.898], [104.821, -4.903], [104.826, -4.897]]]}}, {"type": "Feature", "properties": {"domain_id": "1804182004", "name": "MUARA JAYA I"}, "geometry": {"type": "Polygon", "coordinates": [[[104.572, -5.081], [104.546, -5.065], [104.535, -5.074], [104.547, -5.094], [104.566, -5.092], [104.572, -5.081]]]}}, {"type": "Feature", "properties": {"domain_id": "1804192009", "name": "SUKA DAMAI"}, "geometry": {"type": "Polygon", "coordinates": [[[104.424, -5.115], [104.413, -5.109], [104.396, -5.119], [104.387, -5.141], [104.352, -5.16], [104.35, -5.18], [104.358, -5.179], [104.365, -5.19], [104.424, -5.175], [104.415, -5.149], [104.424, -5.115]]]}}, {"type": "Feature", "properties": {"domain_id": "1805292004", "name": "BAWANG SAKTI JAYA"}, "geometry": {"type": "MultiPolygon", "coordinates": [[[[105.282, -4.379], [105.265, -4.386], [105.269, -4.407], [105.279, -4.4], [105.272, -4.392], [105.286, -4.389], [105.282, -4.379]]], [[[105.281, -4.403], [105.274, -4.413], [105.293, -4.423], [105.298, -4.413], [105.281, -4.403]]]]}}, {"type": "Feature", "properties": {"domain_id": "1804202005", "name": "SIDODADI"}, "geometry": {"type": "Polygon", "coordinates": [[[104.35, -4.9], [104.332, -4.893], [104.318, -4.916], [104.347, -4.939], [104.372, -4.946], [104.376, -4.931], [104.355, -4.916], [104.35, -4.9]]]}}, {"type": "Feature", "properties": {"domain_id": "1805082020", "name": "TRI MUKTI JAYA"}, "geometry": {"type": "Polygon", "coordinates": [[[105.297, -4.29], [105.293, -4.283], [105.279, -4.292], [105.295, -4.318], [105.303, -4.308], [105.295, -4.299], [105.297, -4.29]]]}}, {"type": "Feature", "properties": {"domain_id": "1805302002", "name": "MENGGALA"}, "geometry": {"type": "Polygon", "coordinates": [[[105.305, -4.412], [105.302, -4.406], [105.299, -4.41], [105.279, -4.4], [105.266, -4.408], [105.262, -4.419], [105.214, -4.423], [105.202, -4.435], [105.257, -4.44], [105.291, -4.457], [105.321, -4.448], [105.321, -4.404], [105.312, -4.416], [105.305, -4.412]], [[105.281, -4.403], [105.298, -4.413], [105.293, -4.423], [105.274, -4.413], [105.281, -4.403]]]}}, {"type": "Feature", "properties": {"domain_id": "1806022019", "name": "SINGOSARI"}, "geometry": {"type": "Polygon", "coordinates": [[[104.757, -5.349], [104.745, -5.348], [104.739, -5.366], [104.752, -5.37], [104.754, -5.363], [104.765, -5.36], [104.757, -5.349]]]}}, {"type": "Feature", "properties": {"domain_id": "1807062012", "name": "BUMI HARJO"}, "geometry": {"type": "Polygon", "coordinates": [[[105.371, -5.112], [105.363, -5.108], [105.35, -5.112], [105.336, -5.136], [105.361, -5.135], [105.371, -5.112]]]}}, {"type": "Feature", "properties": {"domain_id": "1807202004", "name": "SIDORAHAYU"}, "geometry": {"type": "Polygon", "coordinates": [[[105.601, -5.454], [105.592, -5.455], [105.588, -5.476], [105.617, -5.492], [105.624, -5.484], [105.621, -5.467], [105.614, -5.457], [105.601, -5.454]]]}}, {"type": "Feature", "properties": {"domain_id": "1808082009", "name": "BUKIT GEMURUH"}, "geometry": {"type": "Polygon", "coordinates": [[[104.371, -4.432], [104.346, -4.426], [104.347, -4.456], [104.328, -4.461], [104.34, -4.476], [104.325, -4.48], [104.327, -4.491], [104.337, -4.489], [104.352, -4.506], [104.357, -4.502], [104.381, -4.506], [104.391, -4.48], [104.363, -4.47], [104.371, -4.432]]]}}, {"type": "Feature", "properties": {"domain_id": "1807242002", "name": "BATU BADAK"}, "geometry": {"type": "Polygon", "coordinates": [[[105.632, -5.376], [105.624, -5.374], [105.618, -5.364], [105.613, -5.379], [105.594, -5.391], [105.594, -5.396], [105.612, -5.399], [105.632, -5.376]]]}}, {"type": "Feature", "properties": {"domain_id": "1809012013", "name": "BERNUNG"}, "geometry": {"type": "Polygon", "coordinates": [[[105.173, -5.357], [105.174, -5.353], [105.164, -5.353], [105.156, -5.359], [105.149, -5.374], [105.152, -5.381], [105.164, -5.38], [105.164, -5.373], [105.17, -5.38], [105.173, -5.357]]]}}, {"type": "Feature", "properties": {"domain_id": "1808012013", "name": "SANGKARAN BHAKTI"}, "geometry": {"type": "Polygon", "coordinates": [[[104.476, -4.449], [104.457, -4.449], [104.442, -4.458], [104.439, -4.479], [104.454, -4.472], [104.468, -4.479], [104.479, -4.474], [104.483, -4.455], [104.476, -4.449]]]}}, {"type": "Feature", "properties": {"domain_id": "1808012014", "name": "BUMI BARU"}, "geometry": {"type": "Polygon", "coordinates": [[[104.459, -4.438], [104.436, -4.436], [104.424, -4.446], [104.428, -4.462], [104.44, -4.476], [104.442, -4.458], [104.464, -4.45], [104.459, -4.438]]]}}, {"type": "Feature", "properties": {"domain_id": "1813072004", "name": "PENGGAWA V ILIR"}, "geometry": {"type": "Polygon", "coordinates": [[[103.941, -5.155], [103.933, -5.158], [103.935, -5.166], [103.942, -5.164], [103.941, -5.155]]]}}, {"type": "Feature", "properties": {"domain_id": "1808092002", "name": "TANJUNG TIGA"}, "geometry": {"type": "Polygon", "coordinates": [[[104.354, -4.635], [104.32, -4.674], [104.316, -4.693], [104.337, -4.693], [104.352, -4.677], [104.363, -4.644], [104.354, -4.635]]]}}, {"type": "Feature", "properties": {"domain_id": "1809032009", "name": "MARGO REJO"}, "geometry": {"type": "Polygon", "coordinates": [[[105.079, -5.186], [105.056, -5.181], [105.051, -5.172], [105.041, -5.185], [105.059, -5.194], [105.049, -5.206], [105.055, -5.211], [105.074, -5.2], [105.079, -5.186]]]}}, {"type": "Feature", "properties": {"domain_id": "1809042002", "name": "BANJAR NEGERI"}, "geometry": {"type": "Polygon", "coordinates": [[[105.058, -5.425], [105.047, -5.408], [105.037, -5.412], [105.05, -5.434], [105.058, -5.425]]]}}, {"type": "Feature", "properties": {"domain_id": "1809052001", "name": "BANJARAN"}, "geometry": {"type": "Polygon", "coordinates": [[[105.147, -5.62], [105.147, -5.599], [105.124, -5.61], [105.11, -5.642], [105.134, -5.644], [105.147, -5.62]]]}}, {"type": "Feature", "properties": {"domain_id": "1809092002", "name": "SUKA JAYA"}, "geometry": {"type": "Polygon", "coordinates": [[[104.971, -5.495], [104.957, -5.492], [104.942, -5.511], [104.956, -5.522], [104.963, -5.498], [104.977, -5.496], [104.971, -5.495]]]}}, {"type": "Feature", "properties": {"domain_id": "1809102001", "name": "BATU MENYAN"}, "geometry": {"type": "MultiPolygon", "coordinates": [[[[105.18, -5.525], [105.175, -5.525], [105.187, -5.56], [105.178, -5.587], [105.191, -5.588], [105.203, -5.577], [105.236, -5.592], [105.241, -5.584], [105.225, -5.583], [105.222, -5.576], [105.208, -5.574], [105.204, -5.564], [105.196, -5.566], [105.206, -5.553], [105.189, -5.548], [105.18, -5.525]]], [[[105.233, -5.643], [105.232, -5.643], [105.232, -5.645], [105.233, -5.643]]], [[[105.224, -5.617], [105.213, -5.623], [105.213, -5.638], [105.242, -5.642], [105.242, -5.634], [105.234, -5.632], [105.224, -5.617]]], [[[105.243, -5.592], [105.245, -5.596], [105.253, -5.599], [105.243, -5.592]]], [[[105.24, -5.589], [105.239, -5.59], [105.24, -5.59], [105.24, -5.589]]]]}}, {"type": "Feature", "properties": {"domain_id": "1812022010", "name": "GUNUNG TIMBUL"}, "geometry": {"type": "MultiPolygon", "coordinates": [[[[105.044, -4.625], [105.03, -4.636], [105.03, -4.649], [105.041, -4.655], [105.06, -4.641], [105.044, -4.625]]], [[[105.028, -4.631], [105.028, -4.628], [105.026, -4.632], [105.028, -4.631]]]]}}, {"type": "Feature", "properties": {"domain_id": "1812052005", "name": "SUKA JAYA"}, "geometry": {"type": "Polygon", "coordinates": [[[105.09, -4.257], [105.076, -4.25], [105.047, -4.254], [105.045, -4.285], [105.063, -4.276], [105.085, -4.287], [105.095, -4.272], [105.09, -4.257]]]}}, {"type": "Feature", "properties": {"domain_id": "1812072008", "name": "KIBANG TRI JAYA"}, "geometry": {"type": "Polygon", "coordinates": [[[105.156, -4.295], [105.142, -4.297], [105.144, -4.323], [105.194, -4.322], [105.178, -4.297], [105.162, -4.302], [105.156, -4.295]]]}}, {"type": "Feature", "properties": {"domain_id": "1813052008", "name": "PENGGAWA V TENGAH"}, "geometry": {"type": "Polygon", "coordinates": [[[104.003, -5.098], [104.012, -5.08], [104.0, -5.083], [103.958, -5.129], [103.934, -5.139], [103.927, -5.145], [103.933, -5.158], [103.931, -5.149], [103.937, -5.141], [103.983, -5.112], [104.0, -5.092], [104.003, -5.098]]]}}, {"type": "Feature", "properties": {"domain_id": "1813112002", "name": "TANJUNG KEMALA"}, "geometry": {"type": "Polygon", "coordinates": [[[104.383, -5.577], [104.371, -5.585], [104.374, -5.579], [104.368, -5.574], [104.367, -5.582], [104.358, -5.584], [104.367, -5.587], [104.367, -5.606], [104.379, -5.617], [104.376, -5.624], [104.386, -5.61], [104.385, -5.593], [104.392, -5.589], [104.383, -5.577]]]}}, {"type": "Feature", "properties": {"domain_id": "1813112009", "name": "SUKA NEGERI"}, "geometry": {"type": "Polygon", "coordinates": [[[104.374, -5.629], [104.362, -5.618], [104.343, -5.621], [104.343, -5.633], [104.329, -5.656], [104.363, -5.67], [104.374, -5.629]]]}}, {"type": "Feature", "properties": {"domain_id": "1871011003", "name": "KEDATON"}, "geometry": {"type": "Polygon", "coordinates": [[[105.265, -5.38], [105.255, -5.387], [105.27, -5.387], [105.272, -5.381], [105.265, -5.38]]]}}, {"type": "Feature", "properties": {"domain_id": "1871141002", "name": "LABUHAN RATU RAYA"}, "geometry": {"type": "Polygon", "coordinates": [[[105.257, -5.377], [105.252, -5.372], [105.247, -5.384], [105.259, -5.383], [105.257, -5.377]]]}}, {"type": "Feature", "properties": {"domain_id": "1871051002", "name": "KOTA BARU"}, "geometry": {"type": "Polygon", "coordinates": [[[105.279, -5.416], [105.261, -5.414], [105.273, -5.422], [105.279, -5.416]]]}}, {"type": "Feature", "properties": {"domain_id": "1872021004", "name": "PURWOASRI"}, "geometry": {"type": "Polygon", "coordinates": [[[105.315, -5.073], [105.309, -5.069], [105.315, -5.066], [105.317, -5.055], [105.307, -5.061], [105.3, -5.079], [105.312, -5.084], [105.318, -5.076], [105.315, -5.073]]]}}, {"type": "Feature", "properties": {"domain_id": "1804232006", "name": "GUNUNG RATU"}, "geometry": {"type": "Polygon", "coordinates": [[[104.277, -5.203], [104.272, -5.196], [104.268, -5.214], [104.259, -5.22], [104.285, -5.246], [104.296, -5.241], [104.295, -5.233], [104.277, -5.203]]]}}, {"type": "Feature", "properties": {"domain_id": "1806032005", "name": "WONOSOBO"}, "geometry": {"type": "Polygon", "coordinates": [[[104.539, -5.472], [104.534, -5.479], [104.542, -5.486], [104.539, -5.472]]]}}, {"type": "Feature", "properties": {"domain_id": "1802032008", "name": "KURIPAN"}, "geometry": {"type": "Polygon", "coordinates": [[[104.997, -4.999], [104.972, -5.016], [104.968, -5.062], [104.983, -5.047], [104.991, -5.052], [104.996, -5.045], [105.004, -5.049], [105.005, -5.029], [104.997, -4.999]]]}}, {"type": "Feature", "properties": {"domain_id": "1802042012", "name": "WONO SARI"}, "geometry": {"type": "Polygon", "coordinates": [[[105.176, -5.027], [105.166, -5.033], [105.168, -5.038], [105.149, -5.037], [105.156, -5.066], [105.175, -5.068], [105.176, -5.059], [105.186, -5.056], [105.188, -5.05], [105.178, -5.05], [105.171, -5.033], [105.176, -5.027]]]}}, {"type": "Feature", "properties": {"domain_id": "1802071004", "name": "YUKUM JAYA"}, "geometry": {"type": "Polygon", "coordinates": [[[105.221, -4.91], [105.221, -4.901], [105.2, -4.903], [105.203, -4.932], [105.221, -4.931], [105.221, -4.91]]]}}, {"type": "Feature", "properties": {"domain_id": "1802212007", "name": "NEGARA BUMI UDIK"}, "geometry": {"type": "Polygon", "coordinates": [[[105.032, -4.964], [105.004, -4.955], [104.991, -4.967], [104.987, -4.98], [105.005, -4.972], [105.015, -4.981], [105.008, -4.985], [105.018, -4.997], [105.023, -5.028], [105.032, -4.985], [105.021, -4.971], [105.032, -4.964]]]}}, {"type": "Feature", "properties": {"domain_id": "1802232002", "name": "SAPTO MULYO"}, "geometry": {"type": "Polygon", "coordinates": [[[105.324, -5.033], [105.336, -5.024], [105.336, -5.013], [105.311, -5.028], [105.301, -5.052], [105.324, -5.033]]]}}, {"type": "Feature", "properties": {"domain_id": "1803032004", "name": "SINAR GALIH"}, "geometry": {"type": "Polygon", "coordinates": [[[104.768, -4.727], [104.744, -4.738], [104.725, -4.737], [104.722, -4.747], [104.734, -4.746], [104.739, -4.76], [104.769, -4.736], [104.768, -4.727]]]}}, {"type": "Feature", "properties": {"domain_id": "1803132001", "name": "SUKA MAJU"}, "geometry": {"type": "Polygon", "coordinates": [[[105.015, -4.831], [104.998, -4.825], [104.988, -4.85], [104.978, -4.849], [104.976, -4.872], [104.99, -4.878], [105.005, -4.864], [105.006, -4.855], [105.03, -4.836], [105.015, -4.831]]]}}, {"type": "Feature", "properties": {"domain_id": "1809022018", "name": "KARANG REJO"}, "geometry": {"type": "Polygon", "coordinates": [[[105.087, -5.334], [105.061, -5.337], [105.089, -5.345], [105.093, -5.334], [105.087, -5.334]]]}}, {"type": "Feature", "properties": {"domain_id": "1803132006", "name": "SIDO RAHAYU"}, "geometry": {"type": "Polygon", "coordinates": [[[105.097, -4.809], [105.086, -4.808], [105.073, -4.818], [105.072, -4.831], [105.05, -4.861], [105.049, -4.874], [105.07, -4.862], [105.097, -4.809]]]}}, {"type": "Feature", "properties": {"domain_id": "1803232003", "name": "JAGANG"}, "geometry": {"type": "Polygon", "coordinates": [[[104.969, -4.901], [104.964, -4.901], [104.968, -4.922], [104.985, -4.924], [105.007, -4.916], [105.003, -4.906], [104.99, -4.903], [104.98, -4.908], [104.969, -4.901]]]}}, {"type": "Feature", "properties": {"domain_id": "1807022002", "name": "MUARA GADING MAS"}, "geometry": {"type": "Polygon", "coordinates": [[[105.824, -5.312], [105.809, -5.342], [105.804, -5.383], [105.82, -5.385], [105.818, -5.343], [105.824, -5.312]]]}}, {"type": "Feature", "properties": {"domain_id": "1812052009", "name": "WONO REJO"}, "geometry": {"type": "Polygon", "coordinates": [[[105.16, -4.214], [105.155, -4.216], [105.145, -4.204], [105.129, -4.216], [105.145, -4.222], [105.145, -4.242], [105.151, -4.241], [105.16, -4.214]]]}}, {"type": "Feature", "properties": {"domain_id": "1807062009", "name": "BANJAREJO"}, "geometry": {"type": "Polygon", "coordinates": [[[105.35, -5.108], [105.328, -5.121], [105.324, -5.135], [105.336, -5.136], [105.35, -5.108]]]}}, {"type": "Feature", "properties": {"domain_id": "1809042008", "name": "GEDONG DALAM"}, "geometry": {"type": "MultiPolygon", "coordinates": [[[[105.025, -5.416], [105.017, -5.421], [105.02, -5.427], [105.037, -5.422], [105.025, -5.416]]], [[[105.036, -5.408], [105.035, -5.407], [105.035, -5.409], [105.036, -5.408]]], [[[105.026, -5.408], [105.019, -5.406], [105.022, -5.41], [105.026, -5.408]]]]}}, {"type": "Feature", "properties": {"domain_id": "1808052009", "name": "BUMI AGUNG WATES"}, "geometry": {"type": "Polygon", "coordinates": [[[104.624, -4.213], [104.599, -4.233], [104.611, -4.243], [104.608, -4.25], [104.619, -4.252], [104.627, -4.236], [104.621, -4.226], [104.628, -4.22], [104.624, -4.213]]]}}, {"type": "Feature", "properties": {"domain_id": "1809022013", "name": "TRESNO MAJU"}, "geometry": {"type": "Polygon", "coordinates": [[[105.115, -5.248], [105.111, -5.239], [105.097, -5.239], [105.092, -5.252], [105.079, -5.262], [105.075, -5.281], [105.088, -5.29], [105.097, -5.287], [105.098, -5.277], [105.108, -5.267], [105.107, -5.254], [105.115, -5.248]]]}}, {"type": "Feature", "properties": {"domain_id": "1813042004", "name": "KERBANG DALAM"}, "geometry": {"type": "Polygon", "coordinates": [[[103.809, -4.997], [103.788, -5.013], [103.779, -5.031], [103.784, -5.032], [103.809, -4.997]]]}}, {"type": "Feature", "properties": {"domain_id": "1809042007", "name": "TANJUNG AGUNG"}, "geometry": {"type": "Polygon", "coordinates": [[[105.039, -5.422], [105.034, -5.426], [105.039, -5.449], [105.057, -5.454], [105.076, -5.47], [105.102, -5.503], [105.118, -5.506], [105.134, -5.485], [105.151, -5.475], [105.16, -5.477], [105.154, -5.461], [105.159, -5.434], [105.136, -5.455], [105.125, -5.457], [105.098, -5.439], [105.089, -5.439], [105.089, -5.45], [105.081, -5.44], [105.067, -5.444], [105.063, -5.422], [105.051, -5.434], [105.039, -5.422]]]}}, {"type": "Feature", "properties": {"domain_id": "1871071001", "name": "PESAWAHAN"}, "geometry": {"type": "Polygon", "coordinates": [[[105.267, -5.449], [105.26, -5.446], [105.257, -5.451], [105.267, -5.461], [105.267, -5.449]]]}}, {"type": "Feature", "properties": {"domain_id": "1871201002", "name": "BUMI WARAS"}, "geometry": {"type": "Polygon", "coordinates": [[[105.285, -5.44], [105.276, -5.439], [105.273, -5.448], [105.283, -5.449], [105.285, -5.44]]]}}]}