{"type": "FeatureCollection", "features": [{"type": "Feature", "properties": {"domain_id": "1304122001", "name": "TANJUANG ALAM"}, "geometry": {"type": "Polygon", "coordinates": [[[100.537, -0.279], [100.512, -0.296], [100.5, -0.333], [100.484, -0.35], [100.483, -0.363], [100.496, -0.364], [100.506, -0.349], [100.527, -0.339], [100.526, -0.324], [100.55, -0.31], [100.552, -0.281], [100.545, -0.284], [100.537, -0.279]]]}}, {"type": "Feature", "properties": {"domain_id": "1305052003", "name": "LURAH AMPALU"}, "geometry": {"type": "Polygon", "coordinates": [[[100.167, -0.537], [100.159, -0.537], [100.153, -0.57], [100.142, -0.585], [100.169, -0.601], [100.181, -0.586], [100.167, -0.576], [100.168, -0.566], [100.191, -0.564], [100.2, -0.556], [100.178, -0.549], [100.167, -0.537]]]}}, {"type": "Feature", "properties": {"domain_id": "1305092001", "name": "III KOTO AUR MALINTANG"}, "geometry": {"type": "Polygon", "coordinates": [[[100.107, -0.346], [100.073, -0.35], [100.072, -0.345], [100.06, -0.345], [100.036, -0.355], [100.046, -0.364], [99.996, -0.36], [99.985, -0.372], [99.994, -0.383], [100.003, -0.375], [100.027, -0.375], [100.029, -0.383], [100.053, -0.384], [100.069, -0.377], [100.158, -0.368], [100.151, -0.348], [100.126, -0.354], [100.108, -0.352], [100.107, -0.346]]]}}, {"type": "Feature", "properties": {"domain_id": "1306062001", "name": "PADANG LUA"}, "geometry": {"type": "Polygon", "coordinates": [[[100.373, -0.341], [100.365, -0.352], [100.371, -0.356], [100.379, -0.348], [100.373, -0.341]]]}}, {"type": "Feature", "properties": {"domain_id": "1306122004", "name": "BATU PALANO"}, "geometry": {"type": "Polygon", "coordinates": [[[100.467, -0.39], [100.418, -0.372], [100.396, -0.378], [100.402, -0.39], [100.467, -0.39]]]}}, {"type": "Feature", "properties": {"domain_id": "1307012003", "name": "TANJUANG BUNGO"}, "geometry": {"type": "Polygon", "coordinates": [[[100.458, -0.052], [100.436, -0.053], [100.418, -0.046], [100.422, -0.072], [100.436, -0.071], [100.451, -0.058], [100.473, -0.064], [100.462, -0.05], [100.458, -0.052]]]}}, {"type": "Feature", "properties": {"domain_id": "1307022002", "name": "VII KOTO TALAGO"}, "geometry": {"type": "Polygon", "coordinates": [[[100.52, -0.056], [100.511, -0.115], [100.527, -0.13], [100.541, -0.117], [100.547, -0.122], [100.547, -0.104], [100.539, -0.096], [100.548, -0.065], [100.52, -0.056]]]}}, {"type": "Feature", "properties": {"domain_id": "1307042001", "name": "TJ. HARO SIKABU-KABU PD. PANJANG"}, "geometry": {"type": "MultiPolygon", "coordinates": [[[[100.644, -0.256], [100.65, -0.277], [100.644, -0.277], [100.653, -0.284], [100.67, -0.328], [100.674, -0.325], [100.67, -0.272], [100.663, -0.261], [100.666, -0.247], [100.653, -0.244], [100.644, -0.256]]]]}}, {"type": "Feature", "properties": {"domain_id": "1307082002", "name": "KOTO TINGGI"}, "geometry": {"type": "Polygon", "coordinates": [[[100.393, -0.032], [100.378, -0.032], [100.376, -0.013], [100.345, 0.032], [100.267, -0.02], [100.265, -0.032], [100.275, -0.038], [100.301, -0.038], [100.317, -0.047], [100.326, -0.057], [100.333, -0.082], [100.343, -0.093], [100.354, -0.095], [100.378, -0.074], [100.375, -0.065], [100.396, -0.055], [100.404, -0.036], [100.393, -0.032]]]}}, {"type": "Feature", "properties": {"domain_id": "1307112001", "name": "JOPANG MANGANTI"}, "geometry": {"type": "Polygon", "coordinates": [[[100.569, -0.089], [100.544, -0.084], [100.539, -0.096], [100.552, -0.117], [100.558, -0.108], [100.568, -0.113], [100.563, -0.094], [100.569, -0.089]]]}}, {"type": "Feature", "properties": {"domain_id": "1307122005", "name": "KOTO TANGAH"}, "geometry": {"type": "Polygon", "coordinates": [[[100.475, -0.022], [100.453, -0.016], [100.442, -0.023], [100.427, -0.023], [100.426, -0.032], [100.413, -0.038], [100.414, -0.049], [100.458, -0.052], [100.472, -0.04], [100.479, -0.026], [100.475, -0.022]]]}}, {"type": "Feature", "properties": {"domain_id": "1308042001", "name": "LIMO KOTO"}, "geometry": {"type": "Polygon", "coordinates": [[[100.202, -0.107], [100.213, -0.07], [100.246, -0.074], [100.265, -0.032], [100.243, -0.038], [100.222, -0.054], [100.198, -0.058], [100.196, -0.086], [100.188, -0.091], [100.202, -0.112], [100.202, -0.107]]]}}, {"type": "Feature", "properties": {"domain_id": "1311042001", "name": "LUBUK MALAKO"}, "geometry": {"type": "Polygon", "coordinates": [[[101.397, -1.436], [101.386, -1.427], [101.348, -1.429], [101.353, -1.434], [101.348, -1.447], [101.334, -1.452], [101.357, -1.484], [101.378, -1.501], [101.384, -1.527], [101.412, -1.536], [101.414, -1.525], [101.435, -1.513], [101.425, -1.493], [101.43, -1.434], [101.412, -1.442], [101.397, -1.436]]]}}, {"type": "Feature", "properties": {"domain_id": "1312042001", "name": "KAJAI"}, "geometry": {"type": "Polygon", "coordinates": [[[99.961, 0.22], [99.947, 0.221], [99.931, 0.207], [99.92, 0.204], [99.902, 0.223], [99.888, 0.219], [99.888, 0.214], [99.868, 0.218], [99.869, 0.194], [99.888, 0.182], [99.892, 0.165], [99.925, 0.143], [99.932, 0.13], [99.989, 0.078], [99.999, 0.093], [100.022, 0.108], [100.042, 0.145], [100.004, 0.149], [100.009, 0.155], [99.998, 0.166], [100.0, 0.182], [99.962, 0.185], [99.953, 0.212], [99.961, 0.22]]]}}, {"type": "Feature", "properties": {"domain_id": "1371091003", "name": "LUBUK LINTAH"}, "geometry": {"type": "Polygon", "coordinates": [[[100.385, -0.917], [100.376, -0.917], [100.385, -0.925], [100.38, -0.93], [100.394, -0.929], [100.395, -0.922], [100.385, -0.917]]]}}, {"type": "Feature", "properties": {"domain_id": "1371111006", "name": "KOTO PULAI"}, "geometry": {"type": "Polygon", "coordinates": [[[100.351, -0.839], [100.338, -0.837], [100.34, -0.848], [100.351, -0.856], [100.365, -0.843], [100.351, -0.839]]]}}, {"type": "Feature", "properties": {"domain_id": "1371111012", "name": "PARUPUK TABING"}, "geometry": {"type": "Polygon", "coordinates": [[[100.359, -0.875], [100.35, -0.865], [100.34, -0.867], [100.337, -0.873], [100.343, -0.891], [100.359, -0.889], [100.359, -0.875]]]}}, {"type": "Feature", "properties": {"domain_id": "1375011001", "name": "TAROK DIPO"}, "geometry": {"type": "Polygon", "coordinates": [[[100.383, -0.307], [100.371, -0.309], [100.389, -0.318], [100.383, -0.307]]]}}, {"type": "Feature", "properties": {"domain_id": "1376011020", "name": "LABUAH BASILANG"}, "geometry": {"type": "Polygon", "coordinates": [[[100.641, -0.233], [100.638, -0.23], [100.636, -0.237], [100.641, -0.233]]]}}, {"type": "Feature", "properties": {"domain_id": "1376041002", "name": "PARIT MUKO AIE"}, "geometry": {"type": "Polygon", "coordinates": [[[100.625, -0.202], [100.631, -0.194], [100.614, -0.203], [100.615, -0.211], [100.625, -0.202]]]}}, {"type": "Feature", "properties": {"domain_id": "1377011004", "name": "PASIR"}, "geometry": {"type": "MultiPolygon", "coordinates": [[[[100.114, -0.623], [100.118, -0.631], [100.117, -0.623], [100.114, -0.623]]], [[[100.1, -0.634], [100.1, -0.632], [100.098, -0.633], [100.1, -0.634]]]]}}, {"type": "Feature", "properties": {"domain_id": "1306042004", "name": "LAWANG"}, "geometry": {"type": "Polygon", "coordinates": [[[100.254, -0.248], [100.247, -0.246], [100.232, -0.259], [100.237, -0.283], [100.253, -0.283], [100.282, -0.27], [100.262, -0.261], [100.254, -0.248]]]}}, {"type": "Feature", "properties": {"domain_id": "1306052004", "name": "KOTO TUO"}, "geometry": {"type": "Polygon", "coordinates": [[[100.354, -0.333], [100.343, -0.326], [100.337, -0.336], [100.333, -0.383], [100.359, -0.339], [100.354, -0.333]]]}}, {"type": "Feature", "properties": {"domain_id": "1307102004", "name": "SITUJUAH BANDA DALAM"}, "geometry": {"type": "Polygon", "coordinates": [[[100.608, -0.267], [100.602, -0.27], [100.597, -0.264], [100.587, -0.274], [100.616, -0.296], [100.617, -0.307], [100.661, -0.334], [100.664, -0.33], [100.629, -0.304], [100.608, -0.267]]]}}, {"type": "Feature", "properties": {"domain_id": "1309022002", "name": "BERIULOU"}, "geometry": {"type": "MultiPolygon", "coordinates": [[[[99.656, -2.266], [99.661, -2.284], [99.707, -2.311], [99.713, -2.329], [99.73, -2.333], [99.744, -2.348], [99.759, -2.341], [99.783, -2.344], [99.794, -2.359], [99.803, -2.334], [99.792, -2.314], [99.775, -2.321], [99.764, -2.3], [99.751, -2.291], [99.74, -2.294], [99.727, -2.282], [99.698, -2.292], [99.686, -2.286], [99.684, -2.276], [99.673, -2.278], [99.656, -2.266]]], [[[99.74, -2.372], [99.738, -2.372], [99.741, -2.372], [99.74, -2.372]]], [[[99.749, -2.37], [99.741, -2.374], [99.746, -2.374], [99.749, -2.37]]], [[[99.718, -2.358], [99.711, -2.36], [99.711, -2.376], [99.722, -2.384], [99.732, -2.381], [99.738, -2.394], [99.747, -2.384], [99.745, -2.378], [99.734, -2.388], [99.738, -2.37], [99.718, -2.358]]], [[[99.723, -2.338], [99.721, -2.339], [99.722, -2.339], [99.723, -2.338]]]]}}, {"type": "Feature", "properties": {"domain_id": "1308142002", "name": "TARUANG TARUANG"}, "geometry": {"type": "Polygon", "coordinates": [[[100.031, 0.563], [100.018, 0.564], [100.011, 0.553], [99.997, 0.551], [99.973, 0.533], [99.956, 0.53], [99.95, 0.524], [99.961, 0.513], [99.944, 0.51], [99.918, 0.486], [99.931, 0.474], [99.958, 0.474], [99.98, 0.505], [100.038, 0.514], [100.047, 0.537], [100.056, 0.543], [100.031, 0.563]]]}}, {"type": "Feature", "properties": {"domain_id": "1310062003", "name": "TABEK"}, "geometry": {"type": "Polygon", "coordinates": [[[101.628, -0.951], [101.642, -0.924], [101.653, -0.915], [101.631, -0.884], [101.626, -0.89], [101.621, -0.887], [101.605, -0.907], [101.564, -0.912], [101.587, -0.927], [101.615, -0.935], [101.622, -0.94], [101.615, -0.947], [101.628, -0.951]]]}}, {"type": "Feature", "properties": {"domain_id": "1308192003", "name": "TANJUNG BETUNG"}, "geometry": {"type": "Polygon", "coordinates": [[[100.096, 0.509], [100.06, 0.505], [100.052, 0.491], [100.027, 0.491], [100.019, 0.47], [100.004, 0.463], [100.011, 0.459], [100.11, 0.479], [100.115, 0.483], [100.096, 0.509]]]}}, {"type": "Feature", "properties": {"domain_id": "1309032003", "name": "MAILEPPET"}, "geometry": {"type": "MultiPolygon", "coordinates": [[[[99.185, -1.534], [99.164, -1.536], [99.182, -1.56], [99.184, -1.575], [99.204, -1.59], [99.215, -1.591], [99.208, -1.577], [99.198, -1.579], [99.194, -1.567], [99.195, -1.558], [99.209, -1.55], [99.193, -1.544], [99.194, -1.535], [99.185, -1.534]]], [[[99.205, -1.56], [99.204, -1.559], [99.198, -1.566], [99.205, -1.56]]]]}}, {"type": "Feature", "properties": {"domain_id": "1309072003", "name": "SALIGUMA"}, "geometry": {"type": "MultiPolygon", "coordinates": [[[[99.072, -1.396], [99.058, -1.397], [99.065, -1.42], [99.06, -1.434], [99.054, -1.436], [99.045, -1.428], [99.036, -1.434], [99.027, -1.426], [99.003, -1.431], [98.982, -1.451], [98.976, -1.447], [98.959, -1.477], [98.987, -1.491], [98.995, -1.488], [99.011, -1.496], [99.012, -1.504], [99.035, -1.493], [99.052, -1.515], [99.064, -1.497], [99.084, -1.493], [99.096, -1.477], [99.1, -1.504], [99.112, -1.514], [99.138, -1.513], [99.162, -1.535], [99.182, -1.531], [99.194, -1.535], [99.194, -1.542], [99.202, -1.539], [99.207, -1.527], [99.197, -1.51], [99.185, -1.521], [99.18, -1.504], [99.173, -1.505], [99.171, -1.498], [99.148, -1.485], [99.114, -1.441], [99.12, -1.441], [99.116, -1.436], [99.142, -1.461], [99.147, -1.457], [99.168, -1.471], [99.161, -1.445], [99.153, -1.446], [99.146, -1.436], [99.137, -1.441], [99.124, -1.435], [99.107, -1.423], [99.101, -1.408], [99.072, -1.396]]], [[[99.197, -1.509], [99.196, -1.509], [99.197, -1.51], [99.197, -1.509]]], [[[99.181, -1.489], [99.18, -1.495], [99.187, -1.497], [99.181, -1.489]]], [[[99.178, -1.484], [99.177, -1.483], [99.177, -1.485], [99.178, -1.484]]], [[[99.16, -1.481], [99.16, -1.48], [99.159, -1.48], [99.16, -1.481]]], [[[99.176, -1.481], [99.173, -1.473], [99.169, -1.481], [99.175, -1.489], [99.176, -1.481]]], [[[99.171, -1.47], [99.17, -1.469], [99.17, -1.47], [99.171, -1.47]]]]}}, {"type": "Feature", "properties": {"domain_id": "1310062004", "name": "PANYUBARANGAN"}, "geometry": {"type": "Polygon", "coordinates": [[[101.675, -0.843], [101.643, -0.824], [101.623, -0.865], [101.626, -0.88], [101.651, -0.905], [101.653, -0.915], [101.642, -0.924], [101.628, -0.961], [101.642, -0.968], [101.652, -0.959], [101.666, -0.974], [101.667, -0.987], [101.674, -0.99], [101.696, -0.983], [101.698, -0.965], [101.686, -0.948], [101.693, -0.944], [101.689, -0.94], [101.714, -0.9], [101.732, -0.898], [101.736, -0.883], [101.732, -0.871], [101.713, -0.87], [101.711, -0.859], [101.675, -0.843]]]}}, {"type": "Feature", "properties": {"domain_id": "1310092004", "name": "SOPAN JAYA"}, "geometry": {"type": "Polygon", "coordinates": [[[101.742, -0.949], [101.725, -0.951], [101.699, -0.938], [101.715, -0.909], [101.732, -0.898], [101.714, -0.9], [101.689, -0.94], [101.7, -0.951], [101.722, -0.952], [101.726, -0.96], [101.737, -0.96], [101.733, -0.98], [101.747, -0.983], [101.75, -1.004], [101.739, -1.018], [101.737, -1.036], [101.757, -1.037], [101.774, -1.063], [101.787, -1.063], [101.792, -1.069], [101.813, -1.07], [101.825, -1.064], [101.826, -1.038], [101.819, -1.03], [101.823, -1.007], [101.815, -1.002], [101.824, -0.978], [101.803, -0.964], [101.754, -0.975], [101.742, -0.949]]]}}, {"type": "Feature", "properties": {"domain_id": "1310102003", "name": "LUBUK BESAR"}, "geometry": {"type": "Polygon", "coordinates": [[[101.604, -1.56], [101.596, -1.542], [101.625, -1.498], [101.56, -1.446], [101.557, -1.462], [101.535, -1.485], [101.527, -1.486], [101.541, -1.514], [101.526, -1.529], [101.51, -1.573], [101.488, -1.579], [101.473, -1.592], [101.432, -1.639], [101.427, -1.678], [101.437, -1.696], [101.453, -1.683], [101.477, -1.677], [101.49, -1.657], [101.487, -1.648], [101.523, -1.636], [101.541, -1.608], [101.566, -1.588], [101.568, -1.579], [101.587, -1.578], [101.604, -1.56]]]}}, {"type": "Feature", "properties": {"domain_id": "1311012002", "name": "LUBUK GADANG TIMUR"}, "geometry": {"type": "Polygon", "coordinates": [[[101.383, -1.518], [101.373, -1.514], [101.372, -1.521], [101.363, -1.522], [101.349, -1.547], [101.332, -1.536], [101.308, -1.538], [101.302, -1.547], [101.286, -1.547], [101.28, -1.554], [101.273, -1.556], [101.27, -1.55], [101.263, -1.556], [101.259, -1.553], [101.268, -1.578], [101.271, -1.572], [101.285, -1.572], [101.284, -1.594], [101.313, -1.581], [101.301, -1.613], [101.304, -1.634], [101.293, -1.64], [101.297, -1.652], [101.292, -1.67], [101.27, -1.695], [101.31, -1.701], [101.331, -1.695], [101.337, -1.681], [101.373, -1.675], [101.391, -1.69], [101.402, -1.685], [101.396, -1.67], [101.385, -1.661], [101.379, -1.632], [101.383, -1.6], [101.398, -1.584], [101.404, -1.547], [101.413, -1.537], [101.387, -1.53], [101.383, -1.518]]]}}, {"type": "Feature", "properties": {"domain_id": "1311022012", "name": "PASIR TALANG SELATAN"}, "geometry": {"type": "Polygon", "coordinates": [[[101.203, -1.425], [101.211, -1.408], [101.071, -1.449], [101.051, -1.459], [101.035, -1.482], [101.051, -1.483], [101.065, -1.47], [101.088, -1.468], [101.129, -1.449], [101.178, -1.439], [101.203, -1.425]]]}}, {"type": "Feature", "properties": {"domain_id": "1371021008", "name": "KUBU DALAM PARAK KARAKAH"}, "geometry": {"type": "Polygon", "coordinates": [[[100.39, -0.94], [100.382, -0.946], [100.392, -0.954], [100.401, -0.951], [100.39, -0.94]]]}}, {"type": "Feature", "properties": {"domain_id": "1302092007", "name": "GUGUAK SARAI"}, "geometry": {"type": "Polygon", "coordinates": [[[100.707, -0.764], [100.7, -0.758], [100.699, -0.738], [100.683, -0.743], [100.685, -0.764], [100.703, -0.784], [100.707, -0.764]]]}}, {"type": "Feature", "properties": {"domain_id": "1301122001", "name": "PULUIK-PULUIK"}, "geometry": {"type": "Polygon", "coordinates": [[[100.617, -1.191], [100.598, -1.177], [100.576, -1.145], [100.563, -1.16], [100.582, -1.193], [100.58, -1.203], [100.6, -1.222], [100.629, -1.207], [100.617, -1.191]]]}}, {"type": "Feature", "properties": {"domain_id": "1371061015", "name": "KAMPUNG JUA NAN XX"}, "geometry": {"type": "Polygon", "coordinates": [[[100.424, -0.959], [100.411, -0.96], [100.409, -0.966], [100.424, -0.983], [100.431, -0.983], [100.424, -0.959]]]}}, {"type": "Feature", "properties": {"domain_id": "1371081005", "name": "CUPAK TANGAH"}, "geometry": {"type": "Polygon", "coordinates": [[[100.435, -0.936], [100.433, -0.924], [100.424, -0.927], [100.43, -0.948], [100.436, -0.945], [100.435, -0.936]]]}}, {"type": "Feature", "properties": {"domain_id": "1371111001", "name": "BALAI GADANG"}, "geometry": {"type": "Polygon", "coordinates": [[[100.37, -0.839], [100.393, -0.835], [100.409, -0.808], [100.439, -0.799], [100.447, -0.773], [100.446, -0.734], [100.385, -0.756], [100.367, -0.8], [100.334, -0.801], [100.345, -0.827], [100.354, -0.83], [100.351, -0.839], [100.37, -0.839]]]}}, {"type": "Feature", "properties": {"domain_id": "1371111003", "name": "AIE PACAH"}, "geometry": {"type": "Polygon", "coordinates": [[[100.391, -0.872], [100.388, -0.852], [100.38, -0.847], [100.375, -0.885], [100.391, -0.872]]]}}, {"type": "Feature", "properties": {"domain_id": "1373012009", "name": "KUBANG TANGAH"}, "geometry": {"type": "Polygon", "coordinates": [[[100.774, -0.697], [100.769, -0.689], [100.752, -0.689], [100.748, -0.682], [100.743, -0.687], [100.748, -0.711], [100.742, -0.715], [100.753, -0.714], [100.762, -0.702], [100.768, -0.708], [100.774, -0.697]]]}}, {"type": "Feature", "properties": {"domain_id": "1374021002", "name": "PASAR USANG"}, "geometry": {"type": "Polygon", "coordinates": [[[100.401, -0.462], [100.395, -0.454], [100.395, -0.463], [100.401, -0.462]]]}}, {"type": "Feature", "properties": {"domain_id": "1375011004", "name": "AUR TAJUNGKANG TANGAH SAWAH"}, "geometry": {"type": "Polygon", "coordinates": [[[100.372, -0.3], [100.37, -0.307], [100.377, -0.309], [100.372, -0.3]]]}}, {"type": "Feature", "properties": {"domain_id": "1375031004", "name": "SAPIRAN"}, "geometry": {"type": "Polygon", "coordinates": [[[100.377, -0.314], [100.371, -0.313], [100.373, -0.318], [100.377, -0.314]]]}}, {"type": "Feature", "properties": {"domain_id": "1376031005", "name": "SICINCIN"}, "geometry": {"type": "Polygon", "coordinates": [[[100.646, -0.235], [100.637, -0.242], [100.642, -0.257], [100.654, -0.246], [100.646, -0.235]]]}}, {"type": "Feature", "properties": {"domain_id": "1377022007", "name": "TANJUNG SABAR"}, "geometry": {"type": "Polygon", "coordinates": [[[100.119, -0.589], [100.112, -0.593], [100.12, -0.6], [100.126, -0.59], [100.119, -0.589]]]}}, {"type": "Feature", "properties": {"domain_id": "1377022018", "name": "SINTUK"}, "geometry": {"type": "Polygon", "coordinates": [[[100.11, -0.57], [100.108, -0.561], [100.1, -0.564], [100.106, -0.575], [100.11, -0.57]]]}}, {"type": "Feature", "properties": {"domain_id": "1377032011", "name": "MARABAU"}, "geometry": {"type": "Polygon", "coordinates": [[[100.157, -0.631], [100.141, -0.641], [100.156, -0.64], [100.157, -0.631]]]}}, {"type": "Feature", "properties": {"domain_id": "1377032012", "name": "BATANG TAJONGKEK"}, "geometry": {"type": "Polygon", "coordinates": [[[100.173, -0.639], [100.166, -0.634], [100.166, -0.642], [100.172, -0.645], [100.173, -0.639]]]}}, {"type": "Feature", "properties": {"domain_id": "1377032020", "name": "PUNGGUNG LADING"}, "geometry": {"type": "Polygon", "coordinates": [[[100.177, -0.607], [100.169, -0.601], [100.172, -0.605], [100.165, -0.617], [100.182, -0.616], [100.177, -0.607]]]}}, {"type": "Feature", "properties": {"domain_id": "1304072003", "name": "TANJUNG"}, "geometry": {"type": "Polygon", "coordinates": [[[100.647, -0.351], [100.633, -0.351], [100.602, -0.381], [100.6, -0.392], [100.626, -0.411], [100.647, -0.351]]]}}, {"type": "Feature", "properties": {"domain_id": "1302122005", "name": "KATIALO"}, "geometry": {"type": "Polygon", "coordinates": [[[100.684, -0.679], [100.678, -0.684], [100.671, -0.675], [100.669, -0.711], [100.683, -0.709], [100.688, -0.688], [100.684, -0.679]]]}}, {"type": "Feature", "properties": {"domain_id": "1304082004", "name": "TALANG TANGAH"}, "geometry": {"type": "Polygon", "coordinates": [[[100.544, -0.423], [100.521, -0.411], [100.505, -0.41], [100.515, -0.424], [100.545, -0.438], [100.552, -0.429], [100.544, -0.423]]]}}, {"type": "Feature", "properties": {"domain_id": "1301012005", "name": "KUDO-KUDO INDERAPURA"}, "geometry": {"type": "Polygon", "coordinates": [[[100.987, -2.002], [100.97, -2.008], [100.975, -2.012], [100.962, -2.025], [100.957, -2.053], [100.966, -2.059], [100.982, -2.058], [100.984, -2.029], [100.993, -2.021], [100.987, -2.002]]]}}, {"type": "Feature", "properties": {"domain_id": "1301012010", "name": "TIGO SUNGAI INDERAPURA"}, "geometry": {"type": "Polygon", "coordinates": [[[101.012, -2.072], [101.01, -2.05], [101.022, -2.02], [100.997, -2.02], [100.984, -2.029], [100.982, -2.058], [100.997, -2.084], [101.012, -2.072]]]}}, {"type": "Feature", "properties": {"domain_id": "1301012006", "name": "INDERAPURA SELATAN"}, "geometry": {"type": "Polygon", "coordinates": [[[101.175, -1.958], [101.154, -1.923], [101.097, -1.98], [101.048, -2.057], [101.026, -2.071], [101.012, -2.072], [101.001, -2.084], [100.99, -2.083], [100.985, -2.092], [100.997, -2.089], [101.023, -2.103], [101.069, -2.097], [101.081, -2.077], [101.1, -2.076], [101.188, -2.015], [101.201, -1.999], [101.175, -1.958]]]}}, {"type": "Feature", "properties": {"domain_id": "1301012012", "name": "INDERAPURA TENGAH"}, "geometry": {"type": "Polygon", "coordinates": [[[100.935, -2.063], [100.938, -2.058], [100.926, -2.06], [100.921, -2.074], [100.94, -2.123], [100.958, -2.132], [100.966, -2.127], [100.938, -2.095], [100.931, -2.074], [100.935, -2.063]]]}}, {"type": "Feature", "properties": {"domain_id": "1301022002", "name": "SUNGAI TUNU"}, "geometry": {"type": "Polygon", "coordinates": [[[100.816, -1.816], [100.812, -1.821], [100.83, -1.839], [100.84, -1.861], [100.863, -1.828], [100.831, -1.828], [100.816, -1.816]]]}}, {"type": "Feature", "properties": {"domain_id": "1301022001", "name": "PELANGAI"}, "geometry": {"type": "Polygon", "coordinates": [[[100.846, -1.802], [100.842, -1.798], [100.851, -1.787], [100.83, -1.79], [100.813, -1.802], [100.818, -1.814], [100.846, -1.802]]]}}, {"type": "Feature", "properties": {"domain_id": "1301022003", "name": "SUNGAI TUNU UTARA"}, "geometry": {"type": "Polygon", "coordinates": [[[100.876, -1.815], [100.855, -1.815], [100.846, -1.802], [100.816, -1.816], [100.831, -1.828], [100.863, -1.828], [100.876, -1.815]]]}}, {"type": "Feature", "properties": {"domain_id": "1301022007", "name": "KOTO VIII PELANGAI"}, "geometry": {"type": "Polygon", "coordinates": [[[100.831, -1.778], [100.831, -1.771], [100.812, -1.77], [100.793, -1.775], [100.789, -1.785], [100.795, -1.797], [100.813, -1.802], [100.831, -1.789], [100.831, -1.778]]]}}, {"type": "Feature", "properties": {"domain_id": "1301022008", "name": "PELANGAI GADANG"}, "geometry": {"type": "Polygon", "coordinates": [[[101.03, -1.616], [101.013, -1.597], [100.996, -1.598], [100.983, -1.609], [100.933, -1.687], [100.907, -1.708], [100.871, -1.725], [100.849, -1.759], [100.852, -1.77], [100.831, -1.778], [100.83, -1.79], [100.864, -1.783], [100.902, -1.752], [100.964, -1.717], [101.006, -1.659], [101.045, -1.626], [101.03, -1.616]]]}}, {"type": "Feature", "properties": {"domain_id": "1301042003", "name": "TALUAK"}, "geometry": {"type": "Polygon", "coordinates": [[[100.641, -1.517], [100.638, -1.5], [100.632, -1.498], [100.626, -1.482], [100.619, -1.486], [100.614, -1.494], [100.623, -1.502], [100.621, -1.519], [100.641, -1.517]]]}}, {"type": "Feature", "properties": {"domain_id": "1301032001", "name": "KAMBANG"}, "geometry": {"type": "Polygon", "coordinates": [[[100.933, -1.421], [100.917, -1.401], [100.9, -1.398], [100.886, -1.406], [100.866, -1.434], [100.796, -1.549], [100.79, -1.609], [100.779, -1.642], [100.755, -1.655], [100.756, -1.664], [100.749, -1.673], [100.744, -1.666], [100.743, -1.672], [100.729, -1.677], [100.741, -1.695], [100.734, -1.698], [100.761, -1.696], [100.762, -1.678], [100.78, -1.667], [100.811, -1.626], [100.848, -1.551], [100.887, -1.49], [100.939, -1.446], [100.94, -1.431], [100.933, -1.421]]]}}, {"type": "Feature", "properties": {"domain_id": "1301032009", "name": "LAKITAN TENGAH"}, "geometry": {"type": "Polygon", "coordinates": [[[100.784, -1.737], [100.808, -1.725], [100.831, -1.747], [100.846, -1.75], [100.852, -1.727], [100.862, -1.718], [100.858, -1.666], [100.862, -1.652], [100.877, -1.633], [100.896, -1.626], [100.912, -1.603], [100.908, -1.59], [100.929, -1.6], [100.932, -1.594], [100.925, -1.543], [100.887, -1.561], [100.879, -1.578], [100.865, -1.583], [100.83, -1.64], [100.81, -1.653], [100.804, -1.681], [100.773, -1.695], [100.776, -1.702], [100.763, -1.714], [100.764, -1.719], [100.784, -1.737]]]}}, {"type": "Feature", "properties": {"domain_id": "1301052014", "name": "BALAI SINAYAN LUMPO"}, "geometry": {"type": "Polygon", "coordinates": [[[100.58, -1.275], [100.586, -1.263], [100.586, -1.233], [100.578, -1.235], [100.571, -1.27], [100.58, -1.275]]]}}, {"type": "Feature", "properties": {"domain_id": "1301142004", "name": "TEBING TINGGI TAPAN"}, "geometry": {"type": "Polygon", "coordinates": [[[101.109, -2.133], [101.106, -2.127], [101.117, -2.11], [101.119, -2.082], [101.086, -2.117], [101.092, -2.141], [101.103, -2.145], [101.109, -2.133]]]}}, {"type": "Feature", "properties": {"domain_id": "1301042002", "name": "IV KOTO MUDIEK"}, "geometry": {"type": "Polygon", "coordinates": [[[100.657, -1.421], [100.627, -1.407], [100.616, -1.436], [100.644, -1.433], [100.657, -1.421]]]}}, {"type": "Feature", "properties": {"domain_id": "1301042008", "name": "SUNGAI NYALO IV KOTO MUDIEK"}, "geometry": {"type": "Polygon", "coordinates": [[[100.633, -1.436], [100.616, -1.436], [100.628, -1.456], [100.637, -1.454], [100.629, -1.479], [100.651, -1.473], [100.633, -1.436]]]}}, {"type": "Feature", "properties": {"domain_id": "1301052001", "name": "PAINAN"}, "geometry": {"type": "Polygon", "coordinates": [[[100.602, -1.339], [100.579, -1.339], [100.571, -1.345], [100.577, -1.351], [100.602, -1.339]]]}}, {"type": "Feature", "properties": {"domain_id": "1301042009", "name": "TALUK TIGO SAKATO"}, "geometry": {"type": "Polygon", "coordinates": [[[100.675, -1.472], [100.626, -1.482], [100.632, -1.498], [100.638, -1.5], [100.641, -1.517], [100.652, -1.523], [100.672, -1.505], [100.675, -1.472]]]}}, {"type": "Feature", "properties": {"domain_id": "1301052002", "name": "TAMBANG"}, "geometry": {"type": "Polygon", "coordinates": [[[100.673, -1.344], [100.621, -1.31], [100.613, -1.293], [100.596, -1.299], [100.594, -1.304], [100.604, -1.303], [100.605, -1.321], [100.617, -1.325], [100.621, -1.336], [100.65, -1.345], [100.673, -1.344]]]}}, {"type": "Feature", "properties": {"domain_id": "1301052004", "name": "LUMPO"}, "geometry": {"type": "Polygon", "coordinates": [[[100.594, -1.282], [100.589, -1.232], [100.58, -1.275], [100.583, -1.284], [100.594, -1.282]]]}}, {"type": "Feature", "properties": {"domain_id": "1301052016", "name": "SUNGAI SARIAK LUMPO"}, "geometry": {"type": "Polygon", "coordinates": [[[100.561, -1.267], [100.567, -1.241], [100.545, -1.264], [100.549, -1.272], [100.561, -1.267]]]}}, {"type": "Feature", "properties": {"domain_id": "1301052009", "name": "LIMAU GADANG LUMPO"}, "geometry": {"type": "Polygon", "coordinates": [[[100.796, -1.195], [100.793, -1.183], [100.786, -1.184], [100.777, -1.172], [100.777, -1.162], [100.766, -1.158], [100.702, -1.184], [100.691, -1.197], [100.639, -1.197], [100.607, -1.22], [100.611, -1.257], [100.629, -1.27], [100.662, -1.262], [100.675, -1.243], [100.796, -1.195]]]}}, {"type": "Feature", "properties": {"domain_id": "1301052008", "name": "KOTO RAWANG"}, "geometry": {"type": "Polygon", "coordinates": [[[100.684, -1.315], [100.636, -1.302], [100.635, -1.285], [100.644, -1.264], [100.624, -1.273], [100.614, -1.285], [100.621, -1.31], [100.668, -1.342], [100.673, -1.344], [100.68, -1.333], [100.684, -1.315]]]}}, {"type": "Feature", "properties": {"domain_id": "1301052012", "name": "AMPUAN LUMPO"}, "geometry": {"type": "Polygon", "coordinates": [[[100.58, -1.275], [100.575, -1.274], [100.571, -1.292], [100.583, -1.284], [100.58, -1.275]]]}}, {"type": "Feature", "properties": {"domain_id": "1301052010", "name": "BATU KUNIK LUMPO"}, "geometry": {"type": "Polygon", "coordinates": [[[100.629, -1.27], [100.612, -1.26], [100.607, -1.22], [100.601, -1.221], [100.604, -1.266], [100.615, -1.283], [100.629, -1.27]]]}}, {"type": "Feature", "properties": {"domain_id": "1301142007", "name": "TALANG KOTO PULAI TAPAN"}, "geometry": {"type": "Polygon", "coordinates": [[[101.092, -2.149], [101.084, -2.145], [101.08, -2.149], [101.084, -2.16], [101.092, -2.157], [101.092, -2.149]]]}}, {"type": "Feature", "properties": {"domain_id": "1301062006", "name": "TALAOK"}, "geometry": {"type": "Polygon", "coordinates": [[[100.527, -1.248], [100.518, -1.254], [100.529, -1.272], [100.535, -1.26], [100.527, -1.248]]]}}, {"type": "Feature", "properties": {"domain_id": "1302092004", "name": "SUNGAI DURIAN"}, "geometry": {"type": "Polygon", "coordinates": [[[100.812, -0.821], [100.785, -0.809], [100.785, -0.824], [100.766, -0.848], [100.81, -0.843], [100.812, -0.821]]]}}, {"type": "Feature", "properties": {"domain_id": "1301062015", "name": "KAPELGAM KOTO BERAPAK"}, "geometry": {"type": "Polygon", "coordinates": [[[100.548, -1.227], [100.535, -1.229], [100.521, -1.223], [100.521, -1.229], [100.542, -1.236], [100.556, -1.25], [100.565, -1.243], [100.548, -1.227]]]}}, {"type": "Feature", "properties": {"domain_id": "1301092004", "name": "PUNGGASAN TIMUR"}, "geometry": {"type": "Polygon", "coordinates": [[[101.124, -1.678], [101.096, -1.67], [101.086, -1.69], [101.046, -1.724], [101.035, -1.744], [101.015, -1.753], [101.0, -1.773], [100.95, -1.801], [100.904, -1.853], [100.898, -1.869], [100.879, -1.873], [100.874, -1.881], [100.892, -1.894], [100.991, -1.814], [101.047, -1.784], [101.082, -1.779], [101.098, -1.771], [101.091, -1.753], [101.131, -1.709], [101.132, -1.685], [101.124, -1.678]]]}}, {"type": "Feature", "properties": {"domain_id": "1301092008", "name": "AIR HAJI TENGGARA"}, "geometry": {"type": "Polygon", "coordinates": [[[100.909, -1.92], [100.925, -1.91], [100.918, -1.875], [100.892, -1.894], [100.883, -1.895], [100.893, -1.919], [100.909, -1.92]]]}}, {"type": "Feature", "properties": {"domain_id": "1301072008", "name": "BARUNG-BARUNG BALANTAI"}, "geometry": {"type": "Polygon", "coordinates": [[[100.491, -1.108], [100.479, -1.109], [100.458, -1.126], [100.457, -1.149], [100.467, -1.155], [100.494, -1.148], [100.497, -1.127], [100.491, -1.108]]]}}, {"type": "Feature", "properties": {"domain_id": "1301072017", "name": "JINANG KAMPUNG PANSUR AMPANG PULAI"}, "geometry": {"type": "Polygon", "coordinates": [[[100.473, -1.253], [100.461, -1.247], [100.459, -1.255], [100.467, -1.26], [100.473, -1.253]]]}}, {"type": "Feature", "properties": {"domain_id": "1301072002", "name": "SUNGAI PINANG"}, "geometry": {"type": "MultiPolygon", "coordinates": [[[[100.432, -1.117], [100.397, -1.134], [100.366, -1.135], [100.356, -1.161], [100.381, -1.146], [100.385, -1.157], [100.38, -1.178], [100.419, -1.154], [100.457, -1.149], [100.458, -1.126], [100.432, -1.117]]], [[[100.34, -1.214], [100.339, -1.212], [100.339, -1.214], [100.34, -1.214]]], [[[100.34, -1.189], [100.334, -1.19], [100.327, -1.206], [100.339, -1.212], [100.34, -1.189]]], [[[100.356, -1.169], [100.356, -1.162], [100.349, -1.171], [100.356, -1.169]]], [[[100.347, -1.163], [100.352, -1.158], [100.35, -1.156], [100.347, -1.163]]]]}}, {"type": "Feature", "properties": {"domain_id": "1301092012", "name": "AIR HAJI TENGAH"}, "geometry": {"type": "Polygon", "coordinates": [[[100.909, -1.92], [100.891, -1.916], [100.883, -1.921], [100.899, -1.933], [100.907, -1.932], [100.909, -1.92]]]}}, {"type": "Feature", "properties": {"domain_id": "1301072010", "name": "MANDEH"}, "geometry": {"type": "Polygon", "coordinates": [[[100.467, -1.155], [100.457, -1.149], [100.433, -1.179], [100.414, -1.188], [100.411, -1.199], [100.417, -1.201], [100.421, -1.195], [100.432, -1.201], [100.426, -1.208], [100.429, -1.224], [100.458, -1.186], [100.479, -1.183], [100.481, -1.165], [100.467, -1.155]]]}}, {"type": "Feature", "properties": {"domain_id": "1307072002", "name": "KOTO BANGUN"}, "geometry": {"type": "Polygon", "coordinates": [[[100.553, 0.306], [100.534, 0.304], [100.533, 0.315], [100.514, 0.271], [100.51, 0.247], [100.518, 0.242], [100.519, 0.227], [100.53, 0.223], [100.533, 0.241], [100.579, 0.283], [100.553, 0.306]]]}}, {"type": "Feature", "properties": {"domain_id": "1301082005", "name": "KOTO TARATAK"}, "geometry": {"type": "Polygon", "coordinates": [[[100.641, -1.517], [100.621, -1.519], [100.624, -1.537], [100.646, -1.54], [100.656, -1.532], [100.654, -1.521], [100.641, -1.517]]]}}, {"type": "Feature", "properties": {"domain_id": "1301072014", "name": "KAMPUNG BARU KORONG NAN AMPEK"}, "geometry": {"type": "Polygon", "coordinates": [[[100.497, -1.005], [100.477, -1.005], [100.46, -1.029], [100.474, -1.052], [100.48, -1.082], [100.472, -1.1], [100.477, -1.112], [100.492, -1.106], [100.502, -1.114], [100.576, -1.111], [100.577, -1.098], [100.588, -1.085], [100.586, -1.071], [100.562, -1.074], [100.546, -1.065], [100.541, -1.078], [100.522, -1.091], [100.499, -1.088], [100.498, -1.052], [100.507, -1.029], [100.497, -1.005]]]}}, {"type": "Feature", "properties": {"domain_id": "1301082007", "name": "AUR DURI SURANTIH"}, "geometry": {"type": "Polygon", "coordinates": [[[100.661, -1.58], [100.649, -1.576], [100.65, -1.6], [100.667, -1.607], [100.676, -1.596], [100.661, -1.58]]]}}, {"type": "Feature", "properties": {"domain_id": "1301072020", "name": "BATU HAMPAR SELATAN"}, "geometry": {"type": "Polygon", "coordinates": [[[100.492, -1.249], [100.481, -1.226], [100.471, -1.232], [100.483, -1.249], [100.492, -1.249]]]}}, {"type": "Feature", "properties": {"domain_id": "1301072023", "name": "SETARA NANGGALO"}, "geometry": {"type": "Polygon", "coordinates": [[[100.478, -1.184], [100.465, -1.181], [100.433, -1.224], [100.422, -1.225], [100.435, -1.23], [100.431, -1.24], [100.435, -1.246], [100.463, -1.246], [100.48, -1.202], [100.478, -1.184]]]}}, {"type": "Feature", "properties": {"domain_id": "1301082001", "name": "TARATAK"}, "geometry": {"type": "Polygon", "coordinates": [[[100.665, -1.539], [100.658, -1.53], [100.646, -1.54], [100.624, -1.537], [100.636, -1.559], [100.651, -1.541], [100.665, -1.539]]]}}, {"type": "Feature", "properties": {"domain_id": "1301132006", "name": "LUBUK BETUNG INDERAPURA"}, "geometry": {"type": "Polygon", "coordinates": [[[101.138, -1.889], [101.138, -1.88], [101.125, -1.883], [101.082, -1.905], [101.05, -1.936], [101.028, -1.979], [100.994, -1.987], [100.987, -2.002], [100.993, -2.021], [101.022, -2.02], [101.01, -2.05], [101.012, -2.072], [101.026, -2.071], [101.048, -2.057], [101.097, -1.98], [101.154, -1.923], [101.138, -1.889]]]}}, {"type": "Feature", "properties": {"domain_id": "1301102001", "name": "LUNANG"}, "geometry": {"type": "Polygon", "coordinates": [[[101.275, -2.217], [101.269, -2.168], [101.131, -2.235], [101.083, -2.235], [101.073, -2.24], [101.068, -2.256], [101.039, -2.27], [101.02, -2.263], [101.034, -2.286], [101.055, -2.287], [101.055, -2.272], [101.075, -2.273], [101.076, -2.251], [101.106, -2.251], [101.113, -2.267], [101.175, -2.253], [101.179, -2.261], [101.216, -2.24], [101.275, -2.217]]]}}, {"type": "Feature", "properties": {"domain_id": "1301112002", "name": "PASAR TAPAN"}, "geometry": {"type": "Polygon", "coordinates": [[[101.083, -2.158], [101.082, -2.154], [101.078, -2.159], [101.083, -2.158]]]}}, {"type": "Feature", "properties": {"domain_id": "1301102018", "name": "LUNANG SATU"}, "geometry": {"type": "Polygon", "coordinates": [[[101.179, -2.261], [101.175, -2.253], [101.118, -2.264], [101.114, -2.29], [101.136, -2.289], [101.141, -2.267], [101.179, -2.261]]]}}, {"type": "Feature", "properties": {"domain_id": "1301102020", "name": "LUNANG TIGA"}, "geometry": {"type": "Polygon", "coordinates": [[[101.075, -2.273], [101.055, -2.272], [101.054, -2.314], [101.078, -2.327], [101.097, -2.329], [101.099, -2.281], [101.075, -2.28], [101.075, -2.273]]]}}, {"type": "Feature", "properties": {"domain_id": "1301122002", "name": "KOTO RANAH"}, "geometry": {"type": "Polygon", "coordinates": [[[100.624, -1.101], [100.62, -1.061], [100.594, -1.075], [100.594, -1.068], [100.586, -1.071], [100.588, -1.085], [100.577, -1.098], [100.573, -1.116], [100.576, -1.145], [100.598, -1.177], [100.617, -1.191], [100.624, -1.175], [100.611, -1.142], [100.624, -1.101]]]}}, {"type": "Feature", "properties": {"domain_id": "1301122004", "name": "PANCUANG TABA"}, "geometry": {"type": "Polygon", "coordinates": [[[100.728, -1.173], [100.721, -1.165], [100.699, -1.163], [100.685, -1.154], [100.674, -1.11], [100.653, -1.119], [100.641, -1.155], [100.64, -1.197], [100.691, -1.197], [100.702, -1.184], [100.728, -1.173]]]}}, {"type": "Feature", "properties": {"domain_id": "1301132003", "name": "DAMAR LAPAN BATANG INDERAPURA"}, "geometry": {"type": "Polygon", "coordinates": [[[100.959, -1.923], [100.932, -1.937], [100.93, -1.943], [100.93, -1.966], [100.956, -1.962], [100.957, -1.982], [100.935, -1.984], [100.939, -1.993], [100.934, -1.996], [100.914, -1.981], [100.882, -1.978], [100.887, -2.0], [100.895, -1.999], [100.895, -2.007], [100.882, -2.008], [100.882, -2.016], [100.92, -2.014], [100.925, -2.022], [100.94, -2.017], [100.954, -1.998], [100.972, -1.994], [100.98, -2.004], [100.981, -1.985], [100.968, -1.97], [100.959, -1.923]]]}}, {"type": "Feature", "properties": {"domain_id": "1301132004", "name": "LALANG PANJANG INDERAPURA"}, "geometry": {"type": "Polygon", "coordinates": [[[100.977, -2.006], [100.972, -1.994], [100.953, -1.999], [100.943, -2.013], [100.974, -2.013], [100.97, -2.008], [100.977, -2.006]]]}}, {"type": "Feature", "properties": {"domain_id": "1301132007", "name": "TLUK KUALO INDERAPURA"}, "geometry": {"type": "Polygon", "coordinates": [[[100.925, -2.022], [100.92, -2.014], [100.886, -2.015], [100.893, -2.042], [100.903, -2.042], [100.911, -2.05], [100.926, -2.044], [100.902, -2.034], [100.925, -2.022]]]}}, {"type": "Feature", "properties": {"domain_id": "1301132005", "name": "PALOKAN INDERAPURA"}, "geometry": {"type": "Polygon", "coordinates": [[[100.946, -2.014], [100.902, -2.034], [100.931, -2.046], [100.945, -2.032], [100.946, -2.014]]]}}, {"type": "Feature", "properties": {"domain_id": "1301142001", "name": "SUNGAI GAMBIR SAKO TAPAN"}, "geometry": {"type": "Polygon", "coordinates": [[[101.23, -2.051], [101.226, -2.043], [101.185, -2.065], [101.132, -2.076], [101.127, -2.113], [101.135, -2.115], [101.135, -2.141], [101.155, -2.162], [101.231, -2.139], [101.266, -2.145], [101.261, -2.102], [101.257, -2.095], [101.241, -2.098], [101.244, -2.073], [101.23, -2.051]]]}}, {"type": "Feature", "properties": {"domain_id": "1301132009", "name": "INDERAPURA TIMUR"}, "geometry": {"type": "Polygon", "coordinates": [[[100.96, -2.054], [100.958, -2.032], [100.942, -2.04], [100.955, -2.058], [100.96, -2.054]]]}}, {"type": "Feature", "properties": {"domain_id": "1301142002", "name": "LIMAU PURUT TAPAN"}, "geometry": {"type": "Polygon", "coordinates": [[[101.135, -2.141], [101.131, -2.112], [101.117, -2.127], [101.128, -2.144], [101.135, -2.141]]]}}, {"type": "Feature", "properties": {"domain_id": "1301142009", "name": "KUBU TAPAN"}, "geometry": {"type": "Polygon", "coordinates": [[[100.935, -2.154], [100.925, -2.154], [100.922, -2.176], [100.928, -2.192], [100.945, -2.199], [100.949, -2.214], [100.958, -2.217], [100.973, -2.21], [100.999, -2.223], [101.019, -2.218], [101.037, -2.223], [101.042, -2.215], [101.072, -2.218], [101.072, -2.208], [101.094, -2.208], [101.126, -2.183], [101.102, -2.166], [101.083, -2.176], [101.078, -2.193], [101.065, -2.192], [101.065, -2.187], [101.028, -2.202], [100.974, -2.167], [100.935, -2.154]]]}}, {"type": "Feature", "properties": {"domain_id": "1301152003", "name": "SUNGAI SARIK"}, "geometry": {"type": "Polygon", "coordinates": [[[101.148, -2.388], [101.13, -2.378], [101.121, -2.388], [101.116, -2.383], [101.109, -2.418], [101.148, -2.388]]]}}, {"type": "Feature", "properties": {"domain_id": "1301152006", "name": "TALANG BINJAI"}, "geometry": {"type": "Polygon", "coordinates": [[[101.109, -2.418], [101.109, -2.403], [101.094, -2.421], [101.07, -2.415], [101.081, -2.438], [101.109, -2.418]]]}}, {"type": "Feature", "properties": {"domain_id": "1301152005", "name": "PASIR BINJAI"}, "geometry": {"type": "Polygon", "coordinates": [[[101.109, -2.388], [101.072, -2.386], [101.072, -2.404], [101.092, -2.402], [101.091, -2.415], [101.078, -2.415], [101.079, -2.421], [101.094, -2.421], [101.095, -2.413], [101.113, -2.402], [101.109, -2.388]]]}}, {"type": "Feature", "properties": {"domain_id": "1301152008", "name": "LUBUK BUNTA"}, "geometry": {"type": "Polygon", "coordinates": [[[101.071, -2.387], [101.057, -2.375], [101.053, -2.415], [101.091, -2.415], [101.092, -2.402], [101.072, -2.404], [101.071, -2.387]]]}}, {"type": "Feature", "properties": {"domain_id": "1302042002", "name": "SUNGAI NANAM"}, "geometry": {"type": "Polygon", "coordinates": [[[100.827, -0.988], [100.805, -0.975], [100.758, -0.98], [100.758, -1.045], [100.779, -1.047], [100.802, -1.061], [100.831, -1.03], [100.85, -1.03], [100.827, -0.988]]]}}, {"type": "Feature", "properties": {"domain_id": "1302052002", "name": "SIRUKAM"}, "geometry": {"type": "Polygon", "coordinates": [[[100.752, -0.871], [100.746, -0.869], [100.736, -0.906], [100.747, -0.924], [100.758, -0.98], [100.805, -0.975], [100.827, -0.988], [100.843, -0.934], [100.841, -0.914], [100.811, -0.915], [100.78, -0.878], [100.752, -0.871]]]}}, {"type": "Feature", "properties": {"domain_id": "1302052003", "name": "AIE LUO"}, "geometry": {"type": "Polygon", "coordinates": [[[100.852, -0.785], [100.832, -0.788], [100.83, -0.806], [100.812, -0.821], [100.834, -0.842], [100.839, -0.865], [100.897, -0.902], [100.91, -0.897], [100.915, -0.901], [100.929, -0.87], [100.919, -0.81], [100.888, -0.828], [100.884, -0.813], [100.852, -0.785]]]}}, {"type": "Feature", "properties": {"domain_id": "1302062001", "name": "BATU BANYAK"}, "geometry": {"type": "Polygon", "coordinates": [[[100.748, -0.941], [100.739, -0.942], [100.732, -0.933], [100.723, -0.942], [100.719, -0.938], [100.718, -0.979], [100.73, -0.976], [100.729, -0.971], [100.757, -0.976], [100.748, -0.941]]]}}, {"type": "Feature", "properties": {"domain_id": "1302062004", "name": "LIMAU LUNGGO"}, "geometry": {"type": "Polygon", "coordinates": [[[100.715, -0.922], [100.7, -0.913], [100.69, -0.914], [100.687, -0.934], [100.698, -0.934], [100.715, -0.922]]]}}, {"type": "Feature", "properties": {"domain_id": "1302072005", "name": "SUNGAI JANIAH"}, "geometry": {"type": "Polygon", "coordinates": [[[100.681, -0.934], [100.673, -0.914], [100.658, -0.915], [100.662, -0.948], [100.68, -0.979], [100.687, -0.957], [100.681, -0.934]]]}}, {"type": "Feature", "properties": {"domain_id": "1302072008", "name": "KOTO GAEK GUGUK"}, "geometry": {"type": "Polygon", "coordinates": [[[100.622, -0.918], [100.591, -0.919], [100.563, -0.908], [100.556, -0.923], [100.59, -0.942], [100.625, -0.952], [100.622, -0.918]]]}}, {"type": "Feature", "properties": {"domain_id": "1302082002", "name": "KINARI"}, "geometry": {"type": "Polygon", "coordinates": [[[100.736, -0.859], [100.705, -0.857], [100.7, -0.844], [100.684, -0.876], [100.707, -0.894], [100.711, -0.885], [100.705, -0.879], [100.716, -0.875], [100.725, -0.89], [100.737, -0.892], [100.746, -0.869], [100.752, -0.871], [100.751, -0.864], [100.736, -0.859]]]}}, {"type": "Feature", "properties": {"domain_id": "1302082005", "name": "DILAM"}, "geometry": {"type": "Polygon", "coordinates": [[[100.725, -0.89], [100.711, -0.885], [100.707, -0.894], [100.712, -0.916], [100.738, -0.936], [100.739, -0.942], [100.747, -0.942], [100.747, -0.924], [100.736, -0.91], [100.737, -0.892], [100.725, -0.89]], [[100.727, -0.915], [100.722, -0.912], [100.725, -0.905], [100.727, -0.915]]]}}, {"type": "Feature", "properties": {"domain_id": "1302102003", "name": "PANYAKALAN"}, "geometry": {"type": "Polygon", "coordinates": [[[100.733, -0.807], [100.684, -0.815], [100.68, -0.838], [100.695, -0.848], [100.702, -0.838], [100.74, -0.835], [100.749, -0.82], [100.733, -0.807]]]}}, {"type": "Feature", "properties": {"domain_id": "1302102001", "name": "KOTO BARU"}, "geometry": {"type": "Polygon", "coordinates": [[[100.667, -0.811], [100.65, -0.806], [100.655, -0.817], [100.633, -0.824], [100.639, -0.831], [100.623, -0.869], [100.677, -0.852], [100.685, -0.828], [100.679, -0.82], [100.684, -0.814], [100.678, -0.807], [100.667, -0.811]]]}}, {"type": "Feature", "properties": {"domain_id": "1302102008", "name": "TANJUNG BINGKUNG"}, "geometry": {"type": "Polygon", "coordinates": [[[100.632, -0.753], [100.625, -0.753], [100.62, -0.745], [100.613, -0.748], [100.61, -0.761], [100.602, -0.761], [100.587, -0.781], [100.617, -0.78], [100.622, -0.771], [100.63, -0.771], [100.626, -0.765], [100.632, -0.753]]]}}, {"type": "Feature", "properties": {"domain_id": "1302102007", "name": "KOTO HILALANG"}, "geometry": {"type": "Polygon", "coordinates": [[[100.545, -0.815], [100.55, -0.827], [100.535, -0.847], [100.542, -0.859], [100.556, -0.86], [100.559, -0.883], [100.592, -0.855], [100.607, -0.852], [100.617, -0.837], [100.61, -0.819], [100.592, -0.822], [100.545, -0.815]]]}}, {"type": "Feature", "properties": {"domain_id": "1302112001", "name": "SUMANI"}, "geometry": {"type": "Polygon", "coordinates": [[[100.607, -0.711], [100.592, -0.712], [100.584, -0.69], [100.587, -0.714], [100.613, -0.748], [100.623, -0.744], [100.607, -0.711]]]}}, {"type": "Feature", "properties": {"domain_id": "1302112002", "name": "TIKALAK"}, "geometry": {"type": "Polygon", "coordinates": [[[100.611, -0.666], [100.598, -0.657], [100.575, -0.665], [100.579, -0.681], [100.589, -0.686], [100.598, -0.68], [100.616, -0.684], [100.611, -0.666]]]}}, {"type": "Feature", "properties": {"domain_id": "1302112005", "name": "ARIPAN"}, "geometry": {"type": "Polygon", "coordinates": [[[100.623, -0.668], [100.61, -0.667], [100.622, -0.698], [100.607, -0.711], [100.624, -0.751], [100.632, -0.753], [100.649, -0.744], [100.641, -0.743], [100.63, -0.728], [100.639, -0.717], [100.639, -0.667], [100.623, -0.668]]]}}, {"type": "Feature", "properties": {"domain_id": "1302112008", "name": "SANIANGBAKA"}, "geometry": {"type": "Polygon", "coordinates": [[[100.583, -0.684], [100.575, -0.684], [100.562, -0.708], [100.497, -0.739], [100.494, -0.747], [100.478, -0.74], [100.479, -0.752], [100.509, -0.755], [100.51, -0.795], [100.523, -0.789], [100.53, -0.795], [100.546, -0.779], [100.571, -0.715], [100.586, -0.713], [100.583, -0.684]]]}}, {"type": "Feature", "properties": {"domain_id": "1302112007", "name": "TANJUNG ALAI"}, "geometry": {"type": "Polygon", "coordinates": [[[100.63, -0.646], [100.623, -0.639], [100.604, -0.64], [100.598, -0.657], [100.623, -0.668], [100.63, -0.646]]]}}, {"type": "Feature", "properties": {"domain_id": "1302172002", "name": "SARIAK ALAHAN TIGO"}, "geometry": {"type": "Polygon", "coordinates": [[[100.94, -1.087], [100.905, -1.071], [100.901, -1.096], [100.909, -1.112], [100.883, -1.143], [100.904, -1.156], [100.906, -1.165], [100.965, -1.15], [100.987, -1.124], [100.94, -1.087]]]}}, {"type": "Feature", "properties": {"domain_id": "1302132002", "name": "MUARO PINGAI"}, "geometry": {"type": "Polygon", "coordinates": [[[100.575, -0.665], [100.566, -0.65], [100.549, -0.694], [100.523, -0.699], [100.519, -0.709], [100.505, -0.71], [100.501, -0.72], [100.477, -0.735], [100.478, -0.74], [100.494, -0.747], [100.497, -0.739], [100.562, -0.708], [100.579, -0.681], [100.575, -0.665]]]}}, {"type": "Feature", "properties": {"domain_id": "1302122009", "name": "LABUH PANJANG"}, "geometry": {"type": "Polygon", "coordinates": [[[100.685, -0.661], [100.68, -0.652], [100.671, -0.658], [100.669, -0.673], [100.678, -0.684], [100.684, -0.678], [100.685, -0.661]]]}}, {"type": "Feature", "properties": {"domain_id": "1302182002", "name": "BATU BAJANJANG"}, "geometry": {"type": "Polygon", "coordinates": [[[100.981, -1.007], [100.946, -0.971], [100.931, -0.943], [100.886, -0.971], [100.842, -1.01], [100.85, -1.03], [100.867, -1.049], [100.94, -1.087], [100.966, -1.076], [100.976, -1.059], [100.98, -1.042], [100.973, -1.03], [100.983, -1.021], [100.981, -1.007]]]}}, {"type": "Feature", "properties": {"domain_id": "1302182001", "name": "RANGKIANG LULUIH"}, "geometry": {"type": "Polygon", "coordinates": [[[100.915, -0.901], [100.91, -0.897], [100.892, -0.905], [100.889, -0.951], [100.86, -0.94], [100.84, -0.945], [100.827, -0.988], [100.842, -1.01], [100.886, -0.971], [100.931, -0.943], [100.915, -0.901]]]}}, {"type": "Feature", "properties": {"domain_id": "1302182005", "name": "SIMANAU"}, "geometry": {"type": "Polygon", "coordinates": [[[100.897, -0.902], [100.839, -0.865], [100.84, -0.945], [100.86, -0.94], [100.889, -0.951], [100.89, -0.915], [100.897, -0.902]]]}}, {"type": "Feature", "properties": {"domain_id": "1302192001", "name": "SIMPANG TJ. NAN IV"}, "geometry": {"type": "Polygon", "coordinates": [[[100.759, -1.031], [100.74, -1.036], [100.704, -1.027], [100.687, -1.029], [100.683, -1.052], [100.654, -1.045], [100.622, -1.048], [100.615, -1.059], [100.623, -1.064], [100.624, -1.101], [100.644, -1.121], [100.673, -1.112], [100.674, -1.105], [100.697, -1.102], [100.708, -1.093], [100.72, -1.091], [100.737, -1.104], [100.748, -1.085], [100.753, -1.085], [100.748, -1.058], [100.757, -1.053], [100.759, -1.031]]]}}, {"type": "Feature", "properties": {"domain_id": "1304072004", "name": "SUNGAYANG"}, "geometry": {"type": "Polygon", "coordinates": [[[100.602, -0.381], [100.594, -0.38], [100.594, -0.388], [100.577, -0.41], [100.591, -0.42], [100.6, -0.411], [100.631, -0.421], [100.6, -0.392], [100.602, -0.381]]]}}, {"type": "Feature", "properties": {"domain_id": "1303032008", "name": "TARATAK BARU UTARA"}, "geometry": {"type": "Polygon", "coordinates": [[[101.061, -0.763], [101.062, -0.754], [101.048, -0.752], [101.035, -0.737], [101.024, -0.746], [101.021, -0.74], [101.013, -0.75], [101.032, -0.767], [101.032, -0.784], [101.067, -0.813], [101.056, -0.777], [101.062, -0.773], [101.061, -0.763]]]}}, {"type": "Feature", "properties": {"domain_id": "1303032009", "name": "SINYAMU"}, "geometry": {"type": "Polygon", "coordinates": [[[101.073, -0.764], [101.059, -0.764], [101.058, -0.785], [101.084, -0.776], [101.1, -0.789], [101.095, -0.772], [101.073, -0.764]]]}}, {"type": "Feature", "properties": {"domain_id": "1304072005", "name": "MINANG KABAU"}, "geometry": {"type": "Polygon", "coordinates": [[[100.624, -0.423], [100.597, -0.411], [100.589, -0.425], [100.624, -0.423]]]}}, {"type": "Feature", "properties": {"domain_id": "1303042002", "name": "KANDANG BARU"}, "geometry": {"type": "Polygon", "coordinates": [[[100.938, -0.741], [100.946, -0.733], [100.948, -0.705], [100.943, -0.7], [100.936, -0.701], [100.923, -0.728], [100.938, -0.741]]]}}, {"type": "Feature", "properties": {"domain_id": "1304082001", "name": "SIMPURUIK"}, "geometry": {"type": "Polygon", "coordinates": [[[100.604, -0.448], [100.581, -0.434], [100.567, -0.448], [100.604, -0.448]]]}}, {"type": "Feature", "properties": {"domain_id": "1303052005", "name": "KOTO TUO"}, "geometry": {"type": "Polygon", "coordinates": [[[100.931, -0.692], [100.92, -0.678], [100.921, -0.696], [100.894, -0.705], [100.929, -0.719], [100.936, -0.708], [100.931, -0.692]]]}}, {"type": "Feature", "properties": {"domain_id": "1377011011", "name": "JAWI JAWI II"}, "geometry": {"type": "Polygon", "coordinates": [[[100.129, -0.625], [100.124, -0.625], [100.125, -0.629], [100.129, -0.625]]]}}, {"type": "Feature", "properties": {"domain_id": "1303062004", "name": "AIE AMO"}, "geometry": {"type": "Polygon", "coordinates": [[[101.348, -0.684], [101.31, -0.699], [101.259, -0.686], [101.245, -0.689], [101.229, -0.68], [101.219, -0.701], [101.179, -0.707], [101.16, -0.72], [101.159, -0.736], [101.182, -0.736], [101.198, -0.757], [101.206, -0.759], [101.219, -0.74], [101.245, -0.754], [101.247, -0.73], [101.26, -0.709], [101.269, -0.706], [101.323, -0.738], [101.338, -0.759], [101.375, -0.763], [101.383, -0.753], [101.408, -0.745], [101.394, -0.741], [101.405, -0.722], [101.402, -0.709], [101.375, -0.704], [101.348, -0.684]]]}}, {"type": "Feature", "properties": {"domain_id": "1303062007", "name": "TANJUNG KALIANG"}, "geometry": {"type": "Polygon", "coordinates": [[[101.305, -0.628], [101.293, -0.631], [101.278, -0.622], [101.255, -0.625], [101.229, -0.68], [101.245, -0.689], [101.259, -0.686], [101.31, -0.699], [101.344, -0.687], [101.36, -0.66], [101.345, -0.66], [101.339, -0.652], [101.323, -0.65], [101.305, -0.628]]]}}, {"type": "Feature", "properties": {"domain_id": "1303062009", "name": "SIAUR"}, "geometry": {"type": "Polygon", "coordinates": [[[101.302, -0.824], [101.261, -0.804], [101.232, -0.88], [101.242, -0.872], [101.251, -0.873], [101.261, -0.887], [101.273, -0.888], [101.278, -0.863], [101.302, -0.824]]]}}, {"type": "Feature", "properties": {"domain_id": "1303072005", "name": "SILONGO"}, "geometry": {"type": "Polygon", "coordinates": [[[101.061, -0.81], [101.055, -0.816], [101.04, -0.804], [101.037, -0.811], [101.057, -0.828], [101.056, -0.84], [101.087, -0.835], [101.069, -0.826], [101.067, -0.813], [101.061, -0.81]]]}}, {"type": "Feature", "properties": {"domain_id": "1303072004", "name": "KAMPUNG DALAM"}, "geometry": {"type": "Polygon", "coordinates": [[[101.056, -0.84], [101.057, -0.828], [101.044, -0.818], [101.037, -0.815], [101.027, -0.822], [101.032, -0.848], [101.043, -0.849], [101.056, -0.84]]]}}, {"type": "Feature", "properties": {"domain_id": "1303072006", "name": "LATANG"}, "geometry": {"type": "Polygon", "coordinates": [[[101.061, -0.81], [101.037, -0.787], [101.011, -0.802], [101.037, -0.815], [101.04, -0.804], [101.054, -0.81], [101.055, -0.816], [101.061, -0.81]]]}}, {"type": "Feature", "properties": {"domain_id": "1303082002", "name": "PALALUAR"}, "geometry": {"type": "Polygon", "coordinates": [[[100.852, -0.595], [100.84, -0.586], [100.833, -0.598], [100.848, -0.632], [100.863, -0.619], [100.852, -0.595]]]}}, {"type": "Feature", "properties": {"domain_id": "1303092009", "name": "SUMPUR KUDUS SELATAN"}, "geometry": {"type": "Polygon", "coordinates": [[[100.945, -0.505], [100.934, -0.488], [100.948, -0.473], [100.94, -0.45], [100.907, -0.459], [100.895, -0.474], [100.883, -0.48], [100.929, -0.508], [100.945, -0.505]]]}}, {"type": "Feature", "properties": {"domain_id": "1303082006", "name": "BUKIT BUAL"}, "geometry": {"type": "Polygon", "coordinates": [[[100.846, -0.632], [100.84, -0.616], [100.822, -0.623], [100.83, -0.633], [100.846, -0.632]]]}}, {"type": "Feature", "properties": {"domain_id": "1303092011", "name": "TANJUNG BONAI AUR SELATAN"}, "geometry": {"type": "Polygon", "coordinates": [[[100.848, -0.488], [100.836, -0.492], [100.842, -0.496], [100.836, -0.511], [100.846, -0.538], [100.835, -0.545], [100.843, -0.552], [100.841, -0.565], [100.856, -0.567], [100.875, -0.561], [100.884, -0.542], [100.869, -0.51], [100.859, -0.506], [100.848, -0.488]]]}}, {"type": "Feature", "properties": {"domain_id": "1371011004", "name": "PASA GADANG"}, "geometry": {"type": "Polygon", "coordinates": [[[100.372, -0.959], [100.362, -0.962], [100.373, -0.963], [100.372, -0.959]]]}}, {"type": "Feature", "properties": {"domain_id": "1304022001", "name": "ANDALEH"}, "geometry": {"type": "Polygon", "coordinates": [[[100.457, -0.393], [100.433, -0.429], [100.44, -0.443], [100.437, -0.468], [100.457, -0.453], [100.457, -0.393]]]}}, {"type": "Feature", "properties": {"domain_id": "1304012004", "name": "PANINJAUAN"}, "geometry": {"type": "Polygon", "coordinates": [[[100.435, -0.461], [100.44, -0.443], [100.433, -0.436], [100.435, -0.425], [100.407, -0.438], [100.404, -0.451], [100.409, -0.459], [100.413, -0.452], [100.435, -0.461]]]}}, {"type": "Feature", "properties": {"domain_id": "1304012003", "name": "SINGGALANG"}, "geometry": {"type": "Polygon", "coordinates": [[[100.373, -0.42], [100.337, -0.411], [100.332, -0.405], [100.318, -0.421], [100.313, -0.44], [100.318, -0.473], [100.332, -0.489], [100.354, -0.48], [100.375, -0.492], [100.393, -0.491], [100.377, -0.491], [100.365, -0.477], [100.377, -0.462], [100.397, -0.458], [100.397, -0.431], [100.392, -0.435], [100.373, -0.42]]]}}, {"type": "Feature", "properties": {"domain_id": "1304022007", "name": "TANJUANG BARULAK"}, "geometry": {"type": "Polygon", "coordinates": [[[100.499, -0.498], [100.488, -0.519], [100.506, -0.533], [100.512, -0.519], [100.522, -0.518], [100.513, -0.504], [100.499, -0.498]]]}}, {"type": "Feature", "properties": {"domain_id": "1304022003", "name": "BATIPUAH ATEH"}, "geometry": {"type": "Polygon", "coordinates": [[[100.479, -0.46], [100.471, -0.463], [100.46, -0.451], [100.455, -0.453], [100.449, -0.473], [100.477, -0.485], [100.489, -0.477], [100.479, -0.46]]]}}, {"type": "Feature", "properties": {"domain_id": "1304032003", "name": "III KOTO"}, "geometry": {"type": "Polygon", "coordinates": [[[100.561, -0.515], [100.529, -0.491], [100.52, -0.507], [100.513, -0.504], [100.533, -0.536], [100.525, -0.55], [100.524, -0.579], [100.563, -0.532], [100.555, -0.521], [100.561, -0.515]]]}}, {"type": "Feature", "properties": {"domain_id": "1304032004", "name": "PADANG MAGEK"}, "geometry": {"type": "Polygon", "coordinates": [[[100.57, -0.51], [100.552, -0.497], [100.54, -0.476], [100.527, -0.483], [100.533, -0.496], [100.559, -0.514], [100.57, -0.51]]]}}, {"type": "Feature", "properties": {"domain_id": "1304082003", "name": "GURUN"}, "geometry": {"type": "Polygon", "coordinates": [[[100.581, -0.434], [100.558, -0.415], [100.544, -0.423], [100.552, -0.429], [100.545, -0.438], [100.559, -0.449], [100.571, -0.446], [100.581, -0.434]]]}}, {"type": "Feature", "properties": {"domain_id": "1304062002", "name": "BUO"}, "geometry": {"type": "Polygon", "coordinates": [[[100.744, -0.456], [100.745, -0.463], [100.757, -0.469], [100.771, -0.452], [100.744, -0.456]]]}}, {"type": "Feature", "properties": {"domain_id": "1304062004", "name": "PANGIAN"}, "geometry": {"type": "Polygon", "coordinates": [[[100.792, -0.456], [100.769, -0.44], [100.771, -0.456], [100.757, -0.469], [100.745, -0.463], [100.744, -0.456], [100.709, -0.452], [100.704, -0.457], [100.719, -0.466], [100.719, -0.479], [100.751, -0.492], [100.767, -0.506], [100.777, -0.498], [100.792, -0.456]]]}}, {"type": "Feature", "properties": {"domain_id": "1304082007", "name": "KOTO TUO"}, "geometry": {"type": "Polygon", "coordinates": [[[100.553, -0.405], [100.535, -0.395], [100.534, -0.403], [100.553, -0.405]]]}}, {"type": "Feature", "properties": {"domain_id": "1304082010", "name": "KOTO BARU"}, "geometry": {"type": "Polygon", "coordinates": [[[100.547, -0.365], [100.518, -0.358], [100.5, -0.363], [100.53, -0.381], [100.547, -0.365]]]}}, {"type": "Feature", "properties": {"domain_id": "1304082008", "name": "RAO RAO"}, "geometry": {"type": "Polygon", "coordinates": [[[100.564, -0.365], [100.556, -0.358], [100.53, -0.381], [100.544, -0.388], [100.558, -0.387], [100.569, -0.379], [100.564, -0.365]]]}}, {"type": "Feature", "properties": {"domain_id": "1304082006", "name": "PASIE LAWEH"}, "geometry": {"type": "Polygon", "coordinates": [[[100.496, -0.364], [100.481, -0.361], [100.474, -0.388], [100.491, -0.385], [100.534, -0.393], [100.553, -0.405], [100.568, -0.4], [100.552, -0.391], [100.555, -0.388], [100.542, -0.388], [100.496, -0.364]]]}}, {"type": "Feature", "properties": {"domain_id": "1305012008", "name": "SALIBUTAN LUBUK ALUNG"}, "geometry": {"type": "Polygon", "coordinates": [[[100.321, -0.685], [100.328, -0.671], [100.324, -0.665], [100.307, -0.669], [100.293, -0.687], [100.321, -0.685]]]}}, {"type": "Feature", "properties": {"domain_id": "1304092004", "name": "SIMABUR"}, "geometry": {"type": "Polygon", "coordinates": [[[100.51, -0.458], [100.501, -0.461], [100.52, -0.476], [100.51, -0.458]]]}}, {"type": "Feature", "properties": {"domain_id": "1304102006", "name": "TABEK PATAH"}, "geometry": {"type": "Polygon", "coordinates": [[[100.549, -0.32], [100.532, -0.32], [100.523, -0.335], [100.53, -0.341], [100.546, -0.335], [100.549, -0.32]]]}}, {"type": "Feature", "properties": {"domain_id": "1304102004", "name": "SUPAYANG"}, "geometry": {"type": "Polygon", "coordinates": [[[100.596, -0.34], [100.584, -0.336], [100.556, -0.358], [100.564, -0.365], [100.596, -0.34]]]}}, {"type": "Feature", "properties": {"domain_id": "1304102003", "name": "LAWANG MANDAHILING"}, "geometry": {"type": "Polygon", "coordinates": [[[100.566, -0.319], [100.549, -0.32], [100.546, -0.335], [100.506, -0.349], [100.534, -0.345], [100.555, -0.354], [100.573, -0.347], [100.584, -0.336], [100.566, -0.319]]]}}, {"type": "Feature", "properties": {"domain_id": "1304102001", "name": "SUMANIK"}, "geometry": {"type": "Polygon", "coordinates": [[[100.587, -0.371], [100.567, -0.371], [100.576, -0.408], [100.595, -0.387], [100.587, -0.371]]]}}, {"type": "Feature", "properties": {"domain_id": "1305022008", "name": "SUNGAI BULUAH SELATAN"}, "geometry": {"type": "Polygon", "coordinates": [[[100.308, -0.758], [100.302, -0.756], [100.302, -0.766], [100.312, -0.777], [100.322, -0.768], [100.382, -0.768], [100.384, -0.757], [100.308, -0.758]]]}}, {"type": "Feature", "properties": {"domain_id": "1305032001", "name": "KAPALO KOTO"}, "geometry": {"type": "Polygon", "coordinates": [[[100.208, -0.636], [100.204, -0.651], [100.213, -0.648], [100.214, -0.64], [100.208, -0.636]]]}}, {"type": "Feature", "properties": {"domain_id": "1304132001", "name": "BATU BULEK"}, "geometry": {"type": "Polygon", "coordinates": [[[100.682, -0.326], [100.663, -0.33], [100.66, -0.339], [100.667, -0.366], [100.661, -0.399], [100.681, -0.403], [100.689, -0.417], [100.725, -0.417], [100.729, -0.408], [100.699, -0.375], [100.692, -0.333], [100.682, -0.326]]]}}, {"type": "Feature", "properties": {"domain_id": "1304122002", "name": "BARULAK"}, "geometry": {"type": "Polygon", "coordinates": [[[100.581, -0.292], [100.569, -0.281], [100.552, -0.281], [100.55, -0.309], [100.541, -0.316], [100.566, -0.319], [100.581, -0.292]]]}}, {"type": "Feature", "properties": {"domain_id": "1305032003", "name": "PADANG BINTUNGAN"}, "geometry": {"type": "Polygon", "coordinates": [[[100.204, -0.67], [100.21, -0.65], [100.193, -0.654], [100.194, -0.669], [100.204, -0.67]]]}}, {"type": "Feature", "properties": {"domain_id": "1304142003", "name": "PADANG LAWEH MALALO"}, "geometry": {"type": "Polygon", "coordinates": [[[100.485, -0.543], [100.462, -0.542], [100.454, -0.558], [100.417, -0.578], [100.417, -0.595], [100.45, -0.596], [100.512, -0.57], [100.485, -0.543]]]}}, {"type": "Feature", "properties": {"domain_id": "1304142002", "name": "SUMPUR"}, "geometry": {"type": "Polygon", "coordinates": [[[100.506, -0.532], [100.489, -0.52], [100.483, -0.526], [100.485, -0.543], [100.498, -0.551], [100.506, -0.532]]]}}, {"type": "Feature", "properties": {"domain_id": "1304142004", "name": "GUGUAK MALALO"}, "geometry": {"type": "Polygon", "coordinates": [[[100.524, -0.578], [100.512, -0.57], [100.45, -0.596], [100.417, -0.595], [100.416, -0.623], [100.396, -0.631], [100.402, -0.653], [100.423, -0.66], [100.463, -0.654], [100.484, -0.659], [100.524, -0.642], [100.548, -0.627], [100.524, -0.578]]]}}, {"type": "Feature", "properties": {"domain_id": "1307102003", "name": "TUNGKA"}, "geometry": {"type": "Polygon", "coordinates": [[[100.584, -0.292], [100.566, -0.319], [100.584, -0.339], [100.596, -0.34], [100.603, -0.328], [100.601, -0.315], [100.593, -0.295], [100.584, -0.292]]]}}, {"type": "Feature", "properties": {"domain_id": "1305012003", "name": "PASIE LAWEH LUBUK ALUNG"}, "geometry": {"type": "Polygon", "coordinates": [[[100.361, -0.666], [100.334, -0.628], [100.316, -0.626], [100.31, -0.641], [100.298, -0.646], [100.315, -0.66], [100.331, -0.65], [100.33, -0.657], [100.361, -0.666]]]}}, {"type": "Feature", "properties": {"domain_id": "1305012007", "name": "SINGGULIANG LUBUK ALUNG"}, "geometry": {"type": "Polygon", "coordinates": [[[100.298, -0.646], [100.285, -0.654], [100.294, -0.671], [100.303, -0.663], [100.304, -0.651], [100.298, -0.646]]]}}, {"type": "Feature", "properties": {"domain_id": "1305012005", "name": "SIKABU LUBUK ALUNG"}, "geometry": {"type": "Polygon", "coordinates": [[[100.321, -0.685], [100.294, -0.692], [100.31, -0.706], [100.321, -0.685]]]}}, {"type": "Feature", "properties": {"domain_id": "1305022001", "name": "KATAPIANG"}, "geometry": {"type": "MultiPolygon", "coordinates": [[[[100.253, -0.716], [100.234, -0.738], [100.225, -0.737], [100.269, -0.783], [100.291, -0.817], [100.314, -0.788], [100.307, -0.767], [100.294, -0.761], [100.253, -0.716]]], [[[100.101, -0.876], [100.101, -0.872], [100.099, -0.874], [100.101, -0.876]]]]}}, {"type": "Feature", "properties": {"domain_id": "1305022005", "name": "SUNGAI BULUAH TIMUR"}, "geometry": {"type": "Polygon", "coordinates": [[[100.398, -0.736], [100.371, -0.719], [100.346, -0.715], [100.317, -0.725], [100.32, -0.739], [100.315, -0.742], [100.332, -0.755], [100.376, -0.747], [100.398, -0.736]]]}}, {"type": "Feature", "properties": {"domain_id": "1305022006", "name": "SUNGAI BULUAH BARAT"}, "geometry": {"type": "Polygon", "coordinates": [[[100.31, -0.733], [100.3, -0.732], [100.303, -0.722], [100.286, -0.726], [100.274, -0.74], [100.302, -0.766], [100.302, -0.756], [100.312, -0.754], [100.303, -0.75], [100.312, -0.745], [100.31, -0.733]]]}}, {"type": "Feature", "properties": {"domain_id": "1305032006", "name": "PADANG KANDANG PULAU AIR PADANG BINTUNGAN"}, "geometry": {"type": "Polygon", "coordinates": [[[100.207, -0.625], [100.204, -0.628], [100.216, -0.648], [100.218, -0.625], [100.207, -0.625]]]}}, {"type": "Feature", "properties": {"domain_id": "1305032008", "name": "SUNUA BARAT"}, "geometry": {"type": "Polygon", "coordinates": [[[100.179, -0.677], [100.159, -0.659], [100.153, -0.666], [100.169, -0.686], [100.179, -0.677]]]}}, {"type": "Feature", "properties": {"domain_id": "1305042002", "name": "SICINCIN"}, "geometry": {"type": "Polygon", "coordinates": [[[100.302, -0.569], [100.274, -0.549], [100.25, -0.579], [100.319, -0.592], [100.302, -0.569]]]}}, {"type": "Feature", "properties": {"domain_id": "1305052006", "name": "LAREH NAN PANJANG BARAT"}, "geometry": {"type": "Polygon", "coordinates": [[[100.182, -0.564], [100.167, -0.568], [100.167, -0.576], [100.178, -0.583], [100.177, -0.576], [100.186, -0.571], [100.182, -0.564]]]}}, {"type": "Feature", "properties": {"domain_id": "1305052007", "name": "BISATI SUNGAI SARIAK"}, "geometry": {"type": "Polygon", "coordinates": [[[100.233, -0.595], [100.206, -0.582], [100.19, -0.588], [100.229, -0.608], [100.233, -0.595]]]}}, {"type": "Feature", "properties": {"domain_id": "1305052008", "name": "AMBUANG KAPUA SUNGAI SARIAK"}, "geometry": {"type": "Polygon", "coordinates": [[[100.218, -0.566], [100.212, -0.551], [100.199, -0.554], [100.191, -0.564], [100.201, -0.569], [100.2, -0.575], [100.218, -0.566]]]}}, {"type": "Feature", "properties": {"domain_id": "1305052005", "name": "LAREH NAN PANJANG SELATAN"}, "geometry": {"type": "Polygon", "coordinates": [[[100.177, -0.607], [100.188, -0.604], [100.188, -0.585], [100.182, -0.585], [100.169, -0.601], [100.177, -0.607]]]}}, {"type": "Feature", "properties": {"domain_id": "1305052011", "name": "BALAH AIE UTARA"}, "geometry": {"type": "Polygon", "coordinates": [[[100.213, -0.602], [100.197, -0.589], [100.195, -0.603], [100.204, -0.614], [100.211, -0.615], [100.213, -0.602]]]}}, {"type": "Feature", "properties": {"domain_id": "1305062002", "name": "SIKUCUA"}, "geometry": {"type": "Polygon", "coordinates": [[[100.143, -0.491], [100.143, -0.484], [100.141, -0.489], [100.125, -0.488], [100.116, -0.502], [100.133, -0.517], [100.141, -0.515], [100.159, -0.501], [100.143, -0.491]]]}}, {"type": "Feature", "properties": {"domain_id": "1305082003", "name": "GUGUAK KURANJI HILIR"}, "geometry": {"type": "Polygon", "coordinates": [[[100.044, -0.473], [100.042, -0.459], [100.053, -0.445], [100.051, -0.44], [100.028, -0.447], [100.002, -0.47], [100.025, -0.49], [100.044, -0.473]]]}}, {"type": "Feature", "properties": {"domain_id": "1305112002", "name": "TOBOH GADANG"}, "geometry": {"type": "Polygon", "coordinates": [[[100.246, -0.65], [100.228, -0.654], [100.226, -0.669], [100.24, -0.669], [100.246, -0.65]]]}}, {"type": "Feature", "properties": {"domain_id": "1306022001", "name": "LUBUK BASUNG"}, "geometry": {"type": "Polygon", "coordinates": [[[100.079, -0.26], [100.043, -0.268], [99.991, -0.257], [99.981, -0.249], [99.97, -0.272], [100.017, -0.3], [100.01, -0.324], [100.02, -0.333], [100.065, -0.332], [100.069, -0.325], [100.104, -0.323], [100.111, -0.316], [100.107, -0.31], [100.123, -0.29], [100.13, -0.253], [100.079, -0.26]]]}}, {"type": "Feature", "properties": {"domain_id": "1305122003", "name": "BATU KALANG"}, "geometry": {"type": "Polygon", "coordinates": [[[100.244, -0.521], [100.24, -0.519], [100.238, -0.528], [100.227, -0.532], [100.214, -0.525], [100.215, -0.538], [100.243, -0.545], [100.244, -0.521]]]}}, {"type": "Feature", "properties": {"domain_id": "1306022004", "name": "KAMPUNG TANGAH"}, "geometry": {"type": "MultiPolygon", "coordinates": [[[[99.936, -0.218], [99.93, -0.224], [99.934, -0.241], [99.966, -0.251], [99.978, -0.245], [99.936, -0.218]]], [[[99.993, -0.336], [99.992, -0.301], [99.976, -0.314], [99.978, -0.328], [99.993, -0.336]]]]}}, {"type": "Feature", "properties": {"domain_id": "1305162002", "name": "TANDIKEK"}, "geometry": {"type": "Polygon", "coordinates": [[[100.314, -0.455], [100.313, -0.442], [100.279, -0.493], [100.246, -0.5], [100.247, -0.488], [100.239, -0.515], [100.25, -0.519], [100.291, -0.487], [100.301, -0.491], [100.314, -0.455]]]}}, {"type": "Feature", "properties": {"domain_id": "1305162005", "name": "TANDIKEK BARAT"}, "geometry": {"type": "Polygon", "coordinates": [[[100.237, -0.485], [100.224, -0.489], [100.228, -0.495], [100.219, -0.509], [100.229, -0.522], [100.243, -0.503], [100.245, -0.49], [100.237, -0.485]]]}}, {"type": "Feature", "properties": {"domain_id": "1306012001", "name": "TIKU SELATAN"}, "geometry": {"type": "Polygon", "coordinates": [[[99.98, -0.405], [99.968, -0.399], [99.957, -0.404], [99.955, -0.392], [99.929, -0.384], [99.91, -0.361], [99.9, -0.36], [99.915, -0.38], [99.919, -0.397], [99.914, -0.403], [99.962, -0.434], [99.969, -0.42], [99.979, -0.417], [99.98, -0.405]]]}}, {"type": "Feature", "properties": {"domain_id": "1307132006", "name": "PAUH SANGIK"}, "geometry": {"type": "Polygon", "coordinates": [[[100.498, -0.162], [100.483, -0.155], [100.474, -0.161], [100.446, -0.159], [100.441, -0.165], [100.444, -0.188], [100.472, -0.17], [100.499, -0.174], [100.498, -0.162]]]}}, {"type": "Feature", "properties": {"domain_id": "1306032002", "name": "SUNGAI BATANG"}, "geometry": {"type": "Polygon", "coordinates": [[[100.253, -0.336], [100.237, -0.325], [100.228, -0.335], [100.194, -0.332], [100.194, -0.372], [100.245, -0.373], [100.261, -0.353], [100.253, -0.336]]]}}, {"type": "Feature", "properties": {"domain_id": "1306032004", "name": "BAYUA"}, "geometry": {"type": "Polygon", "coordinates": [[[100.235, -0.257], [100.226, -0.246], [100.208, -0.242], [100.194, -0.285], [100.237, -0.283], [100.235, -0.257]]]}}, {"type": "Feature", "properties": {"domain_id": "1306032008", "name": "KOTO GADANG ANAM KOTO"}, "geometry": {"type": "Polygon", "coordinates": [[[100.194, -0.272], [100.137, -0.23], [100.131, -0.249], [100.164, -0.261], [100.194, -0.285], [100.194, -0.272]]]}}, {"type": "Feature", "properties": {"domain_id": "1306042002", "name": "MATUA MUDIAK"}, "geometry": {"type": "Polygon", "coordinates": [[[100.286, -0.286], [100.278, -0.273], [100.242, -0.284], [100.235, -0.31], [100.253, -0.336], [100.263, -0.33], [100.273, -0.298], [100.286, -0.286]]]}}, {"type": "Feature", "properties": {"domain_id": "1307132007", "name": "DURIAN GADANG"}, "geometry": {"type": "Polygon", "coordinates": [[[100.562, -0.227], [100.55, -0.227], [100.55, -0.234], [100.566, -0.253], [100.577, -0.239], [100.562, -0.227]]]}}, {"type": "Feature", "properties": {"domain_id": "1372011004", "name": "IX KORONG"}, "geometry": {"type": "Polygon", "coordinates": [[[100.654, -0.797], [100.646, -0.795], [100.641, -0.804], [100.66, -0.803], [100.654, -0.797]]]}}, {"type": "Feature", "properties": {"domain_id": "1306052003", "name": "BALINGKA"}, "geometry": {"type": "Polygon", "coordinates": [[[100.342, -0.328], [100.325, -0.317], [100.316, -0.32], [100.299, -0.343], [100.286, -0.347], [100.281, -0.358], [100.33, -0.39], [100.332, -0.404], [100.336, -0.339], [100.342, -0.328]]]}}, {"type": "Feature", "properties": {"domain_id": "1306052006", "name": "KOTO PANJANG"}, "geometry": {"type": "Polygon", "coordinates": [[[100.333, -0.279], [100.328, -0.274], [100.314, -0.279], [100.313, -0.293], [100.305, -0.303], [100.313, -0.32], [100.325, -0.317], [100.329, -0.3], [100.341, -0.291], [100.333, -0.279]]]}}, {"type": "Feature", "properties": {"domain_id": "1306062006", "name": "CINGKARIANG"}, "geometry": {"type": "Polygon", "coordinates": [[[100.393, -0.356], [100.387, -0.347], [100.379, -0.348], [100.333, -0.389], [100.393, -0.356]]]}}, {"type": "Feature", "properties": {"domain_id": "1306062007", "name": "SUNGAI TANANG"}, "geometry": {"type": "MultiPolygon", "coordinates": [[[[100.334, -0.385], [100.371, -0.356], [100.365, -0.352], [100.334, -0.385]]], [[[100.377, -0.34], [100.373, -0.341], [100.378, -0.348], [100.387, -0.347], [100.377, -0.34]]]]}}, {"type": "Feature", "properties": {"domain_id": "1306072002", "name": "BIARO GADANG"}, "geometry": {"type": "Polygon", "coordinates": [[[100.415, -0.277], [100.396, -0.283], [100.393, -0.29], [100.422, -0.293], [100.415, -0.277]]]}}, {"type": "Feature", "properties": {"domain_id": "1306082002", "name": "TABEK PANJANG"}, "geometry": {"type": "Polygon", "coordinates": [[[100.497, -0.267], [100.487, -0.264], [100.483, -0.271], [100.471, -0.272], [100.466, -0.264], [100.473, -0.248], [100.469, -0.239], [100.467, -0.248], [100.445, -0.265], [100.473, -0.296], [100.475, -0.286], [100.497, -0.267]]]}}, {"type": "Feature", "properties": {"domain_id": "1306092003", "name": "GADUT"}, "geometry": {"type": "Polygon", "coordinates": [[[100.357, -0.254], [100.341, -0.244], [100.327, -0.253], [100.328, -0.262], [100.355, -0.282], [100.376, -0.285], [100.387, -0.284], [100.397, -0.27], [100.394, -0.254], [100.379, -0.259], [100.357, -0.254]]]}}, {"type": "Feature", "properties": {"domain_id": "1306092001", "name": "KOTO TANGAH"}, "geometry": {"type": "Polygon", "coordinates": [[[100.411, -0.22], [100.358, -0.21], [100.362, -0.237], [100.357, -0.254], [100.379, -0.259], [100.394, -0.254], [100.396, -0.271], [100.406, -0.265], [100.432, -0.264], [100.437, -0.255], [100.416, -0.239], [100.411, -0.22]]]}}, {"type": "Feature", "properties": {"domain_id": "1306102003", "name": "PAGADIH"}, "geometry": {"type": "Polygon", "coordinates": [[[100.345, -0.094], [100.333, -0.082], [100.326, -0.057], [100.317, -0.047], [100.301, -0.038], [100.265, -0.032], [100.282, -0.108], [100.335, -0.1], [100.345, -0.094]]]}}, {"type": "Feature", "properties": {"domain_id": "1307012006", "name": "ANDIANG"}, "geometry": {"type": "Polygon", "coordinates": [[[100.52, -0.075], [100.489, -0.07], [100.494, -0.096], [100.516, -0.096], [100.52, -0.075]]]}}, {"type": "Feature", "properties": {"domain_id": "1306112001", "name": "BARINGIN"}, "geometry": {"type": "Polygon", "coordinates": [[[100.315, -0.227], [100.297, -0.213], [100.283, -0.217], [100.25, -0.204], [100.227, -0.216], [100.195, -0.215], [100.194, -0.229], [100.208, -0.23], [100.235, -0.257], [100.247, -0.246], [100.258, -0.249], [100.292, -0.228], [100.308, -0.233], [100.315, -0.227]]]}}, {"type": "Feature", "properties": {"domain_id": "1306112003", "name": "SUNGAI PUAR"}, "geometry": {"type": "Polygon", "coordinates": [[[100.284, -0.163], [100.259, -0.164], [100.251, -0.157], [100.256, -0.187], [100.246, -0.196], [100.21, -0.192], [100.195, -0.215], [100.239, -0.212], [100.262, -0.196], [100.284, -0.163]]]}}, {"type": "Feature", "properties": {"domain_id": "1306112005", "name": "TIGO KOTO SILUNGKANG"}, "geometry": {"type": "Polygon", "coordinates": [[[100.188, -0.092], [100.176, -0.091], [100.161, -0.108], [100.129, -0.095], [100.134, -0.112], [100.132, -0.126], [100.125, -0.124], [100.131, -0.162], [100.124, -0.175], [100.132, -0.208], [100.144, -0.221], [100.182, -0.209], [100.194, -0.178], [100.202, -0.173], [100.208, -0.153], [100.188, -0.133], [100.196, -0.122], [100.188, -0.092]]]}}, {"type": "Feature", "properties": {"domain_id": "1306132002", "name": "SITALANG"}, "geometry": {"type": "Polygon", "coordinates": [[[100.124, -0.175], [100.082, -0.165], [100.036, -0.172], [100.031, -0.167], [100.031, -0.175], [100.108, -0.192], [100.136, -0.231], [100.144, -0.221], [100.132, -0.208], [100.124, -0.175]]]}}, {"type": "Feature", "properties": {"domain_id": "1306132004", "name": "SITANANG"}, "geometry": {"type": "Polygon", "coordinates": [[[100.124, -0.215], [100.088, -0.22], [100.04, -0.202], [100.026, -0.204], [100.016, -0.216], [100.049, -0.256], [100.079, -0.26], [100.13, -0.253], [100.136, -0.231], [100.124, -0.215]]]}}, {"type": "Feature", "properties": {"domain_id": "1306142002", "name": "LASI"}, "geometry": {"type": "Polygon", "coordinates": [[[100.484, -0.351], [100.447, -0.309], [100.427, -0.319], [100.431, -0.331], [100.479, -0.374], [100.484, -0.351]]]}}, {"type": "Feature", "properties": {"domain_id": "1306162004", "name": "MALALAK BARAT"}, "geometry": {"type": "Polygon", "coordinates": [[[100.263, -0.418], [100.264, -0.41], [100.233, -0.396], [100.213, -0.414], [100.222, -0.448], [100.244, -0.459], [100.263, -0.418]]]}}, {"type": "Feature", "properties": {"domain_id": "1307052008", "name": "GURUN"}, "geometry": {"type": "Polygon", "coordinates": [[[100.651, -0.16], [100.635, -0.131], [100.623, -0.132], [100.613, -0.147], [100.613, -0.155], [100.623, -0.154], [100.628, -0.166], [100.651, -0.16]]]}}, {"type": "Feature", "properties": {"domain_id": "1307022003", "name": "SUNGAI TALANG"}, "geometry": {"type": "Polygon", "coordinates": [[[100.581, -0.176], [100.554, -0.171], [100.533, -0.147], [100.518, -0.155], [100.533, -0.181], [100.527, -0.198], [100.543, -0.2], [100.563, -0.179], [100.581, -0.176]]]}}, {"type": "Feature", "properties": {"domain_id": "1307032003", "name": "SIMALANGGANG"}, "geometry": {"type": "Polygon", "coordinates": [[[100.625, -0.177], [100.615, -0.172], [100.604, -0.184], [100.606, -0.197], [100.617, -0.196], [100.621, -0.202], [100.634, -0.192], [100.625, -0.177]]]}}, {"type": "Feature", "properties": {"domain_id": "1307052009", "name": "LUBUAK BATINGKOK"}, "geometry": {"type": "Polygon", "coordinates": [[[100.644, -0.162], [100.628, -0.166], [100.623, -0.154], [100.613, -0.154], [100.607, -0.166], [100.625, -0.177], [100.627, -0.169], [100.639, -0.172], [100.644, -0.162]]]}}, {"type": "Feature", "properties": {"domain_id": "1307032005", "name": "PIOBANG"}, "geometry": {"type": "Polygon", "coordinates": [[[100.584, -0.201], [100.555, -0.189], [100.543, -0.2], [100.574, -0.236], [100.584, -0.217], [100.584, -0.201]]]}}, {"type": "Feature", "properties": {"domain_id": "1307032007", "name": "KOTO TANGAH SIMALANGGANG"}, "geometry": {"type": "Polygon", "coordinates": [[[100.608, -0.161], [100.594, -0.176], [100.604, -0.184], [100.615, -0.171], [100.607, -0.166], [100.608, -0.161]]]}}, {"type": "Feature", "properties": {"domain_id": "1307042002", "name": "MUNGO"}, "geometry": {"type": "Polygon", "coordinates": [[[100.712, -0.228], [100.696, -0.226], [100.682, -0.326], [100.686, -0.327], [100.694, -0.289], [100.711, -0.248], [100.717, -0.228], [100.712, -0.228]]]}}, {"type": "Feature", "properties": {"domain_id": "1307052002", "name": "SOLOK BIO BIO"}, "geometry": {"type": "Polygon", "coordinates": [[[100.656, -0.113], [100.641, -0.076], [100.627, -0.075], [100.627, -0.102], [100.633, -0.111], [100.623, -0.132], [100.658, -0.121], [100.656, -0.113]]]}}, {"type": "Feature", "properties": {"domain_id": "1307052005", "name": "HARAU"}, "geometry": {"type": "Polygon", "coordinates": [[[100.743, -0.039], [100.727, -0.034], [100.724, -0.021], [100.71, -0.009], [100.689, -0.01], [100.654, -0.002], [100.65, -0.017], [100.642, -0.018], [100.634, -0.033], [100.633, -0.065], [100.627, -0.075], [100.641, -0.076], [100.649, -0.101], [100.659, -0.112], [100.664, -0.105], [100.685, -0.096], [100.692, -0.08], [100.738, -0.066], [100.746, -0.053], [100.736, -0.049], [100.743, -0.039]]]}}, {"type": "Feature", "properties": {"domain_id": "1307052011", "name": "PILUBANG"}, "geometry": {"type": "Polygon", "coordinates": [[[100.739, -0.155], [100.717, -0.157], [100.706, -0.151], [100.698, -0.164], [100.693, -0.16], [100.693, -0.174], [100.7, -0.178], [100.719, -0.169], [100.729, -0.172], [100.732, -0.164], [100.74, -0.163], [100.739, -0.155]]]}}, {"type": "Feature", "properties": {"domain_id": "1307072005", "name": "DURIAN TINGGI"}, "geometry": {"type": "Polygon", "coordinates": [[[100.462, 0.325], [100.454, 0.342], [100.443, 0.318], [100.449, 0.293], [100.447, 0.265], [100.464, 0.258], [100.483, 0.225], [100.519, 0.227], [100.518, 0.242], [100.51, 0.247], [100.511, 0.259], [100.533, 0.315], [100.511, 0.318], [100.492, 0.305], [100.471, 0.311], [100.462, 0.325]]]}}, {"type": "Feature", "properties": {"domain_id": "1307072004", "name": "KOTO LAMO"}, "geometry": {"type": "Polygon", "coordinates": [[[100.519, 0.227], [100.487, 0.227], [100.405, 0.187], [100.394, 0.171], [100.387, 0.138], [100.394, 0.082], [100.425, 0.124], [100.475, 0.112], [100.485, 0.117], [100.518, 0.103], [100.545, 0.121], [100.562, 0.173], [100.546, 0.213], [100.519, 0.227]]]}}, {"type": "Feature", "properties": {"domain_id": "1307092001", "name": "LABUAH GUNUANG"}, "geometry": {"type": "Polygon", "coordinates": [[[100.73, -0.276], [100.723, -0.271], [100.694, -0.298], [100.691, -0.313], [100.699, -0.32], [100.685, -0.33], [100.714, -0.349], [100.724, -0.297], [100.732, -0.288], [100.73, -0.276]]]}}, {"type": "Feature", "properties": {"domain_id": "1307102001", "name": "SITUJUAH BATUA"}, "geometry": {"type": "Polygon", "coordinates": [[[100.661, -0.334], [100.617, -0.307], [100.616, -0.296], [100.595, -0.278], [100.587, -0.28], [100.584, -0.293], [100.593, -0.295], [100.598, -0.312], [100.625, -0.316], [100.643, -0.337], [100.662, -0.347], [100.661, -0.334]]]}}, {"type": "Feature", "properties": {"domain_id": "1307092004", "name": "BUKIK SIKUMPA"}, "geometry": {"type": "Polygon", "coordinates": [[[100.701, -0.292], [100.711, -0.266], [100.707, -0.262], [100.716, -0.257], [100.722, -0.236], [100.714, -0.235], [100.698, -0.277], [100.685, -0.33], [100.699, -0.32], [100.691, -0.312], [100.701, -0.292]]]}}, {"type": "Feature", "properties": {"domain_id": "1307102002", "name": "SITUJUAH LADANG LAWEH"}, "geometry": {"type": "Polygon", "coordinates": [[[100.662, -0.347], [100.643, -0.337], [100.625, -0.316], [100.61, -0.31], [100.609, -0.315], [100.601, -0.316], [100.603, -0.328], [100.596, -0.34], [100.608, -0.34], [100.619, -0.352], [100.664, -0.351], [100.662, -0.347]]]}}, {"type": "Feature", "properties": {"domain_id": "1307092007", "name": "TANJUANG GADANG"}, "geometry": {"type": "Polygon", "coordinates": [[[100.755, -0.29], [100.74, -0.271], [100.73, -0.276], [100.732, -0.288], [100.724, -0.297], [100.714, -0.349], [100.726, -0.354], [100.729, -0.329], [100.742, -0.309], [100.751, -0.304], [100.753, -0.309], [100.755, -0.29]]]}}, {"type": "Feature", "properties": {"domain_id": "1307092008", "name": "SITANANG"}, "geometry": {"type": "Polygon", "coordinates": [[[100.823, -0.283], [100.809, -0.27], [100.796, -0.236], [100.723, -0.271], [100.73, -0.276], [100.74, -0.271], [100.762, -0.3], [100.764, -0.292], [100.786, -0.277], [100.809, -0.292], [100.823, -0.283]]]}}, {"type": "Feature", "properties": {"domain_id": "1307102005", "name": "SITUJUAH GADANG"}, "geometry": {"type": "Polygon", "coordinates": [[[100.644, -0.277], [100.633, -0.271], [100.616, -0.275], [100.632, -0.308], [100.668, -0.329], [100.653, -0.284], [100.644, -0.277]]]}}, {"type": "Feature", "properties": {"domain_id": "1307112005", "name": "SUNGAI ANTUAN"}, "geometry": {"type": "Polygon", "coordinates": [[[100.595, -0.104], [100.6, -0.098], [100.588, -0.071], [100.563, -0.094], [100.574, -0.118], [100.595, -0.104]]]}}, {"type": "Feature", "properties": {"domain_id": "1307122002", "name": "BANJA LOWEH"}, "geometry": {"type": "Polygon", "coordinates": [[[100.519, -0.023], [100.475, -0.022], [100.479, -0.026], [100.472, -0.04], [100.458, -0.052], [100.494, -0.073], [100.52, -0.075], [100.516, -0.057], [100.524, -0.043], [100.519, -0.023]]]}}, {"type": "Feature", "properties": {"domain_id": "1307132001", "name": "SARIAK LAWEH"}, "geometry": {"type": "Polygon", "coordinates": [[[100.528, -0.197], [100.521, -0.192], [100.491, -0.229], [100.52, -0.25], [100.52, -0.24], [100.529, -0.232], [100.545, -0.225], [100.562, -0.227], [100.543, -0.2], [100.528, -0.197]]]}}, {"type": "Feature", "properties": {"domain_id": "1371021004", "name": "SAWAHAN TIMUR"}, "geometry": {"type": "Polygon", "coordinates": [[[100.374, -0.937], [100.366, -0.947], [100.379, -0.943], [100.374, -0.937]]]}}, {"type": "Feature", "properties": {"domain_id": "1307132002", "name": "KOTO TANGAH BATU AMPA"}, "geometry": {"type": "Polygon", "coordinates": [[[100.593, -0.246], [100.592, -0.235], [100.58, -0.243], [100.577, -0.239], [100.554, -0.259], [100.543, -0.259], [100.537, -0.279], [100.545, -0.284], [100.569, -0.281], [100.584, -0.292], [100.591, -0.277], [100.588, -0.272], [100.597, -0.264], [100.593, -0.246]], [[100.564, -0.263], [100.566, -0.266], [100.559, -0.265], [100.564, -0.263]]]}}, {"type": "Feature", "properties": {"domain_id": "1307132004", "name": "SUAYAN"}, "geometry": {"type": "Polygon", "coordinates": [[[100.499, -0.174], [100.473, -0.17], [100.458, -0.177], [100.444, -0.188], [100.445, -0.204], [100.47, -0.222], [100.507, -0.178], [100.499, -0.174]]]}}, {"type": "Feature", "properties": {"domain_id": "1372011007", "name": "SIMPANG RUMBIO"}, "geometry": {"type": "Polygon", "coordinates": [[[100.679, -0.801], [100.673, -0.79], [100.663, -0.798], [100.667, -0.811], [100.68, -0.806], [100.679, -0.801]]]}}, {"type": "Feature", "properties": {"domain_id": "1372021002", "name": "PASAR PANDAN AIR MATI"}, "geometry": {"type": "Polygon", "coordinates": [[[100.67, -0.786], [100.655, -0.791], [100.659, -0.794], [100.67, -0.786]]]}}, {"type": "Feature", "properties": {"domain_id": "1308052002", "name": "JAMBAK"}, "geometry": {"type": "Polygon", "coordinates": [[[100.124, 0.134], [100.104, 0.119], [100.073, 0.139], [100.042, 0.145], [100.022, 0.108], [99.996, 0.086], [100.02, 0.096], [100.048, 0.096], [100.1, 0.085], [100.129, 0.094], [100.167, 0.119], [100.162, 0.126], [100.151, 0.122], [100.124, 0.134]]]}}, {"type": "Feature", "properties": {"domain_id": "1308052005", "name": "AIA MANGGIH"}, "geometry": {"type": "Polygon", "coordinates": [[[100.195, 0.19], [100.169, 0.193], [100.141, 0.184], [100.111, 0.164], [100.067, 0.156], [100.061, 0.145], [100.042, 0.152], [100.042, 0.145], [100.073, 0.139], [100.106, 0.119], [100.125, 0.134], [100.149, 0.142], [100.163, 0.138], [100.168, 0.149], [100.207, 0.154], [100.215, 0.165], [100.195, 0.181], [100.195, 0.19]]]}}, {"type": "Feature", "properties": {"domain_id": "1310082003", "name": "KOTO BERINGIN"}, "geometry": {"type": "Polygon", "coordinates": [[[101.742, -1.047], [101.729, -1.034], [101.714, -1.032], [101.701, -1.033], [101.7, -1.04], [101.69, -1.044], [101.7, -1.063], [101.713, -1.068], [101.739, -1.058], [101.742, -1.047]]]}}, {"type": "Feature", "properties": {"domain_id": "1308082005", "name": "PINTU PADANG"}, "geometry": {"type": "Polygon", "coordinates": [[[100.206, 0.639], [100.153, 0.637], [100.143, 0.629], [100.122, 0.625], [100.121, 0.617], [100.171, 0.601], [100.205, 0.611], [100.198, 0.628], [100.206, 0.639]]]}}, {"type": "Feature", "properties": {"domain_id": "1310072005", "name": "SIMALIDU"}, "geometry": {"type": "Polygon", "coordinates": [[[101.884, -1.134], [101.885, -1.113], [101.893, -1.102], [101.882, -1.102], [101.878, -1.094], [101.866, -1.112], [101.853, -1.1], [101.845, -1.103], [101.845, -1.112], [101.831, -1.111], [101.87, -1.134], [101.876, -1.13], [101.884, -1.134]]]}}, {"type": "Feature", "properties": {"domain_id": "1309012008", "name": "SILABU"}, "geometry": {"type": "MultiPolygon", "coordinates": [[[[99.979, -2.578], [99.97, -2.579], [99.968, -2.586], [99.983, -2.596], [99.99, -2.613], [99.988, -2.623], [99.979, -2.624], [99.976, -2.63], [99.991, -2.64], [99.996, -2.66], [100.007, -2.668], [100.013, -2.683], [100.01, -2.696], [100.0, -2.697], [100.005, -2.72], [100.012, -2.728], [100.006, -2.733], [100.014, -2.742], [99.997, -2.752], [99.998, -2.764], [99.993, -2.761], [99.99, -2.765], [99.996, -2.772], [99.984, -2.766], [99.979, -2.771], [99.98, -2.776], [99.996, -2.778], [99.991, -2.788], [99.997, -2.796], [100.014, -2.793], [100.031, -2.76], [100.085, -2.75], [100.084, -2.726], [100.102, -2.716], [100.106, -2.705], [100.079, -2.666], [100.069, -2.664], [100.067, -2.646], [100.054, -2.635], [100.045, -2.639], [100.037, -2.622], [100.027, -2.618], [100.012, -2.584], [99.979, -2.578]]], [[[99.984, -2.776], [99.976, -2.788], [99.984, -2.783], [99.984, -2.776]]], [[[99.982, -2.758], [99.982, -2.757], [99.981, -2.757], [99.982, -2.758]]], [[[99.981, -2.756], [99.98, -2.758], [99.981, -2.757], [99.981, -2.756]]], [[[99.99, -2.756], [99.988, -2.757], [99.991, -2.758], [99.99, -2.756]]], [[[99.985, -2.748], [99.983, -2.757], [99.989, -2.753], [99.985, -2.748]]], [[[99.971, -2.601], [99.972, -2.6], [99.971, -2.6], [99.971, -2.601]]]]}}, {"type": "Feature", "properties": {"domain_id": "1309012009", "name": "SAUMANGANYA"}, "geometry": {"type": "MultiPolygon", "coordinates": [[[[99.993, -2.503], [99.972, -2.514], [99.976, -2.565], [99.974, -2.57], [99.96, -2.57], [99.964, -2.582], [99.977, -2.577], [100.012, -2.584], [100.027, -2.618], [100.037, -2.622], [100.045, -2.639], [100.054, -2.635], [100.067, -2.646], [100.069, -2.664], [100.079, -2.666], [100.097, -2.687], [100.099, -2.699], [100.116, -2.7], [100.132, -2.687], [100.139, -2.671], [100.129, -2.653], [100.15, -2.64], [100.119, -2.616], [100.1, -2.59], [100.091, -2.591], [100.063, -2.572], [100.028, -2.527], [99.993, -2.503]]]]}}, {"type": "Feature", "properties": {"domain_id": "1309082004", "name": "SIDO MAKMUR"}, "geometry": {"type": "Polygon", "coordinates": [[[99.592, -2.078], [99.585, -2.072], [99.557, -2.072], [99.557, -2.092], [99.592, -2.092], [99.592, -2.078]]]}}, {"type": "Feature", "properties": {"domain_id": "1309092002", "name": "TAIKAKO"}, "geometry": {"type": "MultiPolygon", "coordinates": [[[[100.153, -2.746], [100.155, -2.731], [100.142, -2.703], [100.122, -2.696], [100.105, -2.703], [100.102, -2.716], [100.084, -2.726], [100.085, -2.75], [100.05, -2.756], [100.078, -2.784], [100.101, -2.821], [100.145, -2.841], [100.142, -2.809], [100.181, -2.787], [100.18, -2.778], [100.16, -2.764], [100.153, -2.746]]], [[[100.18, -2.895], [100.181, -2.886], [100.174, -2.891], [100.18, -2.895]]], [[[100.169, -2.876], [100.161, -2.876], [100.167, -2.885], [100.169, -2.876]]], [[[100.15, -2.849], [100.15, -2.847], [100.149, -2.849], [100.15, -2.849]]], [[[100.147, -2.848], [100.132, -2.857], [100.151, -2.862], [100.147, -2.848]]], [[[100.176, -2.835], [100.177, -2.833], [100.175, -2.834], [100.176, -2.835]]], [[[100.142, -2.824], [100.142, -2.823], [100.141, -2.823], [100.142, -2.824]]], [[[100.173, -2.83], [100.178, -2.827], [100.173, -2.821], [100.173, -2.83]]], [[[100.17, -2.811], [100.164, -2.815], [100.167, -2.821], [100.17, -2.811]]], [[[100.167, -2.802], [100.17, -2.799], [100.166, -2.799], [100.167, -2.802]]], [[[100.188, -2.794], [100.178, -2.799], [100.176, -2.814], [100.184, -2.825], [100.18, -2.843], [100.196, -2.87], [100.197, -2.893], [100.205, -2.894], [100.231, -2.88], [100.261, -2.881], [100.24, -2.865], [100.254, -2.828], [100.214, -2.815], [100.195, -2.817], [100.185, -2.806], [100.188, -2.794]]]]}}, {"type": "Feature", "properties": {"domain_id": "1309092001", "name": "SIKAKAP"}, "geometry": {"type": "MultiPolygon", "coordinates": [[[[100.173, -2.691], [100.161, -2.698], [100.161, -2.72], [100.15, -2.743], [100.16, -2.764], [100.18, -2.778], [100.181, -2.787], [100.192, -2.786], [100.197, -2.775], [100.218, -2.776], [100.219, -2.754], [100.223, -2.752], [100.214, -2.726], [100.203, -2.713], [100.189, -2.714], [100.173, -2.691]]], [[[100.277, -2.834], [100.278, -2.833], [100.277, -2.833], [100.277, -2.834]]], [[[100.275, -2.831], [100.274, -2.833], [100.276, -2.833], [100.275, -2.831]]], [[[100.28, -2.832], [100.28, -2.831], [100.279, -2.831], [100.28, -2.832]]], [[[100.275, -2.827], [100.275, -2.826], [100.274, -2.826], [100.275, -2.827]]], [[[100.282, -2.828], [100.281, -2.826], [100.282, -2.834], [100.282, -2.828]]], [[[100.277, -2.827], [100.277, -2.826], [100.277, -2.828], [100.277, -2.827]]], [[[100.28, -2.822], [100.279, -2.82], [100.279, -2.821], [100.28, -2.822]]], [[[100.271, -2.818], [100.266, -2.824], [100.27, -2.832], [100.275, -2.822], [100.271, -2.818]]], [[[100.253, -2.805], [100.254, -2.804], [100.253, -2.804], [100.253, -2.805]]], [[[100.256, -2.801], [100.254, -2.804], [100.256, -2.803], [100.256, -2.801]]], [[[100.257, -2.8], [100.256, -2.8], [100.258, -2.801], [100.257, -2.8]]], [[[100.229, -2.785], [100.202, -2.786], [100.201, -2.794], [100.192, -2.796], [100.189, -2.791], [100.185, -2.807], [100.195, -2.817], [100.214, -2.815], [100.265, -2.827], [100.265, -2.814], [100.26, -2.811], [100.259, -2.82], [100.26, -2.814], [100.252, -2.815], [100.258, -2.802], [100.249, -2.807], [100.254, -2.799], [100.242, -2.8], [100.242, -2.788], [100.229, -2.785]]], [[[100.228, -2.779], [100.224, -2.775], [100.224, -2.779], [100.228, -2.779]]]]}}, {"type": "Feature", "properties": {"domain_id": "1310022006", "name": "EMPAT KOTO PULAU PUNJUNG"}, "geometry": {"type": "Polygon", "coordinates": [[[101.53, -0.962], [101.519, -0.934], [101.506, -0.93], [101.495, -0.963], [101.53, -0.962]]]}}, {"type": "Feature", "properties": {"domain_id": "1310022001", "name": "SUNGAI DAREH"}, "geometry": {"type": "Polygon", "coordinates": [[[101.557, -0.977], [101.542, -0.969], [101.535, -0.956], [101.526, -0.964], [101.457, -0.96], [101.47, -0.975], [101.469, -0.984], [101.504, -0.984], [101.526, -1.002], [101.557, -0.977]]]}}, {"type": "Feature", "properties": {"domain_id": "1310092001", "name": "PADANG LAWEH"}, "geometry": {"type": "Polygon", "coordinates": [[[101.736, -0.983], [101.734, -0.974], [101.727, -0.977], [101.724, -0.99], [101.708, -0.993], [101.72, -1.01], [101.715, -1.019], [101.726, -1.024], [101.737, -1.012], [101.735, -1.002], [101.727, -1.0], [101.736, -0.983]]]}}, {"type": "Feature", "properties": {"domain_id": "1309022007", "name": "MATOBE"}, "geometry": {"type": "Polygon", "coordinates": [[[99.717, -2.158], [99.712, -2.154], [99.706, -2.097], [99.676, -2.108], [99.677, -2.133], [99.696, -2.146], [99.694, -2.159], [99.717, -2.158]]]}}, {"type": "Feature", "properties": {"domain_id": "1309022008", "name": "SAUREINU"}, "geometry": {"type": "Polygon", "coordinates": [[[99.676, -2.108], [99.653, -2.086], [99.64, -2.093], [99.62, -2.082], [99.617, -2.098], [99.582, -2.1], [99.581, -2.112], [99.59, -2.131], [99.618, -2.148], [99.621, -2.159], [99.613, -2.183], [99.624, -2.183], [99.637, -2.2], [99.678, -2.198], [99.681, -2.182], [99.698, -2.179], [99.697, -2.149], [99.677, -2.133], [99.676, -2.108]]]}}, {"type": "Feature", "properties": {"domain_id": "1309032002", "name": "MUARA SIBERUT"}, "geometry": {"type": "MultiPolygon", "coordinates": [[[[99.204, -1.59], [99.198, -1.586], [99.199, -1.601], [99.209, -1.603], [99.224, -1.624], [99.24, -1.612], [99.266, -1.637], [99.28, -1.641], [99.278, -1.631], [99.288, -1.637], [99.273, -1.614], [99.265, -1.617], [99.271, -1.614], [99.267, -1.602], [99.254, -1.603], [99.26, -1.594], [99.233, -1.609], [99.22, -1.605], [99.215, -1.591], [99.204, -1.59]]], [[[99.293, -1.641], [99.292, -1.64], [99.292, -1.641], [99.293, -1.641]]], [[[99.287, -1.631], [99.285, -1.631], [99.286, -1.632], [99.287, -1.631]]]]}}, {"type": "Feature", "properties": {"domain_id": "1310082002", "name": "SUNGAI LANGKOK"}, "geometry": {"type": "Polygon", "coordinates": [[[101.825, -1.064], [101.807, -1.07], [101.774, -1.063], [101.77, -1.077], [101.785, -1.089], [101.776, -1.091], [101.776, -1.106], [101.788, -1.115], [101.792, -1.108], [101.804, -1.115], [101.812, -1.104], [101.812, -1.093], [101.815, -1.102], [101.832, -1.106], [101.825, -1.087], [101.825, -1.064]]]}}, {"type": "Feature", "properties": {"domain_id": "1309042004", "name": "SOTBOYAK"}, "geometry": {"type": "Polygon", "coordinates": [[[98.915, -1.134], [98.894, -1.132], [98.885, -1.141], [98.874, -1.141], [98.859, -1.156], [98.849, -1.156], [98.845, -1.169], [98.88, -1.186], [98.889, -1.202], [98.91, -1.213], [98.911, -1.224], [98.924, -1.225], [98.924, -1.242], [98.915, -1.25], [98.92, -1.26], [98.915, -1.261], [98.923, -1.277], [98.93, -1.272], [98.942, -1.284], [98.956, -1.264], [98.954, -1.248], [98.964, -1.241], [98.975, -1.247], [98.985, -1.24], [98.971, -1.208], [98.949, -1.191], [98.952, -1.181], [98.939, -1.171], [98.932, -1.147], [98.915, -1.134]]]}}, {"type": "Feature", "properties": {"domain_id": "1309052003", "name": "SIGAPOKNA"}, "geometry": {"type": "Polygon", "coordinates": [[[98.931, -0.958], [98.935, -0.945], [98.928, -0.932], [98.907, -0.946], [98.899, -0.942], [98.902, -0.927], [98.907, -0.943], [98.91, -0.941], [98.912, -0.914], [98.899, -0.906], [98.867, -0.933], [98.824, -0.94], [98.801, -0.956], [98.739, -0.959], [98.721, -0.944], [98.711, -0.945], [98.69, -0.967], [98.729, -0.996], [98.739, -1.016], [98.729, -1.022], [98.732, -1.03], [98.741, -1.044], [98.753, -1.042], [98.758, -1.048], [98.772, -1.038], [98.811, -1.038], [98.812, -1.021], [98.838, -1.018], [98.845, -1.005], [98.86, -1.002], [98.858, -0.993], [98.878, -0.99], [98.89, -0.999], [98.897, -0.992], [98.892, -0.983], [98.896, -0.972], [98.912, -0.974], [98.919, -0.971], [98.921, -0.958], [98.931, -0.958]]]}}, {"type": "Feature", "properties": {"domain_id": "1309062001", "name": "KATUREI"}, "geometry": {"type": "MultiPolygon", "coordinates": [[[[99.194, -1.598], [99.169, -1.607], [99.159, -1.642], [99.149, -1.655], [99.141, -1.652], [99.134, -1.657], [99.156, -1.68], [99.166, -1.683], [99.175, -1.676], [99.188, -1.68], [99.195, -1.696], [99.212, -1.706], [99.213, -1.725], [99.236, -1.766], [99.248, -1.777], [99.261, -1.779], [99.263, -1.772], [99.24, -1.741], [99.246, -1.732], [99.235, -1.697], [99.24, -1.699], [99.225, -1.681], [99.22, -1.662], [99.228, -1.667], [99.234, -1.684], [99.241, -1.677], [99.216, -1.64], [99.209, -1.638], [99.204, -1.646], [99.2, -1.641], [99.208, -1.634], [99.206, -1.624], [99.223, -1.63], [99.243, -1.675], [99.242, -1.684], [99.252, -1.693], [99.253, -1.712], [99.261, -1.717], [99.263, -1.712], [99.262, -1.737], [99.279, -1.752], [99.292, -1.751], [99.286, -1.727], [99.302, -1.72], [99.284, -1.7], [99.274, -1.663], [99.293, -1.653], [99.279, -1.65], [99.281, -1.644], [99.27, -1.647], [99.28, -1.641], [99.266, -1.637], [99.251, -1.618], [99.24, -1.612], [99.224, -1.624], [99.209, -1.603], [99.194, -1.598]]], [[[99.296, -1.781], [99.296, -1.779], [99.294, -1.779], [99.296, -1.781]]], [[[99.266, -1.769], [99.264, -1.77], [99.267, -1.774], [99.266, -1.769]]], [[[99.271, -1.745], [99.265, -1.746], [99.269, -1.749], [99.271, -1.745]]], [[[99.293, -1.734], [99.292, -1.736], [99.298, -1.739], [99.293, -1.734]]], [[[99.309, -1.728], [99.308, -1.727], [99.308, -1.728], [99.309, -1.728]]], [[[99.263, -1.724], [99.263, -1.723], [99.262, -1.724], [99.263, -1.724]]], [[[99.253, -1.714], [99.258, -1.725], [99.258, -1.716], [99.253, -1.714]]], [[[99.248, -1.707], [99.247, -1.703], [99.246, -1.707], [99.248, -1.707]]], [[[99.245, -1.704], [99.245, -1.703], [99.244, -1.701], [99.245, -1.704]]], [[[99.248, -1.7], [99.249, -1.697], [99.247, -1.699], [99.248, -1.7]]], [[[99.245, -1.692], [99.245, -1.696], [99.246, -1.693], [99.245, -1.692]]], [[[99.241, -1.69], [99.241, -1.688], [99.239, -1.687], [99.241, -1.69]], [[99.291, -1.685], [99.291, -1.684], [99.292, -1.686], [99.291, -1.685]]], [[[99.292, -1.684], [99.291, -1.683], [99.291, -1.684], [99.292, -1.684]]], [[[99.292, -1.684], [99.293, -1.682], [99.292, -1.682], [99.292, -1.684]]], [[[99.289, -1.682], [99.288, -1.681], [99.288, -1.682], [99.289, -1.682]]], [[[99.285, -1.682], [99.285, -1.7], [99.294, -1.706], [99.299, -1.7], [99.285, -1.682]]], [[[99.287, -1.681], [99.288, -1.679], [99.287, -1.68], [99.287, -1.681]]], [[[99.286, -1.68], [99.286, -1.679], [99.287, -1.68], [99.286, -1.68]]], [[[99.238, -1.68], [99.237, -1.679], [99.238, -1.681], [99.238, -1.68]]], [[[99.233, -1.679], [99.233, -1.678], [99.232, -1.679], [99.233, -1.679]]], [[[99.284, -1.674], [99.283, -1.677], [99.285, -1.679], [99.284, -1.674]]], [[[99.287, -1.664], [99.284, -1.673], [99.29, -1.682], [99.303, -1.686], [99.293, -1.679], [99.287, -1.664]]], [[[99.215, -1.634], [99.214, -1.634], [99.218, -1.637], [99.215, -1.634]]]]}}, {"type": "Feature", "properties": {"domain_id": "1309062002", "name": "SAGULUBBEG"}, "geometry": {"type": "Polygon", "coordinates": [[[98.93, -1.446], [98.916, -1.439], [98.914, -1.449], [98.892, -1.447], [98.878, -1.454], [98.864, -1.477], [98.873, -1.502], [98.865, -1.511], [98.844, -1.512], [98.844, -1.528], [98.837, -1.537], [98.796, -1.509], [98.805, -1.52], [98.806, -1.537], [98.837, -1.586], [98.836, -1.604], [98.825, -1.616], [98.861, -1.644], [98.878, -1.679], [98.961, -1.728], [98.965, -1.725], [98.955, -1.713], [98.963, -1.695], [98.974, -1.695], [98.981, -1.686], [98.981, -1.676], [98.989, -1.668], [98.984, -1.656], [98.997, -1.657], [98.997, -1.649], [99.013, -1.645], [99.016, -1.632], [99.032, -1.621], [99.028, -1.597], [99.015, -1.585], [99.018, -1.578], [99.008, -1.561], [98.993, -1.557], [98.976, -1.531], [98.971, -1.536], [98.964, -1.53], [98.974, -1.52], [98.968, -1.516], [98.965, -1.496], [98.93, -1.446]]]}}, {"type": "Feature", "properties": {"domain_id": "1309072001", "name": "SAIBI SAMUKOP"}, "geometry": {"type": "MultiPolygon", "coordinates": [[[[99.078, -1.291], [99.069, -1.304], [99.064, -1.296], [99.047, -1.305], [99.038, -1.301], [99.016, -1.32], [98.993, -1.313], [98.987, -1.33], [98.963, -1.304], [98.942, -1.297], [98.933, -1.308], [98.936, -1.325], [98.921, -1.322], [98.908, -1.331], [98.907, -1.343], [98.896, -1.351], [98.896, -1.362], [98.903, -1.361], [98.913, -1.376], [98.91, -1.381], [98.945, -1.414], [98.941, -1.427], [98.946, -1.439], [98.938, -1.448], [98.929, -1.448], [98.955, -1.482], [98.976, -1.447], [98.982, -1.451], [99.003, -1.431], [99.027, -1.426], [99.036, -1.434], [99.045, -1.428], [99.054, -1.436], [99.06, -1.434], [99.065, -1.42], [99.058, -1.397], [99.068, -1.394], [99.101, -1.408], [99.107, -1.423], [99.136, -1.441], [99.146, -1.436], [99.154, -1.446], [99.169, -1.441], [99.146, -1.399], [99.141, -1.397], [99.128, -1.409], [99.125, -1.407], [99.134, -1.396], [99.129, -1.386], [99.114, -1.388], [99.113, -1.399], [99.109, -1.39], [99.103, -1.392], [99.117, -1.378], [99.109, -1.379], [99.098, -1.363], [99.089, -1.333], [99.092, -1.317], [99.078, -1.291]]], [[[99.112, -1.357], [99.112, -1.356], [99.111, -1.356], [99.112, -1.357]]], [[[99.112, -1.354], [99.11, -1.364], [99.121, -1.366], [99.122, -1.36], [99.112, -1.354]]], [[[99.111, -1.352], [99.11, -1.354], [99.111, -1.355], [99.111, -1.352]]], [[[99.112, -1.351], [99.112, -1.352], [99.113, -1.352], [99.112, -1.351]]]]}}, {"type": "Feature", "properties": {"domain_id": "1309072002", "name": "CIMPUNGAN"}, "geometry": {"type": "MultiPolygon", "coordinates": [[[[99.057, -1.237], [99.022, -1.236], [98.991, -1.245], [98.985, -1.24], [98.975, -1.247], [98.964, -1.241], [98.953, -1.25], [98.956, -1.264], [98.942, -1.281], [98.942, -1.297], [98.963, -1.304], [98.987, -1.33], [98.994, -1.313], [99.016, -1.32], [99.038, -1.301], [99.047, -1.305], [99.058, -1.295], [99.051, -1.296], [99.053, -1.29], [99.065, -1.29], [99.052, -1.273], [99.065, -1.275], [99.069, -1.272], [99.065, -1.265], [99.07, -1.267], [99.057, -1.237]]], [[[99.069, -1.275], [99.069, -1.274], [99.068, -1.274], [99.069, -1.275]]], [[[99.068, -1.267], [99.069, -1.267], [99.068, -1.266], [99.068, -1.267]]]]}}, {"type": "Feature", "properties": {"domain_id": "1309102003", "name": "MALAKOPA"}, "geometry": {"type": "MultiPolygon", "coordinates": [[[[100.244, -2.895], [100.231, -2.88], [100.205, -2.894], [100.197, -2.893], [100.191, -2.906], [100.201, -2.921], [100.202, -2.938], [100.192, -2.944], [100.194, -2.954], [100.183, -2.956], [100.181, -2.964], [100.192, -2.971], [100.189, -2.991], [100.202, -2.996], [100.213, -3.021], [100.224, -3.024], [100.222, -3.035], [100.232, -3.037], [100.234, -3.058], [100.248, -3.043], [100.26, -3.052], [100.269, -3.044], [100.283, -3.043], [100.301, -3.02], [100.301, -3.007], [100.284, -2.993], [100.271, -2.965], [100.27, -2.938], [100.249, -2.913], [100.244, -2.895]], [[100.272, -2.994], [100.274, -2.991], [100.274, -3.002], [100.272, -2.994]]], [[[100.18, -3.056], [100.173, -3.055], [100.172, -3.062], [100.182, -3.075], [100.191, -3.077], [100.198, -3.064], [100.18, -3.056]]], [[[100.156, -3.012], [100.146, -3.01], [100.152, -3.027], [100.156, -3.012]]], [[[100.169, -3.012], [100.16, -3.007], [100.163, -3.011], [100.169, -3.012]]]]}}, {"type": "Feature", "properties": {"domain_id": "1309102001", "name": "SINAKA"}, "geometry": {"type": "MultiPolygon", "coordinates": [[[[100.413, -2.969], [100.404, -2.967], [100.381, -2.993], [100.323, -3.016], [100.336, -3.036], [100.363, -3.056], [100.362, -3.065], [100.35, -3.067], [100.353, -3.086], [100.367, -3.1], [100.352, -3.126], [100.348, -3.156], [100.366, -3.184], [100.365, -3.199], [100.376, -3.208], [100.378, -3.222], [100.386, -3.225], [100.383, -3.233], [100.4, -3.25], [100.401, -3.267], [100.43, -3.303], [100.444, -3.312], [100.445, -3.323], [100.461, -3.336], [100.465, -3.347], [100.473, -3.336], [100.464, -3.323], [100.465, -3.313], [100.446, -3.285], [100.433, -3.281], [100.43, -3.259], [100.412, -3.246], [100.406, -3.229], [100.397, -3.227], [100.392, -3.198], [100.375, -3.18], [100.393, -3.198], [100.404, -3.2], [100.411, -3.194], [100.397, -3.175], [100.367, -3.172], [100.361, -3.165], [100.378, -3.165], [100.385, -3.158], [100.392, -3.161], [100.389, -3.156], [100.393, -3.152], [100.424, -3.158], [100.428, -3.143], [100.44, -3.152], [100.472, -3.143], [100.473, -3.128], [100.46, -3.124], [100.458, -3.114], [100.463, -3.108], [100.462, -3.074], [100.469, -3.068], [100.469, -3.044], [100.465, -3.041], [100.462, -3.053], [100.452, -3.045], [100.447, -3.023], [100.45, -3.019], [100.455, -3.03], [100.452, -3.018], [100.459, -3.016], [100.449, -3.007], [100.44, -3.011], [100.43, -3.004], [100.428, -2.99], [100.413, -2.969]]], [[[100.782, -3.565], [100.781, -3.573], [100.786, -3.57], [100.782, -3.565]]], [[[100.669, -3.482], [100.638, -3.467], [100.636, -3.482], [100.645, -3.488], [100.676, -3.489], [100.677, -3.48], [100.669, -3.482]]], [[[100.682, -3.456], [100.679, -3.453], [100.679, -3.455], [100.682, -3.456]]], [[[100.455, -3.284], [100.452, -3.285], [100.457, -3.291], [100.455, -3.284]]], [[[100.57, -3.275], [100.568, -3.258], [100.565, -3.272], [100.57, -3.275]]], [[[100.437, -3.259], [100.433, -3.256], [100.44, -3.27], [100.437, -3.259]]], [[[100.431, -3.246], [100.432, -3.245], [100.43, -3.245], [100.431, -3.246]]], [[[100.522, -3.248], [100.522, -3.235], [100.518, -3.241], [100.522, -3.248]]], [[[100.491, -3.23], [100.49, -3.23], [100.491, -3.231], [100.491, -3.23]]], [[[100.401, -3.223], [100.4, -3.221], [100.399, -3.221], [100.401, -3.223]]], [[[100.408, -3.223], [100.404, -3.223], [100.41, -3.23], [100.421, -3.235], [100.417, -3.224], [100.408, -3.223]]], [[[100.485, -3.216], [100.477, -3.21], [100.487, -3.229], [100.485, -3.216]]], [[[100.448, -3.204], [100.446, -3.209], [100.463, -3.221], [100.458, -3.207], [100.448, -3.204]]], [[[100.483, -3.205], [100.484, -3.203], [100.481, -3.202], [100.483, -3.205]]], [[[100.533, -3.201], [100.532, -3.201], [100.534, -3.202], [100.533, -3.201]]], [[[100.527, -3.202], [100.525, -3.202], [100.531, -3.203], [100.527, -3.202]]], [[[100.502, -3.2], [100.499, -3.202], [100.5, -3.206], [100.502, -3.2]]], [[[100.398, -3.201], [100.392, -3.202], [100.395, -3.214], [100.404, -3.219], [100.406, -3.204], [100.398, -3.201]]], [[[100.495, -3.199], [100.495, -3.198], [100.495, -3.197], [100.495, -3.199]]], [[[100.498, -3.196], [100.496, -3.196], [100.498, -3.197], [100.498, -3.196]]], [[[100.531, -3.195], [100.53, -3.194], [100.53, -3.195], [100.531, -3.195]]], [[[100.485, -3.191], [100.483, -3.193], [100.484, -3.195], [100.485, -3.191]]], [[[100.406, -3.178], [100.405, -3.178], [100.407, -3.178], [100.406, -3.178]]], [[[100.413, -3.179], [100.412, -3.175], [100.41, -3.176], [100.413, -3.179]]], [[[100.375, -3.169], [100.375, -3.168], [100.374, -3.167], [100.375, -3.169]]], [[[100.507, -3.168], [100.507, -3.166], [100.506, -3.167], [100.507, -3.168]]], [[[100.404, -3.17], [100.403, -3.167], [100.4, -3.165], [100.404, -3.17]]], [[[100.504, -3.164], [100.503, -3.164], [100.506, -3.165], [100.504, -3.164]]], [[[100.398, -3.166], [100.397, -3.163], [100.397, -3.164], [100.398, -3.166]]], [[[100.393, -3.158], [100.393, -3.157], [100.392, -3.157], [100.393, -3.158]]], [[[100.44, -3.156], [100.439, -3.158], [100.442, -3.158], [100.44, -3.156]]], [[[100.494, -3.142], [100.485, -3.158], [100.492, -3.185], [100.51, -3.204], [100.515, -3.196], [100.534, -3.199], [100.508, -3.179], [100.509, -3.169], [100.499, -3.164], [100.502, -3.151], [100.494, -3.142]]], [[[100.476, -3.128], [100.474, -3.128], [100.475, -3.133], [100.476, -3.128]]], [[[100.467, -3.081], [100.465, -3.087], [100.471, -3.089], [100.467, -3.081]]], [[[100.458, -3.047], [100.458, -3.046], [100.457, -3.047], [100.458, -3.047]]], [[[100.456, -3.045], [100.457, -3.043], [100.456, -3.043], [100.456, -3.045]]], [[[100.452, -3.044], [100.453, -3.043], [100.453, -3.042], [100.452, -3.044]]], [[[100.468, -3.042], [100.468, -3.041], [100.467, -3.041], [100.468, -3.042]]], [[[100.462, -3.039], [100.458, -3.039], [100.46, -3.05], [100.462, -3.039]]], [[[100.459, -3.038], [100.459, -3.037], [100.458, -3.038], [100.459, -3.038]]], [[[100.457, -3.038], [100.457, -3.036], [100.456, -3.038], [100.457, -3.038]]], [[[100.456, -3.037], [100.456, -3.036], [100.456, -3.035], [100.456, -3.037]]], [[[100.456, -3.035], [100.456, -3.034], [100.456, -3.033], [100.456, -3.035]]], [[[100.455, -3.033], [100.453, -3.033], [100.455, -3.036], [100.455, -3.033]]], [[[100.459, -3.029], [100.464, -3.035], [100.464, -3.03], [100.459, -3.029]]], [[[100.452, -3.025], [100.451, -3.024], [100.452, -3.026], [100.452, -3.025]]], [[[100.458, -3.018], [100.46, -3.028], [100.469, -3.028], [100.469, -3.02], [100.458, -3.018]]], [[[100.461, -3.018], [100.46, -3.017], [100.46, -3.018], [100.461, -3.018]], [[100.459, -3.017], [100.459, -3.016], [100.46, -3.018], [100.459, -3.017]]], [[[100.438, -3.005], [100.438, -3.004], [100.437, -3.003], [100.438, -3.005]]], [[[100.433, -3.002], [100.433, -3.001], [100.432, -3.0], [100.433, -3.002]]], [[[100.429, -3.0], [100.428, -2.999], [100.428, -3.0], [100.429, -3.0]]], [[[100.435, -2.998], [100.431, -2.996], [100.435, -3.003], [100.435, -2.998]]], [[[100.425, -2.982], [100.423, -2.982], [100.426, -2.985], [100.425, -2.982]]]]}}, {"type": "Feature", "properties": {"domain_id": "1309102004", "name": "MAKALO"}, "geometry": {"type": "MultiPolygon", "coordinates": [[[[100.263, -2.827], [100.254, -2.828], [100.24, -2.865], [100.261, -2.881], [100.231, -2.884], [100.244, -2.894], [100.254, -2.92], [100.267, -2.931], [100.272, -2.966], [100.284, -2.993], [100.301, -3.007], [100.301, -3.02], [100.329, -3.015], [100.381, -2.993], [100.405, -2.969], [100.381, -2.933], [100.347, -2.894], [100.31, -2.875], [100.296, -2.852], [100.291, -2.859], [100.284, -2.852], [100.285, -2.845], [100.276, -2.85], [100.276, -2.842], [100.268, -2.844], [100.272, -2.837], [100.263, -2.827]]], [[[100.294, -2.856], [100.292, -2.856], [100.293, -2.858], [100.294, -2.856]]]]}}, {"type": "Feature", "properties": {"domain_id": "1310032003", "name": "SUNGAI RUMBAI"}, "geometry": {"type": "Polygon", "coordinates": [[[101.726, -1.186], [101.72, -1.18], [101.726, -1.188], [101.707, -1.214], [101.711, -1.225], [101.719, -1.227], [101.722, -1.241], [101.741, -1.23], [101.726, -1.186]]]}}, {"type": "Feature", "properties": {"domain_id": "1310042001", "name": "SITIUNG"}, "geometry": {"type": "Polygon", "coordinates": [[[101.628, -0.951], [101.614, -0.945], [101.605, -0.951], [101.615, -0.969], [101.608, -0.981], [101.6, -0.968], [101.599, -0.983], [101.592, -0.986], [101.588, -0.981], [101.592, -0.996], [101.609, -1.003], [101.607, -1.01], [101.623, -1.023], [101.639, -1.024], [101.644, -1.017], [101.66, -1.021], [101.655, -1.01], [101.668, -1.005], [101.684, -1.015], [101.684, -0.996], [101.674, -0.995], [101.654, -0.96], [101.646, -0.959], [101.642, -0.968], [101.63, -0.964], [101.628, -0.951]]]}}, {"type": "Feature", "properties": {"domain_id": "1310042004", "name": "GUNUNG MEDAN"}, "geometry": {"type": "Polygon", "coordinates": [[[101.653, -1.022], [101.644, -1.017], [101.639, -1.024], [101.623, -1.023], [101.607, -1.01], [101.609, -1.003], [101.593, -0.997], [101.597, -1.005], [101.589, -1.015], [101.588, -1.049], [101.572, -1.059], [101.567, -1.076], [101.556, -1.081], [101.558, -1.087], [101.53, -1.11], [101.531, -1.12], [101.566, -1.106], [101.575, -1.093], [101.624, -1.076], [101.631, -1.058], [101.644, -1.049], [101.639, -1.043], [101.643, -1.035], [101.65, -1.038], [101.653, -1.022]]]}}, {"type": "Feature", "properties": {"domain_id": "1310062005", "name": "RANAH PALABI"}, "geometry": {"type": "Polygon", "coordinates": [[[101.734, -0.974], [101.734, -0.957], [101.726, -0.96], [101.722, -0.952], [101.7, -0.951], [101.693, -0.944], [101.686, -0.949], [101.698, -0.965], [101.697, -0.981], [101.681, -0.985], [101.674, -0.995], [101.708, -1.009], [101.713, -1.005], [101.708, -0.993], [101.724, -0.99], [101.727, -0.977], [101.734, -0.974]]]}}, {"type": "Feature", "properties": {"domain_id": "1310092003", "name": "MUARO SOPAN"}, "geometry": {"type": "Polygon", "coordinates": [[[101.742, -1.015], [101.75, -1.004], [101.747, -0.983], [101.736, -0.983], [101.727, -1.0], [101.735, -1.002], [101.742, -1.015]]]}}, {"type": "Feature", "properties": {"domain_id": "1310102002", "name": "ALAHAN NAN TIGO"}, "geometry": {"type": "Polygon", "coordinates": [[[101.644, -1.403], [101.626, -1.413], [101.609, -1.437], [101.582, -1.448], [101.561, -1.444], [101.625, -1.498], [101.596, -1.542], [101.604, -1.56], [101.619, -1.545], [101.623, -1.527], [101.642, -1.521], [101.642, -1.513], [101.656, -1.512], [101.656, -1.498], [101.681, -1.495], [101.683, -1.458], [101.666, -1.45], [101.644, -1.403]]]}}, {"type": "Feature", "properties": {"domain_id": "1310112001", "name": "KOTO BESAR"}, "geometry": {"type": "Polygon", "coordinates": [[[101.72, -1.183], [101.695, -1.171], [101.68, -1.184], [101.662, -1.184], [101.659, -1.2], [101.631, -1.209], [101.619, -1.228], [101.591, -1.227], [101.578, -1.244], [101.571, -1.277], [101.551, -1.311], [101.549, -1.326], [101.591, -1.328], [101.591, -1.318], [101.602, -1.303], [101.615, -1.31], [101.627, -1.296], [101.637, -1.297], [101.635, -1.248], [101.65, -1.248], [101.656, -1.224], [101.669, -1.219], [101.683, -1.224], [101.689, -1.243], [101.703, -1.246], [101.714, -1.233], [101.709, -1.231], [101.71, -1.237], [101.701, -1.239], [101.699, -1.234], [101.711, -1.224], [101.709, -1.211], [101.726, -1.188], [101.72, -1.183]]]}}, {"type": "Feature", "properties": {"domain_id": "1311012001", "name": "LUBUK GADANG"}, "geometry": {"type": "Polygon", "coordinates": [[[101.248, -1.435], [101.215, -1.418], [101.197, -1.431], [101.199, -1.439], [101.181, -1.46], [101.201, -1.477], [101.187, -1.484], [101.183, -1.493], [101.192, -1.515], [101.181, -1.525], [101.197, -1.534], [101.199, -1.553], [101.217, -1.547], [101.237, -1.559], [101.238, -1.573], [101.247, -1.585], [101.246, -1.606], [101.259, -1.618], [101.255, -1.625], [101.265, -1.677], [101.26, -1.688], [101.266, -1.696], [101.292, -1.67], [101.297, -1.652], [101.293, -1.64], [101.304, -1.634], [101.301, -1.613], [101.313, -1.581], [101.305, -1.58], [101.288, -1.595], [101.281, -1.584], [101.285, -1.572], [101.265, -1.575], [101.259, -1.553], [101.267, -1.553], [101.277, -1.533], [101.264, -1.525], [101.252, -1.503], [101.257, -1.494], [101.245, -1.463], [101.248, -1.435]]]}}, {"type": "Feature", "properties": {"domain_id": "1371021006", "name": "KUBU MARAPALAM"}, "geometry": {"type": "Polygon", "coordinates": [[[100.392, -0.954], [100.381, -0.949], [100.389, -0.956], [100.392, -0.954]]]}}, {"type": "Feature", "properties": {"domain_id": "1311052003", "name": "LUBUK ULANG ALING"}, "geometry": {"type": "Polygon", "coordinates": [[[101.437, -1.007], [101.424, -1.007], [101.417, -1.028], [101.404, -1.038], [101.376, -1.048], [101.36, -1.041], [101.343, -1.047], [101.349, -1.06], [101.343, -1.072], [101.365, -1.106], [101.409, -1.14], [101.416, -1.119], [101.44, -1.089], [101.44, -1.059], [101.46, -1.031], [101.454, -1.011], [101.437, -1.007]]]}}, {"type": "Feature", "properties": {"domain_id": "1311032004", "name": "PAKAN RABAA TENGAH"}, "geometry": {"type": "Polygon", "coordinates": [[[101.033, -1.409], [101.026, -1.407], [101.007, -1.375], [100.987, -1.373], [100.962, -1.389], [100.933, -1.421], [100.94, -1.431], [100.935, -1.462], [100.945, -1.471], [100.962, -1.456], [101.001, -1.442], [101.016, -1.421], [101.033, -1.409]]]}}, {"type": "Feature", "properties": {"domain_id": "1311052002", "name": "DUSUN TANGAH"}, "geometry": {"type": "Polygon", "coordinates": [[[101.411, -1.184], [101.37, -1.185], [101.366, -1.196], [101.362, -1.266], [101.38, -1.28], [101.416, -1.282], [101.468, -1.259], [101.447, -1.241], [101.445, -1.22], [101.45, -1.211], [101.433, -1.206], [101.411, -1.184]]]}}, {"type": "Feature", "properties": {"domain_id": "1311042002", "name": "BIDAR ALAM"}, "geometry": {"type": "Polygon", "coordinates": [[[101.413, -1.398], [101.361, -1.388], [101.362, -1.4], [101.348, -1.428], [101.386, -1.427], [101.397, -1.436], [101.4, -1.42], [101.418, -1.408], [101.413, -1.398]]]}}, {"type": "Feature", "properties": {"domain_id": "1311062004", "name": "PAUH DUO NAN BATIGO"}, "geometry": {"type": "Polygon", "coordinates": [[[101.084, -1.519], [101.08, -1.518], [101.08, -1.531], [101.107, -1.557], [101.117, -1.579], [101.127, -1.582], [101.132, -1.574], [101.084, -1.519]]]}}, {"type": "Feature", "properties": {"domain_id": "1312052001", "name": "KINALI"}, "geometry": {"type": "MultiPolygon", "coordinates": [[[[99.995, 0.022], [99.987, 0.026], [99.977, 0.052], [99.96, 0.053], [99.9, 0.026], [99.903, 0.008], [99.912, 0.007], [99.911, -0.004], [99.887, -0.0], [99.889, 0.005], [99.882, 0.001], [99.88, 0.014], [99.866, 0.014], [99.861, 0.007], [99.829, 0.002], [99.824, -0.007], [99.808, -0.013], [99.808, -0.027], [99.82, -0.037], [99.822, -0.053], [99.791, -0.096], [99.793, -0.112], [99.782, -0.131], [99.769, -0.147], [99.749, -0.146], [99.771, -0.176], [99.788, -0.173], [99.788, -0.182], [99.805, -0.182], [99.987, -0.159], [99.994, -0.142], [99.986, -0.141], [99.986, -0.147], [99.982, -0.139], [100.018, -0.091], [100.011, -0.068], [100.017, -0.065], [100.021, -0.072], [100.038, -0.067], [100.03, -0.061], [100.039, -0.037], [100.024, -0.024], [100.028, 0.003], [100.009, 0.024], [99.995, 0.022]]], [[[99.751, -0.149], [99.752, -0.148], [99.751, -0.147], [99.751, -0.149]]]]}}, {"type": "Feature", "properties": {"domain_id": "1311072002", "name": "TALAO SUNGAI KUNYIT"}, "geometry": {"type": "Polygon", "coordinates": [[[101.546, -1.473], [101.519, -1.466], [101.506, -1.471], [101.473, -1.468], [101.428, -1.48], [101.425, -1.493], [101.435, -1.513], [101.413, -1.526], [101.412, -1.54], [101.404, -1.547], [101.402, -1.575], [101.382, -1.604], [101.379, -1.632], [101.385, -1.661], [101.402, -1.679], [101.412, -1.673], [101.427, -1.677], [101.431, -1.642], [101.441, -1.627], [101.487, -1.58], [101.51, -1.573], [101.526, -1.529], [101.541, -1.514], [101.527, -1.486], [101.546, -1.473]]]}}, {"type": "Feature", "properties": {"domain_id": "1312022001", "name": "UJUNG GADING"}, "geometry": {"type": "Polygon", "coordinates": [[[99.676, 0.474], [99.661, 0.504], [99.665, 0.516], [99.643, 0.545], [99.587, 0.516], [99.59, 0.453], [99.569, 0.415], [99.552, 0.401], [99.557, 0.395], [99.547, 0.353], [99.556, 0.317], [99.537, 0.286], [99.539, 0.262], [99.506, 0.238], [99.515, 0.23], [99.515, 0.22], [99.486, 0.196], [99.515, 0.172], [99.552, 0.204], [99.575, 0.204], [99.579, 0.222], [99.589, 0.228], [99.587, 0.244], [99.596, 0.272], [99.589, 0.292], [99.588, 0.369], [99.597, 0.376], [99.61, 0.414], [99.652, 0.428], [99.666, 0.469], [99.676, 0.474]]]}}, {"type": "Feature", "properties": {"domain_id": "1312012001", "name": "AIA BANGIH"}, "geometry": {"type": "MultiPolygon", "coordinates": [[[[99.281, 0.343], [99.263, 0.345], [99.258, 0.338], [99.246, 0.338], [99.242, 0.328], [99.223, 0.329], [99.194, 0.312], [99.187, 0.292], [99.196, 0.272], [99.175, 0.249], [99.168, 0.226], [99.183, 0.24], [99.178, 0.25], [99.191, 0.254], [99.192, 0.236], [99.204, 0.233], [99.21, 0.216], [99.221, 0.21], [99.233, 0.215], [99.237, 0.207], [99.243, 0.217], [99.263, 0.202], [99.268, 0.223], [99.272, 0.219], [99.314, 0.238], [99.338, 0.237], [99.36, 0.228], [99.359, 0.216], [99.377, 0.208], [99.374, 0.19], [99.392, 0.187], [99.387, 0.174], [99.398, 0.151], [99.412, 0.153], [99.425, 0.147], [99.436, 0.188], [99.435, 0.218], [99.456, 0.219], [99.455, 0.237], [99.441, 0.262], [99.401, 0.272], [99.388, 0.285], [99.383, 0.31], [99.388, 0.33], [99.316, 0.334], [99.281, 0.343]]], [[[99.361, 0.123], [99.362, 0.127], [99.36, 0.125], [99.361, 0.123]]], [[[99.295, 0.14], [99.294, 0.144], [99.292, 0.14], [99.295, 0.14]]], [[[99.28, 0.178], [99.279, 0.173], [99.284, 0.172], [99.28, 0.178]]], [[[99.299, 0.187], [99.297, 0.185], [99.299, 0.186], [99.299, 0.187]]], [[[99.312, 0.195], [99.303, 0.187], [99.304, 0.181], [99.312, 0.185], [99.312, 0.195]]], [[[99.301, 0.225], [99.3, 0.224], [99.302, 0.223], [99.301, 0.225]]], [[[99.288, 0.228], [99.28, 0.219], [99.292, 0.209], [99.296, 0.216], [99.288, 0.228]]], [[[99.192, 0.234], [99.191, 0.235], [99.191, 0.234], [99.192, 0.234]]]]}}, {"type": "Feature", "properties": {"domain_id": "1312032004", "name": "AUA KUNIANG"}, "geometry": {"type": "Polygon", "coordinates": [[[99.989, 0.078], [99.932, 0.13], [99.925, 0.143], [99.892, 0.165], [99.888, 0.182], [99.869, 0.194], [99.868, 0.172], [99.847, 0.133], [99.852, 0.11], [99.846, 0.103], [99.846, 0.085], [99.867, 0.092], [99.88, 0.076], [99.842, 0.06], [99.842, 0.04], [99.852, 0.04], [99.852, 0.06], [99.868, 0.065], [99.871, 0.034], [99.882, 0.036], [99.881, 0.058], [99.977, 0.052], [99.988, 0.026], [100.009, 0.024], [100.028, 0.003], [100.036, 0.01], [99.998, 0.037], [99.981, 0.071], [99.989, 0.078]]]}}, {"type": "Feature", "properties": {"domain_id": "1312032006", "name": "AIA GADANG"}, "geometry": {"type": "Polygon", "coordinates": [[[99.817, 0.191], [99.688, 0.194], [99.663, 0.18], [99.667, 0.146], [99.659, 0.135], [99.749, 0.137], [99.755, 0.127], [99.777, 0.116], [99.824, 0.119], [99.824, 0.132], [99.852, 0.171], [99.817, 0.191]]]}}, {"type": "Feature", "properties": {"domain_id": "1312062001", "name": "MUARO KIAWAI"}, "geometry": {"type": "Polygon", "coordinates": [[[99.85, 0.218], [99.846, 0.267], [99.827, 0.262], [99.809, 0.286], [99.79, 0.291], [99.756, 0.257], [99.766, 0.242], [99.765, 0.229], [99.727, 0.257], [99.694, 0.245], [99.702, 0.24], [99.708, 0.222], [99.707, 0.2], [99.688, 0.195], [99.817, 0.194], [99.827, 0.189], [99.843, 0.196], [99.85, 0.218]]]}}, {"type": "Feature", "properties": {"domain_id": "1312062002", "name": "RABI JONGGOR"}, "geometry": {"type": "Polygon", "coordinates": [[[99.797, 0.475], [99.782, 0.482], [99.742, 0.478], [99.721, 0.451], [99.699, 0.469], [99.689, 0.469], [99.683, 0.451], [99.686, 0.421], [99.671, 0.389], [99.672, 0.377], [99.69, 0.37], [99.694, 0.359], [99.677, 0.332], [99.682, 0.317], [99.668, 0.302], [99.676, 0.283], [99.669, 0.273], [99.683, 0.268], [99.689, 0.241], [99.709, 0.255], [99.727, 0.257], [99.765, 0.229], [99.766, 0.242], [99.756, 0.257], [99.786, 0.29], [99.797, 0.29], [99.787, 0.321], [99.764, 0.312], [99.757, 0.317], [99.752, 0.333], [99.777, 0.359], [99.743, 0.385], [99.749, 0.401], [99.773, 0.401], [99.767, 0.421], [99.795, 0.412], [99.826, 0.421], [99.827, 0.459], [99.81, 0.463], [99.797, 0.475]]]}}, {"type": "Feature", "properties": {"domain_id": "1312072001", "name": "BATAHAN"}, "geometry": {"type": "Polygon", "coordinates": [[[99.54, 0.518], [99.513, 0.538], [99.519, 0.552], [99.476, 0.526], [99.439, 0.478], [99.428, 0.476], [99.41, 0.484], [99.398, 0.463], [99.366, 0.432], [99.354, 0.397], [99.367, 0.39], [99.395, 0.397], [99.394, 0.38], [99.375, 0.362], [99.363, 0.361], [99.358, 0.333], [99.388, 0.33], [99.394, 0.34], [99.411, 0.341], [99.438, 0.327], [99.458, 0.332], [99.462, 0.34], [99.452, 0.349], [99.466, 0.379], [99.493, 0.375], [99.497, 0.409], [99.53, 0.43], [99.53, 0.467], [99.524, 0.473], [99.531, 0.48], [99.54, 0.518]]]}}, {"type": "Feature", "properties": {"domain_id": "1312072002", "name": "DESA BARU"}, "geometry": {"type": "Polygon", "coordinates": [[[99.358, 0.333], [99.363, 0.361], [99.375, 0.362], [99.394, 0.38], [99.394, 0.398], [99.367, 0.39], [99.354, 0.397], [99.319, 0.337], [99.358, 0.333]]]}}, {"type": "Feature", "properties": {"domain_id": "1312082001", "name": "PARIT"}, "geometry": {"type": "Polygon", "coordinates": [[[99.587, 0.516], [99.573, 0.509], [99.538, 0.517], [99.534, 0.488], [99.524, 0.473], [99.53, 0.467], [99.53, 0.43], [99.497, 0.409], [99.493, 0.375], [99.466, 0.379], [99.452, 0.349], [99.462, 0.34], [99.458, 0.332], [99.438, 0.327], [99.411, 0.341], [99.389, 0.336], [99.383, 0.31], [99.388, 0.285], [99.423, 0.263], [99.44, 0.262], [99.456, 0.236], [99.456, 0.219], [99.435, 0.218], [99.436, 0.188], [99.426, 0.148], [99.475, 0.133], [99.476, 0.139], [99.481, 0.138], [99.48, 0.165], [99.515, 0.172], [99.486, 0.196], [99.515, 0.22], [99.515, 0.23], [99.506, 0.238], [99.539, 0.262], [99.537, 0.286], [99.556, 0.317], [99.547, 0.353], [99.557, 0.395], [99.552, 0.401], [99.569, 0.415], [99.59, 0.453], [99.587, 0.516]]]}}, {"type": "Feature", "properties": {"domain_id": "1312092001", "name": "SUNGAI AUA"}, "geometry": {"type": "Polygon", "coordinates": [[[99.689, 0.469], [99.676, 0.474], [99.668, 0.471], [99.652, 0.428], [99.61, 0.414], [99.597, 0.376], [99.588, 0.369], [99.589, 0.292], [99.596, 0.266], [99.587, 0.244], [99.589, 0.228], [99.579, 0.222], [99.575, 0.204], [99.552, 0.204], [99.508, 0.167], [99.48, 0.165], [99.481, 0.138], [99.476, 0.139], [99.475, 0.133], [99.572, 0.089], [99.582, 0.098], [99.597, 0.098], [99.623, 0.119], [99.643, 0.105], [99.652, 0.11], [99.65, 0.12], [99.66, 0.125], [99.659, 0.137], [99.667, 0.146], [99.663, 0.18], [99.693, 0.199], [99.707, 0.2], [99.702, 0.24], [99.694, 0.245], [99.688, 0.241], [99.683, 0.268], [99.668, 0.277], [99.676, 0.281], [99.668, 0.303], [99.682, 0.317], [99.677, 0.332], [99.694, 0.359], [99.69, 0.37], [99.672, 0.377], [99.671, 0.389], [99.686, 0.421], [99.683, 0.451], [99.689, 0.469]]]}}, {"type": "Feature", "properties": {"domain_id": "1312112001", "name": "SASAK"}, "geometry": {"type": "Polygon", "coordinates": [[[99.647, 0.105], [99.623, 0.119], [99.597, 0.098], [99.582, 0.098], [99.572, 0.089], [99.646, 0.046], [99.692, 0.001], [99.747, -0.038], [99.754, -0.02], [99.753, -0.005], [99.769, 0.002], [99.777, 0.019], [99.73, 0.017], [99.733, 0.022], [99.707, 0.065], [99.7, 0.068], [99.702, 0.058], [99.697, 0.065], [99.694, 0.062], [99.671, 0.086], [99.659, 0.079], [99.647, 0.105]]]}}, {"type": "Feature", "properties": {"domain_id": "1371031004", "name": "PURUS"}, "geometry": {"type": "Polygon", "coordinates": [[[100.35, -0.931], [100.351, -0.943], [100.354, -0.943], [100.35, -0.931]]]}}, {"type": "Feature", "properties": {"domain_id": "1371031008", "name": "BELAKANG TANGSI"}, "geometry": {"type": "Polygon", "coordinates": [[[100.36, -0.952], [100.352, -0.952], [100.353, -0.96], [100.36, -0.952]]]}}, {"type": "Feature", "properties": {"domain_id": "1371031010", "name": "BEROK NIPAH"}, "geometry": {"type": "Polygon", "coordinates": [[[100.359, -0.965], [100.358, -0.96], [100.351, -0.965], [100.359, -0.965]]]}}, {"type": "Feature", "properties": {"domain_id": "1371011009", "name": "RAWANG"}, "geometry": {"type": "Polygon", "coordinates": [[[100.386, -0.978], [100.38, -0.976], [100.371, -0.988], [100.379, -0.993], [100.386, -0.978]]]}}, {"type": "Feature", "properties": {"domain_id": "1371031009", "name": "KAMPUNG PONDOK"}, "geometry": {"type": "Polygon", "coordinates": [[[100.363, -0.961], [100.36, -0.952], [100.359, -0.965], [100.363, -0.961]]]}}, {"type": "Feature", "properties": {"domain_id": "1371031007", "name": "KAMPUNG JAWA"}, "geometry": {"type": "Polygon", "coordinates": [[[100.362, -0.944], [100.356, -0.943], [100.357, -0.952], [100.364, -0.951], [100.362, -0.944]]]}}, {"type": "Feature", "properties": {"domain_id": "1371021001", "name": "SAWAHAN"}, "geometry": {"type": "Polygon", "coordinates": [[[100.366, -0.943], [100.364, -0.951], [100.372, -0.947], [100.366, -0.943]]]}}, {"type": "Feature", "properties": {"domain_id": "1371021010", "name": "GANTING PARAK GADANG"}, "geometry": {"type": "Polygon", "coordinates": [[[100.381, -0.949], [100.374, -0.946], [100.367, -0.954], [100.372, -0.959], [100.371, -0.953], [100.376, -0.955], [100.381, -0.949]]]}}, {"type": "Feature", "properties": {"domain_id": "1371041003", "name": "ULAK KARANG UTARA"}, "geometry": {"type": "Polygon", "coordinates": [[[100.355, -0.907], [100.352, -0.903], [100.342, -0.906], [100.345, -0.912], [100.355, -0.907]]]}}, {"type": "Feature", "properties": {"domain_id": "1371061001", "name": "CANGKEH NAN XX"}, "geometry": {"type": "Polygon", "coordinates": [[[100.421, -0.951], [100.415, -0.949], [100.413, -0.955], [100.421, -0.951]]]}}, {"type": "Feature", "properties": {"domain_id": "1371051002", "name": "BUNGUS BARAT"}, "geometry": {"type": "Polygon", "coordinates": [[[100.416, -1.026], [100.42, -1.011], [100.411, -0.999], [100.38, -1.043], [100.396, -1.03], [100.413, -1.033], [100.416, -1.026]]]}}, {"type": "Feature", "properties": {"domain_id": "1371051006", "name": "TELUK KABUNG SELATAN"}, "geometry": {"type": "MultiPolygon", "coordinates": [[[[100.406, -1.091], [100.397, -1.086], [100.37, -1.093], [100.388, -1.126], [100.383, -1.129], [100.374, -1.12], [100.36, -1.133], [100.391, -1.133], [100.398, -1.12], [100.421, -1.109], [100.42, -1.099], [100.406, -1.091]]], [[[100.352, -1.133], [100.356, -1.123], [100.351, -1.125], [100.352, -1.133]]], [[[100.338, -1.124], [100.339, -1.123], [100.338, -1.123], [100.338, -1.124]]], [[[100.341, -1.125], [100.341, -1.12], [100.339, -1.123], [100.341, -1.125]]], [[[100.356, -1.12], [100.357, -1.119], [100.355, -1.12], [100.356, -1.12]]], [[[100.383, -1.121], [100.381, -1.119], [100.38, -1.119], [100.383, -1.121]]], [[[100.368, -1.118], [100.365, -1.117], [100.37, -1.12], [100.368, -1.118]]], [[[100.297, -1.077], [100.297, -1.074], [100.296, -1.076], [100.297, -1.077]]]]}}, {"type": "Feature", "properties": {"domain_id": "1371061009", "name": "BANUARAN NAN XX"}, "geometry": {"type": "Polygon", "coordinates": [[[100.391, -0.975], [100.391, -0.964], [100.386, -0.963], [100.385, -0.973], [100.391, -0.975]]]}}, {"type": "Feature", "properties": {"domain_id": "1372021006", "name": "LAING"}, "geometry": {"type": "Polygon", "coordinates": [[[100.683, -0.744], [100.642, -0.747], [100.662, -0.766], [100.677, -0.768], [100.685, -0.762], [100.683, -0.744]]]}}, {"type": "Feature", "properties": {"domain_id": "1371071005", "name": "KOTO LALANG"}, "geometry": {"type": "Polygon", "coordinates": [[[100.446, -0.952], [100.422, -0.957], [100.448, -0.96], [100.446, -0.952]]]}}, {"type": "Feature", "properties": {"domain_id": "1371071003", "name": "BATU GADANG"}, "geometry": {"type": "Polygon", "coordinates": [[[100.526, -0.981], [100.507, -0.958], [100.494, -0.956], [100.481, -0.962], [100.476, -0.955], [100.456, -0.964], [100.463, -0.991], [100.475, -0.989], [100.484, -1.002], [100.496, -1.005], [100.51, -0.998], [100.525, -1.001], [100.526, -0.981]]]}}, {"type": "Feature", "properties": {"domain_id": "1373011001", "name": "AUR MULIO"}, "geometry": {"type": "Polygon", "coordinates": [[[100.79, -0.679], [100.778, -0.685], [100.794, -0.683], [100.79, -0.679]]]}}, {"type": "Feature", "properties": {"domain_id": "1371081003", "name": "LIMAU MANIS SELATAN"}, "geometry": {"type": "Polygon", "coordinates": [[[100.533, -0.899], [100.479, -0.914], [100.449, -0.946], [100.463, -0.951], [100.469, -0.941], [100.516, -0.937], [100.533, -0.899]]]}}, {"type": "Feature", "properties": {"domain_id": "1373011004", "name": "PASAR"}, "geometry": {"type": "Polygon", "coordinates": [[[100.778, -0.682], [100.775, -0.683], [100.777, -0.685], [100.778, -0.682]]]}}, {"type": "Feature", "properties": {"domain_id": "1371081007", "name": "BINUANG KAMPUNG DALAM"}, "geometry": {"type": "Polygon", "coordinates": [[[100.424, -0.927], [100.411, -0.933], [100.419, -0.943], [100.426, -0.937], [100.424, -0.927]]]}}, {"type": "Feature", "properties": {"domain_id": "1371091002", "name": "ANDURING"}, "geometry": {"type": "Polygon", "coordinates": [[[100.38, -0.929], [100.377, -0.936], [100.395, -0.936], [100.395, -0.929], [100.38, -0.929]]]}}, {"type": "Feature", "properties": {"domain_id": "1373011006", "name": "AIA DINGIN"}, "geometry": {"type": "Polygon", "coordinates": [[[100.789, -0.672], [100.777, -0.671], [100.781, -0.68], [100.79, -0.679], [100.789, -0.672]]]}}, {"type": "Feature", "properties": {"domain_id": "1371091006", "name": "KORONG GADANG"}, "geometry": {"type": "Polygon", "coordinates": [[[100.412, -0.926], [100.411, -0.901], [100.393, -0.921], [100.412, -0.926]]]}}, {"type": "Feature", "properties": {"domain_id": "1371101002", "name": "KAMPUNG OLO"}, "geometry": {"type": "Polygon", "coordinates": [[[100.373, -0.904], [100.364, -0.896], [100.359, -0.898], [100.364, -0.91], [100.373, -0.904]]]}}, {"type": "Feature", "properties": {"domain_id": "1373042001", "name": "TALAWI HILIE"}, "geometry": {"type": "Polygon", "coordinates": [[[100.738, -0.593], [100.716, -0.594], [100.748, -0.614], [100.751, -0.6], [100.738, -0.593]]]}}, {"type": "Feature", "properties": {"domain_id": "1371101006", "name": "KAMPUNG LAPAI"}, "geometry": {"type": "Polygon", "coordinates": [[[100.364, -0.91], [100.359, -0.898], [100.352, -0.903], [100.364, -0.91]]]}}, {"type": "Feature", "properties": {"domain_id": "1372011001", "name": "TANAH GARAM"}, "geometry": {"type": "Polygon", "coordinates": [[[100.629, -0.772], [100.623, -0.77], [100.605, -0.784], [100.571, -0.787], [100.564, -0.8], [100.565, -0.791], [100.541, -0.809], [100.561, -0.819], [100.592, -0.807], [100.598, -0.797], [100.607, -0.807], [100.636, -0.795], [100.643, -0.798], [100.645, -0.789], [100.629, -0.772]]]}}, {"type": "Feature", "properties": {"domain_id": "1372021005", "name": "KAMPUNG JAWA"}, "geometry": {"type": "Polygon", "coordinates": [[[100.647, -0.749], [100.636, -0.75], [100.626, -0.765], [100.639, -0.769], [100.654, -0.791], [100.646, -0.771], [100.647, -0.749]]]}}, {"type": "Feature", "properties": {"domain_id": "1373012007", "name": "LUNTO TIMUR"}, "geometry": {"type": "Polygon", "coordinates": [[[100.742, -0.715], [100.748, -0.711], [100.743, -0.687], [100.733, -0.695], [100.738, -0.708], [100.728, -0.725], [100.742, -0.715]]]}}, {"type": "Feature", "properties": {"domain_id": "1373022005", "name": "SANTUR"}, "geometry": {"type": "Polygon", "coordinates": [[[100.762, -0.656], [100.765, -0.637], [100.735, -0.652], [100.747, -0.66], [100.757, -0.653], [100.762, -0.656]]]}}, {"type": "Feature", "properties": {"domain_id": "1373042010", "name": "SIKALANG"}, "geometry": {"type": "Polygon", "coordinates": [[[100.772, -0.628], [100.744, -0.625], [100.755, -0.639], [100.765, -0.637], [100.772, -0.628]]]}}, {"type": "Feature", "properties": {"domain_id": "1373021004", "name": "DURIAN II"}, "geometry": {"type": "Polygon", "coordinates": [[[100.762, -0.656], [100.757, -0.653], [100.747, -0.662], [100.757, -0.667], [100.765, -0.66], [100.762, -0.656]]]}}, {"type": "Feature", "properties": {"domain_id": "1373032001", "name": "SILUNGKANG DUO"}, "geometry": {"type": "Polygon", "coordinates": [[[100.761, -0.726], [100.757, -0.717], [100.75, -0.724], [100.737, -0.724], [100.752, -0.74], [100.761, -0.726]]]}}, {"type": "Feature", "properties": {"domain_id": "1373022010", "name": "BALAI BATU SANDARAN"}, "geometry": {"type": "Polygon", "coordinates": [[[100.748, -0.682], [100.742, -0.669], [100.73, -0.667], [100.704, -0.677], [100.703, -0.693], [100.738, -0.696], [100.748, -0.682]]]}}, {"type": "Feature", "properties": {"domain_id": "1373022009", "name": "LUMINDAI"}, "geometry": {"type": "Polygon", "coordinates": [[[100.734, -0.695], [100.703, -0.693], [100.696, -0.724], [100.714, -0.736], [100.728, -0.725], [100.725, -0.704], [100.734, -0.695]]]}}, {"type": "Feature", "properties": {"domain_id": "1373032002", "name": "SILUNGKANG OSO"}, "geometry": {"type": "Polygon", "coordinates": [[[100.775, -0.756], [100.785, -0.741], [100.78, -0.731], [100.783, -0.72], [100.763, -0.725], [100.752, -0.737], [100.775, -0.756]]]}}, {"type": "Feature", "properties": {"domain_id": "1377012017", "name": "PAUH BARAT"}, "geometry": {"type": "Polygon", "coordinates": [[[100.118, -0.618], [100.119, -0.607], [100.113, -0.609], [100.114, -0.623], [100.118, -0.618]]]}}, {"type": "Feature", "properties": {"domain_id": "1373042002", "name": "TALAWI MUDIAK"}, "geometry": {"type": "Polygon", "coordinates": [[[100.728, -0.56], [100.706, -0.569], [100.7, -0.598], [100.719, -0.591], [100.738, -0.593], [100.728, -0.56]]]}}, {"type": "Feature", "properties": {"domain_id": "1373042007", "name": "DATAR MANSIANG"}, "geometry": {"type": "MultiPolygon", "coordinates": [[[[100.771, -0.581], [100.766, -0.585], [100.775, -0.584], [100.771, -0.581]]], [[[100.772, -0.586], [100.773, -0.584], [100.772, -0.585], [100.772, -0.586]]], [[[100.786, -0.582], [100.787, -0.581], [100.785, -0.581], [100.786, -0.582]]], [[[100.78, -0.578], [100.78, -0.577], [100.779, -0.577], [100.78, -0.578]]]]}}, {"type": "Feature", "properties": {"domain_id": "1377012018", "name": "PAUH TIMUR"}, "geometry": {"type": "Polygon", "coordinates": [[[100.127, -0.611], [100.118, -0.604], [100.118, -0.618], [100.132, -0.615], [100.127, -0.611]]]}}, {"type": "Feature", "properties": {"domain_id": "1374011005", "name": "GUGUK MALINTANG"}, "geometry": {"type": "Polygon", "coordinates": [[[100.409, -0.459], [100.405, -0.454], [100.401, -0.462], [100.411, -0.47], [100.409, -0.459]]]}}, {"type": "Feature", "properties": {"domain_id": "1374021008", "name": "BALAI-BALAI"}, "geometry": {"type": "Polygon", "coordinates": [[[100.405, -0.465], [100.402, -0.461], [100.4, -0.468], [100.405, -0.47], [100.405, -0.465]]]}}, {"type": "Feature", "properties": {"domain_id": "1377042005", "name": "KOTO MARAPAK"}, "geometry": {"type": "Polygon", "coordinates": [[[100.156, -0.591], [100.142, -0.585], [100.139, -0.595], [100.148, -0.6], [100.156, -0.591]]]}}, {"type": "Feature", "properties": {"domain_id": "1375011002", "name": "BUKIT CANGANG KAYU RAMANG"}, "geometry": {"type": "Polygon", "coordinates": [[[100.37, -0.306], [100.365, -0.314], [100.373, -0.312], [100.37, -0.306]]]}}, {"type": "Feature", "properties": {"domain_id": "1375011005", "name": "BENTENG PASAR ATAS"}, "geometry": {"type": "Polygon", "coordinates": [[[100.369, -0.299], [100.367, -0.303], [100.37, -0.306], [100.369, -0.299]]]}}, {"type": "Feature", "properties": {"domain_id": "1376011016", "name": "PARIK RANTANG"}, "geometry": {"type": "Polygon", "coordinates": [[[100.628, -0.222], [100.623, -0.224], [100.629, -0.232], [100.628, -0.222]]]}}, {"type": "Feature", "properties": {"domain_id": "1376011017", "name": "PARAK BATUANG"}, "geometry": {"type": "Polygon", "coordinates": [[[100.632, -0.225], [100.628, -0.223], [100.629, -0.226], [100.632, -0.225]]]}}, {"type": "Feature", "properties": {"domain_id": "1375031001", "name": "AUR KUNING"}, "geometry": {"type": "Polygon", "coordinates": [[[100.389, -0.318], [100.381, -0.314], [100.381, -0.323], [100.39, -0.325], [100.389, -0.318]]]}}, {"type": "Feature", "properties": {"domain_id": "1375031003", "name": "BELAKANG BALOK"}, "geometry": {"type": "Polygon", "coordinates": [[[100.372, -0.312], [100.365, -0.314], [100.369, -0.32], [100.372, -0.312]]]}}, {"type": "Feature", "properties": {"domain_id": "1377042007", "name": "BATO"}, "geometry": {"type": "Polygon", "coordinates": [[[100.141, -0.613], [100.142, -0.604], [100.126, -0.611], [100.141, -0.613]]]}}, {"type": "Feature", "properties": {"domain_id": "1376011004", "name": "BULAKAN BALAI KANDI"}, "geometry": {"type": "Polygon", "coordinates": [[[100.614, -0.239], [100.602, -0.24], [100.617, -0.249], [100.614, -0.239]]]}}, {"type": "Feature", "properties": {"domain_id": "1376011018", "name": "NUNANG DAYA BANGUN"}, "geometry": {"type": "Polygon", "coordinates": [[[100.637, -0.23], [100.631, -0.225], [100.631, -0.232], [100.637, -0.23]]]}}, {"type": "Feature", "properties": {"domain_id": "1376021035", "name": "TIGO KOTO DIATE"}, "geometry": {"type": "Polygon", "coordinates": [[[100.639, -0.204], [100.633, -0.208], [100.625, -0.202], [100.627, -0.219], [100.639, -0.215], [100.639, -0.204]]]}}, {"type": "Feature", "properties": {"domain_id": "1376021038", "name": "KAPALO KOTO DIBALAI"}, "geometry": {"type": "Polygon", "coordinates": [[[100.64, -0.22], [100.627, -0.219], [100.632, -0.225], [100.64, -0.22]]]}}, {"type": "Feature", "properties": {"domain_id": "1376011034", "name": "PADANGDATA TANAHMATI"}, "geometry": {"type": "Polygon", "coordinates": [[[100.615, -0.211], [100.619, -0.224], [100.621, -0.219], [100.628, -0.222], [100.615, -0.211]]]}}, {"type": "Feature", "properties": {"domain_id": "1376021034", "name": "TIGO KOTO DIBARUAH"}, "geometry": {"type": "Polygon", "coordinates": [[[100.662, -0.195], [100.642, -0.195], [100.639, -0.204], [100.644, -0.213], [100.652, -0.203], [100.659, -0.206], [100.662, -0.195]]]}}, {"type": "Feature", "properties": {"domain_id": "1376031010", "name": "KOTO PANJANG"}, "geometry": {"type": "Polygon", "coordinates": [[[100.685, -0.207], [100.678, -0.197], [100.665, -0.209], [100.678, -0.216], [100.685, -0.207]]]}}, {"type": "Feature", "properties": {"domain_id": "1376031009", "name": "PAYOBASUNG"}, "geometry": {"type": "Polygon", "coordinates": [[[100.68, -0.215], [100.666, -0.21], [100.669, -0.201], [100.662, -0.201], [100.654, -0.213], [100.66, -0.212], [100.661, -0.221], [100.679, -0.224], [100.675, -0.221], [100.68, -0.215]]]}}, {"type": "Feature", "properties": {"domain_id": "1376041003", "name": "PARAMBAHAN"}, "geometry": {"type": "Polygon", "coordinates": [[[100.612, -0.203], [100.601, -0.201], [100.6, -0.206], [100.61, -0.208], [100.612, -0.203]]]}}, {"type": "Feature", "properties": {"domain_id": "1377011005", "name": "KAMPUNG PONDOK"}, "geometry": {"type": "Polygon", "coordinates": [[[100.122, -0.618], [100.118, -0.618], [100.119, -0.624], [100.122, -0.618]]]}}, {"type": "Feature", "properties": {"domain_id": "1377011006", "name": "PONDOK II"}, "geometry": {"type": "Polygon", "coordinates": [[[100.122, -0.625], [100.118, -0.624], [100.121, -0.63], [100.122, -0.625]]]}}, {"type": "Feature", "properties": {"domain_id": "1377011007", "name": "KAMPUNG JAWA I"}, "geometry": {"type": "Polygon", "coordinates": [[[100.125, -0.623], [100.122, -0.622], [100.118, -0.624], [100.125, -0.623]]]}}, {"type": "Feature", "properties": {"domain_id": "1377011010", "name": "JAWI JAWI I"}, "geometry": {"type": "Polygon", "coordinates": [[[100.124, -0.625], [100.122, -0.625], [100.124, -0.63], [100.124, -0.625]]]}}, {"type": "Feature", "properties": {"domain_id": "1377011008", "name": "KAMPUNG JAWA II"}, "geometry": {"type": "Polygon", "coordinates": [[[100.13, -0.622], [100.126, -0.621], [100.125, -0.625], [100.13, -0.622]]]}}, {"type": "Feature", "properties": {"domain_id": "1376051006", "name": "KAPALO KOTO AMPANGAN"}, "geometry": {"type": "Polygon", "coordinates": [[[100.644, -0.256], [100.63, -0.262], [100.633, -0.271], [100.65, -0.277], [100.644, -0.256]]]}}, {"type": "Feature", "properties": {"domain_id": "1377011002", "name": "KAMPUNG PERAK"}, "geometry": {"type": "Polygon", "coordinates": [[[100.119, -0.624], [100.117, -0.625], [100.121, -0.63], [100.119, -0.624]]]}}, {"type": "Feature", "properties": {"domain_id": "1377011001", "name": "KARAN AUR"}, "geometry": {"type": "MultiPolygon", "coordinates": [[[[100.124, -0.633], [100.121, -0.635], [100.128, -0.647], [100.136, -0.641], [100.124, -0.633]]], [[[99.997, -0.762], [99.997, -0.759], [99.996, -0.761], [99.997, -0.762]], [[100.104, -0.671], [100.104, -0.669], [100.106, -0.67], [100.104, -0.671]]], [[[100.112, -0.659], [100.11, -0.66], [100.111, -0.661], [100.112, -0.659]]]]}}, {"type": "Feature", "properties": {"domain_id": "1377022005", "name": "AMPALU"}, "geometry": {"type": "Polygon", "coordinates": [[[100.118, -0.604], [100.118, -0.6], [100.111, -0.605], [100.113, -0.609], [100.118, -0.604]]]}}, {"type": "Feature", "properties": {"domain_id": "1377012025", "name": "JATI MUDIK"}, "geometry": {"type": "Polygon", "coordinates": [[[100.141, -0.613], [100.138, -0.617], [100.143, -0.619], [100.141, -0.613]]]}}, {"type": "Feature", "properties": {"domain_id": "1377042010", "name": "SUNGAI SIRAH"}, "geometry": {"type": "Polygon", "coordinates": [[[100.15, -0.612], [100.142, -0.613], [100.145, -0.618], [100.15, -0.612]]]}}, {"type": "Feature", "properties": {"domain_id": "1377022009", "name": "SIKAPAK BARAT"}, "geometry": {"type": "Polygon", "coordinates": [[[100.133, -0.566], [100.125, -0.572], [100.133, -0.575], [100.121, -0.585], [100.13, -0.585], [100.138, -0.574], [100.133, -0.566]]]}}, {"type": "Feature", "properties": {"domain_id": "1377022012", "name": "CUBADAK AIR UTARA"}, "geometry": {"type": "Polygon", "coordinates": [[[100.121, -0.565], [100.115, -0.564], [100.106, -0.575], [100.109, -0.586], [100.116, -0.585], [100.121, -0.565]]]}}, {"type": "Feature", "properties": {"domain_id": "1377022013", "name": "TUNGKAL SELATAN"}, "geometry": {"type": "Polygon", "coordinates": [[[100.133, -0.566], [100.132, -0.556], [100.124, -0.56], [100.12, -0.575], [100.133, -0.576], [100.125, -0.572], [100.133, -0.566]]]}}, {"type": "Feature", "properties": {"domain_id": "1377032007", "name": "BALAI KURAI TAJI"}, "geometry": {"type": "Polygon", "coordinates": [[[100.175, -0.632], [100.163, -0.632], [100.173, -0.639], [100.175, -0.632]]]}}, {"type": "Feature", "properties": {"domain_id": "1377022020", "name": "TUNGKAL UTARA"}, "geometry": {"type": "Polygon", "coordinates": [[[100.132, -0.555], [100.122, -0.55], [100.117, -0.564], [100.132, -0.555]]]}}, {"type": "Feature", "properties": {"domain_id": "1377032006", "name": "PASIR SUNUR"}, "geometry": {"type": "Polygon", "coordinates": [[[100.153, -0.666], [100.151, -0.668], [100.159, -0.676], [100.153, -0.666]]]}}, {"type": "Feature", "properties": {"domain_id": "1377042013", "name": "KAMPUNG TANGAH"}, "geometry": {"type": "Polygon", "coordinates": [[[100.153, -0.611], [100.148, -0.615], [100.156, -0.62], [100.153, -0.611]]]}}, {"type": "Feature", "properties": {"domain_id": "1377032016", "name": "KAMPUNG APAR"}, "geometry": {"type": "Polygon", "coordinates": [[[100.169, -0.645], [100.161, -0.649], [100.172, -0.653], [100.169, -0.645]]]}}, {"type": "Feature", "properties": {"domain_id": "1377042004", "name": "KAMPUNG GADANG"}, "geometry": {"type": "Polygon", "coordinates": [[[100.132, -0.592], [100.117, -0.602], [100.127, -0.611], [100.136, -0.597], [100.132, -0.592]]]}}, {"type": "Feature", "properties": {"domain_id": "1377042001", "name": "TALAGO SARIK"}, "geometry": {"type": "Polygon", "coordinates": [[[100.139, -0.595], [100.134, -0.608], [100.146, -0.6], [100.139, -0.595]]]}}, {"type": "Feature", "properties": {"domain_id": "1377042002", "name": "PAKASAI"}, "geometry": {"type": "Polygon", "coordinates": [[[100.142, -0.585], [100.136, -0.582], [100.133, -0.597], [100.139, -0.595], [100.142, -0.585]]]}}, {"type": "Feature", "properties": {"domain_id": "1306102001", "name": "KOTO RANTANG"}, "geometry": {"type": "Polygon", "coordinates": [[[100.354, -0.173], [100.311, -0.176], [100.31, -0.207], [100.322, -0.221], [100.328, -0.241], [100.324, -0.245], [100.33, -0.251], [100.342, -0.243], [100.357, -0.254], [100.362, -0.238], [100.349, -0.189], [100.356, -0.183], [100.354, -0.173]]]}}, {"type": "Feature", "properties": {"domain_id": "1307032004", "name": "SUNGAI BERINGIN"}, "geometry": {"type": "Polygon", "coordinates": [[[100.586, -0.212], [100.574, -0.236], [100.58, -0.243], [100.593, -0.234], [100.591, -0.231], [100.601, -0.22], [100.586, -0.212]]]}}, {"type": "Feature", "properties": {"domain_id": "1307082003", "name": "TALANG ANAU"}, "geometry": {"type": "Polygon", "coordinates": [[[100.413, -0.038], [100.404, -0.036], [100.395, -0.055], [100.375, -0.065], [100.378, -0.075], [100.4, -0.078], [100.411, -0.064], [100.421, -0.065], [100.413, -0.038]]]}}, {"type": "Feature", "properties": {"domain_id": "1302062005", "name": "KOTO GADANG KOTO ANAU"}, "geometry": {"type": "Polygon", "coordinates": [[[100.684, -0.876], [100.67, -0.876], [100.664, -0.889], [100.681, -0.934], [100.687, -0.934], [100.69, -0.914], [100.7, -0.913], [100.715, -0.921], [100.705, -0.889], [100.684, -0.876]]]}}, {"type": "Feature", "properties": {"domain_id": "1302082001", "name": "MUARO PANEH"}, "geometry": {"type": "Polygon", "coordinates": [[[100.695, -0.848], [100.68, -0.837], [100.677, -0.852], [100.661, -0.857], [100.667, -0.882], [100.672, -0.874], [100.684, -0.876], [100.695, -0.848]]]}}, {"type": "Feature", "properties": {"domain_id": "1302092006", "name": "SUNGAI JAMBUR"}, "geometry": {"type": "Polygon", "coordinates": [[[100.714, -0.771], [100.707, -0.764], [100.703, -0.784], [100.709, -0.802], [100.736, -0.806], [100.732, -0.778], [100.726, -0.772], [100.714, -0.771]]]}}, {"type": "Feature", "properties": {"domain_id": "1302102006", "name": "SAOK LAWEH"}, "geometry": {"type": "Polygon", "coordinates": [[[100.703, -0.784], [100.685, -0.762], [100.671, -0.771], [100.67, -0.788], [100.679, -0.801], [100.703, -0.784]]]}}, {"type": "Feature", "properties": {"domain_id": "1302112003", "name": "KOTO SANI"}, "geometry": {"type": "Polygon", "coordinates": [[[100.586, -0.713], [100.571, -0.715], [100.546, -0.779], [100.53, -0.795], [100.541, -0.809], [100.565, -0.791], [100.564, -0.8], [100.571, -0.787], [100.608, -0.783], [100.587, -0.781], [100.615, -0.752], [100.586, -0.713]]]}}, {"type": "Feature", "properties": {"domain_id": "1304092006", "name": "SUNGAI JAMBU"}, "geometry": {"type": "Polygon", "coordinates": [[[100.474, -0.388], [100.467, -0.39], [100.497, -0.431], [100.495, -0.438], [100.507, -0.456], [100.516, -0.449], [100.529, -0.453], [100.508, -0.413], [100.474, -0.388]]]}}, {"type": "Feature", "properties": {"domain_id": "1304132005", "name": "TAPI SELO"}, "geometry": {"type": "Polygon", "coordinates": [[[100.727, -0.415], [100.689, -0.417], [100.681, -0.403], [100.661, -0.399], [100.654, -0.408], [100.692, -0.452], [100.694, -0.448], [100.72, -0.454], [100.716, -0.441], [100.721, -0.434], [100.742, -0.429], [100.74, -0.415], [100.732, -0.419], [100.727, -0.415]]]}}, {"type": "Feature", "properties": {"domain_id": "1305052012", "name": "BALAH AIE TIMUR"}, "geometry": {"type": "Polygon", "coordinates": [[[100.211, -0.615], [100.182, -0.615], [100.177, -0.621], [100.184, -0.619], [100.204, -0.628], [100.212, -0.623], [100.211, -0.615]]]}}, {"type": "Feature", "properties": {"domain_id": "1305062001", "name": "CAMPAGO"}, "geometry": {"type": "Polygon", "coordinates": [[[100.133, -0.516], [100.131, -0.51], [100.125, -0.514], [100.124, -0.533], [100.108, -0.551], [100.11, -0.56], [100.122, -0.55], [100.133, -0.553], [100.138, -0.525], [100.133, -0.516]]]}}, {"type": "Feature", "properties": {"domain_id": "1305102002", "name": "ULAKAN"}, "geometry": {"type": "Polygon", "coordinates": [[[100.207, -0.687], [100.202, -0.684], [100.203, -0.689], [100.183, -0.7], [100.199, -0.716], [100.207, -0.687]]]}}, {"type": "Feature", "properties": {"domain_id": "1305102004", "name": "SUNGAI GIMBA ULAKAN"}, "geometry": {"type": "Polygon", "coordinates": [[[100.209, -0.687], [100.205, -0.695], [100.212, -0.699], [100.215, -0.69], [100.209, -0.687]]]}}, {"type": "Feature", "properties": {"domain_id": "1308072003", "name": "PANTI TIMUR"}, "geometry": {"type": "Polygon", "coordinates": [[[100.149, 0.45], [100.115, 0.483], [100.059, 0.466], [100.083, 0.461], [100.078, 0.45], [100.08, 0.419], [100.086, 0.402], [100.098, 0.399], [100.103, 0.362], [100.115, 0.36], [100.147, 0.335], [100.168, 0.333], [100.162, 0.39], [100.142, 0.411], [100.149, 0.45]]]}}, {"type": "Feature", "properties": {"domain_id": "1309042007", "name": "SIRILOGUI"}, "geometry": {"type": "Polygon", "coordinates": [[[99.057, -1.235], [99.05, -1.227], [99.044, -1.232], [99.03, -1.228], [99.028, -1.212], [99.036, -1.213], [99.041, -1.205], [99.031, -1.183], [99.007, -1.158], [98.993, -1.162], [98.998, -1.177], [98.973, -1.2], [98.96, -1.203], [98.971, -1.208], [98.99, -1.245], [99.022, -1.236], [99.057, -1.235]]]}}, {"type": "Feature", "properties": {"domain_id": "1309062003", "name": "PASAKIAT TAILELEU"}, "geometry": {"type": "MultiPolygon", "coordinates": [[[[99.042, -1.619], [99.016, -1.632], [99.013, -1.645], [98.997, -1.649], [98.997, -1.657], [98.984, -1.656], [98.989, -1.668], [98.981, -1.676], [98.981, -1.686], [98.974, -1.695], [98.963, -1.695], [98.955, -1.713], [98.965, -1.725], [98.961, -1.728], [99.012, -1.762], [99.111, -1.813], [99.116, -1.807], [99.142, -1.805], [99.145, -1.789], [99.167, -1.779], [99.219, -1.783], [99.235, -1.796], [99.243, -1.796], [99.248, -1.775], [99.214, -1.727], [99.212, -1.706], [99.195, -1.696], [99.188, -1.68], [99.175, -1.676], [99.166, -1.683], [99.156, -1.68], [99.134, -1.657], [99.117, -1.65], [99.102, -1.662], [99.089, -1.648], [99.076, -1.647], [99.06, -1.623], [99.042, -1.619]]], [[[99.315, -1.903], [99.315, -1.902], [99.313, -1.901], [99.315, -1.903]]], [[[99.304, -1.9], [99.295, -1.901], [99.293, -1.918], [99.297, -1.927], [99.307, -1.93], [99.315, -1.921], [99.304, -1.9]]], [[[99.286, -1.873], [99.275, -1.874], [99.289, -1.879], [99.286, -1.873]]], [[[99.091, -1.86], [99.076, -1.866], [99.091, -1.866], [99.091, -1.86]]], [[[99.317, -1.855], [99.319, -1.849], [99.312, -1.844], [99.302, -1.854], [99.317, -1.855]]], [[[99.149, -1.841], [99.146, -1.833], [99.141, -1.835], [99.149, -1.841]]], [[[99.046, -1.815], [99.045, -1.805], [99.042, -1.81], [99.046, -1.815]]], [[[99.26, -1.791], [99.254, -1.791], [99.269, -1.813], [99.242, -1.85], [99.264, -1.839], [99.286, -1.84], [99.294, -1.833], [99.286, -1.808], [99.289, -1.807], [99.26, -1.791]]]]}}, {"type": "Feature", "properties": {"domain_id": "1311022009", "name": "SAKO SELATAN PASIA TALANG"}, "geometry": {"type": "Polygon", "coordinates": [[[101.053, -1.523], [101.05, -1.516], [101.056, -1.508], [101.046, -1.498], [101.007, -1.551], [101.02, -1.565], [101.014, -1.591], [101.035, -1.564], [101.037, -1.543], [101.053, -1.523]]]}}, {"type": "Feature", "properties": {"domain_id": "1311062002", "name": "KAPAU ALAM PAUH DUO"}, "geometry": {"type": "Polygon", "coordinates": [[[101.03, -1.616], [101.087, -1.544], [101.064, -1.512], [101.041, -1.536], [101.035, -1.564], [101.014, -1.591], [101.018, -1.607], [101.03, -1.616]]]}}, {"type": "Feature", "properties": {"domain_id": "1311072001", "name": "SUNGAI KUNYIT"}, "geometry": {"type": "Polygon", "coordinates": [[[101.59, -1.328], [101.551, -1.325], [101.542, -1.334], [101.513, -1.335], [101.512, -1.346], [101.489, -1.357], [101.49, -1.373], [101.465, -1.373], [101.458, -1.402], [101.442, -1.41], [101.422, -1.408], [101.441, -1.425], [101.437, -1.478], [101.473, -1.468], [101.506, -1.471], [101.519, -1.466], [101.546, -1.473], [101.557, -1.462], [101.561, -1.444], [101.582, -1.448], [101.609, -1.437], [101.626, -1.413], [101.654, -1.4], [101.657, -1.391], [101.672, -1.39], [101.647, -1.373], [101.646, -1.367], [101.612, -1.35], [101.597, -1.349], [101.59, -1.328]]]}}, {"type": "Feature", "properties": {"domain_id": "1312042002", "name": "TALU"}, "geometry": {"type": "Polygon", "coordinates": [[[100.009, 0.259], [99.996, 0.254], [99.982, 0.227], [99.954, 0.215], [99.956, 0.194], [99.971, 0.181], [100.0, 0.182], [99.998, 0.166], [100.009, 0.155], [100.004, 0.149], [100.042, 0.145], [100.042, 0.152], [100.061, 0.145], [100.058, 0.164], [100.065, 0.187], [100.057, 0.202], [100.064, 0.206], [100.061, 0.244], [100.052, 0.237], [100.042, 0.253], [100.023, 0.249], [100.009, 0.259]]]}}, {"type": "Feature", "properties": {"domain_id": "1312102001", "name": "KOTO BARU"}, "geometry": {"type": "Polygon", "coordinates": [[[99.96, 0.053], [99.881, 0.058], [99.882, 0.036], [99.871, 0.034], [99.871, 0.065], [99.852, 0.06], [99.852, 0.04], [99.842, 0.04], [99.841, 0.059], [99.837, 0.054], [99.799, 0.054], [99.801, 0.042], [99.779, 0.03], [99.769, 0.002], [99.753, -0.005], [99.754, -0.02], [99.747, -0.038], [99.757, -0.054], [99.756, -0.044], [99.768, -0.024], [99.808, -0.018], [99.829, 0.002], [99.861, 0.007], [99.866, 0.014], [99.88, 0.014], [99.882, 0.001], [99.889, 0.005], [99.887, -0.0], [99.911, -0.004], [99.912, 0.007], [99.903, 0.008], [99.9, 0.026], [99.96, 0.053]]]}}, {"type": "Feature", "properties": {"domain_id": "1371061005", "name": "LUBUK BEGALUNG NAN XX"}, "geometry": {"type": "Polygon", "coordinates": [[[100.4, -0.951], [100.391, -0.954], [100.397, -0.963], [100.404, -0.959], [100.4, -0.951]]]}}, {"type": "Feature", "properties": {"domain_id": "1371081008", "name": "KAPALO KOTO"}, "geometry": {"type": "Polygon", "coordinates": [[[100.44, -0.922], [100.433, -0.924], [100.434, -0.936], [100.444, -0.931], [100.44, -0.922]]]}}, {"type": "Feature", "properties": {"domain_id": "1371101003", "name": "KURAO PAGANG"}, "geometry": {"type": "Polygon", "coordinates": [[[100.382, -0.9], [100.384, -0.878], [100.359, -0.89], [100.356, -0.898], [100.37, -0.888], [100.376, -0.902], [100.382, -0.9]]]}}, {"type": "Feature", "properties": {"domain_id": "1371111007", "name": "BATIPUH PANJANG"}, "geometry": {"type": "Polygon", "coordinates": [[[100.351, -0.839], [100.354, -0.83], [100.345, -0.827], [100.335, -0.802], [100.318, -0.807], [100.329, -0.821], [100.335, -0.847], [100.341, -0.845], [100.338, -0.837], [100.351, -0.839]]]}}, {"type": "Feature", "properties": {"domain_id": "1373042011", "name": "RANTIH"}, "geometry": {"type": "Polygon", "coordinates": [[[100.809, -0.621], [100.79, -0.619], [100.773, -0.627], [100.762, -0.656], [100.767, -0.664], [100.789, -0.673], [100.799, -0.658], [100.796, -0.647], [100.809, -0.621]]]}}, {"type": "Feature", "properties": {"domain_id": "1374021005", "name": "SILAING ATAS"}, "geometry": {"type": "Polygon", "coordinates": [[[100.396, -0.46], [100.391, -0.459], [100.383, -0.47], [100.396, -0.46]]]}}, {"type": "Feature", "properties": {"domain_id": "1375011006", "name": "KAYU KUBU"}, "geometry": {"type": "Polygon", "coordinates": [[[100.368, -0.305], [100.366, -0.301], [100.358, -0.305], [100.364, -0.311], [100.368, -0.305]]]}}, {"type": "Feature", "properties": {"domain_id": "1377042008", "name": "AIR SANTOK"}, "geometry": {"type": "Polygon", "coordinates": [[[100.17, -0.607], [100.156, -0.593], [100.153, -0.596], [100.16, -0.608], [100.17, -0.607]]]}}, {"type": "Feature", "properties": {"domain_id": "1376011022", "name": "TANJUANG PAUH"}, "geometry": {"type": "Polygon", "coordinates": [[[100.632, -0.241], [100.626, -0.237], [100.617, -0.249], [100.632, -0.241]]]}}, {"type": "Feature", "properties": {"domain_id": "1376021039", "name": "KOTOKOCIAK KUBU TAPAKRAJO"}, "geometry": {"type": "Polygon", "coordinates": [[[100.648, -0.222], [100.632, -0.225], [100.641, -0.233], [100.648, -0.222]]]}}, {"type": "Feature", "properties": {"domain_id": "1377011009", "name": "ALAI GELOMBANG"}, "geometry": {"type": "Polygon", "coordinates": [[[100.136, -0.625], [100.128, -0.623], [100.139, -0.63], [100.136, -0.625]]]}}, {"type": "Feature", "properties": {"domain_id": "1377042011", "name": "SUNGAI PASAK"}, "geometry": {"type": "Polygon", "coordinates": [[[100.151, -0.599], [100.143, -0.6], [100.15, -0.612], [100.159, -0.603], [100.151, -0.599]]]}}, {"type": "Feature", "properties": {"domain_id": "1305142002", "name": "LIMAU PURUIK"}, "geometry": {"type": "Polygon", "coordinates": [[[100.148, -0.536], [100.137, -0.528], [100.132, -0.555], [100.136, -0.56], [100.131, -0.569], [100.146, -0.575], [100.153, -0.57], [100.159, -0.541], [100.148, -0.536]]]}}, {"type": "Feature", "properties": {"domain_id": "1377032010", "name": "TOBOH PALABAH"}, "geometry": {"type": "Polygon", "coordinates": [[[100.166, -0.622], [100.148, -0.631], [100.163, -0.632], [100.166, -0.622]]]}}, {"type": "Feature", "properties": {"domain_id": "1377032018", "name": "TALUK"}, "geometry": {"type": "Polygon", "coordinates": [[[100.141, -0.641], [100.128, -0.647], [100.141, -0.658], [100.146, -0.652], [100.141, -0.641]]]}}, {"type": "Feature", "properties": {"domain_id": "1305162001", "name": "SUNGAI DURIAN"}, "geometry": {"type": "Polygon", "coordinates": [[[100.243, -0.545], [100.235, -0.545], [100.233, -0.567], [100.25, -0.58], [100.257, -0.569], [100.24, -0.556], [100.243, -0.545]]]}}, {"type": "Feature", "properties": {"domain_id": "1306032003", "name": "MANINJAU"}, "geometry": {"type": "Polygon", "coordinates": [[[100.242, -0.284], [100.194, -0.285], [100.194, -0.332], [100.228, -0.335], [100.237, -0.325], [100.253, -0.336], [100.235, -0.31], [100.242, -0.284]]]}}, {"type": "Feature", "properties": {"domain_id": "1377032019", "name": "PADANG CAKUR"}, "geometry": {"type": "Polygon", "coordinates": [[[100.156, -0.64], [100.145, -0.643], [100.143, -0.648], [100.15, -0.65], [100.156, -0.64]]]}}, {"type": "Feature", "properties": {"domain_id": "1377042016", "name": "KAJAI"}, "geometry": {"type": "Polygon", "coordinates": [[[100.166, -0.606], [100.153, -0.611], [100.157, -0.615], [100.166, -0.606]]]}}, {"type": "Feature", "properties": {"domain_id": "1308052006", "name": "SUNDATA"}, "geometry": {"type": "Polygon", "coordinates": [[[100.171, 0.268], [100.161, 0.263], [100.149, 0.275], [100.123, 0.273], [100.112, 0.28], [100.107, 0.258], [100.084, 0.26], [100.073, 0.245], [100.048, 0.245], [100.052, 0.237], [100.061, 0.244], [100.064, 0.206], [100.057, 0.202], [100.065, 0.187], [100.058, 0.164], [100.062, 0.151], [100.076, 0.16], [100.114, 0.165], [100.141, 0.184], [100.169, 0.193], [100.195, 0.19], [100.182, 0.249], [100.171, 0.268]]]}}, {"type": "Feature", "properties": {"domain_id": "1310082004", "name": "SIPANGKUR"}, "geometry": {"type": "Polygon", "coordinates": [[[101.774, -1.063], [101.765, -1.043], [101.748, -1.036], [101.739, -1.055], [101.749, -1.066], [101.736, -1.076], [101.745, -1.084], [101.785, -1.089], [101.77, -1.077], [101.774, -1.063]]]}}, {"type": "Feature", "properties": {"domain_id": "1311022011", "name": "PASIR TALANG TIMUR"}, "geometry": {"type": "Polygon", "coordinates": [[[101.202, -1.37], [101.152, -1.362], [101.079, -1.373], [101.073, -1.385], [101.076, -1.406], [101.049, -1.408], [101.044, -1.434], [101.031, -1.451], [101.032, -1.463], [101.044, -1.471], [101.053, -1.457], [101.071, -1.449], [101.211, -1.408], [101.199, -1.394], [101.202, -1.37]]]}}, {"type": "Feature", "properties": {"domain_id": "1311032001", "name": "PAKAN RABAA"}, "geometry": {"type": "Polygon", "coordinates": [[[101.045, -1.418], [101.033, -1.409], [101.016, -1.421], [101.001, -1.442], [100.962, -1.456], [100.945, -1.471], [100.96, -1.48], [100.985, -1.479], [101.015, -1.454], [101.031, -1.451], [101.044, -1.434], [101.045, -1.418]]]}}, {"type": "Feature", "properties": {"domain_id": "1371111011", "name": "BUNGO PASANG"}, "geometry": {"type": "Polygon", "coordinates": [[[100.353, -0.855], [100.332, -0.865], [100.337, -0.873], [100.349, -0.865], [100.352, -0.872], [100.364, -0.872], [100.364, -0.864], [100.356, -0.864], [100.353, -0.855]]]}}, {"type": "Feature", "properties": {"domain_id": "1373021001", "name": "SARINGAN"}, "geometry": {"type": "Polygon", "coordinates": [[[100.777, -0.671], [100.769, -0.681], [100.782, -0.678], [100.777, -0.671]]]}}, {"type": "Feature", "properties": {"domain_id": "1373022006", "name": "KOLOK MUDIAK"}, "geometry": {"type": "Polygon", "coordinates": [[[100.744, -0.625], [100.706, -0.628], [100.693, -0.623], [100.688, -0.632], [100.735, -0.652], [100.755, -0.639], [100.744, -0.625]]]}}, {"type": "Feature", "properties": {"domain_id": "1373042003", "name": "BUKIT GADANG"}, "geometry": {"type": "Polygon", "coordinates": [[[100.753, -0.558], [100.728, -0.56], [100.738, -0.593], [100.749, -0.586], [100.753, -0.558]]]}}, {"type": "Feature", "properties": {"domain_id": "1301022006", "name": "SUNGAI LIKU PELANGAI"}, "geometry": {"type": "Polygon", "coordinates": [[[100.976, -1.483], [100.949, -1.474], [100.938, -1.491], [100.937, -1.524], [100.925, -1.543], [100.932, -1.594], [100.929, -1.6], [100.908, -1.59], [100.912, -1.603], [100.896, -1.626], [100.877, -1.633], [100.862, -1.652], [100.858, -1.666], [100.862, -1.718], [100.852, -1.727], [100.846, -1.75], [100.831, -1.747], [100.819, -1.73], [100.804, -1.725], [100.784, -1.737], [100.783, -1.778], [100.787, -1.774], [100.792, -1.782], [100.794, -1.774], [100.823, -1.77], [100.831, -1.771], [100.831, -1.778], [100.846, -1.776], [100.852, -1.77], [100.849, -1.759], [100.871, -1.725], [100.907, -1.708], [100.933, -1.687], [100.983, -1.609], [100.996, -1.598], [101.013, -1.597], [101.02, -1.565], [100.991, -1.53], [100.983, -1.528], [100.976, -1.483]]]}}, {"type": "Feature", "properties": {"domain_id": "1301032006", "name": "LAKITAN UTARA"}, "geometry": {"type": "Polygon", "coordinates": [[[100.734, -1.698], [100.707, -1.7], [100.727, -1.724], [100.751, -1.707], [100.734, -1.698]]]}}, {"type": "Feature", "properties": {"domain_id": "1310072003", "name": "PADUKUAN"}, "geometry": {"type": "Polygon", "coordinates": [[[101.82, -1.131], [101.826, -1.14], [101.82, -1.142], [101.79, -1.125], [101.784, -1.13], [101.793, -1.136], [101.787, -1.137], [101.789, -1.148], [101.801, -1.154], [101.816, -1.153], [101.815, -1.173], [101.827, -1.174], [101.838, -1.188], [101.884, -1.135], [101.871, -1.13], [101.864, -1.136], [101.854, -1.129], [101.854, -1.137], [101.847, -1.126], [101.82, -1.131]]]}}, {"type": "Feature", "properties": {"domain_id": "1310102001", "name": "SUNGAI LIMAU"}, "geometry": {"type": "Polygon", "coordinates": [[[101.646, -1.403], [101.666, -1.45], [101.683, -1.458], [101.679, -1.486], [101.684, -1.496], [101.691, -1.49], [101.701, -1.454], [101.722, -1.431], [101.713, -1.429], [101.694, -1.405], [101.656, -1.408], [101.646, -1.403]]]}}, {"type": "Feature", "properties": {"domain_id": "1371061008", "name": "KOTO BARU NAN XX"}, "geometry": {"type": "Polygon", "coordinates": [[[100.383, -0.962], [100.379, -0.961], [100.379, -0.972], [100.385, -0.973], [100.383, -0.962]]]}}, {"type": "Feature", "properties": {"domain_id": "1371071007", "name": "TARANTANG"}, "geometry": {"type": "Polygon", "coordinates": [[[100.432, -0.961], [100.424, -0.959], [100.432, -0.982], [100.426, -0.983], [100.438, -0.988], [100.444, -0.969], [100.441, -0.962], [100.432, -0.961]]]}}, {"type": "Feature", "properties": {"domain_id": "1377042006", "name": "BATANG KABUNG"}, "geometry": {"type": "Polygon", "coordinates": [[[100.145, -0.61], [100.147, -0.602], [100.142, -0.604], [100.141, -0.613], [100.145, -0.61]]]}}, {"type": "Feature", "properties": {"domain_id": "1375021003", "name": "PUHUN TEMBOK"}, "geometry": {"type": "Polygon", "coordinates": [[[100.369, -0.294], [100.356, -0.295], [100.372, -0.3], [100.369, -0.294]]]}}, {"type": "Feature", "properties": {"domain_id": "1375021009", "name": "MANGGIS GANTING"}, "geometry": {"type": "Polygon", "coordinates": [[[100.388, -0.291], [100.376, -0.299], [100.389, -0.302], [100.388, -0.291]]]}}, {"type": "Feature", "properties": {"domain_id": "1375031002", "name": "BIRUGO"}, "geometry": {"type": "Polygon", "coordinates": [[[100.381, -0.314], [100.37, -0.322], [100.381, -0.323], [100.381, -0.314]]]}}, {"type": "Feature", "properties": {"domain_id": "1376051003", "name": "LIMBUKAN"}, "geometry": {"type": "Polygon", "coordinates": [[[100.629, -0.271], [100.626, -0.257], [100.625, -0.264], [100.615, -0.257], [100.615, -0.265], [100.608, -0.267], [100.615, -0.275], [100.629, -0.271]]]}}, {"type": "Feature", "properties": {"domain_id": "1377042012", "name": "BUNGO TANJUNG"}, "geometry": {"type": "Polygon", "coordinates": [[[100.156, -0.62], [100.148, -0.615], [100.143, -0.619], [100.153, -0.628], [100.156, -0.62]]]}}, {"type": "Feature", "properties": {"domain_id": "1301092003", "name": "PUNGGASAN UTARA"}, "geometry": {"type": "Polygon", "coordinates": [[[100.857, -1.861], [100.849, -1.854], [100.831, -1.867], [100.843, -1.885], [100.856, -1.883], [100.857, -1.861]]]}}, {"type": "Feature", "properties": {"domain_id": "1301062014", "name": "AUR BEGALUNG TALAOK"}, "geometry": {"type": "Polygon", "coordinates": [[[100.527, -1.248], [100.53, -1.241], [100.521, -1.23], [100.504, -1.233], [100.497, -1.247], [100.505, -1.257], [100.527, -1.248]]]}}, {"type": "Feature", "properties": {"domain_id": "1301072005", "name": "NANGGALO"}, "geometry": {"type": "Polygon", "coordinates": [[[100.471, -1.232], [100.461, -1.247], [100.479, -1.259], [100.487, -1.251], [100.471, -1.232]]]}}, {"type": "Feature", "properties": {"domain_id": "1301082006", "name": "LANSANO TARATAK"}, "geometry": {"type": "Polygon", "coordinates": [[[100.643, -1.576], [100.643, -1.557], [100.636, -1.559], [100.635, -1.579], [100.643, -1.576]]]}}, {"type": "Feature", "properties": {"domain_id": "1301082009", "name": "KOTO NAN TIGO SELATAN SURANTIH"}, "geometry": {"type": "Polygon", "coordinates": [[[100.691, -1.572], [100.681, -1.564], [100.661, -1.58], [100.669, -1.593], [100.683, -1.595], [100.691, -1.572]]]}}, {"type": "Feature", "properties": {"domain_id": "1301142008", "name": "KAMPUNG TENGAH TAPAN"}, "geometry": {"type": "Polygon", "coordinates": [[[101.095, -2.146], [101.083, -2.166], [101.094, -2.175], [101.104, -2.166], [101.126, -2.183], [101.14, -2.171], [101.095, -2.146]]]}}, {"type": "Feature", "properties": {"domain_id": "1377011012", "name": "JALAN BARU"}, "geometry": {"type": "Polygon", "coordinates": [[[100.133, -0.637], [100.128, -0.636], [100.13, -0.64], [100.133, -0.637]]]}}, {"type": "Feature", "properties": {"domain_id": "1303092001", "name": "SILANTAI"}, "geometry": {"type": "Polygon", "coordinates": [[[100.982, -0.39], [100.946, -0.389], [100.896, -0.403], [100.829, -0.4], [100.85, -0.425], [100.938, -0.419], [100.975, -0.428], [100.982, -0.39]]]}}, {"type": "Feature", "properties": {"domain_id": "1304042002", "name": "LIMO KAUM"}, "geometry": {"type": "Polygon", "coordinates": [[[100.565, -0.449], [100.557, -0.45], [100.549, -0.466], [100.559, -0.479], [100.586, -0.477], [100.594, -0.499], [100.589, -0.511], [100.602, -0.519], [100.612, -0.491], [100.602, -0.483], [100.604, -0.473], [100.565, -0.449]]]}}, {"type": "Feature", "properties": {"domain_id": "1304062001", "name": "TALUK"}, "geometry": {"type": "Polygon", "coordinates": [[[100.815, -0.526], [100.804, -0.514], [100.778, -0.511], [100.773, -0.501], [100.755, -0.52], [100.778, -0.543], [100.772, -0.56], [100.783, -0.548], [100.793, -0.564], [100.804, -0.567], [100.815, -0.526]]]}}, {"type": "Feature", "properties": {"domain_id": "1304112001", "name": "ATAR"}, "geometry": {"type": "Polygon", "coordinates": [[[100.767, -0.506], [100.751, -0.492], [100.734, -0.487], [100.729, -0.491], [100.721, -0.509], [100.728, -0.56], [100.772, -0.56], [100.778, -0.543], [100.755, -0.521], [100.767, -0.506]]]}}, {"type": "Feature", "properties": {"domain_id": "1305012004", "name": "AIE TAJUN LUBUK ALUNG"}, "geometry": {"type": "Polygon", "coordinates": [[[100.271, -0.707], [100.263, -0.704], [100.253, -0.716], [100.274, -0.74], [100.286, -0.726], [100.289, -0.712], [100.271, -0.707]]]}}, {"type": "Feature", "properties": {"domain_id": "1305012006", "name": "SUNGAI ABANG LUBUK ALUNG"}, "geometry": {"type": "Polygon", "coordinates": [[[100.294, -0.669], [100.285, -0.654], [100.276, -0.68], [100.283, -0.681], [100.294, -0.669]]]}}, {"type": "Feature", "properties": {"domain_id": "1305022003", "name": "SUNGAI BULUAH"}, "geometry": {"type": "Polygon", "coordinates": [[[100.398, -0.736], [100.376, -0.747], [100.332, -0.755], [100.315, -0.743], [100.32, -0.739], [100.316, -0.726], [100.31, -0.73], [100.312, -0.745], [100.303, -0.75], [100.311, -0.75], [100.308, -0.758], [100.384, -0.757], [100.42, -0.744], [100.398, -0.736]]]}}, {"type": "Feature", "properties": {"domain_id": "1305032004", "name": "KURAI TAJI"}, "geometry": {"type": "Polygon", "coordinates": [[[100.186, -0.623], [100.174, -0.622], [100.177, -0.631], [100.172, -0.645], [100.193, -0.654], [100.188, -0.641], [100.204, -0.629], [100.186, -0.623]]]}}, {"type": "Feature", "properties": {"domain_id": "1305052009", "name": "LAREH NAN PANJANG SUNGAI SARIAK"}, "geometry": {"type": "Polygon", "coordinates": [[[100.211, -0.569], [100.195, -0.575], [100.195, -0.587], [100.206, -0.582], [100.233, -0.595], [100.221, -0.578], [100.209, -0.575], [100.211, -0.569]]]}}, {"type": "Feature", "properties": {"domain_id": "1305062004", "name": "CAMPAGO SELATAN"}, "geometry": {"type": "Polygon", "coordinates": [[[100.108, -0.551], [100.094, -0.556], [100.092, -0.572], [100.093, -0.566], [100.11, -0.56], [100.108, -0.551]]]}}, {"type": "Feature", "properties": {"domain_id": "1305102005", "name": "SEULAYAT ULAKAN"}, "geometry": {"type": "Polygon", "coordinates": [[[100.212, -0.699], [100.205, -0.695], [100.2, -0.718], [100.214, -0.705], [100.212, -0.699]]]}}, {"type": "Feature", "properties": {"domain_id": "1305122006", "name": "BATU KALANG UTARA"}, "geometry": {"type": "Polygon", "coordinates": [[[100.239, -0.514], [100.229, -0.522], [100.22, -0.511], [100.214, -0.525], [100.231, -0.531], [100.238, -0.528], [100.238, -0.52], [100.245, -0.519], [100.239, -0.514]]]}}, {"type": "Feature", "properties": {"domain_id": "1306062002", "name": "TALUAK AMPEK SUKU"}, "geometry": {"type": "Polygon", "coordinates": [[[100.381, -0.323], [100.371, -0.322], [100.369, -0.329], [100.392, -0.33], [100.381, -0.323]]]}}, {"type": "Feature", "properties": {"domain_id": "1306062004", "name": "KUBANG PUTIAH"}, "geometry": {"type": "Polygon", "coordinates": [[[100.408, -0.322], [100.39, -0.325], [100.398, -0.349], [100.413, -0.34], [100.408, -0.322]]]}}, {"type": "Feature", "properties": {"domain_id": "1306152003", "name": "KAMANG MUDIAK"}, "geometry": {"type": "Polygon", "coordinates": [[[100.378, -0.139], [100.367, -0.143], [100.343, -0.139], [100.343, -0.148], [100.36, -0.165], [100.349, -0.188], [100.355, -0.209], [100.408, -0.221], [100.445, -0.204], [100.444, -0.186], [100.411, -0.177], [100.405, -0.161], [100.379, -0.149], [100.378, -0.139]]]}}, {"type": "Feature", "properties": {"domain_id": "1306092004", "name": "KAPAU"}, "geometry": {"type": "Polygon", "coordinates": [[[100.423, -0.265], [100.406, -0.265], [100.388, -0.276], [100.387, -0.283], [100.414, -0.277], [100.423, -0.265]]]}}, {"type": "Feature", "properties": {"domain_id": "1301012003", "name": "TIGA SEPAKAT INDERAPURA"}, "geometry": {"type": "Polygon", "coordinates": [[[100.945, -2.066], [100.942, -2.071], [100.94, -2.063], [100.931, -2.067], [100.936, -2.091], [100.966, -2.127], [100.977, -2.105], [100.949, -2.085], [100.945, -2.066]]]}}, {"type": "Feature", "properties": {"domain_id": "1301032003", "name": "KAMBANG UTARA"}, "geometry": {"type": "Polygon", "coordinates": [[[100.9, -1.398], [100.893, -1.39], [100.888, -1.399], [100.841, -1.413], [100.823, -1.441], [100.814, -1.44], [100.813, -1.452], [100.788, -1.463], [100.769, -1.485], [100.755, -1.522], [100.74, -1.544], [100.754, -1.571], [100.753, -1.624], [100.738, -1.646], [100.7, -1.662], [100.713, -1.674], [100.71, -1.679], [100.716, -1.677], [100.712, -1.684], [100.743, -1.672], [100.744, -1.666], [100.749, -1.673], [100.756, -1.664], [100.755, -1.655], [100.779, -1.642], [100.801, -1.536], [100.866, -1.434], [100.886, -1.406], [100.9, -1.398]]]}}, {"type": "Feature", "properties": {"domain_id": "1301152002", "name": "SUNGAI SIRAH"}, "geometry": {"type": "Polygon", "coordinates": [[[101.292, -2.287], [101.283, -2.268], [101.236, -2.299], [101.193, -2.344], [101.14, -2.359], [101.127, -2.367], [101.116, -2.385], [101.121, -2.388], [101.13, -2.378], [101.153, -2.388], [101.201, -2.367], [101.237, -2.341], [101.245, -2.327], [101.261, -2.32], [101.267, -2.298], [101.292, -2.287]]]}}, {"type": "Feature", "properties": {"domain_id": "1302122001", "name": "SULIT AIR"}, "geometry": {"type": "Polygon", "coordinates": [[[100.705, -0.571], [100.666, -0.582], [100.629, -0.577], [100.627, -0.593], [100.61, -0.614], [100.608, -0.635], [100.623, -0.639], [100.635, -0.65], [100.637, -0.641], [100.652, -0.636], [100.673, -0.61], [100.7, -0.615], [100.705, -0.571]]]}}, {"type": "Feature", "properties": {"domain_id": "1302122006", "name": "PASILIHAN"}, "geometry": {"type": "Polygon", "coordinates": [[[100.702, -0.568], [100.699, -0.55], [100.678, -0.538], [100.665, -0.532], [100.649, -0.538], [100.65, -0.543], [100.637, -0.541], [100.638, -0.578], [100.666, -0.582], [100.702, -0.568]]]}}, {"type": "Feature", "properties": {"domain_id": "1302172001", "name": "TALANG BABUNGO"}, "geometry": {"type": "Polygon", "coordinates": [[[100.905, -1.071], [100.86, -1.046], [100.835, -1.076], [100.839, -1.124], [100.883, -1.143], [100.909, -1.112], [100.901, -1.096], [100.905, -1.071]]]}}, {"type": "Feature", "properties": {"domain_id": "1304032002", "name": "BALIMBIANG"}, "geometry": {"type": "Polygon", "coordinates": [[[100.589, -0.511], [100.577, -0.508], [100.558, -0.516], [100.558, -0.529], [100.568, -0.54], [100.584, -0.539], [100.613, -0.561], [100.622, -0.56], [100.624, -0.551], [100.602, -0.533], [100.606, -0.53], [100.602, -0.519], [100.589, -0.511]]]}}, {"type": "Feature", "properties": {"domain_id": "1304042005", "name": "LABUH"}, "geometry": {"type": "Polygon", "coordinates": [[[100.545, -0.438], [100.515, -0.424], [100.526, -0.444], [100.555, -0.455], [100.558, -0.449], [100.545, -0.438]]]}}, {"type": "Feature", "properties": {"domain_id": "1305032009", "name": "KURAI TAJI TIMUR"}, "geometry": {"type": "Polygon", "coordinates": [[[100.208, -0.636], [100.204, -0.629], [100.188, -0.641], [100.193, -0.654], [100.204, -0.651], [100.208, -0.636]]]}}, {"type": "Feature", "properties": {"domain_id": "1305032002", "name": "PAUH KAMBAR"}, "geometry": {"type": "Polygon", "coordinates": [[[100.218, -0.644], [100.207, -0.654], [100.204, -0.67], [100.209, -0.672], [100.22, -0.67], [100.231, -0.652], [100.218, -0.644]]]}}, {"type": "Feature", "properties": {"domain_id": "1305152001", "name": "KAYU TANAM"}, "geometry": {"type": "Polygon", "coordinates": [[[100.341, -0.542], [100.315, -0.533], [100.306, -0.551], [100.31, -0.56], [100.302, -0.569], [100.31, -0.577], [100.319, -0.576], [100.327, -0.561], [100.34, -0.555], [100.341, -0.542]]]}}, {"type": "Feature", "properties": {"domain_id": "1305162003", "name": "TANDIKEK UTARA"}, "geometry": {"type": "Polygon", "coordinates": [[[100.313, -0.442], [100.316, -0.433], [100.29, -0.455], [100.284, -0.471], [100.264, -0.479], [100.244, -0.472], [100.237, -0.485], [100.248, -0.488], [100.246, -0.5], [100.28, -0.493], [100.313, -0.442]]]}}, {"type": "Feature", "properties": {"domain_id": "1306072003", "name": "LAMBAH"}, "geometry": {"type": "Polygon", "coordinates": [[[100.459, -0.286], [100.449, -0.282], [100.441, -0.286], [100.422, -0.272], [100.415, -0.277], [100.421, -0.288], [100.432, -0.286], [100.448, -0.294], [100.459, -0.286]]]}}, {"type": "Feature", "properties": {"domain_id": "1307042003", "name": "SUNGAI KAMUYANG"}, "geometry": {"type": "Polygon", "coordinates": [[[100.692, -0.261], [100.687, -0.261], [100.685, -0.24], [100.678, -0.232], [100.672, -0.245], [100.661, -0.243], [100.67, -0.272], [100.674, -0.325], [100.682, -0.326], [100.692, -0.261]]]}}, {"type": "Feature", "properties": {"domain_id": "1307072007", "name": "GALUGUA"}, "geometry": {"type": "Polygon", "coordinates": [[[100.446, 0.418], [100.435, 0.414], [100.42, 0.424], [100.389, 0.407], [100.376, 0.39], [100.366, 0.395], [100.346, 0.381], [100.323, 0.4], [100.301, 0.396], [100.302, 0.386], [100.326, 0.366], [100.325, 0.357], [100.333, 0.351], [100.323, 0.319], [100.313, 0.309], [100.446, 0.306], [100.443, 0.318], [100.454, 0.342], [100.429, 0.36], [100.437, 0.384], [100.461, 0.401], [100.461, 0.412], [100.446, 0.418]]]}}, {"type": "Feature", "properties": {"domain_id": "1372011006", "name": "ARO IV KORONG"}, "geometry": {"type": "Polygon", "coordinates": [[[100.673, -0.79], [100.654, -0.798], [100.663, -0.802], [100.673, -0.79]]]}}, {"type": "Feature", "properties": {"domain_id": "1308042002", "name": "KOTO KACIAK"}, "geometry": {"type": "Polygon", "coordinates": [[[100.198, -0.036], [100.185, -0.037], [100.185, -0.056], [100.152, -0.071], [100.157, -0.094], [100.17, -0.098], [100.176, -0.091], [100.187, -0.094], [100.196, -0.086], [100.198, -0.058], [100.222, -0.054], [100.236, -0.043], [100.198, -0.036]]]}}, {"type": "Feature", "properties": {"domain_id": "1308042003", "name": "GANGGO MUDIAK"}, "geometry": {"type": "Polygon", "coordinates": [[[100.316, 0.086], [100.281, 0.093], [100.275, 0.079], [100.25, 0.063], [100.207, 0.062], [100.173, 0.054], [100.187, 0.033], [100.18, 0.012], [100.194, -0.013], [100.258, 0.014], [100.274, 0.013], [100.295, 0.001], [100.349, 0.034], [100.353, 0.045], [100.339, 0.044], [100.33, 0.05], [100.316, 0.086]]]}}, {"type": "Feature", "properties": {"domain_id": "1308152001", "name": "SILAYANG"}, "geometry": {"type": "Polygon", "coordinates": [[[100.238, 0.539], [100.206, 0.546], [100.183, 0.527], [100.181, 0.533], [100.169, 0.529], [100.167, 0.537], [100.157, 0.528], [100.12, 0.554], [100.101, 0.545], [100.116, 0.526], [100.096, 0.516], [100.096, 0.509], [100.143, 0.453], [100.19, 0.426], [100.231, 0.418], [100.257, 0.445], [100.236, 0.475], [100.239, 0.492], [100.222, 0.51], [100.226, 0.527], [100.24, 0.532], [100.238, 0.539]]]}}, {"type": "Feature", "properties": {"domain_id": "1308162001", "name": "ALAHAN MATI"}, "geometry": {"type": "Polygon", "coordinates": [[[100.174, -0.011], [100.15, -0.007], [100.147, -0.019], [100.135, -0.029], [100.133, -0.067], [100.144, -0.077], [100.138, -0.083], [100.141, -0.092], [100.133, -0.094], [100.141, -0.103], [100.162, -0.107], [100.168, -0.098], [100.155, -0.091], [100.152, -0.071], [100.185, -0.056], [100.185, -0.037], [100.203, -0.031], [100.186, -0.017], [100.178, -0.02], [100.174, -0.011]]]}}, {"type": "Feature", "properties": {"domain_id": "1311022001", "name": "PASIR TALANG"}, "geometry": {"type": "Polygon", "coordinates": [[[101.033, -1.464], [101.031, -1.451], [101.015, -1.454], [100.977, -1.486], [100.982, -1.49], [100.994, -1.486], [101.033, -1.464]]]}}, {"type": "Feature", "properties": {"domain_id": "1311052004", "name": "RANAH PANTAI CERMIN"}, "geometry": {"type": "Polygon", "coordinates": [[[101.442, -1.366], [101.383, -1.364], [101.327, -1.35], [101.323, -1.367], [101.37, -1.392], [101.411, -1.398], [101.426, -1.395], [101.442, -1.366]]]}}, {"type": "Feature", "properties": {"domain_id": "1371041007", "name": "GUNUNG PANGILUN"}, "geometry": {"type": "Polygon", "coordinates": [[[100.364, -0.91], [100.356, -0.91], [100.361, -0.923], [100.37, -0.918], [100.37, -0.908], [100.364, -0.91]]]}}, {"type": "Feature", "properties": {"domain_id": "1376031011", "name": "KOTO BARU"}, "geometry": {"type": "Polygon", "coordinates": [[[100.672, -0.197], [100.664, -0.191], [100.661, -0.199], [100.672, -0.197]]]}}, {"type": "Feature", "properties": {"domain_id": "1377022017", "name": "PADANG BIRIK BIRIK"}, "geometry": {"type": "Polygon", "coordinates": [[[100.1, -0.566], [100.093, -0.566], [100.093, -0.573], [100.102, -0.571], [100.1, -0.566]]]}}, {"type": "Feature", "properties": {"domain_id": "1306032007", "name": "DUO KOTO"}, "geometry": {"type": "Polygon", "coordinates": [[[100.212, -0.24], [100.208, -0.23], [100.191, -0.241], [100.194, -0.272], [100.212, -0.24]]]}}, {"type": "Feature", "properties": {"domain_id": "1306032010", "name": "PANINJAUAN"}, "geometry": {"type": "Polygon", "coordinates": [[[100.195, -0.215], [100.191, -0.218], [100.182, -0.209], [100.17, -0.216], [100.181, -0.25], [100.19, -0.246], [100.199, -0.232], [100.194, -0.229], [100.195, -0.215]]]}}, {"type": "Feature", "properties": {"domain_id": "1306072001", "name": "BATU TABA"}, "geometry": {"type": "Polygon", "coordinates": [[[100.428, -0.315], [100.419, -0.307], [100.42, -0.314], [100.404, -0.315], [100.409, -0.325], [100.428, -0.315]]]}}, {"type": "Feature", "properties": {"domain_id": "1306082006", "name": "SALO"}, "geometry": {"type": "Polygon", "coordinates": [[[100.469, -0.239], [100.462, -0.226], [100.443, -0.242], [100.444, -0.252], [100.449, -0.259], [100.467, -0.248], [100.469, -0.239]]]}}, {"type": "Feature", "properties": {"domain_id": "1307072003", "name": "LUBUAK ALAI"}, "geometry": {"type": "Polygon", "coordinates": [[[100.625, 0.235], [100.603, 0.247], [100.551, 0.21], [100.554, 0.185], [100.568, 0.156], [100.583, 0.155], [100.619, 0.174], [100.63, 0.216], [100.625, 0.235]]]}}, {"type": "Feature", "properties": {"domain_id": "1308082002", "name": "LUBUAK GADANG"}, "geometry": {"type": "Polygon", "coordinates": [[[100.205, 0.611], [100.168, 0.601], [100.121, 0.617], [100.122, 0.598], [100.116, 0.592], [100.123, 0.553], [100.157, 0.528], [100.167, 0.537], [100.169, 0.529], [100.181, 0.533], [100.183, 0.527], [100.206, 0.546], [100.238, 0.539], [100.21, 0.582], [100.205, 0.611]]]}}, {"type": "Feature", "properties": {"domain_id": "1377011013", "name": "TARATAK"}, "geometry": {"type": "Polygon", "coordinates": [[[100.135, -0.629], [100.127, -0.627], [100.131, -0.632], [100.135, -0.629]]]}}, {"type": "Feature", "properties": {"domain_id": "1308192002", "name": "LUBUAK LAYANG"}, "geometry": {"type": "Polygon", "coordinates": [[[100.121, 0.597], [100.097, 0.602], [100.072, 0.591], [100.055, 0.573], [100.035, 0.573], [100.037, 0.563], [100.031, 0.563], [100.056, 0.543], [100.047, 0.537], [100.048, 0.525], [100.072, 0.522], [100.072, 0.536], [100.123, 0.554], [100.116, 0.592], [100.121, 0.597]]]}}, {"type": "Feature", "properties": {"domain_id": "1309022004", "name": "MARA"}, "geometry": {"type": "Polygon", "coordinates": [[[99.678, -2.198], [99.665, -2.196], [99.652, -2.202], [99.642, -2.218], [99.66, -2.246], [99.671, -2.247], [99.671, -2.261], [99.654, -2.266], [99.671, -2.277], [99.683, -2.276], [99.685, -2.281], [99.717, -2.252], [99.754, -2.234], [99.745, -2.214], [99.705, -2.198], [99.678, -2.198]]]}}, {"type": "Feature", "properties": {"domain_id": "1310032007", "name": "SUNGAI RUMBAI TIMUR"}, "geometry": {"type": "Polygon", "coordinates": [[[101.736, -1.186], [101.726, -1.186], [101.726, -1.196], [101.741, -1.22], [101.74, -1.234], [101.764, -1.229], [101.766, -1.226], [101.748, -1.214], [101.736, -1.186]]]}}, {"type": "Feature", "properties": {"domain_id": "1371011001", "name": "BELAKANG PONDOK"}, "geometry": {"type": "Polygon", "coordinates": [[[100.364, -0.957], [100.36, -0.952], [100.363, -0.961], [100.364, -0.957]]]}}, {"type": "Feature", "properties": {"domain_id": "1371011010", "name": "TELUK BAYUR"}, "geometry": {"type": "MultiPolygon", "coordinates": [[[[100.375, -0.99], [100.369, -0.99], [100.365, -1.006], [100.38, -0.996], [100.375, -0.99]]], [[[100.363, -1.02], [100.363, -1.018], [100.362, -1.019], [100.363, -1.02]]]]}}, {"type": "Feature", "properties": {"domain_id": "1371061010", "name": "PARAK LAWEH PULAU AIA NAN XX"}, "geometry": {"type": "Polygon", "coordinates": [[[100.397, -0.963], [100.391, -0.962], [100.395, -0.978], [100.397, -0.963]]]}}, {"type": "Feature", "properties": {"domain_id": "1371071006", "name": "BARINGIN"}, "geometry": {"type": "Polygon", "coordinates": [[[100.457, -0.962], [100.45, -0.957], [100.432, -0.961], [100.441, -0.962], [100.438, -0.988], [100.447, -0.994], [100.465, -0.987], [100.457, -0.962]]]}}, {"type": "Feature", "properties": {"domain_id": "1371081004", "name": "PIAI TANGAH"}, "geometry": {"type": "Polygon", "coordinates": [[[100.43, -0.948], [100.426, -0.937], [100.416, -0.947], [100.43, -0.948]]]}}, {"type": "Feature", "properties": {"domain_id": "1373011003", "name": "KUBANG S. SELATAN"}, "geometry": {"type": "Polygon", "coordinates": [[[100.794, -0.683], [100.779, -0.689], [100.781, -0.696], [100.794, -0.696], [100.794, -0.683]]]}}, {"type": "Feature", "properties": {"domain_id": "1371111010", "name": "BATANG KABUNG GANTING"}, "geometry": {"type": "Polygon", "coordinates": [[[100.331, -0.84], [100.327, -0.843], [100.334, -0.859], [100.347, -0.86], [100.331, -0.84]]]}}, {"type": "Feature", "properties": {"domain_id": "1377012020", "name": "KAMPUNG BARU"}, "geometry": {"type": "Polygon", "coordinates": [[[100.131, -0.632], [100.125, -0.629], [100.126, -0.635], [100.131, -0.632]]]}}, {"type": "Feature", "properties": {"domain_id": "1376011021", "name": "IBUAH"}, "geometry": {"type": "Polygon", "coordinates": [[[100.637, -0.23], [100.626, -0.237], [100.634, -0.242], [100.637, -0.23]]]}}, {"type": "Feature", "properties": {"domain_id": "1301022010", "name": "PASIA PELANGAI"}, "geometry": {"type": "Polygon", "coordinates": [[[100.792, -1.782], [100.782, -1.775], [100.78, -1.737], [100.753, -1.759], [100.771, -1.794], [100.781, -1.788], [100.795, -1.797], [100.792, -1.782]]]}}, {"type": "Feature", "properties": {"domain_id": "1302092003", "name": "PIANGGU"}, "geometry": {"type": "Polygon", "coordinates": [[[100.737, -0.724], [100.727, -0.759], [100.714, -0.771], [100.726, -0.772], [100.732, -0.778], [100.749, -0.766], [100.779, -0.764], [100.765, -0.743], [100.746, -0.739], [100.737, -0.724]]]}}, {"type": "Feature", "properties": {"domain_id": "1301092006", "name": "LAGAN MUDIK PUNGGASAN"}, "geometry": {"type": "Polygon", "coordinates": [[[100.927, -1.774], [100.906, -1.808], [100.892, -1.807], [100.867, -1.82], [100.865, -1.825], [100.874, -1.833], [100.873, -1.849], [100.888, -1.848], [100.907, -1.833], [100.927, -1.774]]]}}, {"type": "Feature", "properties": {"domain_id": "1301072015", "name": "DUKU UTARA"}, "geometry": {"type": "Polygon", "coordinates": [[[100.523, -1.18], [100.525, -1.172], [100.512, -1.182], [100.48, -1.189], [100.478, -1.206], [100.494, -1.21], [100.516, -1.206], [100.529, -1.194], [100.523, -1.18]]]}}, {"type": "Feature", "properties": {"domain_id": "1303052004", "name": "MUNDAM SAKTI"}, "geometry": {"type": "Polygon", "coordinates": [[[100.921, -0.749], [100.884, -0.761], [100.885, -0.783], [100.902, -0.817], [100.926, -0.808], [100.93, -0.782], [100.921, -0.749]]]}}, {"type": "Feature", "properties": {"domain_id": "1303082003", "name": "GUGUAK"}, "geometry": {"type": "Polygon", "coordinates": [[[100.885, -0.559], [100.835, -0.57], [100.804, -0.593], [100.829, -0.601], [100.84, -0.586], [100.849, -0.595], [100.864, -0.596], [100.873, -0.584], [100.881, -0.591], [100.877, -0.571], [100.885, -0.559]]]}}, {"type": "Feature", "properties": {"domain_id": "1303092002", "name": "SISAWAH"}, "geometry": {"type": "Polygon", "coordinates": [[[100.985, -0.52], [100.969, -0.517], [100.949, -0.505], [100.929, -0.508], [100.905, -0.535], [100.882, -0.54], [100.877, -0.558], [100.898, -0.563], [100.91, -0.59], [100.963, -0.614], [100.96, -0.604], [100.965, -0.594], [100.993, -0.585], [100.983, -0.578], [100.984, -0.556], [100.972, -0.545], [100.985, -0.52]]]}}, {"type": "Feature", "properties": {"domain_id": "1304012001", "name": "TAMBANGAN"}, "geometry": {"type": "Polygon", "coordinates": [[[100.436, -0.496], [100.39, -0.495], [100.384, -0.5], [100.384, -0.526], [100.392, -0.533], [100.389, -0.541], [100.403, -0.564], [100.411, -0.562], [100.424, -0.534], [100.439, -0.52], [100.436, -0.496]]]}}, {"type": "Feature", "properties": {"domain_id": "1304032001", "name": "SIMAWANG"}, "geometry": {"type": "Polygon", "coordinates": [[[100.606, -0.553], [100.584, -0.539], [100.572, -0.541], [100.558, -0.534], [100.55, -0.552], [100.524, -0.579], [100.548, -0.627], [100.592, -0.599], [100.583, -0.585], [100.584, -0.573], [100.597, -0.558], [100.589, -0.555], [100.606, -0.553]]]}}, {"type": "Feature", "properties": {"domain_id": "1304042001", "name": "BARINGIN"}, "geometry": {"type": "MultiPolygon", "coordinates": [[[[100.577, -0.451], [100.565, -0.449], [100.603, -0.466], [100.593, -0.45], [100.577, -0.451]]], [[[100.615, -0.473], [100.602, -0.478], [100.612, -0.491], [100.62, -0.482], [100.615, -0.473]]]]}}, {"type": "Feature", "properties": {"domain_id": "1305102001", "name": "TAPAKIH"}, "geometry": {"type": "Polygon", "coordinates": [[[100.223, -0.684], [100.201, -0.718], [100.232, -0.739], [100.259, -0.708], [100.223, -0.684]]]}}, {"type": "Feature", "properties": {"domain_id": "1305122005", "name": "KOTO DALAM SELATAN"}, "geometry": {"type": "Polygon", "coordinates": [[[100.202, -0.535], [100.191, -0.53], [100.182, -0.547], [100.192, -0.554], [100.208, -0.553], [100.213, -0.543], [100.2, -0.543], [100.202, -0.535]]]}}, {"type": "Feature", "properties": {"domain_id": "1305142004", "name": "KUDU GANTIANG BARAT"}, "geometry": {"type": "Polygon", "coordinates": [[[100.179, -0.495], [100.172, -0.488], [100.141, -0.515], [100.132, -0.516], [100.137, -0.528], [100.148, -0.536], [100.163, -0.505], [100.179, -0.495]]]}}, {"type": "Feature", "properties": {"domain_id": "1301052005", "name": "BUNGA PASANG SALIDO"}, "geometry": {"type": "Polygon", "coordinates": [[[100.625, -1.337], [100.605, -1.321], [100.603, -1.311], [100.576, -1.333], [100.582, -1.34], [100.625, -1.337]]]}}, {"type": "Feature", "properties": {"domain_id": "1301092009", "name": "PASAR LAMA MUARA AIR HAJI"}, "geometry": {"type": "Polygon", "coordinates": [[[100.88, -1.923], [100.869, -1.901], [100.855, -1.907], [100.868, -1.945], [100.874, -1.933], [100.871, -1.926], [100.877, -1.929], [100.88, -1.923]]]}}, {"type": "Feature", "properties": {"domain_id": "1301112008", "name": "AMPANG TULAK TAPAN"}, "geometry": {"type": "Polygon", "coordinates": [[[101.114, -2.087], [101.105, -2.086], [101.048, -2.115], [101.015, -2.119], [101.01, -2.124], [101.019, -2.125], [101.019, -2.131], [101.024, -2.127], [101.03, -2.135], [101.056, -2.128], [101.114, -2.087]]]}}, {"type": "Feature", "properties": {"domain_id": "1302052001", "name": "SUPAYANG"}, "geometry": {"type": "Polygon", "coordinates": [[[100.839, -0.865], [100.834, -0.842], [100.812, -0.821], [100.81, -0.843], [100.746, -0.856], [100.74, -0.852], [100.736, -0.859], [100.751, -0.864], [100.759, -0.876], [100.78, -0.878], [100.795, -0.901], [100.821, -0.917], [100.841, -0.914], [100.839, -0.865]]]}}, {"type": "Feature", "properties": {"domain_id": "1303032003", "name": "TARATAK BARU"}, "geometry": {"type": "Polygon", "coordinates": [[[101.098, -0.79], [101.084, -0.776], [101.062, -0.785], [101.069, -0.826], [101.081, -0.831], [101.084, -0.816], [101.09, -0.82], [101.089, -0.813], [101.101, -0.806], [101.094, -0.797], [101.098, -0.79]]]}}, {"type": "Feature", "properties": {"domain_id": "1303062005", "name": "SUNGAI BATUANG"}, "geometry": {"type": "Polygon", "coordinates": [[[101.229, -0.68], [101.215, -0.666], [101.19, -0.655], [101.179, -0.658], [101.171, -0.671], [101.153, -0.676], [101.149, -0.69], [101.16, -0.72], [101.179, -0.707], [101.219, -0.701], [101.229, -0.68]]]}}, {"type": "Feature", "properties": {"domain_id": "1304022005", "name": "GUNUANG RAJO"}, "geometry": {"type": "Polygon", "coordinates": [[[100.463, -0.497], [100.456, -0.497], [100.461, -0.506], [100.453, -0.513], [100.459, -0.524], [100.456, -0.539], [100.46, -0.546], [100.485, -0.543], [100.477, -0.533], [100.471, -0.502], [100.463, -0.497]]]}}, {"type": "Feature", "properties": {"domain_id": "1305062005", "name": "SIKUCUA UTARA"}, "geometry": {"type": "Polygon", "coordinates": [[[100.18, -0.414], [100.176, -0.411], [100.168, -0.426], [100.163, -0.453], [100.145, -0.465], [100.146, -0.474], [100.167, -0.477], [100.172, -0.472], [100.168, -0.465], [100.18, -0.414]]]}}, {"type": "Feature", "properties": {"domain_id": "1305072002", "name": "MALAI III KOTO"}, "geometry": {"type": "Polygon", "coordinates": [[[100.108, -0.413], [100.132, -0.4], [100.054, -0.401], [100.07, -0.425], [100.083, -0.42], [100.086, -0.426], [100.094, -0.413], [100.108, -0.413]]]}}, {"type": "Feature", "properties": {"domain_id": "1305072004", "name": "SUNGAI SIRAH KURANJI HULU"}, "geometry": {"type": "Polygon", "coordinates": [[[100.173, -0.409], [100.155, -0.383], [100.128, -0.394], [100.13, -0.403], [100.108, -0.413], [100.103, -0.42], [100.115, -0.425], [100.101, -0.452], [100.1, -0.482], [100.125, -0.479], [100.131, -0.482], [100.125, -0.488], [100.131, -0.489], [100.142, -0.47], [100.14, -0.446], [100.173, -0.409]]]}}, {"type": "Feature", "properties": {"domain_id": "1305132002", "name": "GASAN GADANG"}, "geometry": {"type": "Polygon", "coordinates": [[[100.018, -0.418], [100.003, -0.421], [99.98, -0.406], [99.979, -0.417], [99.969, -0.42], [99.962, -0.434], [99.977, -0.45], [100.005, -0.438], [100.018, -0.418]]]}}, {"type": "Feature", "properties": {"domain_id": "1305142003", "name": "GUNUNG PADANG ALAI"}, "geometry": {"type": "Polygon", "coordinates": [[[100.244, -0.459], [100.222, -0.448], [100.215, -0.416], [100.189, -0.416], [100.184, -0.437], [100.203, -0.468], [100.192, -0.489], [100.184, -0.491], [100.183, -0.482], [100.171, -0.486], [100.189, -0.505], [100.18, -0.517], [100.21, -0.515], [100.212, -0.506], [100.223, -0.505], [100.228, -0.494], [100.224, -0.489], [100.239, -0.483], [100.244, -0.459]]]}}, {"type": "Feature", "properties": {"domain_id": "1305162004", "name": "TANDIKEK SELATAN"}, "geometry": {"type": "Polygon", "coordinates": [[[100.301, -0.491], [100.291, -0.487], [100.244, -0.521], [100.245, -0.543], [100.266, -0.54], [100.272, -0.552], [100.283, -0.506], [100.301, -0.491]]]}}, {"type": "Feature", "properties": {"domain_id": "1306012003", "name": "TIKU LIMO JORONG"}, "geometry": {"type": "MultiPolygon", "coordinates": [[[[99.863, -0.173], [99.805, -0.182], [99.788, -0.182], [99.788, -0.173], [99.771, -0.176], [99.801, -0.229], [99.803, -0.259], [99.817, -0.296], [99.9, -0.36], [99.893, -0.348], [99.902, -0.338], [99.891, -0.327], [99.921, -0.319], [99.926, -0.336], [99.941, -0.338], [99.929, -0.297], [99.899, -0.256], [99.895, -0.263], [99.886, -0.254], [99.883, -0.225], [99.867, -0.198], [99.863, -0.173]]], [[[99.9, -0.424], [99.901, -0.422], [99.899, -0.422], [99.9, -0.424]]], [[[99.903, -0.413], [99.903, -0.411], [99.902, -0.411], [99.903, -0.413]]], [[[99.907, -0.408], [99.907, -0.406], [99.906, -0.407], [99.907, -0.408]]]]}}, {"type": "Feature", "properties": {"domain_id": "1306052007", "name": "SIANOK ANAM SUKU"}, "geometry": {"type": "Polygon", "coordinates": [[[100.342, -0.293], [100.329, -0.3], [100.329, -0.312], [100.359, -0.31], [100.342, -0.293]]]}}, {"type": "Feature", "properties": {"domain_id": "1306162002", "name": "MALALAK TIMUR"}, "geometry": {"type": "Polygon", "coordinates": [[[100.281, -0.358], [100.277, -0.356], [100.273, -0.368], [100.269, -0.427], [100.33, -0.409], [100.33, -0.39], [100.281, -0.358]]]}}, {"type": "Feature", "properties": {"domain_id": "1307012002", "name": "SUNGAI RIMBANG"}, "geometry": {"type": "Polygon", "coordinates": [[[100.462, -0.065], [100.451, -0.058], [100.436, -0.071], [100.424, -0.071], [100.416, -0.08], [100.443, -0.098], [100.466, -0.098], [100.471, -0.112], [100.481, -0.115], [100.488, -0.107], [100.485, -0.091], [100.462, -0.065]]]}}, {"type": "Feature", "properties": {"domain_id": "1307012004", "name": "SULIKI"}, "geometry": {"type": "Polygon", "coordinates": [[[100.481, -0.115], [100.471, -0.112], [100.466, -0.098], [100.446, -0.098], [100.448, -0.105], [100.436, -0.117], [100.43, -0.137], [100.407, -0.149], [100.387, -0.149], [100.377, -0.14], [100.378, -0.147], [100.405, -0.161], [100.411, -0.177], [100.443, -0.185], [100.442, -0.163], [100.464, -0.157], [100.456, -0.149], [100.459, -0.132], [100.496, -0.134], [100.481, -0.115]]]}}, {"type": "Feature", "properties": {"domain_id": "1306122001", "name": "PADANG LAWEH"}, "geometry": {"type": "Polygon", "coordinates": [[[100.396, -0.377], [100.385, -0.374], [100.333, -0.389], [100.337, -0.395], [100.4, -0.385], [100.396, -0.377]]]}}, {"type": "Feature", "properties": {"domain_id": "1307022004", "name": "KUBANG"}, "geometry": {"type": "Polygon", "coordinates": [[[100.527, -0.13], [100.506, -0.117], [100.5, -0.133], [100.483, -0.137], [100.46, -0.131], [100.456, -0.149], [100.471, -0.161], [100.483, -0.155], [100.504, -0.161], [100.534, -0.15], [100.527, -0.13]]]}}, {"type": "Feature", "properties": {"domain_id": "1307062002", "name": "TANJUANG BALIK"}, "geometry": {"type": "Polygon", "coordinates": [[[100.847, 0.16], [100.797, 0.194], [100.779, 0.192], [100.75, 0.207], [100.745, 0.176], [100.748, 0.151], [100.775, 0.104], [100.786, 0.107], [100.788, 0.127], [100.814, 0.134], [100.821, 0.145], [100.835, 0.141], [100.847, 0.16]]]}}, {"type": "Feature", "properties": {"domain_id": "1307112004", "name": "TALANG MAUR"}, "geometry": {"type": "Polygon", "coordinates": [[[100.572, 0.015], [100.558, 0.022], [100.546, 0.0], [100.55, -0.008], [100.541, -0.018], [100.535, -0.015], [100.532, -0.024], [100.521, -0.021], [100.517, -0.026], [100.524, -0.043], [100.52, -0.056], [100.548, -0.063], [100.544, -0.084], [100.567, -0.089], [100.59, -0.069], [100.601, -0.009], [100.572, 0.015]]]}}, {"type": "Feature", "properties": {"domain_id": "1307122003", "name": "BARUAH GUNUANG"}, "geometry": {"type": "Polygon", "coordinates": [[[100.445, -0.009], [100.439, -0.004], [100.444, 0.009], [100.429, 0.044], [100.434, 0.05], [100.414, 0.056], [100.398, 0.088], [100.376, 0.053], [100.361, 0.041], [100.353, 0.045], [100.345, 0.032], [100.376, -0.013], [100.375, -0.026], [100.381, -0.034], [100.393, -0.032], [100.389, -0.021], [100.403, -0.011], [100.409, -0.016], [100.429, -0.004], [100.445, -0.009]]]}}, {"type": "Feature", "properties": {"domain_id": "1307132003", "name": "BATUHAMPAR"}, "geometry": {"type": "MultiPolygon", "coordinates": [[[[100.545, -0.225], [100.52, -0.241], [100.521, -0.25], [100.527, -0.245], [100.548, -0.26], [100.566, -0.253], [100.545, -0.225]]], [[[100.564, -0.263], [100.559, -0.265], [100.566, -0.266], [100.564, -0.263]]]]}}, {"type": "Feature", "properties": {"domain_id": "1308052001", "name": "TANJUANG BARINGIN"}, "geometry": {"type": "Polygon", "coordinates": [[[100.242, 0.141], [100.229, 0.141], [100.189, 0.119], [100.17, 0.122], [100.129, 0.094], [100.088, 0.083], [100.092, 0.057], [100.099, 0.051], [100.125, 0.052], [100.15, 0.065], [100.171, 0.054], [100.207, 0.062], [100.25, 0.063], [100.275, 0.079], [100.281, 0.093], [100.267, 0.093], [100.254, 0.113], [100.242, 0.119], [100.242, 0.141]]]}}, {"type": "Feature", "properties": {"domain_id": "1308072004", "name": "PANTI SELATAN"}, "geometry": {"type": "Polygon", "coordinates": [[[100.168, 0.333], [100.147, 0.335], [100.115, 0.36], [100.101, 0.361], [100.056, 0.319], [100.022, 0.311], [100.018, 0.302], [100.024, 0.29], [100.01, 0.288], [100.001, 0.278], [100.002, 0.265], [100.023, 0.249], [100.034, 0.255], [100.048, 0.245], [100.073, 0.245], [100.084, 0.26], [100.107, 0.258], [100.112, 0.28], [100.123, 0.273], [100.149, 0.275], [100.165, 0.264], [100.171, 0.268], [100.176, 0.3], [100.168, 0.333]]]}}, {"type": "Feature", "properties": {"domain_id": "1308172003", "name": "SITOMBOL PADANG GELUGUA"}, "geometry": {"type": "Polygon", "coordinates": [[[100.063, 0.47], [100.032, 0.462], [100.043, 0.452], [100.063, 0.47]]]}}, {"type": "Feature", "properties": {"domain_id": "1377011015", "name": "UJUNG BATUNG"}, "geometry": {"type": "Polygon", "coordinates": [[[100.144, -0.637], [100.138, -0.633], [100.133, -0.638], [100.14, -0.641], [100.144, -0.637]]]}}, {"type": "Feature", "properties": {"domain_id": "1310032004", "name": "KURNIA KOTO SALAK"}, "geometry": {"type": "Polygon", "coordinates": [[[101.766, -1.19], [101.752, -1.193], [101.736, -1.186], [101.752, -1.219], [101.752, -1.214], [101.782, -1.202], [101.766, -1.19]]]}}, {"type": "Feature", "properties": {"domain_id": "1310112003", "name": "KOTO GADANG"}, "geometry": {"type": "Polygon", "coordinates": [[[101.701, -1.271], [101.687, -1.267], [101.662, -1.287], [101.638, -1.288], [101.637, -1.297], [101.662, -1.302], [101.661, -1.31], [101.671, -1.303], [101.68, -1.31], [101.693, -1.302], [101.688, -1.3], [101.696, -1.292], [101.692, -1.281], [101.701, -1.271]]]}}, {"type": "Feature", "properties": {"domain_id": "1312042003", "name": "SINURUIK"}, "geometry": {"type": "Polygon", "coordinates": [[[99.904, 0.312], [99.884, 0.31], [99.875, 0.319], [99.858, 0.32], [99.847, 0.316], [99.849, 0.302], [99.833, 0.308], [99.795, 0.298], [99.827, 0.262], [99.846, 0.267], [99.848, 0.218], [99.887, 0.214], [99.888, 0.219], [99.902, 0.223], [99.918, 0.205], [99.931, 0.207], [99.947, 0.221], [99.972, 0.221], [99.982, 0.227], [99.996, 0.254], [100.009, 0.259], [100.001, 0.275], [99.992, 0.274], [99.98, 0.287], [99.977, 0.28], [99.965, 0.289], [99.923, 0.293], [99.916, 0.314], [99.904, 0.312]]]}}, {"type": "Feature", "properties": {"domain_id": "1371041005", "name": "LOLONG BELANTI"}, "geometry": {"type": "Polygon", "coordinates": [[[100.359, -0.916], [100.348, -0.919], [100.35, -0.923], [100.361, -0.923], [100.359, -0.916]]]}}, {"type": "Feature", "properties": {"domain_id": "1371051003", "name": "BUNGUS SELATAN"}, "geometry": {"type": "MultiPolygon", "coordinates": [[[[100.418, -1.028], [100.401, -1.035], [100.411, -1.039], [100.414, -1.047], [100.444, -1.032], [100.418, -1.028]]]]}}, {"type": "Feature", "properties": {"domain_id": "1371061007", "name": "TANJUNG AUA NAN XX"}, "geometry": {"type": "Polygon", "coordinates": [[[100.383, -0.962], [100.382, -0.958], [100.379, -0.96], [100.383, -0.962]]]}}, {"type": "Feature", "properties": {"domain_id": "1377011016", "name": "JATI HILIR"}, "geometry": {"type": "Polygon", "coordinates": [[[100.137, -0.613], [100.129, -0.617], [100.134, -0.626], [100.142, -0.621], [100.137, -0.613]]]}}, {"type": "Feature", "properties": {"domain_id": "1371111005", "name": "KOTO PANJANG IKUA KOTO"}, "geometry": {"type": "Polygon", "coordinates": [[[100.38, -0.847], [100.37, -0.839], [100.364, -0.841], [100.354, -0.849], [100.355, -0.863], [100.374, -0.869], [100.376, -0.858], [100.381, -0.86], [100.38, -0.847]]]}}, {"type": "Feature", "properties": {"domain_id": "1371111002", "name": "LUBUK MINTURUN"}, "geometry": {"type": "Polygon", "coordinates": [[[100.477, -0.735], [100.458, -0.726], [100.446, -0.734], [100.447, -0.773], [100.439, -0.799], [100.409, -0.808], [100.393, -0.835], [100.37, -0.839], [100.388, -0.852], [100.391, -0.872], [100.412, -0.873], [100.44, -0.855], [100.44, -0.844], [100.459, -0.844], [100.476, -0.823], [100.465, -0.81], [100.488, -0.798], [100.51, -0.795], [100.509, -0.755], [100.479, -0.752], [100.477, -0.735]]]}}, {"type": "Feature", "properties": {"domain_id": "1373012011", "name": "PASA KUBANG"}, "geometry": {"type": "Polygon", "coordinates": [[[100.768, -0.708], [100.762, -0.703], [100.735, -0.724], [100.75, -0.724], [100.768, -0.708]]]}}, {"type": "Feature", "properties": {"domain_id": "1374011001", "name": "GANTING"}, "geometry": {"type": "Polygon", "coordinates": [[[100.424, -0.458], [100.413, -0.452], [100.409, -0.461], [100.424, -0.469], [100.424, -0.458]]]}}, {"type": "Feature", "properties": {"domain_id": "1375031008", "name": "LADANG CAKIAH"}, "geometry": {"type": "Polygon", "coordinates": [[[100.399, -0.304], [100.394, -0.313], [100.402, -0.311], [100.399, -0.304]]]}}, {"type": "Feature", "properties": {"domain_id": "1376011002", "name": "PAKAN SINAYAN"}, "geometry": {"type": "Polygon", "coordinates": [[[100.617, -0.249], [100.611, -0.248], [100.607, -0.257], [100.615, -0.26], [100.617, -0.249]]]}}, {"type": "Feature", "properties": {"domain_id": "1376011007", "name": "TALANG"}, "geometry": {"type": "Polygon", "coordinates": [[[100.609, -0.231], [100.605, -0.216], [100.591, -0.231], [100.609, -0.231]]]}}, {"type": "Feature", "properties": {"domain_id": "1376011013", "name": "SUBARANG BATUANG"}, "geometry": {"type": "Polygon", "coordinates": [[[100.614, -0.212], [100.606, -0.214], [100.613, -0.228], [100.619, -0.224], [100.614, -0.212]]]}}, {"type": "Feature", "properties": {"domain_id": "1376021033", "name": "TARATAK PADANG KAMPUANG"}, "geometry": {"type": "Polygon", "coordinates": [[[100.642, -0.195], [100.632, -0.192], [100.625, -0.202], [100.633, -0.208], [100.642, -0.195]]]}}, {"type": "Feature", "properties": {"domain_id": "1377022019", "name": "SUNGAI RAMBAI"}, "geometry": {"type": "Polygon", "coordinates": [[[100.117, -0.564], [100.119, -0.553], [100.108, -0.561], [100.108, -0.569], [100.117, -0.564]]]}}, {"type": "Feature", "properties": {"domain_id": "1377032015", "name": "PALAK ANEH"}, "geometry": {"type": "Polygon", "coordinates": [[[100.165, -0.639], [100.157, -0.641], [100.158, -0.65], [100.165, -0.639]]]}}, {"type": "Feature", "properties": {"domain_id": "1301052017", "name": "BUKIK KACIAK LUMPO"}, "geometry": {"type": "Polygon", "coordinates": [[[100.561, -1.267], [100.546, -1.276], [100.538, -1.273], [100.542, -1.287], [100.556, -1.284], [100.556, -1.275], [100.574, -1.278], [100.561, -1.267]]]}}, {"type": "Feature", "properties": {"domain_id": "1301092007", "name": "LAGAN HILIR PUNGGASAN"}, "geometry": {"type": "Polygon", "coordinates": [[[100.873, -1.849], [100.874, -1.833], [100.865, -1.825], [100.849, -1.854], [100.857, -1.861], [100.873, -1.849]]]}}, {"type": "Feature", "properties": {"domain_id": "1302042001", "name": "ALAHAN PANJANG"}, "geometry": {"type": "Polygon", "coordinates": [[[100.802, -1.061], [100.779, -1.047], [100.758, -1.045], [100.748, -1.058], [100.753, -1.085], [100.742, -1.092], [100.74, -1.112], [100.743, -1.115], [100.802, -1.093], [100.809, -1.078], [100.799, -1.07], [100.802, -1.061]]]}}, {"type": "Feature", "properties": {"domain_id": "1302062002", "name": "BATU BAJANJANG"}, "geometry": {"type": "Polygon", "coordinates": [[[100.687, -0.934], [100.681, -0.934], [100.686, -0.959], [100.704, -0.961], [100.701, -0.982], [100.718, -0.979], [100.719, -0.938], [100.687, -0.934]]]}}, {"type": "Feature", "properties": {"domain_id": "1302072006", "name": "BATANG BARUS"}, "geometry": {"type": "Polygon", "coordinates": [[[100.625, -0.952], [100.59, -0.942], [100.556, -0.923], [100.542, -0.943], [100.539, -0.961], [100.553, -0.988], [100.553, -1.032], [100.583, -1.071], [100.594, -1.068], [100.594, -1.075], [100.618, -1.062], [100.617, -1.047], [100.627, -1.022], [100.637, -1.004], [100.652, -0.996], [100.661, -0.969], [100.658, -0.96], [100.633, -0.958], [100.625, -0.952]]]}}, {"type": "Feature", "properties": {"domain_id": "1302082003", "name": "BUKIT TANDANG"}, "geometry": {"type": "Polygon", "coordinates": [[[100.74, -0.852], [100.739, -0.836], [100.702, -0.838], [100.7, -0.844], [100.704, -0.857], [100.715, -0.855], [100.717, -0.86], [100.732, -0.861], [100.74, -0.852]]]}}, {"type": "Feature", "properties": {"domain_id": "1302092002", "name": "SIARO-ARO"}, "geometry": {"type": "Polygon", "coordinates": [[[100.81, -0.773], [100.805, -0.768], [100.768, -0.801], [100.812, -0.821], [100.83, -0.806], [100.832, -0.788], [100.811, -0.795], [100.822, -0.78], [100.81, -0.773]]]}}, {"type": "Feature", "properties": {"domain_id": "1303052002", "name": "KOTO BARU"}, "geometry": {"type": "Polygon", "coordinates": [[[100.896, -0.733], [100.85, -0.731], [100.841, -0.74], [100.85, -0.754], [100.852, -0.785], [100.884, -0.813], [100.888, -0.828], [100.902, -0.817], [100.885, -0.783], [100.884, -0.761], [100.921, -0.749], [100.916, -0.738], [100.905, -0.741], [100.896, -0.733]]]}}, {"type": "Feature", "properties": {"domain_id": "1304012006", "name": "KOTO LAWEH"}, "geometry": {"type": "Polygon", "coordinates": [[[100.406, -0.415], [100.406, -0.41], [100.391, -0.41], [100.372, -0.415], [100.392, -0.435], [100.406, -0.415]]]}}, {"type": "Feature", "properties": {"domain_id": "1304022008", "name": "BUNGO TANJUANG"}, "geometry": {"type": "Polygon", "coordinates": [[[100.499, -0.498], [100.489, -0.477], [100.477, -0.485], [100.48, -0.493], [100.47, -0.505], [100.477, -0.533], [100.484, -0.538], [100.483, -0.526], [100.499, -0.498]]]}}, {"type": "Feature", "properties": {"domain_id": "1304102005", "name": "SALIMPAUNG"}, "geometry": {"type": "Polygon", "coordinates": [[[100.557, -0.354], [100.534, -0.345], [100.506, -0.349], [100.496, -0.364], [100.518, -0.358], [100.547, -0.365], [100.557, -0.354]]]}}, {"type": "Feature", "properties": {"domain_id": "1305022004", "name": "BUAYAN LUBUK ALUNG"}, "geometry": {"type": "Polygon", "coordinates": [[[100.299, -0.707], [100.289, -0.71], [100.286, -0.726], [100.312, -0.716], [100.299, -0.707]]]}}, {"type": "Feature", "properties": {"domain_id": "1305032007", "name": "SUNUA TENGAH"}, "geometry": {"type": "Polygon", "coordinates": [[[100.173, -0.652], [100.165, -0.65], [100.159, -0.659], [100.184, -0.678], [100.173, -0.652]]]}}, {"type": "Feature", "properties": {"domain_id": "1305052002", "name": "SUNGAI SARIAK"}, "geometry": {"type": "Polygon", "coordinates": [[[100.233, -0.567], [100.213, -0.567], [100.209, -0.575], [100.228, -0.586], [100.233, -0.613], [100.241, -0.613], [100.248, -0.578], [100.233, -0.567]]]}}, {"type": "Feature", "properties": {"domain_id": "1305062006", "name": "SIKUCUA TIMUR"}, "geometry": {"type": "Polygon", "coordinates": [[[100.189, -0.416], [100.18, -0.414], [100.176, -0.423], [100.175, -0.454], [100.168, -0.465], [100.173, -0.48], [100.187, -0.483], [100.184, -0.491], [100.192, -0.489], [100.203, -0.468], [100.184, -0.437], [100.189, -0.416]]]}}, {"type": "Feature", "properties": {"domain_id": "1306062005", "name": "LADANG LAWEH"}, "geometry": {"type": "Polygon", "coordinates": [[[100.39, -0.331], [100.369, -0.33], [100.367, -0.334], [100.373, -0.341], [100.384, -0.34], [100.394, -0.357], [100.397, -0.341], [100.39, -0.331]]]}}, {"type": "Feature", "properties": {"domain_id": "1306122005", "name": "SARIAK"}, "geometry": {"type": "Polygon", "coordinates": [[[100.418, -0.372], [100.4, -0.355], [100.39, -0.359], [100.4, -0.377], [100.418, -0.372]]]}}, {"type": "Feature", "properties": {"domain_id": "1306152002", "name": "KAMANG HILIA"}, "geometry": {"type": "Polygon", "coordinates": [[[100.465, -0.221], [100.445, -0.204], [100.415, -0.22], [100.442, -0.242], [100.454, -0.237], [100.465, -0.221]]]}}, {"type": "Feature", "properties": {"domain_id": "1307052006", "name": "BATU BALANG"}, "geometry": {"type": "Polygon", "coordinates": [[[100.694, -0.168], [100.682, -0.163], [100.666, -0.169], [100.662, -0.19], [100.672, -0.197], [100.688, -0.19], [100.694, -0.168]]]}}, {"type": "Feature", "properties": {"domain_id": "1307062006", "name": "TANJUNG PAUH"}, "geometry": {"type": "Polygon", "coordinates": [[[100.847, 0.206], [100.839, 0.213], [100.842, 0.226], [100.827, 0.239], [100.815, 0.261], [100.811, 0.252], [100.799, 0.258], [100.77, 0.249], [100.768, 0.234], [100.761, 0.235], [100.75, 0.207], [100.779, 0.192], [100.797, 0.194], [100.847, 0.16], [100.847, 0.206]]]}}, {"type": "Feature", "properties": {"domain_id": "1307092006", "name": "HALABAN"}, "geometry": {"type": "Polygon", "coordinates": [[[100.753, -0.309], [100.751, -0.304], [100.741, -0.31], [100.729, -0.329], [100.726, -0.354], [100.751, -0.37], [100.78, -0.367], [100.773, -0.356], [100.778, -0.337], [100.765, -0.329], [100.753, -0.309]]]}}, {"type": "Feature", "properties": {"domain_id": "1307122001", "name": "MAEK"}, "geometry": {"type": "Polygon", "coordinates": [[[100.545, 0.121], [100.518, 0.103], [100.485, 0.117], [100.475, 0.112], [100.425, 0.124], [100.418, 0.12], [100.418, 0.11], [100.397, 0.088], [100.414, 0.056], [100.433, 0.05], [100.429, 0.044], [100.444, 0.009], [100.439, -0.004], [100.454, -0.017], [100.481, -0.025], [100.509, -0.026], [100.521, -0.021], [100.531, -0.025], [100.535, -0.015], [100.541, -0.018], [100.55, -0.008], [100.538, 0.014], [100.521, 0.029], [100.516, 0.051], [100.548, 0.08], [100.545, 0.121]]]}}, {"type": "Feature", "properties": {"domain_id": "1302172003", "name": "SUNGAI ABU"}, "geometry": {"type": "Polygon", "coordinates": [[[101.003, -1.259], [101.024, -1.221], [101.024, -1.182], [101.007, -1.137], [100.997, -1.136], [100.987, -1.124], [100.965, -1.15], [100.901, -1.171], [100.939, -1.199], [100.966, -1.229], [101.005, -1.288], [101.003, -1.259]]]}}, {"type": "Feature", "properties": {"domain_id": "1308132002", "name": "LADANG PANJANG"}, "geometry": {"type": "Polygon", "coordinates": [[[100.123, 0.005], [100.054, -0.001], [100.028, 0.003], [100.024, -0.024], [100.039, -0.037], [100.03, -0.059], [100.053, -0.056], [100.074, -0.04], [100.128, -0.025], [100.129, -0.001], [100.123, 0.005]]]}}, {"type": "Feature", "properties": {"domain_id": "1371091007", "name": "KURANJI"}, "geometry": {"type": "Polygon", "coordinates": [[[100.424, -0.927], [100.432, -0.917], [100.431, -0.907], [100.452, -0.879], [100.462, -0.842], [100.44, -0.844], [100.44, -0.855], [100.416, -0.87], [100.423, -0.88], [100.407, -0.893], [100.415, -0.909], [100.412, -0.926], [100.424, -0.927]]]}}, {"type": "Feature", "properties": {"domain_id": "1373032004", "name": "MUARO KALABAN"}, "geometry": {"type": "Polygon", "coordinates": [[[100.794, -0.696], [100.775, -0.696], [100.785, -0.719], [100.802, -0.719], [100.804, -0.707], [100.794, -0.696]]]}}, {"type": "Feature", "properties": {"domain_id": "1375031007", "name": "PARIT ANTANG"}, "geometry": {"type": "Polygon", "coordinates": [[[100.39, -0.307], [100.388, -0.315], [100.395, -0.315], [100.39, -0.307]]]}}, {"type": "Feature", "properties": {"domain_id": "1377022010", "name": "SIKAPAK TIMUR"}, "geometry": {"type": "MultiPolygon", "coordinates": [[[[100.142, -0.571], [100.13, -0.584], [100.143, -0.583], [100.142, -0.571]]], [[[100.163, -0.593], [100.163, -0.597], [100.169, -0.601], [100.163, -0.593]]]]}}, {"type": "Feature", "properties": {"domain_id": "1377022011", "name": "MANGGUNG"}, "geometry": {"type": "Polygon", "coordinates": [[[100.112, -0.586], [100.102, -0.589], [100.107, -0.597], [100.112, -0.586]]]}}, {"type": "Feature", "properties": {"domain_id": "1301022004", "name": "SUNGAI TUNU BARAT"}, "geometry": {"type": "MultiPolygon", "coordinates": [[[[100.815, -1.826], [100.799, -1.832], [100.831, -1.867], [100.84, -1.861], [100.834, -1.845], [100.815, -1.826]]], [[[100.639, -1.912], [100.638, -1.907], [100.637, -1.91], [100.639, -1.912]]]]}}, {"type": "Feature", "properties": {"domain_id": "1301042006", "name": "TERATAK TEMPATIH IV KOTO MUDIEK"}, "geometry": {"type": "Polygon", "coordinates": [[[100.8, -1.258], [100.81, -1.244], [100.806, -1.236], [100.716, -1.276], [100.688, -1.306], [100.664, -1.366], [100.636, -1.372], [100.625, -1.368], [100.631, -1.398], [100.627, -1.407], [100.635, -1.415], [100.659, -1.419], [100.678, -1.396], [100.727, -1.305], [100.787, -1.261], [100.8, -1.258]]]}}, {"type": "Feature", "properties": {"domain_id": "1301092005", "name": "PADANG XI PUNGGASAN"}, "geometry": {"type": "Polygon", "coordinates": [[[101.096, -1.67], [101.066, -1.658], [101.05, -1.685], [101.012, -1.706], [101.006, -1.727], [100.992, -1.743], [100.927, -1.768], [100.907, -1.833], [100.888, -1.848], [100.861, -1.857], [100.856, -1.882], [100.869, -1.885], [100.879, -1.873], [100.898, -1.869], [100.904, -1.853], [100.95, -1.801], [101.0, -1.773], [101.015, -1.753], [101.035, -1.744], [101.046, -1.724], [101.086, -1.69], [101.096, -1.67]]]}}, {"type": "Feature", "properties": {"domain_id": "1301072016", "name": "PULAU KARAM AMPANG PULAI"}, "geometry": {"type": "Polygon", "coordinates": [[[100.468, -1.259], [100.457, -1.262], [100.466, -1.275], [100.468, -1.259]]]}}, {"type": "Feature", "properties": {"domain_id": "1301112010", "name": "BATANG BETUNG TAPAN"}, "geometry": {"type": "Polygon", "coordinates": [[[101.081, -2.142], [101.067, -2.136], [101.041, -2.149], [101.065, -2.162], [101.068, -2.155], [101.074, -2.163], [101.083, -2.154], [101.081, -2.142]]]}}, {"type": "Feature", "properties": {"domain_id": "1301152009", "name": "AIR HITAM"}, "geometry": {"type": "Polygon", "coordinates": [[[101.056, -2.366], [101.016, -2.365], [101.016, -2.399], [100.996, -2.399], [101.004, -2.434], [101.027, -2.416], [101.029, -2.39], [101.055, -2.376], [101.056, -2.366]]]}}, {"type": "Feature", "properties": {"domain_id": "1303032006", "name": "SIBAKUR"}, "geometry": {"type": "Polygon", "coordinates": [[[101.142, -0.844], [101.131, -0.837], [101.121, -0.839], [101.108, -0.827], [101.1, -0.83], [101.101, -0.874], [101.095, -0.902], [101.074, -0.926], [101.06, -0.93], [101.067, -0.951], [101.05, -0.968], [101.063, -0.988], [101.086, -0.99], [101.102, -0.979], [101.124, -0.979], [101.142, -0.962], [101.147, -0.94], [101.141, -0.884], [101.148, -0.854], [101.142, -0.844]]]}}, {"type": "Feature", "properties": {"domain_id": "1303062010", "name": "LUBUK TARANTANG"}, "geometry": {"type": "Polygon", "coordinates": [[[101.273, -0.888], [101.261, -0.887], [101.252, -0.874], [101.242, -0.872], [101.232, -0.88], [101.23, -0.901], [101.209, -0.91], [101.225, -0.93], [101.261, -0.935], [101.28, -0.959], [101.284, -0.956], [101.287, -0.962], [101.294, -0.953], [101.301, -0.958], [101.311, -0.951], [101.318, -0.963], [101.319, -0.951], [101.349, -0.917], [101.347, -0.906], [101.328, -0.891], [101.273, -0.888]]]}}, {"type": "Feature", "properties": {"domain_id": "1304022006", "name": "PITALAH"}, "geometry": {"type": "Polygon", "coordinates": [[[100.477, -0.485], [100.466, -0.486], [100.464, -0.501], [100.471, -0.504], [100.48, -0.493], [100.477, -0.485]]]}}, {"type": "Feature", "properties": {"domain_id": "1304052003", "name": "KOTO TANGAH"}, "geometry": {"type": "Polygon", "coordinates": [[[100.693, -0.452], [100.665, -0.425], [100.665, -0.448], [100.656, -0.461], [100.661, -0.469], [100.645, -0.482], [100.666, -0.487], [100.684, -0.472], [100.693, -0.452]]]}}, {"type": "Feature", "properties": {"domain_id": "1304082005", "name": "PADANG LAWEH"}, "geometry": {"type": "Polygon", "coordinates": [[[100.535, -0.395], [100.491, -0.385], [100.474, -0.388], [100.499, -0.408], [100.521, -0.411], [100.542, -0.424], [100.552, -0.415], [100.546, -0.412], [100.548, -0.407], [100.534, -0.402], [100.535, -0.395]]]}}, {"type": "Feature", "properties": {"domain_id": "1304092003", "name": "SAWAH TANGAH"}, "geometry": {"type": "Polygon", "coordinates": [[[100.529, -0.453], [100.515, -0.449], [100.51, -0.458], [100.527, -0.463], [100.529, -0.453]]]}}, {"type": "Feature", "properties": {"domain_id": "1304132002", "name": "BALAI TANGAH"}, "geometry": {"type": "Polygon", "coordinates": [[[100.753, -0.404], [100.743, -0.401], [100.726, -0.414], [100.736, -0.418], [100.753, -0.404]]]}}, {"type": "Feature", "properties": {"domain_id": "1305012009", "name": "NAGARI BALAH HILIA LUBUK ALUNG"}, "geometry": {"type": "Polygon", "coordinates": [[[100.308, -0.668], [100.298, -0.667], [100.285, -0.674], [100.281, -0.704], [100.27, -0.709], [100.299, -0.707], [100.294, -0.686], [100.308, -0.668]]]}}, {"type": "Feature", "properties": {"domain_id": "1305052004", "name": "LAREH NAN PANJANG"}, "geometry": {"type": "Polygon", "coordinates": [[[100.191, -0.564], [100.182, -0.564], [100.186, -0.571], [100.177, -0.576], [100.178, -0.583], [100.185, -0.579], [100.195, -0.587], [100.193, -0.578], [100.202, -0.57], [100.191, -0.564]]]}}, {"type": "Feature", "properties": {"domain_id": "1371041001", "name": "AIR TAWAR TIMUR"}, "geometry": {"type": "Polygon", "coordinates": [[[100.359, -0.891], [100.352, -0.892], [100.351, -0.904], [100.359, -0.891]]]}}, {"type": "Feature", "properties": {"domain_id": "1305092004", "name": "III KOTO AUR MALINTANG SELATAN"}, "geometry": {"type": "MultiPolygon", "coordinates": [[[[100.158, -0.368], [100.075, -0.376], [100.072, -0.394], [100.059, -0.401], [100.122, -0.4], [100.155, -0.383], [100.158, -0.368]]], [[[100.028, -0.375], [99.997, -0.38], [100.029, -0.383], [100.028, -0.375]]]]}}, {"type": "Feature", "properties": {"domain_id": "1306082005", "name": "PADANG TAROK"}, "geometry": {"type": "Polygon", "coordinates": [[[100.542, -0.26], [100.528, -0.245], [100.522, -0.25], [100.512, -0.245], [100.493, -0.276], [100.512, -0.299], [100.537, -0.279], [100.542, -0.26]]]}}, {"type": "Feature", "properties": {"domain_id": "1306102002", "name": "PASIA LAWEH"}, "geometry": {"type": "Polygon", "coordinates": [[[100.354, -0.095], [100.282, -0.108], [100.289, -0.133], [100.281, -0.15], [100.285, -0.162], [100.287, -0.158], [100.298, -0.166], [100.3, -0.176], [100.311, -0.179], [100.317, -0.174], [100.354, -0.173], [100.359, -0.167], [100.343, -0.148], [100.343, -0.139], [100.367, -0.143], [100.378, -0.139], [100.374, -0.124], [100.381, -0.116], [100.362, -0.108], [100.354, -0.095]]]}}, {"type": "Feature", "properties": {"domain_id": "1307032002", "name": "TAEH BUKIK"}, "geometry": {"type": "Polygon", "coordinates": [[[100.595, -0.104], [100.58, -0.124], [100.604, -0.163], [100.612, -0.157], [100.628, -0.122], [100.62, -0.112], [100.595, -0.104]]]}}, {"type": "Feature", "properties": {"domain_id": "1307062005", "name": "KOTO ALAM"}, "geometry": {"type": "Polygon", "coordinates": [[[100.724, 0.046], [100.715, 0.056], [100.689, 0.05], [100.68, 0.06], [100.663, 0.046], [100.648, 0.043], [100.616, 0.052], [100.572, 0.015], [100.585, -0.0], [100.612, -0.013], [100.648, -0.018], [100.654, -0.002], [100.689, -0.01], [100.71, -0.009], [100.724, -0.021], [100.727, -0.034], [100.757, -0.044], [100.764, -0.022], [100.757, -0.013], [100.756, 0.014], [100.724, 0.046]]]}}, {"type": "Feature", "properties": {"domain_id": "1372011005", "name": "KAMPAI TABU KARAMBIA"}, "geometry": {"type": "Polygon", "coordinates": [[[100.66, -0.802], [100.641, -0.805], [100.667, -0.811], [100.664, -0.801], [100.66, -0.802]]]}}, {"type": "Feature", "properties": {"domain_id": "1307112002", "name": "SIMPANG KAPUAK"}, "geometry": {"type": "Polygon", "coordinates": [[[100.642, -0.018], [100.601, -0.009], [100.588, -0.071], [100.6, -0.098], [100.596, -0.106], [100.61, -0.106], [100.627, -0.121], [100.633, -0.111], [100.627, -0.102], [100.627, -0.073], [100.642, -0.018]]]}}, {"type": "Feature", "properties": {"domain_id": "1308172002", "name": "SONTANG CUBADAK"}, "geometry": {"type": "Polygon", "coordinates": [[[100.004, 0.466], [99.986, 0.464], [99.986, 0.435], [100.011, 0.426], [100.022, 0.406], [100.052, 0.412], [100.052, 0.422], [100.037, 0.427], [100.046, 0.436], [100.026, 0.441], [100.004, 0.466]]]}}, {"type": "Feature", "properties": {"domain_id": "1309042006", "name": "MUARA SIKABALUAN"}, "geometry": {"type": "MultiPolygon", "coordinates": [[[[98.961, -1.079], [98.956, -1.076], [98.959, -1.083], [98.941, -1.089], [98.94, -1.112], [98.924, -1.128], [98.969, -1.141], [98.993, -1.163], [99.007, -1.158], [98.999, -1.133], [99.002, -1.116], [98.969, -1.094], [98.961, -1.079]]], [[[98.955, -1.06], [98.958, -1.071], [98.959, -1.066], [98.955, -1.06]]], [[[98.949, -1.039], [98.947, -1.041], [98.952, -1.044], [98.949, -1.039]]], [[[98.945, -0.999], [98.945, -0.998], [98.944, -0.999], [98.945, -0.999]]], [[[98.946, -0.993], [98.948, -0.992], [98.947, -0.989], [98.946, -0.993]]], [[[98.93, -0.958], [98.921, -0.958], [98.917, -0.967], [98.945, -1.017], [98.952, -1.013], [98.944, -1.006], [98.945, -0.982], [98.93, -0.958]]]]}}, {"type": "Feature", "properties": {"domain_id": "1309092003", "name": "MATOBE"}, "geometry": {"type": "Polygon", "coordinates": [[[100.203, -2.713], [100.173, -2.648], [100.15, -2.64], [100.129, -2.653], [100.139, -2.671], [100.122, -2.696], [100.142, -2.703], [100.155, -2.731], [100.161, -2.72], [100.161, -2.698], [100.172, -2.689], [100.189, -2.714], [100.203, -2.713]]]}}, {"type": "Feature", "properties": {"domain_id": "1310022009", "name": "SIKABAU"}, "geometry": {"type": "Polygon", "coordinates": [[[101.581, -0.994], [101.565, -0.986], [101.563, -0.976], [101.526, -1.002], [101.504, -0.984], [101.469, -0.984], [101.472, -1.008], [101.457, -1.016], [101.456, -1.043], [101.441, -1.057], [101.502, -1.045], [101.508, -1.051], [101.524, -1.051], [101.538, -1.026], [101.581, -0.994]]]}}, {"type": "Feature", "properties": {"domain_id": "1310112007", "name": "KOTO RANAH"}, "geometry": {"type": "Polygon", "coordinates": [[[101.711, -1.224], [101.699, -1.234], [101.701, -1.239], [101.71, -1.237], [101.709, -1.231], [101.714, -1.233], [101.703, -1.247], [101.689, -1.241], [101.677, -1.244], [101.69, -1.256], [101.691, -1.27], [101.707, -1.271], [101.721, -1.254], [101.719, -1.227], [101.711, -1.224]]]}}, {"type": "Feature", "properties": {"domain_id": "1311052005", "name": "SITAPUS"}, "geometry": {"type": "Polygon", "coordinates": [[[101.469, -1.28], [101.468, -1.259], [101.406, -1.283], [101.344, -1.266], [101.337, -1.291], [101.377, -1.311], [101.414, -1.302], [101.416, -1.31], [101.454, -1.301], [101.459, -1.282], [101.469, -1.28]]]}}, {"type": "Feature", "properties": {"domain_id": "1371031005", "name": "PADANG PASIR"}, "geometry": {"type": "Polygon", "coordinates": [[[100.361, -0.937], [100.354, -0.935], [100.354, -0.943], [100.362, -0.943], [100.361, -0.937]]]}}, {"type": "Feature", "properties": {"domain_id": "1371041002", "name": "AIR TAWAR BARAT"}, "geometry": {"type": "Polygon", "coordinates": [[[100.352, -0.892], [100.344, -0.891], [100.344, -0.905], [100.351, -0.904], [100.352, -0.892]]]}}, {"type": "Feature", "properties": {"domain_id": "1371061006", "name": "GURUN LAWEH NAN XX"}, "geometry": {"type": "Polygon", "coordinates": [[[100.392, -0.956], [100.385, -0.962], [100.396, -0.962], [100.392, -0.956]]]}}, {"type": "Feature", "properties": {"domain_id": "1371061011", "name": "BATUNG TABA NAN XX"}, "geometry": {"type": "Polygon", "coordinates": [[[100.411, -0.96], [100.397, -0.963], [100.395, -0.971], [100.411, -0.96]]]}}, {"type": "Feature", "properties": {"domain_id": "1371071002", "name": "PADANG BESI"}, "geometry": {"type": "Polygon", "coordinates": [[[100.46, -0.951], [100.45, -0.945], [100.446, -0.952], [100.457, -0.962], [100.46, -0.951]]]}}, {"type": "Feature", "properties": {"domain_id": "1371071004", "name": "BANDA BUEK"}, "geometry": {"type": "Polygon", "coordinates": [[[100.447, -0.948], [100.425, -0.948], [100.421, -0.957], [100.447, -0.948]]]}}, {"type": "Feature", "properties": {"domain_id": "1371091004", "name": "AMPANG"}, "geometry": {"type": "Polygon", "coordinates": [[[100.379, -0.917], [100.372, -0.92], [100.376, -0.929], [100.384, -0.926], [100.379, -0.917]]]}}, {"type": "Feature", "properties": {"domain_id": "1371091009", "name": "SUNGAI SAPIH"}, "geometry": {"type": "Polygon", "coordinates": [[[100.398, -0.874], [100.391, -0.872], [100.384, -0.878], [100.382, -0.903], [100.391, -0.908], [100.399, -0.9], [100.398, -0.874]]]}}, {"type": "Feature", "properties": {"domain_id": "1372011003", "name": "SINAPA PILIANG"}, "geometry": {"type": "Polygon", "coordinates": [[[100.658, -0.794], [100.654, -0.791], [100.646, -0.795], [100.658, -0.794]]]}}, {"type": "Feature", "properties": {"domain_id": "1373042006", "name": "TUMPUK TANGAH"}, "geometry": {"type": "Polygon", "coordinates": [[[100.804, -0.567], [100.793, -0.564], [100.783, -0.548], [100.765, -0.582], [100.773, -0.581], [100.77, -0.59], [100.788, -0.597], [100.801, -0.595], [100.813, -0.583], [100.804, -0.567]], [[100.78, -0.578], [100.779, -0.577], [100.78, -0.577], [100.78, -0.578]], [[100.786, -0.582], [100.785, -0.581], [100.787, -0.581], [100.786, -0.582]], [[100.772, -0.586], [100.772, -0.585], [100.773, -0.584], [100.772, -0.586]]]}}, {"type": "Feature", "properties": {"domain_id": "1376051001", "name": "PADANG KARAMBIA"}, "geometry": {"type": "Polygon", "coordinates": [[[100.632, -0.266], [100.627, -0.25], [100.617, -0.249], [100.629, -0.271], [100.632, -0.266]]]}}, {"type": "Feature", "properties": {"domain_id": "1376041005", "name": "KOTO PANJANG PADANG"}, "geometry": {"type": "Polygon", "coordinates": [[[100.601, -0.202], [100.595, -0.2], [100.586, -0.212], [100.597, -0.218], [100.601, -0.202]]]}}, {"type": "Feature", "properties": {"domain_id": "1377022015", "name": "NARAS I"}, "geometry": {"type": "MultiPolygon", "coordinates": [[[[100.105, -0.578], [100.097, -0.581], [100.099, -0.585], [100.109, -0.582], [100.105, -0.578]]], [[[100.075, -0.597], [100.075, -0.595], [100.075, -0.596], [100.075, -0.597]]]]}}, {"type": "Feature", "properties": {"domain_id": "1377032008", "name": "PAUH KURAI TAJI"}, "geometry": {"type": "Polygon", "coordinates": [[[100.169, -0.625], [100.166, -0.629], [100.177, -0.632], [100.169, -0.625]]]}}, {"type": "Feature", "properties": {"domain_id": "1377042015", "name": "KALUAT"}, "geometry": {"type": "Polygon", "coordinates": [[[100.169, -0.611], [100.166, -0.606], [100.162, -0.61], [100.165, -0.615], [100.169, -0.611]]]}}, {"type": "Feature", "properties": {"domain_id": "1301062016", "name": "KOTO BARU KOTO BERAPAK"}, "geometry": {"type": "Polygon", "coordinates": [[[100.592, -1.23], [100.569, -1.207], [100.558, -1.225], [100.547, -1.228], [100.565, -1.243], [100.592, -1.23]]]}}, {"type": "Feature", "properties": {"domain_id": "1301062021", "name": "GURUN PANJANG SELATAN"}, "geometry": {"type": "Polygon", "coordinates": [[[100.556, -1.284], [100.533, -1.287], [100.524, -1.299], [100.527, -1.311], [100.542, -1.304], [100.556, -1.284]]]}}, {"type": "Feature", "properties": {"domain_id": "1301082011", "name": "GANTING MUDIAK SELATAN SURANTIH"}, "geometry": {"type": "Polygon", "coordinates": [[[100.722, -1.494], [100.702, -1.458], [100.69, -1.45], [100.675, -1.472], [100.672, -1.505], [100.663, -1.514], [100.68, -1.532], [100.702, -1.542], [100.707, -1.518], [100.722, -1.494]]]}}, {"type": "Feature", "properties": {"domain_id": "1305092003", "name": "III KOTO AUR MALINTANG TIMUR"}, "geometry": {"type": "Polygon", "coordinates": [[[100.14, -0.347], [100.129, -0.337], [100.108, -0.338], [100.108, -0.352], [100.127, -0.354], [100.14, -0.347]]]}}, {"type": "Feature", "properties": {"domain_id": "1305172002", "name": "KOTO TINGGI"}, "geometry": {"type": "Polygon", "coordinates": [[[100.241, -0.613], [100.235, -0.612], [100.227, -0.625], [100.238, -0.64], [100.228, -0.647], [100.229, -0.653], [100.246, -0.65], [100.249, -0.642], [100.241, -0.613]]]}}, {"type": "Feature", "properties": {"domain_id": "1306042005", "name": "PARIK PANJANG"}, "geometry": {"type": "Polygon", "coordinates": [[[100.286, -0.286], [100.273, -0.298], [100.271, -0.311], [100.298, -0.295], [100.298, -0.288], [100.286, -0.286]]]}}, {"type": "Feature", "properties": {"domain_id": "1301012004", "name": "INDERAPURA BARAT"}, "geometry": {"type": "Polygon", "coordinates": [[[100.92, -2.064], [100.921, -2.06], [100.914, -2.065], [100.922, -2.092], [100.911, -2.112], [100.919, -2.124], [100.925, -2.121], [100.938, -2.133], [100.947, -2.13], [100.937, -2.117], [100.92, -2.064]]]}}, {"type": "Feature", "properties": {"domain_id": "1301032002", "name": "LAKITAN"}, "geometry": {"type": "Polygon", "coordinates": [[[100.749, -1.701], [100.742, -1.701], [100.751, -1.707], [100.727, -1.724], [100.741, -1.742], [100.751, -1.725], [100.761, -1.727], [100.767, -1.72], [100.749, -1.701]]]}}, {"type": "Feature", "properties": {"domain_id": "1301032007", "name": "LAKITAN SELATAN"}, "geometry": {"type": "Polygon", "coordinates": [[[100.78, -1.737], [100.767, -1.72], [100.761, -1.727], [100.751, -1.725], [100.741, -1.742], [100.753, -1.759], [100.78, -1.737]]]}}, {"type": "Feature", "properties": {"domain_id": "1301042005", "name": "KOTO NAN TIGO IV KOTO HILIE"}, "geometry": {"type": "Polygon", "coordinates": [[[100.629, -1.479], [100.637, -1.454], [100.63, -1.457], [100.624, -1.448], [100.601, -1.464], [100.597, -1.493], [100.613, -1.494], [100.629, -1.479]]]}}, {"type": "Feature", "properties": {"domain_id": "1301142005", "name": "BINJAI TAPAN"}, "geometry": {"type": "Polygon", "coordinates": [[[101.135, -2.141], [101.128, -2.144], [101.117, -2.127], [101.103, -2.145], [101.1, -2.14], [101.095, -2.146], [101.14, -2.171], [101.155, -2.162], [101.135, -2.141]]]}}, {"type": "Feature", "properties": {"domain_id": "1301052006", "name": "SAGO SALIDO"}, "geometry": {"type": "Polygon", "coordinates": [[[100.562, -1.3], [100.551, -1.295], [100.536, -1.31], [100.557, -1.324], [100.562, -1.3]]]}}, {"type": "Feature", "properties": {"domain_id": "1301062007", "name": "PASAR BARU"}, "geometry": {"type": "Polygon", "coordinates": [[[100.516, -1.298], [100.503, -1.305], [100.527, -1.311], [100.526, -1.301], [100.516, -1.298]]]}}, {"type": "Feature", "properties": {"domain_id": "1301062018", "name": "KAPUJAN KOTO BERAPAK"}, "geometry": {"type": "Polygon", "coordinates": [[[100.554, -1.225], [100.549, -1.216], [100.551, -1.187], [100.523, -1.18], [100.536, -1.207], [100.522, -1.22], [100.535, -1.229], [100.554, -1.225]]]}}, {"type": "Feature", "properties": {"domain_id": "1301072001", "name": "SIGUNTUR"}, "geometry": {"type": "Polygon", "coordinates": [[[100.472, -1.056], [100.46, -1.029], [100.425, -1.072], [100.422, -1.104], [100.433, -1.113], [100.435, -1.104], [100.467, -1.088], [100.461, -1.073], [100.472, -1.056]]]}}, {"type": "Feature", "properties": {"domain_id": "1301072004", "name": "BATU HAMPA"}, "geometry": {"type": "Polygon", "coordinates": [[[100.505, -1.232], [100.478, -1.219], [100.471, -1.229], [100.481, -1.226], [100.493, -1.25], [100.505, -1.232]]]}}, {"type": "Feature", "properties": {"domain_id": "1301082004", "name": "AMPING PARAK TIMUR"}, "geometry": {"type": "Polygon", "coordinates": [[[100.713, -1.654], [100.738, -1.646], [100.75, -1.633], [100.754, -1.571], [100.74, -1.54], [100.755, -1.522], [100.769, -1.487], [100.722, -1.494], [100.707, -1.518], [100.702, -1.554], [100.685, -1.586], [100.694, -1.607], [100.691, -1.617], [100.713, -1.654]]]}}, {"type": "Feature", "properties": {"domain_id": "1301112007", "name": "BATANG ARAH TAPAN"}, "geometry": {"type": "Polygon", "coordinates": [[[101.084, -2.16], [101.073, -2.172], [101.094, -2.175], [101.083, -2.166], [101.084, -2.16]]]}}, {"type": "Feature", "properties": {"domain_id": "1301152001", "name": "SILAUT"}, "geometry": {"type": "MultiPolygon", "coordinates": [[[[100.97, -2.267], [100.958, -2.244], [100.878, -2.274], [100.891, -2.327], [100.998, -2.44], [101.002, -2.432], [100.996, -2.399], [101.016, -2.399], [101.016, -2.365], [101.058, -2.366], [101.058, -2.359], [101.103, -2.358], [101.111, -2.389], [101.129, -2.365], [101.193, -2.344], [101.236, -2.299], [101.283, -2.268], [101.281, -2.259], [101.205, -2.3], [101.179, -2.338], [101.154, -2.333], [101.094, -2.344], [100.989, -2.327], [100.988, -2.296], [100.978, -2.282], [100.974, -2.262], [100.97, -2.267]]], [[[101.038, -2.41], [101.047, -2.442], [101.033, -2.454], [101.038, -2.459], [101.018, -2.47], [101.022, -2.478], [101.081, -2.438], [101.07, -2.415], [101.038, -2.41]]]]}}, {"type": "Feature", "properties": {"domain_id": "1302062006", "name": "SELAYO TANANG B. SILEH"}, "geometry": {"type": "Polygon", "coordinates": [[[100.757, -0.976], [100.729, -0.971], [100.729, -0.985], [100.76, -1.002], [100.757, -0.976]]]}}, {"type": "Feature", "properties": {"domain_id": "1304012009", "name": "KOTO BARU"}, "geometry": {"type": "Polygon", "coordinates": [[[100.421, -0.391], [100.397, -0.389], [100.399, -0.402], [100.418, -0.398], [100.421, -0.391]]]}}, {"type": "Feature", "properties": {"domain_id": "1304012005", "name": "PANYALAIAN"}, "geometry": {"type": "Polygon", "coordinates": [[[100.456, -0.393], [100.447, -0.391], [100.421, -0.413], [100.406, -0.415], [100.397, -0.427], [100.397, -0.45], [100.405, -0.451], [100.407, -0.438], [100.435, -0.425], [100.456, -0.393]]]}}, {"type": "Feature", "properties": {"domain_id": "1304072001", "name": "SUNGAI PATAI"}, "geometry": {"type": "Polygon", "coordinates": [[[100.633, -0.351], [100.619, -0.352], [100.613, -0.345], [100.598, -0.348], [100.587, -0.371], [100.602, -0.381], [100.633, -0.351]]]}}, {"type": "Feature", "properties": {"domain_id": "1304062003", "name": "TIGO JANGKO"}, "geometry": {"type": "Polygon", "coordinates": [[[100.843, -0.443], [100.814, -0.442], [100.792, -0.456], [100.773, -0.501], [100.778, -0.511], [100.804, -0.514], [100.818, -0.526], [100.818, -0.507], [100.833, -0.495], [100.816, -0.487], [100.839, -0.481], [100.835, -0.47], [100.843, -0.443]]]}}, {"type": "Feature", "properties": {"domain_id": "1305112003", "name": "TOBOH GADANG SELATAN"}, "geometry": {"type": "Polygon", "coordinates": [[[100.25, -0.678], [100.242, -0.674], [100.237, -0.69], [100.259, -0.708], [100.268, -0.693], [100.25, -0.678]]]}}, {"type": "Feature", "properties": {"domain_id": "1305112004", "name": "TOBOH GADANG BARAT"}, "geometry": {"type": "Polygon", "coordinates": [[[100.239, -0.669], [100.226, -0.669], [100.223, -0.687], [100.24, -0.687], [100.239, -0.669]]]}}, {"type": "Feature", "properties": {"domain_id": "1305122001", "name": "KOTO BARU"}, "geometry": {"type": "Polygon", "coordinates": [[[100.243, -0.545], [100.215, -0.538], [100.208, -0.553], [100.213, -0.552], [100.216, -0.566], [100.232, -0.567], [100.235, -0.545], [100.243, -0.545]]]}}, {"type": "Feature", "properties": {"domain_id": "1305132001", "name": "MALAI V SUKU"}, "geometry": {"type": "Polygon", "coordinates": [[[100.025, -0.45], [100.002, -0.449], [100.0, -0.441], [99.977, -0.45], [100.002, -0.47], [100.025, -0.45]]]}}, {"type": "Feature", "properties": {"domain_id": "1306122003", "name": "BATAGAK"}, "geometry": {"type": "Polygon", "coordinates": [[[100.39, -0.359], [100.333, -0.388], [100.385, -0.374], [100.398, -0.376], [100.39, -0.359]]]}}, {"type": "Feature", "properties": {"domain_id": "1306112004", "name": "AMPEK KOTO PALEMBAYAN"}, "geometry": {"type": "Polygon", "coordinates": [[[100.188, -0.092], [100.196, -0.122], [100.188, -0.133], [100.208, -0.153], [100.182, -0.209], [100.191, -0.218], [100.205, -0.207], [100.21, -0.192], [100.246, -0.196], [100.257, -0.184], [100.251, -0.157], [100.224, -0.138], [100.212, -0.114], [100.203, -0.107], [100.202, -0.112], [100.188, -0.092]]]}}, {"type": "Feature", "properties": {"domain_id": "1306142003", "name": "BUKIK BATABUAH"}, "geometry": {"type": "Polygon", "coordinates": [[[100.429, -0.317], [100.41, -0.325], [100.413, -0.34], [100.429, -0.366], [100.457, -0.372], [100.472, -0.385], [100.479, -0.374], [100.431, -0.331], [100.429, -0.317]]]}}, {"type": "Feature", "properties": {"domain_id": "1307052001", "name": "TARAM"}, "geometry": {"type": "Polygon", "coordinates": [[[100.761, -0.143], [100.738, -0.142], [100.74, -0.163], [100.703, -0.177], [100.698, -0.197], [100.685, -0.207], [100.687, -0.22], [100.709, -0.231], [100.721, -0.228], [100.726, -0.215], [100.736, -0.211], [100.763, -0.212], [100.78, -0.221], [100.774, -0.213], [100.784, -0.2], [100.784, -0.186], [100.773, -0.18], [100.761, -0.143]]]}}, {"type": "Feature", "properties": {"domain_id": "1307062003", "name": "GUNUANG MALINTANG"}, "geometry": {"type": "Polygon", "coordinates": [[[100.737, 0.237], [100.699, 0.248], [100.695, 0.218], [100.685, 0.202], [100.687, 0.19], [100.68, 0.186], [100.672, 0.186], [100.671, 0.196], [100.647, 0.203], [100.63, 0.217], [100.624, 0.18], [100.616, 0.171], [100.581, 0.155], [100.568, 0.156], [100.563, 0.169], [100.555, 0.162], [100.556, 0.146], [100.545, 0.121], [100.548, 0.08], [100.516, 0.051], [100.521, 0.029], [100.545, 0.001], [100.556, 0.021], [100.572, 0.015], [100.607, 0.05], [100.622, 0.052], [100.644, 0.043], [100.669, 0.082], [100.681, 0.08], [100.693, 0.093], [100.719, 0.157], [100.723, 0.192], [100.737, 0.237]]]}}, {"type": "Feature", "properties": {"domain_id": "1307062004", "name": "PANGKALAN"}, "geometry": {"type": "Polygon", "coordinates": [[[100.74, 0.242], [100.723, 0.192], [100.719, 0.157], [100.693, 0.093], [100.681, 0.08], [100.669, 0.082], [100.644, 0.043], [100.663, 0.046], [100.675, 0.06], [100.689, 0.05], [100.715, 0.056], [100.724, 0.046], [100.754, 0.055], [100.769, 0.073], [100.792, 0.069], [100.781, 0.077], [100.781, 0.093], [100.748, 0.151], [100.745, 0.176], [100.75, 0.211], [100.761, 0.235], [100.74, 0.242]]]}}, {"type": "Feature", "properties": {"domain_id": "1307132005", "name": "SUNGAI BALANTIAK"}, "geometry": {"type": "Polygon", "coordinates": [[[100.521, -0.192], [100.507, -0.178], [100.47, -0.222], [100.492, -0.231], [100.521, -0.192]]]}}, {"type": "Feature", "properties": {"domain_id": "1308072001", "name": "PANTI"}, "geometry": {"type": "Polygon", "coordinates": [[[100.105, 0.362], [100.096, 0.384], [100.098, 0.399], [100.085, 0.404], [100.075, 0.39], [100.049, 0.388], [100.038, 0.376], [100.018, 0.377], [100.004, 0.367], [100.017, 0.353], [100.033, 0.347], [100.035, 0.324], [100.047, 0.314], [100.105, 0.362]]]}}, {"type": "Feature", "properties": {"domain_id": "1308122001", "name": "SIMPANG TONANG"}, "geometry": {"type": "MultiPolygon", "coordinates": [[[[99.909, 0.471], [99.859, 0.464], [99.849, 0.47], [99.836, 0.459], [99.827, 0.459], [99.828, 0.428], [99.815, 0.415], [99.852, 0.385], [99.893, 0.365], [99.909, 0.337], [99.929, 0.336], [99.945, 0.34], [99.941, 0.349], [99.948, 0.365], [99.965, 0.385], [99.973, 0.419], [99.986, 0.434], [99.957, 0.422], [99.942, 0.424], [99.919, 0.436], [99.921, 0.454], [99.909, 0.471]]], [[[99.917, 0.317], [99.904, 0.312], [99.916, 0.314], [99.923, 0.293], [99.952, 0.289], [99.934, 0.313], [99.929, 0.309], [99.917, 0.317]]]]}}, {"type": "Feature", "properties": {"domain_id": "1308132001", "name": "MALAMPAH"}, "geometry": {"type": "Polygon", "coordinates": [[[100.088, 0.083], [100.072, 0.092], [100.02, 0.096], [100.001, 0.09], [99.981, 0.071], [99.998, 0.037], [100.036, 0.01], [100.028, 0.003], [100.054, -0.001], [100.123, 0.005], [100.139, 0.023], [100.137, 0.033], [100.154, 0.035], [100.167, 0.055], [100.15, 0.065], [100.125, 0.052], [100.097, 0.051], [100.088, 0.083]]]}}, {"type": "Feature", "properties": {"domain_id": "1308162002", "name": "SIMPANG"}, "geometry": {"type": "Polygon", "coordinates": [[[100.173, 0.054], [100.167, 0.054], [100.154, 0.035], [100.137, 0.033], [100.139, 0.023], [100.125, 0.012], [100.125, -0.012], [100.135, -0.029], [100.147, -0.019], [100.15, -0.007], [100.184, -0.01], [100.187, 0.003], [100.18, 0.013], [100.189, 0.029], [100.173, 0.054]]]}}, {"type": "Feature", "properties": {"domain_id": "1308182002", "name": "KOTO RAJO"}, "geometry": {"type": "Polygon", "coordinates": [[[100.053, 0.751], [100.027, 0.735], [100.008, 0.733], [99.994, 0.745], [99.98, 0.747], [99.978, 0.76], [99.959, 0.755], [99.951, 0.73], [99.918, 0.709], [99.913, 0.687], [99.891, 0.683], [99.893, 0.678], [99.911, 0.68], [99.919, 0.657], [99.932, 0.648], [99.963, 0.637], [99.981, 0.637], [100.001, 0.624], [100.029, 0.63], [100.036, 0.64], [100.056, 0.64], [100.054, 0.646], [100.069, 0.648], [100.077, 0.659], [100.101, 0.663], [100.09, 0.686], [100.077, 0.739], [100.053, 0.751]]]}}, {"type": "Feature", "properties": {"domain_id": "1377011014", "name": "JALAN KERETA API"}, "geometry": {"type": "Polygon", "coordinates": [[[100.137, -0.631], [100.13, -0.632], [100.133, -0.637], [100.137, -0.631]]]}}, {"type": "Feature", "properties": {"domain_id": "1310012002", "name": "KOTO BARU"}, "geometry": {"type": "Polygon", "coordinates": [[[101.776, -1.091], [101.745, -1.084], [101.736, -1.076], [101.726, -1.078], [101.723, -1.091], [101.695, -1.092], [101.718, -1.176], [101.726, -1.186], [101.735, -1.184], [101.752, -1.193], [101.766, -1.19], [101.744, -1.158], [101.75, -1.103], [101.775, -1.096], [101.776, -1.091]]]}}, {"type": "Feature", "properties": {"domain_id": "1311022007", "name": "BOMAS"}, "geometry": {"type": "Polygon", "coordinates": [[[101.065, -1.496], [101.05, -1.49], [101.056, -1.508], [101.05, -1.516], [101.053, -1.523], [101.068, -1.51], [101.075, -1.511], [101.065, -1.496]]]}}, {"type": "Feature", "properties": {"domain_id": "1310112004", "name": "BONJOL"}, "geometry": {"type": "Polygon", "coordinates": [[[101.612, -1.129], [101.564, -1.122], [101.564, -1.133], [101.557, -1.135], [101.561, -1.142], [101.55, -1.158], [101.547, -1.143], [101.522, -1.158], [101.501, -1.141], [101.485, -1.142], [101.469, -1.135], [101.453, -1.151], [101.408, -1.17], [101.42, -1.195], [101.436, -1.208], [101.45, -1.211], [101.445, -1.22], [101.447, -1.241], [101.468, -1.259], [101.469, -1.281], [101.526, -1.304], [101.515, -1.338], [101.542, -1.334], [101.55, -1.324], [101.551, -1.311], [101.571, -1.277], [101.578, -1.244], [101.596, -1.227], [101.581, -1.208], [101.625, -1.185], [101.636, -1.171], [101.637, -1.163], [101.623, -1.157], [101.611, -1.139], [101.611, -1.133], [101.621, -1.136], [101.612, -1.129]]]}}, {"type": "Feature", "properties": {"domain_id": "1311032002", "name": "PAKAN RABAA TIMUR"}, "geometry": {"type": "Polygon", "coordinates": [[[101.18, -1.299], [101.169, -1.304], [101.151, -1.295], [101.133, -1.299], [101.122, -1.293], [101.116, -1.299], [101.106, -1.294], [101.095, -1.302], [101.075, -1.284], [101.027, -1.275], [101.005, -1.259], [101.005, -1.3], [100.993, -1.31], [100.979, -1.312], [100.973, -1.299], [100.943, -1.285], [100.956, -1.305], [100.958, -1.329], [100.98, -1.362], [101.007, -1.375], [101.026, -1.407], [101.045, -1.418], [101.052, -1.406], [101.066, -1.411], [101.076, -1.406], [101.073, -1.385], [101.079, -1.373], [101.152, -1.362], [101.18, -1.299]]]}}, {"type": "Feature", "properties": {"domain_id": "1311042004", "name": "PADANG AIR DINGIN"}, "geometry": {"type": "Polygon", "coordinates": [[[101.334, -1.452], [101.294, -1.429], [101.224, -1.409], [101.211, -1.408], [101.202, -1.425], [101.218, -1.418], [101.248, -1.435], [101.266, -1.439], [101.267, -1.446], [101.291, -1.461], [101.291, -1.488], [101.299, -1.498], [101.321, -1.509], [101.329, -1.503], [101.345, -1.512], [101.359, -1.511], [101.37, -1.521], [101.373, -1.514], [101.383, -1.518], [101.378, -1.501], [101.357, -1.484], [101.334, -1.452]]]}}, {"type": "Feature", "properties": {"domain_id": "1311042005", "name": "PADANG LIMAU SUNDAI"}, "geometry": {"type": "Polygon", "coordinates": [[[101.323, -1.367], [101.256, -1.341], [101.171, -1.319], [101.152, -1.362], [101.202, -1.37], [101.349, -1.423], [101.362, -1.4], [101.361, -1.388], [101.323, -1.367]]]}}, {"type": "Feature", "properties": {"domain_id": "1311042006", "name": "PADANG GANTIANG"}, "geometry": {"type": "Polygon", "coordinates": [[[101.349, -1.423], [101.202, -1.37], [101.199, -1.394], [101.209, -1.406], [101.294, -1.429], [101.325, -1.451], [101.348, -1.447], [101.353, -1.434], [101.349, -1.423]]]}}, {"type": "Feature", "properties": {"domain_id": "1311062003", "name": "LUAK KAPAU ALAM PAUH DUO"}, "geometry": {"type": "Polygon", "coordinates": [[[101.075, -1.511], [101.064, -1.512], [101.087, -1.544], [101.03, -1.616], [101.065, -1.635], [101.059, -1.643], [101.065, -1.658], [101.124, -1.678], [101.136, -1.633], [101.134, -1.615], [101.107, -1.557], [101.08, -1.531], [101.084, -1.516], [101.075, -1.511]]]}}, {"type": "Feature", "properties": {"domain_id": "1311072003", "name": "SUNGAI KUNYIT BARAT"}, "geometry": {"type": "Polygon", "coordinates": [[[101.422, -1.408], [101.414, -1.408], [101.395, -1.43], [101.399, -1.439], [101.409, -1.442], [101.43, -1.433], [101.424, -1.462], [101.428, -1.48], [101.437, -1.478], [101.441, -1.425], [101.422, -1.408]]]}}, {"type": "Feature", "properties": {"domain_id": "1312032003", "name": "LINGKUANG AUA"}, "geometry": {"type": "Polygon", "coordinates": [[[99.868, 0.218], [99.847, 0.215], [99.841, 0.194], [99.827, 0.189], [99.816, 0.193], [99.832, 0.178], [99.852, 0.171], [99.824, 0.132], [99.825, 0.119], [99.777, 0.116], [99.755, 0.127], [99.749, 0.137], [99.659, 0.135], [99.661, 0.126], [99.65, 0.12], [99.653, 0.111], [99.645, 0.101], [99.659, 0.079], [99.671, 0.086], [99.701, 0.058], [99.7, 0.068], [99.716, 0.069], [99.707, 0.074], [99.707, 0.079], [99.724, 0.074], [99.719, 0.077], [99.724, 0.083], [99.744, 0.087], [99.753, 0.096], [99.795, 0.069], [99.802, 0.072], [99.799, 0.054], [99.837, 0.054], [99.862, 0.071], [99.879, 0.074], [99.867, 0.092], [99.846, 0.085], [99.846, 0.103], [99.852, 0.11], [99.847, 0.133], [99.869, 0.173], [99.865, 0.183], [99.872, 0.201], [99.868, 0.218]]]}}, {"type": "Feature", "properties": {"domain_id": "1312052002", "name": "KATIAGAN"}, "geometry": {"type": "Polygon", "coordinates": [[[99.749, -0.146], [99.769, -0.147], [99.782, -0.131], [99.793, -0.112], [99.791, -0.096], [99.822, -0.053], [99.82, -0.037], [99.808, -0.027], [99.808, -0.018], [99.775, -0.021], [99.762, -0.029], [99.762, -0.042], [99.756, -0.044], [99.763, -0.069], [99.757, -0.084], [99.759, -0.112], [99.748, -0.135], [99.749, -0.146]]]}}, {"type": "Feature", "properties": {"domain_id": "1371081009", "name": "LAMBUNG BUKIT"}, "geometry": {"type": "Polygon", "coordinates": [[[100.53, -0.795], [100.523, -0.789], [100.499, -0.795], [100.465, -0.81], [100.475, -0.818], [100.473, -0.832], [100.462, -0.842], [100.452, -0.879], [100.431, -0.907], [100.432, -0.917], [100.424, -0.927], [100.455, -0.911], [100.473, -0.874], [100.49, -0.861], [100.517, -0.85], [100.536, -0.85], [100.55, -0.825], [100.53, -0.795]]]}}, {"type": "Feature", "properties": {"domain_id": "1371091008", "name": "GUNUNG SARIK"}, "geometry": {"type": "Polygon", "coordinates": [[[100.411, -0.901], [100.407, -0.892], [100.423, -0.879], [100.416, -0.87], [100.398, -0.874], [100.399, -0.9], [100.39, -0.907], [100.396, -0.913], [100.411, -0.901]]]}}, {"type": "Feature", "properties": {"domain_id": "1371101005", "name": "TABIANG BANDA GADANG"}, "geometry": {"type": "Polygon", "coordinates": [[[100.38, -0.916], [100.37, -0.91], [100.369, -0.918], [100.38, -0.916]]]}}, {"type": "Feature", "properties": {"domain_id": "1371111013", "name": "PASIE NAN TIGO"}, "geometry": {"type": "MultiPolygon", "coordinates": [[[[100.305, -0.826], [100.292, -0.815], [100.332, -0.865], [100.341, -0.861], [100.305, -0.826]]], [[[100.205, -0.876], [100.206, -0.874], [100.205, -0.874], [100.205, -0.876]]], [[[100.302, -0.859], [100.303, -0.858], [100.301, -0.858], [100.302, -0.859]]]]}}, {"type": "Feature", "properties": {"domain_id": "1373012008", "name": "LUNTO BARAT"}, "geometry": {"type": "Polygon", "coordinates": [[[100.728, -0.725], [100.738, -0.708], [100.733, -0.695], [100.725, -0.705], [100.728, -0.725]]]}}, {"type": "Feature", "properties": {"domain_id": "1373012010", "name": "KUBANG UTARA SIKABU"}, "geometry": {"type": "Polygon", "coordinates": [[[100.769, -0.681], [100.748, -0.682], [100.752, -0.689], [100.769, -0.689], [100.774, -0.697], [100.78, -0.686], [100.769, -0.681]]]}}, {"type": "Feature", "properties": {"domain_id": "1373032003", "name": "SILUNGKANG TIGO"}, "geometry": {"type": "Polygon", "coordinates": [[[100.784, -0.719], [100.775, -0.696], [100.757, -0.717], [100.765, -0.727], [100.784, -0.719]]]}}, {"type": "Feature", "properties": {"domain_id": "1374011002", "name": "SIGANDO"}, "geometry": {"type": "Polygon", "coordinates": [[[100.435, -0.461], [100.424, -0.458], [100.423, -0.471], [100.437, -0.471], [100.435, -0.461]]]}}, {"type": "Feature", "properties": {"domain_id": "1377012019", "name": "RAWANG"}, "geometry": {"type": "Polygon", "coordinates": [[[100.129, -0.617], [100.121, -0.621], [100.127, -0.623], [100.129, -0.617]]]}}, {"type": "Feature", "properties": {"domain_id": "1374011008", "name": "TANAH PAK LAMBIK"}, "geometry": {"type": "Polygon", "coordinates": [[[100.409, -0.47], [100.405, -0.465], [100.405, -0.471], [100.409, -0.47]]]}}, {"type": "Feature", "properties": {"domain_id": "1375021007", "name": "KOTO SELAYAN"}, "geometry": {"type": "Polygon", "coordinates": [[[100.398, -0.299], [100.39, -0.299], [100.39, -0.308], [100.399, -0.304], [100.398, -0.299]]]}}, {"type": "Feature", "properties": {"domain_id": "1376021036", "name": "IKUA KOTO DIBALAI"}, "geometry": {"type": "Polygon", "coordinates": [[[100.659, -0.206], [100.652, -0.203], [100.642, -0.217], [100.648, -0.221], [100.648, -0.215], [100.659, -0.206]]]}}, {"type": "Feature", "properties": {"domain_id": "1376031002", "name": "PADANG ALAI BODI"}, "geometry": {"type": "Polygon", "coordinates": [[[100.679, -0.224], [100.666, -0.219], [100.659, -0.229], [100.671, -0.235], [100.679, -0.224]]]}}, {"type": "Feature", "properties": {"domain_id": "1377042009", "name": "CUBADAK MENTAWAI"}, "geometry": {"type": "Polygon", "coordinates": [[[100.161, -0.593], [100.156, -0.591], [100.171, -0.607], [100.161, -0.593]]]}}, {"type": "Feature", "properties": {"domain_id": "1376031015", "name": "TIAKAR"}, "geometry": {"type": "Polygon", "coordinates": [[[100.657, -0.211], [100.648, -0.215], [100.642, -0.233], [100.662, -0.227], [100.665, -0.22], [100.659, -0.22], [100.657, -0.211]]]}}, {"type": "Feature", "properties": {"domain_id": "1377022014", "name": "NARAS HILIR"}, "geometry": {"type": "Polygon", "coordinates": [[[100.109, -0.585], [100.099, -0.585], [100.102, -0.589], [100.109, -0.585]]]}}, {"type": "Feature", "properties": {"domain_id": "1301072013", "name": "SIGUNTUR TUA"}, "geometry": {"type": "Polygon", "coordinates": [[[100.477, -1.112], [100.472, -1.1], [100.48, -1.082], [100.472, -1.056], [100.461, -1.073], [100.467, -1.088], [100.435, -1.104], [100.429, -1.117], [100.458, -1.127], [100.477, -1.112]]]}}, {"type": "Feature", "properties": {"domain_id": "1301112018", "name": "KOTO ANAU TAPAN"}, "geometry": {"type": "Polygon", "coordinates": [[[101.068, -2.181], [101.061, -2.17], [101.047, -2.17], [101.048, -2.163], [101.039, -2.168], [101.038, -2.162], [100.994, -2.141], [100.972, -2.114], [100.958, -2.132], [100.961, -2.142], [101.006, -2.17], [101.031, -2.169], [101.068, -2.181]]]}}, {"type": "Feature", "properties": {"domain_id": "1301112001", "name": "TAPAN"}, "geometry": {"type": "Polygon", "coordinates": [[[100.958, -2.132], [100.938, -2.133], [100.935, -2.154], [100.974, -2.167], [101.02, -2.199], [101.031, -2.202], [101.068, -2.185], [101.058, -2.176], [101.031, -2.169], [101.006, -2.17], [100.961, -2.142], [100.958, -2.132]]]}}, {"type": "Feature", "properties": {"domain_id": "1301112009", "name": "TANJUNG PONDOK TAPAN"}, "geometry": {"type": "Polygon", "coordinates": [[[101.011, -2.121], [100.979, -2.105], [100.98, -2.111], [100.976, -2.108], [100.972, -2.114], [100.994, -2.141], [101.038, -2.162], [101.039, -2.168], [101.048, -2.163], [101.047, -2.17], [101.061, -2.17], [101.068, -2.183], [101.079, -2.16], [101.074, -2.163], [101.067, -2.155], [101.066, -2.162], [101.056, -2.16], [101.025, -2.14], [101.03, -2.134], [101.011, -2.121]]]}}, {"type": "Feature", "properties": {"domain_id": "1301152010", "name": "SAMBUNGO"}, "geometry": {"type": "Polygon", "coordinates": [[[101.038, -2.406], [101.03, -2.401], [101.027, -2.416], [101.013, -2.431], [101.005, -2.43], [101.007, -2.435], [100.999, -2.435], [101.018, -2.47], [101.038, -2.459], [101.033, -2.454], [101.047, -2.442], [101.038, -2.406]]]}}, {"type": "Feature", "properties": {"domain_id": "1302042003", "name": "SALIMPAT"}, "geometry": {"type": "Polygon", "coordinates": [[[100.85, -1.03], [100.831, -1.03], [100.823, -1.044], [100.8, -1.057], [100.799, -1.07], [100.809, -1.077], [100.803, -1.097], [100.839, -1.124], [100.835, -1.076], [100.862, -1.044], [100.85, -1.03]]]}}, {"type": "Feature", "properties": {"domain_id": "1302092001", "name": "TARUANG-TARUANG"}, "geometry": {"type": "Polygon", "coordinates": [[[100.779, -0.764], [100.749, -0.766], [100.732, -0.778], [100.739, -0.803], [100.733, -0.807], [100.751, -0.814], [100.805, -0.768], [100.779, -0.764]]]}}, {"type": "Feature", "properties": {"domain_id": "1302192002", "name": "KAMPUNG BATU DALAM"}, "geometry": {"type": "Polygon", "coordinates": [[[100.76, -1.002], [100.729, -0.985], [100.73, -0.976], [100.697, -0.984], [100.686, -0.993], [100.68, -1.011], [100.687, -1.029], [100.704, -1.027], [100.74, -1.036], [100.759, -1.031], [100.76, -1.002]]]}}, {"type": "Feature", "properties": {"domain_id": "1303062002", "name": "KAMANG"}, "geometry": {"type": "Polygon", "coordinates": [[[101.448, -0.764], [101.424, -0.738], [101.383, -0.753], [101.375, -0.763], [101.338, -0.758], [101.28, -0.788], [101.271, -0.789], [101.264, -0.781], [101.261, -0.804], [101.327, -0.84], [101.335, -0.831], [101.321, -0.804], [101.324, -0.796], [101.358, -0.808], [101.387, -0.835], [101.396, -0.832], [101.403, -0.803], [101.451, -0.849], [101.454, -0.834], [101.477, -0.834], [101.497, -0.851], [101.505, -0.839], [101.521, -0.848], [101.547, -0.824], [101.53, -0.81], [101.506, -0.809], [101.491, -0.788], [101.448, -0.764]]]}}, {"type": "Feature", "properties": {"domain_id": "1304012007", "name": "AIE ANGEK"}, "geometry": {"type": "Polygon", "coordinates": [[[100.447, -0.391], [100.421, -0.391], [100.418, -0.398], [100.4, -0.404], [100.401, -0.41], [100.411, -0.417], [100.421, -0.413], [100.447, -0.391]]]}}, {"type": "Feature", "properties": {"domain_id": "1304042003", "name": "PARAMBAHAN"}, "geometry": {"type": "Polygon", "coordinates": [[[100.555, -0.455], [100.526, -0.444], [100.529, -0.465], [100.552, -0.462], [100.555, -0.455]]]}}, {"type": "Feature", "properties": {"domain_id": "1305082001", "name": "KURANJI HILIR"}, "geometry": {"type": "Polygon", "coordinates": [[[100.1, -0.482], [100.086, -0.474], [100.067, -0.477], [100.043, -0.508], [100.076, -0.544], [100.087, -0.535], [100.079, -0.524], [100.094, -0.492], [100.099, -0.492], [100.098, -0.507], [100.104, -0.5], [100.114, -0.501], [100.108, -0.486], [100.116, -0.479], [100.1, -0.482]]]}}, {"type": "Feature", "properties": {"domain_id": "1305142001", "name": "KUDU GANTIANG"}, "geometry": {"type": "Polygon", "coordinates": [[[100.18, -0.517], [100.189, -0.505], [100.179, -0.495], [100.163, -0.505], [100.148, -0.536], [100.159, -0.541], [100.16, -0.535], [100.167, -0.537], [100.171, -0.523], [100.18, -0.517]]]}}, {"type": "Feature", "properties": {"domain_id": "1371111008", "name": "PADANG SARAI"}, "geometry": {"type": "Polygon", "coordinates": [[[100.318, -0.807], [100.298, -0.806], [100.292, -0.815], [100.315, -0.832], [100.309, -0.822], [100.321, -0.812], [100.318, -0.807]]]}}, {"type": "Feature", "properties": {"domain_id": "1375021008", "name": "GAREGEH"}, "geometry": {"type": "Polygon", "coordinates": [[[100.393, -0.29], [100.388, -0.295], [100.398, -0.299], [100.393, -0.29]]]}}, {"type": "Feature", "properties": {"domain_id": "1303062003", "name": "MUARO TAKUANG"}, "geometry": {"type": "Polygon", "coordinates": [[[101.414, -0.899], [101.406, -0.888], [101.423, -0.876], [101.361, -0.89], [101.353, -0.885], [101.341, -0.898], [101.349, -0.917], [101.319, -0.951], [101.318, -0.963], [101.337, -0.965], [101.353, -0.955], [101.376, -0.973], [101.397, -0.975], [101.403, -0.969], [101.396, -0.94], [101.42, -0.927], [101.422, -0.907], [101.414, -0.899]]]}}, {"type": "Feature", "properties": {"domain_id": "1301052007", "name": "SALIDO SARI BULAN"}, "geometry": {"type": "Polygon", "coordinates": [[[100.798, -1.2], [100.796, -1.195], [100.765, -1.205], [100.675, -1.243], [100.662, -1.262], [100.644, -1.264], [100.635, -1.285], [100.636, -1.302], [100.684, -1.315], [100.716, -1.276], [100.806, -1.236], [100.796, -1.222], [100.798, -1.2]]]}}, {"type": "Feature", "properties": {"domain_id": "1302092009", "name": "INDUDUR"}, "geometry": {"type": "Polygon", "coordinates": [[[100.735, -0.724], [100.718, -0.733], [100.711, -0.752], [100.714, -0.767], [100.723, -0.767], [100.727, -0.759], [100.735, -0.724]]]}}, {"type": "Feature", "properties": {"domain_id": "1301052013", "name": "AMPANG TAREH LUMPO"}, "geometry": {"type": "Polygon", "coordinates": [[[100.594, -1.282], [100.585, -1.281], [100.571, -1.292], [100.57, -1.3], [100.579, -1.309], [100.601, -1.295], [100.594, -1.282]]]}}, {"type": "Feature", "properties": {"domain_id": "1301032008", "name": "LAKITAN TIMUR"}, "geometry": {"type": "Polygon", "coordinates": [[[100.763, -1.714], [100.776, -1.702], [100.773, -1.695], [100.749, -1.7], [100.763, -1.714]]]}}, {"type": "Feature", "properties": {"domain_id": "1301052015", "name": "SUNGAI GAYO LUMPO"}, "geometry": {"type": "Polygon", "coordinates": [[[100.571, -1.271], [100.578, -1.235], [100.567, -1.241], [100.561, -1.265], [100.571, -1.271]]]}}, {"type": "Feature", "properties": {"domain_id": "1301062017", "name": "KUBANG KOTO BERAPAK"}, "geometry": {"type": "Polygon", "coordinates": [[[100.55, -1.18], [100.539, -1.17], [100.526, -1.171], [100.523, -1.18], [100.551, -1.187], [100.549, -1.216], [100.557, -1.225], [100.569, -1.203], [100.562, -1.188], [100.55, -1.18]]]}}, {"type": "Feature", "properties": {"domain_id": "1301072018", "name": "CEROCOK ANAU AMPANG PULAI"}, "geometry": {"type": "MultiPolygon", "coordinates": [[[[100.411, -1.236], [100.404, -1.241], [100.402, -1.272], [100.412, -1.274], [100.459, -1.248], [100.448, -1.242], [100.432, -1.246], [100.433, -1.255], [100.427, -1.257], [100.419, -1.238], [100.411, -1.236]]], [[[100.516, -1.746], [100.517, -1.744], [100.515, -1.743], [100.516, -1.746]]], [[[100.298, -1.268], [100.297, -1.264], [100.296, -1.267], [100.298, -1.268]]], [[[100.407, -1.231], [100.408, -1.227], [100.406, -1.228], [100.407, -1.231]]], [[[100.403, -1.226], [100.403, -1.224], [100.402, -1.225], [100.403, -1.226]]], [[[100.418, -1.215], [100.415, -1.216], [100.417, -1.216], [100.418, -1.215]]], [[[100.393, -1.188], [100.381, -1.19], [100.379, -1.227], [100.386, -1.222], [100.397, -1.229], [100.401, -1.221], [100.398, -1.202], [100.389, -1.21], [100.384, -1.207], [100.393, -1.188]]]]}}, {"type": "Feature", "properties": {"domain_id": "1301102005", "name": "LUNANG BARAT"}, "geometry": {"type": "Polygon", "coordinates": [[[101.115, -2.267], [101.111, -2.255], [101.1, -2.251], [101.097, -2.329], [101.111, -2.326], [101.115, -2.267]]]}}, {"type": "Feature", "properties": {"domain_id": "1302042004", "name": "AIE DINGIN"}, "geometry": {"type": "Polygon", "coordinates": [[[100.839, -1.124], [100.814, -1.11], [100.802, -1.093], [100.743, -1.115], [100.752, -1.125], [100.748, -1.139], [100.753, -1.161], [100.776, -1.161], [100.777, -1.172], [100.786, -1.184], [100.793, -1.183], [100.798, -1.2], [100.839, -1.192], [100.873, -1.156], [100.901, -1.171], [100.906, -1.165], [100.891, -1.147], [100.839, -1.124]]]}}, {"type": "Feature", "properties": {"domain_id": "1302062003", "name": "KOTO LAWEH"}, "geometry": {"type": "Polygon", "coordinates": [[[100.732, -0.933], [100.716, -0.921], [100.698, -0.934], [100.723, -0.942], [100.732, -0.933]]]}}, {"type": "Feature", "properties": {"domain_id": "1302102004", "name": "GAUNG"}, "geometry": {"type": "Polygon", "coordinates": [[[100.718, -0.805], [100.709, -0.802], [100.703, -0.784], [100.68, -0.799], [100.678, -0.807], [100.688, -0.816], [100.718, -0.805]]]}}, {"type": "Feature", "properties": {"domain_id": "1302132001", "name": "PANINGGAHAN"}, "geometry": {"type": "Polygon", "coordinates": [[[100.566, -0.65], [100.548, -0.627], [100.487, -0.659], [100.463, -0.654], [100.426, -0.66], [100.43, -0.677], [100.441, -0.687], [100.442, -0.712], [100.461, -0.73], [100.477, -0.735], [100.501, -0.72], [100.505, -0.71], [100.521, -0.708], [100.522, -0.699], [100.549, -0.694], [100.566, -0.65]]]}}, {"type": "Feature", "properties": {"domain_id": "1303032001", "name": "TIMBULUN"}, "geometry": {"type": "Polygon", "coordinates": [[[101.077, -0.724], [101.046, -0.726], [101.033, -0.712], [101.026, -0.718], [101.028, -0.737], [101.022, -0.745], [101.035, -0.737], [101.048, -0.752], [101.062, -0.754], [101.061, -0.763], [101.066, -0.768], [101.073, -0.764], [101.068, -0.755], [101.102, -0.764], [101.103, -0.752], [101.123, -0.751], [101.123, -0.743], [101.084, -0.749], [101.077, -0.724]]]}}, {"type": "Feature", "properties": {"domain_id": "1302182003", "name": "GARABAK DATA"}, "geometry": {"type": "Polygon", "coordinates": [[[101.191, -0.951], [101.15, -0.959], [101.127, -0.978], [101.102, -0.979], [101.086, -0.99], [101.066, -0.99], [101.052, -0.973], [101.007, -0.96], [100.981, -1.007], [100.982, -1.022], [100.973, -1.029], [100.981, -1.044], [100.976, -1.059], [100.966, -1.076], [100.94, -1.087], [100.997, -1.136], [101.004, -1.134], [101.021, -1.171], [101.024, -1.22], [101.003, -1.259], [101.027, -1.275], [101.063, -1.279], [101.095, -1.302], [101.106, -1.294], [101.119, -1.299], [101.122, -1.293], [101.133, -1.299], [101.151, -1.295], [101.172, -1.304], [101.187, -1.295], [101.192, -1.281], [101.206, -1.293], [101.215, -1.282], [101.235, -1.287], [101.242, -1.295], [101.249, -1.287], [101.254, -1.29], [101.261, -1.277], [101.257, -1.272], [101.263, -1.263], [101.231, -1.249], [101.245, -1.213], [101.212, -1.165], [101.198, -1.162], [101.177, -1.135], [101.167, -1.109], [101.167, -1.1], [101.174, -1.097], [101.172, -1.087], [101.158, -1.071], [101.166, -1.055], [101.142, -1.037], [101.184, -1.03], [101.183, -1.006], [101.205, -0.968], [101.191, -0.951]]]}}, {"type": "Feature", "properties": {"domain_id": "1371011003", "name": "RANAH PARAK RUMBIO"}, "geometry": {"type": "Polygon", "coordinates": [[[100.37, -0.958], [100.368, -0.954], [100.364, -0.957], [100.37, -0.958]]]}}, {"type": "Feature", "properties": {"domain_id": "1303032002", "name": "TANJUNG GADANG"}, "geometry": {"type": "Polygon", "coordinates": [[[101.148, -0.747], [101.139, -0.748], [101.132, -0.74], [101.123, -0.743], [101.123, -0.751], [101.103, -0.752], [101.102, -0.764], [101.068, -0.755], [101.068, -0.762], [101.098, -0.775], [101.12, -0.771], [101.158, -0.781], [101.158, -0.766], [101.148, -0.747]]]}}, {"type": "Feature", "properties": {"domain_id": "1303042001", "name": "MUARO"}, "geometry": {"type": "Polygon", "coordinates": [[[101.009, -0.661], [100.997, -0.649], [100.952, -0.637], [100.919, -0.658], [100.913, -0.674], [100.917, -0.676], [100.91, -0.677], [100.925, -0.678], [100.931, -0.692], [100.967, -0.692], [101.009, -0.661]]]}}, {"type": "Feature", "properties": {"domain_id": "1303042006", "name": "PARU"}, "geometry": {"type": "Polygon", "coordinates": [[[101.174, -0.646], [101.161, -0.629], [101.116, -0.596], [101.1, -0.591], [101.058, -0.601], [101.035, -0.636], [101.064, -0.654], [101.151, -0.678], [101.171, -0.67], [101.18, -0.657], [101.174, -0.646]]]}}, {"type": "Feature", "properties": {"domain_id": "1303062001", "name": "SUNGAI LANSEK"}, "geometry": {"type": "Polygon", "coordinates": [[[101.333, -0.839], [101.302, -0.824], [101.278, -0.863], [101.273, -0.888], [101.328, -0.891], [101.341, -0.898], [101.348, -0.894], [101.353, -0.88], [101.343, -0.874], [101.343, -0.848], [101.333, -0.839]]]}}, {"type": "Feature", "properties": {"domain_id": "1303072003", "name": "BULUAH KASOK"}, "geometry": {"type": "Polygon", "coordinates": [[[101.098, -0.862], [101.086, -0.836], [101.056, -0.84], [101.043, -0.849], [101.035, -0.846], [101.023, -0.856], [101.035, -0.884], [101.043, -0.883], [101.048, -0.89], [101.06, -0.93], [101.074, -0.926], [101.094, -0.904], [101.098, -0.862]]]}}, {"type": "Feature", "properties": {"domain_id": "1303102004", "name": "DESA KAMPUNG BARU"}, "geometry": {"type": "MultiPolygon", "coordinates": [[[[100.819, -0.706], [100.805, -0.723], [100.811, -0.74], [100.836, -0.747], [100.85, -0.731], [100.85, -0.723], [100.836, -0.723], [100.833, -0.709], [100.824, -0.711], [100.819, -0.706]]], [[[100.819, -0.767], [100.822, -0.759], [100.811, -0.743], [100.807, -0.757], [100.812, -0.768], [100.819, -0.767]]]]}}, {"type": "Feature", "properties": {"domain_id": "1303092004", "name": "TANJUNG BONAI AUR"}, "geometry": {"type": "Polygon", "coordinates": [[[100.835, -0.545], [100.846, -0.538], [100.836, -0.511], [100.842, -0.496], [100.836, -0.492], [100.819, -0.505], [100.822, -0.516], [100.814, -0.527], [100.814, -0.54], [100.826, -0.538], [100.835, -0.545]]]}}, {"type": "Feature", "properties": {"domain_id": "1304092005", "name": "PARIANGAN"}, "geometry": {"type": "Polygon", "coordinates": [[[100.467, -0.39], [100.468, -0.437], [100.48, -0.464], [100.5, -0.463], [100.506, -0.45], [100.467, -0.39]]]}}, {"type": "Feature", "properties": {"domain_id": "1304112002", "name": "PADANG GANTING"}, "geometry": {"type": "Polygon", "coordinates": [[[100.723, -0.504], [100.71, -0.499], [100.709, -0.509], [100.699, -0.511], [100.699, -0.525], [100.695, -0.517], [100.663, -0.507], [100.664, -0.514], [100.656, -0.516], [100.659, -0.536], [100.665, -0.532], [100.699, -0.55], [100.705, -0.571], [100.728, -0.56], [100.723, -0.504]]]}}, {"type": "Feature", "properties": {"domain_id": "1311022010", "name": "PASIR TALANG BARAT"}, "geometry": {"type": "Polygon", "coordinates": [[[101.044, -1.471], [101.033, -1.464], [101.019, -1.476], [100.978, -1.49], [100.975, -1.497], [101.028, -1.483], [101.044, -1.471]]]}}, {"type": "Feature", "properties": {"domain_id": "1305102006", "name": "MANGGOPOH PALAK GADANG ULAKAN"}, "geometry": {"type": "Polygon", "coordinates": [[[100.184, -0.678], [100.169, -0.686], [100.187, -0.7], [100.184, -0.678]]]}}, {"type": "Feature", "properties": {"domain_id": "1304132003", "name": "TANJUANG BONAI"}, "geometry": {"type": "Polygon", "coordinates": [[[100.714, -0.349], [100.692, -0.333], [100.699, -0.375], [100.729, -0.408], [100.743, -0.401], [100.759, -0.404], [100.762, -0.399], [100.788, -0.404], [100.796, -0.412], [100.837, -0.394], [100.83, -0.358], [100.822, -0.351], [100.792, -0.353], [100.778, -0.347], [100.773, -0.356], [100.78, -0.367], [100.757, -0.371], [100.714, -0.349]]]}}, {"type": "Feature", "properties": {"domain_id": "1305102008", "name": "KAMPUANG GELAPUANG ULAKAN"}, "geometry": {"type": "Polygon", "coordinates": [[[100.213, -0.672], [100.204, -0.67], [100.209, -0.678], [100.202, -0.684], [100.209, -0.687], [100.213, -0.672]]]}}, {"type": "Feature", "properties": {"domain_id": "1305112001", "name": "SINTUAK"}, "geometry": {"type": "Polygon", "coordinates": [[[100.279, -0.652], [100.25, -0.648], [100.253, -0.669], [100.247, -0.675], [100.273, -0.68], [100.286, -0.653], [100.279, -0.652]]]}}, {"type": "Feature", "properties": {"domain_id": "1305122002", "name": "KOTO DALAM"}, "geometry": {"type": "Polygon", "coordinates": [[[100.219, -0.509], [100.212, -0.506], [100.2, -0.543], [100.213, -0.543], [100.219, -0.509]]]}}, {"type": "Feature", "properties": {"domain_id": "1305122004", "name": "KOTO DALAM BARAT"}, "geometry": {"type": "Polygon", "coordinates": [[[100.21, -0.515], [100.175, -0.518], [100.168, -0.541], [100.181, -0.55], [100.191, -0.53], [100.202, -0.535], [100.21, -0.515]]]}}, {"type": "Feature", "properties": {"domain_id": "1306032006", "name": "KOTO KACIAK"}, "geometry": {"type": "Polygon", "coordinates": [[[100.17, -0.216], [100.144, -0.221], [100.137, -0.23], [100.194, -0.272], [100.191, -0.248], [100.181, -0.25], [100.17, -0.216]]]}}, {"type": "Feature", "properties": {"domain_id": "1306032009", "name": "KOTO MALINTANG"}, "geometry": {"type": "Polygon", "coordinates": [[[100.194, -0.285], [100.164, -0.261], [100.131, -0.249], [100.118, -0.298], [100.128, -0.31], [100.14, -0.312], [100.152, -0.303], [100.193, -0.304], [100.194, -0.285]]]}}, {"type": "Feature", "properties": {"domain_id": "1306042003", "name": "TIGO BALAI"}, "geometry": {"type": "Polygon", "coordinates": [[[100.33, -0.249], [100.324, -0.245], [100.328, -0.241], [100.322, -0.221], [100.308, -0.233], [100.292, -0.228], [100.254, -0.248], [100.262, -0.261], [100.282, -0.27], [100.33, -0.249]]]}}, {"type": "Feature", "properties": {"domain_id": "1306052005", "name": "GUGUAK TABEK SAROJO"}, "geometry": {"type": "Polygon", "coordinates": [[[100.366, -0.316], [100.355, -0.332], [100.357, -0.34], [100.371, -0.327], [100.366, -0.316]]]}}, {"type": "Feature", "properties": {"domain_id": "1306072008", "name": "BALAI GURAH"}, "geometry": {"type": "Polygon", "coordinates": [[[100.45, -0.294], [100.424, -0.287], [100.419, -0.307], [100.429, -0.317], [100.439, -0.315], [100.45, -0.294]]]}}, {"type": "Feature", "properties": {"domain_id": "1306102004", "name": "NAN TUJUAH"}, "geometry": {"type": "Polygon", "coordinates": [[[100.282, -0.108], [100.265, -0.032], [100.246, -0.074], [100.213, -0.07], [100.202, -0.098], [100.217, -0.13], [100.259, -0.164], [100.285, -0.163], [100.286, -0.155], [100.281, -0.15], [100.289, -0.133], [100.282, -0.108]]]}}, {"type": "Feature", "properties": {"domain_id": "1306112006", "name": "SALAREH AIA"}, "geometry": {"type": "Polygon", "coordinates": [[[100.129, -0.095], [100.118, -0.098], [100.108, -0.086], [100.092, -0.081], [100.063, -0.086], [100.039, -0.082], [100.032, -0.093], [100.005, -0.106], [99.999, -0.121], [99.986, -0.132], [99.983, -0.146], [99.994, -0.144], [99.987, -0.159], [100.009, -0.16], [100.036, -0.172], [100.082, -0.165], [100.124, -0.175], [100.131, -0.162], [100.125, -0.124], [100.132, -0.126], [100.134, -0.112], [100.129, -0.095]]]}}, {"type": "Feature", "properties": {"domain_id": "1307082001", "name": "PANDAM GADANG"}, "geometry": {"type": "Polygon", "coordinates": [[[100.421, -0.065], [100.411, -0.064], [100.4, -0.078], [100.373, -0.075], [100.354, -0.095], [100.361, -0.107], [100.381, -0.116], [100.382, -0.11], [100.424, -0.101], [100.446, -0.108], [100.446, -0.098], [100.416, -0.08], [100.421, -0.065]]]}}, {"type": "Feature", "properties": {"domain_id": "1306132003", "name": "BAWAN"}, "geometry": {"type": "Polygon", "coordinates": [[[100.031, -0.167], [99.987, -0.159], [99.863, -0.173], [99.867, -0.198], [99.883, -0.225], [99.886, -0.254], [99.896, -0.263], [99.917, -0.235], [99.917, -0.224], [99.93, -0.227], [99.936, -0.218], [99.991, -0.257], [100.043, -0.268], [100.079, -0.26], [100.049, -0.256], [100.016, -0.216], [100.031, -0.203], [100.031, -0.167]]]}}, {"type": "Feature", "properties": {"domain_id": "1307022001", "name": "GUGUAK VIII KOTO"}, "geometry": {"type": "Polygon", "coordinates": [[[100.547, -0.122], [100.541, -0.117], [100.528, -0.128], [100.533, -0.147], [100.554, -0.171], [100.581, -0.176], [100.574, -0.145], [100.547, -0.122]]]}}, {"type": "Feature", "properties": {"domain_id": "1307052007", "name": "SARILAMAK"}, "geometry": {"type": "Polygon", "coordinates": [[[100.753, -0.132], [100.76, -0.12], [100.746, -0.052], [100.738, -0.066], [100.692, -0.08], [100.685, -0.096], [100.689, -0.103], [100.669, -0.135], [100.649, -0.135], [100.658, -0.121], [100.635, -0.131], [100.654, -0.164], [100.667, -0.169], [100.682, -0.163], [100.694, -0.168], [100.693, -0.16], [100.698, -0.164], [100.706, -0.151], [100.717, -0.157], [100.739, -0.155], [100.738, -0.142], [100.761, -0.143], [100.753, -0.132]]]}}, {"type": "Feature", "properties": {"domain_id": "1309012007", "name": "BETUMONGA"}, "geometry": {"type": "MultiPolygon", "coordinates": [[[[100.055, -2.759], [100.031, -2.76], [100.014, -2.793], [99.997, -2.796], [100.018, -2.811], [100.014, -2.846], [100.027, -2.85], [100.034, -2.844], [100.042, -2.852], [100.04, -2.823], [100.051, -2.815], [100.059, -2.817], [100.076, -2.842], [100.084, -2.842], [100.083, -2.831], [100.089, -2.835], [100.093, -2.83], [100.107, -2.839], [100.125, -2.836], [100.099, -2.82], [100.055, -2.759]]], [[[100.017, -2.848], [100.016, -2.848], [100.016, -2.849], [100.017, -2.848]]], [[[100.013, -2.847], [100.013, -2.846], [100.012, -2.847], [100.013, -2.847]], [[100.01, -2.845], [100.008, -2.842], [100.011, -2.846], [100.01, -2.845]]], [[[100.006, -2.831], [99.999, -2.831], [100.01, -2.84], [100.015, -2.836], [100.006, -2.831]]]]}}, {"type": "Feature", "properties": {"domain_id": "1307092005", "name": "BALAI PANJANG"}, "geometry": {"type": "Polygon", "coordinates": [[[100.773, -0.217], [100.736, -0.211], [100.726, -0.215], [100.721, -0.228], [100.712, -0.228], [100.723, -0.243], [100.707, -0.262], [100.711, -0.266], [100.701, -0.292], [100.726, -0.245], [100.759, -0.24], [100.773, -0.217]]]}}, {"type": "Feature", "properties": {"domain_id": "1307112003", "name": "MUNGKA"}, "geometry": {"type": "Polygon", "coordinates": [[[100.568, -0.113], [100.558, -0.108], [100.547, -0.119], [100.568, -0.14], [100.585, -0.131], [100.582, -0.116], [100.568, -0.113]]]}}, {"type": "Feature", "properties": {"domain_id": "1309082005", "name": "BUKIT PAMEWA"}, "geometry": {"type": "Polygon", "coordinates": [[[99.617, -2.084], [99.617, -2.078], [99.605, -2.078], [99.606, -2.083], [99.592, -2.078], [99.592, -2.098], [99.617, -2.098], [99.617, -2.084]]]}}, {"type": "Feature", "properties": {"domain_id": "1307122004", "name": "SUNGAI NANIANG"}, "geometry": {"type": "Polygon", "coordinates": [[[100.445, -0.009], [100.428, -0.004], [100.409, -0.016], [100.403, -0.011], [100.388, -0.023], [100.393, -0.032], [100.411, -0.039], [100.426, -0.032], [100.427, -0.023], [100.45, -0.019], [100.445, -0.009]]]}}, {"type": "Feature", "properties": {"domain_id": "1310022002", "name": "TEBING TINGGI"}, "geometry": {"type": "Polygon", "coordinates": [[[101.592, -0.998], [101.581, -0.994], [101.559, -1.007], [101.538, -1.026], [101.524, -1.051], [101.508, -1.051], [101.502, -1.045], [101.441, -1.057], [101.441, -1.087], [101.416, -1.119], [101.403, -1.151], [101.408, -1.17], [101.453, -1.151], [101.469, -1.135], [101.485, -1.142], [101.5, -1.141], [101.511, -1.15], [101.539, -1.138], [101.545, -1.127], [101.587, -1.102], [101.609, -1.095], [101.609, -1.082], [101.599, -1.084], [101.575, -1.093], [101.567, -1.106], [101.546, -1.117], [101.531, -1.12], [101.53, -1.11], [101.558, -1.087], [101.556, -1.081], [101.567, -1.076], [101.572, -1.059], [101.588, -1.049], [101.589, -1.015], [101.597, -1.005], [101.592, -0.998]]]}}, {"type": "Feature", "properties": {"domain_id": "1310022007", "name": "SUNGAI KAMBUT"}, "geometry": {"type": "Polygon", "coordinates": [[[101.506, -0.93], [101.476, -0.918], [101.438, -0.94], [101.417, -0.968], [101.421, -0.98], [101.441, -0.993], [101.437, -1.007], [101.457, -1.016], [101.472, -1.008], [101.47, -0.975], [101.457, -0.96], [101.495, -0.963], [101.506, -0.93]]]}}, {"type": "Feature", "properties": {"domain_id": "1310042005", "name": "SUNGAI DUO"}, "geometry": {"type": "Polygon", "coordinates": [[[101.689, -1.003], [101.681, -1.004], [101.683, -1.015], [101.668, -1.005], [101.657, -1.008], [101.661, -1.02], [101.652, -1.017], [101.65, -1.038], [101.643, -1.035], [101.641, -1.047], [101.664, -1.045], [101.668, -1.036], [101.69, -1.044], [101.7, -1.04], [101.7, -1.027], [101.711, -1.028], [101.711, -1.02], [101.689, -1.003]]]}}, {"type": "Feature", "properties": {"domain_id": "1310052001", "name": "SILAGO"}, "geometry": {"type": "Polygon", "coordinates": [[[101.318, -0.963], [101.311, -0.951], [101.301, -0.958], [101.294, -0.953], [101.287, -0.962], [101.274, -0.953], [101.27, -0.986], [101.245, -0.992], [101.233, -1.005], [101.235, -1.033], [101.241, -1.038], [101.247, -1.028], [101.268, -1.045], [101.276, -1.045], [101.284, -1.033], [101.302, -1.041], [101.342, -1.047], [101.349, -1.042], [101.345, -1.028], [101.329, -1.009], [101.307, -0.999], [101.305, -0.986], [101.318, -0.963]]]}}, {"type": "Feature", "properties": {"domain_id": "1308042004", "name": "GANGGO HILIA"}, "geometry": {"type": "Polygon", "coordinates": [[[100.295, 0.001], [100.274, 0.013], [100.258, 0.014], [100.198, -0.013], [100.187, 0.001], [100.183, -0.012], [100.174, -0.011], [100.174, -0.016], [100.199, -0.026], [100.203, -0.031], [100.198, -0.036], [100.231, -0.043], [100.265, -0.032], [100.267, -0.02], [100.295, 0.001]]]}}, {"type": "Feature", "properties": {"domain_id": "1371021005", "name": "SIMPANG HARU"}, "geometry": {"type": "Polygon", "coordinates": [[[100.382, -0.946], [100.374, -0.946], [100.381, -0.949], [100.382, -0.946]]]}}, {"type": "Feature", "properties": {"domain_id": "1309042008", "name": "MALANCAN"}, "geometry": {"type": "Polygon", "coordinates": [[[98.925, -0.988], [98.92, -0.971], [98.898, -0.971], [98.892, -0.983], [98.897, -0.992], [98.89, -0.999], [98.878, -0.99], [98.858, -0.993], [98.86, -1.002], [98.845, -1.005], [98.838, -1.018], [98.812, -1.021], [98.811, -1.038], [98.772, -1.038], [98.76, -1.048], [98.754, -1.06], [98.771, -1.092], [98.78, -1.093], [98.79, -1.108], [98.787, -1.127], [98.796, -1.139], [98.791, -1.16], [98.796, -1.162], [98.784, -1.168], [98.794, -1.179], [98.813, -1.17], [98.828, -1.177], [98.826, -1.17], [98.834, -1.168], [98.835, -1.159], [98.845, -1.169], [98.854, -1.153], [98.859, -1.156], [98.874, -1.141], [98.885, -1.141], [98.894, -1.132], [98.917, -1.134], [98.94, -1.112], [98.948, -1.071], [98.935, -1.061], [98.94, -1.058], [98.937, -1.03], [98.917, -1.002], [98.919, -0.991], [98.925, -0.988]]]}}, {"type": "Feature", "properties": {"domain_id": "1309052001", "name": "SIMATALU"}, "geometry": {"type": "Polygon", "coordinates": [[[98.807, -1.316], [98.801, -1.307], [98.777, -1.304], [98.772, -1.311], [98.761, -1.301], [98.747, -1.319], [98.74, -1.32], [98.7, -1.306], [98.688, -1.289], [98.672, -1.301], [98.678, -1.314], [98.663, -1.324], [98.724, -1.403], [98.775, -1.485], [98.816, -1.526], [98.822, -1.522], [98.836, -1.537], [98.844, -1.528], [98.844, -1.512], [98.865, -1.511], [98.873, -1.502], [98.864, -1.486], [98.866, -1.466], [98.892, -1.447], [98.914, -1.449], [98.916, -1.439], [98.938, -1.448], [98.946, -1.439], [98.941, -1.427], [98.947, -1.422], [98.944, -1.414], [98.91, -1.381], [98.913, -1.376], [98.903, -1.361], [98.896, -1.362], [98.896, -1.351], [98.907, -1.343], [98.906, -1.333], [98.883, -1.34], [98.883, -1.335], [98.856, -1.332], [98.86, -1.355], [98.826, -1.357], [98.833, -1.391], [98.825, -1.391], [98.824, -1.399], [98.802, -1.411], [98.789, -1.377], [98.766, -1.361], [98.788, -1.337], [98.8, -1.335], [98.797, -1.33], [98.807, -1.316]]]}}, {"type": "Feature", "properties": {"domain_id": "1311012004", "name": "LUBUK GADANG UTARA"}, "geometry": {"type": "Polygon", "coordinates": [[[101.372, -1.521], [101.359, -1.511], [101.345, -1.512], [101.329, -1.503], [101.321, -1.509], [101.299, -1.498], [101.291, -1.488], [101.291, -1.459], [101.279, -1.456], [101.26, -1.435], [101.248, -1.435], [101.245, -1.463], [101.257, -1.494], [101.251, -1.503], [101.264, -1.525], [101.277, -1.533], [101.269, -1.55], [101.273, -1.556], [101.286, -1.547], [101.302, -1.547], [101.308, -1.538], [101.336, -1.536], [101.349, -1.547], [101.363, -1.522], [101.372, -1.521]]]}}, {"type": "Feature", "properties": {"domain_id": "1371031002", "name": "RIMBO KALUANG"}, "geometry": {"type": "Polygon", "coordinates": [[[100.361, -0.931], [100.361, -0.926], [100.35, -0.927], [100.361, -0.931]]]}}, {"type": "Feature", "properties": {"domain_id": "1373011002", "name": "KUBANG SIRAKUK UTARA"}, "geometry": {"type": "Polygon", "coordinates": [[[100.782, -0.688], [100.78, -0.686], [100.779, -0.689], [100.782, -0.688]]]}}, {"type": "Feature", "properties": {"domain_id": "1377011003", "name": "LOHONG"}, "geometry": {"type": "MultiPolygon", "coordinates": [[[[100.119, -0.63], [100.121, -0.635], [100.126, -0.633], [100.119, -0.63]]], [[[100.102, -0.649], [100.103, -0.646], [100.101, -0.646], [100.102, -0.649]]]]}}, {"type": "Feature", "properties": {"domain_id": "1371011008", "name": "MATA AIR"}, "geometry": {"type": "Polygon", "coordinates": [[[100.379, -0.96], [100.366, -0.976], [100.369, -0.982], [100.386, -0.978], [100.379, -0.96]]]}}, {"type": "Feature", "properties": {"domain_id": "1371011011", "name": "AIR MANIS"}, "geometry": {"type": "MultiPolygon", "coordinates": [[[[100.364, -0.976], [100.358, -0.975], [100.357, -0.99], [100.365, -0.994], [100.365, -1.005], [100.373, -0.986], [100.364, -0.976]]], [[[100.174, -1.041], [100.176, -1.038], [100.172, -1.035], [100.174, -1.041]]], [[[100.339, -0.991], [100.338, -0.996], [100.342, -0.994], [100.339, -0.991]]], [[[100.354, -0.991], [100.355, -0.99], [100.352, -0.992], [100.354, -0.991]]], [[[100.209, -0.985], [100.21, -0.983], [100.208, -0.981], [100.209, -0.985]]], [[[100.231, -0.957], [100.231, -0.955], [100.23, -0.956], [100.231, -0.957]]], [[[100.14, -0.951], [100.141, -0.948], [100.138, -0.949], [100.14, -0.951]]]]}}, {"type": "Feature", "properties": {"domain_id": "1371011012", "name": "BUKIT GADO-GADO"}, "geometry": {"type": "Polygon", "coordinates": [[[100.364, -0.969], [100.351, -0.968], [100.366, -0.977], [100.372, -0.969], [100.364, -0.969]]]}}, {"type": "Feature", "properties": {"domain_id": "1371021007", "name": "ANDALAS"}, "geometry": {"type": "Polygon", "coordinates": [[[100.39, -0.939], [100.374, -0.937], [100.382, -0.946], [100.39, -0.939]]]}}, {"type": "Feature", "properties": {"domain_id": "1373021003", "name": "DURIAN I"}, "geometry": {"type": "Polygon", "coordinates": [[[100.77, -0.666], [100.765, -0.66], [100.756, -0.67], [100.761, -0.673], [100.77, -0.666]]]}}, {"type": "Feature", "properties": {"domain_id": "1371051004", "name": "TELUK KABUNG UTARA"}, "geometry": {"type": "Polygon", "coordinates": [[[100.46, -1.029], [100.465, -1.022], [100.412, -1.047], [100.405, -1.053], [100.414, -1.057], [100.412, -1.067], [100.434, -1.067], [100.46, -1.029]]]}}, {"type": "Feature", "properties": {"domain_id": "1371081006", "name": "PISANG"}, "geometry": {"type": "Polygon", "coordinates": [[[100.411, -0.933], [100.392, -0.943], [100.4, -0.949], [100.411, -0.942], [100.417, -0.947], [100.411, -0.933]]]}}, {"type": "Feature", "properties": {"domain_id": "1373021002", "name": "LUBANG PANJANG"}, "geometry": {"type": "Polygon", "coordinates": [[[100.775, -0.669], [100.766, -0.669], [100.764, -0.677], [100.768, -0.679], [100.775, -0.669]]]}}, {"type": "Feature", "properties": {"domain_id": "1374021007", "name": "TANAH HITAM"}, "geometry": {"type": "Polygon", "coordinates": [[[100.4, -0.467], [100.391, -0.473], [100.386, -0.489], [100.399, -0.491], [100.4, -0.467]]]}}, {"type": "Feature", "properties": {"domain_id": "1375011003", "name": "PAKAN KURAI"}, "geometry": {"type": "Polygon", "coordinates": [[[100.383, -0.307], [100.373, -0.301], [100.377, -0.309], [100.383, -0.307]]]}}, {"type": "Feature", "properties": {"domain_id": "1375021002", "name": "CAMPAGO IPUH"}, "geometry": {"type": "Polygon", "coordinates": [[[100.378, -0.296], [100.377, -0.288], [100.369, -0.29], [100.373, -0.301], [100.378, -0.296]]]}}, {"type": "Feature", "properties": {"domain_id": "1375031006", "name": "PAKAN LABUAH"}, "geometry": {"type": "Polygon", "coordinates": [[[100.395, -0.314], [100.389, -0.314], [100.39, -0.325], [100.4, -0.321], [100.395, -0.314]]]}}, {"type": "Feature", "properties": {"domain_id": "1376011009", "name": "PADANG TINGGI PILIANG"}, "geometry": {"type": "Polygon", "coordinates": [[[100.623, -0.223], [100.62, -0.219], [100.614, -0.228], [100.616, -0.236], [100.623, -0.223]]]}}, {"type": "Feature", "properties": {"domain_id": "1376011005", "name": "PAYOLANSEK"}, "geometry": {"type": "Polygon", "coordinates": [[[100.609, -0.231], [100.592, -0.233], [100.593, -0.246], [100.603, -0.239], [100.613, -0.239], [100.614, -0.23], [100.609, -0.231]]]}}, {"type": "Feature", "properties": {"domain_id": "1376021037", "name": "BALAI TONGAH KOTO"}, "geometry": {"type": "Polygon", "coordinates": [[[100.644, -0.213], [100.641, -0.207], [100.636, -0.217], [100.647, -0.222], [100.644, -0.213]]]}}, {"type": "Feature", "properties": {"domain_id": "1376041004", "name": "PADANG SIKABU"}, "geometry": {"type": "Polygon", "coordinates": [[[100.614, -0.203], [100.598, -0.209], [100.597, -0.218], [100.614, -0.212], [100.614, -0.203]]]}}, {"type": "Feature", "properties": {"domain_id": "1376051002", "name": "KOTOTUO LIMOKAMPUANG"}, "geometry": {"type": "Polygon", "coordinates": [[[100.626, -0.257], [100.616, -0.252], [100.615, -0.257], [100.625, -0.264], [100.626, -0.257]]]}}, {"type": "Feature", "properties": {"domain_id": "1377022008", "name": "CUBADAK AIR SELATAN"}, "geometry": {"type": "Polygon", "coordinates": [[[100.13, -0.585], [100.119, -0.589], [100.122, -0.592], [100.13, -0.585]]]}}, {"type": "Feature", "properties": {"domain_id": "1376051010", "name": "SAWAHPADANG AUA KUNIANG"}, "geometry": {"type": "Polygon", "coordinates": [[[100.634, -0.242], [100.625, -0.249], [100.628, -0.268], [100.641, -0.256], [100.634, -0.242]]]}}, {"type": "Feature", "properties": {"domain_id": "1302112006", "name": "KACANG"}, "geometry": {"type": "Polygon", "coordinates": [[[100.604, -0.64], [100.6, -0.613], [100.583, -0.606], [100.548, -0.627], [100.575, -0.665], [100.598, -0.657], [100.604, -0.64]]]}}, {"type": "Feature", "properties": {"domain_id": "1309022001", "name": "BOSUA"}, "geometry": {"type": "Polygon", "coordinates": [[[99.813, -2.301], [99.788, -2.309], [99.803, -2.334], [99.79, -2.362], [99.797, -2.371], [99.838, -2.364], [99.842, -2.396], [99.86, -2.403], [99.863, -2.386], [99.844, -2.348], [99.847, -2.337], [99.838, -2.334], [99.824, -2.308], [99.813, -2.301]]]}}, {"type": "Feature", "properties": {"domain_id": "1302122003", "name": "PANINJAUAN"}, "geometry": {"type": "Polygon", "coordinates": [[[100.672, -0.665], [100.661, -0.658], [100.639, -0.667], [100.639, -0.717], [100.664, -0.716], [100.672, -0.665]]]}}, {"type": "Feature", "properties": {"domain_id": "1301112017", "name": "RIAK DANAU TAPAN"}, "geometry": {"type": "Polygon", "coordinates": [[[101.086, -2.133], [101.091, -2.128], [101.086, -2.116], [101.114, -2.087], [101.063, -2.124], [101.025, -2.14], [101.041, -2.149], [101.067, -2.136], [101.081, -2.142], [101.086, -2.133]]]}}, {"type": "Feature", "properties": {"domain_id": "1301102019", "name": "LUNANG DUA"}, "geometry": {"type": "Polygon", "coordinates": [[[101.1, -2.251], [101.076, -2.251], [101.075, -2.28], [101.099, -2.281], [101.1, -2.251]]]}}, {"type": "Feature", "properties": {"domain_id": "1301012001", "name": "INDERAPURA"}, "geometry": {"type": "Polygon", "coordinates": [[[100.982, -2.058], [100.96, -2.054], [100.954, -2.06], [100.974, -2.065], [100.969, -2.081], [100.982, -2.094], [100.99, -2.083], [100.997, -2.084], [100.982, -2.058]]]}}, {"type": "Feature", "properties": {"domain_id": "1301012002", "name": "MUARO SAKAI INDERAPURA"}, "geometry": {"type": "Polygon", "coordinates": [[[100.931, -2.046], [100.915, -2.051], [100.899, -2.046], [100.908, -2.064], [100.914, -2.059], [100.925, -2.065], [100.931, -2.046]]]}}, {"type": "Feature", "properties": {"domain_id": "1301132002", "name": "MUARA INDERAPURA"}, "geometry": {"type": "Polygon", "coordinates": [[[100.914, -1.981], [100.934, -1.996], [100.939, -1.993], [100.935, -1.984], [100.957, -1.982], [100.956, -1.962], [100.93, -1.966], [100.932, -1.953], [100.914, -1.981]]]}}, {"type": "Feature", "properties": {"domain_id": "1301052003", "name": "SALIDO"}, "geometry": {"type": "MultiPolygon", "coordinates": [[[[100.578, -1.308], [100.562, -1.3], [100.557, -1.315], [100.557, -1.324], [100.569, -1.338], [100.565, -1.352], [100.604, -1.304], [100.578, -1.308]]], [[[100.52, -1.346], [100.52, -1.345], [100.519, -1.346], [100.52, -1.346]]]]}}, {"type": "Feature", "properties": {"domain_id": "1301132008", "name": "TANAH BAKALI INDERAPURA"}, "geometry": {"type": "Polygon", "coordinates": [[[100.974, -2.013], [100.946, -2.014], [100.945, -2.032], [100.931, -2.046], [100.93, -2.059], [100.938, -2.058], [100.94, -2.071], [100.952, -2.06], [100.951, -2.046], [100.942, -2.04], [100.957, -2.034], [100.963, -2.023], [100.97, -2.02], [100.965, -2.017], [100.974, -2.013]]]}}, {"type": "Feature", "properties": {"domain_id": "1301062009", "name": "API-API PASAR BARU"}, "geometry": {"type": "MultiPolygon", "coordinates": [[[[100.496, -1.286], [100.495, -1.278], [100.485, -1.292], [100.503, -1.305], [100.496, -1.286]]], [[[100.477, -1.321], [100.472, -1.322], [100.474, -1.33], [100.477, -1.321]]]]}}, {"type": "Feature", "properties": {"domain_id": "1301152007", "name": "DURIAN SERIBU"}, "geometry": {"type": "Polygon", "coordinates": [[[101.057, -2.375], [101.029, -2.39], [101.038, -2.41], [101.053, -2.41], [101.057, -2.375]]]}}, {"type": "Feature", "properties": {"domain_id": "1309082006", "name": "SIPORA JAYA"}, "geometry": {"type": "Polygon", "coordinates": [[[99.604, -2.05], [99.587, -2.053], [99.585, -2.077], [99.606, -2.083], [99.609, -2.052], [99.604, -2.05]]]}}, {"type": "Feature", "properties": {"domain_id": "1301072009", "name": "BARUNG-BARUNG BALANTAI SELATAN"}, "geometry": {"type": "Polygon", "coordinates": [[[100.563, -1.16], [100.552, -1.151], [100.543, -1.158], [100.481, -1.164], [100.476, -1.188], [100.512, -1.182], [100.528, -1.17], [100.539, -1.17], [100.55, -1.18], [100.563, -1.16]]]}}, {"type": "Feature", "properties": {"domain_id": "1301082008", "name": "RAWANG GUNUNG MALELO SURANTIH"}, "geometry": {"type": "Polygon", "coordinates": [[[100.681, -1.564], [100.666, -1.55], [100.665, -1.539], [100.651, -1.541], [100.641, -1.551], [100.643, -1.576], [100.648, -1.579], [100.652, -1.575], [100.659, -1.581], [100.669, -1.578], [100.681, -1.564]]]}}, {"type": "Feature", "properties": {"domain_id": "1301092016", "name": "MUARA KANDIS PUNGGASAN"}, "geometry": {"type": "Polygon", "coordinates": [[[100.855, -1.883], [100.843, -1.885], [100.855, -1.907], [100.868, -1.901], [100.855, -1.883]]]}}, {"type": "Feature", "properties": {"domain_id": "1302072007", "name": "AIE BATUMBUAK"}, "geometry": {"type": "Polygon", "coordinates": [[[100.701, -0.982], [100.704, -0.961], [100.686, -0.959], [100.68, -0.979], [100.672, -0.964], [100.661, -0.969], [100.651, -0.999], [100.637, -1.004], [100.627, -1.022], [100.617, -1.052], [100.654, -1.045], [100.683, -1.052], [100.688, -1.031], [100.68, -1.007], [100.685, -1.006], [100.686, -0.993], [100.701, -0.982]]]}}, {"type": "Feature", "properties": {"domain_id": "1302082004", "name": "PARAMBAHAN"}, "geometry": {"type": "MultiPolygon", "coordinates": [[[[100.716, -0.875], [100.706, -0.883], [100.725, -0.89], [100.716, -0.875]]], [[[100.727, -0.915], [100.725, -0.905], [100.722, -0.912], [100.727, -0.915]]]]}}, {"type": "Feature", "properties": {"domain_id": "1302112004", "name": "SINGKARAK"}, "geometry": {"type": "Polygon", "coordinates": [[[100.616, -0.684], [100.598, -0.68], [100.583, -0.684], [100.592, -0.712], [100.621, -0.701], [100.616, -0.684]]]}}, {"type": "Feature", "properties": {"domain_id": "1303042005", "name": "SOLOK AMBAH"}, "geometry": {"type": "Polygon", "coordinates": [[[101.112, -0.668], [101.077, -0.71], [101.078, -0.739], [101.089, -0.75], [101.132, -0.74], [101.139, -0.748], [101.151, -0.747], [101.162, -0.726], [101.151, -0.696], [101.151, -0.678], [101.112, -0.668]]]}}, {"type": "Feature", "properties": {"domain_id": "1303052003", "name": "MUARO BODI"}, "geometry": {"type": "Polygon", "coordinates": [[[100.907, -0.66], [100.872, -0.659], [100.871, -0.699], [100.856, -0.713], [100.85, -0.731], [100.896, -0.733], [100.888, -0.708], [100.921, -0.696], [100.918, -0.682], [100.899, -0.682], [100.903, -0.677], [100.898, -0.671], [100.907, -0.66]]]}}, {"type": "Feature", "properties": {"domain_id": "1303062008", "name": "PADANG TAROK"}, "geometry": {"type": "Polygon", "coordinates": [[[101.224, -0.588], [101.204, -0.587], [101.189, -0.568], [101.181, -0.543], [101.152, -0.535], [101.135, -0.522], [101.122, -0.555], [101.134, -0.597], [101.173, -0.631], [101.18, -0.657], [101.19, -0.655], [101.215, -0.666], [101.229, -0.68], [101.255, -0.625], [101.224, -0.588]]]}}, {"type": "Feature", "properties": {"domain_id": "1303092008", "name": "MANGANTI"}, "geometry": {"type": "Polygon", "coordinates": [[[100.975, -0.428], [100.945, -0.419], [100.921, -0.422], [100.948, -0.466], [100.946, -0.476], [100.935, -0.482], [100.936, -0.495], [100.962, -0.514], [100.986, -0.52], [100.992, -0.506], [100.992, -0.474], [100.975, -0.428]]]}}, {"type": "Feature", "properties": {"domain_id": "1304022004", "name": "BATIPUAH BARUAH"}, "geometry": {"type": "Polygon", "coordinates": [[[100.473, -0.483], [100.449, -0.473], [100.447, -0.463], [100.437, -0.468], [100.435, -0.484], [100.424, -0.48], [100.435, -0.49], [100.44, -0.516], [100.414, -0.551], [100.411, -0.562], [100.417, -0.578], [100.454, -0.558], [100.46, -0.546], [100.453, -0.513], [100.461, -0.506], [100.456, -0.498], [100.463, -0.497], [100.465, -0.487], [100.473, -0.483]]]}}, {"type": "Feature", "properties": {"domain_id": "1309082001", "name": "BETUMONGA"}, "geometry": {"type": "MultiPolygon", "coordinates": [[[[99.615, -2.171], [99.621, -2.159], [99.612, -2.145], [99.592, -2.171], [99.575, -2.178], [99.567, -2.172], [99.562, -2.182], [99.548, -2.183], [99.551, -2.208], [99.574, -2.226], [99.575, -2.246], [99.584, -2.224], [99.596, -2.226], [99.592, -2.253], [99.604, -2.242], [99.611, -2.249], [99.597, -2.263], [99.6, -2.283], [99.608, -2.291], [99.615, -2.293], [99.625, -2.273], [99.633, -2.29], [99.642, -2.282], [99.662, -2.285], [99.654, -2.267], [99.671, -2.261], [99.671, -2.247], [99.66, -2.246], [99.643, -2.221], [99.652, -2.202], [99.637, -2.199], [99.623, -2.183], [99.613, -2.183], [99.615, -2.171]]], [[[99.542, -2.223], [99.54, -2.211], [99.536, -2.218], [99.542, -2.223]]]]}}, {"type": "Feature", "properties": {"domain_id": "1309082003", "name": "TUAPEJAT"}, "geometry": {"type": "MultiPolygon", "coordinates": [[[[99.592, -2.031], [99.587, -2.025], [99.559, -2.045], [99.556, -2.049], [99.567, -2.062], [99.547, -2.072], [99.551, -2.106], [99.566, -2.123], [99.563, -2.129], [99.573, -2.147], [99.567, -2.154], [99.542, -2.144], [99.531, -2.147], [99.531, -2.167], [99.547, -2.189], [99.548, -2.183], [99.562, -2.182], [99.567, -2.172], [99.575, -2.178], [99.592, -2.171], [99.612, -2.145], [99.59, -2.131], [99.581, -2.112], [99.582, -2.1], [99.592, -2.098], [99.592, -2.092], [99.557, -2.092], [99.557, -2.072], [99.585, -2.072], [99.587, -2.053], [99.604, -2.05], [99.614, -2.031], [99.598, -2.028], [99.584, -2.04], [99.592, -2.031]]], [[[99.528, -2.128], [99.528, -2.134], [99.54, -2.131], [99.528, -2.128]]], [[[99.527, -2.125], [99.524, -2.123], [99.522, -2.123], [99.527, -2.125]]], [[[99.612, -2.019], [99.609, -2.021], [99.612, -2.024], [99.612, -2.019]]], [[[99.567, -2.005], [99.559, -2.002], [99.547, -2.008], [99.552, -2.019], [99.577, -2.025], [99.571, -2.007], [99.562, -2.01], [99.567, -2.005]]], [[[99.578, -1.992], [99.57, -1.989], [99.564, -2.0], [99.57, -2.0], [99.569, -1.993], [99.579, -2.003], [99.578, -1.992]]], [[[99.59, -1.973], [99.581, -1.967], [99.577, -1.973], [99.587, -1.993], [99.592, -1.99], [99.605, -1.997], [99.606, -1.99], [99.59, -1.973]]], [[[99.571, -1.965], [99.568, -1.965], [99.57, -1.967], [99.571, -1.965]]], [[[99.568, -1.965], [99.568, -1.964], [99.567, -1.964], [99.568, -1.965]]]]}}, {"type": "Feature", "properties": {"domain_id": "1304082002", "name": "SUNGAI TARAB"}, "geometry": {"type": "Polygon", "coordinates": [[[100.575, -0.404], [100.568, -0.4], [100.545, -0.409], [100.604, -0.448], [100.603, -0.428], [100.589, -0.425], [100.591, -0.42], [100.575, -0.404]]]}}, {"type": "Feature", "properties": {"domain_id": "1305102003", "name": "PADANG TOBOH ULAKAN"}, "geometry": {"type": "Polygon", "coordinates": [[[100.226, -0.669], [100.226, -0.662], [100.213, -0.672], [100.209, -0.687], [100.215, -0.692], [100.226, -0.669]]]}}, {"type": "Feature", "properties": {"domain_id": "1306052002", "name": "SUNGAI LANDIA"}, "geometry": {"type": "Polygon", "coordinates": [[[100.316, -0.32], [100.305, -0.303], [100.298, -0.303], [100.288, -0.32], [100.276, -0.32], [100.276, -0.336], [100.261, -0.353], [100.281, -0.358], [100.286, -0.347], [100.299, -0.343], [100.316, -0.32]]]}}, {"type": "Feature", "properties": {"domain_id": "1305172001", "name": "PAKANDANGAN"}, "geometry": {"type": "Polygon", "coordinates": [[[100.266, -0.607], [100.257, -0.612], [100.254, -0.626], [100.248, -0.627], [100.248, -0.647], [100.279, -0.652], [100.275, -0.64], [100.262, -0.638], [100.27, -0.628], [100.259, -0.625], [100.268, -0.623], [100.261, -0.62], [100.266, -0.607]]]}}, {"type": "Feature", "properties": {"domain_id": "1305172005", "name": "GADUR"}, "geometry": {"type": "Polygon", "coordinates": [[[100.227, -0.625], [100.217, -0.625], [100.216, -0.642], [100.223, -0.647], [100.238, -0.64], [100.227, -0.625]]]}}, {"type": "Feature", "properties": {"domain_id": "1306042001", "name": "MATUA HILIA"}, "geometry": {"type": "Polygon", "coordinates": [[[100.33, -0.251], [100.284, -0.268], [100.278, -0.279], [100.289, -0.29], [100.298, -0.29], [100.31, -0.277], [100.328, -0.274], [100.333, -0.279], [100.338, -0.275], [100.328, -0.262], [100.33, -0.251]]]}}, {"type": "Feature", "properties": {"domain_id": "1306062003", "name": "PAKAN SINAYAN"}, "geometry": {"type": "Polygon", "coordinates": [[[100.372, -0.341], [100.367, -0.333], [100.356, -0.342], [100.332, -0.384], [100.372, -0.341]]]}}, {"type": "Feature", "properties": {"domain_id": "1306152001", "name": "MAGEK"}, "geometry": {"type": "Polygon", "coordinates": [[[100.443, -0.242], [100.421, -0.222], [100.409, -0.221], [100.41, -0.231], [100.435, -0.257], [100.444, -0.252], [100.443, -0.242]]]}}, {"type": "Feature", "properties": {"domain_id": "1307012001", "name": "KURAI"}, "geometry": {"type": "Polygon", "coordinates": [[[100.446, -0.108], [100.424, -0.101], [100.382, -0.11], [100.374, -0.124], [100.377, -0.14], [100.395, -0.149], [100.42, -0.143], [100.435, -0.132], [100.434, -0.122], [100.446, -0.108]]]}}, {"type": "Feature", "properties": {"domain_id": "1307032001", "name": "KOTO BARU SIMALANGGANG"}, "geometry": {"type": "Polygon", "coordinates": [[[100.594, -0.175], [100.582, -0.165], [100.58, -0.177], [100.563, -0.179], [100.556, -0.19], [100.584, -0.201], [100.592, -0.193], [100.607, -0.194], [100.594, -0.175]]]}}, {"type": "Feature", "properties": {"domain_id": "1307052003", "name": "TARANTANG"}, "geometry": {"type": "Polygon", "coordinates": [[[100.685, -0.096], [100.656, -0.113], [100.658, -0.12], [100.649, -0.135], [100.666, -0.137], [100.678, -0.125], [100.689, -0.103], [100.685, -0.096]]]}}, {"type": "Feature", "properties": {"domain_id": "1310022008", "name": "GUNUNG SELASIH"}, "geometry": {"type": "Polygon", "coordinates": [[[101.487, -0.876], [101.451, -0.86], [101.426, -0.9], [101.419, -0.895], [101.413, -0.899], [101.422, -0.907], [101.42, -0.927], [101.396, -0.94], [101.404, -0.958], [101.407, -0.953], [101.413, -0.955], [101.417, -0.968], [101.444, -0.933], [101.476, -0.918], [101.518, -0.932], [101.53, -0.962], [101.538, -0.952], [101.559, -0.953], [101.524, -0.916], [101.507, -0.906], [101.493, -0.885], [101.488, -0.886], [101.487, -0.876]]]}}, {"type": "Feature", "properties": {"domain_id": "1371011002", "name": "ALANG LAWEH"}, "geometry": {"type": "Polygon", "coordinates": [[[100.368, -0.951], [100.364, -0.951], [100.364, -0.957], [100.368, -0.951]]]}}, {"type": "Feature", "properties": {"domain_id": "1371041004", "name": "ULAK KARANG SELATAN"}, "geometry": {"type": "Polygon", "coordinates": [[[100.356, -0.91], [100.345, -0.912], [100.348, -0.918], [100.36, -0.916], [100.356, -0.91]]]}}, {"type": "Feature", "properties": {"domain_id": "1310112006", "name": "KOTO LAWEH"}, "geometry": {"type": "Polygon", "coordinates": [[[101.681, -1.251], [101.657, -1.267], [101.644, -1.266], [101.637, -1.258], [101.637, -1.289], [101.676, -1.28], [101.691, -1.26], [101.681, -1.251]]]}}, {"type": "Feature", "properties": {"domain_id": "1371061014", "name": "GATES NAN XX"}, "geometry": {"type": "Polygon", "coordinates": [[[100.399, -0.993], [100.379, -0.993], [100.392, -1.01], [100.379, -1.043], [100.41, -1.002], [100.399, -0.993]]]}}, {"type": "Feature", "properties": {"domain_id": "1371091005", "name": "KALUMBUK"}, "geometry": {"type": "Polygon", "coordinates": [[[100.391, -0.908], [100.381, -0.904], [100.385, -0.917], [100.393, -0.921], [100.405, -0.908], [100.396, -0.913], [100.391, -0.908]]]}}, {"type": "Feature", "properties": {"domain_id": "1371111009", "name": "LUBUK BUAYA"}, "geometry": {"type": "Polygon", "coordinates": [[[100.331, -0.84], [100.331, -0.827], [100.321, -0.812], [100.31, -0.819], [100.317, -0.836], [100.331, -0.84]]]}}, {"type": "Feature", "properties": {"domain_id": "1373042008", "name": "SIJANTANG KOTO"}, "geometry": {"type": "Polygon", "coordinates": [[[100.765, -0.606], [100.751, -0.6], [100.75, -0.624], [100.764, -0.614], [100.765, -0.606]]]}}, {"type": "Feature", "properties": {"domain_id": "1373022007", "name": "KOLOK NAN TUO"}, "geometry": {"type": "Polygon", "coordinates": [[[100.716, -0.594], [100.7, -0.598], [100.702, -0.611], [100.693, -0.623], [100.706, -0.628], [100.75, -0.624], [100.748, -0.614], [100.732, -0.6], [100.716, -0.594]]]}}, {"type": "Feature", "properties": {"domain_id": "1374011004", "name": "NGALAU"}, "geometry": {"type": "Polygon", "coordinates": [[[100.414, -0.467], [100.409, -0.466], [100.415, -0.478], [100.424, -0.48], [100.422, -0.469], [100.414, -0.467]]]}}, {"type": "Feature", "properties": {"domain_id": "1374021006", "name": "PASAR BARU"}, "geometry": {"type": "Polygon", "coordinates": [[[100.401, -0.463], [100.399, -0.465], [100.4, -0.467], [100.401, -0.463]]]}}, {"type": "Feature", "properties": {"domain_id": "1376021002", "name": "NAPAR"}, "geometry": {"type": "Polygon", "coordinates": [[[100.625, -0.202], [100.615, -0.211], [100.62, -0.216], [100.627, -0.215], [100.625, -0.202]]]}}, {"type": "Feature", "properties": {"domain_id": "1375011007", "name": "BUKIK APIK PUHUN"}, "geometry": {"type": "Polygon", "coordinates": [[[100.356, -0.295], [100.348, -0.291], [100.342, -0.295], [100.358, -0.305], [100.366, -0.302], [100.356, -0.295]]]}}, {"type": "Feature", "properties": {"domain_id": "1375021005", "name": "PUHUN PINTU KABUN"}, "geometry": {"type": "Polygon", "coordinates": [[[100.354, -0.281], [100.336, -0.271], [100.333, -0.28], [100.342, -0.293], [100.369, -0.294], [100.354, -0.281]]]}}, {"type": "Feature", "properties": {"domain_id": "1376011033", "name": "PADANGTONGAH BALAINANDUO"}, "geometry": {"type": "Polygon", "coordinates": [[[100.629, -0.232], [100.623, -0.228], [100.617, -0.236], [100.629, -0.232]]]}}, {"type": "Feature", "properties": {"domain_id": "1376031003", "name": "PADANG TANGAH PAYOBADAR"}, "geometry": {"type": "Polygon", "coordinates": [[[100.659, -0.229], [100.646, -0.235], [100.655, -0.246], [100.659, -0.229]]]}}, {"type": "Feature", "properties": {"domain_id": "1301052019", "name": "PAINAN SELATAN PAINAN"}, "geometry": {"type": "Polygon", "coordinates": [[[100.625, -1.337], [100.61, -1.336], [100.577, -1.351], [100.606, -1.368], [100.645, -1.372], [100.664, -1.366], [100.673, -1.344], [100.65, -1.345], [100.625, -1.337]]]}}, {"type": "Feature", "properties": {"domain_id": "1377032009", "name": "SIMPANG"}, "geometry": {"type": "Polygon", "coordinates": [[[100.169, -0.625], [100.166, -0.622], [100.162, -0.629], [100.169, -0.625]]]}}, {"type": "Feature", "properties": {"domain_id": "1377032017", "name": "MARUNGGI"}, "geometry": {"type": "Polygon", "coordinates": [[[100.155, -0.644], [100.141, -0.658], [100.151, -0.668], [100.164, -0.651], [100.155, -0.644]]]}}, {"type": "Feature", "properties": {"domain_id": "1377032021", "name": "RAMBAI"}, "geometry": {"type": "Polygon", "coordinates": [[[100.179, -0.618], [100.162, -0.622], [100.186, -0.624], [100.184, -0.619], [100.178, -0.622], [100.179, -0.618]]]}}, {"type": "Feature", "properties": {"domain_id": "1377042014", "name": "KAMPUNG KANDANG"}, "geometry": {"type": "Polygon", "coordinates": [[[100.165, -0.615], [100.163, -0.61], [100.155, -0.617], [100.157, -0.626], [100.165, -0.615]]]}}, {"type": "Feature", "properties": {"domain_id": "1301092002", "name": "AIR HAJI"}, "geometry": {"type": "Polygon", "coordinates": [[[100.891, -1.916], [100.883, -1.895], [100.869, -1.901], [100.88, -1.923], [100.891, -1.916]]]}}, {"type": "Feature", "properties": {"domain_id": "1301092011", "name": "AIR HAJI BARAT"}, "geometry": {"type": "Polygon", "coordinates": [[[100.898, -1.932], [100.883, -1.921], [100.877, -1.929], [100.871, -1.926], [100.869, -1.958], [100.894, -1.954], [100.886, -1.937], [100.898, -1.932]]]}}, {"type": "Feature", "properties": {"domain_id": "1304102002", "name": "SITUMBUK"}, "geometry": {"type": "Polygon", "coordinates": [[[100.613, -0.345], [100.596, -0.34], [100.564, -0.365], [100.567, -0.371], [100.587, -0.371], [100.598, -0.348], [100.613, -0.345]]]}}, {"type": "Feature", "properties": {"domain_id": "1310042002", "name": "SIGUNTUR"}, "geometry": {"type": "Polygon", "coordinates": [[[101.564, -0.912], [101.494, -0.877], [101.484, -0.879], [101.559, -0.951], [101.538, -0.952], [101.534, -0.961], [101.557, -0.978], [101.563, -0.976], [101.573, -0.993], [101.59, -0.999], [101.588, -0.981], [101.592, -0.986], [101.599, -0.983], [101.6, -0.968], [101.604, -0.982], [101.611, -0.979], [101.615, -0.969], [101.605, -0.951], [101.622, -0.94], [101.564, -0.912]]]}}, {"type": "Feature", "properties": {"domain_id": "1301052018", "name": "GUNUNG BUNGKUAK LUMPO"}, "geometry": {"type": "Polygon", "coordinates": [[[100.574, -1.278], [100.556, -1.276], [100.551, -1.295], [100.57, -1.3], [100.574, -1.278]]]}}, {"type": "Feature", "properties": {"domain_id": "1307072001", "name": "MUARO PAITI"}, "geometry": {"type": "Polygon", "coordinates": [[[100.603, 0.247], [100.588, 0.252], [100.579, 0.283], [100.533, 0.241], [100.53, 0.223], [100.551, 0.204], [100.567, 0.226], [100.603, 0.247]]]}}, {"type": "Feature", "properties": {"domain_id": "1301042004", "name": "KOTO NAN DUO IV KOTO HILIE"}, "geometry": {"type": "MultiPolygon", "coordinates": [[[[100.573, -1.395], [100.564, -1.398], [100.56, -1.411], [100.581, -1.415], [100.584, -1.422], [100.561, -1.441], [100.586, -1.47], [100.598, -1.453], [100.598, -1.442], [100.591, -1.44], [100.593, -1.419], [100.573, -1.395]]], [[[100.439, -1.503], [100.44, -1.501], [100.437, -1.498], [100.439, -1.503]]], [[[100.556, -1.407], [100.557, -1.407], [100.555, -1.408], [100.556, -1.407]]], [[[100.493, -1.406], [100.49, -1.409], [100.492, -1.412], [100.493, -1.406]]], [[[100.493, -1.402], [100.493, -1.401], [100.492, -1.401], [100.493, -1.402]]], [[[100.492, -1.398], [100.491, -1.39], [100.483, -1.387], [100.492, -1.398]]]]}}, {"type": "Feature", "properties": {"domain_id": "1301052011", "name": "TARATAK TANGAH LUMPO"}, "geometry": {"type": "Polygon", "coordinates": [[[100.615, -1.283], [100.604, -1.266], [100.597, -1.225], [100.589, -1.232], [100.595, -1.284], [100.601, -1.295], [100.613, -1.293], [100.615, -1.283]]]}}, {"type": "Feature", "properties": {"domain_id": "1301072019", "name": "SUNGAI NYALO MUDIAK AIA"}, "geometry": {"type": "MultiPolygon", "coordinates": [[[[100.457, -1.149], [100.419, -1.154], [100.38, -1.178], [100.386, -1.184], [100.401, -1.182], [100.399, -1.19], [100.411, -1.198], [100.419, -1.182], [100.433, -1.179], [100.457, -1.149]]], [[[100.395, -1.197], [100.393, -1.197], [100.395, -1.198], [100.395, -1.197]]]]}}, {"type": "Feature", "properties": {"domain_id": "1301132001", "name": "INDERAPURA UTARA"}, "geometry": {"type": "Polygon", "coordinates": [[[101.134, -1.803], [101.131, -1.709], [101.091, -1.753], [101.097, -1.769], [101.107, -1.776], [101.104, -1.796], [101.118, -1.815], [101.108, -1.853], [101.06, -1.856], [101.034, -1.879], [100.999, -1.889], [100.973, -1.921], [100.959, -1.923], [100.968, -1.97], [100.981, -1.985], [100.98, -2.004], [100.999, -1.983], [101.028, -1.979], [101.05, -1.936], [101.076, -1.909], [101.138, -1.88], [101.134, -1.803]]]}}, {"type": "Feature", "properties": {"domain_id": "1303032005", "name": "LANGKI"}, "geometry": {"type": "Polygon", "coordinates": [[[101.191, -0.839], [101.165, -0.837], [101.142, -0.844], [101.148, -0.854], [101.141, -0.884], [101.147, -0.94], [101.142, -0.962], [101.204, -0.95], [101.211, -0.941], [101.208, -0.924], [101.217, -0.921], [101.21, -0.91], [101.23, -0.901], [101.239, -0.86], [101.208, -0.841], [101.191, -0.839]]]}}, {"type": "Feature", "properties": {"domain_id": "1303032007", "name": "TANJUNG LOLO"}, "geometry": {"type": "Polygon", "coordinates": [[[101.245, -0.754], [101.219, -0.74], [101.215, -0.753], [101.198, -0.757], [101.182, -0.736], [101.159, -0.736], [101.148, -0.748], [101.158, -0.766], [101.158, -0.781], [101.184, -0.806], [101.191, -0.839], [101.208, -0.841], [101.239, -0.86], [101.256, -0.819], [101.264, -0.781], [101.26, -0.766], [101.245, -0.754]]]}}, {"type": "Feature", "properties": {"domain_id": "1303092007", "name": "KUMANIS"}, "geometry": {"type": "Polygon", "coordinates": [[[100.835, -0.545], [100.826, -0.538], [100.814, -0.54], [100.804, -0.566], [100.813, -0.583], [100.848, -0.567], [100.839, -0.563], [100.843, -0.552], [100.835, -0.545]]]}}, {"type": "Feature", "properties": {"domain_id": "1303082007", "name": "PADANG LAWEH SELATAN"}, "geometry": {"type": "Polygon", "coordinates": [[[100.936, -0.643], [100.935, -0.623], [100.929, -0.623], [100.921, -0.609], [100.901, -0.636], [100.909, -0.656], [100.898, -0.671], [100.903, -0.677], [100.899, -0.682], [100.918, -0.683], [100.921, -0.678], [100.91, -0.677], [100.917, -0.676], [100.913, -0.674], [100.92, -0.666], [100.917, -0.66], [100.928, -0.657], [100.936, -0.643]]]}}, {"type": "Feature", "properties": {"domain_id": "1304032005", "name": "RAMBATAN"}, "geometry": {"type": "Polygon", "coordinates": [[[100.589, -0.511], [100.594, -0.499], [100.585, -0.476], [100.54, -0.476], [100.562, -0.507], [100.589, -0.511]]]}}, {"type": "Feature", "properties": {"domain_id": "1304132004", "name": "LUBUAK JANTAN"}, "geometry": {"type": "Polygon", "coordinates": [[[100.829, -0.4], [100.821, -0.405], [100.813, -0.4], [100.796, -0.412], [100.788, -0.404], [100.76, -0.4], [100.74, -0.415], [100.742, -0.429], [100.721, -0.434], [100.716, -0.441], [100.72, -0.454], [100.751, -0.457], [100.77, -0.449], [100.769, -0.44], [100.792, -0.456], [100.814, -0.442], [100.843, -0.443], [100.849, -0.427], [100.829, -0.4]]]}}, {"type": "Feature", "properties": {"domain_id": "1305042003", "name": "LUBUK PANDAN"}, "geometry": {"type": "Polygon", "coordinates": [[[100.319, -0.592], [100.279, -0.586], [100.273, -0.606], [100.263, -0.61], [100.266, -0.617], [100.261, -0.62], [100.268, -0.623], [100.26, -0.621], [100.26, -0.627], [100.265, -0.629], [100.284, -0.61], [100.312, -0.619], [100.322, -0.605], [100.319, -0.592]]]}}, {"type": "Feature", "properties": {"domain_id": "1371021002", "name": "JATI BARU"}, "geometry": {"type": "Polygon", "coordinates": [[[100.366, -0.943], [100.366, -0.93], [100.361, -0.931], [100.362, -0.944], [100.366, -0.943]]]}}, {"type": "Feature", "properties": {"domain_id": "1305062003", "name": "CAMPAGO BARAT"}, "geometry": {"type": "Polygon", "coordinates": [[[100.13, -0.51], [100.12, -0.505], [100.12, -0.513], [100.103, -0.524], [100.11, -0.535], [100.104, -0.55], [100.124, -0.533], [100.125, -0.514], [100.13, -0.51]]]}}, {"type": "Feature", "properties": {"domain_id": "1305162006", "name": "KAMPUANG TANJUANG KOTO MAMBANG SUNGAI DURIAN"}, "geometry": {"type": "Polygon", "coordinates": [[[100.272, -0.552], [100.267, -0.54], [100.26, -0.54], [100.244, -0.543], [100.24, -0.556], [100.257, -0.568], [100.272, -0.552]]]}}, {"type": "Feature", "properties": {"domain_id": "1305172004", "name": "PARIT MALINTANG"}, "geometry": {"type": "Polygon", "coordinates": [[[100.316, -0.626], [100.323, -0.607], [100.312, -0.619], [100.284, -0.61], [100.262, -0.638], [100.275, -0.64], [100.281, -0.654], [100.308, -0.643], [100.316, -0.626]]]}}, {"type": "Feature", "properties": {"domain_id": "1306042006", "name": "PANTA PAUAH"}, "geometry": {"type": "Polygon", "coordinates": [[[100.314, -0.279], [100.303, -0.28], [100.298, -0.295], [100.272, -0.308], [100.263, -0.33], [100.253, -0.336], [100.26, -0.349], [100.276, -0.336], [100.276, -0.32], [100.288, -0.32], [100.298, -0.303], [100.302, -0.305], [100.313, -0.294], [100.314, -0.279]]]}}, {"type": "Feature", "properties": {"domain_id": "1306162001", "name": "MALALAK UTARA"}, "geometry": {"type": "Polygon", "coordinates": [[[100.277, -0.356], [100.258, -0.354], [100.233, -0.396], [100.264, -0.41], [100.263, -0.418], [100.269, -0.418], [100.277, -0.356]]]}}, {"type": "Feature", "properties": {"domain_id": "1307012005", "name": "LIMBANANG"}, "geometry": {"type": "Polygon", "coordinates": [[[100.489, -0.07], [100.474, -0.062], [100.462, -0.065], [100.484, -0.09], [100.488, -0.107], [100.481, -0.115], [100.496, -0.134], [100.504, -0.13], [100.516, -0.096], [100.495, -0.098], [100.489, -0.07]]]}}, {"type": "Feature", "properties": {"domain_id": "1306122002", "name": "SUNGAI PUA"}, "geometry": {"type": "Polygon", "coordinates": [[[100.472, -0.385], [100.457, -0.372], [100.429, -0.366], [100.416, -0.339], [100.394, -0.353], [100.435, -0.382], [100.471, -0.391], [100.472, -0.385]]]}}, {"type": "Feature", "properties": {"domain_id": "1306162003", "name": "MALALAK SELATAN"}, "geometry": {"type": "Polygon", "coordinates": [[[100.316, -0.433], [100.318, -0.421], [100.33, -0.409], [100.273, -0.427], [100.269, -0.418], [100.263, -0.418], [100.244, -0.46], [100.244, -0.472], [100.264, -0.479], [100.284, -0.471], [100.29, -0.455], [100.316, -0.433]]]}}, {"type": "Feature", "properties": {"domain_id": "1307032006", "name": "TAEH BARUAH"}, "geometry": {"type": "Polygon", "coordinates": [[[100.602, -0.163], [100.589, -0.137], [100.568, -0.14], [100.581, -0.167], [100.594, -0.175], [100.602, -0.163]]]}}, {"type": "Feature", "properties": {"domain_id": "1310072004", "name": "PULAU MAINAN"}, "geometry": {"type": "Polygon", "coordinates": [[[101.829, -1.107], [101.815, -1.102], [101.811, -1.093], [101.81, -1.109], [101.798, -1.113], [101.8, -1.12], [101.819, -1.122], [101.82, -1.131], [101.828, -1.133], [101.847, -1.126], [101.854, -1.137], [101.854, -1.129], [101.87, -1.134], [101.829, -1.107]]]}}, {"type": "Feature", "properties": {"domain_id": "1308182001", "name": "KOTO NOPAN"}, "geometry": {"type": "Polygon", "coordinates": [[[99.926, 0.884], [99.871, 0.907], [99.839, 0.892], [99.831, 0.88], [99.841, 0.852], [99.838, 0.821], [99.85, 0.791], [99.843, 0.781], [99.848, 0.763], [99.835, 0.757], [99.825, 0.736], [99.835, 0.711], [99.831, 0.696], [99.851, 0.684], [99.913, 0.687], [99.918, 0.709], [99.951, 0.73], [99.958, 0.741], [99.958, 0.755], [99.97, 0.76], [99.978, 0.76], [99.982, 0.745], [99.994, 0.745], [100.008, 0.733], [100.035, 0.739], [100.056, 0.755], [100.065, 0.801], [100.01, 0.84], [99.967, 0.851], [99.951, 0.88], [99.926, 0.884]]]}}, {"type": "Feature", "properties": {"domain_id": "1308182003", "name": "LANGUANG"}, "geometry": {"type": "Polygon", "coordinates": [[[100.101, 0.663], [100.078, 0.66], [100.069, 0.648], [100.054, 0.646], [100.056, 0.64], [100.036, 0.64], [100.029, 0.63], [100.002, 0.624], [99.981, 0.637], [99.963, 0.637], [99.978, 0.613], [99.993, 0.605], [100.001, 0.589], [100.021, 0.585], [100.032, 0.57], [100.055, 0.573], [100.077, 0.595], [100.085, 0.593], [100.097, 0.602], [100.122, 0.598], [100.117, 0.649], [100.101, 0.663]]]}}, {"type": "Feature", "properties": {"domain_id": "1309022006", "name": "SIOBAN"}, "geometry": {"type": "MultiPolygon", "coordinates": [[[[99.717, -2.158], [99.694, -2.159], [99.698, -2.179], [99.681, -2.182], [99.678, -2.198], [99.705, -2.198], [99.738, -2.213], [99.732, -2.198], [99.736, -2.188], [99.721, -2.183], [99.726, -2.175], [99.715, -2.167], [99.717, -2.158]]]]}}, {"type": "Feature", "properties": {"domain_id": "1309042003", "name": "BOJAKAN"}, "geometry": {"type": "Polygon", "coordinates": [[[98.845, -1.169], [98.835, -1.159], [98.834, -1.168], [98.826, -1.17], [98.829, -1.176], [98.812, -1.17], [98.798, -1.18], [98.818, -1.212], [98.821, -1.235], [98.831, -1.245], [98.811, -1.267], [98.823, -1.305], [98.801, -1.323], [98.8, -1.335], [98.788, -1.337], [98.766, -1.361], [98.789, -1.377], [98.802, -1.411], [98.824, -1.399], [98.825, -1.391], [98.833, -1.391], [98.826, -1.357], [98.86, -1.355], [98.856, -1.332], [98.898, -1.34], [98.921, -1.322], [98.939, -1.321], [98.933, -1.308], [98.939, -1.306], [98.943, -1.287], [98.93, -1.272], [98.923, -1.277], [98.915, -1.261], [98.92, -1.26], [98.915, -1.25], [98.924, -1.242], [98.924, -1.225], [98.911, -1.224], [98.91, -1.213], [98.889, -1.202], [98.88, -1.186], [98.845, -1.169]]]}}, {"type": "Feature", "properties": {"domain_id": "1309042005", "name": "MONGAN POULA"}, "geometry": {"type": "Polygon", "coordinates": [[[98.993, -1.163], [98.95, -1.133], [98.927, -1.127], [98.915, -1.134], [98.932, -1.147], [98.939, -1.171], [98.952, -1.181], [98.949, -1.191], [98.961, -1.202], [98.973, -1.2], [98.998, -1.177], [98.993, -1.163]]]}}, {"type": "Feature", "properties": {"domain_id": "1309102002", "name": "BULASAT"}, "geometry": {"type": "MultiPolygon", "coordinates": [[[[100.325, -3.019], [100.303, -3.019], [100.283, -3.043], [100.257, -3.052], [100.249, -3.063], [100.26, -3.061], [100.263, -3.068], [100.248, -3.074], [100.248, -3.081], [100.268, -3.091], [100.269, -3.08], [100.278, -3.077], [100.303, -3.089], [100.314, -3.106], [100.309, -3.115], [100.325, -3.12], [100.323, -3.127], [100.332, -3.131], [100.332, -3.142], [100.341, -3.142], [100.334, -3.148], [100.341, -3.163], [100.325, -3.172], [100.33, -3.183], [100.342, -3.192], [100.34, -3.201], [100.357, -3.221], [100.37, -3.228], [100.348, -3.229], [100.326, -3.208], [100.327, -3.23], [100.337, -3.233], [100.335, -3.244], [100.343, -3.249], [100.357, -3.244], [100.375, -3.252], [100.382, -3.262], [100.378, -3.266], [100.38, -3.288], [100.417, -3.309], [100.42, -3.324], [100.44, -3.345], [100.465, -3.347], [100.461, -3.336], [100.445, -3.323], [100.444, -3.312], [100.43, -3.303], [100.401, -3.267], [100.4, -3.25], [100.383, -3.233], [100.386, -3.225], [100.378, -3.222], [100.376, -3.208], [100.365, -3.199], [100.366, -3.184], [100.348, -3.156], [100.352, -3.126], [100.367, -3.1], [100.353, -3.086], [100.35, -3.067], [100.362, -3.065], [100.363, -3.056], [100.336, -3.036], [100.325, -3.019]]], [[[100.337, -3.284], [100.33, -3.286], [100.332, -3.291], [100.348, -3.297], [100.349, -3.291], [100.337, -3.284]]], [[[100.356, -3.229], [100.356, -3.228], [100.355, -3.228], [100.356, -3.229]]], [[[100.359, -3.228], [100.361, -3.228], [100.36, -3.227], [100.359, -3.228]]], [[[100.357, -3.223], [100.357, -3.224], [100.359, -3.224], [100.357, -3.223]]], [[[100.357, -3.223], [100.356, -3.224], [100.357, -3.224], [100.357, -3.223]]], [[[100.349, -3.219], [100.349, -3.224], [100.354, -3.224], [100.349, -3.219]]], [[[100.353, -3.218], [100.355, -3.224], [100.356, -3.221], [100.353, -3.218]]], [[[100.299, -3.209], [100.294, -3.211], [100.3, -3.217], [100.299, -3.209]]], [[[100.307, -3.123], [100.296, -3.124], [100.309, -3.141], [100.312, -3.129], [100.307, -3.123]]], [[[100.247, -3.126], [100.239, -3.122], [100.243, -3.126], [100.247, -3.126]]], [[[100.232, -3.118], [100.231, -3.119], [100.236, -3.119], [100.232, -3.118]]], [[[100.246, -3.066], [100.244, -3.066], [100.244, -3.07], [100.246, -3.066]]], [[[100.274, -3.0], [100.272, -2.991], [100.273, -3.002], [100.274, -3.0]]]]}}, {"type": "Feature", "properties": {"domain_id": "1310012008", "name": "KOTO PADANG"}, "geometry": {"type": "Polygon", "coordinates": [[[101.695, -1.092], [101.682, -1.064], [101.673, -1.058], [101.672, -1.042], [101.646, -1.046], [101.631, -1.058], [101.628, -1.073], [101.609, -1.082], [101.609, -1.095], [101.587, -1.102], [101.545, -1.127], [101.539, -1.138], [101.511, -1.15], [101.523, -1.158], [101.547, -1.143], [101.551, -1.157], [101.561, -1.142], [101.557, -1.135], [101.564, -1.133], [101.564, -1.122], [101.616, -1.131], [101.676, -1.124], [101.7, -1.112], [101.695, -1.092]]]}}, {"type": "Feature", "properties": {"domain_id": "1310072001", "name": "KOTO SALAK"}, "geometry": {"type": "Polygon", "coordinates": [[[101.781, -1.109], [101.773, -1.097], [101.75, -1.101], [101.744, -1.158], [101.756, -1.178], [101.788, -1.204], [101.796, -1.223], [101.802, -1.222], [101.817, -1.217], [101.84, -1.187], [101.827, -1.174], [101.815, -1.173], [101.816, -1.153], [101.801, -1.154], [101.789, -1.148], [101.787, -1.137], [101.793, -1.136], [101.784, -1.13], [101.789, -1.126], [101.775, -1.116], [101.781, -1.109]]]}}, {"type": "Feature", "properties": {"domain_id": "1310102005", "name": "SINAMAR"}, "geometry": {"type": "Polygon", "coordinates": [[[101.637, -1.297], [101.627, -1.296], [101.615, -1.31], [101.602, -1.303], [101.592, -1.315], [101.597, -1.349], [101.612, -1.35], [101.646, -1.367], [101.647, -1.373], [101.672, -1.389], [101.657, -1.391], [101.646, -1.403], [101.656, -1.408], [101.694, -1.405], [101.695, -1.394], [101.718, -1.372], [101.703, -1.362], [101.7, -1.346], [101.675, -1.348], [101.672, -1.331], [101.688, -1.324], [101.694, -1.303], [101.68, -1.31], [101.67, -1.303], [101.661, -1.31], [101.662, -1.302], [101.637, -1.297]]]}}, {"type": "Feature", "properties": {"domain_id": "1371041006", "name": "ALAI PARAK KOPI"}, "geometry": {"type": "Polygon", "coordinates": [[[100.379, -0.929], [100.373, -0.917], [100.361, -0.923], [100.361, -0.931], [100.37, -0.929], [100.374, -0.937], [100.379, -0.929]]]}}, {"type": "Feature", "properties": {"domain_id": "1371061013", "name": "PAMPANGAN NAN XX"}, "geometry": {"type": "Polygon", "coordinates": [[[100.391, -0.975], [100.385, -0.973], [100.382, -0.99], [100.391, -0.996], [100.399, -0.993], [100.391, -0.975]]]}}, {"type": "Feature", "properties": {"domain_id": "1371071001", "name": "INDARUNG"}, "geometry": {"type": "Polygon", "coordinates": [[[100.565, -0.903], [100.564, -0.894], [100.54, -0.894], [100.532, -0.899], [100.516, -0.937], [100.469, -0.941], [100.457, -0.962], [100.476, -0.955], [100.481, -0.962], [100.494, -0.956], [100.507, -0.958], [100.526, -0.981], [100.527, -0.964], [100.539, -0.958], [100.544, -0.939], [100.565, -0.903]]]}}, {"type": "Feature", "properties": {"domain_id": "1371101004", "name": "GURUN LAWEH"}, "geometry": {"type": "Polygon", "coordinates": [[[100.382, -0.9], [100.372, -0.908], [100.385, -0.917], [100.382, -0.9]]]}}, {"type": "Feature", "properties": {"domain_id": "1373032005", "name": "TARATAK BONCAH"}, "geometry": {"type": "Polygon", "coordinates": [[[100.802, -0.719], [100.783, -0.719], [100.78, -0.731], [100.785, -0.741], [100.775, -0.756], [100.78, -0.765], [100.81, -0.773], [100.807, -0.746], [100.812, -0.736], [100.802, -0.719]]]}}, {"type": "Feature", "properties": {"domain_id": "1375021006", "name": "PULAI ANAK AIR"}, "geometry": {"type": "Polygon", "coordinates": [[[100.389, -0.302], [100.376, -0.299], [100.386, -0.309], [100.389, -0.302]]]}}, {"type": "Feature", "properties": {"domain_id": "1375031005", "name": "KUBU TANJUNG"}, "geometry": {"type": "Polygon", "coordinates": [[[100.404, -0.314], [100.395, -0.314], [100.408, -0.322], [100.404, -0.314]]]}}, {"type": "Feature", "properties": {"domain_id": "1376041001", "name": "SUNGAI DURIAN"}, "geometry": {"type": "Polygon", "coordinates": [[[100.606, -0.193], [100.598, -0.202], [100.619, -0.2], [100.606, -0.193]]]}}, {"type": "Feature", "properties": {"domain_id": "1376051005", "name": "BALAI PANJANG"}, "geometry": {"type": "Polygon", "coordinates": [[[100.613, -0.259], [100.595, -0.256], [100.593, -0.26], [100.602, -0.27], [100.612, -0.268], [100.613, -0.259]]]}}, {"type": "Feature", "properties": {"domain_id": "1377012021", "name": "CIMPARUH"}, "geometry": {"type": "Polygon", "coordinates": [[[100.143, -0.619], [100.136, -0.625], [100.145, -0.638], [100.151, -0.627], [100.143, -0.619]]]}}, {"type": "Feature", "properties": {"domain_id": "1377022016", "name": "BALAI NARAS"}, "geometry": {"type": "Polygon", "coordinates": [[[100.102, -0.571], [100.093, -0.573], [100.097, -0.581], [100.106, -0.578], [100.102, -0.571]]]}}, {"type": "Feature", "properties": {"domain_id": "1377032014", "name": "SUNGAI KASAI"}, "geometry": {"type": "Polygon", "coordinates": [[[100.163, -0.632], [100.156, -0.632], [100.157, -0.64], [100.165, -0.639], [100.163, -0.632]]]}}, {"type": "Feature", "properties": {"domain_id": "1301092013", "name": "RANTAU SIMALENANG AIR HAJI"}, "geometry": {"type": "Polygon", "coordinates": [[[101.118, -1.82], [101.115, -1.805], [101.104, -1.793], [101.107, -1.776], [101.098, -1.771], [101.082, -1.779], [101.037, -1.788], [100.98, -1.822], [100.918, -1.875], [100.925, -1.91], [100.909, -1.92], [100.907, -1.932], [100.914, -1.943], [100.932, -1.922], [100.971, -1.899], [101.023, -1.842], [101.05, -1.846], [101.068, -1.824], [101.118, -1.82]]]}}, {"type": "Feature", "properties": {"domain_id": "1301012009", "name": "SIMPANG LAMA INDERAPURA"}, "geometry": {"type": "Polygon", "coordinates": [[[100.955, -2.058], [100.951, -2.054], [100.945, -2.066], [100.949, -2.085], [100.975, -2.103], [100.982, -2.094], [100.969, -2.081], [100.974, -2.065], [100.955, -2.058]]]}}, {"type": "Feature", "properties": {"domain_id": "1301092010", "name": "PASAR BUKIT AIR HAJI"}, "geometry": {"type": "Polygon", "coordinates": [[[100.907, -1.932], [100.886, -1.937], [100.894, -1.954], [100.885, -1.958], [100.901, -1.958], [100.901, -1.979], [100.913, -1.981], [100.919, -1.978], [100.91, -1.954], [100.916, -1.946], [100.907, -1.932]]]}}, {"type": "Feature", "properties": {"domain_id": "1302122004", "name": "KUNCIR"}, "geometry": {"type": "Polygon", "coordinates": [[[100.683, -0.71], [100.675, -0.707], [100.664, -0.716], [100.64, -0.716], [100.63, -0.729], [100.642, -0.743], [100.683, -0.744], [100.699, -0.738], [100.696, -0.714], [100.683, -0.71]]]}}, {"type": "Feature", "properties": {"domain_id": "1301082003", "name": "AMPING PARAK"}, "geometry": {"type": "MultiPolygon", "coordinates": [[[[100.691, -1.615], [100.694, -1.607], [100.687, -1.593], [100.645, -1.615], [100.644, -1.621], [100.686, -1.661], [100.697, -1.651], [100.702, -1.662], [100.713, -1.654], [100.691, -1.615]]], [[[100.59, -1.721], [100.59, -1.72], [100.589, -1.72], [100.59, -1.721]]]]}}, {"type": "Feature", "properties": {"domain_id": "1301102017", "name": "LUNANG TENGAH"}, "geometry": {"type": "Polygon", "coordinates": [[[101.266, -2.145], [101.125, -2.218], [101.108, -2.215], [101.101, -2.229], [101.083, -2.235], [101.125, -2.238], [101.249, -2.18], [101.269, -2.168], [101.266, -2.145]]]}}, {"type": "Feature", "properties": {"domain_id": "1302072001", "name": "CUPAK"}, "geometry": {"type": "Polygon", "coordinates": [[[100.661, -0.857], [100.619, -0.869], [100.606, -0.882], [100.625, -0.886], [100.632, -0.896], [100.646, -0.892], [100.672, -0.901], [100.664, -0.889], [100.668, -0.882], [100.661, -0.857]]]}}, {"type": "Feature", "properties": {"domain_id": "1302032001", "name": "LOLO"}, "geometry": {"type": "Polygon", "coordinates": [[[100.901, -1.171], [100.873, -1.156], [100.839, -1.192], [100.798, -1.2], [100.796, -1.222], [100.807, -1.23], [100.81, -1.244], [100.8, -1.257], [100.799, -1.278], [100.811, -1.276], [100.821, -1.282], [100.846, -1.252], [100.874, -1.241], [100.894, -1.223], [100.939, -1.199], [100.901, -1.171]]]}}, {"type": "Feature", "properties": {"domain_id": "1302102002", "name": "SELAYO"}, "geometry": {"type": "Polygon", "coordinates": [[[100.642, -0.797], [100.607, -0.807], [100.598, -0.797], [100.593, -0.807], [100.568, -0.816], [100.611, -0.82], [100.617, -0.835], [100.61, -0.849], [100.615, -0.857], [100.628, -0.849], [100.639, -0.831], [100.633, -0.824], [100.655, -0.817], [100.65, -0.806], [100.642, -0.805], [100.642, -0.797]]]}}, {"type": "Feature", "properties": {"domain_id": "1302032002", "name": "SURIAN"}, "geometry": {"type": "Polygon", "coordinates": [[[101.006, -1.286], [100.985, -1.252], [100.939, -1.199], [100.894, -1.223], [100.874, -1.241], [100.846, -1.252], [100.821, -1.282], [100.837, -1.305], [100.857, -1.297], [100.89, -1.329], [100.895, -1.304], [100.91, -1.29], [100.939, -1.284], [100.973, -1.299], [100.984, -1.313], [101.003, -1.304], [101.006, -1.286]]]}}, {"type": "Feature", "properties": {"domain_id": "1302122002", "name": "TANJUNG BALIK"}, "geometry": {"type": "Polygon", "coordinates": [[[100.7, -0.615], [100.672, -0.611], [100.652, -0.636], [100.639, -0.639], [100.635, -0.65], [100.63, -0.646], [100.623, -0.668], [100.661, -0.658], [100.672, -0.665], [100.672, -0.657], [100.68, -0.652], [100.685, -0.661], [100.697, -0.652], [100.688, -0.632], [100.7, -0.615]]]}}, {"type": "Feature", "properties": {"domain_id": "1303052001", "name": "PALANGKI"}, "geometry": {"type": "Polygon", "coordinates": [[[100.894, -0.705], [100.887, -0.71], [100.898, -0.735], [100.905, -0.741], [100.916, -0.738], [100.908, -0.73], [100.923, -0.728], [100.929, -0.719], [100.894, -0.705]]]}}, {"type": "Feature", "properties": {"domain_id": "1303062006", "name": "KUNANGAN PARIK RANTANG"}, "geometry": {"type": "Polygon", "coordinates": [[[101.451, -0.849], [101.405, -0.803], [101.399, -0.805], [101.391, -0.836], [101.358, -0.808], [101.328, -0.795], [101.32, -0.8], [101.333, -0.822], [101.333, -0.839], [101.343, -0.848], [101.343, -0.874], [101.361, -0.89], [101.423, -0.876], [101.406, -0.89], [101.414, -0.899], [101.419, -0.895], [101.426, -0.9], [101.454, -0.858], [101.451, -0.849]]]}}, {"type": "Feature", "properties": {"domain_id": "1303102003", "name": "PADANG SIBUSUK"}, "geometry": {"type": "Polygon", "coordinates": [[[100.866, -0.704], [100.828, -0.691], [100.794, -0.696], [100.804, -0.707], [100.8, -0.717], [100.805, -0.723], [100.819, -0.706], [100.824, -0.711], [100.833, -0.709], [100.836, -0.723], [100.85, -0.723], [100.866, -0.704]]]}}, {"type": "Feature", "properties": {"domain_id": "1304012008", "name": "PANDAI SIKEK"}, "geometry": {"type": "Polygon", "coordinates": [[[100.399, -0.385], [100.334, -0.395], [100.332, -0.405], [100.337, -0.411], [100.373, -0.42], [100.374, -0.411], [100.401, -0.41], [100.399, -0.385]]]}}, {"type": "Feature", "properties": {"domain_id": "1305112005", "name": "TOBOH GADANG TIMUR"}, "geometry": {"type": "Polygon", "coordinates": [[[100.25, -0.648], [100.239, -0.669], [100.249, -0.678], [100.253, -0.669], [100.25, -0.648]]]}}, {"type": "Feature", "properties": {"domain_id": "1305012002", "name": "PUNGGUANG KASIAK LUBUK ALUNG"}, "geometry": {"type": "Polygon", "coordinates": [[[100.275, -0.678], [100.256, -0.679], [100.268, -0.693], [100.261, -0.703], [100.274, -0.708], [100.281, -0.704], [100.286, -0.683], [100.275, -0.678]]]}}, {"type": "Feature", "properties": {"domain_id": "1305022002", "name": "KASANG"}, "geometry": {"type": "Polygon", "coordinates": [[[100.382, -0.768], [100.315, -0.769], [100.308, -0.777], [100.314, -0.788], [100.298, -0.806], [100.366, -0.801], [100.382, -0.768]]]}}, {"type": "Feature", "properties": {"domain_id": "1305052001", "name": "BALAH AIE"}, "geometry": {"type": "MultiPolygon", "coordinates": [[[[100.19, -0.584], [100.185, -0.579], [100.179, -0.584], [100.188, -0.585], [100.189, -0.601], [100.175, -0.608], [100.182, -0.615], [100.204, -0.614], [100.19, -0.584]]], [[[100.21, -0.626], [100.212, -0.623], [100.207, -0.625], [100.21, -0.626]]]]}}, {"type": "Feature", "properties": {"domain_id": "1305152003", "name": "ANDURIANG"}, "geometry": {"type": "Polygon", "coordinates": [[[100.39, -0.542], [100.341, -0.542], [100.336, -0.56], [100.327, -0.561], [100.319, -0.576], [100.31, -0.577], [100.324, -0.61], [100.322, -0.618], [100.315, -0.62], [100.316, -0.626], [100.34, -0.632], [100.362, -0.667], [100.386, -0.666], [100.406, -0.673], [100.424, -0.66], [100.402, -0.653], [100.396, -0.632], [100.417, -0.621], [100.418, -0.569], [100.412, -0.561], [100.403, -0.564], [100.39, -0.542]]]}}, {"type": "Feature", "properties": {"domain_id": "1305062008", "name": "SIKUCUA BARAT"}, "geometry": {"type": "Polygon", "coordinates": [[[100.176, -0.411], [100.144, -0.438], [100.139, -0.449], [100.142, -0.47], [100.133, -0.489], [100.141, -0.489], [100.143, -0.484], [100.143, -0.491], [100.157, -0.477], [100.146, -0.474], [100.145, -0.465], [100.164, -0.452], [100.176, -0.411]]]}}, {"type": "Feature", "properties": {"domain_id": "1371021003", "name": "JATI"}, "geometry": {"type": "Polygon", "coordinates": [[[100.374, -0.936], [100.366, -0.93], [100.366, -0.943], [100.374, -0.936]]]}}, {"type": "Feature", "properties": {"domain_id": "1305172003", "name": "TOBOH KETEK"}, "geometry": {"type": "Polygon", "coordinates": [[[100.265, -0.606], [100.246, -0.601], [100.24, -0.621], [100.254, -0.626], [100.257, -0.612], [100.265, -0.606]]]}}, {"type": "Feature", "properties": {"domain_id": "1307042004", "name": "ANDALEH"}, "geometry": {"type": "Polygon", "coordinates": [[[100.696, -0.226], [100.686, -0.218], [100.684, -0.208], [100.675, -0.221], [100.685, -0.24], [100.687, -0.262], [100.694, -0.258], [100.696, -0.226]]]}}, {"type": "Feature", "properties": {"domain_id": "1306022005", "name": "MANGGOPOH"}, "geometry": {"type": "Polygon", "coordinates": [[[99.93, -0.224], [99.917, -0.224], [99.917, -0.235], [99.899, -0.256], [99.93, -0.3], [99.941, -0.338], [99.931, -0.337], [99.931, -0.346], [99.958, -0.367], [99.96, -0.38], [99.994, -0.38], [99.984, -0.371], [99.994, -0.36], [99.993, -0.338], [99.978, -0.328], [99.976, -0.314], [99.992, -0.301], [99.97, -0.272], [99.981, -0.249], [99.954, -0.249], [99.934, -0.241], [99.93, -0.224]]]}}, {"type": "Feature", "properties": {"domain_id": "1307052010", "name": "KOTO TUO"}, "geometry": {"type": "Polygon", "coordinates": [[[100.651, -0.16], [100.638, -0.173], [100.627, -0.169], [100.628, -0.184], [100.659, -0.188], [100.666, -0.169], [100.651, -0.16]]]}}, {"type": "Feature", "properties": {"domain_id": "1306032001", "name": "TANJUNG SANI"}, "geometry": {"type": "Polygon", "coordinates": [[[100.193, -0.304], [100.152, -0.303], [100.14, -0.312], [100.128, -0.31], [100.118, -0.298], [100.107, -0.308], [100.111, -0.316], [100.102, -0.321], [100.101, -0.335], [100.127, -0.336], [100.138, -0.348], [100.151, -0.348], [100.158, -0.363], [100.158, -0.394], [100.179, -0.414], [100.205, -0.417], [100.229, -0.401], [100.245, -0.373], [100.194, -0.372], [100.193, -0.304]]]}}, {"type": "Feature", "properties": {"domain_id": "1306132001", "name": "BATU KAMBING"}, "geometry": {"type": "Polygon", "coordinates": [[[100.124, -0.215], [100.108, -0.192], [100.031, -0.175], [100.031, -0.203], [100.061, -0.207], [100.088, -0.22], [100.124, -0.215]]]}}, {"type": "Feature", "properties": {"domain_id": "1306142001", "name": "CANDUANG KOTO LAWEH"}, "geometry": {"type": "Polygon", "coordinates": [[[100.472, -0.295], [100.459, -0.285], [100.443, -0.303], [100.484, -0.351], [100.486, -0.318], [100.472, -0.295]]]}}, {"type": "Feature", "properties": {"domain_id": "1307072006", "name": "SIALANG"}, "geometry": {"type": "Polygon", "coordinates": [[[100.446, 0.306], [100.313, 0.309], [100.309, 0.303], [100.32, 0.286], [100.316, 0.274], [100.334, 0.255], [100.338, 0.204], [100.347, 0.205], [100.353, 0.179], [100.353, 0.171], [100.329, 0.152], [100.327, 0.125], [100.321, 0.12], [100.324, 0.097], [100.316, 0.088], [100.33, 0.05], [100.339, 0.044], [100.364, 0.043], [100.394, 0.082], [100.387, 0.138], [100.394, 0.171], [100.405, 0.187], [100.483, 0.225], [100.464, 0.258], [100.445, 0.269], [100.449, 0.293], [100.446, 0.306]]]}}, {"type": "Feature", "properties": {"domain_id": "1307092002", "name": "BATU PAYUANG"}, "geometry": {"type": "Polygon", "coordinates": [[[100.78, -0.221], [100.773, -0.217], [100.759, -0.24], [100.726, -0.245], [100.703, -0.29], [100.735, -0.263], [100.796, -0.236], [100.78, -0.221]]]}}, {"type": "Feature", "properties": {"domain_id": "1308052003", "name": "DURIAN TINGGI"}, "geometry": {"type": "Polygon", "coordinates": [[[100.242, 0.141], [100.223, 0.152], [100.162, 0.126], [100.167, 0.119], [100.189, 0.119], [100.229, 0.141], [100.242, 0.141]]]}}, {"type": "Feature", "properties": {"domain_id": "1309022003", "name": "NEMNEMLELEU"}, "geometry": {"type": "Polygon", "coordinates": [[[99.813, -2.301], [99.8, -2.289], [99.782, -2.292], [99.785, -2.272], [99.78, -2.255], [99.754, -2.234], [99.717, -2.252], [99.685, -2.282], [99.699, -2.292], [99.727, -2.282], [99.74, -2.294], [99.751, -2.291], [99.764, -2.3], [99.775, -2.321], [99.792, -2.314], [99.791, -2.306], [99.813, -2.301]]]}}, {"type": "Feature", "properties": {"domain_id": "1310052003", "name": "KOTO NAN EMPAT DIBAWUH"}, "geometry": {"type": "Polygon", "coordinates": [[[101.417, -0.968], [101.413, -0.955], [101.407, -0.953], [101.404, -0.958], [101.398, -0.95], [101.403, -0.969], [101.397, -0.975], [101.376, -0.973], [101.353, -0.955], [101.337, -0.965], [101.318, -0.963], [101.305, -0.986], [101.307, -0.999], [101.329, -1.009], [101.345, -1.028], [101.349, -1.042], [101.376, -1.048], [101.417, -1.028], [101.424, -1.007], [101.437, -1.007], [101.441, -0.993], [101.421, -0.98], [101.417, -0.968]]]}}, {"type": "Feature", "properties": {"domain_id": "1308132003", "name": "BINJAI"}, "geometry": {"type": "Polygon", "coordinates": [[[100.135, -0.029], [100.131, -0.02], [100.116, -0.03], [100.074, -0.04], [100.053, -0.056], [100.03, -0.059], [100.038, -0.067], [100.033, -0.071], [100.012, -0.066], [100.016, -0.098], [100.032, -0.093], [100.039, -0.082], [100.063, -0.086], [100.092, -0.081], [100.108, -0.086], [100.118, -0.098], [100.141, -0.092], [100.138, -0.086], [100.144, -0.076], [100.132, -0.064], [100.135, -0.029]]]}}, {"type": "Feature", "properties": {"domain_id": "1310062002", "name": "TARATAK TINGGI"}, "geometry": {"type": "MultiPolygon", "coordinates": [[[[101.482, -0.839], [101.454, -0.834], [101.451, -0.849], [101.483, -0.87], [101.492, -0.866], [101.496, -0.856], [101.494, -0.845], [101.482, -0.839]]], [[[101.548, -0.854], [101.542, -0.848], [101.546, -0.856], [101.538, -0.874], [101.556, -0.883], [101.568, -0.863], [101.548, -0.854]]]]}}, {"type": "Feature", "properties": {"domain_id": "1310092002", "name": "BATU RIJAL"}, "geometry": {"type": "Polygon", "coordinates": [[[101.713, -1.006], [101.689, -1.003], [101.711, -1.02], [101.711, -1.028], [101.7, -1.027], [101.7, -1.033], [101.729, -1.034], [101.742, -1.047], [101.744, -1.038], [101.737, -1.035], [101.742, -1.014], [101.732, -1.012], [101.726, -1.024], [101.715, -1.019], [101.72, -1.01], [101.713, -1.006]]]}}, {"type": "Feature", "properties": {"domain_id": "1309032004", "name": "MUNTEI"}, "geometry": {"type": "Polygon", "coordinates": [[[99.164, -1.536], [99.138, -1.513], [99.109, -1.512], [99.1, -1.504], [99.096, -1.477], [99.084, -1.493], [99.064, -1.497], [99.054, -1.51], [99.055, -1.519], [99.093, -1.542], [99.106, -1.563], [99.104, -1.57], [99.111, -1.572], [99.118, -1.587], [99.141, -1.608], [99.163, -1.606], [99.168, -1.611], [99.191, -1.595], [99.2, -1.599], [99.198, -1.586], [99.182, -1.572], [99.182, -1.56], [99.164, -1.536]]]}}, {"type": "Feature", "properties": {"domain_id": "1311022005", "name": "PASAR MUARA LABUH"}, "geometry": {"type": "Polygon", "coordinates": [[[101.088, -1.468], [101.065, -1.47], [101.049, -1.484], [101.061, -1.475], [101.088, -1.468]]]}}, {"type": "Feature", "properties": {"domain_id": "1311022008", "name": "SAKO UTARA PASIA TALANG"}, "geometry": {"type": "Polygon", "coordinates": [[[101.037, -1.479], [100.975, -1.497], [100.983, -1.528], [101.038, -1.495], [101.047, -1.482], [101.037, -1.479]]]}}, {"type": "Feature", "properties": {"domain_id": "1311022004", "name": "SAKO PASIA TALANG"}, "geometry": {"type": "Polygon", "coordinates": [[[101.051, -1.489], [101.058, -1.481], [101.047, -1.482], [101.038, -1.495], [100.988, -1.529], [101.004, -1.551], [101.05, -1.497], [101.051, -1.489]]]}}, {"type": "Feature", "properties": {"domain_id": "1311052001", "name": "ABAI"}, "geometry": {"type": "Polygon", "coordinates": [[[101.515, -1.336], [101.526, -1.304], [101.466, -1.28], [101.458, -1.282], [101.454, -1.301], [101.42, -1.309], [101.414, -1.302], [101.377, -1.311], [101.37, -1.303], [101.354, -1.302], [101.332, -1.323], [101.327, -1.35], [101.383, -1.364], [101.444, -1.366], [101.462, -1.357], [101.48, -1.332], [101.501, -1.343], [101.515, -1.336]]]}}, {"type": "Feature", "properties": {"domain_id": "1371011005", "name": "BATANG ARAU"}, "geometry": {"type": "Polygon", "coordinates": [[[100.366, -0.962], [100.348, -0.964], [100.348, -0.969], [100.364, -0.969], [100.366, -0.962]]]}}, {"type": "Feature", "properties": {"domain_id": "1312102002", "name": "KAPA"}, "geometry": {"type": "Polygon", "coordinates": [[[99.799, 0.054], [99.802, 0.072], [99.795, 0.069], [99.753, 0.096], [99.744, 0.087], [99.724, 0.083], [99.719, 0.077], [99.724, 0.074], [99.706, 0.077], [99.716, 0.07], [99.707, 0.065], [99.733, 0.022], [99.729, 0.019], [99.737, 0.014], [99.777, 0.019], [99.779, 0.03], [99.801, 0.042], [99.799, 0.054]]]}}, {"type": "Feature", "properties": {"domain_id": "1371051001", "name": "BUNGUS TIMUR"}, "geometry": {"type": "Polygon", "coordinates": [[[100.438, -0.988], [100.424, -0.983], [100.411, -0.999], [100.42, -1.011], [100.416, -1.026], [100.425, -1.032], [100.444, -1.032], [100.464, -1.023], [100.484, -1.002], [100.475, -0.989], [100.448, -0.994], [100.438, -0.988]]]}}, {"type": "Feature", "properties": {"domain_id": "1371061003", "name": "TANAH SIRAH PIAI NAN XX"}, "geometry": {"type": "Polygon", "coordinates": [[[100.416, -0.947], [100.405, -0.946], [100.411, -0.957], [100.416, -0.947]]]}}, {"type": "Feature", "properties": {"domain_id": "1371061004", "name": "TANJUNG SABA PITAMEH NAN XX"}, "geometry": {"type": "Polygon", "coordinates": [[[100.411, -0.957], [100.406, -0.947], [100.401, -0.949], [100.405, -0.961], [100.411, -0.957]]]}}, {"type": "Feature", "properties": {"domain_id": "1371081002", "name": "KOTO LUA"}, "geometry": {"type": "Polygon", "coordinates": [[[100.464, -0.928], [100.453, -0.928], [100.44, -0.943], [100.447, -0.948], [100.464, -0.928]]]}}, {"type": "Feature", "properties": {"domain_id": "1373011005", "name": "TANAH LAPANG"}, "geometry": {"type": "Polygon", "coordinates": [[[100.781, -0.68], [100.779, -0.679], [100.778, -0.682], [100.781, -0.68]]]}}, {"type": "Feature", "properties": {"domain_id": "1371091001", "name": "PASAR AMBACANG"}, "geometry": {"type": "Polygon", "coordinates": [[[100.412, -0.926], [100.393, -0.923], [100.392, -0.943], [100.418, -0.931], [100.412, -0.926]]]}}, {"type": "Feature", "properties": {"domain_id": "1371101001", "name": "SURAU GADANG"}, "geometry": {"type": "Polygon", "coordinates": [[[100.376, -0.902], [100.372, -0.889], [100.363, -0.894], [100.368, -0.902], [100.376, -0.902]]]}}, {"type": "Feature", "properties": {"domain_id": "1373022008", "name": "TALAGO GUNUNG"}, "geometry": {"type": "Polygon", "coordinates": [[[100.735, -0.652], [100.7, -0.633], [100.688, -0.635], [100.702, -0.657], [100.725, -0.662], [100.704, -0.677], [100.737, -0.666], [100.748, -0.682], [100.769, -0.681], [100.735, -0.652]]]}}, {"type": "Feature", "properties": {"domain_id": "1373042004", "name": "BATU TANJUNG"}, "geometry": {"type": "Polygon", "coordinates": [[[100.753, -0.574], [100.74, -0.593], [100.749, -0.602], [100.775, -0.607], [100.78, -0.622], [100.809, -0.621], [100.8, -0.596], [100.771, -0.59], [100.753, -0.574]]]}}, {"type": "Feature", "properties": {"domain_id": "1374011006", "name": "KOTO PANJANG"}, "geometry": {"type": "Polygon", "coordinates": [[[100.405, -0.47], [100.398, -0.483], [100.414, -0.474], [100.405, -0.47]]]}}, {"type": "Feature", "properties": {"domain_id": "1374011007", "name": "KOTO KATIK"}, "geometry": {"type": "Polygon", "coordinates": [[[100.417, -0.478], [100.412, -0.474], [100.396, -0.489], [100.411, -0.489], [100.417, -0.478]]]}}, {"type": "Feature", "properties": {"domain_id": "1376031001", "name": "BALAI JARING"}, "geometry": {"type": "Polygon", "coordinates": [[[100.678, -0.23], [100.667, -0.235], [100.662, -0.229], [100.655, -0.245], [100.675, -0.243], [100.678, -0.23]]]}}, {"type": "Feature", "properties": {"domain_id": "1301102004", "name": "LUNANG SELATAN"}, "geometry": {"type": "Polygon", "coordinates": [[[101.136, -2.289], [101.148, -2.279], [101.174, -2.282], [101.179, -2.261], [101.141, -2.267], [101.136, -2.289]]]}}, {"type": "Feature", "properties": {"domain_id": "1301152004", "name": "SUNGAI PULAI"}, "geometry": {"type": "Polygon", "coordinates": [[[101.109, -2.388], [101.103, -2.358], [101.058, -2.359], [101.055, -2.375], [101.071, -2.387], [101.109, -2.388]]]}}, {"type": "Feature", "properties": {"domain_id": "1303092006", "name": "TAMPARUNGO"}, "geometry": {"type": "Polygon", "coordinates": [[[100.929, -0.508], [100.883, -0.48], [100.88, -0.498], [100.869, -0.51], [100.879, -0.537], [100.888, -0.541], [100.905, -0.535], [100.929, -0.508]]]}}, {"type": "Feature", "properties": {"domain_id": "1302092008", "name": "KOTO LAWEH"}, "geometry": {"type": "Polygon", "coordinates": [[[100.718, -0.733], [100.709, -0.734], [100.7, -0.725], [100.7, -0.758], [100.714, -0.771], [100.711, -0.753], [100.718, -0.733]]]}}, {"type": "Feature", "properties": {"domain_id": "1301022005", "name": "NYIUR MELAMBAI PELANGAI"}, "geometry": {"type": "MultiPolygon", "coordinates": [[[[100.782, -1.788], [100.771, -1.794], [100.786, -1.818], [100.799, -1.832], [100.811, -1.829], [100.812, -1.818], [100.818, -1.814], [100.813, -1.802], [100.782, -1.788]]], [[[100.571, -1.89], [100.571, -1.888], [100.57, -1.887], [100.571, -1.89]]]]}}, {"type": "Feature", "properties": {"domain_id": "1301042007", "name": "TUIK IV KOTO MUDIEK"}, "geometry": {"type": "Polygon", "coordinates": [[[100.798, -1.274], [100.8, -1.258], [100.787, -1.261], [100.727, -1.305], [100.678, -1.396], [100.657, -1.423], [100.633, -1.436], [100.651, -1.473], [100.675, -1.472], [100.687, -1.461], [100.7, -1.423], [100.703, -1.386], [100.73, -1.332], [100.756, -1.302], [100.798, -1.274]]]}}, {"type": "Feature", "properties": {"domain_id": "1301082012", "name": "GANTING MUDIAK UTARA SURANTIH"}, "geometry": {"type": "Polygon", "coordinates": [[[100.821, -1.282], [100.798, -1.274], [100.756, -1.302], [100.735, -1.323], [100.715, -1.359], [100.703, -1.386], [100.7, -1.423], [100.69, -1.45], [100.702, -1.458], [100.722, -1.494], [100.769, -1.487], [100.784, -1.466], [100.813, -1.452], [100.814, -1.44], [100.823, -1.441], [100.839, -1.415], [100.888, -1.399], [100.897, -1.378], [100.906, -1.371], [100.888, -1.338], [100.895, -1.333], [100.893, -1.326], [100.886, -1.328], [100.857, -1.297], [100.837, -1.305], [100.821, -1.282]]]}}, {"type": "Feature", "properties": {"domain_id": "1301092001", "name": "PUNGGASAN"}, "geometry": {"type": "Polygon", "coordinates": [[[100.886, -1.894], [100.874, -1.881], [100.855, -1.883], [100.868, -1.901], [100.886, -1.894]]]}}, {"type": "Feature", "properties": {"domain_id": "1304012002", "name": "JAHO"}, "geometry": {"type": "Polygon", "coordinates": [[[100.417, -0.478], [100.411, -0.489], [100.39, -0.495], [100.436, -0.496], [100.417, -0.478]]]}}, {"type": "Feature", "properties": {"domain_id": "1304052001", "name": "TANJUNG BARULAK"}, "geometry": {"type": "Polygon", "coordinates": [[[100.707, -0.453], [100.694, -0.448], [100.684, -0.472], [100.666, -0.487], [100.662, -0.505], [100.695, -0.517], [100.699, -0.525], [100.699, -0.511], [100.709, -0.509], [100.71, -0.499], [100.723, -0.504], [100.734, -0.487], [100.719, -0.479], [100.719, -0.466], [100.707, -0.462], [100.707, -0.453]]]}}, {"type": "Feature", "properties": {"domain_id": "1304042004", "name": "CUBADAK"}, "geometry": {"type": "Polygon", "coordinates": [[[100.55, -0.463], [100.538, -0.462], [100.535, -0.475], [100.555, -0.475], [100.55, -0.463]]]}}, {"type": "Feature", "properties": {"domain_id": "1304052004", "name": "PAGARUYUNG"}, "geometry": {"type": "Polygon", "coordinates": [[[100.62, -0.482], [100.639, -0.457], [100.635, -0.42], [100.603, -0.428], [100.605, -0.445], [100.593, -0.45], [100.603, -0.466], [100.598, -0.467], [100.606, -0.474], [100.615, -0.473], [100.62, -0.482]]]}}, {"type": "Feature", "properties": {"domain_id": "1304082009", "name": "KUMANGO"}, "geometry": {"type": "Polygon", "coordinates": [[[100.575, -0.404], [100.569, -0.379], [100.552, -0.391], [100.575, -0.404]]]}}, {"type": "Feature", "properties": {"domain_id": "1304092001", "name": "BATU BASA"}, "geometry": {"type": "Polygon", "coordinates": [[[100.52, -0.477], [100.502, -0.461], [100.48, -0.464], [100.499, -0.498], [100.52, -0.507], [100.531, -0.489], [100.52, -0.477]]]}}, {"type": "Feature", "properties": {"domain_id": "1304092002", "name": "TABEK"}, "geometry": {"type": "Polygon", "coordinates": [[[100.527, -0.463], [100.515, -0.464], [100.52, -0.477], [100.535, -0.483], [100.536, -0.466], [100.527, -0.463]]]}}, {"type": "Feature", "properties": {"domain_id": "1305022007", "name": "SUNGAI BULUAH UTARA"}, "geometry": {"type": "Polygon", "coordinates": [[[100.346, -0.715], [100.323, -0.71], [100.303, -0.722], [100.3, -0.732], [100.31, -0.733], [100.317, -0.725], [100.346, -0.715]]]}}, {"type": "Feature", "properties": {"domain_id": "1305082004", "name": "KOTO TINGGI KURANJI HILIR"}, "geometry": {"type": "Polygon", "coordinates": [[[100.064, -0.482], [100.047, -0.482], [100.044, -0.473], [100.025, -0.49], [100.043, -0.508], [100.064, -0.482]]]}}, {"type": "Feature", "properties": {"domain_id": "1376011003", "name": "KUBU GADANG"}, "geometry": {"type": "Polygon", "coordinates": [[[100.611, -0.248], [100.603, -0.24], [100.593, -0.246], [100.597, -0.26], [100.609, -0.257], [100.611, -0.248]]]}}, {"type": "Feature", "properties": {"domain_id": "1301072007", "name": "KAPUH"}, "geometry": {"type": "MultiPolygon", "coordinates": [[[[100.498, -1.27], [100.494, -1.257], [100.488, -1.27], [100.466, -1.275], [100.485, -1.292], [100.498, -1.27]]], [[[100.436, -1.317], [100.436, -1.314], [100.434, -1.316], [100.436, -1.317]]]]}}, {"type": "Feature", "properties": {"domain_id": "1301072022", "name": "BARUNG-BARUNG BALANTAI TENGAH"}, "geometry": {"type": "Polygon", "coordinates": [[[100.576, -1.145], [100.572, -1.121], [100.556, -1.127], [100.527, -1.126], [100.501, -1.148], [100.495, -1.145], [100.479, -1.155], [100.467, -1.155], [100.484, -1.166], [100.544, -1.158], [100.552, -1.151], [100.563, -1.16], [100.576, -1.145]]]}}, {"type": "Feature", "properties": {"domain_id": "1301122003", "name": "MUARO AIE"}, "geometry": {"type": "Polygon", "coordinates": [[[100.653, -1.119], [100.644, -1.121], [100.624, -1.101], [100.613, -1.127], [100.613, -1.155], [100.624, -1.175], [100.617, -1.191], [100.629, -1.207], [100.64, -1.197], [100.641, -1.155], [100.653, -1.119]]]}}, {"type": "Feature", "properties": {"domain_id": "1303082004", "name": "PADANG LAWEH"}, "geometry": {"type": "Polygon", "coordinates": [[[100.963, -0.614], [100.941, -0.609], [100.919, -0.593], [100.91, -0.59], [100.904, -0.599], [100.889, -0.594], [100.882, -0.631], [100.896, -0.637], [100.893, -0.644], [100.879, -0.646], [100.875, -0.658], [100.907, -0.66], [100.901, -0.636], [100.921, -0.609], [100.929, -0.623], [100.935, -0.623], [100.936, -0.643], [100.959, -0.633], [100.963, -0.614]]]}}, {"type": "Feature", "properties": {"domain_id": "1304052002", "name": "SARUASO"}, "geometry": {"type": "Polygon", "coordinates": [[[100.654, -0.408], [100.635, -0.42], [100.639, -0.457], [100.611, -0.493], [100.602, -0.522], [100.606, -0.529], [100.603, -0.534], [100.631, -0.554], [100.64, -0.539], [100.65, -0.543], [100.649, -0.538], [100.659, -0.536], [100.656, -0.516], [100.664, -0.514], [100.666, -0.487], [100.645, -0.482], [100.661, -0.469], [100.657, -0.459], [100.667, -0.441], [100.664, -0.419], [100.654, -0.408]]]}}, {"type": "Feature", "properties": {"domain_id": "1305032005", "name": "SUNUA"}, "geometry": {"type": "Polygon", "coordinates": [[[100.17, -0.644], [100.173, -0.661], [100.19, -0.679], [100.193, -0.654], [100.17, -0.644]]]}}, {"type": "Feature", "properties": {"domain_id": "1374021003", "name": "KAMPUNG MANGGIS"}, "geometry": {"type": "Polygon", "coordinates": [[[100.395, -0.463], [100.365, -0.477], [100.377, -0.491], [100.386, -0.489], [100.399, -0.467], [100.395, -0.463]]]}}, {"type": "Feature", "properties": {"domain_id": "1374021004", "name": "SILAING BAWAH"}, "geometry": {"type": "Polygon", "coordinates": [[[100.39, -0.46], [100.375, -0.464], [100.367, -0.476], [100.383, -0.471], [100.39, -0.46]]]}}, {"type": "Feature", "properties": {"domain_id": "1301032004", "name": "KAMBANG TIMUR"}, "geometry": {"type": "Polygon", "coordinates": [[[100.945, -1.471], [100.935, -1.462], [100.939, -1.446], [100.887, -1.49], [100.848, -1.551], [100.811, -1.626], [100.78, -1.667], [100.762, -1.678], [100.761, -1.696], [100.787, -1.692], [100.804, -1.681], [100.81, -1.653], [100.83, -1.64], [100.865, -1.583], [100.879, -1.578], [100.892, -1.556], [100.925, -1.543], [100.937, -1.524], [100.937, -1.494], [100.949, -1.474], [100.945, -1.471]]]}}, {"type": "Feature", "properties": {"domain_id": "1301022009", "name": "PELANGAI KACIAK"}, "geometry": {"type": "Polygon", "coordinates": [[[101.066, -1.658], [101.059, -1.643], [101.065, -1.635], [101.045, -1.626], [101.006, -1.659], [100.964, -1.717], [100.902, -1.752], [100.842, -1.799], [100.855, -1.815], [100.906, -1.808], [100.927, -1.768], [100.992, -1.743], [101.006, -1.727], [101.012, -1.706], [101.05, -1.685], [101.066, -1.658]]]}}, {"type": "Feature", "properties": {"domain_id": "1301032005", "name": "KAMBANG BARAT"}, "geometry": {"type": "Polygon", "coordinates": [[[100.7, -1.662], [100.697, -1.651], [100.686, -1.661], [100.707, -1.7], [100.741, -1.695], [100.729, -1.677], [100.712, -1.684], [100.716, -1.677], [100.71, -1.679], [100.713, -1.674], [100.7, -1.662]]]}}, {"type": "Feature", "properties": {"domain_id": "1302122008", "name": "SIBARAMBANG"}, "geometry": {"type": "Polygon", "coordinates": [[[100.704, -0.677], [100.725, -0.662], [100.697, -0.652], [100.685, -0.661], [100.688, -0.69], [100.683, -0.71], [100.691, -0.714], [100.696, -0.714], [100.704, -0.677]]]}}, {"type": "Feature", "properties": {"domain_id": "1301042001", "name": "IV KOTO HILIE"}, "geometry": {"type": "Polygon", "coordinates": [[[100.625, -1.368], [100.595, -1.361], [100.58, -1.381], [100.586, -1.382], [100.592, -1.396], [100.573, -1.395], [100.593, -1.419], [100.591, -1.44], [100.598, -1.442], [100.598, -1.451], [100.586, -1.47], [100.598, -1.49], [100.601, -1.464], [100.624, -1.448], [100.615, -1.431], [100.631, -1.398], [100.625, -1.368]]]}}, {"type": "Feature", "properties": {"domain_id": "1301142006", "name": "SUNGAI PINANG TAPAN"}, "geometry": {"type": "Polygon", "coordinates": [[[101.097, -2.143], [101.086, -2.133], [101.081, -2.142], [101.092, -2.149], [101.097, -2.143]]]}}, {"type": "Feature", "properties": {"domain_id": "1301062013", "name": "KAPEH PANJI JAYA TALAOK"}, "geometry": {"type": "Polygon", "coordinates": [[[100.519, -1.252], [100.505, -1.257], [100.497, -1.247], [100.492, -1.249], [100.496, -1.262], [100.507, -1.262], [100.521, -1.275], [100.524, -1.268], [100.519, -1.252]]]}}, {"type": "Feature", "properties": {"domain_id": "1301072012", "name": "TARATAK SUNGAI LUNDANG"}, "geometry": {"type": "Polygon", "coordinates": [[[100.539, -0.959], [100.527, -0.965], [100.525, -1.001], [100.511, -0.997], [100.497, -1.005], [100.507, -1.029], [100.498, -1.052], [100.496, -1.08], [100.507, -1.092], [100.532, -1.086], [100.546, -1.065], [100.562, -1.074], [100.583, -1.071], [100.553, -1.032], [100.553, -0.988], [100.539, -0.959]]]}}, {"type": "Feature", "properties": {"domain_id": "1301112019", "name": "DUSUN BARU TAPAN"}, "geometry": {"type": "Polygon", "coordinates": [[[101.083, -2.176], [101.073, -2.172], [101.065, -2.192], [101.078, -2.193], [101.083, -2.176]]]}}, {"type": "Feature", "properties": {"domain_id": "1301122005", "name": "PULUIK-PULUIK SELATAN"}, "geometry": {"type": "Polygon", "coordinates": [[[100.6, -1.222], [100.58, -1.203], [100.582, -1.193], [100.563, -1.16], [100.55, -1.18], [100.562, -1.188], [100.571, -1.21], [100.592, -1.23], [100.6, -1.222]]]}}, {"type": "Feature", "properties": {"domain_id": "1311022002", "name": "KOTO BARU"}, "geometry": {"type": "Polygon", "coordinates": [[[101.203, -1.426], [101.178, -1.439], [101.129, -1.449], [101.061, -1.475], [101.051, -1.489], [101.065, -1.496], [101.124, -1.465], [101.162, -1.472], [101.203, -1.426]]]}}, {"type": "Feature", "properties": {"domain_id": "1311072004", "name": "TALUNAN MAJU"}, "geometry": {"type": "Polygon", "coordinates": [[[101.514, -1.34], [101.501, -1.343], [101.48, -1.332], [101.462, -1.357], [101.438, -1.371], [101.426, -1.395], [101.413, -1.397], [101.418, -1.408], [101.442, -1.41], [101.458, -1.402], [101.465, -1.373], [101.49, -1.373], [101.489, -1.357], [101.5, -1.356], [101.514, -1.34]]]}}, {"type": "Feature", "properties": {"domain_id": "1303042009", "name": "SIJUNJUNG"}, "geometry": {"type": "Polygon", "coordinates": [[[101.026, -0.723], [101.017, -0.716], [101.025, -0.701], [101.013, -0.685], [101.015, -0.678], [101.004, -0.678], [101.002, -0.669], [100.97, -0.691], [100.949, -0.689], [100.976, -0.721], [100.977, -0.743], [101.013, -0.75], [101.028, -0.737], [101.026, -0.723]]]}}, {"type": "Feature", "properties": {"domain_id": "1303062011", "name": "MALORO"}, "geometry": {"type": "Polygon", "coordinates": [[[101.338, -0.759], [101.329, -0.743], [101.275, -0.708], [101.263, -0.706], [101.247, -0.73], [101.245, -0.754], [101.26, -0.766], [101.271, -0.789], [101.338, -0.759]]]}}, {"type": "Feature", "properties": {"domain_id": "1303032004", "name": "PULASAN"}, "geometry": {"type": "Polygon", "coordinates": [[[101.158, -0.781], [101.12, -0.771], [101.098, -0.775], [101.101, -0.787], [101.094, -0.797], [101.101, -0.806], [101.089, -0.813], [101.09, -0.82], [101.084, -0.816], [101.081, -0.831], [101.098, -0.862], [101.099, -0.832], [101.105, -0.828], [101.122, -0.839], [101.131, -0.837], [101.142, -0.844], [101.165, -0.837], [101.191, -0.839], [101.184, -0.806], [101.158, -0.781]]]}}, {"type": "Feature", "properties": {"domain_id": "1304022002", "name": "SABU"}, "geometry": {"type": "Polygon", "coordinates": [[[100.466, -0.39], [100.457, -0.393], [100.453, -0.435], [100.457, -0.453], [100.474, -0.463], [100.479, -0.46], [100.468, -0.437], [100.466, -0.39]]]}}, {"type": "Feature", "properties": {"domain_id": "1303072001", "name": "LUBUAK TAROK"}, "geometry": {"type": "Polygon", "coordinates": [[[101.011, -0.802], [100.987, -0.801], [100.969, -0.783], [100.959, -0.78], [100.926, -0.802], [100.926, -0.808], [100.932, -0.814], [100.962, -0.804], [100.967, -0.811], [100.956, -0.817], [100.954, -0.832], [100.995, -0.854], [100.993, -0.871], [101.001, -0.878], [101.035, -0.884], [101.023, -0.856], [101.032, -0.848], [101.027, -0.822], [101.037, -0.815], [101.011, -0.802]]]}}, {"type": "Feature", "properties": {"domain_id": "1306022002", "name": "GARAGAHAN"}, "geometry": {"type": "Polygon", "coordinates": [[[100.01, -0.324], [99.995, -0.319], [99.994, -0.36], [100.046, -0.364], [100.036, -0.355], [100.056, -0.35], [100.065, -0.332], [100.029, -0.335], [100.01, -0.324]]]}}, {"type": "Feature", "properties": {"domain_id": "1303082001", "name": "LIMO KOTO"}, "geometry": {"type": "Polygon", "coordinates": [[[100.833, -0.598], [100.8, -0.596], [100.81, -0.623], [100.797, -0.644], [100.797, -0.661], [100.819, -0.666], [100.835, -0.657], [100.848, -0.676], [100.87, -0.682], [100.876, -0.651], [100.894, -0.643], [100.896, -0.637], [100.883, -0.634], [100.882, -0.624], [100.862, -0.623], [100.843, -0.635], [100.824, -0.63], [100.824, -0.619], [100.838, -0.616], [100.833, -0.598]]]}}, {"type": "Feature", "properties": {"domain_id": "1303092010", "name": "TANJUNG LABUAH"}, "geometry": {"type": "Polygon", "coordinates": [[[100.897, -0.47], [100.88, -0.471], [100.871, -0.464], [100.869, -0.452], [100.862, -0.452], [100.851, -0.46], [100.844, -0.477], [100.859, -0.506], [100.869, -0.51], [100.88, -0.498], [100.882, -0.481], [100.897, -0.47]]]}}, {"type": "Feature", "properties": {"domain_id": "1306112002", "name": "SIPINANG"}, "geometry": {"type": "Polygon", "coordinates": [[[100.311, -0.179], [100.3, -0.176], [100.298, -0.166], [100.287, -0.158], [100.262, -0.196], [100.25, -0.204], [100.283, -0.217], [100.297, -0.213], [100.315, -0.227], [100.322, -0.221], [100.31, -0.207], [100.311, -0.179]]]}}, {"type": "Feature", "properties": {"domain_id": "1303102001", "name": "BATU MANJULUR"}, "geometry": {"type": "Polygon", "coordinates": [[[100.841, -0.74], [100.835, -0.747], [100.811, -0.74], [100.823, -0.763], [100.81, -0.771], [100.822, -0.78], [100.811, -0.795], [100.827, -0.786], [100.852, -0.785], [100.85, -0.754], [100.841, -0.74]]]}}, {"type": "Feature", "properties": {"domain_id": "1303102002", "name": "PAMUATAN"}, "geometry": {"type": "Polygon", "coordinates": [[[100.87, -0.682], [100.848, -0.676], [100.834, -0.657], [100.819, -0.666], [100.797, -0.661], [100.789, -0.671], [100.797, -0.696], [100.828, -0.691], [100.867, -0.704], [100.87, -0.682]]]}}, {"type": "Feature", "properties": {"domain_id": "1305082002", "name": "PILUBANG"}, "geometry": {"type": "Polygon", "coordinates": [[[100.125, -0.488], [100.131, -0.482], [100.125, -0.479], [100.109, -0.482], [100.114, -0.502], [100.104, -0.5], [100.098, -0.507], [100.095, -0.491], [100.086, -0.504], [100.079, -0.524], [100.087, -0.535], [100.076, -0.544], [100.089, -0.565], [100.104, -0.55], [100.11, -0.535], [100.103, -0.524], [100.12, -0.513], [100.116, -0.498], [100.125, -0.488]]]}}, {"type": "Feature", "properties": {"domain_id": "1306052008", "name": "KOTO GADANG"}, "geometry": {"type": "Polygon", "coordinates": [[[100.364, -0.311], [100.325, -0.315], [100.354, -0.335], [100.366, -0.319], [100.364, -0.311]]]}}, {"type": "Feature", "properties": {"domain_id": "1306072006", "name": "PASIA"}, "geometry": {"type": "Polygon", "coordinates": [[[100.42, -0.302], [100.404, -0.315], [100.42, -0.314], [100.42, -0.302]]]}}, {"type": "Feature", "properties": {"domain_id": "1306082001", "name": "KOTO TINGGI"}, "geometry": {"type": "Polygon", "coordinates": [[[100.512, -0.299], [100.492, -0.272], [100.474, -0.286], [100.473, -0.3], [100.486, -0.318], [100.486, -0.346], [100.5, -0.333], [100.512, -0.299]]]}}, {"type": "Feature", "properties": {"domain_id": "1310012003", "name": "SIALANG GAUNG"}, "geometry": {"type": "Polygon", "coordinates": [[[101.69, -1.044], [101.676, -1.036], [101.666, -1.038], [101.695, -1.092], [101.723, -1.091], [101.724, -1.07], [101.7, -1.063], [101.69, -1.044]]]}}, {"type": "Feature", "properties": {"domain_id": "1306082004", "name": "SIMARASOK"}, "geometry": {"type": "Polygon", "coordinates": [[[100.47, -0.222], [100.462, -0.226], [100.473, -0.244], [100.466, -0.264], [100.471, -0.272], [100.504, -0.262], [100.51, -0.241], [100.47, -0.222]]]}}, {"type": "Feature", "properties": {"domain_id": "1307092003", "name": "AMPALU"}, "geometry": {"type": "Polygon", "coordinates": [[[100.823, -0.283], [100.809, -0.292], [100.786, -0.277], [100.764, -0.292], [100.764, -0.3], [100.755, -0.29], [100.753, -0.309], [100.765, -0.329], [100.778, -0.337], [100.78, -0.348], [100.811, -0.355], [100.846, -0.348], [100.841, -0.337], [100.844, -0.33], [100.835, -0.324], [100.845, -0.316], [100.845, -0.294], [100.838, -0.284], [100.823, -0.283]]]}}, {"type": "Feature", "properties": {"domain_id": "1372021001", "name": "KOTO PANJANG"}, "geometry": {"type": "Polygon", "coordinates": [[[100.658, -0.794], [100.654, -0.791], [100.655, -0.793], [100.658, -0.794]]]}}, {"type": "Feature", "properties": {"domain_id": "1310032008", "name": "KURNIA SELATAN"}, "geometry": {"type": "Polygon", "coordinates": [[[101.796, -1.223], [101.782, -1.202], [101.752, -1.214], [101.766, -1.226], [101.764, -1.229], [101.796, -1.223]]]}}, {"type": "Feature", "properties": {"domain_id": "1371031001", "name": "FLAMBOYAN BARU"}, "geometry": {"type": "Polygon", "coordinates": [[[100.361, -0.923], [100.35, -0.923], [100.35, -0.927], [100.361, -0.923]]]}}, {"type": "Feature", "properties": {"domain_id": "1308082001", "name": "MUARA TAIS"}, "geometry": {"type": "Polygon", "coordinates": [[[100.181, 0.762], [100.186, 0.758], [100.171, 0.758], [100.121, 0.781], [100.107, 0.778], [100.091, 0.788], [100.077, 0.787], [100.066, 0.8], [100.06, 0.791], [100.062, 0.779], [100.054, 0.748], [100.077, 0.739], [100.09, 0.686], [100.103, 0.659], [100.117, 0.649], [100.122, 0.625], [100.143, 0.629], [100.153, 0.637], [100.206, 0.639], [100.221, 0.665], [100.229, 0.662], [100.285, 0.684], [100.269, 0.708], [100.273, 0.728], [100.221, 0.743], [100.212, 0.736], [100.195, 0.757], [100.181, 0.762]]]}}, {"type": "Feature", "properties": {"domain_id": "1310082001", "name": "TIUMANG"}, "geometry": {"type": "Polygon", "coordinates": [[[101.736, -1.076], [101.749, -1.066], [101.739, -1.058], [101.719, -1.066], [101.725, -1.081], [101.736, -1.076]]]}}, {"type": "Feature", "properties": {"domain_id": "1310102004", "name": "TANJUNG ALAM"}, "geometry": {"type": "Polygon", "coordinates": [[[101.721, -1.34], [101.711, -1.336], [101.7, -1.346], [101.703, -1.362], [101.717, -1.373], [101.728, -1.365], [101.721, -1.34]]]}}, {"type": "Feature", "properties": {"domain_id": "1308142005", "name": "PADANG MANTINGGI"}, "geometry": {"type": "Polygon", "coordinates": [[[99.963, 0.637], [99.923, 0.653], [99.912, 0.678], [99.916, 0.65], [99.926, 0.632], [99.909, 0.626], [99.923, 0.616], [99.92, 0.605], [99.94, 0.593], [99.96, 0.569], [99.965, 0.554], [99.956, 0.53], [99.96, 0.529], [100.011, 0.553], [100.018, 0.564], [100.037, 0.563], [100.029, 0.572], [100.03, 0.579], [100.001, 0.589], [99.993, 0.605], [99.978, 0.613], [99.963, 0.637]]]}}, {"type": "Feature", "properties": {"domain_id": "1308172004", "name": "BAHAGIA PADANG GELUGUA"}, "geometry": {"type": "Polygon", "coordinates": [[[100.085, 0.404], [100.08, 0.417], [100.019, 0.407], [100.014, 0.403], [100.014, 0.387], [100.02, 0.375], [100.036, 0.375], [100.046, 0.387], [100.076, 0.391], [100.085, 0.404]]]}}, {"type": "Feature", "properties": {"domain_id": "1309032007", "name": "MADOBAG"}, "geometry": {"type": "Polygon", "coordinates": [[[99.054, -1.515], [99.046, -1.513], [99.034, -1.533], [99.039, -1.539], [99.03, -1.571], [99.035, -1.594], [99.028, -1.597], [99.029, -1.616], [99.032, -1.622], [99.06, -1.623], [99.076, -1.647], [99.089, -1.648], [99.102, -1.662], [99.117, -1.65], [99.132, -1.658], [99.141, -1.652], [99.149, -1.655], [99.159, -1.642], [99.166, -1.607], [99.134, -1.604], [99.111, -1.572], [99.104, -1.57], [99.106, -1.563], [99.093, -1.542], [99.054, -1.515]]]}}, {"type": "Feature", "properties": {"domain_id": "1311052006", "name": "LUBUK ULANG ALING SELATAN"}, "geometry": {"type": "Polygon", "coordinates": [[[101.311, -1.145], [101.295, -1.148], [101.293, -1.174], [101.274, -1.173], [101.263, -1.167], [101.258, -1.143], [101.232, -1.151], [101.215, -1.135], [101.198, -1.107], [101.176, -1.1], [101.167, -1.103], [101.177, -1.135], [101.198, -1.162], [101.212, -1.165], [101.245, -1.213], [101.231, -1.249], [101.263, -1.263], [101.258, -1.286], [101.253, -1.292], [101.249, -1.287], [101.242, -1.295], [101.235, -1.287], [101.215, -1.282], [101.206, -1.293], [101.19, -1.282], [101.171, -1.319], [101.256, -1.341], [101.323, -1.367], [101.332, -1.323], [101.358, -1.302], [101.34, -1.296], [101.338, -1.289], [101.344, -1.266], [101.364, -1.272], [101.363, -1.231], [101.37, -1.185], [101.338, -1.181], [101.311, -1.145]]]}}, {"type": "Feature", "properties": {"domain_id": "1311052007", "name": "LUBUK ULANG ALING TENGAH"}, "geometry": {"type": "Polygon", "coordinates": [[[101.409, -1.14], [101.365, -1.106], [101.343, -1.072], [101.342, -1.102], [101.351, -1.131], [101.311, -1.145], [101.344, -1.184], [101.409, -1.185], [101.403, -1.155], [101.409, -1.14]]]}}, {"type": "Feature", "properties": {"domain_id": "1371081001", "name": "LIMAU MANIS"}, "geometry": {"type": "Polygon", "coordinates": [[[100.536, -0.85], [100.51, -0.852], [100.476, -0.872], [100.456, -0.91], [100.44, -0.922], [100.444, -0.931], [100.434, -0.936], [100.436, -0.946], [100.453, -0.928], [100.464, -0.928], [100.488, -0.91], [100.54, -0.894], [100.564, -0.894], [100.556, -0.86], [100.542, -0.859], [100.536, -0.85]]]}}, {"type": "Feature", "properties": {"domain_id": "1373042009", "name": "SALAK"}, "geometry": {"type": "Polygon", "coordinates": [[[100.786, -0.623], [100.78, -0.622], [100.775, -0.607], [100.765, -0.606], [100.764, -0.614], [100.75, -0.624], [100.772, -0.628], [100.786, -0.623]]]}}, {"type": "Feature", "properties": {"domain_id": "1374011003", "name": "EKOR LUBUK"}, "geometry": {"type": "Polygon", "coordinates": [[[100.436, -0.472], [100.421, -0.473], [100.434, -0.484], [100.436, -0.472]]]}}, {"type": "Feature", "properties": {"domain_id": "1376021032", "name": "OMPANG TANAH SIRAH"}, "geometry": {"type": "Polygon", "coordinates": [[[100.661, -0.186], [100.63, -0.186], [100.632, -0.192], [100.647, -0.196], [100.663, -0.195], [100.661, -0.186]]]}}, {"type": "Feature", "properties": {"domain_id": "1377022006", "name": "APAR"}, "geometry": {"type": "Polygon", "coordinates": [[[100.112, -0.593], [100.106, -0.598], [100.111, -0.605], [100.118, -0.6], [100.112, -0.593]]]}}, {"type": "Feature", "properties": {"domain_id": "1376011032", "name": "TANJUANGGODANG SUNGAIPINAGO"}, "geometry": {"type": "Polygon", "coordinates": [[[100.617, -0.236], [100.612, -0.236], [100.619, -0.244], [100.626, -0.242], [100.627, -0.236], [100.617, -0.236]]]}}, {"type": "Feature", "properties": {"domain_id": "1377032013", "name": "SIKABU"}, "geometry": {"type": "Polygon", "coordinates": [[[100.17, -0.644], [100.165, -0.641], [100.163, -0.645], [100.17, -0.644]]]}}, {"type": "Feature", "properties": {"domain_id": "1376031007", "name": "PADANG TIAKAR"}, "geometry": {"type": "Polygon", "coordinates": [[[100.649, -0.233], [100.639, -0.234], [100.633, -0.244], [100.644, -0.241], [100.649, -0.233]]]}}, {"type": "Feature", "properties": {"domain_id": "1301082010", "name": "KOTO NAN TIGO UTARA SURANTIH"}, "geometry": {"type": "Polygon", "coordinates": [[[100.702, -1.542], [100.68, -1.532], [100.663, -1.514], [100.654, -1.521], [100.666, -1.55], [100.691, -1.572], [100.702, -1.554], [100.702, -1.542]]]}}, {"type": "Feature", "properties": {"domain_id": "1302102005", "name": "GANTUANG CIRI"}, "geometry": {"type": "Polygon", "coordinates": [[[100.623, -0.869], [100.632, -0.856], [100.63, -0.845], [100.615, -0.857], [100.61, -0.849], [100.592, -0.855], [100.559, -0.883], [100.565, -0.903], [100.591, -0.9], [100.623, -0.869]]]}}, {"type": "Feature", "properties": {"domain_id": "1301012011", "name": "TLUK AMPLU INDERAPURA"}, "geometry": {"type": "Polygon", "coordinates": [[[100.922, -2.092], [100.91, -2.085], [100.909, -2.105], [100.887, -2.108], [100.851, -2.129], [100.836, -2.13], [100.821, -2.146], [100.824, -2.175], [100.873, -2.241], [100.878, -2.274], [100.955, -2.245], [100.949, -2.239], [100.958, -2.217], [100.949, -2.214], [100.945, -2.199], [100.928, -2.192], [100.922, -2.176], [100.925, -2.154], [100.935, -2.154], [100.938, -2.133], [100.925, -2.121], [100.919, -2.124], [100.911, -2.112], [100.922, -2.092]]]}}, {"type": "Feature", "properties": {"domain_id": "1301062010", "name": "TANJUNG DURIAN PASAR BARU"}, "geometry": {"type": "Polygon", "coordinates": [[[100.516, -1.297], [100.497, -1.292], [100.502, -1.301], [100.514, -1.302], [100.516, -1.297]]]}}, {"type": "Feature", "properties": {"domain_id": "1301052020", "name": "PAINAN TIMUR PAINAN"}, "geometry": {"type": "MultiPolygon", "coordinates": [[[[100.576, -1.349], [100.566, -1.348], [100.565, -1.352], [100.571, -1.35], [100.575, -1.358], [100.561, -1.372], [100.578, -1.369], [100.58, -1.381], [100.593, -1.363], [100.576, -1.349]]], [[[100.565, -1.353], [100.563, -1.354], [100.563, -1.355], [100.565, -1.353]]], [[[100.559, -1.355], [100.56, -1.353], [100.557, -1.356], [100.559, -1.355]]]]}}, {"type": "Feature", "properties": {"domain_id": "1301062005", "name": "KOTO BERAPAK"}, "geometry": {"type": "Polygon", "coordinates": [[[100.556, -1.25], [100.539, -1.235], [100.52, -1.23], [100.53, -1.241], [100.527, -1.248], [100.535, -1.26], [100.556, -1.25]]]}}, {"type": "Feature", "properties": {"domain_id": "1301062011", "name": "ASAM KAMBA PASAR BARU"}, "geometry": {"type": "Polygon", "coordinates": [[[100.514, -1.284], [100.496, -1.284], [100.497, -1.291], [100.516, -1.297], [100.52, -1.287], [100.514, -1.284]]]}}, {"type": "Feature", "properties": {"domain_id": "1304072002", "name": "ANDALEH BARUH BUKIK"}, "geometry": {"type": "Polygon", "coordinates": [[[100.664, -0.351], [100.647, -0.351], [100.626, -0.411], [100.631, -0.421], [100.661, -0.399], [100.664, -0.351]]]}}, {"type": "Feature", "properties": {"domain_id": "1301062008", "name": "GURUN PANJANG"}, "geometry": {"type": "Polygon", "coordinates": [[[100.529, -1.271], [100.524, -1.269], [100.514, -1.284], [100.528, -1.294], [100.534, -1.288], [100.525, -1.283], [100.529, -1.271]]]}}, {"type": "Feature", "properties": {"domain_id": "1302072004", "name": "JAWI JAWI"}, "geometry": {"type": "Polygon", "coordinates": [[[100.632, -0.896], [100.625, -0.886], [100.606, -0.882], [100.591, -0.9], [100.563, -0.908], [100.591, -0.919], [100.622, -0.918], [100.627, -0.909], [100.637, -0.91], [100.632, -0.896]]]}}, {"type": "Feature", "properties": {"domain_id": "1301072021", "name": "BARUNG-BARUNG BALANTAI TIMUR"}, "geometry": {"type": "Polygon", "coordinates": [[[100.576, -1.111], [100.502, -1.114], [100.492, -1.106], [100.494, -1.143], [100.501, -1.148], [100.531, -1.125], [100.567, -1.123], [100.576, -1.111]]]}}, {"type": "Feature", "properties": {"domain_id": "1301112016", "name": "BUKIT BUAI TAPAN"}, "geometry": {"type": "Polygon", "coordinates": [[[101.209, -2.011], [101.201, -1.999], [101.188, -2.015], [101.1, -2.076], [101.081, -2.077], [101.069, -2.097], [101.023, -2.103], [100.992, -2.088], [100.978, -2.097], [100.976, -2.108], [101.008, -2.115], [101.011, -2.121], [101.033, -2.119], [101.137, -2.073], [101.185, -2.065], [101.226, -2.043], [101.209, -2.011]]]}}, {"type": "Feature", "properties": {"domain_id": "1301132010", "name": "PULAU RAJO INDERAPURA"}, "geometry": {"type": "Polygon", "coordinates": [[[100.886, -2.015], [100.881, -2.008], [100.895, -2.007], [100.895, -1.999], [100.887, -2.0], [100.882, -1.98], [100.871, -1.993], [100.88, -2.043], [100.872, -2.085], [100.838, -2.132], [100.887, -2.108], [100.909, -2.105], [100.91, -2.085], [100.922, -2.092], [100.915, -2.06], [100.906, -2.06], [100.899, -2.046], [100.904, -2.042], [100.893, -2.042], [100.886, -2.015]]]}}, {"type": "Feature", "properties": {"domain_id": "1301142010", "name": "SIMPANG GUNUNG TAPAN"}, "geometry": {"type": "Polygon", "coordinates": [[[101.05, -2.217], [101.042, -2.215], [101.037, -2.223], [101.016, -2.218], [101.007, -2.224], [100.972, -2.21], [100.96, -2.214], [100.949, -2.239], [100.955, -2.245], [100.989, -2.247], [101.05, -2.217]]]}}, {"type": "Feature", "properties": {"domain_id": "1302072002", "name": "TALANG"}, "geometry": {"type": "Polygon", "coordinates": [[[100.666, -0.899], [100.645, -0.892], [100.632, -0.896], [100.644, -0.933], [100.661, -0.934], [100.658, -0.915], [100.673, -0.914], [100.666, -0.899]]]}}, {"type": "Feature", "properties": {"domain_id": "1302182004", "name": "TANJUNG BALIK SUMISO"}, "geometry": {"type": "Polygon", "coordinates": [[[101.035, -0.884], [101.001, -0.878], [100.993, -0.871], [100.995, -0.854], [100.954, -0.832], [100.956, -0.817], [100.967, -0.811], [100.962, -0.804], [100.932, -0.814], [100.919, -0.81], [100.929, -0.87], [100.915, -0.901], [100.92, -0.916], [100.94, -0.962], [100.981, -1.007], [101.007, -0.96], [101.052, -0.973], [101.05, -0.966], [101.067, -0.951], [101.048, -0.89], [101.043, -0.883], [101.035, -0.884]]]}}, {"type": "Feature", "properties": {"domain_id": "1303042008", "name": "AIE ANGEK"}, "geometry": {"type": "Polygon", "coordinates": [[[101.112, -0.668], [101.064, -0.654], [101.034, -0.636], [101.019, -0.643], [101.002, -0.669], [101.004, -0.678], [101.014, -0.676], [101.013, -0.685], [101.025, -0.7], [101.018, -0.718], [101.026, -0.723], [101.036, -0.712], [101.046, -0.726], [101.067, -0.726], [101.077, -0.724], [101.079, -0.708], [101.112, -0.668]]]}}, {"type": "Feature", "properties": {"domain_id": "1303072002", "name": "LALAN"}, "geometry": {"type": "Polygon", "coordinates": [[[100.923, -0.728], [100.908, -0.731], [100.919, -0.74], [100.929, -0.777], [100.926, -0.802], [100.959, -0.78], [100.994, -0.803], [101.022, -0.799], [101.037, -0.787], [101.03, -0.777], [101.032, -0.767], [101.013, -0.75], [100.935, -0.74], [100.923, -0.728]]]}}, {"type": "Feature", "properties": {"domain_id": "1303082005", "name": "TANJUNG"}, "geometry": {"type": "Polygon", "coordinates": [[[100.91, -0.59], [100.898, -0.563], [100.885, -0.559], [100.877, -0.571], [100.881, -0.591], [100.872, -0.584], [100.864, -0.596], [100.852, -0.595], [100.862, -0.624], [100.882, -0.624], [100.887, -0.595], [100.904, -0.599], [100.91, -0.59]]]}}, {"type": "Feature", "properties": {"domain_id": "1305012001", "name": "LUBUK ALUNG"}, "geometry": {"type": "Polygon", "coordinates": [[[100.361, -0.666], [100.33, -0.657], [100.331, -0.65], [100.315, -0.66], [100.304, -0.651], [100.298, -0.667], [100.324, -0.665], [100.328, -0.671], [100.311, -0.706], [100.298, -0.697], [100.3, -0.709], [100.312, -0.719], [100.326, -0.709], [100.363, -0.717], [100.42, -0.744], [100.458, -0.726], [100.442, -0.712], [100.441, -0.687], [100.43, -0.677], [100.427, -0.658], [100.406, -0.673], [100.361, -0.666]]]}}, {"type": "Feature", "properties": {"domain_id": "1305062007", "name": "SIKUCUA TENGAH"}, "geometry": {"type": "Polygon", "coordinates": [[[100.176, -0.482], [100.17, -0.475], [100.156, -0.477], [100.143, -0.491], [100.159, -0.501], [100.176, -0.482]]]}}, {"type": "Feature", "properties": {"domain_id": "1305152002", "name": "GUGUAK"}, "geometry": {"type": "Polygon", "coordinates": [[[100.393, -0.491], [100.375, -0.492], [100.354, -0.48], [100.332, -0.49], [100.32, -0.478], [100.314, -0.455], [100.308, -0.482], [100.315, -0.535], [100.341, -0.542], [100.39, -0.542], [100.384, -0.503], [100.393, -0.491]]]}}, {"type": "Feature", "properties": {"domain_id": "1306072004", "name": "PANAMPUANG"}, "geometry": {"type": "Polygon", "coordinates": [[[100.445, -0.265], [100.425, -0.263], [100.419, -0.273], [100.441, -0.286], [100.449, -0.282], [100.459, -0.286], [100.445, -0.265]]]}}, {"type": "Feature", "properties": {"domain_id": "1308052004", "name": "PAUAH"}, "geometry": {"type": "Polygon", "coordinates": [[[100.228, 0.152], [100.215, 0.165], [100.204, 0.153], [100.168, 0.149], [100.163, 0.138], [100.149, 0.142], [100.124, 0.134], [100.159, 0.122], [100.167, 0.131], [100.177, 0.13], [100.196, 0.143], [100.228, 0.152]]]}}, {"type": "Feature", "properties": {"domain_id": "1310072002", "name": "AMPALU"}, "geometry": {"type": "Polygon", "coordinates": [[[101.798, -1.113], [101.781, -1.109], [101.775, -1.116], [101.806, -1.137], [101.826, -1.14], [101.818, -1.134], [101.822, -1.125], [101.802, -1.122], [101.798, -1.113]]]}}, {"type": "Feature", "properties": {"domain_id": "1310062001", "name": "TIMPEH"}, "geometry": {"type": "Polygon", "coordinates": [[[101.637, -0.832], [101.588, -0.847], [101.548, -0.821], [101.521, -0.848], [101.505, -0.839], [101.5, -0.842], [101.492, -0.866], [101.483, -0.87], [101.451, -0.849], [101.451, -0.854], [101.458, -0.865], [101.528, -0.891], [101.559, -0.911], [101.591, -0.912], [101.608, -0.906], [101.621, -0.887], [101.629, -0.888], [101.623, -0.865], [101.637, -0.832]], [[101.548, -0.854], [101.568, -0.863], [101.556, -0.883], [101.538, -0.874], [101.546, -0.856], [101.542, -0.848], [101.548, -0.854]]]}}, {"type": "Feature", "properties": {"domain_id": "1311012003", "name": "LUBUK GADANG SELATAN"}, "geometry": {"type": "Polygon", "coordinates": [[[101.266, -1.696], [101.26, -1.688], [101.265, -1.677], [101.255, -1.625], [101.259, -1.618], [101.246, -1.606], [101.247, -1.585], [101.238, -1.573], [101.237, -1.559], [101.217, -1.547], [101.199, -1.553], [101.198, -1.535], [101.191, -1.526], [101.17, -1.53], [101.153, -1.578], [101.16, -1.589], [101.148, -1.609], [101.147, -1.666], [101.138, -1.685], [101.169, -1.711], [101.191, -1.676], [101.197, -1.71], [101.216, -1.725], [101.226, -1.718], [101.228, -1.724], [101.242, -1.721], [101.266, -1.696]]]}}, {"type": "Feature", "properties": {"domain_id": "1371111004", "name": "DADOK TUNGGUL HITAM"}, "geometry": {"type": "Polygon", "coordinates": [[[100.374, -0.869], [100.372, -0.865], [100.358, -0.876], [100.359, -0.891], [100.373, -0.887], [100.379, -0.878], [100.374, -0.869]]]}}, {"type": "Feature", "properties": {"domain_id": "1311032003", "name": "PAKAN RABAA UTARA"}, "geometry": {"type": "Polygon", "coordinates": [[[100.943, -1.285], [100.917, -1.288], [100.9, -1.298], [100.893, -1.309], [100.895, -1.333], [100.888, -1.338], [100.907, -1.371], [100.897, -1.378], [100.894, -1.393], [100.905, -1.402], [100.917, -1.401], [100.933, -1.421], [100.962, -1.389], [100.992, -1.37], [100.96, -1.334], [100.956, -1.305], [100.943, -1.285]]]}}, {"type": "Feature", "properties": {"domain_id": "1371011007", "name": "SEBERANG PADANG"}, "geometry": {"type": "Polygon", "coordinates": [[[100.376, -0.955], [100.371, -0.953], [100.376, -0.965], [100.376, -0.955]]]}}, {"type": "Feature", "properties": {"domain_id": "1371031006", "name": "OLO"}, "geometry": {"type": "Polygon", "coordinates": [[[100.357, -0.952], [100.356, -0.943], [100.351, -0.943], [100.352, -0.952], [100.357, -0.952]]]}}, {"type": "Feature", "properties": {"domain_id": "1371021009", "name": "PARAK GADANG TIMUR"}, "geometry": {"type": "Polygon", "coordinates": [[[100.382, -0.951], [100.376, -0.955], [100.385, -0.962], [100.388, -0.955], [100.382, -0.951]]]}}, {"type": "Feature", "properties": {"domain_id": "1371061002", "name": "KAMPUNG BARU NAN XX"}, "geometry": {"type": "Polygon", "coordinates": [[[100.42, -0.953], [100.41, -0.959], [100.424, -0.959], [100.42, -0.953]]]}}, {"type": "Feature", "properties": {"domain_id": "1372021004", "name": "NAN BALIMO"}, "geometry": {"type": "MultiPolygon", "coordinates": [[[[100.653, -0.758], [100.647, -0.749], [100.646, -0.771], [100.656, -0.788], [100.662, -0.761], [100.653, -0.758]]], [[[100.648, -0.782], [100.646, -0.786], [100.652, -0.785], [100.648, -0.782]]]]}}, {"type": "Feature", "properties": {"domain_id": "1373042005", "name": "KUMBAYAU"}, "geometry": {"type": "Polygon", "coordinates": [[[100.772, -0.56], [100.753, -0.558], [100.757, -0.582], [100.765, -0.582], [100.773, -0.573], [100.772, -0.56]]]}}, {"type": "Feature", "properties": {"domain_id": "1376011011", "name": "KOTO TANGAH"}, "geometry": {"type": "Polygon", "coordinates": [[[100.614, -0.228], [100.606, -0.214], [100.609, -0.232], [100.614, -0.228]]]}}, {"type": "Feature", "properties": {"domain_id": "1376041006", "name": "KOTO PANJANG DALAM"}, "geometry": {"type": "Polygon", "coordinates": [[[100.602, -0.193], [100.586, -0.198], [100.583, -0.21], [100.602, -0.193]]]}}, {"type": "Feature", "properties": {"domain_id": "1306012002", "name": "TIKU UTARA"}, "geometry": {"type": "Polygon", "coordinates": [[[99.931, -0.337], [99.919, -0.325], [99.924, -0.32], [99.891, -0.327], [99.902, -0.338], [99.893, -0.349], [99.929, -0.384], [99.955, -0.392], [99.957, -0.404], [99.963, -0.399], [99.98, -0.405], [99.987, -0.399], [99.999, -0.399], [99.994, -0.38], [99.959, -0.38], [99.958, -0.367], [99.933, -0.35], [99.931, -0.337]]]}}, {"type": "Feature", "properties": {"domain_id": "1301142003", "name": "TALANG BALARIK TAPAN"}, "geometry": {"type": "Polygon", "coordinates": [[[101.127, -2.113], [101.132, -2.076], [101.119, -2.082], [101.117, -2.11], [101.106, -2.127], [101.109, -2.133], [101.125, -2.124], [101.127, -2.113]]]}}, {"type": "Feature", "properties": {"domain_id": "1301082002", "name": "SURANTIH"}, "geometry": {"type": "MultiPolygon", "coordinates": [[[[100.648, -1.579], [100.635, -1.58], [100.641, -1.597], [100.637, -1.606], [100.644, -1.618], [100.667, -1.607], [100.65, -1.6], [100.648, -1.579]]], [[[100.508, -1.664], [100.507, -1.661], [100.507, -1.663], [100.508, -1.664]]], [[[100.628, -1.587], [100.629, -1.586], [100.628, -1.586], [100.628, -1.587]]]]}}, {"type": "Feature", "properties": {"domain_id": "1301102003", "name": "LUNANG UTARA"}, "geometry": {"type": "Polygon", "coordinates": [[[101.244, -2.141], [101.231, -2.139], [101.145, -2.167], [101.116, -2.19], [101.117, -2.2], [101.123, -2.203], [101.162, -2.176], [101.188, -2.169], [101.194, -2.16], [101.244, -2.141]]]}}, {"type": "Feature", "properties": {"domain_id": "1301122006", "name": "LIMAU GADANG PANCUNG TABA"}, "geometry": {"type": "Polygon", "coordinates": [[[100.737, -1.104], [100.719, -1.091], [100.674, -1.105], [100.674, -1.126], [100.681, -1.133], [100.685, -1.154], [100.699, -1.163], [100.721, -1.165], [100.728, -1.173], [100.755, -1.163], [100.748, -1.139], [100.752, -1.125], [100.737, -1.104]]]}}, {"type": "Feature", "properties": {"domain_id": "1301062020", "name": "GURUN PANJANG BARAT"}, "geometry": {"type": "Polygon", "coordinates": [[[100.528, -1.294], [100.52, -1.288], [100.516, -1.299], [100.524, -1.302], [100.528, -1.294]]]}}, {"type": "Feature", "properties": {"domain_id": "1301072006", "name": "AMPANG PULAI"}, "geometry": {"type": "MultiPolygon", "coordinates": [[[[100.46, -1.252], [100.459, -1.248], [100.45, -1.257], [100.444, -1.254], [100.417, -1.268], [100.421, -1.277], [100.439, -1.27], [100.446, -1.259], [100.457, -1.262], [100.46, -1.252]]], [[[100.418, -1.277], [100.419, -1.275], [100.418, -1.274], [100.418, -1.277]]], [[[100.42, -1.272], [100.419, -1.271], [100.418, -1.273], [100.42, -1.272]]]]}}, {"type": "Feature", "properties": {"domain_id": "1302122007", "name": "BUKIT KANDUANG"}, "geometry": {"type": "Polygon", "coordinates": [[[100.635, -0.552], [100.613, -0.561], [100.607, -0.552], [100.589, -0.555], [100.597, -0.558], [100.584, -0.573], [100.583, -0.585], [100.593, -0.596], [100.583, -0.606], [100.6, -0.613], [100.604, -0.64], [100.611, -0.638], [100.61, -0.614], [100.627, -0.593], [100.629, -0.577], [100.638, -0.578], [100.635, -0.552]]]}}, {"type": "Feature", "properties": {"domain_id": "1303042004", "name": "PEMATANG PANJANG"}, "geometry": {"type": "Polygon", "coordinates": [[[100.949, -0.689], [100.931, -0.692], [100.936, -0.701], [100.948, -0.703], [100.946, -0.737], [100.938, -0.741], [100.977, -0.743], [100.976, -0.721], [100.949, -0.689]]]}}, {"type": "Feature", "properties": {"domain_id": "1305132003", "name": "MALAI V SUKU TIMUR"}, "geometry": {"type": "Polygon", "coordinates": [[[100.054, -0.401], [100.019, -0.416], [100.0, -0.441], [100.001, -0.447], [100.033, -0.448], [100.069, -0.43], [100.069, -0.421], [100.062, -0.419], [100.054, -0.401]]]}}, {"type": "Feature", "properties": {"domain_id": "1308122002", "name": "CUBADAK"}, "geometry": {"type": "Polygon", "coordinates": [[[100.019, 0.407], [100.011, 0.426], [99.986, 0.435], [99.973, 0.419], [99.965, 0.385], [99.948, 0.365], [99.941, 0.349], [99.945, 0.34], [99.913, 0.336], [99.893, 0.365], [99.852, 0.385], [99.815, 0.415], [99.794, 0.412], [99.767, 0.421], [99.773, 0.401], [99.749, 0.401], [99.743, 0.383], [99.777, 0.359], [99.773, 0.349], [99.76, 0.346], [99.753, 0.324], [99.764, 0.312], [99.787, 0.321], [99.795, 0.299], [99.833, 0.308], [99.849, 0.302], [99.847, 0.316], [99.858, 0.32], [99.875, 0.319], [99.884, 0.31], [99.921, 0.317], [99.938, 0.31], [99.952, 0.289], [99.965, 0.289], [99.977, 0.28], [99.98, 0.287], [99.992, 0.274], [100.001, 0.275], [100.01, 0.288], [100.024, 0.29], [100.018, 0.302], [100.022, 0.311], [100.047, 0.314], [100.035, 0.324], [100.033, 0.347], [100.004, 0.365], [100.018, 0.377], [100.014, 0.403], [100.019, 0.407]]]}}, {"type": "Feature", "properties": {"domain_id": "1308192001", "name": "LANSEK KADOK"}, "geometry": {"type": "Polygon", "coordinates": [[[100.105, 0.547], [100.072, 0.536], [100.072, 0.522], [100.052, 0.522], [100.047, 0.529], [100.038, 0.514], [99.98, 0.505], [99.958, 0.474], [99.931, 0.474], [99.918, 0.486], [99.908, 0.472], [99.921, 0.454], [99.919, 0.436], [99.955, 0.421], [99.983, 0.433], [99.989, 0.467], [100.018, 0.469], [100.027, 0.491], [100.052, 0.491], [100.06, 0.505], [100.096, 0.509], [100.096, 0.516], [100.113, 0.522], [100.114, 0.531], [100.101, 0.541], [100.105, 0.547]]]}}, {"type": "Feature", "properties": {"domain_id": "1372021003", "name": "TANJUNG PAKU"}, "geometry": {"type": "Polygon", "coordinates": [[[100.662, -0.765], [100.657, -0.789], [100.673, -0.78], [100.674, -0.768], [100.662, -0.765]]]}}, {"type": "Feature", "properties": {"domain_id": "1310012005", "name": "AMPANG KURANJI"}, "geometry": {"type": "Polygon", "coordinates": [[[101.72, -1.18], [101.7, -1.112], [101.652, -1.13], [101.612, -1.129], [101.646, -1.144], [101.65, -1.14], [101.667, -1.159], [101.672, -1.155], [101.686, -1.16], [101.707, -1.18], [101.72, -1.18]]]}}, {"type": "Feature", "properties": {"domain_id": "1310052004", "name": "BANAI"}, "geometry": {"type": "Polygon", "coordinates": [[[101.233, -1.005], [101.209, -0.996], [101.199, -0.979], [101.183, -1.006], [101.184, -1.03], [101.142, -1.037], [101.166, -1.055], [101.158, -1.071], [101.165, -1.074], [101.174, -1.097], [101.167, -1.103], [101.176, -1.1], [101.198, -1.107], [101.215, -1.135], [101.232, -1.151], [101.258, -1.143], [101.263, -1.167], [101.293, -1.174], [101.299, -1.144], [101.314, -1.145], [101.351, -1.131], [101.34, -1.077], [101.349, -1.06], [101.343, -1.045], [101.302, -1.041], [101.284, -1.033], [101.276, -1.045], [101.263, -1.044], [101.247, -1.028], [101.241, -1.038], [101.232, -1.029], [101.233, -1.005]]]}}, {"type": "Feature", "properties": {"domain_id": "1371011006", "name": "SEBERANG PALINGGAM"}, "geometry": {"type": "Polygon", "coordinates": [[[100.372, -0.963], [100.366, -0.962], [100.364, -0.969], [100.377, -0.966], [100.372, -0.963]]]}}, {"type": "Feature", "properties": {"domain_id": "1374021001", "name": "BUKIT SURUNGAN"}, "geometry": {"type": "Polygon", "coordinates": [[[100.404, -0.451], [100.395, -0.45], [100.4, -0.462], [100.404, -0.451]]]}}, {"type": "Feature", "properties": {"domain_id": "1377022021", "name": "CUBADAK AIR"}, "geometry": {"type": "Polygon", "coordinates": [[[100.124, -0.578], [100.118, -0.575], [100.114, -0.589], [100.124, -0.578]]]}}, {"type": "Feature", "properties": {"domain_id": "1377042003", "name": "KAMPUNG BARU PADUSUNAN"}, "geometry": {"type": "Polygon", "coordinates": [[[100.136, -0.582], [100.121, -0.599], [100.129, -0.595], [100.136, -0.582]]]}}, {"type": "Feature", "properties": {"domain_id": "1302092005", "name": "BUKIK BAIS"}, "geometry": {"type": "Polygon", "coordinates": [[[100.768, -0.801], [100.756, -0.804], [100.747, -0.815], [100.75, -0.825], [100.737, -0.845], [100.743, -0.856], [100.765, -0.849], [100.785, -0.824], [100.785, -0.809], [100.768, -0.801]]]}}, {"type": "Feature", "properties": {"domain_id": "1303042003", "name": "SILOKEK"}, "geometry": {"type": "Polygon", "coordinates": [[[101.054, -0.604], [101.028, -0.596], [101.0, -0.598], [100.99, -0.589], [100.966, -0.593], [100.96, -0.604], [100.961, -0.63], [100.952, -0.637], [100.997, -0.649], [101.009, -0.661], [101.019, -0.643], [101.035, -0.636], [101.054, -0.604]]]}}, {"type": "Feature", "properties": {"domain_id": "1310052002", "name": "LUBUAK KARAK"}, "geometry": {"type": "Polygon", "coordinates": [[[101.274, -0.953], [101.258, -0.933], [101.233, -0.932], [101.217, -0.921], [101.208, -0.924], [101.208, -0.946], [101.191, -0.951], [101.201, -0.957], [101.205, -0.968], [101.199, -0.979], [101.209, -0.996], [101.233, -1.005], [101.245, -0.992], [101.27, -0.986], [101.274, -0.953]]]}}, {"type": "Feature", "properties": {"domain_id": "1310112005", "name": "ABAI SIAT"}, "geometry": {"type": "Polygon", "coordinates": [[[101.621, -1.136], [101.609, -1.135], [101.623, -1.157], [101.637, -1.163], [101.636, -1.171], [101.625, -1.185], [101.58, -1.209], [101.601, -1.23], [101.62, -1.228], [101.631, -1.209], [101.659, -1.2], [101.662, -1.184], [101.675, -1.186], [101.698, -1.17], [101.686, -1.16], [101.672, -1.155], [101.667, -1.159], [101.65, -1.14], [101.646, -1.144], [101.634, -1.134], [101.621, -1.136]]]}}, {"type": "Feature", "properties": {"domain_id": "1311062001", "name": "ALAM PAUH DUO"}, "geometry": {"type": "Polygon", "coordinates": [[[101.205, -1.426], [101.189, -1.436], [101.162, -1.472], [101.165, -1.482], [101.133, -1.475], [101.126, -1.489], [101.082, -1.513], [101.132, -1.574], [101.122, -1.584], [101.137, -1.628], [101.124, -1.678], [101.132, -1.685], [101.139, -1.685], [101.147, -1.666], [101.148, -1.613], [101.16, -1.589], [101.153, -1.578], [101.158, -1.556], [101.168, -1.531], [101.192, -1.515], [101.183, -1.492], [101.187, -1.483], [101.201, -1.477], [101.181, -1.46], [101.205, -1.426]]]}}, {"type": "Feature", "properties": {"domain_id": "1371051005", "name": "TELUK KABUNG TENGAH"}, "geometry": {"type": "MultiPolygon", "coordinates": [[[[100.381, -1.064], [100.364, -1.076], [100.366, -1.091], [100.398, -1.086], [100.424, -1.099], [100.425, -1.072], [100.434, -1.067], [100.411, -1.067], [100.408, -1.075], [100.397, -1.066], [100.39, -1.077], [100.381, -1.064]]], [[[100.417, -1.127], [100.433, -1.115], [100.421, -1.103], [100.398, -1.12], [100.391, -1.133], [100.417, -1.127]]]]}}, {"type": "Feature", "properties": {"domain_id": "1305042004", "name": "SUNGAI ASAM"}, "geometry": {"type": "Polygon", "coordinates": [[[100.25, -0.58], [100.246, -0.601], [100.273, -0.606], [100.279, -0.585], [100.25, -0.58]]]}}, {"type": "Feature", "properties": {"domain_id": "1305052010", "name": "LIMPATO SUNGAI SARIAK"}, "geometry": {"type": "Polygon", "coordinates": [[[100.231, -0.607], [100.215, -0.6], [100.208, -0.61], [100.21, -0.626], [100.226, -0.626], [100.234, -0.619], [100.231, -0.607]]]}}, {"type": "Feature", "properties": {"domain_id": "1301062019", "name": "GURUN PANJANG UTARA"}, "geometry": {"type": "Polygon", "coordinates": [[[100.552, -1.253], [100.547, -1.251], [100.532, -1.262], [100.525, -1.283], [100.542, -1.287], [100.538, -1.273], [100.547, -1.276], [100.545, -1.264], [100.552, -1.253]]]}}, {"type": "Feature", "properties": {"domain_id": "1301072003", "name": "DUKU"}, "geometry": {"type": "Polygon", "coordinates": [[[100.522, -1.22], [100.535, -1.209], [100.529, -1.194], [100.509, -1.209], [100.478, -1.206], [100.473, -1.215], [100.51, -1.234], [100.522, -1.228], [100.522, -1.22]]]}}, {"type": "Feature", "properties": {"domain_id": "1301092014", "name": "MUARA GADANG AIR HAJI"}, "geometry": {"type": "Polygon", "coordinates": [[[100.901, -1.979], [100.901, -1.958], [100.869, -1.958], [100.871, -1.993], [100.882, -1.978], [100.901, -1.979]]]}}, {"type": "Feature", "properties": {"domain_id": "1301072011", "name": "KAPUAH UTARA"}, "geometry": {"type": "Polygon", "coordinates": [[[100.494, -1.257], [100.492, -1.249], [100.479, -1.259], [100.473, -1.252], [100.468, -1.27], [100.488, -1.27], [100.494, -1.257]]]}}, {"type": "Feature", "properties": {"domain_id": "1305092002", "name": "III KOTO AUR MALINTANG UTARA"}, "geometry": {"type": "Polygon", "coordinates": [[[100.102, -0.321], [100.067, -0.325], [100.06, -0.345], [100.072, -0.345], [100.073, -0.35], [100.107, -0.346], [100.102, -0.321]]]}}, {"type": "Feature", "properties": {"domain_id": "1301102015", "name": "SINDANG LUNANG"}, "geometry": {"type": "Polygon", "coordinates": [[[101.28, -2.251], [101.275, -2.217], [101.216, -2.24], [101.179, -2.261], [101.174, -2.282], [101.148, -2.279], [101.134, -2.29], [101.114, -2.29], [101.111, -2.326], [101.1, -2.33], [101.078, -2.327], [101.054, -2.314], [101.055, -2.287], [101.034, -2.286], [101.02, -2.263], [101.004, -2.262], [100.982, -2.244], [100.957, -2.245], [100.97, -2.267], [100.976, -2.265], [100.978, -2.282], [100.988, -2.297], [100.989, -2.327], [101.094, -2.344], [101.154, -2.333], [101.186, -2.335], [101.205, -2.3], [101.281, -2.259], [101.28, -2.251]]]}}, {"type": "Feature", "properties": {"domain_id": "1305102007", "name": "SANDI ULAKAN"}, "geometry": {"type": "Polygon", "coordinates": [[[100.207, -0.672], [100.194, -0.669], [100.187, -0.694], [100.203, -0.689], [100.207, -0.672]]]}}, {"type": "Feature", "properties": {"domain_id": "1301102016", "name": "PONDOK PARIAN LUNANG"}, "geometry": {"type": "Polygon", "coordinates": [[[101.262, -2.144], [101.244, -2.141], [101.194, -2.16], [101.188, -2.169], [101.162, -2.176], [101.123, -2.203], [101.116, -2.19], [101.094, -2.208], [101.072, -2.208], [101.072, -2.218], [101.05, -2.217], [100.982, -2.247], [101.005, -2.263], [101.039, -2.27], [101.068, -2.256], [101.074, -2.239], [101.101, -2.229], [101.108, -2.215], [101.125, -2.218], [101.262, -2.144]]]}}, {"type": "Feature", "properties": {"domain_id": "1302072003", "name": "KOTO GADANG GUGUAK"}, "geometry": {"type": "Polygon", "coordinates": [[[100.637, -0.91], [100.623, -0.914], [100.625, -0.952], [100.633, -0.958], [100.658, -0.96], [100.661, -0.969], [100.666, -0.968], [100.672, -0.964], [100.661, -0.934], [100.642, -0.931], [100.637, -0.91]]]}}, {"type": "Feature", "properties": {"domain_id": "1306022003", "name": "KAMPUNG PINANG"}, "geometry": {"type": "Polygon", "coordinates": [[[100.01, -0.324], [100.017, -0.3], [99.983, -0.283], [99.996, -0.319], [100.01, -0.324]]]}}, {"type": "Feature", "properties": {"domain_id": "1303042007", "name": "DURIAN GADANG"}, "geometry": {"type": "Polygon", "coordinates": [[[101.026, -0.343], [101.004, -0.325], [100.979, -0.365], [100.981, -0.405], [100.975, -0.429], [100.992, -0.479], [100.989, -0.515], [100.972, -0.542], [100.984, -0.556], [100.983, -0.578], [101.001, -0.598], [101.028, -0.596], [101.054, -0.604], [101.077, -0.594], [101.11, -0.592], [101.161, -0.629], [101.174, -0.646], [101.173, -0.631], [101.138, -0.604], [101.126, -0.575], [101.124, -0.543], [101.135, -0.522], [101.11, -0.501], [101.089, -0.509], [101.067, -0.504], [101.066, -0.489], [101.051, -0.472], [101.038, -0.445], [101.041, -0.424], [101.028, -0.396], [101.041, -0.387], [101.042, -0.372], [101.038, -0.352], [101.026, -0.343]]]}}, {"type": "Feature", "properties": {"domain_id": "1307062001", "name": "MANGGILANG"}, "geometry": {"type": "Polygon", "coordinates": [[[100.792, 0.069], [100.769, 0.073], [100.754, 0.055], [100.724, 0.046], [100.756, 0.014], [100.761, -0.021], [100.781, -0.03], [100.794, -0.021], [100.808, -0.02], [100.805, -0.038], [100.817, -0.049], [100.817, -0.034], [100.825, -0.035], [100.829, -0.028], [100.824, -0.02], [100.843, -0.006], [100.845, 0.034], [100.865, 0.045], [100.833, 0.068], [100.827, 0.055], [100.801, 0.05], [100.792, 0.069]]]}}, {"type": "Feature", "properties": {"domain_id": "1303092003", "name": "UNGGAN"}, "geometry": {"type": "Polygon", "coordinates": [[[100.997, -0.319], [100.949, -0.312], [100.945, -0.317], [100.901, -0.325], [100.89, -0.333], [100.891, -0.341], [100.874, -0.345], [100.861, -0.332], [100.844, -0.349], [100.825, -0.353], [100.833, -0.369], [100.834, -0.397], [100.896, -0.403], [100.946, -0.389], [100.982, -0.39], [100.981, -0.355], [101.004, -0.325], [100.997, -0.319]]]}}, {"type": "Feature", "properties": {"domain_id": "1303092005", "name": "SUMPUR KUDUS"}, "geometry": {"type": "Polygon", "coordinates": [[[100.921, -0.422], [100.876, -0.42], [100.85, -0.425], [100.844, -0.421], [100.849, -0.427], [100.835, -0.468], [100.839, -0.481], [100.817, -0.49], [100.832, -0.495], [100.848, -0.488], [100.845, -0.471], [100.858, -0.452], [100.869, -0.452], [100.871, -0.464], [100.881, -0.472], [100.94, -0.45], [100.921, -0.422]]]}}, {"type": "Feature", "properties": {"domain_id": "1304142001", "name": "BATU TABA"}, "geometry": {"type": "Polygon", "coordinates": [[[100.522, -0.518], [100.512, -0.519], [100.498, -0.551], [100.524, -0.578], [100.525, -0.55], [100.533, -0.536], [100.522, -0.518]]]}}, {"type": "Feature", "properties": {"domain_id": "1305072003", "name": "BATU GADANG KURANJI HULU"}, "geometry": {"type": "Polygon", "coordinates": [[[100.087, -0.426], [100.083, -0.42], [100.075, -0.423], [100.051, -0.44], [100.053, -0.445], [100.042, -0.459], [100.047, -0.482], [100.065, -0.48], [100.065, -0.462], [100.082, -0.443], [100.087, -0.426]]]}}, {"type": "Feature", "properties": {"domain_id": "1305152004", "name": "KAPALO HILALANG"}, "geometry": {"type": "Polygon", "coordinates": [[[100.315, -0.533], [100.308, -0.478], [100.295, -0.5], [100.283, -0.506], [100.274, -0.549], [100.302, -0.569], [100.31, -0.56], [100.306, -0.551], [100.315, -0.533]]]}}, {"type": "Feature", "properties": {"domain_id": "1307052004", "name": "BUKIK LIMBUKU"}, "geometry": {"type": "Polygon", "coordinates": [[[100.703, -0.177], [100.692, -0.177], [100.688, -0.19], [100.672, -0.197], [100.678, -0.197], [100.682, -0.206], [100.691, -0.204], [100.703, -0.177]]]}}, {"type": "Feature", "properties": {"domain_id": "1309032005", "name": "MATOTONAN"}, "geometry": {"type": "Polygon", "coordinates": [[[99.047, -1.513], [99.034, -1.492], [99.012, -1.504], [99.011, -1.496], [98.995, -1.488], [98.987, -1.491], [98.964, -1.477], [98.955, -1.482], [98.974, -1.519], [98.965, -1.531], [98.971, -1.536], [98.976, -1.531], [98.993, -1.557], [99.008, -1.561], [99.018, -1.578], [99.015, -1.585], [99.028, -1.597], [99.035, -1.594], [99.03, -1.571], [99.039, -1.538], [99.034, -1.533], [99.047, -1.513]]]}}, {"type": "Feature", "properties": {"domain_id": "1309052002", "name": "SIMALEGI"}, "geometry": {"type": "MultiPolygon", "coordinates": [[[[98.693, -0.959], [98.685, -0.959], [98.663, -0.98], [98.657, -1.089], [98.65, -1.107], [98.641, -1.11], [98.637, -1.142], [98.633, -1.149], [98.627, -1.148], [98.616, -1.183], [98.597, -1.199], [98.603, -1.226], [98.636, -1.26], [98.641, -1.277], [98.637, -1.287], [98.663, -1.324], [98.678, -1.314], [98.672, -1.301], [98.688, -1.289], [98.7, -1.306], [98.74, -1.32], [98.747, -1.319], [98.761, -1.301], [98.772, -1.311], [98.777, -1.304], [98.801, -1.307], [98.809, -1.317], [98.823, -1.305], [98.811, -1.267], [98.831, -1.245], [98.816, -1.224], [98.818, -1.213], [98.811, -1.196], [98.784, -1.168], [98.796, -1.162], [98.791, -1.16], [98.796, -1.139], [98.787, -1.127], [98.789, -1.107], [98.78, -1.093], [98.771, -1.092], [98.754, -1.06], [98.76, -1.048], [98.741, -1.044], [98.732, -1.03], [98.729, -1.022], [98.739, -1.016], [98.729, -0.996], [98.71, -0.977], [98.695, -0.975], [98.693, -0.959]]]]}}, {"type": "Feature", "properties": {"domain_id": "1309082002", "name": "GOISOOINAN"}, "geometry": {"type": "MultiPolygon", "coordinates": [[[[99.616, -2.038], [99.614, -2.031], [99.604, -2.048], [99.609, -2.052], [99.607, -2.078], [99.617, -2.078], [99.617, -2.084], [99.629, -2.091], [99.644, -2.092], [99.653, -2.086], [99.676, -2.108], [99.703, -2.094], [99.701, -2.085], [99.693, -2.086], [99.692, -2.077], [99.667, -2.065], [99.652, -2.048], [99.643, -2.051], [99.641, -2.045], [99.637, -2.05], [99.634, -2.044], [99.64, -2.037], [99.616, -2.038]]], [[[99.616, -2.031], [99.615, -2.03], [99.614, -2.031], [99.616, -2.031]]], [[[99.616, -2.031], [99.617, -2.03], [99.616, -2.029], [99.616, -2.031]]], [[[99.622, -2.029], [99.616, -2.034], [99.625, -2.035], [99.626, -2.029], [99.622, -2.029]]]]}}, {"type": "Feature", "properties": {"domain_id": "1310112002", "name": "KOTO TINGGI"}, "geometry": {"type": "Polygon", "coordinates": [[[101.689, -1.241], [101.683, -1.224], [101.666, -1.22], [101.656, -1.224], [101.65, -1.248], [101.635, -1.248], [101.636, -1.258], [101.642, -1.258], [101.644, -1.266], [101.657, -1.267], [101.682, -1.251], [101.677, -1.244], [101.689, -1.241]]]}}, {"type": "Feature", "properties": {"domain_id": "1371031003", "name": "UJUNG GURUN"}, "geometry": {"type": "Polygon", "coordinates": [[[100.361, -0.931], [100.353, -0.932], [100.358, -0.937], [100.361, -0.931]]]}}, {"type": "Feature", "properties": {"domain_id": "1301092015", "name": "SUNGAI SIRAH AIR HAJI"}, "geometry": {"type": "Polygon", "coordinates": [[[101.118, -1.82], [101.068, -1.824], [101.05, -1.846], [101.023, -1.842], [100.971, -1.899], [100.932, -1.922], [100.914, -1.943], [100.91, -1.954], [100.919, -1.978], [100.932, -1.953], [100.932, -1.937], [100.955, -1.923], [100.97, -1.923], [100.999, -1.889], [101.034, -1.879], [101.06, -1.856], [101.108, -1.853], [101.118, -1.82]]]}}, {"type": "Feature", "properties": {"domain_id": "1311022006", "name": "PULAKEK KOTO BARU"}, "geometry": {"type": "Polygon", "coordinates": [[[101.162, -1.472], [101.124, -1.465], [101.065, -1.496], [101.075, -1.511], [101.089, -1.512], [101.126, -1.489], [101.133, -1.475], [101.158, -1.484], [101.165, -1.482], [101.162, -1.472]]]}}, {"type": "Feature", "properties": {"domain_id": "1372011002", "name": "VI SUKU"}, "geometry": {"type": "Polygon", "coordinates": [[[100.647, -0.779], [100.634, -0.765], [100.628, -0.768], [100.632, -0.781], [100.646, -0.794], [100.654, -0.793], [100.645, -0.785], [100.647, -0.779]]]}}, {"type": "Feature", "properties": {"domain_id": "1301062012", "name": "SAWAH LAWEH PASAR BARU"}, "geometry": {"type": "Polygon", "coordinates": [[[100.521, -1.275], [100.507, -1.262], [100.496, -1.262], [100.496, -1.284], [100.511, -1.286], [100.521, -1.275]]]}}, {"type": "Feature", "properties": {"domain_id": "1305072001", "name": "KURANJI HULU"}, "geometry": {"type": "Polygon", "coordinates": [[[100.108, -0.413], [100.097, -0.412], [100.089, -0.419], [100.082, -0.443], [100.065, -0.462], [100.067, -0.477], [100.086, -0.474], [100.1, -0.482], [100.101, -0.452], [100.115, -0.425], [100.103, -0.42], [100.108, -0.413]]]}}, {"type": "Feature", "properties": {"domain_id": "1305092005", "name": "BALAI BAIAK MALAI III KOTO"}, "geometry": {"type": "Polygon", "coordinates": [[[100.074, -0.378], [100.053, -0.384], [99.997, -0.38], [99.994, -0.385], [99.999, -0.399], [99.987, -0.399], [99.98, -0.406], [100.011, -0.423], [100.033, -0.413], [100.035, -0.405], [100.072, -0.394], [100.074, -0.378]]]}}, {"type": "Feature", "properties": {"domain_id": "1306072005", "name": "AMPANG GADANG"}, "geometry": {"type": "Polygon", "coordinates": [[[100.422, -0.293], [100.393, -0.29], [100.404, -0.314], [100.42, -0.302], [100.422, -0.293]]]}}, {"type": "Feature", "properties": {"domain_id": "1306082007", "name": "KOTO BARU"}, "geometry": {"type": "Polygon", "coordinates": [[[100.449, -0.259], [100.445, -0.251], [100.432, -0.263], [100.444, -0.265], [100.449, -0.259]]]}}, {"type": "Feature", "properties": {"domain_id": "1307022005", "name": "SIMPANG SUGIRAN"}, "geometry": {"type": "Polygon", "coordinates": [[[100.518, -0.155], [100.498, -0.162], [100.498, -0.171], [100.528, -0.197], [100.533, -0.181], [100.518, -0.155]]]}}, {"type": "Feature", "properties": {"domain_id": "1308152002", "name": "MUARO SUNGAI LOLO"}, "geometry": {"type": "Polygon", "coordinates": [[[100.257, 0.445], [100.23, 0.417], [100.19, 0.426], [100.149, 0.45], [100.142, 0.411], [100.162, 0.39], [100.166, 0.338], [100.176, 0.307], [100.171, 0.268], [100.183, 0.248], [100.195, 0.181], [100.241, 0.144], [100.241, 0.12], [100.254, 0.113], [100.267, 0.093], [100.314, 0.086], [100.324, 0.097], [100.321, 0.12], [100.327, 0.125], [100.329, 0.152], [100.353, 0.171], [100.353, 0.179], [100.347, 0.205], [100.338, 0.204], [100.334, 0.255], [100.316, 0.274], [100.32, 0.286], [100.308, 0.302], [100.323, 0.319], [100.333, 0.351], [100.325, 0.357], [100.326, 0.366], [100.302, 0.386], [100.301, 0.396], [100.29, 0.399], [100.276, 0.412], [100.257, 0.445]]]}}, {"type": "Feature", "properties": {"domain_id": "1308172001", "name": "PADANG GELUGUR"}, "geometry": {"type": "Polygon", "coordinates": [[[100.08, 0.417], [100.078, 0.45], [100.082, 0.462], [100.058, 0.466], [100.043, 0.452], [100.033, 0.464], [100.01, 0.459], [100.031, 0.438], [100.046, 0.436], [100.037, 0.427], [100.052, 0.422], [100.052, 0.412], [100.08, 0.417]]]}}, {"type": "Feature", "properties": {"domain_id": "1371061012", "name": "PEGAMBIRAN AMPALU NAN XX"}, "geometry": {"type": "Polygon", "coordinates": [[[100.424, -0.983], [100.409, -0.966], [100.392, -0.981], [100.411, -0.999], [100.424, -0.983]]]}}, {"type": "Feature", "properties": {"domain_id": "1375021001", "name": "CAMPAGO GUGUK BULEK"}, "geometry": {"type": "Polygon", "coordinates": [[[100.387, -0.283], [100.377, -0.288], [100.378, -0.296], [100.393, -0.29], [100.395, -0.285], [100.387, -0.283]]]}}, {"type": "Feature", "properties": {"domain_id": "1375021004", "name": "KUBU GULAI BANCAH"}, "geometry": {"type": "Polygon", "coordinates": [[[100.381, -0.284], [100.354, -0.281], [100.366, -0.293], [100.381, -0.284]]]}}]}