{"type": "FeatureCollection", "features": [{"type": "Feature", "properties": {"domain_id": "360106", "name": "PANIMBANG"}, "geometry": {"type": "MultiPolygon", "coordinates": [[[[105.71304, -6.53234], [105.71627, -6.53273], [105.72091, -6.53212], [105.72463, -6.53114], [105.7246, -6.53073], [105.72509, -6.53035], [105.7248, -6.53113], [105.72649, -6.53059], [105.7274, -6.53006], [105.72717, -6.52925], [105.72592, -6.52985], [105.72714, -6.52918], [105.72755, -6.52994], [105.72728, -6.53074], [105.72749, -6.53072], [105.72792, -6.52977], [105.73212, -6.52719], [105.735, -6.5243], [105.73264, -6.5202], [105.73328, -6.51867], [105.7329, -6.51699], [105.73486, -6.52136], [105.73701, -6.52147], [105.74529, -6.51975], [105.74656, -6.52072], [105.75041, -6.5211], [105.7524, -6.52211], [105.75424, -6.52124], [105.76377, -6.5196], [105.76939, -6.51659], [105.77004, -6.51724], [105.77213, -6.51648], [105.77258, -6.51521], [105.78111, -6.50789], [105.78256, -6.50734], [105.79066, -6.49672], [105.79224, -6.49376], [105.79479, -6.49151], [105.79769, -6.49159], [105.80054, -6.48916], [105.8044, -6.48861], [105.80485, -6.48605], [105.80597, -6.48509], [105.80686, -6.48534], [105.80732, -6.48781], [105.80882, -6.48846], [105.80939, -6.48799], [105.80922, -6.48622], [105.80983, -6.48502], [105.81106, -6.48434], [105.81266, -6.4846], [105.8128, -6.48586], [105.8109, -6.48698], [105.81084, -6.48826], [105.81152, -6.48876], [105.81362, -6.48819], [105.81481, -6.49021], [105.81742, -6.49021], [105.81693, -6.49265], [105.81738, -6.49534], [105.81845, -6.49568], [105.81878, -6.49401], [105.81934, -6.49393], [105.8193, -6.49642], [105.82095, -6.49839], [105.82002, -6.50231], [105.82634, -6.50463], [105.82663, -6.50783], [105.82569, -6.51055], [105.82653, -6.51216], [105.82645, -6.51348], [105.82519, -6.51293], [105.82439, -6.51387], [105.82298, -6.51409], [105.81918, -6.51919], [105.81797, -6.51873], [105.81606, -6.5202], [105.81343, -6.5211], [105.81281, -6.52264], [105.80745, -6.52207], [105.80496, -6.53004], [105.8025, -6.53276], [105.80217, -6.53647], [105.80269, -6.5378], [105.80161, -6.53902], [105.80134, -6.54057], [105.79506, -6.54032], [105.79203, -6.541], [105.79101, -6.53824], [105.78822, -6.53769], [105.78482, -6.53759], [105.78139, -6.53876], [105.7798, -6.53835], [105.78022, -6.54766], [105.7798, -6.54807], [105.77799, -6.54686], [105.77485, -6.5481], [105.77455, -6.54727], [105.77307, -6.54665], [105.77327, -6.5455], [105.77249, -6.54556], [105.77082, -6.55033], [105.76744, -6.55438], [105.76515, -6.55553], [105.76217, -6.55471], [105.76177, -6.55248], [105.75688, -6.55217], [105.75426, -6.551], [105.74988, -6.55106], [105.74893, -6.55411], [105.75008, -6.55649], [105.74967, -6.55682], [105.74802, -6.55574], [105.74684, -6.55667], [105.74296, -6.55713], [105.74118, -6.56048], [105.73615, -6.55937], [105.73128, -6.56139], [105.72578, -6.561], [105.72099, -6.56255], [105.71822, -6.56202], [105.71467, -6.56319], [105.71188, -6.5618], [105.71468, -6.56082], [105.71484, -6.55948], [105.71417, -6.55919], [105.71345, -6.55681], [105.71425, -6.55542], [105.71412, -6.55436], [105.70956, -6.55476], [105.7084, -6.55315], [105.70229, -6.55278], [105.70226, -6.55102], [105.70117, -6.55039], [105.69918, -6.55054], [105.69777, -6.5516], [105.6911, -6.5487], [105.68509, -6.54867], [105.68339, -6.54931], [105.68119, -6.54774], [105.68208, -6.54485], [105.67902, -6.54262], [105.6782, -6.54021], [105.67728, -6.54019], [105.67699, -6.54127], [105.67617, -6.54071], [105.67608, -6.53914], [105.67503, -6.54035], [105.67417, -6.54032], [105.67441, -6.54154], [105.67526, -6.54164], [105.67511, -6.54227], [105.67351, -6.54291], [105.67427, -6.54327], [105.67485, -6.54512], [105.67372, -6.54484], [105.67291, -6.54614], [105.67118, -6.54627], [105.67038, -6.55024], [105.66799, -6.55055], [105.6677, -6.55149], [105.6669, -6.55159], [105.66782, -6.5541], [105.66605, -6.55637], [105.66813, -6.55898], [105.66837, -6.56048], [105.66718, -6.56196], [105.66699, -6.56368], [105.66601, -6.56416], [105.66516, -6.56736], [105.66193, -6.56762], [105.65862, -6.56976], [105.65784, -6.57062], [105.65764, -6.57249], [105.65687, -6.57258], [105.65685, -6.5742], [105.65367, -6.57276], [105.65367, -6.57123], [105.6504, -6.56598], [105.64925, -6.56167], [105.64843, -6.56078], [105.64628, -6.56029], [105.64487, -6.55859], [105.64574, -6.55623], [105.64437, -6.55315], [105.64405, -6.5507], [105.6445, -6.54912], [105.64566, -6.54845], [105.64581, -6.54687], [105.64357, -6.5461], [105.64092, -6.5439], [105.63885, -6.54367], [105.63809, -6.54439], [105.63795, -6.54794], [105.63669, -6.54886], [105.63271, -6.54983], [105.63154, -6.55149], [105.63017, -6.55179], [105.6285, -6.55069], [105.62714, -6.55113], [105.62648, -6.54946], [105.62543, -6.55012], [105.62502, -6.5514], [105.62267, -6.54935], [105.62311, -6.54703], [105.62212, -6.54553], [105.62317, -6.54449], [105.62313, -6.54248], [105.62238, -6.53692], [105.6244, -6.53452], [105.62437, -6.53047], [105.62765, -6.52723], [105.6276, -6.52478], [105.62929, -6.52114], [105.62869, -6.51967], [105.62943, -6.51959], [105.63087, -6.51771], [105.63212, -6.51775], [105.63377, -6.51623], [105.63544, -6.51043], [105.64001, -6.5045], [105.63973, -6.50156], [105.64019, -6.50051], [105.64606, -6.49724], [105.64818, -6.49315], [105.64986, -6.49235], [105.64975, -6.49047], [105.64845, -6.48918], [105.64792, -6.48721], [105.64835, -6.48451], [105.65001, -6.48123], [105.65653, -6.4784], [105.65785, -6.47873], [105.65807, -6.47964], [105.66154, -6.48088], [105.66206, -6.48251], [105.66384, -6.4829], [105.66444, -6.48169], [105.66788, -6.47882], [105.66769, -6.47738], [105.66588, -6.47427], [105.66585, -6.47156], [105.66823, -6.47136], [105.67185, -6.47273], [105.67388, -6.47463], [105.6766, -6.47534], [105.67898, -6.47787], [105.67879, -6.47985], [105.6779, -6.4816], [105.67628, -6.48272], [105.67564, -6.48562], [105.67771, -6.48943], [105.67766, -6.49274], [105.67704, -6.49303], [105.67326, -6.50093], [105.67303, -6.50715], [105.67485, -6.51048], [105.67561, -6.51115], [105.67646, -6.51079], [105.67746, -6.51239], [105.67957, -6.51356], [105.68102, -6.51367], [105.68125, -6.51294], [105.68334, -6.51396], [105.68313, -6.51458], [105.68463, -6.5155], [105.68418, -6.51688], [105.68505, -6.51773], [105.68435, -6.51812], [105.68657, -6.51937], [105.68645, -6.52166], [105.68796, -6.52292], [105.69414, -6.52459], [105.69431, -6.52294], [105.69498, -6.52311], [105.69434, -6.52439], [105.69606, -6.52524], [105.70386, -6.52582], [105.70495, -6.52744], [105.70849, -6.52742], [105.70927, -6.5305], [105.70858, -6.53079], [105.70859, -6.53089], [105.71304, -6.53234]]], [[[105.72582, -6.49145], [105.72602, -6.49324], [105.72345, -6.49346], [105.71957, -6.49036], [105.71896, -6.48828], [105.72046, -6.48835], [105.72582, -6.49145]]]]}}, {"type": "Feature", "properties": {"domain_id": "360126", "name": "CIKEDAL"}, "geometry": {"type": "Polygon", "coordinates": [[[105.90649, -6.39529], [105.90859, -6.3968], [105.90841, -6.39797], [105.90678, -6.39921], [105.90785, -6.40421], [105.90601, -6.40381], [105.9044, -6.40512], [105.90578, -6.40587], [105.90798, -6.40571], [105.9128, -6.40704], [105.91207, -6.40772], [105.91213, -6.40926], [105.91185, -6.40822], [105.91052, -6.40865], [105.9093, -6.40768], [105.90888, -6.41018], [105.90742, -6.40985], [105.90657, -6.41071], [105.90542, -6.41561], [105.9031, -6.41714], [105.90285, -6.41934], [105.89735, -6.42085], [105.89727, -6.42168], [105.89577, -6.42232], [105.89533, -6.42397], [105.89296, -6.42521], [105.89224, -6.42401], [105.89135, -6.4157], [105.89019, -6.41382], [105.88988, -6.40972], [105.88843, -6.40843], [105.88537, -6.40947], [105.88566, -6.41034], [105.88464, -6.41162], [105.88273, -6.41181], [105.88123, -6.41143], [105.87959, -6.41188], [105.87834, -6.41124], [105.87702, -6.41195], [105.87641, -6.41017], [105.87701, -6.40992], [105.87599, -6.40919], [105.87194, -6.41089], [105.8722, -6.41357], [105.87139, -6.41441], [105.87022, -6.41435], [105.86918, -6.41212], [105.87044, -6.41117], [105.87097, -6.40832], [105.87156, -6.40779], [105.8748, -6.40791], [105.87211, -6.40541], [105.87377, -6.40418], [105.87415, -6.40046], [105.87947, -6.39928], [105.87841, -6.39715], [105.87862, -6.39458], [105.87643, -6.39265], [105.87382, -6.39271], [105.86638, -6.39717], [105.86261, -6.39791], [105.86249, -6.39315], [105.86349, -6.39238], [105.86509, -6.39247], [105.86518, -6.39108], [105.86661, -6.39102], [105.8653, -6.39044], [105.86574, -6.38523], [105.86465, -6.38393], [105.86479, -6.38273], [105.86322, -6.38207], [105.86408, -6.38127], [105.86255, -6.38121], [105.86163, -6.38026], [105.85927, -6.37954], [105.85829, -6.38022], [105.85959, -6.38095], [105.85825, -6.38136], [105.85275, -6.37945], [105.85286, -6.37754], [105.8511, -6.37707], [105.84894, -6.37476], [105.84963, -6.3735], [105.85085, -6.37331], [105.85166, -6.37446], [105.85355, -6.37429], [105.85397, -6.37371], [105.85358, -6.37267], [105.85447, -6.3729], [105.85428, -6.37224], [105.85672, -6.37122], [105.85798, -6.36642], [105.85797, -6.36264], [105.86102, -6.363], [105.86081, -6.36206], [105.86234, -6.35954], [105.86501, -6.35844], [105.86459, -6.35591], [105.86646, -6.35532], [105.86706, -6.35449], [105.87029, -6.35701], [105.87064, -6.36061], [105.8737, -6.36292], [105.87911, -6.3647], [105.87913, -6.36674], [105.88192, -6.36529], [105.88283, -6.36675], [105.88342, -6.36666], [105.88378, -6.36407], [105.886, -6.36318], [105.88669, -6.36348], [105.8872, -6.36257], [105.88819, -6.36231], [105.88834, -6.36103], [105.89042, -6.35971], [105.89156, -6.35752], [105.90112, -6.36347], [105.90044, -6.36406], [105.89913, -6.36339], [105.89928, -6.36561], [105.8986, -6.3666], [105.89682, -6.36674], [105.89773, -6.36892], [105.89673, -6.37003], [105.89733, -6.3711], [105.89822, -6.37095], [105.89903, -6.37296], [105.90095, -6.37396], [105.90105, -6.37528], [105.90313, -6.3774], [105.90945, -6.37764], [105.9095, -6.38], [105.91006, -6.38086], [105.91173, -6.38125], [105.91155, -6.38476], [105.90969, -6.38692], [105.90891, -6.3903], [105.90736, -6.39152], [105.90569, -6.39435], [105.9056, -6.39487], [105.90649, -6.39529]]]}}, {"type": "Feature", "properties": {"domain_id": "360103", "name": "CIBALIUNG"}, "geometry": {"type": "Polygon", "coordinates": [[[105.79064, -6.75], [105.7897, -6.75134], [105.78987, -6.75399], [105.78909, -6.75419], [105.78838, -6.75291], [105.78734, -6.7527], [105.78295, -6.75488], [105.7817, -6.75681], [105.78296, -6.7587], [105.78186, -6.75968], [105.78192, -6.7612], [105.78031, -6.76189], [105.77991, -6.76371], [105.77931, -6.76381], [105.78012, -6.76526], [105.78049, -6.77076], [105.77913, -6.77491], [105.77471, -6.78013], [105.77519, -6.78188], [105.77076, -6.78183], [105.76849, -6.78293], [105.76883, -6.78526], [105.7679, -6.78689], [105.76829, -6.78835], [105.76795, -6.79036], [105.76744, -6.79044], [105.76442, -6.79047], [105.75801, -6.78778], [105.75569, -6.78612], [105.74766, -6.78301], [105.74609, -6.78186], [105.74639, -6.77991], [105.74586, -6.77788], [105.74425, -6.77647], [105.74515, -6.77582], [105.74101, -6.77411], [105.73954, -6.77483], [105.73761, -6.77457], [105.73504, -6.77239], [105.73686, -6.76474], [105.73679, -6.76257], [105.73729, -6.76208], [105.73858, -6.76284], [105.73861, -6.76199], [105.73964, -6.76233], [105.73945, -6.76132], [105.74044, -6.76158], [105.74061, -6.75991], [105.73939, -6.75789], [105.7441, -6.75799], [105.74631, -6.75614], [105.74637, -6.75496], [105.74739, -6.75452], [105.74715, -6.75403], [105.74579, -6.75393], [105.74511, -6.75307], [105.74153, -6.75367], [105.73008, -6.75238], [105.72958, -6.75367], [105.72865, -6.75354], [105.72642, -6.756], [105.71887, -6.76093], [105.71926, -6.7584], [105.72101, -6.75477], [105.71858, -6.75173], [105.71943, -6.75135], [105.719, -6.74914], [105.71956, -6.74635], [105.71856, -6.74489], [105.71875, -6.74419], [105.71727, -6.7433], [105.71796, -6.74235], [105.71649, -6.74223], [105.71603, -6.74076], [105.71493, -6.74136], [105.71387, -6.74095], [105.71427, -6.74143], [105.71358, -6.74177], [105.71306, -6.74005], [105.7105, -6.74049], [105.70957, -6.73936], [105.71025, -6.73857], [105.70676, -6.73369], [105.70613, -6.73371], [105.70624, -6.73228], [105.70528, -6.73109], [105.7033, -6.72945], [105.69848, -6.72963], [105.69718, -6.72829], [105.69772, -6.7282], [105.6972, -6.7267], [105.69832, -6.72646], [105.69771, -6.72577], [105.69837, -6.72466], [105.69698, -6.7243], [105.69573, -6.71984], [105.6947, -6.71854], [105.69486, -6.71752], [105.69659, -6.71615], [105.69671, -6.71538], [105.69564, -6.71483], [105.69558, -6.71375], [105.6968, -6.71214], [105.69731, -6.71002], [105.69527, -6.70977], [105.69457, -6.7072], [105.69541, -6.70623], [105.69728, -6.70559], [105.69671, -6.69935], [105.69579, -6.69765], [105.69088, -6.69334], [105.6913, -6.6848], [105.69013, -6.68188], [105.68993, -6.6795], [105.6919, -6.67631], [105.68914, -6.67212], [105.68909, -6.67089], [105.69368, -6.67466], [105.69869, -6.6723], [105.70423, -6.67186], [105.70788, -6.67446], [105.70848, -6.67586], [105.71098, -6.67611], [105.71308, -6.67825], [105.71655, -6.67797], [105.71865, -6.68023], [105.71901, -6.67908], [105.72011, -6.67923], [105.7226, -6.67754], [105.72421, -6.67859], [105.7248, -6.68022], [105.72876, -6.68187], [105.72943, -6.68059], [105.73327, -6.67956], [105.736, -6.68145], [105.73712, -6.68097], [105.73812, -6.68383], [105.74047, -6.6845], [105.74112, -6.68617], [105.74285, -6.68743], [105.74708, -6.68836], [105.74842, -6.68985], [105.75007, -6.68988], [105.75146, -6.6907], [105.7543, -6.68995], [105.75532, -6.68863], [105.75649, -6.68912], [105.75886, -6.68844], [105.76129, -6.68961], [105.76799, -6.68792], [105.77089, -6.6881], [105.77172, -6.68914], [105.77672, -6.68719], [105.78447, -6.69331], [105.78743, -6.69392], [105.7897, -6.69192], [105.79139, -6.68904], [105.79306, -6.68867], [105.79486, -6.68691], [105.79656, -6.68688], [105.79728, -6.68616], [105.79919, -6.68734], [105.80075, -6.68699], [105.80167, -6.68509], [105.8014, -6.68356], [105.80306, -6.68234], [105.80376, -6.68087], [105.80658, -6.67968], [105.80797, -6.68008], [105.80872, -6.67868], [105.81055, -6.67741], [105.81243, -6.67754], [105.81349, -6.681], [105.81214, -6.68562], [105.8153, -6.6881], [105.81515, -6.68929], [105.81715, -6.69087], [105.81596, -6.6909], [105.81423, -6.69235], [105.81375, -6.69433], [105.81267, -6.69489], [105.8117, -6.69691], [105.80949, -6.69839], [105.80774, -6.69862], [105.8064, -6.70224], [105.80795, -6.7039], [105.80813, -6.70588], [105.8102, -6.70673], [105.81047, -6.70845], [105.81171, -6.70988], [105.81362, -6.71076], [105.81336, -6.71141], [105.8153, -6.71342], [105.81592, -6.71554], [105.8141, -6.71779], [105.81486, -6.71826], [105.81402, -6.72102], [105.81372, -6.72873], [105.81497, -6.73025], [105.81827, -6.73167], [105.81819, -6.73392], [105.81895, -6.73396], [105.82061, -6.73585], [105.82032, -6.73709], [105.82137, -6.73785], [105.82163, -6.73893], [105.81956, -6.74402], [105.82077, -6.74543], [105.81983, -6.74642], [105.81855, -6.74552], [105.81739, -6.74839], [105.8154, -6.74754], [105.81287, -6.74827], [105.80827, -6.74827], [105.80714, -6.74688], [105.80485, -6.7461], [105.8001, -6.74935], [105.79721, -6.74922], [105.79534, -6.75116], [105.79371, -6.74962], [105.79167, -6.74929], [105.79064, -6.75]]]}}, {"type": "Feature", "properties": {"domain_id": "360104", "name": "CIKEUSIK"}, "geometry": {"type": "MultiPolygon", "coordinates": [[[[105.78961, -6.84455], [105.78143, -6.84736], [105.776, -6.85007], [105.77393, -6.85028], [105.77256, -6.84794], [105.77124, -6.84818], [105.77146, -6.84754], [105.76874, -6.84569], [105.76887, -6.83829], [105.76938, -6.83763], [105.77148, -6.83718], [105.77231, -6.83992], [105.77363, -6.84], [105.77409, -6.83736], [105.77325, -6.83432], [105.7741, -6.83401], [105.77487, -6.83453], [105.7757, -6.83386], [105.77536, -6.83317], [105.77747, -6.83217], [105.78064, -6.83221], [105.78072, -6.83269], [105.78225, -6.83275], [105.78271, -6.83368], [105.78725, -6.83517], [105.7891, -6.83454], [105.78995, -6.83343], [105.79205, -6.83362], [105.79407, -6.83274], [105.79622, -6.82028], [105.79474, -6.81561], [105.79491, -6.81139], [105.79601, -6.81184], [105.79733, -6.81004], [105.79741, -6.80677], [105.79866, -6.80366], [105.80247, -6.80278], [105.80519, -6.79956], [105.80154, -6.7989], [105.80077, -6.79742], [105.79701, -6.7983], [105.79314, -6.79593], [105.78642, -6.79578], [105.78056, -6.79211], [105.77854, -6.79193], [105.77735, -6.79248], [105.77277, -6.79019], [105.77075, -6.79196], [105.76951, -6.7921], [105.76769, -6.79], [105.76829, -6.78835], [105.7679, -6.78689], [105.76883, -6.78526], [105.7683, -6.78319], [105.77076, -6.78183], [105.77519, -6.78188], [105.77471, -6.78013], [105.77913, -6.77491], [105.78049, -6.77076], [105.78012, -6.76526], [105.77931, -6.76381], [105.77991, -6.76371], [105.78031, -6.76189], [105.78192, -6.7612], [105.78186, -6.75968], [105.78292, -6.75883], [105.7817, -6.75681], [105.78295, -6.75488], [105.78743, -6.75268], [105.78838, -6.75291], [105.78909, -6.75419], [105.78987, -6.75399], [105.78979, -6.75108], [105.79167, -6.74929], [105.79371, -6.74962], [105.79534, -6.75116], [105.79721, -6.74922], [105.8001, -6.74935], [105.80485, -6.7461], [105.80714, -6.74688], [105.80827, -6.74827], [105.81287, -6.74827], [105.8154, -6.74754], [105.81739, -6.74839], [105.81855, -6.74552], [105.81983, -6.74642], [105.82077, -6.74543], [105.81956, -6.74402], [105.82163, -6.73893], [105.82137, -6.73785], [105.82032, -6.73709], [105.82061, -6.73585], [105.81895, -6.73396], [105.81819, -6.73392], [105.81827, -6.73167], [105.81497, -6.73025], [105.81372, -6.72873], [105.81402, -6.72102], [105.81486, -6.71826], [105.8141, -6.71779], [105.81592, -6.71554], [105.8153, -6.71342], [105.81336, -6.71141], [105.81362, -6.71076], [105.81171, -6.70988], [105.81047, -6.70845], [105.8102, -6.70673], [105.80813, -6.70588], [105.80795, -6.7039], [105.8064, -6.70224], [105.80774, -6.69862], [105.80949, -6.69839], [105.8117, -6.69691], [105.81267, -6.69489], [105.81375, -6.69433], [105.81423, -6.69235], [105.81596, -6.6909], [105.81715, -6.69087], [105.81515, -6.68929], [105.8153, -6.6881], [105.81214, -6.68562], [105.81349, -6.681], [105.81102, -6.67258], [105.81152, -6.67236], [105.81264, -6.67565], [105.81391, -6.67643], [105.82335, -6.67801], [105.82454, -6.67769], [105.82434, -6.67701], [105.82615, -6.67577], [105.82616, -6.67501], [105.82566, -6.67527], [105.8255, -6.67453], [105.82476, -6.67437], [105.82465, -6.67214], [105.82361, -6.67141], [105.82356, -6.669], [105.82573, -6.66767], [105.82698, -6.66531], [105.82802, -6.66566], [105.82985, -6.66499], [105.8316, -6.66607], [105.83442, -6.66497], [105.83715, -6.66553], [105.84286, -6.66469], [105.84572, -6.66754], [105.84776, -6.66812], [105.84863, -6.67069], [105.8495, -6.66965], [105.85143, -6.66939], [105.85213, -6.66988], [105.85324, -6.66916], [105.85554, -6.66926], [105.85545, -6.66982], [105.85609, -6.67002], [105.85619, -6.6694], [105.85872, -6.66958], [105.85882, -6.66896], [105.85947, -6.66925], [105.86242, -6.6668], [105.86481, -6.66651], [105.86611, -6.66734], [105.86702, -6.66697], [105.86664, -6.66817], [105.86728, -6.66944], [105.8705, -6.67018], [105.87274, -6.6697], [105.87395, -6.67091], [105.87417, -6.67218], [105.87773, -6.67255], [105.88036, -6.67178], [105.88218, -6.66985], [105.88336, -6.6699], [105.88601, -6.67367], [105.88773, -6.67419], [105.88831, -6.67617], [105.89175, -6.67752], [105.89243, -6.67604], [105.8942, -6.6747], [105.89528, -6.67609], [105.89656, -6.6766], [105.8976, -6.67389], [105.89747, -6.67267], [105.9, -6.67258], [105.90127, -6.67092], [105.90225, -6.67293], [105.90329, -6.67327], [105.90343, -6.67467], [105.90648, -6.67587], [105.90702, -6.67799], [105.90826, -6.67917], [105.91145, -6.67712], [105.914, -6.67841], [105.91709, -6.67699], [105.91871, -6.67826], [105.91898, -6.67959], [105.9215, -6.68049], [105.92167, -6.68129], [105.92416, -6.68164], [105.9255, -6.68115], [105.92892, -6.68282], [105.93055, -6.68281], [105.93141, -6.68445], [105.93099, -6.68659], [105.92693, -6.69136], [105.92742, -6.69508], [105.92704, -6.6973], [105.92804, -6.69884], [105.92729, -6.70005], [105.92494, -6.69934], [105.92395, -6.69992], [105.92301, -6.70626], [105.92177, -6.70893], [105.9196, -6.71108], [105.91945, -6.71764], [105.9175, -6.71913], [105.91638, -6.71875], [105.91635, -6.71947], [105.91388, -6.71972], [105.91103, -6.7195], [105.91013, -6.71794], [105.90928, -6.71803], [105.90994, -6.71985], [105.90886, -6.71876], [105.90747, -6.71924], [105.90744, -6.71835], [105.90658, -6.71761], [105.90603, -6.71944], [105.90345, -6.72], [105.90444, -6.72094], [105.90398, -6.72132], [105.901, -6.72087], [105.90014, -6.72162], [105.89917, -6.7185], [105.89796, -6.7188], [105.89798, -6.71955], [105.89624, -6.71624], [105.89566, -6.71886], [105.89469, -6.71938], [105.89493, -6.71992], [105.89391, -6.72005], [105.8935, -6.72107], [105.89251, -6.72081], [105.89252, -6.72181], [105.89338, -6.72203], [105.89258, -6.72295], [105.8932, -6.72373], [105.89158, -6.72447], [105.89114, -6.72533], [105.89202, -6.7271], [105.89094, -6.73079], [105.8936, -6.73066], [105.89284, -6.73308], [105.89397, -6.73409], [105.89387, -6.73572], [105.8924, -6.73568], [105.89224, -6.73648], [105.89342, -6.73839], [105.89149, -6.73891], [105.89197, -6.74078], [105.88995, -6.74062], [105.88948, -6.74217], [105.88842, -6.74279], [105.8894, -6.7446], [105.88712, -6.74529], [105.88853, -6.74657], [105.88605, -6.74615], [105.88615, -6.7495], [105.88482, -6.75044], [105.88646, -6.7519], [105.88482, -6.75201], [105.88622, -6.75362], [105.88618, -6.755], [105.88433, -6.75422], [105.88316, -6.75502], [105.88364, -6.75682], [105.88494, -6.75741], [105.88379, -6.75876], [105.88416, -6.76075], [105.88285, -6.76113], [105.88435, -6.76362], [105.88403, -6.7645], [105.88332, -6.76457], [105.88184, -6.76317], [105.88082, -6.76399], [105.88053, -6.7654], [105.87914, -6.76474], [105.87819, -6.76539], [105.87761, -6.76715], [105.876, -6.76603], [105.87662, -6.76884], [105.87403, -6.76811], [105.87405, -6.77049], [105.87214, -6.76978], [105.87296, -6.77174], [105.87122, -6.77211], [105.86866, -6.77515], [105.86809, -6.77862], [105.86646, -6.7794], [105.86701, -6.7809], [105.86409, -6.78067], [105.86297, -6.78125], [105.86301, -6.78248], [105.86404, -6.78346], [105.86657, -6.7831], [105.86745, -6.7839], [105.86619, -6.78694], [105.86774, -6.78847], [105.86678, -6.78996], [105.86901, -6.78997], [105.87078, -6.78748], [105.87144, -6.78748], [105.87108, -6.79295], [105.87149, -6.79409], [105.87283, -6.79403], [105.87466, -6.79188], [105.87683, -6.79287], [105.8778, -6.79476], [105.87717, -6.79631], [105.87431, -6.79752], [105.87657, -6.7996], [105.87634, -6.8017], [105.87794, -6.80374], [105.87605, -6.80602], [105.87339, -6.80581], [105.8734, -6.80662], [105.875, -6.80832], [105.87465, -6.80889], [105.87256, -6.80886], [105.86903, -6.80723], [105.86871, -6.8089], [105.86946, -6.8106], [105.87191, -6.81356], [105.87501, -6.81158], [105.87921, -6.81368], [105.87927, -6.81488], [105.87669, -6.81624], [105.87549, -6.81784], [105.87591, -6.81996], [105.87809, -6.82229], [105.88015, -6.82187], [105.88059, -6.81749], [105.8872, -6.81929], [105.8884, -6.82075], [105.8881, -6.82144], [105.88543, -6.8211], [105.88329, -6.82309], [105.88441, -6.82544], [105.88358, -6.82788], [105.88651, -6.82934], [105.88574, -6.8308], [105.884, -6.83083], [105.88133, -6.82983], [105.88013, -6.83081], [105.88026, -6.83405], [105.88263, -6.83454], [105.88348, -6.83601], [105.88196, -6.8398], [105.8788, -6.8367], [105.87482, -6.83658], [105.87209, -6.83339], [105.86274, -6.8328], [105.83973, -6.83474], [105.82126, -6.83791], [105.82059, -6.83686], [105.82025, -6.83807], [105.8182, -6.8387], [105.80235, -6.84227], [105.79446, -6.84307], [105.78961, -6.84455]]], [[[105.76611, -6.96889], [105.76693, -6.96609], [105.77044, -6.96507], [105.7724, -6.96326], [105.77784, -6.96315], [105.78197, -6.96048], [105.79043, -6.95908], [105.79438, -6.9563], [105.80098, -6.9529], [105.80731, -6.95086], [105.81105, -6.95039], [105.81305, -6.94875], [105.81481, -6.95029], [105.81745, -6.94995], [105.82027, -6.9508], [105.82025, -6.954], [105.81671, -6.95672], [105.77382, -6.97332], [105.77072, -6.97395], [105.76846, -6.97341], [105.7662, -6.97138], [105.76611, -6.96889]]]]}}, {"type": "Feature", "properties": {"domain_id": "360107", "name": "ANGSANA"}, "geometry": {"type": "Polygon", "coordinates": [[[105.86712, -6.61772], [105.86775, -6.62077], [105.86543, -6.62239], [105.86498, -6.624], [105.86696, -6.62553], [105.86667, -6.62978], [105.86532, -6.63104], [105.86582, -6.63362], [105.86482, -6.63526], [105.86488, -6.6375], [105.86232, -6.64029], [105.86985, -6.64786], [105.87041, -6.65015], [105.87146, -6.65027], [105.87155, -6.65122], [105.87518, -6.65495], [105.87532, -6.65816], [105.87328, -6.66291], [105.87329, -6.66374], [105.87501, -6.66399], [105.87374, -6.66644], [105.87459, -6.66837], [105.8745, -6.67219], [105.87251, -6.66959], [105.8705, -6.67018], [105.86728, -6.66944], [105.86664, -6.66817], [105.86702, -6.66697], [105.86611, -6.66734], [105.86481, -6.66651], [105.86242, -6.6668], [105.85947, -6.66925], [105.85882, -6.66896], [105.85872, -6.66958], [105.85619, -6.6694], [105.85609, -6.67002], [105.85545, -6.66982], [105.85554, -6.66926], [105.85324, -6.66916], [105.85213, -6.66988], [105.85143, -6.66939], [105.8495, -6.66965], [105.84863, -6.67069], [105.84776, -6.66812], [105.84572, -6.66754], [105.84286, -6.66469], [105.83715, -6.66553], [105.83442, -6.66497], [105.8316, -6.66607], [105.82985, -6.66499], [105.82802, -6.66566], [105.82698, -6.66531], [105.82573, -6.66767], [105.82356, -6.669], [105.82355, -6.67122], [105.82465, -6.67214], [105.82476, -6.67437], [105.8255, -6.67453], [105.82566, -6.67527], [105.82616, -6.67501], [105.8261, -6.67585], [105.82434, -6.67701], [105.82454, -6.67769], [105.81958, -6.67772], [105.81283, -6.67583], [105.81152, -6.67236], [105.81203, -6.67104], [105.81517, -6.67011], [105.81498, -6.66922], [105.81345, -6.66793], [105.81157, -6.66243], [105.81631, -6.65988], [105.8174, -6.65799], [105.82093, -6.65676], [105.82054, -6.65524], [105.82098, -6.65372], [105.82478, -6.65129], [105.82393, -6.64565], [105.82429, -6.64391], [105.82504, -6.64328], [105.82469, -6.64194], [105.82521, -6.63907], [105.8226, -6.63616], [105.82345, -6.63389], [105.82461, -6.63332], [105.82461, -6.63184], [105.82344, -6.63018], [105.82385, -6.62862], [105.82316, -6.62809], [105.82366, -6.62791], [105.82335, -6.6272], [105.82421, -6.62733], [105.82498, -6.62658], [105.82412, -6.62392], [105.82509, -6.62287], [105.82524, -6.62155], [105.82458, -6.62102], [105.82465, -6.61881], [105.82389, -6.6183], [105.82351, -6.61683], [105.82254, -6.61626], [105.82255, -6.6156], [105.82148, -6.61569], [105.82133, -6.61488], [105.81994, -6.61453], [105.81948, -6.61326], [105.81941, -6.61166], [105.8214, -6.61033], [105.82058, -6.60814], [105.82161, -6.60576], [105.82114, -6.60426], [105.8206, -6.60436], [105.82001, -6.60338], [105.81891, -6.60419], [105.8189, -6.60165], [105.81837, -6.60125], [105.81885, -6.60055], [105.82082, -6.60065], [105.82167, -6.59967], [105.82607, -6.59834], [105.82716, -6.59552], [105.82673, -6.59435], [105.82364, -6.59468], [105.8225, -6.59305], [105.82079, -6.59208], [105.81678, -6.59147], [105.81594, -6.58845], [105.81664, -6.58609], [105.8161, -6.58441], [105.81661, -6.58404], [105.81482, -6.58335], [105.81413, -6.58087], [105.81432, -6.57479], [105.81333, -6.57391], [105.81257, -6.57031], [105.81118, -6.56966], [105.80919, -6.56585], [105.80993, -6.56319], [105.80926, -6.56207], [105.81049, -6.55914], [105.80759, -6.54994], [105.80891, -6.54861], [105.81138, -6.55022], [105.81718, -6.55223], [105.8265, -6.55343], [105.82706, -6.55218], [105.83239, -6.553], [105.83652, -6.55282], [105.83877, -6.55349], [105.84029, -6.55495], [105.84645, -6.55546], [105.8498, -6.55144], [105.84974, -6.54849], [105.85107, -6.54832], [105.85172, -6.54724], [105.8522, -6.54598], [105.85152, -6.54611], [105.85123, -6.5454], [105.85222, -6.54508], [105.85196, -6.54419], [105.85298, -6.54364], [105.85319, -6.54443], [105.85371, -6.54438], [105.85597, -6.54243], [105.85733, -6.54259], [105.85773, -6.54172], [105.85949, -6.54242], [105.86035, -6.54078], [105.86356, -6.53996], [105.86447, -6.53878], [105.86803, -6.5409], [105.86694, -6.54289], [105.87016, -6.54337], [105.87097, -6.54428], [105.87421, -6.54237], [105.87407, -6.54081], [105.87532, -6.54067], [105.87602, -6.53921], [105.87763, -6.54231], [105.8782, -6.54225], [105.87841, -6.54102], [105.88008, -6.5414], [105.88058, -6.5436], [105.87843, -6.54322], [105.8786, -6.54469], [105.87781, -6.54654], [105.88029, -6.54759], [105.88222, -6.54724], [105.88251, -6.54857], [105.8858, -6.55103], [105.8855, -6.55259], [105.88651, -6.55272], [105.88605, -6.55429], [105.88717, -6.55563], [105.88798, -6.55556], [105.88867, -6.55402], [105.89069, -6.55454], [105.88959, -6.55645], [105.88756, -6.55685], [105.88694, -6.55813], [105.88882, -6.55924], [105.88864, -6.55978], [105.88744, -6.55933], [105.88731, -6.56098], [105.88902, -6.56192], [105.88906, -6.5633], [105.88534, -6.56464], [105.88437, -6.56595], [105.88511, -6.56712], [105.88764, -6.56817], [105.8879, -6.56947], [105.89127, -6.57161], [105.89197, -6.57247], [105.8916, -6.57363], [105.89344, -6.57391], [105.89327, -6.57451], [105.89094, -6.5745], [105.88871, -6.57771], [105.89079, -6.57869], [105.8903, -6.57725], [105.89089, -6.57697], [105.89646, -6.58033], [105.89658, -6.58516], [105.89481, -6.5844], [105.89492, -6.58619], [105.89361, -6.58644], [105.89437, -6.58754], [105.89176, -6.59031], [105.89231, -6.59107], [105.89372, -6.59106], [105.89414, -6.59217], [105.89191, -6.59177], [105.89241, -6.59365], [105.89078, -6.59385], [105.89155, -6.59498], [105.88648, -6.59719], [105.88554, -6.59625], [105.8839, -6.59677], [105.87913, -6.60085], [105.8755, -6.6013], [105.87559, -6.60206], [105.87403, -6.60366], [105.87019, -6.60664], [105.86968, -6.60883], [105.87064, -6.61075], [105.87193, -6.61127], [105.87125, -6.61476], [105.86921, -6.61645], [105.86745, -6.61637], [105.8668, -6.61704], [105.86712, -6.61772]]]}}, {"type": "Feature", "properties": {"domain_id": "360102", "name": "CIMANGGU"}, "geometry": {"type": "MultiPolygon", "coordinates": [[[[105.64276, -6.84329], [105.63264, -6.84306], [105.63258, -6.84227], [105.63169, -6.84217], [105.6304, -6.84306], [105.61894, -6.84306], [105.61456, -6.844], [105.61461, -6.84336], [105.61397, -6.84417], [105.61079, -6.84424], [105.60323, -6.84657], [105.60312, -6.84627], [105.60282, -6.84612], [105.60273, -6.84874], [105.6008, -6.84962], [105.60011, -6.85069], [105.59835, -6.85075], [105.59795, -6.85143], [105.59705, -6.85148], [105.59688, -6.85022], [105.59328, -6.85352], [105.59124, -6.85303], [105.58583, -6.85372], [105.58317, -6.85335], [105.57266, -6.85609], [105.56883, -6.85582], [105.56333, -6.8565], [105.55896, -6.85871], [105.55323, -6.8629], [105.54825, -6.86769], [105.53797, -6.87429], [105.53748, -6.8735], [105.53778, -6.87197], [105.53339, -6.8694], [105.5244, -6.86678], [105.52365, -6.86582], [105.50489, -6.86195], [105.49563, -6.8611], [105.49308, -6.8646], [105.48872, -6.86676], [105.48434, -6.86604], [105.48239, -6.86474], [105.47927, -6.86505], [105.47605, -6.86366], [105.47251, -6.85835], [105.47077, -6.85788], [105.46689, -6.85521], [105.46435, -6.85175], [105.46157, -6.85082], [105.46041, -6.84892], [105.45515, -6.84545], [105.4528, -6.84263], [105.44131, -6.83676], [105.43751, -6.8359], [105.43127, -6.83568], [105.42701, -6.8368], [105.4217, -6.83933], [105.42001, -6.84189], [105.42211, -6.84752], [105.42161, -6.85198], [105.41752, -6.85415], [105.41389, -6.85376], [105.41132, -6.85223], [105.40962, -6.84988], [105.40917, -6.84816], [105.40922, -6.84526], [105.40995, -6.8433], [105.41318, -6.84033], [105.41241, -6.83634], [105.40853, -6.83116], [105.40679, -6.83062], [105.40482, -6.82869], [105.40138, -6.82675], [105.38507, -6.81899], [105.37074, -6.81332], [105.36256, -6.81081], [105.35886, -6.80849], [105.35517, -6.80906], [105.34365, -6.80613], [105.33132, -6.80395], [105.32842, -6.80286], [105.32748, -6.80313], [105.32707, -6.80262], [105.32293, -6.80285], [105.31209, -6.8018], [105.30259, -6.80233], [105.29519, -6.80493], [105.29425, -6.80593], [105.29157, -6.81328], [105.2913, -6.81694], [105.2897, -6.81884], [105.29, -6.82023], [105.28836, -6.82277], [105.28695, -6.82309], [105.28673, -6.82444], [105.2859, -6.82426], [105.28393, -6.82612], [105.28278, -6.82625], [105.27774, -6.83186], [105.27344, -6.83817], [105.27338, -6.83953], [105.27249, -6.84005], [105.27218, -6.84285], [105.26791, -6.84232], [105.26712, -6.84507], [105.26568, -6.84449], [105.26271, -6.84556], [105.26163, -6.84324], [105.25925, -6.84172], [105.25765, -6.84179], [105.2558, -6.8404], [105.25438, -6.84037], [105.25267, -6.83785], [105.25168, -6.8379], [105.25128, -6.83672], [105.24988, -6.83688], [105.24906, -6.83884], [105.24825, -6.83854], [105.24836, -6.83901], [105.24628, -6.84055], [105.2447, -6.83924], [105.24337, -6.84002], [105.24329, -6.83859], [105.24237, -6.83858], [105.24185, -6.83936], [105.24146, -6.83874], [105.24106, -6.83956], [105.24054, -6.83848], [105.24121, -6.83722], [105.2408, -6.8354], [105.23946, -6.83635], [105.23768, -6.83604], [105.24044, -6.83508], [105.24075, -6.83244], [105.2401, -6.831], [105.24105, -6.82937], [105.24087, -6.8281], [105.24308, -6.82699], [105.24424, -6.82471], [105.2428, -6.82134], [105.24101, -6.82028], [105.23908, -6.81754], [105.23798, -6.81684], [105.23531, -6.81708], [105.23594, -6.81563], [105.2377, -6.81543], [105.2385, -6.81463], [105.23964, -6.81182], [105.23829, -6.80786], [105.23842, -6.8038], [105.23599, -6.8026], [105.23799, -6.80142], [105.23943, -6.79964], [105.23893, -6.79629], [105.23743, -6.79517], [105.23684, -6.79196], [105.23407, -6.79104], [105.23259, -6.78951], [105.23187, -6.7866], [105.23265, -6.77947], [105.22841, -6.7772], [105.22683, -6.775], [105.22615, -6.77197], [105.22113, -6.76646], [105.22095, -6.76547], [105.21894, -6.76512], [105.2176, -6.7636], [105.21662, -6.76379], [105.213, -6.76182], [105.2118, -6.76225], [105.21042, -6.76394], [105.21002, -6.76304], [105.21044, -6.76119], [105.21306, -6.76013], [105.21367, -6.75785], [105.21289, -6.75471], [105.21094, -6.75244], [105.21096, -6.75089], [105.21173, -6.75059], [105.21193, -6.74967], [105.21113, -6.7477], [105.21231, -6.74745], [105.21242, -6.74682], [105.2118, -6.74661], [105.21268, -6.74652], [105.21204, -6.74614], [105.21262, -6.74579], [105.21307, -6.74963], [105.21451, -6.75187], [105.21625, -6.75347], [105.21817, -6.75369], [105.21897, -6.75584], [105.21826, -6.75813], [105.22005, -6.76249], [105.22219, -6.76275], [105.22407, -6.76462], [105.22729, -6.76435], [105.23049, -6.76587], [105.23444, -6.76638], [105.23512, -6.77017], [105.23726, -6.77164], [105.24075, -6.77087], [105.24505, -6.77435], [105.24742, -6.77389], [105.24991, -6.77545], [105.25137, -6.78], [105.25419, -6.78163], [105.25436, -6.78338], [105.25691, -6.78706], [105.25673, -6.78858], [105.25423, -6.79339], [105.25426, -6.79475], [105.25693, -6.80053], [105.25904, -6.80169], [105.2634, -6.80004], [105.26427, -6.79819], [105.26687, -6.79593], [105.27553, -6.79362], [105.28107, -6.79346], [105.28435, -6.79061], [105.28638, -6.7903], [105.28841, -6.78873], [105.28922, -6.78642], [105.29302, -6.78323], [105.29467, -6.77787], [105.29603, -6.77596], [105.30314, -6.76816], [105.30308, -6.76733], [105.30212, -6.76664], [105.29806, -6.76562], [105.29464, -6.76334], [105.29432, -6.76239], [105.30594, -6.75388], [105.31247, -6.74722], [105.31634, -6.74024], [105.31806, -6.73833], [105.31974, -6.73814], [105.32566, -6.74278], [105.33385, -6.74176], [105.33673, -6.74206], [105.34142, -6.74485], [105.34813, -6.75236], [105.34972, -6.75529], [105.35111, -6.7627], [105.35206, -6.76397], [105.35371, -6.76549], [105.35787, -6.76706], [105.36391, -6.76526], [105.36636, -6.76593], [105.36738, -6.76733], [105.37062, -6.77935], [105.37349, -6.78415], [105.38801, -6.78608], [105.39058, -6.78923], [105.39857, -6.80293], [105.40022, -6.80344], [105.4031, -6.803], [105.40528, -6.80379], [105.42593, -6.82697], [105.43744, -6.82817], [105.44468, -6.83027], [105.45281, -6.83569], [105.45662, -6.84197], [105.45835, -6.84271], [105.47937, -6.83973], [105.49251, -6.83506], [105.49949, -6.82738], [105.51145, -6.82267], [105.51596, -6.82241], [105.51947, -6.82113], [105.52243, -6.82123], [105.52601, -6.81958], [105.53434, -6.81891], [105.53602, -6.81762], [105.53879, -6.81757], [105.54101, -6.81894], [105.54305, -6.8186], [105.54612, -6.81649], [105.54624, -6.81411], [105.5472, -6.81258], [105.54698, -6.81055], [105.5463, -6.80865], [105.5444, -6.80688], [105.54759, -6.80307], [105.54769, -6.79397], [105.54875, -6.79239], [105.54842, -6.79065], [105.54606, -6.78769], [105.54651, -6.78649], [105.54904, -6.78451], [105.54867, -6.78064], [105.55028, -6.77075], [105.54587, -6.76583], [105.54481, -6.76356], [105.54501, -6.76241], [105.54704, -6.76057], [105.54782, -6.75701], [105.55622, -6.75744], [105.55917, -6.75572], [105.56043, -6.75276], [105.55989, -6.75111], [105.5613, -6.75053], [105.56136, -6.74856], [105.56381, -6.74719], [105.56712, -6.7482], [105.56928, -6.7464], [105.56978, -6.74508], [105.57059, -6.74497], [105.57222, -6.74621], [105.57336, -6.74592], [105.57227, -6.7441], [105.5729, -6.74175], [105.57129, -6.74034], [105.57308, -6.73696], [105.57121, -6.73404], [105.57404, -6.73243], [105.57462, -6.72986], [105.57597, -6.72785], [105.5777, -6.72747], [105.57876, -6.725], [105.58196, -6.7215], [105.58155, -6.71908], [105.58305, -6.71283], [105.58216, -6.71219], [105.58215, -6.71008], [105.5843, -6.70327], [105.5863, -6.70017], [105.5879, -6.69968], [105.5874, -6.6977], [105.58862, -6.69651], [105.59168, -6.69569], [105.59282, -6.69398], [105.59874, -6.69109], [105.60069, -6.68563], [105.60245, -6.68345], [105.60145, -6.68084], [105.60191, -6.67875], [105.60328, -6.67895], [105.60435, -6.67712], [105.60588, -6.67743], [105.60688, -6.67607], [105.60656, -6.67469], [105.60483, -6.6736], [105.60431, -6.67235], [105.60508, -6.66708], [105.60302, -6.66688], [105.60165, -6.66415], [105.59968, -6.66263], [105.60181, -6.66055], [105.60503, -6.65969], [105.60492, -6.6578], [105.60414, -6.65698], [105.60473, -6.65634], [105.60447, -6.65572], [105.60646, -6.6554], [105.60651, -6.65444], [105.60441, -6.65315], [105.60393, -6.65173], [105.60265, -6.65109], [105.60076, -6.65152], [105.59882, -6.64967], [105.59763, -6.65039], [105.59781, -6.64841], [105.59733, -6.64834], [105.60159, -6.643], [105.60157, -6.64343], [105.60184, -6.64356], [105.60175, -6.64278], [105.60338, -6.64047], [105.6036, -6.64092], [105.60398, -6.64077], [105.60347, -6.64036], [105.60609, -6.6368], [105.6059, -6.6377], [105.6064, -6.63737], [105.60621, -6.63658], [105.60698, -6.63535], [105.60729, -6.63582], [105.60713, -6.63512], [105.60881, -6.63266], [105.60919, -6.6325], [105.60987, -6.63249], [105.60936, -6.63261], [105.6109, -6.6332], [105.612, -6.63499], [105.61207, -6.63969], [105.61538, -6.6417], [105.61729, -6.63924], [105.61846, -6.63939], [105.61936, -6.6404], [105.61987, -6.64014], [105.61858, -6.63728], [105.61847, -6.6351], [105.61998, -6.6347], [105.62198, -6.63582], [105.6219, -6.63809], [105.62369, -6.6386], [105.62424, -6.64242], [105.62377, -6.64382], [105.6243, -6.64458], [105.6232, -6.64675], [105.62323, -6.64887], [105.62371, -6.6515], [105.62556, -6.65369], [105.62512, -6.65545], [105.62644, -6.65627], [105.62742, -6.65813], [105.63011, -6.65925], [105.63137, -6.66167], [105.63274, -6.66076], [105.63559, -6.66053], [105.63941, -6.66243], [105.63941, -6.65884], [105.64352, -6.65928], [105.6438, -6.65992], [105.64296, -6.66131], [105.64353, -6.66347], [105.64072, -6.66419], [105.64052, -6.66523], [105.64124, -6.66646], [105.64284, -6.6674], [105.64432, -6.66771], [105.64527, -6.66621], [105.64672, -6.66701], [105.64592, -6.66805], [105.6463, -6.66971], [105.64852, -6.66836], [105.6523, -6.66864], [105.65327, -6.66737], [105.65487, -6.66694], [105.65571, -6.66498], [105.65762, -6.66601], [105.65866, -6.6659], [105.65956, -6.66852], [105.66245, -6.66874], [105.66221, -6.66735], [105.66291, -6.66686], [105.6653, -6.66659], [105.66632, -6.66708], [105.66677, -6.6658], [105.66729, -6.66647], [105.66877, -6.66609], [105.66915, -6.66468], [105.66776, -6.66427], [105.66833, -6.66366], [105.66772, -6.66169], [105.66886, -6.66239], [105.67004, -6.66072], [105.6711, -6.66144], [105.67056, -6.66295], [105.6712, -6.66423], [105.67059, -6.6651], [105.6708, -6.66662], [105.67304, -6.66611], [105.67411, -6.66313], [105.67542, -6.66345], [105.67572, -6.66427], [105.67624, -6.66263], [105.67753, -6.66243], [105.67747, -6.66365], [105.67802, -6.66333], [105.67803, -6.66384], [105.68079, -6.66528], [105.68095, -6.66723], [105.68182, -6.66864], [105.68331, -6.66838], [105.6872, -6.67216], [105.68822, -6.67097], [105.68909, -6.67089], [105.68914, -6.67212], [105.6919, -6.67631], [105.68993, -6.6795], [105.69013, -6.68188], [105.6913, -6.6848], [105.69088, -6.69334], [105.69579, -6.69765], [105.69671, -6.69935], [105.69728, -6.70559], [105.69541, -6.70623], [105.69457, -6.7072], [105.69527, -6.70977], [105.69731, -6.71002], [105.6968, -6.71214], [105.69559, -6.71369], [105.69564, -6.71483], [105.69671, -6.7155], [105.69474, -6.71788], [105.69547, -6.71956], [105.69463, -6.72244], [105.69234, -6.72561], [105.688, -6.72877], [105.68624, -6.7316], [105.68496, -6.73553], [105.68225, -6.73766], [105.68247, -6.74181], [105.67962, -6.74381], [105.67784, -6.74666], [105.67706, -6.74667], [105.67806, -6.74838], [105.67569, -6.7505], [105.67406, -6.75097], [105.67391, -6.75204], [105.67465, -6.75245], [105.67372, -6.75276], [105.67454, -6.75314], [105.67368, -6.75727], [105.67207, -6.7578], [105.67199, -6.7593], [105.66992, -6.75922], [105.66997, -6.76029], [105.66783, -6.76257], [105.65802, -6.76329], [105.65743, -6.76519], [105.65864, -6.7666], [105.65511, -6.77149], [105.65583, -6.77324], [105.65896, -6.77609], [105.66105, -6.77605], [105.66286, -6.77739], [105.66237, -6.77815], [105.66141, -6.77727], [105.66055, -6.77752], [105.66136, -6.77889], [105.66025, -6.78096], [105.6624, -6.78481], [105.66135, -6.78764], [105.66182, -6.78874], [105.66111, -6.79059], [105.66314, -6.7918], [105.66285, -6.79319], [105.66369, -6.79435], [105.6628, -6.79541], [105.66295, -6.79694], [105.66047, -6.79849], [105.65946, -6.7999], [105.6648, -6.80259], [105.6645, -6.8036], [105.66152, -6.80383], [105.66255, -6.80597], [105.66413, -6.80624], [105.66504, -6.80487], [105.66667, -6.80673], [105.66631, -6.80771], [105.66432, -6.80923], [105.66376, -6.81364], [105.66527, -6.81493], [105.6649, -6.81675], [105.66639, -6.81886], [105.66848, -6.8195], [105.66924, -6.81855], [105.67023, -6.8187], [105.67119, -6.82034], [105.67267, -6.82135], [105.67374, -6.82345], [105.67444, -6.82853], [105.67575, -6.82992], [105.67592, -6.83127], [105.67526, -6.83199], [105.67357, -6.83225], [105.67332, -6.8343], [105.67202, -6.83687], [105.67111, -6.83732], [105.67144, -6.8369], [105.67089, -6.83605], [105.67039, -6.83606], [105.66896, -6.83916], [105.66813, -6.83875], [105.66731, -6.84049], [105.66333, -6.84221], [105.66132, -6.84392], [105.65889, -6.84402], [105.658, -6.84465], [105.65673, -6.84388], [105.6568, -6.84325], [105.64972, -6.84278], [105.64276, -6.84329]]], [[[105.55051, -6.99544], [105.55411, -6.99625], [105.5555, -6.99778], [105.56074, -7.00013], [105.56698, -7.00511], [105.56962, -7.00637], [105.57062, -7.00962], [105.57001, -7.01187], [105.56858, -7.01384], [105.56287, -7.01618], [105.55281, -7.0162], [105.53541, -7.01488], [105.52532, -7.01311], [105.52336, -7.01183], [105.52063, -7.00792], [105.52016, -7.00639], [105.52055, -7.00385], [105.5214, -7.00191], [105.52251, -7.00104], [105.52547, -7.00043], [105.52929, -7.0007], [105.53325, -6.99818], [105.5423, -6.99567], [105.54961, -6.99504], [105.55051, -6.99544]]]]}}, {"type": "Feature", "properties": {"domain_id": "360116", "name": "JIPUT"}, "geometry": {"type": "Polygon", "coordinates": [[[105.89145, -6.35759], [105.89042, -6.35971], [105.88827, -6.36113], [105.88819, -6.36231], [105.8872, -6.36257], [105.88669, -6.36348], [105.886, -6.36318], [105.88378, -6.36407], [105.8831, -6.36677], [105.88192, -6.36529], [105.87913, -6.36674], [105.87911, -6.3647], [105.8737, -6.36292], [105.87064, -6.36061], [105.87029, -6.35701], [105.86706, -6.35449], [105.86646, -6.35532], [105.86459, -6.35591], [105.86501, -6.35844], [105.86234, -6.35954], [105.86081, -6.36206], [105.86102, -6.363], [105.8596, -6.36247], [105.85821, -6.36281], [105.85349, -6.35836], [105.85178, -6.35911], [105.85115, -6.35812], [105.85014, -6.35838], [105.84996, -6.35783], [105.84751, -6.35757], [105.84791, -6.35499], [105.84947, -6.35342], [105.84876, -6.35287], [105.84695, -6.35397], [105.84588, -6.35297], [105.84688, -6.34733], [105.8463, -6.34571], [105.84688, -6.34233], [105.84647, -6.33911], [105.84667, -6.33802], [105.84797, -6.33809], [105.84808, -6.33745], [105.84909, -6.33727], [105.85242, -6.33879], [105.85498, -6.33874], [105.85734, -6.32843], [105.85934, -6.32768], [105.86143, -6.32783], [105.86422, -6.32431], [105.86653, -6.32463], [105.86837, -6.32377], [105.86883, -6.32225], [105.86777, -6.31907], [105.86824, -6.31179], [105.87091, -6.30884], [105.87017, -6.30712], [105.871, -6.30737], [105.87115, -6.30602], [105.87379, -6.30516], [105.87401, -6.30322], [105.8751, -6.30183], [105.87413, -6.29695], [105.87524, -6.2912], [105.87452, -6.29003], [105.87507, -6.28885], [105.87588, -6.2879], [105.87811, -6.28763], [105.87915, -6.28581], [105.88288, -6.28432], [105.88391, -6.28234], [105.88764, -6.28151], [105.88951, -6.27797], [105.88922, -6.27412], [105.89048, -6.27189], [105.89375, -6.26909], [105.89437, -6.26708], [105.89555, -6.26584], [105.89772, -6.26508], [105.89954, -6.26529], [105.90161, -6.26417], [105.90499, -6.26815], [105.90673, -6.26833], [105.90764, -6.26735], [105.91031, -6.26672], [105.9114, -6.268], [105.91281, -6.2682], [105.91286, -6.2705], [105.92016, -6.26888], [105.92231, -6.27575], [105.91994, -6.28018], [105.92003, -6.2815], [105.91684, -6.285], [105.92738, -6.2911], [105.92911, -6.29318], [105.92969, -6.29528], [105.9261, -6.29974], [105.92459, -6.30306], [105.9217, -6.3042], [105.91826, -6.30793], [105.91494, -6.31406], [105.91416, -6.31877], [105.91226, -6.31899], [105.90951, -6.32131], [105.91129, -6.32383], [105.91031, -6.32604], [105.9093, -6.32622], [105.90856, -6.32725], [105.90869, -6.32875], [105.90758, -6.33145], [105.90804, -6.33293], [105.90358, -6.33786], [105.90037, -6.33687], [105.89848, -6.33763], [105.89811, -6.33901], [105.89902, -6.33966], [105.9001, -6.34256], [105.9049, -6.34171], [105.90535, -6.34787], [105.91079, -6.34552], [105.91299, -6.34385], [105.91471, -6.34391], [105.91576, -6.34467], [105.91652, -6.34393], [105.91751, -6.34447], [105.91918, -6.34348], [105.91935, -6.35024], [105.91726, -6.35494], [105.91005, -6.35984], [105.90975, -6.36147], [105.9079, -6.36215], [105.90708, -6.35938], [105.90625, -6.35886], [105.90738, -6.35802], [105.90758, -6.35578], [105.90735, -6.35526], [105.90527, -6.35497], [105.90474, -6.35543], [105.90474, -6.35711], [105.90377, -6.35761], [105.9034, -6.35972], [105.90469, -6.36092], [105.90462, -6.36184], [105.90112, -6.36347], [105.89145, -6.35759]]]}}, {"type": "Feature", "properties": {"domain_id": "360109", "name": "PAGELARAN"}, "geometry": {"type": "Polygon", "coordinates": [[[105.82282, -6.43726], [105.8228, -6.4361], [105.82196, -6.43599], [105.82296, -6.43451], [105.82541, -6.42592], [105.82658, -6.41651], [105.82635, -6.41003], [105.82422, -6.4023], [105.82504, -6.40244], [105.8261, -6.40441], [105.82664, -6.40686], [105.82717, -6.40656], [105.82491, -6.39794], [105.82829, -6.39649], [105.83026, -6.39482], [105.83381, -6.39432], [105.83357, -6.39143], [105.83752, -6.39053], [105.83764, -6.38927], [105.84172, -6.38941], [105.8452, -6.38724], [105.84626, -6.38531], [105.84911, -6.38687], [105.84939, -6.38565], [105.84882, -6.38493], [105.85223, -6.38446], [105.85337, -6.38646], [105.8557, -6.3869], [105.85691, -6.3843], [105.85618, -6.38288], [105.85697, -6.38086], [105.85871, -6.38141], [105.85959, -6.38095], [105.85832, -6.38032], [105.85875, -6.37971], [105.86408, -6.38127], [105.86322, -6.38207], [105.86479, -6.38273], [105.86465, -6.38393], [105.86571, -6.38506], [105.8653, -6.39044], [105.86661, -6.39102], [105.86518, -6.39108], [105.86509, -6.39247], [105.86349, -6.39238], [105.86249, -6.39315], [105.86261, -6.39791], [105.86638, -6.39717], [105.87382, -6.39271], [105.87643, -6.39265], [105.87862, -6.39458], [105.87841, -6.39715], [105.87947, -6.39928], [105.87415, -6.40046], [105.87377, -6.40418], [105.87211, -6.40541], [105.8748, -6.40791], [105.87156, -6.40779], [105.87097, -6.40832], [105.87044, -6.41117], [105.86918, -6.41212], [105.87022, -6.41435], [105.87139, -6.41441], [105.8722, -6.41357], [105.87194, -6.41089], [105.87599, -6.40919], [105.87701, -6.40992], [105.87641, -6.41017], [105.87702, -6.41195], [105.87834, -6.41124], [105.87959, -6.41188], [105.88464, -6.41162], [105.88566, -6.41034], [105.88537, -6.40947], [105.88843, -6.40843], [105.88988, -6.40972], [105.89029, -6.41425], [105.89166, -6.41724], [105.89351, -6.43033], [105.89278, -6.43285], [105.89181, -6.43319], [105.89136, -6.43526], [105.8918, -6.43607], [105.89107, -6.43728], [105.89191, -6.43817], [105.88966, -6.43923], [105.89005, -6.44202], [105.88963, -6.44288], [105.89036, -6.444], [105.88928, -6.44399], [105.88917, -6.4445], [105.88994, -6.44512], [105.88972, -6.44614], [105.89105, -6.44655], [105.88938, -6.44741], [105.88904, -6.44835], [105.88775, -6.44751], [105.88855, -6.44616], [105.88686, -6.44716], [105.8852, -6.44517], [105.88515, -6.44752], [105.88564, -6.44784], [105.88473, -6.44881], [105.88335, -6.4483], [105.88215, -6.44964], [105.88125, -6.44946], [105.88096, -6.44905], [105.88231, -6.44708], [105.88162, -6.44597], [105.87906, -6.44648], [105.87746, -6.44837], [105.87576, -6.44752], [105.875, -6.44946], [105.87448, -6.44892], [105.87457, -6.4465], [105.87376, -6.44596], [105.87129, -6.44935], [105.86974, -6.45001], [105.86538, -6.45017], [105.86495, -6.4488], [105.86568, -6.44751], [105.86477, -6.44701], [105.86463, -6.44583], [105.86369, -6.44545], [105.86361, -6.44444], [105.86246, -6.44396], [105.86301, -6.44227], [105.86069, -6.43999], [105.85976, -6.4396], [105.85896, -6.44022], [105.85843, -6.44388], [105.85673, -6.44268], [105.85736, -6.43929], [105.85694, -6.43735], [105.85394, -6.43923], [105.84805, -6.43994], [105.8471, -6.4387], [105.84869, -6.43701], [105.8487, -6.43602], [105.84265, -6.43733], [105.84243, -6.43566], [105.84418, -6.43202], [105.84084, -6.43183], [105.83811, -6.43305], [105.83928, -6.4359], [105.83888, -6.43673], [105.83767, -6.43645], [105.83474, -6.43401], [105.83382, -6.4346], [105.83407, -6.43664], [105.83357, -6.43732], [105.83244, -6.43723], [105.83084, -6.43585], [105.82947, -6.43641], [105.83007, -6.43889], [105.8319, -6.44003], [105.83193, -6.44103], [105.82813, -6.44103], [105.82836, -6.4438], [105.82453, -6.44725], [105.82508, -6.44949], [105.82374, -6.45074], [105.8239, -6.45356], [105.82078, -6.45355], [105.8207, -6.45603], [105.81903, -6.4595], [105.81668, -6.46047], [105.81625, -6.46364], [105.81233, -6.46997], [105.81066, -6.47166], [105.80931, -6.47201], [105.80795, -6.47119], [105.80865, -6.47147], [105.809, -6.471], [105.8131, -6.46101], [105.81534, -6.45734], [105.81882, -6.44499], [105.81996, -6.44346], [105.82176, -6.43831], [105.82282, -6.43726]]]}}, {"type": "Feature", "properties": {"domain_id": "360135", "name": "SOBANG"}, "geometry": {"type": "Polygon", "coordinates": [[[105.8187, -6.60096], [105.81891, -6.60419], [105.82001, -6.60338], [105.8206, -6.60436], [105.82114, -6.60426], [105.82161, -6.60576], [105.82058, -6.60814], [105.8214, -6.61033], [105.81941, -6.61166], [105.81948, -6.61326], [105.81994, -6.61453], [105.82133, -6.61488], [105.82148, -6.61569], [105.82255, -6.6156], [105.82254, -6.61626], [105.82351, -6.61683], [105.82389, -6.6183], [105.82465, -6.61881], [105.82458, -6.62102], [105.82524, -6.62155], [105.82509, -6.62287], [105.82412, -6.62392], [105.82498, -6.62658], [105.82421, -6.62733], [105.82335, -6.6272], [105.82366, -6.62791], [105.82316, -6.62809], [105.82385, -6.62862], [105.82344, -6.63018], [105.82461, -6.63184], [105.82461, -6.63332], [105.82345, -6.63389], [105.8226, -6.63616], [105.82521, -6.63907], [105.82469, -6.64194], [105.82504, -6.64328], [105.82429, -6.64391], [105.82393, -6.64565], [105.82478, -6.65129], [105.82098, -6.65372], [105.82054, -6.65524], [105.82093, -6.65676], [105.8174, -6.65799], [105.81631, -6.65988], [105.81157, -6.66243], [105.81345, -6.66793], [105.81498, -6.66922], [105.81517, -6.67011], [105.81203, -6.67104], [105.81195, -6.67207], [105.811, -6.67261], [105.81241, -6.67758], [105.81055, -6.67741], [105.80872, -6.67868], [105.80797, -6.68008], [105.80658, -6.67968], [105.80376, -6.68087], [105.80306, -6.68234], [105.8014, -6.68356], [105.80167, -6.68509], [105.80075, -6.68699], [105.79919, -6.68734], [105.79728, -6.68616], [105.79656, -6.68688], [105.79486, -6.68691], [105.79306, -6.68867], [105.79139, -6.68904], [105.7897, -6.69192], [105.78764, -6.69393], [105.78447, -6.69331], [105.77672, -6.68719], [105.77193, -6.68911], [105.77089, -6.6881], [105.7679, -6.68792], [105.76117, -6.6896], [105.75875, -6.68843], [105.75915, -6.68747], [105.75847, -6.68444], [105.75766, -6.68333], [105.75613, -6.67734], [105.75614, -6.67328], [105.75867, -6.66968], [105.75929, -6.66738], [105.7585, -6.66536], [105.75904, -6.66276], [105.75849, -6.66027], [105.75591, -6.65589], [105.758, -6.65413], [105.75984, -6.65399], [105.76203, -6.65129], [105.7597, -6.64754], [105.7605, -6.64679], [105.76051, -6.64529], [105.75759, -6.64346], [105.75692, -6.64144], [105.75375, -6.64076], [105.75413, -6.63992], [105.75334, -6.63907], [105.75387, -6.6369], [105.75282, -6.63562], [105.75368, -6.63528], [105.75311, -6.63377], [105.75358, -6.63258], [105.75196, -6.63136], [105.75229, -6.62951], [105.75137, -6.62927], [105.75136, -6.62764], [105.7502, -6.62727], [105.75029, -6.62651], [105.74973, -6.62634], [105.74966, -6.62334], [105.74905, -6.62255], [105.74954, -6.62181], [105.74897, -6.62151], [105.74933, -6.62092], [105.74861, -6.62068], [105.7489, -6.61995], [105.74818, -6.618], [105.74701, -6.61788], [105.74676, -6.61707], [105.74722, -6.61439], [105.74567, -6.61419], [105.74651, -6.6119], [105.74615, -6.61089], [105.74449, -6.61066], [105.74469, -6.60976], [105.74269, -6.60774], [105.74295, -6.60696], [105.74215, -6.6061], [105.7442, -6.60432], [105.74359, -6.60298], [105.74466, -6.60312], [105.74571, -6.60222], [105.74522, -6.598], [105.74699, -6.59786], [105.74701, -6.59523], [105.74766, -6.59496], [105.74874, -6.59565], [105.74905, -6.59479], [105.74972, -6.59472], [105.75026, -6.59195], [105.74924, -6.59137], [105.74741, -6.59158], [105.74748, -6.5899], [105.74487, -6.58864], [105.74596, -6.58716], [105.74413, -6.58678], [105.74214, -6.58889], [105.74159, -6.58853], [105.74031, -6.58951], [105.73851, -6.58944], [105.73767, -6.5909], [105.73671, -6.59089], [105.73514, -6.59232], [105.73539, -6.5934], [105.73485, -6.5939], [105.73394, -6.59426], [105.73324, -6.59331], [105.73267, -6.59355], [105.73273, -6.59481], [105.73172, -6.59463], [105.73114, -6.5963], [105.73087, -6.59566], [105.73018, -6.59605], [105.72953, -6.59519], [105.72906, -6.59588], [105.72675, -6.5945], [105.72584, -6.59636], [105.72439, -6.59559], [105.7237, -6.59602], [105.72175, -6.59468], [105.72071, -6.59294], [105.7209, -6.59011], [105.72023, -6.58747], [105.71864, -6.58683], [105.71391, -6.58749], [105.71315, -6.58595], [105.70976, -6.58358], [105.70861, -6.58136], [105.705, -6.5823], [105.70402, -6.57989], [105.70451, -6.57799], [105.70084, -6.57444], [105.70069, -6.57247], [105.70163, -6.57059], [105.70326, -6.56985], [105.70485, -6.56998], [105.70519, -6.56908], [105.70574, -6.56975], [105.70661, -6.56863], [105.70799, -6.56876], [105.70878, -6.56652], [105.71009, -6.56642], [105.71016, -6.56467], [105.71134, -6.56266], [105.71209, -6.56266], [105.71188, -6.5618], [105.71516, -6.56324], [105.71783, -6.5621], [105.72099, -6.56255], [105.72578, -6.561], [105.73128, -6.56139], [105.73615, -6.55937], [105.74118, -6.56048], [105.74296, -6.55713], [105.74684, -6.55667], [105.74802, -6.55574], [105.74967, -6.55682], [105.75008, -6.55649], [105.74893, -6.55411], [105.74988, -6.55106], [105.75426, -6.551], [105.75688, -6.55217], [105.76177, -6.55248], [105.76217, -6.55471], [105.76434, -6.55549], [105.76622, -6.55508], [105.77082, -6.55033], [105.77249, -6.54556], [105.77327, -6.5455], [105.77307, -6.54665], [105.77455, -6.54727], [105.77485, -6.5481], [105.77799, -6.54686], [105.7798, -6.54807], [105.78022, -6.54766], [105.7798, -6.53835], [105.78139, -6.53876], [105.78482, -6.53759], [105.78822, -6.53769], [105.79101, -6.53824], [105.79203, -6.541], [105.79506, -6.54032], [105.80134, -6.54057], [105.80161, -6.53902], [105.80269, -6.5378], [105.80217, -6.53647], [105.8025, -6.53276], [105.80496, -6.53004], [105.80745, -6.52207], [105.81281, -6.52264], [105.81343, -6.5211], [105.81606, -6.5202], [105.81797, -6.51873], [105.81918, -6.51919], [105.82298, -6.51409], [105.82439, -6.51387], [105.82519, -6.51293], [105.82645, -6.51348], [105.82644, -6.51185], [105.82772, -6.51056], [105.83108, -6.51426], [105.8308, -6.51482], [105.82788, -6.51489], [105.82745, -6.51584], [105.82767, -6.51819], [105.82909, -6.51857], [105.82785, -6.52061], [105.83122, -6.52231], [105.83233, -6.52388], [105.83209, -6.52434], [105.83116, -6.52363], [105.83121, -6.52544], [105.83037, -6.52542], [105.83019, -6.52688], [105.83222, -6.52663], [105.83147, -6.52749], [105.8325, -6.52753], [105.83233, -6.52841], [105.83333, -6.5281], [105.8331, -6.52914], [105.83426, -6.52985], [105.8346, -6.52881], [105.83538, -6.52867], [105.8352, -6.52965], [105.83692, -6.53037], [105.83692, -6.53131], [105.83639, -6.53184], [105.83595, -6.53097], [105.83349, -6.53342], [105.82691, -6.53276], [105.82474, -6.53433], [105.82425, -6.53563], [105.82197, -6.53786], [105.81952, -6.53831], [105.81394, -6.54193], [105.80876, -6.54683], [105.80891, -6.54861], [105.80759, -6.54994], [105.81049, -6.55914], [105.80926, -6.56207], [105.80993, -6.56319], [105.80919, -6.56585], [105.81118, -6.56966], [105.81257, -6.57031], [105.81333, -6.57391], [105.81432, -6.57479], [105.81413, -6.58087], [105.81482, -6.58335], [105.81661, -6.58404], [105.8161, -6.58441], [105.81664, -6.58609], [105.81594, -6.58845], [105.81678, -6.59147], [105.82079, -6.59208], [105.8225, -6.59305], [105.82364, -6.59468], [105.82587, -6.5941], [105.82714, -6.59514], [105.8268, -6.59747], [105.82607, -6.59834], [105.82167, -6.59967], [105.82082, -6.60065], [105.8187, -6.60096]]]}}, {"type": "Feature", "properties": {"domain_id": "360129", "name": "SUKARESMI"}, "geometry": {"type": "Polygon", "coordinates": [[[105.82519, -6.55309], [105.81718, -6.55223], [105.81461, -6.55094], [105.81278, -6.55081], [105.80887, -6.54885], [105.80876, -6.54683], [105.81602, -6.54019], [105.81952, -6.53831], [105.82197, -6.53786], [105.82425, -6.53563], [105.82474, -6.53433], [105.82691, -6.53276], [105.83349, -6.53342], [105.83595, -6.53097], [105.83639, -6.53184], [105.83692, -6.53131], [105.83692, -6.53037], [105.8352, -6.52965], [105.83538, -6.52867], [105.8346, -6.52881], [105.83426, -6.52985], [105.8331, -6.52914], [105.83333, -6.5281], [105.83233, -6.52841], [105.8325, -6.52753], [105.83147, -6.52749], [105.83222, -6.52663], [105.83025, -6.527], [105.83037, -6.52542], [105.83121, -6.52544], [105.83116, -6.52363], [105.83209, -6.52434], [105.83227, -6.52372], [105.83122, -6.52231], [105.82785, -6.52061], [105.82909, -6.51857], [105.82756, -6.51793], [105.82764, -6.51514], [105.8308, -6.51482], [105.83108, -6.51426], [105.82787, -6.51062], [105.82644, -6.51185], [105.82576, -6.51101], [105.82663, -6.50783], [105.82634, -6.50463], [105.82002, -6.50231], [105.82095, -6.49839], [105.8193, -6.49642], [105.81934, -6.49393], [105.81878, -6.49401], [105.81845, -6.49568], [105.81738, -6.49534], [105.81693, -6.49265], [105.81733, -6.49008], [105.81481, -6.49021], [105.81362, -6.48819], [105.81152, -6.48876], [105.81084, -6.48826], [105.8109, -6.48698], [105.8128, -6.48586], [105.81266, -6.4846], [105.81106, -6.48434], [105.80983, -6.48502], [105.80922, -6.48622], [105.80939, -6.48799], [105.80882, -6.48846], [105.80732, -6.48781], [105.80686, -6.48534], [105.80597, -6.48509], [105.80495, -6.48584], [105.80422, -6.48872], [105.80054, -6.48916], [105.79783, -6.49106], [105.7972, -6.49098], [105.79723, -6.48964], [105.79785, -6.48861], [105.79747, -6.48828], [105.7979, -6.48855], [105.79896, -6.48718], [105.79861, -6.48686], [105.79914, -6.48699], [105.80002, -6.48572], [105.79964, -6.4854], [105.80007, -6.48565], [105.80187, -6.48284], [105.80148, -6.48253], [105.80191, -6.48277], [105.80495, -6.47796], [105.80767, -6.47253], [105.80936, -6.47251], [105.80931, -6.47201], [105.81066, -6.47166], [105.81233, -6.46997], [105.81625, -6.46364], [105.81668, -6.46047], [105.81914, -6.45931], [105.8207, -6.45603], [105.82066, -6.45371], [105.8239, -6.45356], [105.82374, -6.45074], [105.82508, -6.44949], [105.82453, -6.44725], [105.82836, -6.4438], [105.82813, -6.44103], [105.83193, -6.44103], [105.8319, -6.44003], [105.83007, -6.43889], [105.82947, -6.43641], [105.83084, -6.43585], [105.83244, -6.43723], [105.83357, -6.43732], [105.83407, -6.43664], [105.83382, -6.4346], [105.83474, -6.43401], [105.83767, -6.43645], [105.83888, -6.43673], [105.83928, -6.4359], [105.83805, -6.43386], [105.83832, -6.43279], [105.84353, -6.4316], [105.84419, -6.43234], [105.84269, -6.43478], [105.84247, -6.43721], [105.84823, -6.43596], [105.84876, -6.43679], [105.8471, -6.4387], [105.84805, -6.43994], [105.84579, -6.44632], [105.842, -6.45038], [105.84048, -6.45652], [105.84145, -6.45721], [105.84092, -6.4645], [105.84444, -6.46584], [105.84013, -6.47568], [105.84539, -6.47687], [105.85064, -6.47655], [105.85186, -6.49267], [105.85133, -6.49711], [105.85648, -6.49808], [105.85659, -6.5009], [105.85739, -6.50067], [105.85724, -6.50241], [105.85824, -6.5025], [105.85788, -6.50418], [105.85925, -6.50393], [105.85864, -6.5057], [105.85976, -6.50837], [105.86099, -6.50876], [105.86762, -6.5082], [105.86667, -6.50622], [105.86733, -6.50529], [105.86821, -6.50699], [105.86945, -6.50691], [105.8708, -6.50845], [105.871, -6.51007], [105.87023, -6.51219], [105.86811, -6.51473], [105.87031, -6.52167], [105.86802, -6.52308], [105.86623, -6.52294], [105.86489, -6.52356], [105.86173, -6.52813], [105.86259, -6.53026], [105.8624, -6.5313], [105.86154, -6.53189], [105.86088, -6.53152], [105.86009, -6.53235], [105.86024, -6.53314], [105.85938, -6.53295], [105.85947, -6.53446], [105.85853, -6.53557], [105.85439, -6.53733], [105.85374, -6.53894], [105.85172, -6.53945], [105.85222, -6.54116], [105.85375, -6.54057], [105.85349, -6.54173], [105.85203, -6.54207], [105.85298, -6.54364], [105.85196, -6.54419], [105.85191, -6.54554], [105.85123, -6.5454], [105.85152, -6.54611], [105.8522, -6.54607], [105.85118, -6.54824], [105.84974, -6.54849], [105.8498, -6.55144], [105.84663, -6.55536], [105.84029, -6.55495], [105.83877, -6.55349], [105.83652, -6.55282], [105.83239, -6.553], [105.82706, -6.55218], [105.8265, -6.55343], [105.82519, -6.55309]]]}}, {"type": "Feature", "properties": {"domain_id": "360131", "name": "SINDANGRESMI"}, "geometry": {"type": "Polygon", "coordinates": [[[105.95647, -6.57249], [105.95599, -6.57489], [105.95354, -6.57814], [105.9523, -6.58198], [105.94801, -6.5819], [105.94667, -6.58309], [105.94546, -6.58018], [105.94119, -6.579], [105.9423, -6.57579], [105.94044, -6.57437], [105.93756, -6.5756], [105.93504, -6.57468], [105.93424, -6.57649], [105.93157, -6.575], [105.93307, -6.57091], [105.93335, -6.56822], [105.93169, -6.56717], [105.92907, -6.56756], [105.92586, -6.5693], [105.92332, -6.57332], [105.92078, -6.57266], [105.91879, -6.57491], [105.91659, -6.57568], [105.91332, -6.5758], [105.90945, -6.57453], [105.90849, -6.57808], [105.90581, -6.5784], [105.90093, -6.58108], [105.9, -6.58014], [105.89936, -6.58032], [105.89746, -6.5819], [105.89673, -6.58153], [105.89646, -6.58033], [105.89227, -6.57761], [105.89043, -6.57701], [105.89103, -6.57835], [105.89063, -6.57871], [105.88871, -6.57771], [105.89094, -6.5745], [105.89327, -6.57451], [105.89344, -6.57391], [105.8916, -6.57363], [105.89189, -6.57228], [105.8879, -6.56947], [105.8875, -6.56806], [105.88511, -6.56712], [105.88432, -6.56569], [105.88734, -6.56363], [105.88906, -6.5633], [105.88902, -6.56192], [105.88731, -6.56098], [105.88744, -6.55933], [105.88864, -6.55978], [105.88882, -6.55924], [105.88694, -6.55813], [105.88756, -6.55685], [105.8894, -6.55662], [105.89077, -6.55478], [105.89, -6.55404], [105.88867, -6.55402], [105.88798, -6.55556], [105.88717, -6.55563], [105.88605, -6.55429], [105.88651, -6.55272], [105.8855, -6.55259], [105.8858, -6.55103], [105.88251, -6.54857], [105.88222, -6.54724], [105.88029, -6.54759], [105.87781, -6.54654], [105.8786, -6.54469], [105.87843, -6.54322], [105.88058, -6.5436], [105.87986, -6.54119], [105.87827, -6.54109], [105.8782, -6.54225], [105.87763, -6.54231], [105.87602, -6.53921], [105.87532, -6.54067], [105.87407, -6.54081], [105.87421, -6.54237], [105.87097, -6.54428], [105.87016, -6.54337], [105.86694, -6.54289], [105.86803, -6.5409], [105.86447, -6.53878], [105.86356, -6.53996], [105.86035, -6.54078], [105.85957, -6.54238], [105.85773, -6.54172], [105.85733, -6.54259], [105.85597, -6.54243], [105.85337, -6.54446], [105.85202, -6.54217], [105.85349, -6.54173], [105.85375, -6.54057], [105.85222, -6.54116], [105.85172, -6.53945], [105.85374, -6.53894], [105.85439, -6.53733], [105.85853, -6.53557], [105.85947, -6.53446], [105.85938, -6.53295], [105.86024, -6.53314], [105.86009, -6.53235], [105.86088, -6.53152], [105.86154, -6.53189], [105.8624, -6.5313], [105.86259, -6.53026], [105.86173, -6.52813], [105.86481, -6.52365], [105.86623, -6.52294], [105.86802, -6.52308], [105.87158, -6.52106], [105.87404, -6.52155], [105.87435, -6.52227], [105.87651, -6.52107], [105.87789, -6.52237], [105.87946, -6.52239], [105.87997, -6.52353], [105.8818, -6.52381], [105.882, -6.52478], [105.8839, -6.52477], [105.88407, -6.52271], [105.8852, -6.52027], [105.88817, -6.51726], [105.89229, -6.51726], [105.90053, -6.5192], [105.90274, -6.51761], [105.90396, -6.51757], [105.90369, -6.5134], [105.90507, -6.51071], [105.90801, -6.50799], [105.90732, -6.5071], [105.90793, -6.50578], [105.90659, -6.50535], [105.90614, -6.50454], [105.90579, -6.50487], [105.90542, -6.50404], [105.90308, -6.50351], [105.90251, -6.50194], [105.90286, -6.4997], [105.90413, -6.4984], [105.90798, -6.49796], [105.90973, -6.49544], [105.91119, -6.49523], [105.91146, -6.49397], [105.91164, -6.49571], [105.91258, -6.49462], [105.91299, -6.4961], [105.91437, -6.4965], [105.91447, -6.49722], [105.91558, -6.49617], [105.91686, -6.49763], [105.91673, -6.49696], [105.9174, -6.49723], [105.918, -6.49648], [105.91826, -6.49769], [105.91882, -6.49683], [105.92072, -6.49708], [105.92094, -6.49804], [105.92258, -6.49786], [105.92292, -6.49721], [105.92326, -6.49855], [105.92547, -6.49938], [105.92728, -6.49899], [105.92774, -6.49957], [105.92824, -6.4983], [105.92855, -6.49917], [105.92971, -6.49901], [105.93023, -6.4996], [105.9317, -6.49897], [105.93283, -6.50115], [105.93444, -6.50063], [105.93349, -6.50152], [105.9341, -6.50203], [105.93355, -6.5044], [105.93462, -6.50644], [105.93549, -6.50685], [105.93505, -6.50779], [105.93629, -6.50741], [105.93632, -6.50862], [105.93739, -6.50887], [105.93953, -6.51171], [105.93875, -6.51206], [105.93924, -6.51269], [105.93852, -6.51271], [105.93877, -6.51382], [105.93783, -6.51366], [105.93806, -6.51483], [105.93899, -6.51492], [105.93867, -6.51572], [105.93945, -6.51581], [105.93933, -6.51677], [105.94, -6.51674], [105.93997, -6.5174], [105.94242, -6.51958], [105.94269, -6.52184], [105.94388, -6.52228], [105.94443, -6.52396], [105.94545, -6.52412], [105.94625, -6.52515], [105.94677, -6.5246], [105.94771, -6.52478], [105.94767, -6.52592], [105.94929, -6.52647], [105.95165, -6.53106], [105.95048, -6.53092], [105.94819, -6.53374], [105.94665, -6.53313], [105.94404, -6.53447], [105.93943, -6.53267], [105.93434, -6.5343], [105.93654, -6.53521], [105.9381, -6.53717], [105.9405, -6.53802], [105.9414, -6.54039], [105.94274, -6.541], [105.94399, -6.54496], [105.94557, -6.54454], [105.94814, -6.54161], [105.95229, -6.54239], [105.95214, -6.54516], [105.95343, -6.54621], [105.95211, -6.54827], [105.9525, -6.5491], [105.95433, -6.55001], [105.95517, -6.55004], [105.95522, -6.5484], [105.9562, -6.54775], [105.95871, -6.5489], [105.96022, -6.54858], [105.96055, -6.54812], [105.95926, -6.54748], [105.96051, -6.54573], [105.96035, -6.54504], [105.96924, -6.54854], [105.97418, -6.55286], [105.96625, -6.55401], [105.96474, -6.55612], [105.96383, -6.56439], [105.96104, -6.56563], [105.96027, -6.56991], [105.95647, -6.57249]]]}}, {"type": "Feature", "properties": {"domain_id": "360124", "name": "PATIA"}, "geometry": {"type": "Polygon", "coordinates": [[[105.88817, -6.51726], [105.8852, -6.52027], [105.88407, -6.52271], [105.8839, -6.52477], [105.882, -6.52478], [105.8818, -6.52381], [105.87997, -6.52353], [105.87946, -6.52239], [105.87789, -6.52237], [105.87651, -6.52107], [105.87448, -6.52226], [105.87275, -6.52114], [105.87031, -6.52167], [105.86811, -6.51473], [105.87023, -6.51219], [105.871, -6.51007], [105.8708, -6.50845], [105.86945, -6.50691], [105.86821, -6.50699], [105.86733, -6.50529], [105.86667, -6.50622], [105.86762, -6.5082], [105.86099, -6.50876], [105.85976, -6.50837], [105.85864, -6.5057], [105.85925, -6.50393], [105.85788, -6.50418], [105.85824, -6.5025], [105.85724, -6.50241], [105.85739, -6.50067], [105.85659, -6.5009], [105.85648, -6.49808], [105.85133, -6.49711], [105.85186, -6.49267], [105.85064, -6.47655], [105.84539, -6.47687], [105.84013, -6.47568], [105.84444, -6.46584], [105.84092, -6.4645], [105.84145, -6.45721], [105.84048, -6.45652], [105.842, -6.45038], [105.84579, -6.44632], [105.84805, -6.43994], [105.85394, -6.43923], [105.85694, -6.43735], [105.85736, -6.43863], [105.85696, -6.44324], [105.85873, -6.44375], [105.85876, -6.44058], [105.85954, -6.43966], [105.86069, -6.43999], [105.86301, -6.44227], [105.86246, -6.44396], [105.86361, -6.44444], [105.86369, -6.44545], [105.86463, -6.44583], [105.86477, -6.44701], [105.86568, -6.44751], [105.86495, -6.4488], [105.86538, -6.45017], [105.86974, -6.45001], [105.87129, -6.44935], [105.874, -6.44595], [105.875, -6.44946], [105.87576, -6.44752], [105.87746, -6.44837], [105.87906, -6.44648], [105.88162, -6.44597], [105.88234, -6.44676], [105.88096, -6.44905], [105.88164, -6.44968], [105.88335, -6.4483], [105.88473, -6.44881], [105.88564, -6.44776], [105.88608, -6.44862], [105.89569, -6.44911], [105.89581, -6.45082], [105.89485, -6.45221], [105.89363, -6.45135], [105.89324, -6.45209], [105.89453, -6.45377], [105.89663, -6.45425], [105.8965, -6.45727], [105.89699, -6.45795], [105.89825, -6.45832], [105.90302, -6.45576], [105.90593, -6.45826], [105.90681, -6.46117], [105.90658, -6.46345], [105.90702, -6.4642], [105.9082, -6.4642], [105.90819, -6.46571], [105.90958, -6.4671], [105.9107, -6.47009], [105.90889, -6.47696], [105.90937, -6.47927], [105.90814, -6.47938], [105.90764, -6.47995], [105.90812, -6.48063], [105.907, -6.48121], [105.90799, -6.48314], [105.90899, -6.49025], [105.91061, -6.49178], [105.90998, -6.49312], [105.91071, -6.49325], [105.91071, -6.49458], [105.90798, -6.49796], [105.90433, -6.49835], [105.9034, -6.49897], [105.90251, -6.50194], [105.90308, -6.50351], [105.90542, -6.50404], [105.90579, -6.50487], [105.90614, -6.50454], [105.90659, -6.50535], [105.90787, -6.50566], [105.90732, -6.5071], [105.90801, -6.50799], [105.90507, -6.51071], [105.90369, -6.5134], [105.904, -6.51753], [105.90274, -6.51761], [105.90127, -6.519], [105.89766, -6.51878], [105.89229, -6.51726], [105.88817, -6.51726]]]}}, {"type": "Feature", "properties": {"domain_id": "360128", "name": "CARITA"}, "geometry": {"type": "Polygon", "coordinates": [[[105.82808, -6.33087], [105.82928, -6.32731], [105.82819, -6.31868], [105.83077, -6.31585], [105.8318, -6.31602], [105.83433, -6.31492], [105.83516, -6.31571], [105.83555, -6.31481], [105.83621, -6.31434], [105.83527, -6.31575], [105.83642, -6.31624], [105.83942, -6.3143], [105.84081, -6.30985], [105.84142, -6.30035], [105.84082, -6.29717], [105.83924, -6.29538], [105.83704, -6.29485], [105.83683, -6.29583], [105.83567, -6.29467], [105.83363, -6.29552], [105.83337, -6.29496], [105.8327, -6.29494], [105.83265, -6.2955], [105.83259, -6.29477], [105.83108, -6.29485], [105.82974, -6.29374], [105.82857, -6.29069], [105.82788, -6.2912], [105.82654, -6.28908], [105.82618, -6.28675], [105.8269, -6.28476], [105.82651, -6.28383], [105.82705, -6.28341], [105.82549, -6.28308], [105.82599, -6.28294], [105.82542, -6.28207], [105.82596, -6.27987], [105.82562, -6.27829], [105.82656, -6.27492], [105.82725, -6.27505], [105.82811, -6.2728], [105.83018, -6.27136], [105.83072, -6.26998], [105.83046, -6.26827], [105.82849, -6.26782], [105.82779, -6.26667], [105.82769, -6.26428], [105.82893, -6.26049], [105.8284, -6.25793], [105.8287, -6.25704], [105.82947, -6.25754], [105.82977, -6.25708], [105.82839, -6.25547], [105.82686, -6.24779], [105.82783, -6.24737], [105.82918, -6.24834], [105.83063, -6.24796], [105.83453, -6.24514], [105.83746, -6.24168], [105.84093, -6.23998], [105.85326, -6.24274], [105.85701, -6.24132], [105.85959, -6.23904], [105.86276, -6.23763], [105.86652, -6.23774], [105.8711, -6.23682], [105.87244, -6.23721], [105.87414, -6.23885], [105.87614, -6.2388], [105.87767, -6.23958], [105.87991, -6.23834], [105.88153, -6.23575], [105.88114, -6.23068], [105.88002, -6.22747], [105.88189, -6.22458], [105.88424, -6.22342], [105.88848, -6.22429], [105.8893, -6.22643], [105.89029, -6.22698], [105.89012, -6.22819], [105.89226, -6.23132], [105.8944, -6.23256], [105.8953, -6.23413], [105.89777, -6.23567], [105.89925, -6.23773], [105.89773, -6.23914], [105.89882, -6.24097], [105.8985, -6.24356], [105.9026, -6.24281], [105.90431, -6.24608], [105.9053, -6.2443], [105.90776, -6.24548], [105.90838, -6.24443], [105.90891, -6.24451], [105.91041, -6.24604], [105.91176, -6.24571], [105.91309, -6.24847], [105.91428, -6.24771], [105.91533, -6.24985], [105.91636, -6.25001], [105.9162, -6.25165], [105.91725, -6.25223], [105.91726, -6.2546], [105.91854, -6.25735], [105.91955, -6.2581], [105.91984, -6.26292], [105.92052, -6.26433], [105.92015, -6.26539], [105.92113, -6.26644], [105.91993, -6.26738], [105.92016, -6.26888], [105.91286, -6.2705], [105.91281, -6.2682], [105.9114, -6.268], [105.91031, -6.26672], [105.90764, -6.26735], [105.90673, -6.26833], [105.90499, -6.26815], [105.90161, -6.26417], [105.89954, -6.26529], [105.89772, -6.26508], [105.89566, -6.26577], [105.8945, -6.26693], [105.89385, -6.26896], [105.89064, -6.27171], [105.88927, -6.27389], [105.88951, -6.27797], [105.88764, -6.28151], [105.88391, -6.28234], [105.88288, -6.28432], [105.87915, -6.28581], [105.87811, -6.28763], [105.87588, -6.2879], [105.87459, -6.28978], [105.87524, -6.2912], [105.87413, -6.29695], [105.8751, -6.30183], [105.87401, -6.30322], [105.87379, -6.30516], [105.87115, -6.30602], [105.871, -6.30737], [105.87017, -6.30712], [105.87091, -6.30884], [105.86824, -6.31179], [105.86777, -6.31907], [105.86883, -6.32225], [105.86837, -6.32377], [105.86653, -6.32463], [105.86422, -6.32431], [105.86143, -6.32783], [105.85934, -6.32768], [105.85734, -6.32843], [105.85498, -6.33874], [105.85242, -6.33879], [105.84918, -6.33727], [105.84808, -6.33745], [105.84797, -6.33809], [105.84667, -6.33802], [105.84688, -6.34233], [105.8463, -6.34571], [105.84688, -6.34733], [105.84627, -6.34996], [105.84301, -6.34998], [105.84124, -6.34894], [105.84058, -6.35232], [105.83875, -6.3518], [105.8328, -6.35196], [105.82664, -6.3504], [105.82954, -6.34212], [105.82446, -6.34128], [105.82624, -6.33409], [105.82808, -6.33087]]]}}, {"type": "Feature", "properties": {"domain_id": "360112", "name": "LABUAN"}, "geometry": {"type": "MultiPolygon", "coordinates": [[[[105.82173, -6.392], [105.82353, -6.39065], [105.82544, -6.39055], [105.82562, -6.38777], [105.82509, -6.38604], [105.82448, -6.38512], [105.82386, -6.38458], [105.82476, -6.38561], [105.82501, -6.38607], [105.82519, -6.38673], [105.82532, -6.38779], [105.82479, -6.38571], [105.8232, -6.38386], [105.82166, -6.38298], [105.82156, -6.3836], [105.82136, -6.38312], [105.81927, -6.38314], [105.81874, -6.38222], [105.81891, -6.38073], [105.82224, -6.37782], [105.82323, -6.37574], [105.82255, -6.37508], [105.82255, -6.37313], [105.8216, -6.37145], [105.81983, -6.37105], [105.81934, -6.3696], [105.81993, -6.36109], [105.81888, -6.35935], [105.8194, -6.35845], [105.81897, -6.35941], [105.82002, -6.36044], [105.82083, -6.35958], [105.82201, -6.36019], [105.82248, -6.35974], [105.82069, -6.35892], [105.82235, -6.35942], [105.82185, -6.35849], [105.82363, -6.35347], [105.82322, -6.35335], [105.8232, -6.35322], [105.82384, -6.35345], [105.82422, -6.35254], [105.82445, -6.35103], [105.82362, -6.35121], [105.82448, -6.35091], [105.8245, -6.34982], [105.82409, -6.34875], [105.82361, -6.34884], [105.82413, -6.34866], [105.82332, -6.34757], [105.82355, -6.34539], [105.82308, -6.3451], [105.82405, -6.34463], [105.82446, -6.34132], [105.82954, -6.34212], [105.82664, -6.3504], [105.8328, -6.35196], [105.83875, -6.3518], [105.84058, -6.35232], [105.84124, -6.34894], [105.84301, -6.34998], [105.84627, -6.34996], [105.84617, -6.35368], [105.84731, -6.35394], [105.84886, -6.35285], [105.84947, -6.35342], [105.84791, -6.35499], [105.84761, -6.35771], [105.85115, -6.35812], [105.85178, -6.35911], [105.8525, -6.35836], [105.85386, -6.35859], [105.85797, -6.36264], [105.85801, -6.36612], [105.8568, -6.37107], [105.85428, -6.37224], [105.85447, -6.3729], [105.85358, -6.37267], [105.85385, -6.37406], [105.85166, -6.37446], [105.85123, -6.37334], [105.84963, -6.3735], [105.84887, -6.375], [105.8511, -6.37707], [105.85286, -6.37754], [105.85275, -6.37945], [105.85714, -6.38072], [105.85618, -6.38288], [105.85691, -6.3843], [105.85584, -6.3868], [105.85337, -6.38646], [105.85223, -6.38446], [105.84882, -6.38493], [105.84939, -6.38565], [105.84911, -6.38687], [105.84626, -6.38531], [105.8452, -6.38724], [105.84172, -6.38941], [105.83764, -6.38927], [105.83752, -6.39053], [105.83357, -6.39143], [105.83381, -6.39432], [105.83026, -6.39482], [105.82829, -6.39649], [105.82492, -6.39794], [105.82416, -6.39734], [105.80708, -6.4071], [105.81977, -6.39963], [105.81982, -6.39863], [105.81918, -6.39824], [105.81982, -6.39715], [105.81894, -6.39784], [105.81887, -6.39778], [105.82548, -6.39264], [105.82599, -6.39142], [105.82531, -6.39073], [105.82347, -6.39086], [105.8085, -6.40219], [105.82173, -6.392]]], [[[105.80751, -6.39343], [105.80849, -6.39323], [105.80947, -6.39365], [105.80992, -6.39507], [105.81117, -6.39593], [105.80913, -6.39908], [105.80687, -6.39854], [105.80455, -6.39568], [105.80475, -6.39501], [105.80751, -6.39343]]]]}}, {"type": "Feature", "properties": {"domain_id": "360105", "name": "CIGEULIS"}, "geometry": {"type": "Polygon", "coordinates": [[[105.75881, -6.66293], [105.7585, -6.66536], [105.75923, -6.66781], [105.75602, -6.67394], [105.75651, -6.67578], [105.75613, -6.67734], [105.75912, -6.6877], [105.75875, -6.68843], [105.75649, -6.68912], [105.75519, -6.68868], [105.7543, -6.68995], [105.75218, -6.69083], [105.74842, -6.68985], [105.74708, -6.68836], [105.74285, -6.68743], [105.74112, -6.68617], [105.74047, -6.6845], [105.73812, -6.68383], [105.73712, -6.68097], [105.736, -6.68145], [105.73327, -6.67956], [105.72943, -6.68059], [105.72876, -6.68187], [105.7248, -6.68022], [105.72421, -6.67859], [105.7226, -6.67754], [105.72011, -6.67923], [105.71901, -6.67908], [105.71865, -6.68023], [105.71655, -6.67797], [105.71238, -6.67805], [105.71098, -6.67611], [105.70848, -6.67586], [105.70788, -6.67446], [105.70586, -6.67259], [105.70324, -6.67167], [105.69687, -6.6728], [105.69368, -6.67466], [105.68919, -6.67092], [105.68822, -6.67097], [105.6872, -6.67216], [105.68331, -6.66838], [105.68182, -6.66864], [105.68095, -6.66723], [105.68079, -6.66528], [105.67803, -6.66384], [105.67802, -6.66333], [105.67747, -6.66365], [105.67753, -6.66243], [105.67624, -6.66263], [105.67572, -6.66427], [105.67542, -6.66345], [105.67411, -6.66313], [105.67304, -6.66611], [105.67085, -6.66664], [105.67059, -6.6651], [105.6712, -6.66423], [105.67056, -6.66295], [105.6711, -6.66144], [105.66991, -6.66075], [105.66886, -6.66239], [105.66772, -6.66169], [105.66833, -6.66366], [105.66776, -6.66427], [105.66915, -6.66468], [105.66877, -6.66609], [105.66729, -6.66647], [105.66677, -6.6658], [105.66632, -6.66708], [105.6653, -6.66659], [105.66291, -6.66686], [105.66221, -6.66735], [105.66245, -6.66874], [105.65956, -6.66852], [105.65866, -6.6659], [105.65762, -6.66601], [105.65571, -6.66498], [105.65487, -6.66694], [105.65327, -6.66737], [105.6523, -6.66864], [105.64852, -6.66836], [105.64649, -6.66976], [105.64592, -6.66805], [105.64672, -6.66701], [105.64527, -6.66621], [105.64432, -6.66771], [105.64284, -6.6674], [105.64124, -6.66646], [105.64052, -6.66523], [105.64072, -6.66419], [105.64353, -6.66347], [105.64296, -6.66131], [105.6438, -6.65992], [105.64352, -6.65928], [105.63941, -6.65884], [105.63941, -6.66243], [105.63559, -6.66053], [105.63274, -6.66076], [105.63117, -6.66161], [105.63011, -6.65925], [105.62742, -6.65813], [105.62644, -6.65627], [105.62508, -6.65537], [105.62556, -6.65369], [105.62371, -6.6515], [105.62323, -6.64887], [105.6232, -6.64675], [105.6243, -6.64458], [105.62377, -6.64382], [105.62424, -6.64242], [105.62369, -6.6386], [105.6219, -6.63809], [105.6219, -6.63568], [105.61998, -6.6347], [105.61859, -6.63473], [105.61858, -6.63728], [105.61987, -6.64014], [105.61936, -6.6404], [105.61846, -6.63939], [105.61729, -6.63924], [105.61557, -6.6417], [105.61472, -6.64152], [105.61193, -6.63946], [105.61216, -6.63561], [105.6109, -6.6332], [105.61139, -6.63272], [105.61026, -6.63099], [105.61021, -6.63185], [105.60983, -6.63102], [105.60952, -6.63157], [105.60947, -6.63156], [105.61401, -6.62397], [105.6151, -6.62348], [105.61513, -6.62193], [105.61825, -6.61659], [105.61767, -6.61293], [105.6182, -6.61271], [105.61743, -6.61245], [105.61741, -6.61004], [105.61826, -6.60257], [105.6174, -6.60077], [105.62239, -6.59815], [105.62147, -6.59835], [105.62305, -6.5961], [105.62461, -6.5914], [105.62454, -6.5922], [105.62491, -6.59251], [105.62581, -6.59076], [105.62556, -6.58945], [105.62494, -6.59034], [105.62623, -6.58536], [105.62548, -6.58266], [105.62476, -6.58378], [105.62287, -6.58334], [105.62178, -6.57874], [105.61906, -6.5765], [105.61838, -6.57677], [105.61741, -6.57605], [105.61593, -6.57092], [105.6159, -6.56919], [105.61706, -6.56597], [105.61741, -6.56618], [105.61608, -6.56119], [105.61641, -6.55871], [105.61926, -6.55428], [105.62136, -6.55276], [105.62192, -6.54975], [105.62267, -6.54935], [105.62502, -6.5514], [105.62554, -6.54999], [105.62665, -6.54949], [105.62714, -6.55113], [105.6285, -6.55069], [105.63017, -6.55179], [105.63154, -6.55149], [105.63271, -6.54983], [105.63669, -6.54886], [105.63795, -6.54794], [105.63809, -6.54439], [105.63867, -6.54369], [105.64092, -6.5439], [105.64357, -6.5461], [105.64581, -6.54687], [105.64566, -6.54845], [105.6445, -6.54912], [105.64405, -6.5507], [105.64437, -6.55315], [105.64574, -6.55623], [105.64487, -6.55859], [105.64628, -6.56029], [105.64843, -6.56078], [105.64925, -6.56167], [105.6504, -6.56598], [105.65367, -6.57123], [105.65367, -6.57276], [105.65685, -6.5742], [105.65687, -6.57258], [105.65764, -6.57249], [105.65784, -6.57062], [105.65862, -6.56976], [105.66193, -6.56762], [105.66516, -6.56736], [105.66601, -6.56416], [105.66699, -6.56368], [105.66718, -6.56196], [105.66837, -6.56048], [105.66813, -6.55898], [105.66605, -6.55637], [105.66782, -6.5541], [105.6669, -6.55159], [105.6677, -6.55149], [105.66799, -6.55055], [105.67038, -6.55024], [105.67118, -6.54627], [105.67291, -6.54614], [105.67372, -6.54484], [105.67485, -6.54512], [105.67427, -6.54327], [105.67351, -6.54291], [105.67511, -6.54227], [105.67526, -6.54164], [105.67441, -6.54154], [105.67417, -6.54032], [105.67503, -6.54035], [105.67608, -6.53914], [105.67617, -6.54071], [105.67699, -6.54127], [105.67728, -6.54019], [105.6782, -6.54021], [105.67902, -6.54262], [105.68208, -6.54485], [105.68119, -6.54774], [105.68339, -6.54931], [105.68509, -6.54867], [105.6911, -6.5487], [105.69777, -6.5516], [105.69918, -6.55054], [105.70117, -6.55039], [105.70226, -6.55102], [105.70229, -6.55278], [105.7084, -6.55315], [105.70956, -6.55476], [105.71412, -6.55436], [105.71425, -6.55542], [105.71345, -6.55681], [105.71417, -6.55919], [105.71484, -6.55948], [105.71468, -6.56082], [105.71175, -6.56188], [105.71209, -6.56266], [105.71134, -6.56266], [105.71024, -6.56447], [105.71009, -6.56642], [105.70878, -6.56652], [105.7079, -6.56884], [105.70661, -6.56863], [105.70574, -6.56975], [105.70519, -6.56908], [105.70485, -6.56998], [105.70326, -6.56985], [105.70163, -6.57059], [105.70069, -6.57247], [105.70084, -6.57444], [105.70451, -6.57799], [105.70402, -6.57989], [105.705, -6.5823], [105.70861, -6.58136], [105.70976, -6.58358], [105.71315, -6.58595], [105.71391, -6.58749], [105.71864, -6.58683], [105.72023, -6.58747], [105.7209, -6.59011], [105.72071, -6.59294], [105.72175, -6.59468], [105.7237, -6.59602], [105.72439, -6.59559], [105.72584, -6.59636], [105.72675, -6.5945], [105.72906, -6.59588], [105.72953, -6.59519], [105.73018, -6.59605], [105.73087, -6.59566], [105.73114, -6.5963], [105.73172, -6.59463], [105.73273, -6.59481], [105.73267, -6.59355], [105.73324, -6.59331], [105.73394, -6.59426], [105.73485, -6.5939], [105.73539, -6.5934], [105.73514, -6.59232], [105.73671, -6.59089], [105.73767, -6.5909], [105.73851, -6.58944], [105.74031, -6.58951], [105.74159, -6.58853], [105.74214, -6.58889], [105.74413, -6.58678], [105.74596, -6.58716], [105.74487, -6.58864], [105.74748, -6.5899], [105.74741, -6.59158], [105.74924, -6.59137], [105.75026, -6.59195], [105.74972, -6.59472], [105.74905, -6.59479], [105.74874, -6.59565], [105.74766, -6.59496], [105.74701, -6.59523], [105.74699, -6.59786], [105.74522, -6.598], [105.74571, -6.60222], [105.74466, -6.60312], [105.74359, -6.60298], [105.7442, -6.60432], [105.74215, -6.6061], [105.74295, -6.60696], [105.74269, -6.60774], [105.74469, -6.60976], [105.74449, -6.61066], [105.74615, -6.61089], [105.74651, -6.6119], [105.74567, -6.61419], [105.74722, -6.61439], [105.74676, -6.61707], [105.74701, -6.61788], [105.74818, -6.618], [105.7489, -6.61995], [105.74861, -6.62068], [105.74933, -6.62092], [105.74897, -6.62151], [105.74954, -6.62181], [105.74905, -6.62255], [105.74966, -6.62334], [105.74973, -6.62634], [105.75029, -6.62651], [105.7502, -6.62727], [105.75136, -6.62764], [105.75137, -6.62927], [105.75229, -6.62951], [105.75196, -6.63136], [105.75358, -6.63258], [105.75311, -6.63377], [105.75368, -6.63528], [105.75282, -6.63562], [105.75387, -6.6369], [105.75334, -6.63907], [105.75413, -6.63992], [105.75375, -6.64076], [105.75692, -6.64144], [105.75759, -6.64346], [105.76071, -6.64583], [105.76034, -6.64716], [105.75965, -6.64731], [105.76081, -6.64859], [105.76148, -6.65114], [105.76202, -6.65126], [105.76167, -6.6523], [105.75957, -6.65419], [105.758, -6.65413], [105.75591, -6.65589], [105.75842, -6.66009], [105.75881, -6.66293]]]}}, {"type": "Feature", "properties": {"domain_id": "360127", "name": "CIBITUNG"}, "geometry": {"type": "Polygon", "coordinates": [[[105.69532, -6.83645], [105.67994, -6.83742], [105.67116, -6.83733], [105.67202, -6.83687], [105.67332, -6.8343], [105.67357, -6.83225], [105.6755, -6.83185], [105.67593, -6.83054], [105.67444, -6.82853], [105.67374, -6.82345], [105.67267, -6.82135], [105.67119, -6.82034], [105.67023, -6.8187], [105.66924, -6.81855], [105.66848, -6.8195], [105.66639, -6.81886], [105.6649, -6.81675], [105.66527, -6.81493], [105.66376, -6.81364], [105.66432, -6.80923], [105.66631, -6.80771], [105.66667, -6.80673], [105.66504, -6.80487], [105.66413, -6.80624], [105.66255, -6.80597], [105.66152, -6.80383], [105.6645, -6.8036], [105.6648, -6.80259], [105.65946, -6.7999], [105.66047, -6.79849], [105.66295, -6.79694], [105.6628, -6.79541], [105.66369, -6.79435], [105.66285, -6.79319], [105.66314, -6.7918], [105.66111, -6.79059], [105.66182, -6.78874], [105.66135, -6.78764], [105.6624, -6.78481], [105.66025, -6.78096], [105.66136, -6.77889], [105.66055, -6.77752], [105.66141, -6.77727], [105.66237, -6.77815], [105.66286, -6.77739], [105.66105, -6.77605], [105.65896, -6.77609], [105.65583, -6.77324], [105.65511, -6.77149], [105.65864, -6.7666], [105.65743, -6.76519], [105.65802, -6.76329], [105.66783, -6.76257], [105.66997, -6.76029], [105.66992, -6.75922], [105.67199, -6.7593], [105.67207, -6.7578], [105.67368, -6.75727], [105.67454, -6.75314], [105.67372, -6.75276], [105.67465, -6.75245], [105.67391, -6.75204], [105.67406, -6.75097], [105.67569, -6.7505], [105.67806, -6.74838], [105.67706, -6.74667], [105.67784, -6.74666], [105.67962, -6.74381], [105.68247, -6.74181], [105.68225, -6.73766], [105.68496, -6.73553], [105.68624, -6.7316], [105.688, -6.72877], [105.69321, -6.72467], [105.69486, -6.72197], [105.69547, -6.71956], [105.69698, -6.7243], [105.69837, -6.72466], [105.69771, -6.72577], [105.69832, -6.72646], [105.6972, -6.7267], [105.69772, -6.7282], [105.69718, -6.72829], [105.69848, -6.72963], [105.7033, -6.72945], [105.70624, -6.73228], [105.70613, -6.73371], [105.70676, -6.73369], [105.71022, -6.73852], [105.70957, -6.73936], [105.71046, -6.74046], [105.71306, -6.74005], [105.71358, -6.74177], [105.71427, -6.74143], [105.71387, -6.74095], [105.71493, -6.74136], [105.71607, -6.74077], [105.71649, -6.74223], [105.71796, -6.74235], [105.71727, -6.7433], [105.71875, -6.74419], [105.71856, -6.74489], [105.71956, -6.74635], [105.719, -6.74914], [105.71943, -6.75135], [105.71858, -6.75173], [105.72101, -6.75477], [105.71926, -6.7584], [105.71887, -6.76093], [105.72642, -6.756], [105.72865, -6.75354], [105.72958, -6.75367], [105.73008, -6.75238], [105.74153, -6.75367], [105.74511, -6.75307], [105.74579, -6.75393], [105.74737, -6.75418], [105.74637, -6.75496], [105.74631, -6.75614], [105.7441, -6.75799], [105.73939, -6.75789], [105.74061, -6.75991], [105.74044, -6.76158], [105.73945, -6.76132], [105.73964, -6.76233], [105.73861, -6.76199], [105.73858, -6.76284], [105.73729, -6.76208], [105.73679, -6.76257], [105.73686, -6.76474], [105.73502, -6.77233], [105.73761, -6.77457], [105.73954, -6.77483], [105.74101, -6.77411], [105.74515, -6.77582], [105.74425, -6.77647], [105.74586, -6.77788], [105.74639, -6.77991], [105.74609, -6.78186], [105.74766, -6.78301], [105.75569, -6.78612], [105.75801, -6.78778], [105.76442, -6.79047], [105.76795, -6.79036], [105.76951, -6.7921], [105.77075, -6.79196], [105.77277, -6.79019], [105.77735, -6.79248], [105.77854, -6.79193], [105.78056, -6.79211], [105.78642, -6.79578], [105.79314, -6.79593], [105.79701, -6.7983], [105.80077, -6.79742], [105.80154, -6.7989], [105.80519, -6.79956], [105.80247, -6.80278], [105.79866, -6.80366], [105.79741, -6.80677], [105.79733, -6.81004], [105.79601, -6.81184], [105.79491, -6.81139], [105.79474, -6.81561], [105.79622, -6.82028], [105.7952, -6.82397], [105.79434, -6.8324], [105.79205, -6.83362], [105.78995, -6.83343], [105.7893, -6.83441], [105.78748, -6.83516], [105.78538, -6.83486], [105.78425, -6.83385], [105.78271, -6.83368], [105.78225, -6.83275], [105.77929, -6.83188], [105.77545, -6.8331], [105.7757, -6.83386], [105.77487, -6.83453], [105.77341, -6.83411], [105.77409, -6.83736], [105.77363, -6.84], [105.77231, -6.83992], [105.77148, -6.83718], [105.76938, -6.83763], [105.76887, -6.83829], [105.76874, -6.84569], [105.77146, -6.84754], [105.77124, -6.84818], [105.75412, -6.84462], [105.74427, -6.84174], [105.73807, -6.84085], [105.73693, -6.84002], [105.73541, -6.84038], [105.73374, -6.83955], [105.72348, -6.83844], [105.72251, -6.83768], [105.72301, -6.83836], [105.72009, -6.83795], [105.72011, -6.83748], [105.71815, -6.83767], [105.71675, -6.83663], [105.71689, -6.83743], [105.70941, -6.83675], [105.7086, -6.83619], [105.70915, -6.83668], [105.7019, -6.83642], [105.7022, -6.83581], [105.70138, -6.83652], [105.69653, -6.83634], [105.69625, -6.83551], [105.69631, -6.83646], [105.69532, -6.83645]]]}}, {"type": "Feature", "properties": {"domain_id": "360101", "name": "SUMUR"}, "geometry": {"type": "MultiPolygon", "coordinates": [[[[105.50089, -6.78477], [105.50366, -6.78033], [105.50489, -6.77693], [105.50484, -6.77441], [105.50239, -6.7723], [105.50188, -6.77074], [105.50338, -6.76549], [105.51234, -6.75714], [105.51176, -6.7554], [105.51248, -6.7511], [105.5118, -6.74764], [105.51249, -6.74543], [105.51199, -6.74529], [105.51198, -6.7431], [105.51112, -6.74142], [105.50902, -6.74054], [105.507, -6.73772], [105.50665, -6.73111], [105.50742, -6.72946], [105.51327, -6.72588], [105.51571, -6.7259], [105.51865, -6.72483], [105.51912, -6.72527], [105.51974, -6.72418], [105.52532, -6.72018], [105.52563, -6.72101], [105.52543, -6.72033], [105.52725, -6.71699], [105.52906, -6.71519], [105.53073, -6.71391], [105.5328, -6.71334], [105.53426, -6.71121], [105.54237, -6.7047], [105.54247, -6.70107], [105.54783, -6.70185], [105.55142, -6.69755], [105.55551, -6.69675], [105.55505, -6.69553], [105.55555, -6.69405], [105.55797, -6.69306], [105.55773, -6.69261], [105.56147, -6.68683], [105.56136, -6.6851], [105.56077, -6.68475], [105.5619, -6.68083], [105.56331, -6.68024], [105.5646, -6.68167], [105.56833, -6.68326], [105.5717, -6.68061], [105.57244, -6.67917], [105.57142, -6.67774], [105.57076, -6.67788], [105.57079, -6.6762], [105.57408, -6.67249], [105.57354, -6.67237], [105.57349, -6.67103], [105.57575, -6.66443], [105.57502, -6.66309], [105.57109, -6.66297], [105.57052, -6.66368], [105.5689, -6.66363], [105.56773, -6.65974], [105.56926, -6.65761], [105.57155, -6.65674], [105.58033, -6.65769], [105.58274, -6.65583], [105.58494, -6.65578], [105.58633, -6.65445], [105.58611, -6.6539], [105.58641, -6.65447], [105.58787, -6.65294], [105.59054, -6.6516], [105.59186, -6.65181], [105.59159, -6.65079], [105.59189, -6.65178], [105.59283, -6.65167], [105.59709, -6.6488], [105.59763, -6.65039], [105.59882, -6.64967], [105.60076, -6.65152], [105.6025, -6.65104], [105.60384, -6.65165], [105.60441, -6.65315], [105.60589, -6.65369], [105.60655, -6.65469], [105.60646, -6.6554], [105.60447, -6.65572], [105.60473, -6.65634], [105.60414, -6.65698], [105.60492, -6.6578], [105.60505, -6.65965], [105.60181, -6.66055], [105.59968, -6.66263], [105.60165, -6.66415], [105.60302, -6.66688], [105.60508, -6.66708], [105.60431, -6.67235], [105.60483, -6.6736], [105.60656, -6.67469], [105.60688, -6.67607], [105.60588, -6.67743], [105.60435, -6.67712], [105.60328, -6.67895], [105.60191, -6.67875], [105.60145, -6.68084], [105.60245, -6.68345], [105.60069, -6.68563], [105.59874, -6.69109], [105.59282, -6.69398], [105.59168, -6.69569], [105.58862, -6.69651], [105.5874, -6.6977], [105.5879, -6.69968], [105.5863, -6.70017], [105.5843, -6.70327], [105.58215, -6.71008], [105.58216, -6.71219], [105.58305, -6.71283], [105.58155, -6.71908], [105.58196, -6.7215], [105.57876, -6.725], [105.5777, -6.72747], [105.57597, -6.72785], [105.57462, -6.72986], [105.57404, -6.73243], [105.57121, -6.73404], [105.57308, -6.73696], [105.57129, -6.74034], [105.5729, -6.74175], [105.57227, -6.7441], [105.57336, -6.74592], [105.57222, -6.74621], [105.57059, -6.74497], [105.56978, -6.74508], [105.56928, -6.7464], [105.56712, -6.7482], [105.56381, -6.74719], [105.56136, -6.74856], [105.5613, -6.75053], [105.55989, -6.75111], [105.56043, -6.75276], [105.55917, -6.75572], [105.55622, -6.75744], [105.54782, -6.75701], [105.54704, -6.76057], [105.54501, -6.76241], [105.54481, -6.76356], [105.54587, -6.76583], [105.55028, -6.77075], [105.54867, -6.78064], [105.54904, -6.78451], [105.54651, -6.78649], [105.54606, -6.78769], [105.54842, -6.79065], [105.54875, -6.79239], [105.54769, -6.79397], [105.54759, -6.80307], [105.5444, -6.80688], [105.5463, -6.80865], [105.54698, -6.81055], [105.5472, -6.81258], [105.54624, -6.81411], [105.54612, -6.81649], [105.54305, -6.8186], [105.54101, -6.81894], [105.53879, -6.81757], [105.53602, -6.81762], [105.53434, -6.81891], [105.52601, -6.81958], [105.52243, -6.82123], [105.51947, -6.82113], [105.51596, -6.82241], [105.51145, -6.82267], [105.49949, -6.82738], [105.49251, -6.83506], [105.47937, -6.83973], [105.45835, -6.84271], [105.45662, -6.84197], [105.45281, -6.83569], [105.44468, -6.83027], [105.43744, -6.82817], [105.42593, -6.82697], [105.40528, -6.80379], [105.4031, -6.803], [105.40022, -6.80344], [105.39857, -6.80293], [105.39058, -6.78923], [105.38801, -6.78608], [105.37349, -6.78415], [105.37062, -6.77935], [105.36738, -6.76733], [105.36636, -6.76593], [105.36391, -6.76526], [105.35787, -6.76706], [105.35371, -6.76549], [105.35206, -6.76397], [105.35111, -6.7627], [105.34972, -6.75529], [105.34813, -6.75236], [105.34142, -6.74485], [105.33673, -6.74206], [105.33385, -6.74176], [105.32566, -6.74278], [105.31974, -6.73814], [105.31806, -6.73833], [105.31634, -6.74024], [105.31247, -6.74722], [105.30594, -6.75388], [105.29432, -6.76239], [105.29464, -6.76334], [105.29806, -6.76562], [105.30212, -6.76664], [105.30308, -6.76733], [105.30314, -6.76816], [105.29603, -6.77596], [105.29467, -6.77787], [105.29302, -6.78323], [105.28922, -6.78642], [105.28841, -6.78873], [105.28638, -6.7903], [105.28435, -6.79061], [105.28107, -6.79346], [105.27553, -6.79362], [105.26687, -6.79593], [105.26427, -6.79819], [105.2634, -6.80004], [105.25847, -6.80171], [105.25585, -6.79889], [105.25426, -6.79475], [105.25423, -6.79339], [105.25673, -6.78858], [105.25691, -6.78706], [105.25436, -6.78338], [105.25419, -6.78163], [105.25137, -6.78], [105.24991, -6.77545], [105.24742, -6.77389], [105.24505, -6.77435], [105.24075, -6.77087], [105.23726, -6.77164], [105.23512, -6.77017], [105.23444, -6.76638], [105.23049, -6.76587], [105.22729, -6.76435], [105.22407, -6.76462], [105.22219, -6.76275], [105.22005, -6.76249], [105.21826, -6.75813], [105.21897, -6.75584], [105.21817, -6.75369], [105.21625, -6.75347], [105.21451, -6.75187], [105.21307, -6.74963], [105.21283, -6.7461], [105.2121, -6.74565], [105.2232, -6.74851], [105.2243, -6.7494], [105.22493, -6.75167], [105.22958, -6.75558], [105.23493, -6.75809], [105.23977, -6.7586], [105.24169, -6.75971], [105.2425, -6.75918], [105.24556, -6.76014], [105.24916, -6.75936], [105.25414, -6.7604], [105.25903, -6.76247], [105.26345, -6.76107], [105.26493, -6.75957], [105.26453, -6.75926], [105.26497, -6.75951], [105.26702, -6.75275], [105.26909, -6.75024], [105.2695, -6.74691], [105.27172, -6.74431], [105.27609, -6.74103], [105.2793, -6.73499], [105.28372, -6.73254], [105.28869, -6.7265], [105.29073, -6.72571], [105.29459, -6.72217], [105.29667, -6.72122], [105.29714, -6.71988], [105.29907, -6.71828], [105.3036, -6.71772], [105.3073, -6.71591], [105.3132, -6.71171], [105.31339, -6.71081], [105.31566, -6.70904], [105.31753, -6.70853], [105.31947, -6.70925], [105.32046, -6.70861], [105.32468, -6.69921], [105.33032, -6.69596], [105.33085, -6.69394], [105.32821, -6.69218], [105.32685, -6.69042], [105.32781, -6.68865], [105.3278, -6.68603], [105.32912, -6.68427], [105.32877, -6.68219], [105.32393, -6.67708], [105.32442, -6.67191], [105.3271, -6.6681], [105.32988, -6.66675], [105.33162, -6.6667], [105.33519, -6.66442], [105.33721, -6.66458], [105.34102, -6.66074], [105.34203, -6.66117], [105.34457, -6.66081], [105.35153, -6.65882], [105.35444, -6.65684], [105.35991, -6.65616], [105.36076, -6.65531], [105.36281, -6.65514], [105.36491, -6.65294], [105.36565, -6.65043], [105.36762, -6.64907], [105.36891, -6.64666], [105.37041, -6.64643], [105.37534, -6.65455], [105.37479, -6.65855], [105.37685, -6.66527], [105.37691, -6.67012], [105.37778, -6.67283], [105.3795, -6.67446], [105.38442, -6.67705], [105.38779, -6.67747], [105.38941, -6.68179], [105.39094, -6.68272], [105.39268, -6.68757], [105.39281, -6.6903], [105.39236, -6.69431], [105.39149, -6.69586], [105.39217, -6.69658], [105.39312, -6.70215], [105.39443, -6.70537], [105.3948, -6.70988], [105.39668, -6.71065], [105.39895, -6.71288], [105.40088, -6.71722], [105.4015, -6.72745], [105.39757, -6.72685], [105.39521, -6.72499], [105.39235, -6.72663], [105.39138, -6.72853], [105.38983, -6.72974], [105.38928, -6.73234], [105.38822, -6.73395], [105.38693, -6.73443], [105.38837, -6.73921], [105.39188, -6.74406], [105.39596, -6.74455], [105.39932, -6.74688], [105.40021, -6.74689], [105.40295, -6.74922], [105.40391, -6.7493], [105.40396, -6.74855], [105.40592, -6.74901], [105.40611, -6.74987], [105.40752, -6.7506], [105.40726, -6.75163], [105.40873, -6.75212], [105.41054, -6.75549], [105.41126, -6.75933], [105.4132, -6.76043], [105.41472, -6.75928], [105.41624, -6.76102], [105.41667, -6.76295], [105.41603, -6.76338], [105.41593, -6.76507], [105.4149, -6.76576], [105.41634, -6.76605], [105.41653, -6.76769], [105.42025, -6.76667], [105.42076, -6.76868], [105.42202, -6.76909], [105.42189, -6.77187], [105.42321, -6.77148], [105.42357, -6.77435], [105.42409, -6.77339], [105.42513, -6.7735], [105.42702, -6.77199], [105.42786, -6.77062], [105.42787, -6.76755], [105.4303, -6.76743], [105.43055, -6.76954], [105.43, -6.77074], [105.43197, -6.77136], [105.43145, -6.77314], [105.4297, -6.77343], [105.43123, -6.77446], [105.43123, -6.77667], [105.43189, -6.77563], [105.43338, -6.77609], [105.43508, -6.77539], [105.43592, -6.77689], [105.43519, -6.77799], [105.43503, -6.7805], [105.43297, -6.78199], [105.43556, -6.78232], [105.43627, -6.78318], [105.43608, -6.78481], [105.43443, -6.78485], [105.43286, -6.7839], [105.43434, -6.78577], [105.434, -6.78977], [105.43504, -6.78965], [105.43682, -6.79129], [105.43588, -6.79262], [105.43556, -6.79741], [105.43469, -6.79895], [105.43604, -6.80011], [105.44009, -6.79773], [105.44103, -6.79791], [105.4416, -6.79934], [105.44097, -6.80088], [105.43833, -6.80314], [105.4384, -6.80442], [105.43534, -6.80667], [105.43589, -6.80878], [105.4355, -6.81019], [105.43814, -6.81236], [105.43845, -6.81569], [105.4393, -6.81584], [105.43951, -6.81769], [105.44221, -6.82133], [105.44304, -6.82128], [105.44293, -6.8222], [105.44749, -6.8257], [105.45216, -6.8266], [105.45337, -6.82744], [105.45768, -6.82818], [105.458, -6.82615], [105.45985, -6.82537], [105.46057, -6.82601], [105.4606, -6.82783], [105.46142, -6.82834], [105.46931, -6.82783], [105.46991, -6.8236], [105.47191, -6.82351], [105.47705, -6.82057], [105.47825, -6.82083], [105.47823, -6.81982], [105.48183, -6.81573], [105.48152, -6.8128], [105.47955, -6.80933], [105.47958, -6.80761], [105.48162, -6.80588], [105.48471, -6.80573], [105.48847, -6.80378], [105.49675, -6.79733], [105.49666, -6.79648], [105.50027, -6.79173], [105.50099, -6.78921], [105.50038, -6.78544], [105.50089, -6.78477]]], [[[105.26168, -6.5215], [105.26448, -6.52292], [105.26596, -6.52298], [105.2675, -6.52526], [105.26802, -6.52948], [105.2667, -6.53441], [105.26546, -6.53657], [105.2584, -6.54038], [105.25759, -6.5426], [105.25501, -6.54558], [105.25507, -6.54693], [105.25395, -6.54681], [105.25403, -6.54762], [105.25282, -6.54778], [105.25642, -6.54943], [105.25241, -6.55203], [105.25234, -6.55299], [105.25282, -6.55309], [105.25198, -6.55321], [105.25309, -6.55358], [105.2539, -6.55581], [105.25291, -6.55608], [105.25289, -6.55678], [105.25353, -6.55701], [105.25305, -6.55826], [105.2516, -6.55871], [105.25144, -6.55974], [105.25004, -6.5599], [105.25056, -6.56109], [105.25184, -6.56108], [105.25337, -6.56209], [105.25248, -6.56348], [105.25019, -6.564], [105.25204, -6.5644], [105.25225, -6.56587], [105.25165, -6.5665], [105.25369, -6.56572], [105.2545, -6.56619], [105.25307, -6.5675], [105.25368, -6.56823], [105.25161, -6.56873], [105.25168, -6.56965], [105.2532, -6.56919], [105.25385, -6.56993], [105.25073, -6.57065], [105.2521, -6.57131], [105.25093, -6.57185], [105.25337, -6.57205], [105.25445, -6.57286], [105.25188, -6.57296], [105.25069, -6.57389], [105.25204, -6.57403], [105.25162, -6.57526], [105.25256, -6.57565], [105.25176, -6.57655], [105.25271, -6.57707], [105.25296, -6.5797], [105.25518, -6.57888], [105.25574, -6.58179], [105.25818, -6.58293], [105.25755, -6.58629], [105.25958, -6.58893], [105.2609, -6.59745], [105.26062, -6.60115], [105.25909, -6.60464], [105.25469, -6.60807], [105.2534, -6.61228], [105.25207, -6.61392], [105.25208, -6.61557], [105.24975, -6.62115], [105.24962, -6.62311], [105.2467, -6.62677], [105.24307, -6.63584], [105.2396, -6.63788], [105.23566, -6.63862], [105.2326, -6.64012], [105.22932, -6.64313], [105.22551, -6.64094], [105.22157, -6.6397], [105.21925, -6.63776], [105.21861, -6.63792], [105.21829, -6.63936], [105.21706, -6.638], [105.21621, -6.63815], [105.21533, -6.63892], [105.215, -6.64039], [105.2156, -6.64183], [105.21686, -6.64279], [105.21692, -6.64473], [105.21288, -6.64408], [105.21146, -6.64472], [105.21161, -6.64572], [105.211, -6.64614], [105.2052, -6.64759], [105.20403, -6.65126], [105.20421, -6.65271], [105.20519, -6.65394], [105.20426, -6.65743], [105.20207, -6.65869], [105.19772, -6.66402], [105.19545, -6.6654], [105.19294, -6.66549], [105.19085, -6.6669], [105.19127, -6.66897], [105.18947, -6.6688], [105.18779, -6.67178], [105.18614, -6.67318], [105.18459, -6.67693], [105.18567, -6.67826], [105.18413, -6.67876], [105.1841, -6.67955], [105.18333, -6.67929], [105.18311, -6.68006], [105.18264, -6.67951], [105.1814, -6.67445], [105.17957, -6.67185], [105.17556, -6.67014], [105.17398, -6.66859], [105.17379, -6.66711], [105.17047, -6.66323], [105.1702, -6.66091], [105.17233, -6.65512], [105.18222, -6.6505], [105.19058, -6.64072], [105.1921, -6.63013], [105.19524, -6.6212], [105.19342, -6.61809], [105.19172, -6.61239], [105.19065, -6.61194], [105.18565, -6.61299], [105.18276, -6.6111], [105.18197, -6.6096], [105.18257, -6.60633], [105.17484, -6.59924], [105.17736, -6.59088], [105.18152, -6.58568], [105.18177, -6.5846], [105.18147, -6.58303], [105.17749, -6.57891], [105.17248, -6.57594], [105.1647, -6.57325], [105.16253, -6.57372], [105.16022, -6.57534], [105.15697, -6.57886], [105.15424, -6.58696], [105.15171, -6.58852], [105.15136, -6.59018], [105.15052, -6.59072], [105.15079, -6.59145], [105.14446, -6.59504], [105.14087, -6.59636], [105.13981, -6.59753], [105.14061, -6.59826], [105.1401, -6.59894], [105.13954, -6.59813], [105.13755, -6.59874], [105.13338, -6.60423], [105.13199, -6.605], [105.12996, -6.6136], [105.13032, -6.61817], [105.1279, -6.62327], [105.12406, -6.62182], [105.12251, -6.62203], [105.12221, -6.62067], [105.11663, -6.61716], [105.1173, -6.61545], [105.11703, -6.61253], [105.11222, -6.60992], [105.11158, -6.61051], [105.11018, -6.60974], [105.10857, -6.6104], [105.10786, -6.60991], [105.10542, -6.61226], [105.10402, -6.61183], [105.10327, -6.61308], [105.10471, -6.61397], [105.10472, -6.61468], [105.10392, -6.61645], [105.1031, -6.61683], [105.10429, -6.62052], [105.10326, -6.62136], [105.10135, -6.61998], [105.1, -6.61598], [105.1001, -6.61268], [105.1071, -6.60548], [105.11048, -6.60358], [105.11359, -6.59819], [105.11965, -6.59219], [105.12113, -6.58919], [105.12097, -6.58789], [105.12172, -6.588], [105.12216, -6.58914], [105.12416, -6.58867], [105.12663, -6.58662], [105.1271, -6.58507], [105.12674, -6.58332], [105.12747, -6.58323], [105.12842, -6.58427], [105.12919, -6.58392], [105.1335, -6.57975], [105.13434, -6.57797], [105.13399, -6.57692], [105.13582, -6.5768], [105.14183, -6.57172], [105.14753, -6.56869], [105.1487, -6.56892], [105.15101, -6.56738], [105.1522, -6.56747], [105.15255, -6.56597], [105.15696, -6.56419], [105.157, -6.56208], [105.15783, -6.56076], [105.16026, -6.56064], [105.16094, -6.55939], [105.16193, -6.55921], [105.16292, -6.55682], [105.1639, -6.55632], [105.16394, -6.55376], [105.1649, -6.55236], [105.16853, -6.55029], [105.17306, -6.54907], [105.17582, -6.54692], [105.18123, -6.54446], [105.18455, -6.54165], [105.18517, -6.53988], [105.18434, -6.53932], [105.18494, -6.53864], [105.18615, -6.5381], [105.1865, -6.53948], [105.18949, -6.54003], [105.19022, -6.54124], [105.19811, -6.5416], [105.19928, -6.54415], [105.20432, -6.54555], [105.20916, -6.54545], [105.21016, -6.54739], [105.21189, -6.54748], [105.21392, -6.54648], [105.21506, -6.54451], [105.21467, -6.54208], [105.21312, -6.53991], [105.21359, -6.53615], [105.21609, -6.53308], [105.21767, -6.53295], [105.22096, -6.52998], [105.2225, -6.52966], [105.22533, -6.53072], [105.23045, -6.53101], [105.23215, -6.53341], [105.23887, -6.53351], [105.24185, -6.53223], [105.24399, -6.53013], [105.24506, -6.53127], [105.24685, -6.5315], [105.24774, -6.53107], [105.24833, -6.52961], [105.249, -6.53006], [105.25177, -6.52943], [105.2523, -6.52844], [105.25208, -6.52551], [105.25433, -6.5248], [105.25482, -6.52376], [105.2601, -6.52302], [105.261, -6.52228], [105.26099, -6.52126], [105.26168, -6.5215]]], [[[105.24907, -6.72642], [105.25447, -6.72868], [105.2628, -6.72887], [105.26472, -6.73054], [105.26647, -6.7352], [105.2677, -6.7367], [105.26757, -6.73933], [105.26435, -6.74565], [105.26268, -6.746], [105.25948, -6.74867], [105.25902, -6.75031], [105.25811, -6.75097], [105.25217, -6.75214], [105.24767, -6.74816], [105.24779, -6.7439], [105.24912, -6.73954], [105.24696, -6.73062], [105.24707, -6.72617], [105.24794, -6.72558], [105.24907, -6.72642]]], [[[105.42572, -6.75397], [105.42464, -6.75436], [105.41883, -6.75328], [105.418, -6.75197], [105.41888, -6.74871], [105.42019, -6.74777], [105.42317, -6.74834], [105.4251, -6.75062], [105.42615, -6.75316], [105.42572, -6.75397]]], [[[105.43228, -6.75723], [105.42934, -6.7552], [105.42909, -6.75427], [105.4296, -6.75394], [105.42847, -6.75334], [105.42884, -6.74944], [105.43002, -6.74962], [105.431, -6.7519], [105.43538, -6.75546], [105.43541, -6.75654], [105.43445, -6.7573], [105.43228, -6.75723]]], [[[105.10967, -6.61707], [105.11146, -6.61867], [105.10783, -6.62041], [105.1064, -6.61999], [105.1052, -6.61803], [105.10564, -6.61696], [105.10688, -6.61639], [105.10967, -6.61707]]], [[[105.42443, -6.75924], [105.42522, -6.76028], [105.42489, -6.76106], [105.42353, -6.76157], [105.423, -6.76341], [105.4211, -6.76387], [105.42053, -6.76179], [105.42112, -6.76076], [105.42228, -6.76049], [105.42241, -6.75889], [105.42343, -6.75845], [105.42443, -6.75924]]], [[[105.41817, -6.75569], [105.41789, -6.75671], [105.41882, -6.75892], [105.41705, -6.75976], [105.41686, -6.75449], [105.41792, -6.7546], [105.41817, -6.75569]]], [[[105.41898, -6.75665], [105.41871, -6.75517], [105.4193, -6.75443], [105.42154, -6.75584], [105.42041, -6.75748], [105.41898, -6.75665]]]]}}, {"type": "Feature", "properties": {"domain_id": "360108", "name": "MUNJUL"}, "geometry": {"type": "Polygon", "coordinates": [[[105.9293, -6.61673], [105.93095, -6.61643], [105.93204, -6.61725], [105.93135, -6.61825], [105.93213, -6.62126], [105.93169, -6.62318], [105.93304, -6.625], [105.93977, -6.62572], [105.94278, -6.62952], [105.94253, -6.63156], [105.94332, -6.63364], [105.94257, -6.63619], [105.94395, -6.63911], [105.94422, -6.64448], [105.94511, -6.64506], [105.94334, -6.64727], [105.94545, -6.65651], [105.94598, -6.6568], [105.94622, -6.66021], [105.93751, -6.6636], [105.93673, -6.66615], [105.93757, -6.66784], [105.93656, -6.66962], [105.93726, -6.67386], [105.93657, -6.67479], [105.93659, -6.6762], [105.93511, -6.67708], [105.93437, -6.6806], [105.93099, -6.68343], [105.93055, -6.68281], [105.92892, -6.68282], [105.9255, -6.68115], [105.92416, -6.68164], [105.92167, -6.68129], [105.9215, -6.68049], [105.91898, -6.67959], [105.91871, -6.67826], [105.91709, -6.67699], [105.914, -6.67841], [105.91145, -6.67712], [105.90826, -6.67917], [105.90702, -6.67799], [105.90648, -6.67587], [105.90343, -6.67467], [105.90329, -6.67327], [105.90225, -6.67293], [105.90127, -6.67092], [105.9, -6.67258], [105.89747, -6.67267], [105.8976, -6.67389], [105.89656, -6.6766], [105.89528, -6.67609], [105.8942, -6.6747], [105.89243, -6.67604], [105.89175, -6.67752], [105.88831, -6.67617], [105.88773, -6.67419], [105.88601, -6.67367], [105.88336, -6.6699], [105.88218, -6.66985], [105.88036, -6.67178], [105.87773, -6.67255], [105.8745, -6.67219], [105.87459, -6.66837], [105.87374, -6.66644], [105.87501, -6.66399], [105.87329, -6.66374], [105.87328, -6.66291], [105.87532, -6.65816], [105.87518, -6.65495], [105.87155, -6.65122], [105.87146, -6.65027], [105.87041, -6.65015], [105.86985, -6.64786], [105.86232, -6.64029], [105.86488, -6.6375], [105.86482, -6.63526], [105.86582, -6.63362], [105.86532, -6.63104], [105.86667, -6.62978], [105.86696, -6.62553], [105.86498, -6.624], [105.86543, -6.62239], [105.86775, -6.62077], [105.8668, -6.61704], [105.86761, -6.61631], [105.87033, -6.61589], [105.87125, -6.61476], [105.8718, -6.61241], [105.87193, -6.61127], [105.87037, -6.61038], [105.86963, -6.60743], [105.87559, -6.60206], [105.8755, -6.6013], [105.87913, -6.60085], [105.8839, -6.59677], [105.88554, -6.59625], [105.88648, -6.59719], [105.89155, -6.59498], [105.89078, -6.59385], [105.89241, -6.59365], [105.89191, -6.59177], [105.89346, -6.59241], [105.89417, -6.59204], [105.89372, -6.59106], [105.89231, -6.59107], [105.8918, -6.59018], [105.89437, -6.58754], [105.89361, -6.58644], [105.89492, -6.58619], [105.89472, -6.58447], [105.89658, -6.58516], [105.89673, -6.58153], [105.89798, -6.58186], [105.9, -6.58014], [105.90093, -6.58108], [105.90581, -6.5784], [105.90849, -6.57808], [105.90945, -6.57453], [105.91332, -6.5758], [105.91659, -6.57568], [105.91879, -6.57491], [105.92078, -6.57266], [105.92316, -6.57339], [105.92621, -6.56899], [105.92907, -6.56756], [105.93169, -6.56717], [105.93337, -6.56831], [105.93307, -6.57091], [105.93139, -6.57482], [105.93424, -6.57649], [105.93504, -6.57468], [105.93756, -6.5756], [105.94044, -6.57437], [105.9423, -6.57579], [105.94119, -6.579], [105.94546, -6.58018], [105.94667, -6.58309], [105.94593, -6.5856], [105.94618, -6.58731], [105.94354, -6.59208], [105.94205, -6.59377], [105.93988, -6.59451], [105.93867, -6.59774], [105.93663, -6.59841], [105.93585, -6.59982], [105.93413, -6.60021], [105.9333, -6.60189], [105.93395, -6.60443], [105.93253, -6.61009], [105.93095, -6.61166], [105.92985, -6.61547], [105.92869, -6.61657], [105.9293, -6.61673]]]}}, {"type": "Feature", "properties": {"domain_id": "360431", "name": "CINANGKA"}, "geometry": {"type": "Polygon", "coordinates": [[[105.8313, -6.23262], [105.83153, -6.23227], [105.83043, -6.2322], [105.82958, -6.23196], [105.83073, -6.2318], [105.83172, -6.22851], [105.83202, -6.22538], [105.83136, -6.22503], [105.83202, -6.2244], [105.83244, -6.22086], [105.83168, -6.21824], [105.83217, -6.2113], [105.83548, -6.20195], [105.83529, -6.20093], [105.83723, -6.19889], [105.83781, -6.19724], [105.83948, -6.19637], [105.8398, -6.19571], [105.83903, -6.1955], [105.83914, -6.19444], [105.83944, -6.19498], [105.83952, -6.19407], [105.84014, -6.1941], [105.84135, -6.19258], [105.84149, -6.19026], [105.84093, -6.19029], [105.84058, -6.18982], [105.83988, -6.18994], [105.83947, -6.18969], [105.84094, -6.18967], [105.84111, -6.18921], [105.83978, -6.18897], [105.84169, -6.18849], [105.84351, -6.17914], [105.84532, -6.17625], [105.84683, -6.17502], [105.84748, -6.17224], [105.84663, -6.17075], [105.84782, -6.1712], [105.85048, -6.16664], [105.85151, -6.16705], [105.85315, -6.16584], [105.85358, -6.16259], [105.85275, -6.16081], [105.85328, -6.15848], [105.85271, -6.15787], [105.85344, -6.15586], [105.85284, -6.15517], [105.85359, -6.15536], [105.855, -6.15267], [105.85437, -6.1508], [105.85465, -6.14646], [105.85668, -6.14221], [105.85615, -6.14172], [105.85708, -6.14216], [105.85766, -6.14108], [105.85709, -6.1407], [105.85665, -6.14118], [105.85619, -6.14102], [105.857, -6.14055], [105.85762, -6.14092], [105.86003, -6.14022], [105.86216, -6.13812], [105.86414, -6.13157], [105.86409, -6.12986], [105.86311, -6.128], [105.86366, -6.12633], [105.86484, -6.12522], [105.86447, -6.12435], [105.86746, -6.12195], [105.86907, -6.1217], [105.87044, -6.1201], [105.87139, -6.11843], [105.87075, -6.11804], [105.87107, -6.11789], [105.87119, -6.11808], [105.87129, -6.11813], [105.87131, -6.11812], [105.8725, -6.1146], [105.87332, -6.11314], [105.87536, -6.11215], [105.87507, -6.11144], [105.87584, -6.11098], [105.87667, -6.11199], [105.87782, -6.11207], [105.87899, -6.1108], [105.88353, -6.11323], [105.89589, -6.11463], [105.89661, -6.11566], [105.90005, -6.115], [105.90194, -6.11516], [105.90402, -6.11657], [105.90626, -6.11633], [105.90683, -6.12366], [105.90753, -6.12544], [105.91303, -6.1261], [105.91996, -6.12812], [105.93067, -6.1265], [105.93272, -6.12808], [105.93475, -6.13197], [105.93765, -6.1332], [105.93943, -6.13695], [105.94119, -6.1378], [105.94408, -6.13632], [105.94616, -6.13703], [105.94655, -6.13789], [105.94611, -6.13983], [105.94718, -6.14158], [105.95074, -6.14211], [105.9519, -6.14762], [105.95099, -6.14861], [105.9522, -6.15268], [105.94873, -6.15398], [105.94605, -6.15578], [105.94246, -6.15623], [105.94019, -6.15761], [105.93816, -6.15721], [105.93441, -6.15923], [105.93139, -6.15943], [105.93174, -6.16404], [105.93004, -6.17145], [105.9305, -6.17443], [105.93231, -6.1768], [105.93282, -6.1814], [105.93627, -6.18396], [105.93961, -6.19197], [105.93946, -6.19362], [105.93803, -6.1951], [105.93764, -6.19688], [105.93852, -6.20005], [105.9376, -6.20241], [105.93598, -6.20181], [105.93481, -6.20263], [105.93265, -6.20285], [105.92797, -6.20254], [105.92412, -6.20324], [105.92068, -6.20265], [105.91898, -6.20329], [105.91652, -6.20796], [105.91582, -6.21085], [105.91592, -6.21214], [105.91899, -6.21624], [105.91868, -6.21854], [105.91626, -6.22289], [105.91158, -6.22627], [105.90625, -6.23201], [105.90447, -6.23252], [105.90338, -6.23497], [105.90008, -6.23755], [105.89925, -6.23773], [105.89777, -6.23567], [105.8953, -6.23413], [105.8944, -6.23256], [105.89226, -6.23132], [105.89012, -6.22819], [105.89029, -6.22698], [105.8893, -6.22643], [105.88848, -6.22429], [105.88366, -6.22347], [105.88189, -6.22458], [105.88002, -6.22747], [105.88114, -6.23068], [105.88153, -6.23575], [105.87991, -6.23834], [105.87767, -6.23958], [105.87614, -6.2388], [105.87414, -6.23885], [105.87244, -6.23721], [105.8711, -6.23682], [105.86652, -6.23774], [105.86276, -6.23763], [105.85959, -6.23904], [105.85701, -6.24132], [105.85326, -6.24274], [105.84093, -6.23998], [105.83746, -6.24168], [105.83224, -6.24695], [105.82918, -6.24834], [105.82783, -6.24737], [105.82686, -6.24779], [105.82723, -6.24734], [105.82677, -6.24715], [105.82652, -6.2443], [105.82547, -6.24434], [105.82505, -6.24303], [105.82577, -6.24402], [105.82561, -6.24289], [105.82622, -6.24304], [105.82609, -6.24264], [105.82518, -6.24286], [105.82483, -6.24223], [105.8259, -6.2424], [105.82581, -6.24178], [105.82507, -6.24177], [105.82582, -6.24154], [105.82507, -6.23921], [105.82695, -6.23604], [105.82612, -6.23531], [105.82676, -6.2356], [105.82703, -6.23511], [105.82633, -6.23483], [105.82762, -6.23529], [105.82944, -6.23357], [105.8293, -6.23255], [105.82984, -6.23306], [105.8313, -6.23262]]]}}, {"type": "Feature", "properties": {"domain_id": "360430", "name": "ANYAR"}, "geometry": {"type": "MultiPolygon", "coordinates": [[[[105.90541, -6.11637], [105.90402, -6.11657], [105.90184, -6.11514], [105.89661, -6.11566], [105.89589, -6.11463], [105.88353, -6.11323], [105.8794, -6.11103], [105.88098, -6.10526], [105.88178, -6.09856], [105.88156, -6.09174], [105.88092, -6.09117], [105.88279, -6.08989], [105.88347, -6.08371], [105.88254, -6.07866], [105.8815, -6.07832], [105.88108, -6.07686], [105.88187, -6.07665], [105.88201, -6.07786], [105.88279, -6.07797], [105.88175, -6.07518], [105.88215, -6.07269], [105.88396, -6.07105], [105.88323, -6.07097], [105.88413, -6.07097], [105.88508, -6.07016], [105.88486, -6.0696], [105.88529, -6.07011], [105.88638, -6.06914], [105.88694, -6.06986], [105.88674, -6.06866], [105.88785, -6.0678], [105.88927, -6.06768], [105.88958, -6.0665], [105.88994, -6.06712], [105.89134, -6.06625], [105.89117, -6.06558], [105.89014, -6.06647], [105.88976, -6.06625], [105.89095, -6.06557], [105.89123, -6.06552], [105.89163, -6.06613], [105.8931, -6.06584], [105.89438, -6.06274], [105.89684, -6.06205], [105.898, -6.06259], [105.89775, -6.06152], [105.9013, -6.06036], [105.90292, -6.06089], [105.90263, -6.05966], [105.90384, -6.06026], [105.90402, -6.05901], [105.90456, -6.05942], [105.90556, -6.05786], [105.906, -6.05818], [105.90732, -6.05741], [105.90862, -6.05624], [105.90831, -6.05572], [105.9085, -6.05553], [105.90905, -6.05554], [105.90872, -6.05629], [105.90923, -6.0554], [105.90943, -6.05601], [105.91116, -6.05514], [105.91116, -6.05577], [105.91172, -6.05569], [105.91287, -6.05395], [105.91506, -6.05282], [105.91825, -6.05371], [105.91926, -6.05299], [105.91985, -6.05358], [105.91931, -6.05281], [105.92055, -6.05199], [105.92085, -6.04898], [105.9225, -6.04667], [105.92375, -6.04749], [105.92347, -6.04852], [105.92426, -6.0474], [105.92396, -6.04698], [105.92436, -6.04713], [105.92371, -6.04906], [105.925, -6.04815], [105.92779, -6.04925], [105.92918, -6.04755], [105.93472, -6.05167], [105.93761, -6.05257], [105.93909, -6.05212], [105.94306, -6.04593], [105.94433, -6.04589], [105.94775, -6.05197], [105.95097, -6.05381], [105.95373, -6.05807], [105.95531, -6.05734], [105.95524, -6.05621], [105.95681, -6.0561], [105.96102, -6.05684], [105.96323, -6.05801], [105.96454, -6.05993], [105.96386, -6.063], [105.96505, -6.06389], [105.96291, -6.06481], [105.96184, -6.06609], [105.96159, -6.06713], [105.96287, -6.06819], [105.96231, -6.06891], [105.96127, -6.06722], [105.95791, -6.0675], [105.9562, -6.06975], [105.95329, -6.06967], [105.95356, -6.07492], [105.95244, -6.07492], [105.95197, -6.07316], [105.95038, -6.07446], [105.95033, -6.07813], [105.9541, -6.08191], [105.95865, -6.08286], [105.95863, -6.08469], [105.96032, -6.08585], [105.95902, -6.08814], [105.95739, -6.08918], [105.95761, -6.09019], [105.95441, -6.09266], [105.95348, -6.09559], [105.95212, -6.09713], [105.95185, -6.09621], [105.95029, -6.09574], [105.9494, -6.09639], [105.94724, -6.09458], [105.94018, -6.10135], [105.94034, -6.10342], [105.94296, -6.10856], [105.94526, -6.1092], [105.94854, -6.11148], [105.94923, -6.1177], [105.95176, -6.12071], [105.95261, -6.12478], [105.9519, -6.12831], [105.95233, -6.13402], [105.94987, -6.13855], [105.95074, -6.14211], [105.94718, -6.14158], [105.94611, -6.13983], [105.94655, -6.13789], [105.94616, -6.13703], [105.94408, -6.13632], [105.94119, -6.1378], [105.93943, -6.13695], [105.93765, -6.1332], [105.93475, -6.13197], [105.93272, -6.12808], [105.93067, -6.1265], [105.91996, -6.12812], [105.91303, -6.1261], [105.90753, -6.12544], [105.90683, -6.12366], [105.90661, -6.11735], [105.90626, -6.11633], [105.90541, -6.11637]]], [[[105.85768, -5.93798], [105.85982, -5.94], [105.86023, -5.94413], [105.85981, -5.94575], [105.86159, -5.94966], [105.86165, -5.95314], [105.86054, -5.95528], [105.86334, -5.95871], [105.86388, -5.96131], [105.86322, -5.96349], [105.86477, -5.96424], [105.86619, -5.96758], [105.86373, -5.9715], [105.86189, -5.97214], [105.86127, -5.97384], [105.85718, -5.97495], [105.85413, -5.97717], [105.8532, -5.97948], [105.85097, -5.98017], [105.85138, -5.97771], [105.8509, -5.97687], [105.85194, -5.97585], [105.85027, -5.97463], [105.85132, -5.96981], [105.8508, -5.96954], [105.85113, -5.96836], [105.85043, -5.9666], [105.85093, -5.96463], [105.84923, -5.96324], [105.84965, -5.96164], [105.84873, -5.9584], [105.84609, -5.9569], [105.83704, -5.95653], [105.83487, -5.954], [105.83161, -5.95267], [105.82972, -5.95059], [105.83124, -5.94981], [105.83298, -5.94587], [105.8341, -5.94494], [105.83504, -5.94622], [105.83673, -5.9464], [105.83539, -5.94814], [105.83546, -5.94896], [105.83761, -5.94923], [105.84024, -5.94766], [105.84159, -5.94847], [105.84221, -5.94761], [105.841, -5.94668], [105.83983, -5.94642], [105.83918, -5.94733], [105.83778, -5.94623], [105.84128, -5.94444], [105.84472, -5.94408], [105.84777, -5.94278], [105.85221, -5.94027], [105.85513, -5.9378], [105.85768, -5.93798]]]]}}, {"type": "Feature", "properties": {"domain_id": "360221", "name": "WANASALAM"}, "geometry": {"type": "Polygon", "coordinates": [[[105.88298, -6.83976], [105.88373, -6.83734], [105.88348, -6.83601], [105.88263, -6.83454], [105.88026, -6.83405], [105.88013, -6.83081], [105.88133, -6.82983], [105.884, -6.83083], [105.88574, -6.8308], [105.88651, -6.82934], [105.88358, -6.82788], [105.88441, -6.82544], [105.88329, -6.82309], [105.88543, -6.8211], [105.8881, -6.82144], [105.8884, -6.82075], [105.8872, -6.81929], [105.88059, -6.81749], [105.88015, -6.82187], [105.87809, -6.82229], [105.87591, -6.81996], [105.87549, -6.81784], [105.87669, -6.81624], [105.87927, -6.81488], [105.87921, -6.81368], [105.87501, -6.81158], [105.87191, -6.81356], [105.86946, -6.8106], [105.86871, -6.8089], [105.86903, -6.80723], [105.87256, -6.80886], [105.87465, -6.80889], [105.875, -6.80832], [105.8734, -6.80662], [105.87339, -6.80581], [105.87605, -6.80602], [105.87794, -6.80374], [105.87634, -6.8017], [105.87657, -6.7996], [105.87431, -6.79752], [105.87717, -6.79631], [105.8778, -6.79476], [105.87683, -6.79287], [105.87466, -6.79188], [105.87283, -6.79403], [105.87149, -6.79409], [105.87108, -6.79295], [105.87144, -6.78748], [105.87078, -6.78748], [105.86901, -6.78997], [105.86678, -6.78996], [105.86774, -6.78847], [105.86619, -6.78694], [105.86745, -6.7839], [105.86657, -6.7831], [105.86404, -6.78346], [105.86301, -6.78248], [105.86297, -6.78125], [105.86409, -6.78067], [105.86701, -6.7809], [105.86646, -6.7794], [105.86809, -6.77862], [105.86866, -6.77515], [105.87122, -6.77211], [105.87296, -6.77174], [105.87214, -6.76978], [105.87405, -6.77049], [105.87403, -6.76811], [105.87662, -6.76884], [105.876, -6.76603], [105.87761, -6.76715], [105.87819, -6.76539], [105.87914, -6.76474], [105.88053, -6.7654], [105.88082, -6.76399], [105.88184, -6.76317], [105.88332, -6.76457], [105.88403, -6.7645], [105.88435, -6.76362], [105.88285, -6.76113], [105.88416, -6.76075], [105.88379, -6.75876], [105.88494, -6.75741], [105.88364, -6.75682], [105.88316, -6.75502], [105.88433, -6.75422], [105.88618, -6.755], [105.88622, -6.75362], [105.88482, -6.75201], [105.88646, -6.7519], [105.88482, -6.75044], [105.88615, -6.7495], [105.88605, -6.74615], [105.88853, -6.74657], [105.88712, -6.74529], [105.8894, -6.7446], [105.88842, -6.74279], [105.88948, -6.74217], [105.88995, -6.74062], [105.89197, -6.74078], [105.89149, -6.73891], [105.89342, -6.73839], [105.89224, -6.73648], [105.8924, -6.73568], [105.89387, -6.73572], [105.89397, -6.73409], [105.89284, -6.73308], [105.8936, -6.73066], [105.89094, -6.73079], [105.89202, -6.7271], [105.89114, -6.72533], [105.89158, -6.72447], [105.8932, -6.72373], [105.89258, -6.72295], [105.89338, -6.72203], [105.89252, -6.72181], [105.89251, -6.72081], [105.8935, -6.72107], [105.89391, -6.72005], [105.89493, -6.71992], [105.89469, -6.71938], [105.89566, -6.71886], [105.89624, -6.71624], [105.89798, -6.71955], [105.89796, -6.7188], [105.89917, -6.7185], [105.89994, -6.7216], [105.901, -6.72087], [105.90398, -6.72132], [105.90444, -6.72094], [105.90345, -6.72], [105.90603, -6.71944], [105.90658, -6.71761], [105.90744, -6.71835], [105.90747, -6.71924], [105.90886, -6.71876], [105.90994, -6.71985], [105.90928, -6.71803], [105.91013, -6.71794], [105.91103, -6.7195], [105.9131, -6.71968], [105.91627, -6.7195], [105.91638, -6.71875], [105.9173, -6.71916], [105.91839, -6.71863], [105.91985, -6.71624], [105.9196, -6.71108], [105.92177, -6.70893], [105.92301, -6.70626], [105.92395, -6.69992], [105.92494, -6.69934], [105.92729, -6.70005], [105.92882, -6.69732], [105.92878, -6.69623], [105.93086, -6.69599], [105.93054, -6.69479], [105.93281, -6.69311], [105.93099, -6.69105], [105.9323, -6.68923], [105.93515, -6.68813], [105.93663, -6.68925], [105.9384, -6.68893], [105.93931, -6.6878], [105.94006, -6.68843], [105.94177, -6.68701], [105.94825, -6.68511], [105.95182, -6.68233], [105.9532, -6.6801], [105.95438, -6.68173], [105.95576, -6.68225], [105.95683, -6.68558], [105.95853, -6.68575], [105.95934, -6.68672], [105.96009, -6.69016], [105.96095, -6.69044], [105.95852, -6.69972], [105.96022, -6.70161], [105.95867, -6.70267], [105.95854, -6.70344], [105.9577, -6.70335], [105.95753, -6.70564], [105.95673, -6.70666], [105.95738, -6.708], [105.95459, -6.70906], [105.95539, -6.70984], [105.95672, -6.71436], [105.95511, -6.71412], [105.95287, -6.71833], [105.95352, -6.72003], [105.95261, -6.72037], [105.95327, -6.72194], [105.95215, -6.72249], [105.95292, -6.7234], [105.95269, -6.72472], [105.95112, -6.72501], [105.95112, -6.7239], [105.94822, -6.72557], [105.94813, -6.72615], [105.94677, -6.72597], [105.94754, -6.72758], [105.94669, -6.72841], [105.94768, -6.72927], [105.947, -6.73196], [105.94795, -6.73294], [105.94797, -6.7339], [105.94955, -6.73373], [105.94992, -6.73419], [105.94948, -6.7388], [105.95234, -6.73735], [105.95453, -6.73814], [105.95586, -6.73659], [105.95756, -6.7361], [105.95831, -6.73628], [105.95881, -6.73798], [105.95968, -6.73793], [105.96255, -6.73541], [105.96594, -6.73557], [105.96739, -6.74098], [105.96668, -6.74517], [105.96715, -6.74769], [105.96761, -6.74826], [105.97085, -6.74886], [105.97247, -6.7504], [105.97326, -6.75252], [105.97437, -6.75277], [105.97494, -6.75434], [105.97573, -6.75455], [105.97523, -6.75572], [105.97362, -6.75526], [105.97268, -6.75615], [105.9731, -6.76243], [105.97003, -6.76697], [105.97055, -6.77122], [105.96996, -6.77354], [105.96918, -6.77415], [105.96967, -6.77597], [105.96857, -6.77687], [105.96857, -6.78076], [105.96524, -6.78238], [105.96453, -6.78182], [105.96101, -6.78155], [105.96004, -6.78252], [105.95325, -6.78535], [105.95295, -6.78483], [105.95071, -6.78529], [105.95015, -6.78434], [105.94909, -6.78523], [105.94706, -6.78379], [105.94559, -6.78423], [105.94664, -6.7866], [105.94639, -6.78739], [105.94519, -6.78793], [105.94395, -6.79156], [105.94681, -6.78944], [105.95061, -6.78827], [105.95353, -6.78885], [105.95497, -6.78833], [105.95734, -6.7908], [105.95759, -6.79318], [105.96096, -6.79495], [105.96087, -6.79897], [105.96148, -6.79909], [105.96091, -6.79936], [105.96118, -6.80435], [105.96024, -6.80437], [105.95957, -6.81232], [105.95124, -6.81246], [105.92965, -6.81432], [105.92076, -6.81558], [105.90703, -6.81928], [105.89798, -6.82347], [105.89513, -6.82591], [105.89336, -6.82885], [105.89417, -6.83348], [105.89466, -6.83353], [105.89485, -6.83376], [105.89498, -6.83403], [105.89431, -6.83358], [105.89432, -6.83429], [105.89521, -6.83525], [105.89517, -6.83438], [105.89564, -6.83501], [105.89637, -6.83486], [105.89551, -6.83562], [105.89642, -6.8355], [105.89791, -6.83751], [105.8986, -6.83737], [105.90108, -6.83985], [105.90148, -6.84146], [105.901, -6.84247], [105.89992, -6.84265], [105.89909, -6.84092], [105.89833, -6.84125], [105.89752, -6.83988], [105.89666, -6.83968], [105.89561, -6.84043], [105.89476, -6.84027], [105.89291, -6.84242], [105.8896, -6.84323], [105.88764, -6.84545], [105.8822, -6.84557], [105.88056, -6.84489], [105.87967, -6.84355], [105.88106, -6.84323], [105.88298, -6.83976]]]}}, {"type": "Feature", "properties": {"domain_id": "360220", "name": "CILOGRANG"}, "geometry": {"type": "Polygon", "coordinates": [[[106.37314, -6.99056], [106.37266, -6.9897], [106.37088, -6.99021], [106.36967, -6.9919], [106.36797, -6.99258], [106.36819, -6.99321], [106.36755, -6.99381], [106.36638, -6.99278], [106.36619, -6.9934], [106.36551, -6.99266], [106.36439, -6.99291], [106.36462, -6.99224], [106.36408, -6.99276], [106.3639, -6.99111], [106.36304, -6.99091], [106.36067, -6.99259], [106.3613, -6.99548], [106.35885, -6.99762], [106.35793, -6.99752], [106.35853, -6.99776], [106.35803, -6.99819], [106.35715, -6.99819], [106.35692, -6.99758], [106.35644, -6.99865], [106.35463, -6.99944], [106.35636, -6.99742], [106.35633, -6.99653], [106.35346, -6.99417], [106.35204, -6.99388], [106.35207, -6.99424], [106.35187, -6.99432], [106.35193, -6.99395], [106.35181, -6.9939], [106.35161, -6.99453], [106.3472, -6.99676], [106.34745, -6.99344], [106.3486, -6.99194], [106.3505, -6.98573], [106.35216, -6.98339], [106.35297, -6.98348], [106.3526, -6.98223], [106.35407, -6.98166], [106.35381, -6.98076], [106.35259, -6.98013], [106.35271, -6.97943], [106.35078, -6.98043], [106.35021, -6.97887], [106.35046, -6.97798], [106.351, -6.97807], [106.35069, -6.97641], [106.35226, -6.97337], [106.35101, -6.97295], [106.35096, -6.97409], [106.35007, -6.97373], [106.34934, -6.97481], [106.34917, -6.97294], [106.34679, -6.97302], [106.34455, -6.9716], [106.34435, -6.97071], [106.34219, -6.97099], [106.3414, -6.97022], [106.34056, -6.9707], [106.33817, -6.97006], [106.33657, -6.96763], [106.33482, -6.96687], [106.33527, -6.96547], [106.33488, -6.9645], [106.33273, -6.96563], [106.33204, -6.96447], [106.32947, -6.96508], [106.32806, -6.9646], [106.32786, -6.96085], [106.3293, -6.96062], [106.32934, -6.95701], [106.33089, -6.95462], [106.32711, -6.95316], [106.32587, -6.95121], [106.32199, -6.95251], [106.32143, -6.95191], [106.3196, -6.9524], [106.31943, -6.94988], [106.31879, -6.94931], [106.31972, -6.94665], [106.3191, -6.94282], [106.31755, -6.94141], [106.31751, -6.93965], [106.31204, -6.93595], [106.31206, -6.93537], [106.31356, -6.93352], [106.31329, -6.93244], [106.31765, -6.93116], [106.32356, -6.93316], [106.32775, -6.93359], [106.32729, -6.93074], [106.32572, -6.92896], [106.32684, -6.92747], [106.32953, -6.92873], [106.33086, -6.92846], [106.32708, -6.9252], [106.32531, -6.92504], [106.32584, -6.92408], [106.32879, -6.92567], [106.32928, -6.92532], [106.32972, -6.92613], [106.33368, -6.9267], [106.33707, -6.92811], [106.33757, -6.92947], [106.3388, -6.92997], [106.34021, -6.93173], [106.34244, -6.93128], [106.34313, -6.93018], [106.34272, -6.92872], [106.34386, -6.9288], [106.34429, -6.92702], [106.34666, -6.92654], [106.34675, -6.92603], [106.34511, -6.9251], [106.34408, -6.9231], [106.34302, -6.92305], [106.3421, -6.92192], [106.33864, -6.9202], [106.33834, -6.91936], [106.33682, -6.91855], [106.33681, -6.91728], [106.33184, -6.91931], [106.33176, -6.9186], [106.33124, -6.91891], [106.33019, -6.91778], [106.32973, -6.91552], [106.32791, -6.91539], [106.32762, -6.91327], [106.32319, -6.91272], [106.32165, -6.91064], [106.32056, -6.91032], [106.321, -6.90688], [106.32031, -6.9057], [106.3212, -6.90335], [106.32309, -6.90294], [106.32449, -6.9039], [106.32536, -6.90272], [106.32699, -6.90321], [106.32909, -6.90212], [106.33029, -6.90256], [106.33149, -6.90198], [106.33283, -6.90219], [106.33517, -6.90089], [106.33552, -6.90013], [106.33453, -6.89883], [106.33651, -6.89533], [106.33826, -6.89429], [106.33689, -6.88942], [106.33943, -6.88652], [106.34044, -6.88662], [106.34172, -6.88509], [106.34235, -6.8855], [106.3432, -6.88509], [106.34474, -6.88174], [106.34804, -6.88093], [106.34949, -6.8798], [106.3511, -6.88004], [106.3523, -6.87905], [106.35302, -6.87918], [106.35169, -6.8759], [106.35237, -6.87522], [106.35199, -6.87453], [106.35396, -6.87389], [106.35444, -6.87224], [106.35602, -6.87222], [106.35707, -6.8695], [106.35766, -6.8695], [106.35873, -6.87295], [106.36112, -6.87451], [106.36211, -6.87623], [106.36308, -6.87488], [106.36398, -6.8754], [106.36483, -6.87467], [106.36713, -6.87595], [106.36766, -6.87546], [106.36712, -6.87508], [106.37261, -6.87215], [106.37487, -6.87272], [106.37532, -6.87035], [106.37645, -6.87033], [106.37595, -6.86898], [106.37769, -6.86775], [106.37912, -6.86537], [106.38093, -6.86496], [106.38041, -6.86351], [106.38232, -6.86296], [106.38205, -6.86128], [106.38301, -6.8612], [106.3846, -6.857], [106.39094, -6.85043], [106.39284, -6.84757], [106.39406, -6.84384], [106.3966, -6.84551], [106.40422, -6.84825], [106.40305, -6.84943], [106.40333, -6.85097], [106.40185, -6.85328], [106.40283, -6.85428], [106.40296, -6.85566], [106.40541, -6.85529], [106.40901, -6.85293], [106.41318, -6.85213], [106.41518, -6.85513], [106.4149, -6.85699], [106.41562, -6.85863], [106.41733, -6.86013], [106.41871, -6.86023], [106.41977, -6.86282], [106.42315, -6.86399], [106.42476, -6.86563], [106.42566, -6.86832], [106.42421, -6.87032], [106.42213, -6.87061], [106.42149, -6.87244], [106.4192, -6.8742], [106.41987, -6.87709], [106.41942, -6.88037], [106.41373, -6.88234], [106.41256, -6.88454], [106.40977, -6.88423], [106.40602, -6.88655], [106.40602, -6.88874], [106.40383, -6.89103], [106.40331, -6.89382], [106.40182, -6.89636], [106.40001, -6.89786], [106.39736, -6.89801], [106.3929, -6.90063], [106.3934, -6.90258], [106.39218, -6.90464], [106.3955, -6.90794], [106.39725, -6.90882], [106.39707, -6.91077], [106.39849, -6.91369], [106.39797, -6.9184], [106.40004, -6.91994], [106.39967, -6.92207], [106.40029, -6.9236], [106.40019, -6.92421], [106.39861, -6.9244], [106.39923, -6.92657], [106.39826, -6.92752], [106.39792, -6.92902], [106.39582, -6.92929], [106.39394, -6.93195], [106.39117, -6.93223], [106.39071, -6.93416], [106.39143, -6.93948], [106.38968, -6.9418], [106.39133, -6.94412], [106.39149, -6.94587], [106.39353, -6.94766], [106.3953, -6.95132], [106.39498, -6.95238], [106.39571, -6.95453], [106.39479, -6.95635], [106.39546, -6.95975], [106.39327, -6.95902], [106.39237, -6.96035], [106.39575, -6.96325], [106.39438, -6.9645], [106.39359, -6.9683], [106.39361, -6.97367], [106.39666, -6.97466], [106.39712, -6.97849], [106.39595, -6.97674], [106.3966, -6.97891], [106.39563, -6.97978], [106.39497, -6.98211], [106.39336, -6.98286], [106.39298, -6.98422], [106.39098, -6.98604], [106.38778, -6.98777], [106.38721, -6.9895], [106.38682, -6.98927], [106.38707, -6.99032], [106.38688, -6.9907], [106.38577, -6.99083], [106.38467, -6.98845], [106.38134, -6.98933], [106.38064, -6.99015], [106.38117, -6.99125], [106.38071, -6.99135], [106.38066, -6.9951], [106.3804, -6.99415], [106.37963, -6.99396], [106.37841, -6.99454], [106.37853, -6.99524], [106.37638, -6.99399], [106.37465, -6.99453], [106.3753, -6.9934], [106.37439, -6.99314], [106.37516, -6.99222], [106.37497, -6.99107], [106.37393, -6.99], [106.37314, -6.99056]]]}}, {"type": "Feature", "properties": {"domain_id": "360203", "name": "BAYAH"}, "geometry": {"type": "Polygon", "coordinates": [[[106.24805, -6.93992], [106.24892, -6.93952], [106.24847, -6.93864], [106.24524, -6.93923], [106.24448, -6.93884], [106.2434, -6.93659], [106.23772, -6.93087], [106.23602, -6.93054], [106.22988, -6.92706], [106.22764, -6.92324], [106.22765, -6.92054], [106.22814, -6.91972], [106.23199, -6.91998], [106.23254, -6.91917], [106.23436, -6.9189], [106.23808, -6.91493], [106.23801, -6.91198], [106.23991, -6.90961], [106.23903, -6.90764], [106.23927, -6.90543], [106.24003, -6.90323], [106.24178, -6.90101], [106.2418, -6.89855], [106.24383, -6.89635], [106.24391, -6.89366], [106.24612, -6.88884], [106.2494, -6.88645], [106.24927, -6.88506], [106.24999, -6.88463], [106.25084, -6.88544], [106.25192, -6.88469], [106.25347, -6.88477], [106.25453, -6.88035], [106.25604, -6.87908], [106.26028, -6.87257], [106.26075, -6.86902], [106.25986, -6.86], [106.26045, -6.85758], [106.25873, -6.85125], [106.25999, -6.84497], [106.26189, -6.84346], [106.26375, -6.84313], [106.26298, -6.84043], [106.26515, -6.83821], [106.26339, -6.83554], [106.265, -6.83256], [106.26499, -6.82854], [106.26621, -6.82846], [106.27208, -6.8234], [106.2718, -6.82121], [106.27287, -6.81536], [106.27382, -6.81463], [106.27614, -6.81433], [106.27565, -6.81221], [106.2761, -6.81083], [106.2756, -6.81038], [106.27709, -6.80694], [106.27828, -6.80631], [106.28063, -6.80319], [106.28218, -6.80482], [106.28497, -6.80466], [106.28659, -6.80213], [106.28841, -6.80218], [106.28943, -6.80141], [106.29318, -6.79648], [106.29642, -6.79824], [106.29757, -6.80048], [106.297, -6.80044], [106.29683, -6.80207], [106.2958, -6.80188], [106.29443, -6.80444], [106.29298, -6.80399], [106.29208, -6.80453], [106.2935, -6.8072], [106.29217, -6.80853], [106.29239, -6.81106], [106.29053, -6.81226], [106.29037, -6.81424], [106.28961, -6.81485], [106.28901, -6.81707], [106.28811, -6.81674], [106.28749, -6.81724], [106.28692, -6.81878], [106.2872, -6.82055], [106.28598, -6.82094], [106.28572, -6.82259], [106.28398, -6.82447], [106.28154, -6.82362], [106.28124, -6.8252], [106.27973, -6.82633], [106.27878, -6.82955], [106.27671, -6.83061], [106.27728, -6.83365], [106.27559, -6.83608], [106.27485, -6.83909], [106.27524, -6.84038], [106.27374, -6.84269], [106.27326, -6.84615], [106.27402, -6.84867], [106.27423, -6.85458], [106.27652, -6.85481], [106.27697, -6.85647], [106.27875, -6.85642], [106.27939, -6.85108], [106.28027, -6.84906], [106.28126, -6.84788], [106.28361, -6.84754], [106.28502, -6.85015], [106.28493, -6.85088], [106.28387, -6.85135], [106.28466, -6.85298], [106.28775, -6.85385], [106.28863, -6.85495], [106.29123, -6.85624], [106.29153, -6.85709], [106.29215, -6.85703], [106.29238, -6.85802], [106.29493, -6.85899], [106.29404, -6.85918], [106.29369, -6.86014], [106.29291, -6.85993], [106.29252, -6.86083], [106.29345, -6.86419], [106.29963, -6.86509], [106.301, -6.86589], [106.3008, -6.86694], [106.29967, -6.86763], [106.3002, -6.87263], [106.29911, -6.8759], [106.29987, -6.87616], [106.29892, -6.87863], [106.30052, -6.88352], [106.30034, -6.88477], [106.30125, -6.88614], [106.30019, -6.88844], [106.3017, -6.88974], [106.30124, -6.89108], [106.30459, -6.89225], [106.30534, -6.89171], [106.30623, -6.88994], [106.30842, -6.88839], [106.30852, -6.88679], [106.30987, -6.88522], [106.30934, -6.88132], [106.31107, -6.8813], [106.31169, -6.88055], [106.31366, -6.88015], [106.31362, -6.87832], [106.31544, -6.87736], [106.31707, -6.8773], [106.31929, -6.8758], [106.32149, -6.87621], [106.32408, -6.87429], [106.32421, -6.87287], [106.32599, -6.87193], [106.32667, -6.86948], [106.3299, -6.86934], [106.33095, -6.87009], [106.33304, -6.867], [106.33587, -6.86804], [106.33679, -6.86586], [106.33951, -6.86553], [106.34029, -6.86398], [106.34491, -6.86365], [106.34807, -6.86481], [106.34982, -6.86464], [106.35089, -6.86318], [106.35327, -6.86432], [106.35393, -6.86614], [106.35528, -6.86651], [106.35501, -6.86722], [106.35648, -6.86824], [106.35709, -6.86954], [106.35602, -6.87222], [106.35444, -6.87224], [106.35396, -6.87389], [106.35199, -6.87453], [106.35237, -6.87522], [106.35169, -6.8759], [106.35302, -6.87918], [106.3523, -6.87905], [106.3511, -6.88004], [106.34949, -6.8798], [106.34804, -6.88093], [106.34474, -6.88174], [106.3432, -6.88509], [106.34251, -6.8855], [106.34172, -6.88509], [106.34044, -6.88662], [106.33943, -6.88652], [106.33689, -6.88942], [106.33826, -6.89429], [106.33651, -6.89533], [106.33453, -6.89883], [106.33552, -6.90013], [106.33517, -6.90089], [106.33283, -6.90219], [106.33149, -6.90198], [106.33029, -6.90256], [106.32909, -6.90212], [106.32699, -6.90321], [106.32536, -6.90272], [106.32449, -6.9039], [106.32318, -6.90296], [106.32143, -6.90321], [106.32039, -6.90511], [106.321, -6.90688], [106.32056, -6.91032], [106.32165, -6.91064], [106.32319, -6.91272], [106.32762, -6.91327], [106.32791, -6.91539], [106.32973, -6.91552], [106.33019, -6.91778], [106.33124, -6.91891], [106.33176, -6.9186], [106.33184, -6.91931], [106.33681, -6.91728], [106.33686, -6.91859], [106.34302, -6.92305], [106.34408, -6.9231], [106.34497, -6.92494], [106.34675, -6.92645], [106.34429, -6.92702], [106.34391, -6.92875], [106.34272, -6.92872], [106.34313, -6.93018], [106.34244, -6.93128], [106.34034, -6.93178], [106.3388, -6.92997], [106.33757, -6.92947], [106.33707, -6.92811], [106.33368, -6.9267], [106.32972, -6.92613], [106.32928, -6.92532], [106.32879, -6.92567], [106.32584, -6.92408], [106.32531, -6.92504], [106.32708, -6.9252], [106.33086, -6.92846], [106.32953, -6.92873], [106.32684, -6.92747], [106.32572, -6.92896], [106.32729, -6.93074], [106.32775, -6.93359], [106.32356, -6.93316], [106.31765, -6.93116], [106.31329, -6.93244], [106.31356, -6.93352], [106.31206, -6.93537], [106.31204, -6.93595], [106.31751, -6.93965], [106.31755, -6.94141], [106.3191, -6.94282], [106.31972, -6.94665], [106.31879, -6.94931], [106.31943, -6.94988], [106.3196, -6.9524], [106.32143, -6.95191], [106.32199, -6.95251], [106.32587, -6.95121], [106.32711, -6.95316], [106.33089, -6.95462], [106.32934, -6.95701], [106.3293, -6.96062], [106.32786, -6.96085], [106.32806, -6.9646], [106.32947, -6.96508], [106.33204, -6.96447], [106.33273, -6.96563], [106.33488, -6.9645], [106.33527, -6.96547], [106.33482, -6.96687], [106.33657, -6.96763], [106.33817, -6.97006], [106.34056, -6.9707], [106.3414, -6.97022], [106.34219, -6.97099], [106.34435, -6.97071], [106.34455, -6.9716], [106.34679, -6.97302], [106.34917, -6.97294], [106.34934, -6.97481], [106.35007, -6.97373], [106.35096, -6.97409], [106.35101, -6.97295], [106.35226, -6.97337], [106.35069, -6.97641], [106.351, -6.97807], [106.35046, -6.97798], [106.35021, -6.97887], [106.35078, -6.98043], [106.35271, -6.97943], [106.35259, -6.98013], [106.35381, -6.98076], [106.35407, -6.98166], [106.3526, -6.98223], [106.35297, -6.98348], [106.35216, -6.98339], [106.3505, -6.98573], [106.3486, -6.99194], [106.34745, -6.99344], [106.34701, -6.99675], [106.3465, -6.99607], [106.34499, -6.99732], [106.34315, -6.99744], [106.34409, -6.99686], [106.34316, -6.99542], [106.34417, -6.99258], [106.34368, -6.99028], [106.34237, -6.98897], [106.34154, -6.98904], [106.34065, -6.98763], [106.33702, -6.98657], [106.33472, -6.98695], [106.33199, -6.99043], [106.33222, -6.99099], [106.33111, -6.99175], [106.33211, -6.99196], [106.33198, -6.99205], [106.3308, -6.992], [106.32967, -6.99101], [106.3283, -6.9917], [106.32709, -6.99162], [106.32713, -6.99107], [106.32658, -6.99155], [106.32662, -6.99115], [106.3274, -6.99086], [106.32591, -6.99069], [106.32625, -6.98958], [106.32553, -6.98804], [106.32323, -6.98744], [106.32185, -6.98816], [106.32053, -6.99133], [106.31679, -6.99315], [106.31583, -6.99441], [106.31411, -6.99415], [106.31, -6.9957], [106.30951, -6.99501], [106.30651, -6.99409], [106.30901, -6.98919], [106.30844, -6.98633], [106.30166, -6.97962], [106.30071, -6.9799], [106.29585, -6.97723], [106.29078, -6.97547], [106.28964, -6.97585], [106.28877, -6.97531], [106.28608, -6.9753], [106.28348, -6.97371], [106.28253, -6.9756], [106.28148, -6.97599], [106.28139, -6.97755], [106.28018, -6.97986], [106.27917, -6.97828], [106.27821, -6.97828], [106.27842, -6.97777], [106.27342, -6.97681], [106.27256, -6.97592], [106.27245, -6.97671], [106.27181, -6.97628], [106.27073, -6.97667], [106.26948, -6.97628], [106.26934, -6.97547], [106.26707, -6.97496], [106.26702, -6.97435], [106.26596, -6.97438], [106.26428, -6.97189], [106.26461, -6.96975], [106.26605, -6.96835], [106.26307, -6.9674], [106.26089, -6.96385], [106.25797, -6.96206], [106.25289, -6.96022], [106.24559, -6.96056], [106.241, -6.95733], [106.24059, -6.95544], [106.23921, -6.95589], [106.2398, -6.95532], [106.23948, -6.95471], [106.23585, -6.95166], [106.23959, -6.95439], [106.23991, -6.95381], [106.2379, -6.95176], [106.23963, -6.95323], [106.24157, -6.95091], [106.24498, -6.94991], [106.2463, -6.94849], [106.24536, -6.94062], [106.24615, -6.93997], [106.24623, -6.94053], [106.24751, -6.94072], [106.24805, -6.93992]]]}}, {"type": "Feature", "properties": {"domain_id": "367201", "name": "CIBEBER"}, "geometry": {"type": "Polygon", "coordinates": [[[106.05324, -6.06123], [106.05353, -6.06268], [106.05201, -6.06636], [106.05216, -6.06916], [106.04974, -6.07562], [106.04585, -6.07696], [106.04414, -6.07831], [106.03798, -6.07923], [106.03631, -6.08013], [106.03481, -6.08028], [106.03346, -6.07958], [106.03343, -6.08055], [106.03228, -6.08014], [106.03148, -6.0806], [106.03092, -6.07908], [106.02999, -6.07958], [106.02814, -6.07879], [106.02596, -6.08064], [106.02357, -6.0801], [106.02394, -6.07874], [106.02543, -6.0778], [106.0245, -6.07549], [106.02443, -6.07313], [106.02569, -6.072], [106.0256, -6.07002], [106.02663, -6.06982], [106.02665, -6.06879], [106.02757, -6.06816], [106.03024, -6.06104], [106.03207, -6.06083], [106.03329, -6.0595], [106.03383, -6.05719], [106.03555, -6.05459], [106.03685, -6.05455], [106.03714, -6.05364], [106.03844, -6.05337], [106.04021, -6.05413], [106.0411, -6.05367], [106.04099, -6.05288], [106.04221, -6.05158], [106.03969, -6.05068], [106.03879, -6.04983], [106.03912, -6.04906], [106.03704, -6.04828], [106.03853, -6.04585], [106.04013, -6.0461], [106.03866, -6.04505], [106.03867, -6.04423], [106.03667, -6.04317], [106.03694, -6.04277], [106.04249, -6.03746], [106.04677, -6.03768], [106.04748, -6.03564], [106.04821, -6.03591], [106.04851, -6.03515], [106.04895, -6.03531], [106.04867, -6.03608], [106.05017, -6.03666], [106.05146, -6.03614], [106.05743, -6.032], [106.06075, -6.03102], [106.06204, -6.02837], [106.06539, -6.02949], [106.06521, -6.02741], [106.06608, -6.02702], [106.06766, -6.02779], [106.06783, -6.02653], [106.06979, -6.02648], [106.06993, -6.02523], [106.07411, -6.02479], [106.07481, -6.02617], [106.07564, -6.02418], [106.07521, -6.02331], [106.07595, -6.02063], [106.07736, -6.01767], [106.08125, -6.01934], [106.08353, -6.01507], [106.08085, -6.01328], [106.08184, -6.0105], [106.08279, -6.00968], [106.08311, -6.00747], [106.08254, -6.00686], [106.0824, -6.00467], [106.08342, -6.00418], [106.08303, -6.00399], [106.08399, -6.00211], [106.08803, -6.00254], [106.08817, -6.00721], [106.08552, -6.02215], [106.08507, -6.03561], [106.08444, -6.03526], [106.08246, -6.03775], [106.08096, -6.03696], [106.0781, -6.04037], [106.076, -6.04006], [106.07552, -6.03864], [106.07056, -6.04064], [106.07105, -6.04093], [106.06878, -6.04305], [106.06536, -6.04503], [106.06562, -6.04628], [106.06511, -6.04681], [106.06404, -6.04649], [106.0626, -6.04836], [106.06198, -6.04999], [106.06314, -6.05072], [106.06274, -6.05201], [106.06197, -6.05327], [106.06123, -6.0529], [106.05598, -6.06173], [106.05373, -6.06014], [106.05324, -6.06123]]]}}, {"type": "Feature", "properties": {"domain_id": "360333", "name": "MEKAR BARU"}, "geometry": {"type": "Polygon", "coordinates": [[[106.40524, -6.08964], [106.41252, -6.08895], [106.41185, -6.09044], [106.4177, -6.0907], [106.4176, -6.09751], [106.41532, -6.09941], [106.41503, -6.10229], [106.41373, -6.10289], [106.41301, -6.10449], [106.41141, -6.10521], [106.4077, -6.10387], [106.40279, -6.10348], [106.39936, -6.10106], [106.40294, -6.09947], [106.39986, -6.09846], [106.40027, -6.09517], [106.39858, -6.09498], [106.39547, -6.09029], [106.3881, -6.08758], [106.38846, -6.08484], [106.38956, -6.08319], [106.38812, -6.08168], [106.38787, -6.07879], [106.38522, -6.07844], [106.38239, -6.07558], [106.38176, -6.07148], [106.38261, -6.06907], [106.38099, -6.06732], [106.37618, -6.06736], [106.37402, -6.07155], [106.37243, -6.07133], [106.36381, -6.06782], [106.36251, -6.06671], [106.3622, -6.06609], [106.36323, -6.06638], [106.36164, -6.06501], [106.36054, -6.06266], [106.35242, -6.05924], [106.35021, -6.05906], [106.34962, -6.05605], [106.35159, -6.05179], [106.35188, -6.0498], [106.36732, -6.03807], [106.37058, -6.03734], [106.375, -6.03742], [106.37577, -6.0397], [106.37791, -6.0391], [106.37907, -6.03782], [106.38038, -6.03911], [106.38067, -6.03842], [106.37965, -6.03557], [106.38004, -6.03473], [106.38162, -6.03429], [106.38315, -6.03219], [106.38232, -6.03093], [106.38294, -6.02966], [106.38393, -6.02995], [106.38472, -6.0312], [106.38824, -6.03122], [106.39311, -6.02765], [106.39649, -6.02909], [106.39787, -6.02782], [106.39951, -6.02851], [106.40121, -6.03031], [106.40586, -6.03077], [106.40104, -6.03788], [106.39757, -6.04518], [106.39879, -6.04638], [106.3981, -6.04906], [106.39696, -6.05043], [106.3991, -6.05232], [106.40204, -6.05702], [106.40512, -6.05771], [106.40507, -6.06051], [106.40342, -6.06271], [106.40424, -6.06421], [106.40836, -6.06595], [106.41107, -6.06336], [106.41028, -6.06738], [106.40959, -6.08385], [106.40794, -6.08459], [106.40385, -6.0895], [106.40524, -6.08964]]]}}, {"type": "Feature", "properties": {"domain_id": "360330", "name": "SEPATAN TIMUR"}, "geometry": {"type": "Polygon", "coordinates": [[[106.61342, -6.13905], [106.61576, -6.14093], [106.61408, -6.14403], [106.61337, -6.14778], [106.59244, -6.14772], [106.59245, -6.1483], [106.59152, -6.14829], [106.58839, -6.14371], [106.58764, -6.13667], [106.58961, -6.13649], [106.59375, -6.1336], [106.59359, -6.1312], [106.59515, -6.13079], [106.59536, -6.13018], [106.59534, -6.12859], [106.59464, -6.12807], [106.59706, -6.1261], [106.5975, -6.12478], [106.60205, -6.12216], [106.59794, -6.12172], [106.58273, -6.11795], [106.58213, -6.11428], [106.58392, -6.11413], [106.58391, -6.1131], [106.58504, -6.11303], [106.58534, -6.11172], [106.58773, -6.11028], [106.5894, -6.1103], [106.59199, -6.10798], [106.59421, -6.10852], [106.59414, -6.1053], [106.59906, -6.10223], [106.60266, -6.09769], [106.60821, -6.09841], [106.61163, -6.09768], [106.61389, -6.09965], [106.61433, -6.09852], [106.61703, -6.09826], [106.61765, -6.09692], [106.61845, -6.09666], [106.6189, -6.09733], [106.62361, -6.09759], [106.62362, -6.10116], [106.625, -6.10086], [106.62657, -6.10142], [106.62882, -6.10085], [106.63227, -6.10104], [106.63218, -6.09947], [106.634, -6.0994], [106.63584, -6.10541], [106.63276, -6.11223], [106.63258, -6.1158], [106.63136, -6.11724], [106.63226, -6.12005], [106.63044, -6.12121], [106.62857, -6.11996], [106.62643, -6.1207], [106.62307, -6.12069], [106.62056, -6.12271], [106.61763, -6.12294], [106.61572, -6.12528], [106.61422, -6.12587], [106.61413, -6.13124], [106.61322, -6.13309], [106.61131, -6.13423], [106.61081, -6.13548], [106.61342, -6.13905]]]}}, {"type": "Feature", "properties": {"domain_id": "360332", "name": "GUNUNG KALER"}, "geometry": {"type": "Polygon", "coordinates": [[[106.38944, -6.08799], [106.39547, -6.09029], [106.39858, -6.09498], [106.40027, -6.09517], [106.39986, -6.09846], [106.40294, -6.09947], [106.39947, -6.10088], [106.39998, -6.10158], [106.40279, -6.10348], [106.40564, -6.10347], [106.41115, -6.10485], [106.41213, -6.10957], [106.41158, -6.11255], [106.41238, -6.11443], [106.41234, -6.11697], [106.41024, -6.1197], [106.40813, -6.11945], [106.40435, -6.12075], [106.404, -6.12169], [106.40145, -6.12346], [106.39815, -6.12365], [106.39377, -6.12675], [106.39184, -6.12997], [106.38907, -6.13291], [106.38265, -6.12634], [106.38241, -6.12468], [106.38385, -6.12314], [106.3833, -6.1215], [106.38145, -6.11962], [106.38129, -6.11848], [106.37827, -6.11647], [106.37638, -6.11603], [106.36802, -6.1199], [106.36737, -6.12416], [106.36636, -6.12498], [106.36346, -6.12304], [106.36215, -6.12128], [106.36272, -6.12082], [106.36437, -6.12111], [106.3646, -6.12038], [106.36185, -6.11648], [106.35933, -6.11585], [106.35585, -6.1136], [106.35512, -6.11147], [106.3539, -6.11024], [106.35271, -6.11], [106.35168, -6.11111], [106.35074, -6.10993], [106.34978, -6.10275], [106.3522, -6.10248], [106.35279, -6.10112], [106.35128, -6.10075], [106.35017, -6.09757], [106.3526, -6.09678], [106.35353, -6.09244], [106.35287, -6.09176], [106.35099, -6.09195], [106.35086, -6.0906], [106.35258, -6.08994], [106.35275, -6.08927], [106.35105, -6.08854], [106.35115, -6.08721], [106.3484, -6.08658], [106.33997, -6.07461], [106.33939, -6.06318], [106.34951, -6.06273], [106.3506, -6.06127], [106.35021, -6.05906], [106.35095, -6.05898], [106.35728, -6.06097], [106.36054, -6.06266], [106.36164, -6.06501], [106.36323, -6.06638], [106.3622, -6.06609], [106.36251, -6.06671], [106.36381, -6.06782], [106.37166, -6.07112], [106.37402, -6.07155], [106.37618, -6.06736], [106.38099, -6.06732], [106.38261, -6.06907], [106.38176, -6.07148], [106.38239, -6.07558], [106.38522, -6.07844], [106.38726, -6.07855], [106.38813, -6.07922], [106.38812, -6.08168], [106.38956, -6.08326], [106.38846, -6.08484], [106.3881, -6.08758], [106.38944, -6.08799]]]}}, {"type": "Feature", "properties": {"domain_id": "360320", "name": "LEGOK"}, "geometry": {"type": "Polygon", "coordinates": [[[106.56165, -6.33844], [106.56024, -6.33862], [106.55913, -6.33701], [106.55861, -6.33825], [106.55926, -6.3402], [106.55787, -6.34057], [106.5579, -6.33856], [106.55628, -6.33834], [106.55634, -6.33629], [106.55395, -6.33502], [106.55267, -6.3361], [106.55183, -6.33596], [106.55205, -6.33407], [106.54977, -6.33467], [106.54882, -6.33387], [106.55178, -6.33327], [106.54971, -6.33318], [106.54911, -6.33246], [106.54841, -6.33322], [106.54668, -6.33282], [106.54545, -6.33406], [106.54188, -6.33399], [106.54176, -6.33339], [106.54235, -6.33348], [106.54204, -6.33202], [106.54049, -6.33331], [106.53843, -6.33098], [106.53705, -6.3313], [106.53723, -6.33216], [106.5362, -6.3316], [106.53425, -6.33232], [106.5339, -6.33057], [106.53205, -6.32968], [106.52996, -6.32973], [106.53072, -6.32882], [106.52854, -6.3282], [106.52837, -6.32695], [106.52908, -6.3262], [106.52768, -6.32575], [106.52684, -6.32462], [106.52609, -6.32584], [106.52528, -6.32526], [106.52406, -6.32579], [106.52343, -6.32505], [106.52166, -6.32535], [106.52188, -6.32642], [106.521, -6.32584], [106.52072, -6.32654], [106.51937, -6.32578], [106.51846, -6.32705], [106.51781, -6.32665], [106.51811, -6.32574], [106.51579, -6.3257], [106.51569, -6.32433], [106.51486, -6.32444], [106.51255, -6.32265], [106.51323, -6.32121], [106.51477, -6.32064], [106.51317, -6.31991], [106.51339, -6.31891], [106.5163, -6.31884], [106.51696, -6.31766], [106.51464, -6.31775], [106.51374, -6.3169], [106.51578, -6.31621], [106.51873, -6.3128], [106.52019, -6.31255], [106.52069, -6.31317], [106.5232, -6.31244], [106.52408, -6.31351], [106.52731, -6.31378], [106.52935, -6.3132], [106.53029, -6.31126], [106.53456, -6.30959], [106.53567, -6.30975], [106.53418, -6.31032], [106.53479, -6.31249], [106.53637, -6.31473], [106.53792, -6.31539], [106.53911, -6.31468], [106.54109, -6.31468], [106.54122, -6.31356], [106.5419, -6.31328], [106.54181, -6.31118], [106.54563, -6.31153], [106.54774, -6.31332], [106.54947, -6.3127], [106.54985, -6.31159], [106.55164, -6.31104], [106.5522, -6.31214], [106.55286, -6.31192], [106.5542, -6.31043], [106.55301, -6.3068], [106.5551, -6.30303], [106.55327, -6.30106], [106.55313, -6.29866], [106.55231, -6.29866], [106.5518, -6.29782], [106.55297, -6.29698], [106.55246, -6.29583], [106.55472, -6.29377], [106.55426, -6.29209], [106.55309, -6.29163], [106.55319, -6.28992], [106.55232, -6.28863], [106.55211, -6.28618], [106.55125, -6.28562], [106.55217, -6.28119], [106.55216, -6.27628], [106.55084, -6.27338], [106.54944, -6.27401], [106.54738, -6.27355], [106.54644, -6.27132], [106.54539, -6.2709], [106.54496, -6.26926], [106.54597, -6.26797], [106.54555, -6.26696], [106.54552, -6.26632], [106.54566, -6.26715], [106.54643, -6.26684], [106.54692, -6.2676], [106.5484, -6.26797], [106.54909, -6.26951], [106.5515, -6.27003], [106.55153, -6.27147], [106.55356, -6.27181], [106.55343, -6.27264], [106.55466, -6.27283], [106.55633, -6.27148], [106.55722, -6.27196], [106.5592, -6.27156], [106.55972, -6.27422], [106.56571, -6.27491], [106.56607, -6.2765], [106.56786, -6.27686], [106.56842, -6.27586], [106.56906, -6.27624], [106.57046, -6.27291], [106.57132, -6.27315], [106.57167, -6.27061], [106.57273, -6.271], [106.57336, -6.26946], [106.57678, -6.26877], [106.57776, -6.26661], [106.58131, -6.26539], [106.58206, -6.26439], [106.58503, -6.26473], [106.5832, -6.26642], [106.58294, -6.2679], [106.58409, -6.26924], [106.58546, -6.26956], [106.58518, -6.27208], [106.58647, -6.27345], [106.59355, -6.27354], [106.59775, -6.27461], [106.59601, -6.27841], [106.59454, -6.28401], [106.59777, -6.28559], [106.59802, -6.28731], [106.59711, -6.28752], [106.59778, -6.28795], [106.5978, -6.28897], [106.59961, -6.28923], [106.60127, -6.28861], [106.60071, -6.28961], [106.60059, -6.29376], [106.60121, -6.29706], [106.60278, -6.29784], [106.60249, -6.29983], [106.60165, -6.30039], [106.60051, -6.29991], [106.59955, -6.30138], [106.59626, -6.30175], [106.59062, -6.30388], [106.58873, -6.30339], [106.58744, -6.30494], [106.58784, -6.3063], [106.5897, -6.30773], [106.59004, -6.31029], [106.5891, -6.31238], [106.59116, -6.31269], [106.59193, -6.31355], [106.59072, -6.31422], [106.59053, -6.31909], [106.58527, -6.31845], [106.58112, -6.31955], [106.57475, -6.33309], [106.57456, -6.33951], [106.57278, -6.33842], [106.57042, -6.33903], [106.56933, -6.33817], [106.56836, -6.33883], [106.56705, -6.33842], [106.56641, -6.33748], [106.56423, -6.3383], [106.56401, -6.33962], [106.56165, -6.33844]]]}}, {"type": "Feature", "properties": {"domain_id": "360309", "name": "KEMIRI"}, "geometry": {"type": "Polygon", "coordinates": [[[106.47964, -6.09552], [106.4807, -6.10395], [106.47861, -6.11095], [106.47766, -6.11268], [106.47625, -6.11267], [106.47767, -6.11661], [106.47, -6.11731], [106.47044, -6.11775], [106.47006, -6.12104], [106.46906, -6.12505], [106.46814, -6.12715], [106.46585, -6.12875], [106.46822, -6.12935], [106.46803, -6.13193], [106.46593, -6.13196], [106.46592, -6.13354], [106.45918, -6.13388], [106.46312, -6.1374], [106.4645, -6.14122], [106.46177, -6.14329], [106.45645, -6.14281], [106.45564, -6.14108], [106.45458, -6.14063], [106.45462, -6.13848], [106.45326, -6.13575], [106.45154, -6.13512], [106.44755, -6.13199], [106.44534, -6.13196], [106.44409, -6.12936], [106.44445, -6.125], [106.44817, -6.12149], [106.44884, -6.11998], [106.44799, -6.1157], [106.447, -6.1142], [106.4468, -6.11121], [106.4475, -6.10999], [106.44478, -6.10756], [106.44593, -6.10393], [106.44867, -6.10218], [106.4473, -6.10004], [106.44658, -6.09519], [106.44877, -6.09407], [106.44964, -6.09162], [106.44561, -6.08649], [106.44377, -6.08194], [106.44373, -6.08034], [106.44512, -6.07875], [106.44483, -6.07634], [106.44694, -6.07263], [106.44668, -6.06813], [106.45028, -6.06351], [106.44808, -6.05954], [106.44988, -6.05765], [106.45132, -6.05743], [106.45312, -6.05517], [106.45592, -6.04877], [106.45871, -6.03773], [106.46074, -6.03729], [106.46674, -6.03955], [106.46898, -6.0312], [106.46647, -6.04079], [106.46797, -6.04172], [106.46756, -6.04094], [106.46819, -6.04194], [106.4681, -6.0412], [106.46895, -6.04158], [106.46978, -6.04034], [106.46893, -6.04197], [106.46924, -6.04244], [106.47132, -6.03959], [106.47157, -6.03164], [106.47137, -6.03962], [106.46924, -6.04255], [106.47003, -6.04253], [106.47098, -6.04483], [106.48197, -6.04741], [106.48051, -6.05558], [106.48185, -6.05719], [106.48372, -6.06977], [106.48573, -6.07389], [106.48846, -6.07526], [106.48866, -6.07678], [106.48621, -6.08091], [106.48772, -6.08156], [106.48859, -6.0808], [106.48928, -6.08208], [106.48312, -6.08388], [106.48083, -6.08368], [106.48172, -6.08658], [106.48037, -6.08942], [106.47964, -6.09552]]]}}, {"type": "Feature", "properties": {"domain_id": "360311", "name": "RAJEG"}, "geometry": {"type": "Polygon", "coordinates": [[[106.52803, -6.13604], [106.52714, -6.14565], [106.5187, -6.14626], [106.51491, -6.14415], [106.5126, -6.1406], [106.50534, -6.14243], [106.50411, -6.14217], [106.50385, -6.13905], [106.50265, -6.13753], [106.50037, -6.13757], [106.49965, -6.13657], [106.49839, -6.13737], [106.49795, -6.13575], [106.49508, -6.13582], [106.49691, -6.14453], [106.49539, -6.14664], [106.49386, -6.14674], [106.49357, -6.14814], [106.49256, -6.14854], [106.49046, -6.15244], [106.48868, -6.15431], [106.48532, -6.15368], [106.48438, -6.15136], [106.48363, -6.15116], [106.48324, -6.14935], [106.48376, -6.1472], [106.48136, -6.14595], [106.48169, -6.14023], [106.47252, -6.13912], [106.4718, -6.1401], [106.47195, -6.14213], [106.46902, -6.1421], [106.46669, -6.14013], [106.46465, -6.14088], [106.46344, -6.13933], [106.46312, -6.1374], [106.45932, -6.13418], [106.46592, -6.13354], [106.46593, -6.13196], [106.46803, -6.13193], [106.46822, -6.12935], [106.46585, -6.12875], [106.46814, -6.12715], [106.46906, -6.12505], [106.47006, -6.12104], [106.47044, -6.11775], [106.47, -6.11731], [106.47767, -6.11661], [106.47625, -6.11267], [106.47766, -6.11268], [106.47861, -6.11095], [106.4807, -6.10395], [106.47941, -6.09611], [106.48037, -6.08942], [106.48172, -6.08658], [106.48083, -6.08368], [106.48312, -6.08388], [106.48928, -6.08208], [106.48859, -6.0808], [106.48772, -6.08156], [106.48621, -6.08091], [106.48846, -6.07685], [106.48913, -6.08061], [106.49611, -6.08078], [106.50223, -6.08284], [106.50317, -6.0857], [106.50432, -6.08576], [106.5042, -6.08926], [106.50487, -6.08947], [106.50493, -6.09027], [106.50723, -6.09016], [106.50754, -6.09086], [106.5179, -6.08947], [106.51758, -6.0872], [106.5261, -6.08674], [106.53054, -6.08773], [106.53094, -6.08586], [106.53256, -6.08657], [106.53484, -6.08586], [106.53509, -6.08657], [106.53646, -6.08702], [106.53609, -6.08824], [106.53695, -6.08968], [106.53672, -6.09185], [106.53951, -6.09374], [106.5397, -6.09559], [106.54021, -6.09581], [106.53973, -6.09811], [106.54142, -6.09827], [106.54102, -6.10182], [106.54008, -6.10284], [106.54155, -6.10404], [106.54261, -6.10405], [106.54431, -6.10612], [106.5429, -6.11279], [106.55107, -6.11177], [106.55138, -6.11068], [106.55633, -6.1093], [106.55512, -6.11146], [106.55536, -6.11264], [106.55843, -6.11424], [106.55958, -6.11397], [106.56122, -6.11587], [106.56393, -6.11625], [106.56534, -6.12026], [106.56699, -6.12072], [106.56814, -6.1221], [106.56743, -6.12394], [106.56771, -6.125], [106.56843, -6.12622], [106.56965, -6.12663], [106.56898, -6.12882], [106.56425, -6.12882], [106.56132, -6.13052], [106.55634, -6.12809], [106.55539, -6.12933], [106.54936, -6.12827], [106.54894, -6.12906], [106.54769, -6.12928], [106.54674, -6.13072], [106.54169, -6.13111], [106.53576, -6.13318], [106.53526, -6.13427], [106.53239, -6.13446], [106.52803, -6.13604]]]}}, {"type": "Feature", "properties": {"domain_id": "360313", "name": "TELUKNAGA"}, "geometry": {"type": "MultiPolygon", "coordinates": [[[[106.65646, -6.10182], [106.65686, -6.10459], [106.65865, -6.10744], [106.658, -6.10915], [106.6568, -6.10956], [106.64373, -6.10838], [106.64037, -6.10555], [106.63728, -6.10612], [106.6375, -6.10561], [106.63569, -6.10633], [106.63575, -6.10464], [106.63334, -6.09778], [106.63634, -6.09437], [106.63648, -6.09088], [106.63479, -6.08948], [106.63446, -6.088], [106.63793, -6.0865], [106.63832, -6.08322], [106.63645, -6.07906], [106.63481, -6.07056], [106.63256, -6.06555], [106.6332, -6.063], [106.63268, -6.05687], [106.63446, -6.05428], [106.63377, -6.05197], [106.63461, -6.04992], [106.63127, -6.04658], [106.63081, -6.04473], [106.63198, -6.04208], [106.63193, -6.04005], [106.63085, -6.03669], [106.62919, -6.03578], [106.6297, -6.03514], [106.63118, -6.03529], [106.63281, -6.03162], [106.63298, -6.02744], [106.63417, -6.02409], [106.63334, -6.02187], [106.63198, -6.02052], [106.63188, -6.01672], [106.63773, -6.00982], [106.63977, -6.00837], [106.64492, -6.00677], [106.64681, -6.00473], [106.64773, -6.00603], [106.64862, -6.00524], [106.65031, -6.00682], [106.65123, -6.00862], [106.65021, -6.00933], [106.65478, -6.01517], [106.65423, -6.01653], [106.65782, -6.01814], [106.65755, -6.01884], [106.66009, -6.01963], [106.65992, -6.02054], [106.66161, -6.02081], [106.66151, -6.02144], [106.66353, -6.02233], [106.6657, -6.02164], [106.66501, -6.02007], [106.66573, -6.02163], [106.66724, -6.02131], [106.66741, -6.02038], [106.66758, -6.02076], [106.66936, -6.01979], [106.67091, -6.01864], [106.67049, -6.01832], [106.67077, -6.01805], [106.67096, -6.01861], [106.67368, -6.01703], [106.67413, -6.01616], [106.6746, -6.01641], [106.67791, -6.01334], [106.67932, -6.01276], [106.68556, -6.01936], [106.69097, -6.02348], [106.6983, -6.02698], [106.6993, -6.02601], [106.69992, -6.0265], [106.69961, -6.02701], [106.70068, -6.02788], [106.70055, -6.02961], [106.70349, -6.0324], [106.70294, -6.03301], [106.70197, -6.03255], [106.701, -6.03335], [106.70119, -6.03401], [106.70322, -6.03436], [106.70329, -6.03613], [106.70544, -6.03618], [106.70656, -6.03799], [106.70839, -6.03608], [106.70965, -6.0365], [106.70968, -6.03767], [106.71261, -6.04061], [106.71263, -6.04361], [106.7149, -6.04472], [106.70934, -6.04458], [106.70715, -6.04389], [106.70612, -6.04288], [106.70619, -6.04423], [106.70418, -6.04488], [106.70388, -6.04359], [106.70303, -6.04367], [106.70292, -6.04301], [106.70121, -6.0438], [106.70087, -6.04097], [106.69693, -6.042], [106.69228, -6.04407], [106.68205, -6.05327], [106.66461, -6.06473], [106.65742, -6.07248], [106.65682, -6.07473], [106.65685, -6.07947], [106.65776, -6.07944], [106.65778, -6.08024], [106.66097, -6.07951], [106.66203, -6.08102], [106.66427, -6.08048], [106.66572, -6.0827], [106.66904, -6.08314], [106.66678, -6.08705], [106.66353, -6.08794], [106.66359, -6.09012], [106.66195, -6.09367], [106.65925, -6.09366], [106.65863, -6.09192], [106.65777, -6.09133], [106.65633, -6.09199], [106.65548, -6.10035], [106.65646, -6.10182]]], [[[106.64421, -6.00425], [106.64354, -6.0064], [106.63827, -6.00842], [106.63334, -6.014], [106.63432, -6.01262], [106.63369, -6.01087], [106.6324, -6.0099], [106.63219, -6.00783], [106.63303, -6.00645], [106.63386, -6.00602], [106.63632, -6.00786], [106.63666, -6.00735], [106.63593, -6.00722], [106.63565, -6.0064], [106.64045, -6.00391], [106.64296, -6.00128], [106.64421, -6.00425]]]]}}, {"type": "Feature", "properties": {"domain_id": "360307", "name": "KRONJO"}, "geometry": {"type": "Polygon", "coordinates": [[[106.44925, -6.09116], [106.44963, -6.09177], [106.44877, -6.09407], [106.44658, -6.09519], [106.4473, -6.10004], [106.44867, -6.10218], [106.44593, -6.10393], [106.44478, -6.10756], [106.4475, -6.10999], [106.4468, -6.11121], [106.447, -6.1142], [106.44799, -6.1157], [106.44884, -6.11998], [106.44817, -6.12149], [106.44445, -6.125], [106.44402, -6.12873], [106.43911, -6.12725], [106.43534, -6.12753], [106.43818, -6.12484], [106.43595, -6.12286], [106.43679, -6.11899], [106.43579, -6.11842], [106.43543, -6.11625], [106.43039, -6.11257], [106.42641, -6.11399], [106.4268, -6.11481], [106.42593, -6.11469], [106.42556, -6.11618], [106.42351, -6.11777], [106.41863, -6.11919], [106.41164, -6.11282], [106.41213, -6.10957], [106.41141, -6.10521], [106.41324, -6.10434], [106.41373, -6.10289], [106.41503, -6.10229], [106.41532, -6.09941], [106.4176, -6.09751], [106.4177, -6.0907], [106.41185, -6.09044], [106.41252, -6.08895], [106.40385, -6.0895], [106.40794, -6.08459], [106.40959, -6.08385], [106.41028, -6.06738], [106.41107, -6.06336], [106.40836, -6.06595], [106.40424, -6.06421], [106.40342, -6.06271], [106.40507, -6.06051], [106.40512, -6.05771], [106.40204, -6.05702], [106.3991, -6.05232], [106.39696, -6.05043], [106.3981, -6.04906], [106.39879, -6.04638], [106.39757, -6.04518], [106.40104, -6.03788], [106.40586, -6.03077], [106.40748, -6.03091], [106.40952, -6.02931], [106.4118, -6.02422], [106.41485, -6.02456], [106.4219, -6.02927], [106.43161, -6.03307], [106.44051, -6.0321], [106.4412, -6.03126], [106.44092, -6.02826], [106.44134, -6.02804], [106.44183, -6.0284], [106.44138, -6.03127], [106.44599, -6.0353], [106.45382, -6.03807], [106.45642, -6.03739], [106.45871, -6.03773], [106.45592, -6.04877], [106.45312, -6.05517], [106.45132, -6.05743], [106.44988, -6.05765], [106.44808, -6.05954], [106.45028, -6.06351], [106.44668, -6.06813], [106.44694, -6.07263], [106.44483, -6.07634], [106.44512, -6.07875], [106.44373, -6.08034], [106.44377, -6.08194], [106.44561, -6.08649], [106.44925, -6.09116]]]}}, {"type": "Feature", "properties": {"domain_id": "367303", "name": "WALANTAKA"}, "geometry": {"type": "Polygon", "coordinates": [[[106.21968, -6.18692], [106.22865, -6.18981], [106.22973, -6.1923], [106.22959, -6.19355], [106.22832, -6.19485], [106.22669, -6.19517], [106.22407, -6.19808], [106.2184, -6.19704], [106.21508, -6.19843], [106.21337, -6.19731], [106.21331, -6.19622], [106.21117, -6.19672], [106.21079, -6.19615], [106.20951, -6.19614], [106.20879, -6.197], [106.20793, -6.1966], [106.20895, -6.18142], [106.20809, -6.18125], [106.20812, -6.17775], [106.20645, -6.17552], [106.20606, -6.17212], [106.20154, -6.16644], [106.20137, -6.15975], [106.20074, -6.15869], [106.20149, -6.15631], [106.20093, -6.15278], [106.20251, -6.15159], [106.20244, -6.14971], [106.20354, -6.14766], [106.20291, -6.14502], [106.20372, -6.14198], [106.20325, -6.14107], [106.20418, -6.13887], [106.20353, -6.13838], [106.20392, -6.13653], [106.20515, -6.13456], [106.20594, -6.1347], [106.20592, -6.13383], [106.20658, -6.13375], [106.20771, -6.12978], [106.20904, -6.1293], [106.20648, -6.12493], [106.20352, -6.12257], [106.20416, -6.11776], [106.2015, -6.11752], [106.2012, -6.11686], [106.20641, -6.10984], [106.21124, -6.10482], [106.21415, -6.10291], [106.21531, -6.10082], [106.2193, -6.09681], [106.22155, -6.09252], [106.22264, -6.09216], [106.22507, -6.09281], [106.22788, -6.09482], [106.22911, -6.09613], [106.2302, -6.09971], [106.22896, -6.10207], [106.22515, -6.10409], [106.22422, -6.10535], [106.229, -6.10843], [106.22301, -6.12164], [106.22251, -6.1268], [106.22356, -6.12821], [106.22548, -6.12925], [106.23305, -6.13009], [106.23825, -6.12895], [106.2411, -6.12959], [106.24276, -6.13136], [106.2464, -6.14163], [106.25574, -6.14623], [106.25204, -6.15403], [106.25116, -6.15914], [106.24873, -6.16197], [106.2472, -6.16535], [106.24336, -6.17053], [106.24186, -6.174], [106.23927, -6.17328], [106.23887, -6.17174], [106.23694, -6.17133], [106.23587, -6.17026], [106.233, -6.17082], [106.22917, -6.17831], [106.22681, -6.17955], [106.21968, -6.18692]]]}}, {"type": "Feature", "properties": {"domain_id": "360134", "name": "MAJASARI"}, "geometry": {"type": "Polygon", "coordinates": [[[106.10572, -6.32829], [106.11187, -6.33175], [106.11213, -6.33484], [106.11027, -6.33949], [106.11103, -6.34166], [106.10976, -6.3413], [106.10917, -6.34038], [106.10598, -6.33939], [106.10055, -6.34735], [106.09625, -6.3473], [106.09532, -6.34187], [106.09648, -6.34108], [106.09583, -6.33891], [106.0938, -6.33759], [106.0918, -6.33466], [106.09147, -6.33224], [106.08919, -6.33087], [106.0888, -6.33], [106.08319, -6.33162], [106.08171, -6.3311], [106.0815, -6.33007], [106.0808, -6.33034], [106.07804, -6.32921], [106.07345, -6.32932], [106.0726, -6.32714], [106.07281, -6.32491], [106.06948, -6.32017], [106.06857, -6.31787], [106.07478, -6.31505], [106.0731, -6.31215], [106.07075, -6.31102], [106.06649, -6.30666], [106.06637, -6.30488], [106.06387, -6.30023], [106.06337, -6.29086], [106.05985, -6.28662], [106.05941, -6.28408], [106.05668, -6.27974], [106.05545, -6.27601], [106.05124, -6.26989], [106.06047, -6.26679], [106.0637, -6.27237], [106.07151, -6.27982], [106.07486, -6.28424], [106.07864, -6.28596], [106.0865, -6.29184], [106.09082, -6.29327], [106.09271, -6.29504], [106.09235, -6.29639], [106.0904, -6.29754], [106.09089, -6.30213], [106.0924, -6.30272], [106.094, -6.3041], [106.09463, -6.30555], [106.09708, -6.30706], [106.0973, -6.30771], [106.09614, -6.30844], [106.09738, -6.31179], [106.10035, -6.31312], [106.10078, -6.31357], [106.10041, -6.31462], [106.1014, -6.31527], [106.1035, -6.31491], [106.10487, -6.317], [106.10902, -6.31652], [106.10988, -6.31727], [106.10895, -6.3189], [106.10886, -6.32322], [106.10794, -6.32548], [106.10652, -6.32649], [106.10572, -6.32829]]]}}, {"type": "Feature", "properties": {"domain_id": "360132", "name": "PULOSARI"}, "geometry": {"type": "Polygon", "coordinates": [[[105.97477, -6.34387], [105.97049, -6.34867], [105.96994, -6.35079], [105.96737, -6.35215], [105.96582, -6.35449], [105.96514, -6.35898], [105.96137, -6.35962], [105.96112, -6.36099], [105.95851, -6.3648], [105.95637, -6.36513], [105.95421, -6.36256], [105.95121, -6.36202], [105.94964, -6.36313], [105.94872, -6.36541], [105.94535, -6.36691], [105.9443, -6.36972], [105.9414, -6.36955], [105.94239, -6.36739], [105.9407, -6.36502], [105.94193, -6.36454], [105.93656, -6.3638], [105.93957, -6.35768], [105.93294, -6.35595], [105.93247, -6.35714], [105.9256, -6.35654], [105.91798, -6.35325], [105.91935, -6.35024], [105.91918, -6.34348], [105.91751, -6.34447], [105.91652, -6.34393], [105.91576, -6.34467], [105.91471, -6.34391], [105.91299, -6.34385], [105.91079, -6.34552], [105.90535, -6.34787], [105.9049, -6.34171], [105.9001, -6.34256], [105.89902, -6.33966], [105.89811, -6.33901], [105.89848, -6.33763], [105.90037, -6.33687], [105.90358, -6.33786], [105.90804, -6.33293], [105.90758, -6.33145], [105.90869, -6.32875], [105.90856, -6.32725], [105.9093, -6.32622], [105.91031, -6.32604], [105.91129, -6.32383], [105.90951, -6.32131], [105.91226, -6.31899], [105.91416, -6.31877], [105.91494, -6.31406], [105.91995, -6.30591], [105.92193, -6.30404], [105.92459, -6.30306], [105.9261, -6.29974], [105.92942, -6.29602], [105.93271, -6.29712], [105.93463, -6.29711], [105.93743, -6.29446], [105.94037, -6.29413], [105.94274, -6.29748], [105.94252, -6.29968], [105.94475, -6.30436], [105.95322, -6.3116], [105.95354, -6.31331], [105.95631, -6.31574], [105.95955, -6.32282], [105.95947, -6.32455], [105.96127, -6.32478], [105.96348, -6.32632], [105.96719, -6.33026], [105.97094, -6.33124], [105.9732, -6.33518], [105.97796, -6.33815], [105.97819, -6.34165], [105.97683, -6.34301], [105.97477, -6.34387]]]}}, {"type": "Feature", "properties": {"domain_id": "360130", "name": "MEKARJAYA"}, "geometry": {"type": "Polygon", "coordinates": [[[106.09894, -6.41602], [106.10039, -6.41629], [106.10033, -6.41798], [106.09953, -6.41875], [106.10133, -6.41985], [106.10153, -6.42227], [106.10247, -6.42262], [106.10152, -6.42348], [106.10113, -6.42602], [106.09892, -6.42448], [106.09366, -6.42453], [106.08905, -6.4232], [106.08831, -6.42152], [106.08608, -6.42003], [106.08441, -6.41613], [106.0826, -6.41547], [106.08196, -6.41371], [106.0815, -6.41476], [106.07935, -6.41398], [106.08009, -6.41316], [106.0785, -6.4115], [106.07738, -6.412], [106.07655, -6.41134], [106.07594, -6.41186], [106.07328, -6.41175], [106.07279, -6.41072], [106.07234, -6.41186], [106.07156, -6.41178], [106.06977, -6.40904], [106.06839, -6.40848], [106.06596, -6.40868], [106.06521, -6.4081], [106.06551, -6.40694], [106.06399, -6.40651], [106.06348, -6.40505], [106.05992, -6.40563], [106.05847, -6.405], [106.05716, -6.40642], [106.05544, -6.40667], [106.05606, -6.40982], [106.05573, -6.41442], [106.05276, -6.4137], [106.05001, -6.41202], [106.04708, -6.41289], [106.04572, -6.41183], [106.04285, -6.41134], [106.04075, -6.41669], [106.04048, -6.42095], [106.03984, -6.42207], [106.03929, -6.42276], [106.03804, -6.42281], [106.03483, -6.42191], [106.03203, -6.42003], [106.03121, -6.41765], [106.03139, -6.41565], [106.03053, -6.41411], [106.03147, -6.40812], [106.03083, -6.40578], [106.0309, -6.40244], [106.03195, -6.39803], [106.03182, -6.39408], [106.03325, -6.39193], [106.03451, -6.39167], [106.03481, -6.39227], [106.03584, -6.39234], [106.03602, -6.39188], [106.03892, -6.39458], [106.04062, -6.39536], [106.03984, -6.39428], [106.04159, -6.39145], [106.04102, -6.38947], [106.04242, -6.38777], [106.04241, -6.38641], [106.04347, -6.38632], [106.04416, -6.38482], [106.04514, -6.38013], [106.04582, -6.37964], [106.04609, -6.38019], [106.0488, -6.3801], [106.0498, -6.37949], [106.05352, -6.38049], [106.05807, -6.38015], [106.05788, -6.37861], [106.06017, -6.37859], [106.06003, -6.37731], [106.06104, -6.37671], [106.05902, -6.37208], [106.06408, -6.37181], [106.06515, -6.3704], [106.07201, -6.36952], [106.07332, -6.37011], [106.07468, -6.37196], [106.07487, -6.37381], [106.08022, -6.37369], [106.08205, -6.37627], [106.08223, -6.37774], [106.08419, -6.37861], [106.08555, -6.37794], [106.08861, -6.37861], [106.08928, -6.38161], [106.08892, -6.38256], [106.0904, -6.38432], [106.08978, -6.38752], [106.09045, -6.38994], [106.0891, -6.39173], [106.08911, -6.3928], [106.09089, -6.39296], [106.09052, -6.39375], [106.09175, -6.39465], [106.09259, -6.39374], [106.09397, -6.39372], [106.09442, -6.39471], [106.09811, -6.39745], [106.09603, -6.39883], [106.0982, -6.40164], [106.09771, -6.40361], [106.09866, -6.40311], [106.09923, -6.40422], [106.09763, -6.40413], [106.0982, -6.40618], [106.0971, -6.40669], [106.09814, -6.40773], [106.09933, -6.40743], [106.09916, -6.40934], [106.10052, -6.40819], [106.10027, -6.41006], [106.10128, -6.41112], [106.10053, -6.41252], [106.09904, -6.41147], [106.09772, -6.41161], [106.10016, -6.41384], [106.09894, -6.41602]]]}}, {"type": "Feature", "properties": {"domain_id": "360308", "name": "MAUK"}, "geometry": {"type": "Polygon", "coordinates": [[[106.51123, -6.09044], [106.50754, -6.09086], [106.50723, -6.09016], [106.50493, -6.09027], [106.50487, -6.08947], [106.5042, -6.08926], [106.50432, -6.08576], [106.50317, -6.0857], [106.50223, -6.08284], [106.49611, -6.08078], [106.48913, -6.08061], [106.48838, -6.07508], [106.48573, -6.07389], [106.48383, -6.07022], [106.48185, -6.05719], [106.48051, -6.05558], [106.48196, -6.04743], [106.48444, -6.04751], [106.48507, -6.04867], [106.48687, -6.04762], [106.49282, -6.04656], [106.49325, -6.04698], [106.49441, -6.04575], [106.49688, -6.04539], [106.49716, -6.04439], [106.50259, -6.04233], [106.50315, -6.04275], [106.50397, -6.04235], [106.50397, -6.04129], [106.50701, -6.03992], [106.50756, -6.03812], [106.50869, -6.03762], [106.50923, -6.03805], [106.50889, -6.03728], [106.5096, -6.03769], [106.50899, -6.03646], [106.51238, -6.03314], [106.51439, -6.03427], [106.51574, -6.03232], [106.51762, -6.03386], [106.51854, -6.03317], [106.51788, -6.03219], [106.51839, -6.03154], [106.51907, -6.03251], [106.51864, -6.03309], [106.52092, -6.03469], [106.527, -6.02982], [106.52401, -6.02898], [106.52439, -6.02757], [106.52758, -6.0235], [106.52841, -6.02075], [106.52797, -6.02024], [106.53031, -6.01491], [106.52978, -6.01459], [106.53286, -6.01234], [106.53348, -6.01117], [106.53518, -6.01046], [106.53613, -6.01133], [106.53667, -6.01098], [106.53757, -6.01087], [106.53669, -6.01108], [106.53707, -6.01268], [106.53982, -6.01496], [106.54089, -6.01467], [106.54233, -6.01761], [106.544, -6.01923], [106.54952, -6.02353], [106.55161, -6.02428], [106.5526, -6.02535], [106.55181, -6.0265], [106.55438, -6.02737], [106.55422, -6.02825], [106.5522, -6.02846], [106.55189, -6.02918], [106.55247, -6.0301], [106.55138, -6.03102], [106.54947, -6.03502], [106.54767, -6.03534], [106.54649, -6.03777], [106.54966, -6.03847], [106.54898, -6.04153], [106.54839, -6.04135], [106.54826, -6.04203], [106.54646, -6.0415], [106.54447, -6.05035], [106.54484, -6.05964], [106.54547, -6.06061], [106.5452, -6.06297], [106.54697, -6.06365], [106.54659, -6.06438], [106.54476, -6.06435], [106.54401, -6.0678], [106.54313, -6.06774], [106.54229, -6.073], [106.54449, -6.07618], [106.54782, -6.07723], [106.54499, -6.08334], [106.54408, -6.08394], [106.54576, -6.08714], [106.54487, -6.09151], [106.54783, -6.09222], [106.54807, -6.0929], [106.54884, -6.09251], [106.5482, -6.09396], [106.54947, -6.09501], [106.54946, -6.09698], [106.54454, -6.10441], [106.54416, -6.10607], [106.54261, -6.10405], [106.54155, -6.10404], [106.54008, -6.10284], [106.54102, -6.10182], [106.54164, -6.09604], [106.54076, -6.09433], [106.53672, -6.09185], [106.53695, -6.08968], [106.53609, -6.08824], [106.53646, -6.08702], [106.53509, -6.08657], [106.53484, -6.08586], [106.53256, -6.08657], [106.53094, -6.08586], [106.53054, -6.08773], [106.5261, -6.08674], [106.51758, -6.0872], [106.51792, -6.08946], [106.51123, -6.09044]]]}}, {"type": "Feature", "properties": {"domain_id": "360328", "name": "KELAPA DUA"}, "geometry": {"type": "Polygon", "coordinates": [[[106.60957, -6.24937], [106.60544, -6.26117], [106.59775, -6.27461], [106.59355, -6.27354], [106.58647, -6.27345], [106.58518, -6.27208], [106.58546, -6.26956], [106.58409, -6.26924], [106.58295, -6.26778], [106.5832, -6.26642], [106.58505, -6.26493], [106.58515, -6.26319], [106.58653, -6.26164], [106.58624, -6.25871], [106.58562, -6.25827], [106.58632, -6.25523], [106.58577, -6.25375], [106.58849, -6.25175], [106.58972, -6.24947], [106.58928, -6.24781], [106.58827, -6.24812], [106.58609, -6.24661], [106.58605, -6.24379], [106.58889, -6.24207], [106.58871, -6.23874], [106.59054, -6.23795], [106.59023, -6.23657], [106.59081, -6.23518], [106.59189, -6.23493], [106.59186, -6.23346], [106.5941, -6.23045], [106.59587, -6.22946], [106.59606, -6.22627], [106.59458, -6.22442], [106.59382, -6.22433], [106.59343, -6.22286], [106.59378, -6.22215], [106.59493, -6.22209], [106.59291, -6.21914], [106.59475, -6.21458], [106.59373, -6.21355], [106.59472, -6.21088], [106.59461, -6.20831], [106.59561, -6.20733], [106.5957, -6.20588], [106.59655, -6.20585], [106.59707, -6.20715], [106.6, -6.20719], [106.6011, -6.20554], [106.6048, -6.20842], [106.60251, -6.21304], [106.60511, -6.21357], [106.60575, -6.21475], [106.6093, -6.2148], [106.61253, -6.2159], [106.60929, -6.22013], [106.61385, -6.22025], [106.61373, -6.22351], [106.61077, -6.225], [106.61163, -6.22715], [106.61387, -6.22692], [106.61522, -6.22514], [106.6176, -6.22495], [106.61879, -6.22755], [106.62557, -6.22726], [106.62803, -6.22854], [106.62927, -6.22631], [106.63044, -6.22551], [106.63868, -6.23024], [106.6392, -6.23184], [106.63669, -6.23688], [106.64436, -6.24262], [106.64388, -6.24726], [106.64295, -6.2477], [106.64006, -6.24747], [106.63647, -6.24543], [106.63437, -6.2452], [106.63275, -6.24387], [106.63155, -6.24553], [106.63133, -6.24754], [106.62927, -6.24735], [106.62893, -6.25149], [106.63099, -6.25228], [106.62998, -6.25573], [106.63118, -6.25626], [106.63103, -6.25805], [106.63204, -6.25917], [106.6319, -6.26249], [106.62557, -6.26359], [106.62319, -6.26303], [106.62119, -6.26358], [106.61913, -6.26286], [106.61853, -6.26466], [106.61724, -6.26226], [106.6142, -6.26132], [106.61435, -6.2583], [106.61558, -6.25403], [106.61358, -6.25297], [106.61162, -6.24966], [106.60983, -6.24863], [106.60957, -6.24937]]]}}, {"type": "Feature", "properties": {"domain_id": "360322", "name": "PAGEDANGAN"}, "geometry": {"type": "Polygon", "coordinates": [[[106.59006, -6.344], [106.59007, -6.34516], [106.58734, -6.34831], [106.58733, -6.34739], [106.58582, -6.34736], [106.58481, -6.34638], [106.58242, -6.34584], [106.58293, -6.34465], [106.57988, -6.34158], [106.57754, -6.34033], [106.5773, -6.33857], [106.57634, -6.33849], [106.57641, -6.34124], [106.57415, -6.34184], [106.57456, -6.34029], [106.57524, -6.34014], [106.57456, -6.33951], [106.5747, -6.33326], [106.58112, -6.31955], [106.58527, -6.31845], [106.59053, -6.31909], [106.59072, -6.31422], [106.59193, -6.31355], [106.59116, -6.31269], [106.5891, -6.31238], [106.59004, -6.31029], [106.5897, -6.30773], [106.58784, -6.3063], [106.58744, -6.30494], [106.58873, -6.30339], [106.59062, -6.30388], [106.59626, -6.30175], [106.59955, -6.30138], [106.60051, -6.29991], [106.60165, -6.30039], [106.60249, -6.29983], [106.60278, -6.29784], [106.60121, -6.29706], [106.60059, -6.29376], [106.60071, -6.28961], [106.60127, -6.28861], [106.59961, -6.28923], [106.5978, -6.28897], [106.59778, -6.28795], [106.59711, -6.28752], [106.59802, -6.28731], [106.59777, -6.28559], [106.59454, -6.28401], [106.59666, -6.2768], [106.60544, -6.26117], [106.60983, -6.24863], [106.61162, -6.24966], [106.61358, -6.25297], [106.61558, -6.25403], [106.61435, -6.2583], [106.6142, -6.26132], [106.61724, -6.26226], [106.61853, -6.26466], [106.61913, -6.26286], [106.62119, -6.26358], [106.62319, -6.26303], [106.62557, -6.26359], [106.63203, -6.26246], [106.63204, -6.25917], [106.63103, -6.25805], [106.63118, -6.25626], [106.62998, -6.25573], [106.63099, -6.25228], [106.62893, -6.25149], [106.62883, -6.25072], [106.62927, -6.24735], [106.63133, -6.24754], [106.63155, -6.24553], [106.63275, -6.24387], [106.63437, -6.2452], [106.63647, -6.24543], [106.64006, -6.24747], [106.64388, -6.24726], [106.64678, -6.2576], [106.64888, -6.26019], [106.64773, -6.26634], [106.65198, -6.2696], [106.65126, -6.27198], [106.64981, -6.27383], [106.6463, -6.27535], [106.64622, -6.27828], [106.64756, -6.2813], [106.64929, -6.2834], [106.65534, -6.28599], [106.65669, -6.28727], [106.65768, -6.29161], [106.6567, -6.29266], [106.65455, -6.29325], [106.6466, -6.29113], [106.64591, -6.29505], [106.64668, -6.29509], [106.64634, -6.29697], [106.64502, -6.29674], [106.6446, -6.29733], [106.64451, -6.29849], [106.64539, -6.2986], [106.64564, -6.30311], [106.64501, -6.30538], [106.64478, -6.31262], [106.64188, -6.3189], [106.64199, -6.32083], [106.64076, -6.32262], [106.63725, -6.32196], [106.63611, -6.32295], [106.63103, -6.32356], [106.6277, -6.3267], [106.61965, -6.32622], [106.61613, -6.32712], [106.6117, -6.32683], [106.61127, -6.33031], [106.60997, -6.33357], [106.6097, -6.34032], [106.60325, -6.34141], [106.60296, -6.3425], [106.60115, -6.34267], [106.59489, -6.34116], [106.59386, -6.34168], [106.59069, -6.34159], [106.59009, -6.34205], [106.59006, -6.344]]]}}, {"type": "Feature", "properties": {"domain_id": "367306", "name": "TAKTAKAN"}, "geometry": {"type": "Polygon", "coordinates": [[[106.07579, -6.18293], [106.07506, -6.18209], [106.07526, -6.18077], [106.07375, -6.17978], [106.07221, -6.17691], [106.07083, -6.17613], [106.06981, -6.1764], [106.06859, -6.17542], [106.06717, -6.17677], [106.06597, -6.17492], [106.06682, -6.17211], [106.06652, -6.1705], [106.06759, -6.16873], [106.06657, -6.16486], [106.07037, -6.16051], [106.07022, -6.15965], [106.07102, -6.15899], [106.07122, -6.15713], [106.07334, -6.15225], [106.07603, -6.1507], [106.07617, -6.15007], [106.07518, -6.14737], [106.07391, -6.13941], [106.07271, -6.13756], [106.07008, -6.13553], [106.06922, -6.13342], [106.07014, -6.13176], [106.0694, -6.13081], [106.07142, -6.12634], [106.07375, -6.12469], [106.07435, -6.12173], [106.07734, -6.1192], [106.07821, -6.12072], [106.08298, -6.11902], [106.08277, -6.11779], [106.0861, -6.1184], [106.08856, -6.11719], [106.08979, -6.11324], [106.09179, -6.11053], [106.09337, -6.10919], [106.09524, -6.10864], [106.09521, -6.10655], [106.09854, -6.10234], [106.09809, -6.10132], [106.09861, -6.0988], [106.10005, -6.09766], [106.09998, -6.09647], [106.10181, -6.09523], [106.10222, -6.09365], [106.10413, -6.09255], [106.10593, -6.08944], [106.10822, -6.08794], [106.10959, -6.0879], [106.11007, -6.08575], [106.113, -6.08504], [106.11368, -6.08433], [106.11487, -6.08488], [106.11586, -6.08417], [106.11619, -6.08288], [106.11767, -6.083], [106.11787, -6.0822], [106.11862, -6.08317], [106.11981, -6.0832], [106.12065, -6.08153], [106.12183, -6.08147], [106.12221, -6.07881], [106.12347, -6.07934], [106.12435, -6.07841], [106.12576, -6.07912], [106.12713, -6.07673], [106.12896, -6.07718], [106.13011, -6.0762], [106.13146, -6.07695], [106.13424, -6.07408], [106.13475, -6.07392], [106.13507, -6.07468], [106.13636, -6.07361], [106.13722, -6.07387], [106.13869, -6.07504], [106.13807, -6.07585], [106.13864, -6.07751], [106.13838, -6.07925], [106.13585, -6.08431], [106.13939, -6.08645], [106.14725, -6.08912], [106.14902, -6.09353], [106.14778, -6.09425], [106.14812, -6.0953], [106.14601, -6.09669], [106.14485, -6.09987], [106.1448, -6.10374], [106.14378, -6.10697], [106.14297, -6.10796], [106.14189, -6.1077], [106.14182, -6.10857], [106.13983, -6.10938], [106.13982, -6.1106], [106.13831, -6.11237], [106.13916, -6.1129], [106.13755, -6.11442], [106.13853, -6.1147], [106.13785, -6.11651], [106.13737, -6.11646], [106.13628, -6.11917], [106.13351, -6.12126], [106.13311, -6.1223], [106.13337, -6.1237], [106.13682, -6.12957], [106.13833, -6.12979], [106.13931, -6.12916], [106.14185, -6.12997], [106.14125, -6.13251], [106.14227, -6.13631], [106.13708, -6.14315], [106.13451, -6.14529], [106.13164, -6.14954], [106.12954, -6.15006], [106.12685, -6.14911], [106.12459, -6.14954], [106.12323, -6.15033], [106.1217, -6.1536], [106.12003, -6.15535], [106.11785, -6.16063], [106.1197, -6.16618], [106.12111, -6.16817], [106.11965, -6.17148], [106.12068, -6.17308], [106.12029, -6.1774], [106.11869, -6.17786], [106.11542, -6.1765], [106.11465, -6.17792], [106.11475, -6.18107], [106.11198, -6.1814], [106.11137, -6.18198], [106.10945, -6.18155], [106.1069, -6.17948], [106.10269, -6.17347], [106.09568, -6.17529], [106.09421, -6.17413], [106.09121, -6.17485], [106.08856, -6.17408], [106.08764, -6.17318], [106.08586, -6.17384], [106.07579, -6.18293]]]}}, {"type": "Feature", "properties": {"domain_id": "360315", "name": "PAKUHAJI"}, "geometry": {"type": "Polygon", "coordinates": [[[106.6014, -6.09946], [106.59906, -6.10223], [106.59406, -6.10537], [106.59445, -6.10445], [106.59114, -6.10307], [106.59266, -6.09952], [106.5926, -6.09745], [106.59492, -6.09496], [106.59357, -6.09451], [106.59434, -6.09089], [106.59262, -6.09061], [106.59291, -6.08864], [106.59183, -6.08885], [106.58945, -6.08669], [106.58752, -6.08768], [106.583, -6.087], [106.58275, -6.08629], [106.5815, -6.08693], [106.5808, -6.08596], [106.58153, -6.08328], [106.5797, -6.08291], [106.57961, -6.08372], [106.57792, -6.08339], [106.57755, -6.08274], [106.57881, -6.07786], [106.57833, -6.07774], [106.57793, -6.07567], [106.57447, -6.07441], [106.57428, -6.06686], [106.57539, -6.06072], [106.57753, -6.06067], [106.57827, -6.05847], [106.57643, -6.05529], [106.5762, -6.05407], [106.57694, -6.05311], [106.57141, -6.05298], [106.56769, -6.04824], [106.56764, -6.04577], [106.56915, -6.04594], [106.57044, -6.04494], [106.57114, -6.04527], [106.57262, -6.04051], [106.57092, -6.04034], [106.56673, -6.03826], [106.56755, -6.03489], [106.5689, -6.03303], [106.56959, -6.03064], [106.57596, -6.03204], [106.57746, -6.03096], [106.57778, -6.03159], [106.58668, -6.03249], [106.59152, -6.03068], [106.59227, -6.03096], [106.59322, -6.02966], [106.59494, -6.02952], [106.59562, -6.02841], [106.6014, -6.02733], [106.60185, -6.02608], [106.60314, -6.02626], [106.60353, -6.0255], [106.60589, -6.02501], [106.60706, -6.02546], [106.60995, -6.02462], [106.61816, -6.02054], [106.62276, -6.01612], [106.6259, -6.01194], [106.62713, -6.01132], [106.62831, -6.01374], [106.62786, -6.01432], [106.629, -6.01496], [106.62913, -6.01623], [106.63201, -6.01652], [106.63158, -6.01882], [106.63198, -6.02052], [106.63413, -6.02322], [106.63298, -6.02744], [106.63281, -6.03162], [106.63118, -6.03529], [106.6297, -6.03514], [106.62919, -6.03578], [106.63085, -6.03669], [106.63193, -6.04005], [106.63198, -6.04208], [106.63081, -6.04473], [106.63127, -6.04658], [106.63461, -6.04992], [106.63377, -6.05197], [106.63446, -6.05428], [106.63268, -6.05687], [106.6332, -6.063], [106.63256, -6.06555], [106.63481, -6.07056], [106.63645, -6.07906], [106.63832, -6.08322], [106.63793, -6.0865], [106.63446, -6.088], [106.63479, -6.08948], [106.63648, -6.09088], [106.63634, -6.09437], [106.6334, -6.09723], [106.634, -6.09941], [106.63218, -6.09947], [106.63227, -6.10104], [106.62362, -6.10116], [106.62361, -6.09759], [106.6189, -6.09733], [106.61845, -6.09666], [106.61765, -6.09692], [106.61703, -6.09826], [106.61433, -6.09852], [106.61389, -6.09965], [106.61163, -6.09768], [106.60821, -6.09841], [106.60266, -6.09769], [106.6014, -6.09946]]]}}, {"type": "Feature", "properties": {"domain_id": "360120", "name": "BANJAR"}, "geometry": {"type": "Polygon", "coordinates": [[[106.09816, -6.40155], [106.09602, -6.39898], [106.09811, -6.39745], [106.09699, -6.39692], [106.09607, -6.39545], [106.09442, -6.39471], [106.09397, -6.39372], [106.09259, -6.39374], [106.09175, -6.39465], [106.09052, -6.39375], [106.09089, -6.39296], [106.08908, -6.39274], [106.0891, -6.39173], [106.09045, -6.38994], [106.08978, -6.38752], [106.0904, -6.38432], [106.08892, -6.38256], [106.08928, -6.38161], [106.08861, -6.37861], [106.08571, -6.37794], [106.08419, -6.37861], [106.08223, -6.37774], [106.08205, -6.37627], [106.08022, -6.37369], [106.07487, -6.37381], [106.07468, -6.37196], [106.07176, -6.36914], [106.07148, -6.36788], [106.07203, -6.36653], [106.07158, -6.366], [106.07191, -6.36515], [106.07106, -6.36415], [106.07121, -6.36101], [106.07301, -6.36081], [106.07442, -6.36285], [106.07579, -6.36315], [106.07686, -6.36577], [106.0783, -6.36637], [106.07794, -6.36507], [106.07945, -6.36152], [106.07863, -6.36043], [106.07861, -6.35909], [106.0781, -6.3591], [106.08777, -6.35427], [106.08732, -6.35077], [106.08536, -6.34646], [106.08613, -6.34666], [106.08744, -6.34585], [106.08926, -6.34671], [106.08956, -6.34537], [106.09532, -6.34187], [106.09625, -6.3473], [106.10077, -6.34732], [106.10628, -6.33932], [106.11135, -6.34169], [106.11059, -6.34304], [106.11081, -6.34427], [106.11471, -6.345], [106.1151, -6.35211], [106.11438, -6.35357], [106.11617, -6.3537], [106.11551, -6.35475], [106.11683, -6.35715], [106.11798, -6.35686], [106.12013, -6.35831], [106.12382, -6.35656], [106.126, -6.36315], [106.12556, -6.36925], [106.12681, -6.37125], [106.12899, -6.37175], [106.13154, -6.37746], [106.12958, -6.38025], [106.12661, -6.38227], [106.12584, -6.38452], [106.12691, -6.38483], [106.1275, -6.38671], [106.1185, -6.39267], [106.11521, -6.39331], [106.11561, -6.39474], [106.11299, -6.39996], [106.11674, -6.4076], [106.11383, -6.41022], [106.11167, -6.41097], [106.1121, -6.41233], [106.11382, -6.41351], [106.11807, -6.42046], [106.11577, -6.42246], [106.11305, -6.42262], [106.11206, -6.42356], [106.11127, -6.42643], [106.11214, -6.42671], [106.10902, -6.42727], [106.10876, -6.42542], [106.10737, -6.42515], [106.10841, -6.42242], [106.1079, -6.42231], [106.10638, -6.42405], [106.10629, -6.42205], [106.10549, -6.42177], [106.1037, -6.42376], [106.10375, -6.42239], [106.10165, -6.42245], [106.10133, -6.41985], [106.09953, -6.41875], [106.10033, -6.41798], [106.10039, -6.41629], [106.09885, -6.41582], [106.10016, -6.41384], [106.09768, -6.41171], [106.09882, -6.4114], [106.10053, -6.41252], [106.10128, -6.41112], [106.10027, -6.41006], [106.10052, -6.40819], [106.09916, -6.40934], [106.09933, -6.40743], [106.09814, -6.40773], [106.0971, -6.40669], [106.0982, -6.40618], [106.09763, -6.40413], [106.09923, -6.40422], [106.09866, -6.40311], [106.09766, -6.40352], [106.09816, -6.40155]]]}}, {"type": "Feature", "properties": {"domain_id": "360118", "name": "CIMANUK"}, "geometry": {"type": "Polygon", "coordinates": [[[106.0458, -6.37969], [106.04506, -6.38028], [106.04347, -6.38632], [106.04241, -6.38641], [106.04242, -6.38777], [106.04102, -6.38947], [106.04159, -6.39145], [106.03984, -6.39428], [106.04062, -6.39536], [106.03892, -6.39458], [106.03632, -6.39198], [106.03325, -6.39193], [106.03239, -6.39304], [106.02934, -6.3914], [106.02837, -6.38948], [106.03052, -6.38856], [106.02977, -6.38714], [106.03089, -6.38497], [106.02982, -6.3829], [106.03057, -6.38179], [106.03077, -6.376], [106.03182, -6.37624], [106.03324, -6.37241], [106.03292, -6.37031], [106.03047, -6.3684], [106.03112, -6.36597], [106.02937, -6.36445], [106.02939, -6.36271], [106.02804, -6.36244], [106.02863, -6.36005], [106.02695, -6.35859], [106.02753, -6.35587], [106.02656, -6.35032], [106.02702, -6.34841], [106.02384, -6.34316], [106.02331, -6.34082], [106.02197, -6.34014], [106.02227, -6.33679], [106.0179, -6.33219], [106.0174, -6.32965], [106.01546, -6.32832], [106.01424, -6.32462], [106.01447, -6.32263], [106.01319, -6.32079], [106.01087, -6.31978], [106.01058, -6.31668], [106.0089, -6.31632], [106.00778, -6.31534], [106.0103, -6.31592], [106.01358, -6.31799], [106.01915, -6.32017], [106.01971, -6.31755], [106.02117, -6.31575], [106.02136, -6.31897], [106.02531, -6.32024], [106.04, -6.32288], [106.04695, -6.32265], [106.04716, -6.33276], [106.05182, -6.33285], [106.05194, -6.3333], [106.05201, -6.33444], [106.0498, -6.33761], [106.05127, -6.3474], [106.05271, -6.34862], [106.05493, -6.34824], [106.05517, -6.34866], [106.05588, -6.34842], [106.05582, -6.3477], [106.05752, -6.34738], [106.05957, -6.34901], [106.05997, -6.35113], [106.06114, -6.35083], [106.0639, -6.35469], [106.0651, -6.35572], [106.06741, -6.35627], [106.06812, -6.35745], [106.06915, -6.35737], [106.06891, -6.35828], [106.07149, -6.36157], [106.07106, -6.36415], [106.07191, -6.36515], [106.07148, -6.36806], [106.07201, -6.36952], [106.06515, -6.3704], [106.06408, -6.37181], [106.05902, -6.37208], [106.06104, -6.37671], [106.06003, -6.37731], [106.06017, -6.37859], [106.05788, -6.37861], [106.05807, -6.38015], [106.05352, -6.38049], [106.0498, -6.37949], [106.04809, -6.38018], [106.04609, -6.38019], [106.0458, -6.37969]]]}}, {"type": "Feature", "properties": {"domain_id": "367304", "name": "CURUG"}, "geometry": {"type": "Polygon", "coordinates": [[[106.17789, -6.21585], [106.17714, -6.21858], [106.17591, -6.21829], [106.17537, -6.21887], [106.17411, -6.21767], [106.1723, -6.21762], [106.17085, -6.21474], [106.16992, -6.21414], [106.16858, -6.21431], [106.166, -6.21657], [106.15904, -6.21521], [106.15713, -6.21346], [106.15788, -6.20809], [106.15707, -6.2074], [106.1537, -6.20774], [106.15189, -6.20667], [106.15047, -6.20808], [106.15051, -6.20967], [106.14634, -6.20873], [106.1428, -6.20977], [106.13804, -6.20929], [106.1374, -6.20669], [106.13488, -6.202], [106.13568, -6.19833], [106.13488, -6.1924], [106.13572, -6.19173], [106.14176, -6.19177], [106.14381, -6.18712], [106.14205, -6.1877], [106.1408, -6.18637], [106.14058, -6.18522], [106.1414, -6.18383], [106.14317, -6.18212], [106.14467, -6.1822], [106.14966, -6.18049], [106.15161, -6.17858], [106.15215, -6.17629], [106.1506, -6.17348], [106.1508, -6.17072], [106.15007, -6.16981], [106.1515, -6.17014], [106.1521, -6.16917], [106.15429, -6.16815], [106.15863, -6.16878], [106.1597, -6.16769], [106.16128, -6.16733], [106.1613, -6.16455], [106.16335, -6.16098], [106.16355, -6.15919], [106.1654, -6.1572], [106.1653, -6.15399], [106.16653, -6.15082], [106.16813, -6.15035], [106.16824, -6.14918], [106.1715, -6.1485], [106.17258, -6.14893], [106.17279, -6.14742], [106.17538, -6.14688], [106.17624, -6.14546], [106.17907, -6.1545], [106.17971, -6.16634], [106.18118, -6.17065], [106.18309, -6.16957], [106.18753, -6.17007], [106.19095, -6.16822], [106.19251, -6.16332], [106.19462, -6.16097], [106.19407, -6.15964], [106.19553, -6.15873], [106.19609, -6.15915], [106.19734, -6.15865], [106.20138, -6.15558], [106.20074, -6.15869], [106.20137, -6.15975], [106.20154, -6.16644], [106.20606, -6.17212], [106.20645, -6.17552], [106.20812, -6.17775], [106.20809, -6.18125], [106.20895, -6.18142], [106.20794, -6.19658], [106.20562, -6.19749], [106.20494, -6.19705], [106.20461, -6.19766], [106.20265, -6.19816], [106.20052, -6.19811], [106.19866, -6.19967], [106.19701, -6.20428], [106.19475, -6.20608], [106.19329, -6.20872], [106.19505, -6.21504], [106.19226, -6.21798], [106.18845, -6.21679], [106.18779, -6.21748], [106.18166, -6.21666], [106.18048, -6.21618], [106.18049, -6.21544], [106.17789, -6.21585]]]}}, {"type": "Feature", "properties": {"domain_id": "367301", "name": "SERANG"}, "geometry": {"type": "Polygon", "coordinates": [[[106.17223, -6.13031], [106.17144, -6.13173], [106.16973, -6.1322], [106.16746, -6.1318], [106.16579, -6.1337], [106.16391, -6.13428], [106.16357, -6.13545], [106.16062, -6.13723], [106.15952, -6.13887], [106.15421, -6.13745], [106.15419, -6.13676], [106.15345, -6.13645], [106.15278, -6.13717], [106.14474, -6.13529], [106.14402, -6.13633], [106.14263, -6.13668], [106.14125, -6.13251], [106.14185, -6.12997], [106.13931, -6.12916], [106.13833, -6.12979], [106.13682, -6.12957], [106.13337, -6.1237], [106.13318, -6.12194], [106.13628, -6.11917], [106.13737, -6.11646], [106.13785, -6.11651], [106.13853, -6.1147], [106.13755, -6.11442], [106.13916, -6.1129], [106.13831, -6.11237], [106.13982, -6.1106], [106.13983, -6.10938], [106.14182, -6.10857], [106.14189, -6.1077], [106.14297, -6.10796], [106.14378, -6.10697], [106.1448, -6.10374], [106.14485, -6.09987], [106.14601, -6.09669], [106.14819, -6.09522], [106.14778, -6.09425], [106.14888, -6.09395], [106.14893, -6.09284], [106.15032, -6.09264], [106.15042, -6.09139], [106.15282, -6.08992], [106.15167, -6.08923], [106.15182, -6.0887], [106.15318, -6.0889], [106.15461, -6.08719], [106.15644, -6.08704], [106.16168, -6.089], [106.17857, -6.09123], [106.18332, -6.08339], [106.18552, -6.08663], [106.18558, -6.08788], [106.18344, -6.0928], [106.18485, -6.09403], [106.18631, -6.09429], [106.19142, -6.09421], [106.19841, -6.09778], [106.19872, -6.10103], [106.19938, -6.10206], [106.19911, -6.1064], [106.19842, -6.10767], [106.19318, -6.10858], [106.19164, -6.11099], [106.18747, -6.11347], [106.18405, -6.11335], [106.18355, -6.11279], [106.18413, -6.11411], [106.18365, -6.11536], [106.17967, -6.11499], [106.17783, -6.1204], [106.1848, -6.12049], [106.18857, -6.12159], [106.1872, -6.12354], [106.18822, -6.12547], [106.18665, -6.12843], [106.18486, -6.12813], [106.18421, -6.1289], [106.18084, -6.12976], [106.17962, -6.13184], [106.17223, -6.13031]]]}}, {"type": "Feature", "properties": {"domain_id": "360133", "name": "KORONCONG"}, "geometry": {"type": "Polygon", "coordinates": [[[106.15532, -6.31899], [106.15109, -6.32516], [106.14887, -6.3253], [106.14823, -6.32415], [106.14073, -6.32659], [106.1359, -6.32541], [106.13025, -6.32668], [106.12876, -6.32498], [106.12815, -6.3239], [106.12791, -6.31996], [106.12851, -6.31721], [106.12804, -6.31403], [106.12558, -6.30532], [106.12844, -6.30723], [106.13224, -6.30823], [106.13859, -6.30815], [106.14017, -6.3057], [106.14325, -6.30461], [106.1476, -6.30192], [106.14888, -6.30047], [106.15469, -6.30076], [106.15417, -6.29927], [106.15441, -6.29669], [106.15296, -6.29652], [106.15218, -6.29576], [106.15106, -6.29285], [106.15116, -6.29104], [106.15171, -6.28918], [106.15457, -6.28862], [106.15801, -6.287], [106.15649, -6.28702], [106.15547, -6.28536], [106.15431, -6.28567], [106.15273, -6.28338], [106.1511, -6.283], [106.15031, -6.28558], [106.14691, -6.28727], [106.144, -6.28771], [106.13931, -6.28652], [106.1381, -6.28741], [106.13369, -6.28673], [106.13187, -6.28731], [106.12546, -6.28502], [106.12268, -6.28473], [106.12354, -6.28019], [106.12724, -6.28103], [106.13046, -6.27939], [106.1314, -6.27642], [106.13248, -6.27601], [106.13469, -6.27702], [106.13526, -6.27664], [106.13595, -6.27248], [106.14021, -6.27335], [106.14026, -6.27028], [106.14183, -6.26774], [106.14468, -6.26886], [106.14688, -6.27316], [106.14884, -6.27299], [106.14932, -6.27508], [106.15104, -6.27541], [106.15571, -6.26985], [106.15845, -6.26942], [106.159, -6.26659], [106.16117, -6.26545], [106.16378, -6.26241], [106.16497, -6.2589], [106.16313, -6.25675], [106.16298, -6.25183], [106.16763, -6.25172], [106.16982, -6.25045], [106.17308, -6.25103], [106.17416, -6.25064], [106.17474, -6.25327], [106.17848, -6.25377], [106.18024, -6.25737], [106.17881, -6.25843], [106.17871, -6.25983], [106.17944, -6.2609], [106.17983, -6.26429], [106.17977, -6.2714], [106.17916, -6.27197], [106.17521, -6.27209], [106.1761, -6.27475], [106.17582, -6.28066], [106.17312, -6.28389], [106.17231, -6.29076], [106.17182, -6.29133], [106.17013, -6.29074], [106.16944, -6.2957], [106.16667, -6.29598], [106.16133, -6.29467], [106.16078, -6.29647], [106.15738, -6.29674], [106.1575, -6.29766], [106.15644, -6.29814], [106.15721, -6.30016], [106.15911, -6.30193], [106.15659, -6.30916], [106.1581, -6.31329], [106.15624, -6.31464], [106.1566, -6.31788], [106.15532, -6.31899]]]}}, {"type": "Feature", "properties": {"domain_id": "360123", "name": "CISATA"}, "geometry": {"type": "Polygon", "coordinates": [[[105.90437, -6.44716], [105.90308, -6.44719], [105.90281, -6.44863], [105.90182, -6.4487], [105.90242, -6.44991], [105.90213, -6.45072], [105.89934, -6.45318], [105.89855, -6.45182], [105.89732, -6.45173], [105.89747, -6.4507], [105.89581, -6.45082], [105.89569, -6.44911], [105.88608, -6.44862], [105.88518, -6.4476], [105.88514, -6.44518], [105.88686, -6.44716], [105.88855, -6.44616], [105.88775, -6.44751], [105.88878, -6.44838], [105.89105, -6.44655], [105.88972, -6.44614], [105.88994, -6.44512], [105.88916, -6.44426], [105.89036, -6.444], [105.88963, -6.44288], [105.89005, -6.44202], [105.88966, -6.43923], [105.89191, -6.43817], [105.89106, -6.43714], [105.8918, -6.43607], [105.89136, -6.43526], [105.89179, -6.43326], [105.89273, -6.43293], [105.89338, -6.43155], [105.89287, -6.42514], [105.89533, -6.42397], [105.89577, -6.42232], [105.89727, -6.42168], [105.89735, -6.42085], [105.90285, -6.41934], [105.9031, -6.41714], [105.90542, -6.41561], [105.90657, -6.41071], [105.90742, -6.40985], [105.90888, -6.41018], [105.90946, -6.4076], [105.91052, -6.40865], [105.91185, -6.40822], [105.91213, -6.40926], [105.91207, -6.40772], [105.9126, -6.40744], [105.91242, -6.40929], [105.91392, -6.40994], [105.91472, -6.4094], [105.91539, -6.40624], [105.91701, -6.40669], [105.91841, -6.40556], [105.92023, -6.40517], [105.92473, -6.41122], [105.92611, -6.41018], [105.92577, -6.40919], [105.92745, -6.4092], [105.92712, -6.40779], [105.92787, -6.40768], [105.92867, -6.40848], [105.93043, -6.40618], [105.93281, -6.4055], [105.93439, -6.40381], [105.93637, -6.4047], [105.93727, -6.40405], [105.9373, -6.40287], [105.93891, -6.40263], [105.93935, -6.40194], [105.93903, -6.40043], [105.94064, -6.39848], [105.93892, -6.39762], [105.93907, -6.39629], [105.93767, -6.39458], [105.93853, -6.39349], [105.93996, -6.39365], [105.94009, -6.39305], [105.94134, -6.39408], [105.94214, -6.39289], [105.94378, -6.39308], [105.94349, -6.3919], [105.94505, -6.3919], [105.94397, -6.38911], [105.94524, -6.3881], [105.94543, -6.38646], [105.94664, -6.38538], [105.94595, -6.38298], [105.9467, -6.38105], [105.94655, -6.37805], [105.9456, -6.37661], [105.94564, -6.37327], [105.94493, -6.3726], [105.94565, -6.3704], [105.9443, -6.36972], [105.9452, -6.36713], [105.94711, -6.36574], [105.94872, -6.36541], [105.94964, -6.36313], [105.95121, -6.36202], [105.95421, -6.36256], [105.95637, -6.36513], [105.95851, -6.3648], [105.96112, -6.36099], [105.96137, -6.35962], [105.96514, -6.35898], [105.96568, -6.35482], [105.96737, -6.35215], [105.9698, -6.35095], [105.97071, -6.3484], [105.97507, -6.34357], [105.97683, -6.34301], [105.97632, -6.34474], [105.97678, -6.34909], [105.97616, -6.35211], [105.97522, -6.35336], [105.97558, -6.3558], [105.97473, -6.35748], [105.97512, -6.35982], [105.97021, -6.36705], [105.97167, -6.36857], [105.97113, -6.37159], [105.97186, -6.3738], [105.97047, -6.375], [105.97042, -6.37655], [105.97363, -6.37927], [105.97419, -6.38042], [105.97305, -6.38224], [105.97016, -6.38062], [105.96818, -6.38136], [105.96602, -6.37926], [105.96389, -6.37899], [105.96283, -6.38013], [105.9619, -6.38309], [105.95925, -6.38362], [105.95774, -6.38481], [105.95742, -6.38633], [105.956, -6.38739], [105.95431, -6.39012], [105.95514, -6.39347], [105.95436, -6.39588], [105.9533, -6.39556], [105.95254, -6.39618], [105.95449, -6.39899], [105.95421, -6.39975], [105.95527, -6.40067], [105.95316, -6.40091], [105.95316, -6.40306], [105.95061, -6.40245], [105.9478, -6.40263], [105.94773, -6.40936], [105.94845, -6.41096], [105.94691, -6.41263], [105.94456, -6.413], [105.94589, -6.41531], [105.94771, -6.41665], [105.94758, -6.41966], [105.95609, -6.4207], [105.95656, -6.42125], [105.95651, -6.42253], [105.95493, -6.42302], [105.95521, -6.42479], [105.95412, -6.4251], [105.95455, -6.42617], [105.9537, -6.42657], [105.953, -6.42565], [105.9522, -6.42908], [105.94742, -6.43101], [105.94605, -6.43242], [105.94481, -6.42657], [105.94543, -6.42507], [105.94543, -6.4201], [105.94277, -6.4177], [105.93898, -6.41802], [105.93889, -6.41944], [105.93725, -6.42044], [105.93654, -6.4219], [105.9293, -6.42398], [105.92869, -6.42719], [105.92661, -6.42982], [105.92531, -6.43473], [105.92542, -6.43639], [105.92431, -6.43619], [105.9241, -6.43688], [105.92229, -6.43654], [105.92158, -6.43869], [105.92112, -6.4386], [105.92128, -6.44104], [105.91997, -6.44124], [105.91961, -6.44281], [105.91779, -6.44304], [105.91756, -6.44374], [105.91339, -6.44217], [105.9122, -6.44289], [105.91309, -6.44431], [105.91049, -6.44452], [105.91022, -6.44608], [105.90888, -6.44638], [105.90805, -6.44744], [105.90597, -6.44816], [105.90504, -6.44709], [105.90437, -6.44716]]]}}, {"type": "Feature", "properties": {"domain_id": "360125", "name": "KARANG TANJUNG"}, "geometry": {"type": "Polygon", "coordinates": [[[106.14003, -6.30585], [106.13859, -6.30815], [106.13224, -6.30823], [106.12844, -6.30723], [106.12558, -6.30532], [106.12429, -6.30565], [106.12065, -6.30501], [106.11701, -6.30345], [106.11542, -6.30238], [106.1185, -6.2999], [106.11894, -6.29875], [106.11586, -6.29692], [106.11552, -6.2949], [106.11412, -6.29316], [106.11226, -6.2931], [106.11052, -6.29764], [106.10929, -6.29723], [106.10747, -6.29773], [106.10573, -6.29633], [106.10454, -6.29634], [106.10327, -6.29876], [106.10137, -6.30063], [106.09847, -6.29853], [106.09701, -6.29618], [106.09482, -6.29461], [106.0865, -6.29184], [106.07864, -6.28596], [106.07486, -6.28424], [106.07151, -6.27982], [106.0637, -6.27237], [106.06047, -6.26679], [106.06589, -6.26352], [106.06882, -6.25988], [106.07108, -6.26123], [106.07481, -6.26653], [106.07547, -6.27007], [106.07954, -6.27246], [106.08662, -6.27213], [106.09038, -6.27022], [106.09327, -6.27031], [106.094, -6.27101], [106.09691, -6.27165], [106.09662, -6.27651], [106.09966, -6.27548], [106.10274, -6.27621], [106.10639, -6.27159], [106.1092, -6.27192], [106.11882, -6.27087], [106.12321, -6.2738], [106.12557, -6.2731], [106.12998, -6.27497], [106.1314, -6.27642], [106.13013, -6.27973], [106.12661, -6.28116], [106.12354, -6.28019], [106.12268, -6.28473], [106.12546, -6.28502], [106.13187, -6.28731], [106.13369, -6.28673], [106.1381, -6.28741], [106.13931, -6.28652], [106.144, -6.28771], [106.14691, -6.28727], [106.14996, -6.28588], [106.1511, -6.283], [106.15273, -6.28338], [106.15431, -6.28567], [106.15547, -6.28536], [106.15649, -6.28702], [106.15801, -6.287], [106.15457, -6.28862], [106.15171, -6.28918], [106.15116, -6.29104], [106.15106, -6.29285], [106.15218, -6.29576], [106.15296, -6.29652], [106.15441, -6.29669], [106.15418, -6.29941], [106.15477, -6.30071], [106.14888, -6.30047], [106.1476, -6.30192], [106.14325, -6.30461], [106.14003, -6.30585]]]}}, {"type": "Feature", "properties": {"domain_id": "360306", "name": "KRESEK"}, "geometry": {"type": "Polygon", "coordinates": [[[106.40991, -6.17571], [106.41169, -6.1781], [106.41138, -6.18052], [106.41205, -6.18326], [106.41166, -6.18484], [106.41022, -6.18589], [106.40734, -6.18665], [106.39865, -6.18592], [106.39502, -6.18649], [106.39129, -6.18555], [106.38585, -6.18589], [106.38584, -6.18251], [106.3875, -6.17935], [106.38944, -6.18041], [106.39075, -6.17912], [106.3913, -6.17645], [106.38879, -6.17672], [106.38911, -6.17489], [106.39169, -6.17331], [106.39256, -6.17104], [106.39426, -6.17058], [106.39371, -6.16978], [106.39123, -6.17001], [106.39011, -6.16861], [106.39055, -6.1658], [106.3913, -6.16561], [106.39249, -6.16655], [106.39364, -6.16577], [106.3933, -6.16468], [106.39025, -6.16269], [106.39037, -6.162], [106.39278, -6.16193], [106.3929, -6.16054], [106.39069, -6.15888], [106.3881, -6.15827], [106.38754, -6.15733], [106.38821, -6.15632], [106.39098, -6.15745], [106.39267, -6.15681], [106.39291, -6.15565], [106.3922, -6.15368], [106.39258, -6.15181], [106.38985, -6.14882], [106.38444, -6.14027], [106.38151, -6.13849], [106.38049, -6.13601], [106.3788, -6.13482], [106.37782, -6.13274], [106.37794, -6.13077], [106.37724, -6.12886], [106.3719, -6.12923], [106.36683, -6.12653], [106.36636, -6.12498], [106.36737, -6.12416], [106.36802, -6.1199], [106.37638, -6.11603], [106.37832, -6.1165], [106.38129, -6.11848], [106.38145, -6.11962], [106.3833, -6.1215], [106.38385, -6.12314], [106.38241, -6.12468], [106.38265, -6.12634], [106.38907, -6.13291], [106.39184, -6.12997], [106.39377, -6.12675], [106.39815, -6.12365], [106.40145, -6.12346], [106.404, -6.12169], [106.40435, -6.12075], [106.40813, -6.11945], [106.41024, -6.1197], [106.41234, -6.11697], [106.41232, -6.11348], [106.41863, -6.11919], [106.42351, -6.11777], [106.42556, -6.11618], [106.42593, -6.11469], [106.4268, -6.11481], [106.42641, -6.11399], [106.42977, -6.11247], [106.43551, -6.11635], [106.43579, -6.11842], [106.43679, -6.11899], [106.43595, -6.12286], [106.43784, -6.12403], [106.43815, -6.125], [106.43255, -6.13033], [106.43121, -6.13778], [106.42743, -6.14098], [106.42365, -6.14153], [106.41481, -6.15034], [106.41426, -6.15356], [106.41629, -6.15597], [106.41515, -6.15855], [106.41603, -6.16035], [106.41496, -6.16074], [106.41486, -6.16138], [106.41619, -6.16171], [106.41533, -6.16338], [106.41704, -6.16471], [106.41598, -6.16519], [106.41347, -6.16497], [106.41333, -6.16289], [106.41094, -6.16328], [106.40947, -6.16478], [106.40949, -6.16526], [106.4107, -6.1655], [106.41042, -6.1667], [106.41108, -6.16822], [106.4097, -6.16848], [106.40931, -6.16985], [106.40916, -6.17366], [106.40991, -6.17571]]]}}, {"type": "Feature", "properties": {"domain_id": "360117", "name": "MANDALAWANGI"}, "geometry": {"type": "Polygon", "coordinates": [[[105.97772, -6.33792], [105.9732, -6.33518], [105.97094, -6.33124], [105.96719, -6.33026], [105.96348, -6.32632], [105.96127, -6.32478], [105.95947, -6.32455], [105.95955, -6.32282], [105.95631, -6.31574], [105.95354, -6.31331], [105.95322, -6.3116], [105.94475, -6.30436], [105.94252, -6.29968], [105.94274, -6.29748], [105.94037, -6.29413], [105.93743, -6.29446], [105.93463, -6.29711], [105.93019, -6.29635], [105.92942, -6.29602], [105.92972, -6.29487], [105.92911, -6.29318], [105.92738, -6.2911], [105.91684, -6.285], [105.92003, -6.2815], [105.91994, -6.28018], [105.92231, -6.27575], [105.92191, -6.27389], [105.92355, -6.27468], [105.92479, -6.27682], [105.92907, -6.27926], [105.92937, -6.28043], [105.9303, -6.28104], [105.93485, -6.27802], [105.93426, -6.26944], [105.93511, -6.26671], [105.93399, -6.25896], [105.936, -6.25637], [105.93544, -6.25491], [105.93661, -6.25142], [105.93511, -6.24377], [105.93548, -6.24273], [105.93459, -6.24106], [105.93482, -6.23957], [105.93807, -6.2397], [105.94033, -6.2387], [105.94331, -6.23898], [105.946, -6.2376], [105.94737, -6.23754], [105.94836, -6.24237], [105.94733, -6.24259], [105.94767, -6.24442], [105.94689, -6.24574], [105.94793, -6.24608], [105.9479, -6.24692], [105.94919, -6.24805], [105.95072, -6.24789], [105.95095, -6.24856], [105.95685, -6.24527], [105.9612, -6.24444], [105.96468, -6.2448], [105.96632, -6.24567], [105.97327, -6.24508], [105.97741, -6.24575], [105.97918, -6.2481], [105.98138, -6.24929], [105.98273, -6.25253], [105.98321, -6.26317], [105.98158, -6.26429], [105.98144, -6.26516], [105.98476, -6.26646], [105.98603, -6.26571], [105.98686, -6.2669], [105.98945, -6.26511], [105.99022, -6.267], [105.99231, -6.2656], [105.99281, -6.26923], [105.99437, -6.27204], [105.99514, -6.27221], [105.99489, -6.27389], [105.99747, -6.27357], [106.00148, -6.27544], [106.00906, -6.27398], [106.0146, -6.27367], [106.01747, -6.2742], [106.02069, -6.27366], [106.02699, -6.27522], [106.03227, -6.27425], [106.03318, -6.2735], [106.03288, -6.27187], [106.03484, -6.27114], [106.03612, -6.2721], [106.03553, -6.27346], [106.03779, -6.27462], [106.03284, -6.27744], [106.03077, -6.27969], [106.03085, -6.28549], [106.02732, -6.29879], [106.02698, -6.30235], [106.02751, -6.30762], [106.02679, -6.30997], [106.0216, -6.30973], [106.02019, -6.31392], [106.0208, -6.31658], [106.01971, -6.31755], [106.01915, -6.32017], [106.01358, -6.31799], [106.0103, -6.31592], [106.00778, -6.31534], [106.0089, -6.31632], [106.01058, -6.31668], [106.01087, -6.31978], [106.01319, -6.32079], [106.01447, -6.32263], [106.01424, -6.32462], [106.01551, -6.32842], [106.0174, -6.32965], [106.0179, -6.33219], [106.02227, -6.33679], [106.02196, -6.34025], [106.01349, -6.34014], [106.00515, -6.34126], [105.99943, -6.3447], [105.99774, -6.3464], [105.99427, -6.34497], [105.98975, -6.34444], [105.98682, -6.34298], [105.98154, -6.34289], [105.97819, -6.34165], [105.97772, -6.33792]]]}}, {"type": "Feature", "properties": {"domain_id": "360119", "name": "KADUHEJO"}, "geometry": {"type": "Polygon", "coordinates": [[[106.08101, -6.33027], [106.0815, -6.33007], [106.08171, -6.3311], [106.08319, -6.33162], [106.0888, -6.33], [106.08919, -6.33087], [106.09147, -6.33224], [106.09209, -6.33527], [106.0938, -6.33759], [106.09573, -6.33876], [106.09648, -6.34108], [106.08956, -6.34537], [106.08926, -6.34671], [106.08744, -6.34585], [106.08613, -6.34666], [106.08536, -6.34646], [106.08732, -6.35077], [106.08777, -6.35427], [106.0781, -6.3591], [106.07861, -6.35909], [106.07863, -6.36043], [106.07945, -6.36152], [106.07851, -6.3629], [106.07814, -6.36644], [106.07686, -6.36577], [106.07579, -6.36315], [106.07442, -6.36285], [106.07301, -6.36081], [106.07121, -6.36101], [106.06891, -6.35828], [106.06915, -6.35737], [106.06812, -6.35745], [106.06741, -6.35627], [106.0651, -6.35572], [106.0621, -6.35267], [106.06114, -6.35083], [106.05997, -6.35113], [106.05957, -6.34901], [106.05752, -6.34738], [106.05582, -6.3477], [106.05588, -6.34842], [106.05517, -6.34866], [106.05493, -6.34824], [106.05271, -6.34862], [106.05127, -6.3474], [106.0498, -6.33761], [106.05201, -6.33444], [106.05194, -6.3333], [106.05182, -6.33285], [106.04716, -6.33276], [106.04695, -6.32265], [106.04, -6.32288], [106.03487, -6.32217], [106.02136, -6.31897], [106.02121, -6.31585], [106.02052, -6.31639], [106.02081, -6.31532], [106.02019, -6.31392], [106.0216, -6.30973], [106.02637, -6.3102], [106.02725, -6.30922], [106.02705, -6.30088], [106.03085, -6.28549], [106.03077, -6.27969], [106.03284, -6.27744], [106.03779, -6.27462], [106.03553, -6.27346], [106.03693, -6.27071], [106.03904, -6.26873], [106.04747, -6.26712], [106.04909, -6.26796], [106.04991, -6.26975], [106.05124, -6.26989], [106.05209, -6.27087], [106.05545, -6.27601], [106.05668, -6.27974], [106.05941, -6.28408], [106.05985, -6.28662], [106.06337, -6.29086], [106.06387, -6.30023], [106.06637, -6.30488], [106.06649, -6.30666], [106.07075, -6.31102], [106.0731, -6.31215], [106.07478, -6.31505], [106.06857, -6.31787], [106.06948, -6.32017], [106.07281, -6.32491], [106.0726, -6.32714], [106.07345, -6.32932], [106.07804, -6.32921], [106.08101, -6.33027]]]}}, {"type": "Feature", "properties": {"domain_id": "367305", "name": "CIPOCOK JAYA"}, "geometry": {"type": "Polygon", "coordinates": [[[106.12101, -6.16829], [106.1197, -6.16618], [106.11785, -6.16063], [106.12202, -6.15212], [106.12323, -6.15033], [106.12459, -6.14954], [106.12685, -6.14911], [106.12954, -6.15006], [106.13164, -6.14954], [106.13451, -6.14529], [106.13708, -6.14315], [106.14227, -6.13631], [106.14338, -6.13664], [106.14474, -6.13529], [106.15278, -6.13717], [106.15345, -6.13645], [106.15419, -6.13676], [106.15421, -6.13745], [106.15952, -6.13887], [106.16062, -6.13723], [106.16357, -6.13545], [106.16391, -6.13428], [106.16579, -6.1337], [106.16746, -6.1318], [106.16973, -6.1322], [106.17144, -6.13173], [106.17241, -6.13002], [106.17962, -6.13184], [106.18084, -6.12976], [106.18421, -6.1289], [106.18486, -6.12813], [106.18665, -6.12843], [106.18822, -6.12547], [106.1872, -6.12354], [106.18861, -6.12179], [106.18788, -6.12101], [106.1848, -6.12049], [106.17783, -6.1204], [106.17967, -6.11499], [106.18365, -6.11536], [106.18413, -6.11411], [106.18355, -6.11279], [106.18405, -6.11335], [106.18747, -6.11347], [106.19164, -6.11099], [106.19347, -6.10842], [106.19842, -6.10767], [106.19911, -6.1064], [106.19914, -6.10274], [106.20047, -6.10167], [106.20227, -6.10176], [106.20702, -6.10374], [106.21199, -6.1043], [106.20729, -6.10884], [106.20129, -6.11631], [106.20127, -6.11743], [106.20416, -6.11776], [106.20352, -6.12257], [106.20648, -6.12493], [106.20904, -6.1293], [106.20771, -6.12978], [106.20658, -6.13375], [106.20592, -6.13383], [106.20594, -6.1347], [106.20515, -6.13456], [106.20392, -6.13653], [106.20353, -6.13838], [106.20418, -6.13887], [106.20325, -6.14107], [106.20372, -6.14198], [106.20291, -6.14502], [106.20357, -6.14743], [106.20244, -6.14971], [106.20251, -6.15159], [106.20093, -6.15278], [106.20095, -6.15507], [106.20147, -6.15556], [106.19734, -6.15865], [106.19609, -6.15915], [106.19553, -6.15873], [106.19407, -6.15964], [106.19462, -6.16097], [106.19251, -6.16332], [106.19095, -6.16822], [106.18753, -6.17007], [106.18309, -6.16957], [106.18118, -6.17065], [106.17971, -6.16634], [106.17907, -6.1545], [106.17624, -6.14546], [106.17538, -6.14688], [106.17279, -6.14742], [106.17258, -6.14893], [106.1715, -6.1485], [106.16824, -6.14918], [106.16813, -6.15035], [106.16669, -6.1506], [106.1653, -6.15399], [106.1654, -6.1572], [106.16355, -6.15919], [106.16335, -6.16098], [106.1613, -6.16455], [106.16128, -6.16733], [106.1597, -6.16769], [106.15863, -6.16878], [106.15429, -6.16815], [106.1521, -6.16917], [106.1515, -6.17014], [106.14884, -6.16935], [106.14517, -6.17181], [106.1399, -6.17222], [106.13803, -6.17206], [106.13825, -6.16762], [106.13804, -6.16655], [106.137, -6.16573], [106.13215, -6.16528], [106.12796, -6.16987], [106.12696, -6.1693], [106.12502, -6.17004], [106.12221, -6.16789], [106.12085, -6.16891], [106.12101, -6.16829]]]}}, {"type": "Feature", "properties": {"domain_id": "367202", "name": "CILEGON"}, "geometry": {"type": "Polygon", "coordinates": [[[106.03679, -6.04299], [106.04013, -6.0461], [106.03853, -6.04585], [106.03704, -6.04828], [106.03912, -6.04906], [106.03879, -6.04983], [106.03969, -6.05068], [106.04221, -6.05158], [106.04099, -6.05288], [106.0411, -6.05367], [106.04021, -6.05413], [106.03844, -6.05337], [106.03714, -6.05364], [106.03685, -6.05455], [106.03555, -6.05459], [106.03383, -6.05719], [106.03329, -6.0595], [106.03207, -6.06083], [106.03024, -6.06104], [106.02757, -6.06816], [106.02665, -6.06879], [106.02663, -6.06982], [106.0256, -6.07002], [106.02569, -6.072], [106.02443, -6.07313], [106.0245, -6.07549], [106.02543, -6.0778], [106.02394, -6.07874], [106.02357, -6.0801], [106.02284, -6.08007], [106.02029, -6.07809], [106.02146, -6.07574], [106.02103, -6.07402], [106.02147, -6.07215], [106.02064, -6.07094], [106.01976, -6.07094], [106.01956, -6.06621], [106.02047, -6.06598], [106.01969, -6.06486], [106.02189, -6.06323], [106.02066, -6.06226], [106.02266, -6.06235], [106.02283, -6.06133], [106.02223, -6.06054], [106.02366, -6.0606], [106.0229, -6.0597], [106.02291, -6.05846], [106.02392, -6.05925], [106.0251, -6.05786], [106.02486, -6.05738], [106.02384, -6.05801], [106.02345, -6.05736], [106.02493, -6.05583], [106.02561, -6.05595], [106.02595, -6.05472], [106.02709, -6.05401], [106.02664, -6.05179], [106.02708, -6.05073], [106.02615, -6.04997], [106.0273, -6.0501], [106.02843, -6.04918], [106.02845, -6.0484], [106.02995, -6.04764], [106.02963, -6.04593], [106.02882, -6.04542], [106.03025, -6.04448], [106.02985, -6.04299], [106.03031, -6.04147], [106.03382, -6.04035], [106.03333, -6.03884], [106.03368, -6.0374], [106.03556, -6.03591], [106.03336, -6.03175], [106.03519, -6.03145], [106.03578, -6.03015], [106.03737, -6.03067], [106.03793, -6.03007], [106.03944, -6.0309], [106.04021, -6.02969], [106.03983, -6.02855], [106.041, -6.02761], [106.04228, -6.02185], [106.04725, -6.02282], [106.04827, -6.02039], [106.04948, -6.02043], [106.05094, -6.02067], [106.05078, -6.02175], [106.05184, -6.0219], [106.05156, -6.02263], [106.05329, -6.02292], [106.05882, -6.02302], [106.06035, -6.02266], [106.06196, -6.02116], [106.06581, -6.02297], [106.06548, -6.02515], [106.06783, -6.02653], [106.06778, -6.02741], [106.06737, -6.02782], [106.06608, -6.02702], [106.06521, -6.02741], [106.06539, -6.02949], [106.06204, -6.02837], [106.06075, -6.03102], [106.05743, -6.032], [106.05146, -6.03614], [106.05017, -6.03666], [106.04867, -6.03608], [106.04895, -6.03531], [106.04851, -6.03515], [106.04821, -6.03591], [106.04748, -6.03564], [106.04677, -6.03768], [106.04249, -6.03746], [106.03679, -6.04299]]]}}, {"type": "Feature", "properties": {"domain_id": "367302", "name": "KASEMEN"}, "geometry": {"type": "Polygon", "coordinates": [[[106.22144, -6.08423], [106.22364, -6.08669], [106.22186, -6.09212], [106.2193, -6.09681], [106.21531, -6.10082], [106.21512, -6.1018], [106.2138, -6.10327], [106.21156, -6.10435], [106.2068, -6.10368], [106.20186, -6.10165], [106.19938, -6.10206], [106.19872, -6.10103], [106.19878, -6.09846], [106.19806, -6.09752], [106.19142, -6.09421], [106.18463, -6.09391], [106.18344, -6.0928], [106.18505, -6.0897], [106.18553, -6.08671], [106.18332, -6.08339], [106.17857, -6.09123], [106.16168, -6.089], [106.15677, -6.0871], [106.15491, -6.08704], [106.15318, -6.0889], [106.15182, -6.0887], [106.15167, -6.08923], [106.15282, -6.08992], [106.15042, -6.09139], [106.15032, -6.09264], [106.14893, -6.09284], [106.14725, -6.08912], [106.13939, -6.08645], [106.13637, -6.08478], [106.13585, -6.08431], [106.13838, -6.07925], [106.13864, -6.07751], [106.13807, -6.07585], [106.13869, -6.07504], [106.13636, -6.07361], [106.13507, -6.07468], [106.1352, -6.07314], [106.14002, -6.06847], [106.14044, -6.06631], [106.14506, -6.06861], [106.14595, -6.06788], [106.1472, -6.06852], [106.14888, -6.06755], [106.14733, -6.06656], [106.14271, -6.05767], [106.14316, -6.0554], [106.1443, -6.05556], [106.14471, -6.05246], [106.14899, -6.04731], [106.14811, -6.04635], [106.14776, -6.04381], [106.1493, -6.03772], [106.14952, -6.03392], [106.14889, -6.0339], [106.14713, -6.03102], [106.14729, -6.03025], [106.14657, -6.03006], [106.14804, -6.02647], [106.14781, -6.02249], [106.14834, -6.02033], [106.15633, -6.02457], [106.16185, -6.02595], [106.16478, -6.02635], [106.16504, -6.02591], [106.16934, -6.02762], [106.17245, -6.02743], [106.17265, -6.02674], [106.17722, -6.0273], [106.17759, -6.02617], [106.18159, -6.0271], [106.18549, -6.0263], [106.1894, -6.02458], [106.19449, -6.02039], [106.19342, -6.01957], [106.19267, -6.01759], [106.19038, -6.0161], [106.19115, -6.01534], [106.19214, -6.01512], [106.19467, -6.01607], [106.19559, -6.01793], [106.19822, -6.01854], [106.20101, -6.01798], [106.20112, -6.01653], [106.2021, -6.01611], [106.20251, -6.01696], [106.20176, -6.01781], [106.20196, -6.01869], [106.20393, -6.01986], [106.20594, -6.02006], [106.2099, -6.01938], [106.21424, -6.0167], [106.21639, -6.01622], [106.22234, -6.02538], [106.22295, -6.02962], [106.2252, -6.03428], [106.2247, -6.0366], [106.22566, -6.03874], [106.22492, -6.04167], [106.22161, -6.04789], [106.22031, -6.05692], [106.22186, -6.06898], [106.21924, -6.0834], [106.22144, -6.08423]]]}}, {"type": "Feature", "properties": {"domain_id": "367206", "name": "GEROGOL"}, "geometry": {"type": "Polygon", "coordinates": [[[106.03277, -5.98404], [106.0325, -5.98738], [106.02712, -5.99569], [106.02777, -5.99583], [106.02785, -5.99701], [106.02785, -5.99928], [106.02719, -6.00005], [106.02792, -6.00141], [106.02845, -6.00114], [106.03038, -6.00495], [106.02563, -6.00509], [106.02417, -6.00432], [106.02282, -6.00497], [106.02076, -6.00247], [106.0184, -6.00227], [106.01449, -6.00033], [106.01098, -5.99612], [106.00973, -5.99608], [106.0097, -5.99516], [106.01102, -5.99514], [106.01219, -5.99384], [106.01175, -5.99265], [106.01018, -5.99136], [106.00793, -5.99128], [106.0079, -5.99083], [106.01011, -5.99076], [106.01028, -5.98845], [106.00942, -5.98831], [106.00754, -5.98619], [106.00355, -5.98554], [105.99739, -5.98169], [105.99657, -5.98154], [105.9955, -5.98267], [105.99377, -5.981], [105.99326, -5.97926], [105.99177, -5.97822], [105.99401, -5.97569], [105.99595, -5.9747], [105.99636, -5.96899], [105.99582, -5.96845], [105.9972, -5.96732], [105.99715, -5.96666], [105.99634, -5.9669], [105.99602, -5.96455], [105.99653, -5.96338], [105.99829, -5.96292], [105.99721, -5.9627], [105.99785, -5.96103], [105.99876, -5.96074], [105.99814, -5.95474], [106.00262, -5.94719], [106.00582, -5.94757], [106.00554, -5.94817], [106.00661, -5.94859], [106.0066, -5.94785], [106.00805, -5.94667], [106.01443, -5.94644], [106.01639, -5.94705], [106.01789, -5.94795], [106.0192, -5.95089], [106.01634, -5.95278], [106.01915, -5.95343], [106.01997, -5.95425], [106.02147, -5.95325], [106.02355, -5.95337], [106.02355, -5.95565], [106.02483, -5.95684], [106.02651, -5.95619], [106.02716, -5.95486], [106.02995, -5.95305], [106.03199, -5.9459], [106.03358, -5.94556], [106.03591, -5.9433], [106.03846, -5.94312], [106.04381, -5.9455], [106.04445, -5.9464], [106.04387, -5.9491], [106.04492, -5.94954], [106.04446, -5.95075], [106.04152, -5.95359], [106.04, -5.95861], [106.03793, -5.95995], [106.04061, -5.96178], [106.0424, -5.96543], [106.04105, -5.96969], [106.04216, -5.97258], [106.04184, -5.97618], [106.03869, -5.98168], [106.03675, -5.98293], [106.03562, -5.9848], [106.0325, -5.98316], [106.03217, -5.98356], [106.03277, -5.98404]]]}}, {"type": "Feature", "properties": {"domain_id": "360327", "name": "SUKAMULYA"}, "geometry": {"type": "Polygon", "coordinates": [[[106.43461, -6.18863], [106.43018, -6.19079], [106.42101, -6.18668], [106.4175, -6.18302], [106.41197, -6.1823], [106.41138, -6.18052], [106.41169, -6.1781], [106.40944, -6.17488], [106.4091, -6.17165], [106.4097, -6.16848], [106.41107, -6.16844], [106.41042, -6.1667], [106.4107, -6.1655], [106.40944, -6.16512], [106.41068, -6.16343], [106.41333, -6.16289], [106.41337, -6.16492], [106.417, -6.16488], [106.41533, -6.16338], [106.41632, -6.16192], [106.41486, -6.16138], [106.41496, -6.16074], [106.41603, -6.16035], [106.41515, -6.15855], [106.41629, -6.15604], [106.41426, -6.15356], [106.41493, -6.15014], [106.42365, -6.14153], [106.42743, -6.14098], [106.43121, -6.13778], [106.43255, -6.13033], [106.43534, -6.12753], [106.43668, -6.12708], [106.43996, -6.1274], [106.44402, -6.12873], [106.44534, -6.13196], [106.44755, -6.13199], [106.45154, -6.13512], [106.45326, -6.13575], [106.45462, -6.13848], [106.45458, -6.14063], [106.45564, -6.14108], [106.45652, -6.14385], [106.45708, -6.14434], [106.45799, -6.14396], [106.45837, -6.14532], [106.4576, -6.14629], [106.45913, -6.14695], [106.45922, -6.14967], [106.45981, -6.14919], [106.46099, -6.15068], [106.46171, -6.14982], [106.46249, -6.15008], [106.46299, -6.15124], [106.46366, -6.15098], [106.46468, -6.15249], [106.46634, -6.1518], [106.46674, -6.15076], [106.46947, -6.15138], [106.4702, -6.15217], [106.46804, -6.15357], [106.46861, -6.15435], [106.46786, -6.15493], [106.46775, -6.15604], [106.46689, -6.15612], [106.46717, -6.15459], [106.46657, -6.15422], [106.46432, -6.15633], [106.46453, -6.15717], [106.46576, -6.15712], [106.46555, -6.15817], [106.4672, -6.15837], [106.46484, -6.15964], [106.46506, -6.1609], [106.46413, -6.16174], [106.46462, -6.16283], [106.46312, -6.16529], [106.45761, -6.16597], [106.45394, -6.16229], [106.45037, -6.16283], [106.44979, -6.16372], [106.44813, -6.1635], [106.44712, -6.16898], [106.44778, -6.17071], [106.44665, -6.17351], [106.44735, -6.17453], [106.44717, -6.17696], [106.44949, -6.17862], [106.44799, -6.18184], [106.44763, -6.18538], [106.44329, -6.18983], [106.43924, -6.18931], [106.43757, -6.19106], [106.43709, -6.18848], [106.43461, -6.18863]]]}}, {"type": "Feature", "properties": {"domain_id": "367205", "name": "JOMBANG"}, "geometry": {"type": "Polygon", "coordinates": [[[106.08148, -6.01361], [106.08361, -6.01482], [106.08312, -6.01603], [106.08125, -6.01934], [106.07736, -6.01767], [106.07595, -6.02063], [106.07521, -6.02331], [106.07564, -6.02418], [106.07478, -6.02618], [106.07411, -6.02479], [106.06981, -6.02526], [106.06975, -6.02649], [106.06713, -6.02641], [106.06608, -6.02509], [106.06548, -6.02515], [106.06581, -6.02297], [106.06196, -6.02116], [106.06035, -6.02266], [106.05882, -6.02302], [106.05163, -6.02265], [106.05184, -6.0219], [106.05078, -6.02175], [106.05094, -6.02067], [106.04827, -6.02039], [106.04806, -6.0197], [106.04622, -6.02016], [106.0433, -6.01902], [106.043, -6.01766], [106.04299, -6.01693], [106.04611, -6.01599], [106.0468, -6.01461], [106.04666, -6.00935], [106.04424, -6.00807], [106.04533, -6.00642], [106.04703, -6.00669], [106.04747, -6.00759], [106.04703, -6.00876], [106.0494, -6.00827], [106.04975, -6.00742], [106.05047, -6.00858], [106.05219, -6.00658], [106.05448, -6.00603], [106.05413, -6.00523], [106.05599, -6.00433], [106.05742, -6.00248], [106.05909, -6.0027], [106.0583, -6.00003], [106.05366, -5.99495], [106.05618, -5.99362], [106.05786, -5.99427], [106.05975, -5.99138], [106.06035, -5.99184], [106.06122, -5.99111], [106.06393, -5.9921], [106.06468, -5.99339], [106.0662, -5.99355], [106.06598, -5.99441], [106.07294, -5.99558], [106.0732, -5.9968], [106.07444, -5.99789], [106.07294, -6.0009], [106.08402, -6.0021], [106.08303, -6.00399], [106.08342, -6.00418], [106.0824, -6.00467], [106.08311, -6.00752], [106.08279, -6.00968], [106.08121, -6.01189], [106.08085, -6.01328], [106.08148, -6.01361]]]}}, {"type": "Feature", "properties": {"domain_id": "360319", "name": "PANONGAN"}, "geometry": {"type": "Polygon", "coordinates": [[[106.53434, -6.30988], [106.53029, -6.31126], [106.52935, -6.3132], [106.52731, -6.31378], [106.52408, -6.31351], [106.5232, -6.31244], [106.52069, -6.31317], [106.52019, -6.31255], [106.51873, -6.3128], [106.51594, -6.31565], [106.51369, -6.3146], [106.51399, -6.31343], [106.51535, -6.3136], [106.515, -6.31289], [106.51241, -6.31312], [106.51095, -6.3102], [106.50897, -6.31023], [106.50951, -6.30938], [106.50879, -6.30833], [106.50996, -6.30793], [106.5107, -6.30481], [106.50845, -6.30321], [106.50723, -6.30352], [106.50808, -6.30262], [106.50823, -6.30093], [106.5102, -6.29991], [106.51011, -6.29846], [106.5117, -6.29846], [106.51155, -6.29613], [106.5142, -6.29427], [106.51113, -6.29273], [106.51103, -6.2913], [106.51242, -6.29105], [106.51189, -6.28997], [106.5104, -6.2903], [106.51019, -6.29187], [106.50914, -6.29018], [106.50858, -6.29187], [106.50804, -6.2905], [106.50747, -6.29136], [106.50606, -6.29164], [106.50616, -6.29237], [106.50472, -6.29192], [106.50619, -6.29052], [106.50569, -6.28998], [106.50405, -6.29049], [106.5051, -6.28935], [106.5043, -6.28695], [106.50741, -6.28869], [106.50852, -6.28829], [106.5075, -6.2872], [106.50619, -6.28739], [106.50707, -6.28583], [106.5051, -6.28533], [106.50733, -6.28421], [106.50587, -6.28263], [106.50734, -6.28168], [106.50666, -6.28099], [106.50548, -6.28139], [106.50482, -6.27944], [106.50614, -6.27822], [106.50799, -6.27967], [106.50931, -6.27731], [106.50935, -6.27878], [106.50983, -6.27875], [106.51181, -6.27702], [106.511, -6.27482], [106.51245, -6.27469], [106.50973, -6.27342], [106.50971, -6.27009], [106.50773, -6.27094], [106.50775, -6.26893], [106.50629, -6.26937], [106.50624, -6.2682], [106.50449, -6.26651], [106.50367, -6.26742], [106.50417, -6.26901], [106.50255, -6.26943], [106.50241, -6.26756], [106.50073, -6.26647], [106.50244, -6.2659], [106.49997, -6.26455], [106.50003, -6.26383], [106.50179, -6.26379], [106.50092, -6.26275], [106.50133, -6.26103], [106.50033, -6.26086], [106.50093, -6.26002], [106.50002, -6.25976], [106.49904, -6.26134], [106.49881, -6.2592], [106.49662, -6.25851], [106.49669, -6.25752], [106.49743, -6.25724], [106.49681, -6.25644], [106.49717, -6.25551], [106.49457, -6.25446], [106.49496, -6.2531], [106.49602, -6.2527], [106.49364, -6.25214], [106.49486, -6.2515], [106.49641, -6.2519], [106.49635, -6.25115], [106.49504, -6.25072], [106.49443, -6.25115], [106.49389, -6.25015], [106.49509, -6.24954], [106.4947, -6.24831], [106.49586, -6.24878], [106.49605, -6.24832], [106.49518, -6.24763], [106.49228, -6.24929], [106.49237, -6.24843], [106.49175, -6.24808], [106.49319, -6.24749], [106.49293, -6.2468], [106.49068, -6.24802], [106.49095, -6.24677], [106.48977, -6.24658], [106.48976, -6.24555], [106.49076, -6.2439], [106.4921, -6.24501], [106.49343, -6.24406], [106.49661, -6.24359], [106.49737, -6.24241], [106.50064, -6.242], [106.50121, -6.24142], [106.5018, -6.24403], [106.50253, -6.24467], [106.50512, -6.24529], [106.50877, -6.24433], [106.50875, -6.24482], [106.51631, -6.24609], [106.51635, -6.24662], [106.51687, -6.24629], [106.51822, -6.24721], [106.51869, -6.2454], [106.51952, -6.245], [106.52198, -6.24606], [106.52258, -6.24371], [106.52355, -6.24336], [106.5263, -6.24414], [106.53015, -6.24708], [106.53316, -6.24265], [106.53487, -6.24484], [106.53673, -6.24546], [106.53765, -6.24512], [106.53861, -6.24586], [106.5391, -6.24536], [106.53862, -6.24666], [106.53739, -6.24739], [106.5372, -6.24882], [106.53936, -6.24928], [106.53928, -6.2502], [106.54038, -6.25019], [106.54076, -6.25189], [106.53922, -6.25439], [106.53831, -6.25459], [106.53699, -6.25616], [106.53676, -6.25908], [106.53854, -6.26051], [106.53874, -6.26254], [106.53949, -6.26171], [106.53991, -6.26286], [106.542, -6.26305], [106.54283, -6.26379], [106.54413, -6.26369], [106.54458, -6.26302], [106.54568, -6.26331], [106.5462, -6.2646], [106.54544, -6.26601], [106.54589, -6.26842], [106.54496, -6.26926], [106.54539, -6.2709], [106.54644, -6.27132], [106.54712, -6.27342], [106.54944, -6.27401], [106.55073, -6.27334], [106.5516, -6.27449], [106.55228, -6.27914], [106.55125, -6.28562], [106.55211, -6.28618], [106.55232, -6.28863], [106.55319, -6.28992], [106.55309, -6.29163], [106.55426, -6.29209], [106.55472, -6.29377], [106.55246, -6.29583], [106.55297, -6.29698], [106.55181, -6.29797], [106.55313, -6.29866], [106.55327, -6.30106], [106.55509, -6.30328], [106.55301, -6.3068], [106.5542, -6.31043], [106.55258, -6.31203], [106.55164, -6.31104], [106.54985, -6.31159], [106.54947, -6.3127], [106.54774, -6.31332], [106.54563, -6.31153], [106.54181, -6.31118], [106.5419, -6.31328], [106.54122, -6.31356], [106.54109, -6.31468], [106.53911, -6.31468], [106.53792, -6.31539], [106.53637, -6.31473], [106.5347, -6.31231], [106.53418, -6.31032], [106.53567, -6.30975], [106.53434, -6.30988]]]}}, {"type": "Feature", "properties": {"domain_id": "360122", "name": "CADASARI"}, "geometry": {"type": "Polygon", "coordinates": [[[106.09677, -6.27165], [106.09327, -6.27031], [106.09067, -6.27019], [106.08662, -6.27213], [106.07954, -6.27246], [106.07547, -6.27007], [106.07481, -6.26653], [106.07108, -6.26123], [106.06882, -6.25988], [106.07141, -6.25648], [106.07747, -6.25163], [106.07839, -6.24996], [106.07836, -6.24689], [106.07985, -6.24472], [106.08181, -6.23952], [106.08228, -6.23538], [106.08346, -6.23447], [106.08478, -6.23174], [106.08413, -6.22886], [106.08505, -6.22759], [106.08588, -6.22782], [106.0869, -6.22966], [106.08893, -6.229], [106.09007, -6.23], [106.09193, -6.22874], [106.09458, -6.23106], [106.09659, -6.23697], [106.09944, -6.23788], [106.10313, -6.23779], [106.1048, -6.23912], [106.10821, -6.24377], [106.10908, -6.25062], [106.10875, -6.25244], [106.11097, -6.25275], [106.11211, -6.2519], [106.11776, -6.25417], [106.12124, -6.25162], [106.12262, -6.24893], [106.12509, -6.25126], [106.128, -6.2505], [106.12869, -6.25339], [106.13168, -6.25587], [106.13245, -6.25754], [106.13497, -6.25766], [106.13927, -6.25411], [106.14505, -6.25427], [106.14579, -6.25128], [106.14768, -6.25076], [106.16298, -6.25183], [106.16313, -6.25675], [106.16497, -6.2589], [106.16257, -6.2641], [106.159, -6.26659], [106.15845, -6.26942], [106.15571, -6.26985], [106.15104, -6.27541], [106.14932, -6.27508], [106.14884, -6.27299], [106.14688, -6.27316], [106.14524, -6.26942], [106.14206, -6.26772], [106.1412, -6.268], [106.14026, -6.27028], [106.14049, -6.27302], [106.13948, -6.27341], [106.13595, -6.27248], [106.13526, -6.27664], [106.13442, -6.27714], [106.13258, -6.27603], [106.1308, -6.27621], [106.12998, -6.27497], [106.12557, -6.2731], [106.12321, -6.2738], [106.11896, -6.27092], [106.11766, -6.27071], [106.10933, -6.27191], [106.10639, -6.27159], [106.10274, -6.27621], [106.09966, -6.27548], [106.09636, -6.27651], [106.09677, -6.27165]]]}}, {"type": "Feature", "properties": {"domain_id": "360316", "name": "SEPATAN"}, "geometry": {"type": "Polygon", "coordinates": [[[106.58758, -6.1392], [106.58839, -6.14371], [106.59142, -6.14784], [106.59152, -6.14829], [106.59036, -6.1485], [106.59138, -6.15643], [106.59189, -6.15675], [106.59106, -6.15837], [106.59204, -6.15852], [106.58817, -6.16143], [106.58661, -6.16051], [106.58658, -6.15922], [106.58551, -6.15836], [106.58412, -6.15544], [106.58236, -6.1543], [106.58123, -6.15202], [106.57752, -6.14933], [106.577, -6.14492], [106.57549, -6.14234], [106.57262, -6.13915], [106.5688, -6.13755], [106.56794, -6.13527], [106.56543, -6.1327], [106.56517, -6.13179], [106.56606, -6.12908], [106.56898, -6.12882], [106.56965, -6.12663], [106.56843, -6.12622], [106.56771, -6.125], [106.56743, -6.12394], [106.56812, -6.12207], [106.56699, -6.12072], [106.56534, -6.12026], [106.56375, -6.1161], [106.56122, -6.11587], [106.55958, -6.11397], [106.55843, -6.11424], [106.55536, -6.11264], [106.56471, -6.10828], [106.56571, -6.1063], [106.56594, -6.10324], [106.56834, -6.10008], [106.57257, -6.0896], [106.57665, -6.08255], [106.57933, -6.08368], [106.5797, -6.08291], [106.58153, -6.08328], [106.5808, -6.08596], [106.5815, -6.08693], [106.58275, -6.08629], [106.583, -6.087], [106.58752, -6.08768], [106.58945, -6.08669], [106.59183, -6.08885], [106.59291, -6.08864], [106.59262, -6.09061], [106.59434, -6.09089], [106.59357, -6.09451], [106.59492, -6.09496], [106.5926, -6.09745], [106.59266, -6.09952], [106.59114, -6.10307], [106.59445, -6.10445], [106.59377, -6.10615], [106.59421, -6.10852], [106.59199, -6.10798], [106.5894, -6.1103], [106.58773, -6.11028], [106.58534, -6.11172], [106.58504, -6.11303], [106.58391, -6.1131], [106.58392, -6.11413], [106.58213, -6.11428], [106.58273, -6.11795], [106.59794, -6.12172], [106.60205, -6.12216], [106.5975, -6.12478], [106.59706, -6.1261], [106.59464, -6.12807], [106.59534, -6.12859], [106.59536, -6.13018], [106.59515, -6.13079], [106.59359, -6.1312], [106.59375, -6.1336], [106.58961, -6.13649], [106.58764, -6.13667], [106.58758, -6.1392]]]}}, {"type": "Feature", "properties": {"domain_id": "360314", "name": "KOSAMBI"}, "geometry": {"type": "Polygon", "coordinates": [[[106.66316, -6.11961], [106.65512, -6.11946], [106.64782, -6.12151], [106.6468, -6.12234], [106.64135, -6.12263], [106.64258, -6.1161], [106.64197, -6.11066], [106.6428, -6.10859], [106.6396, -6.10652], [106.63775, -6.10607], [106.63953, -6.10544], [106.64096, -6.10577], [106.64373, -6.10838], [106.6568, -6.10956], [106.658, -6.10915], [106.65865, -6.10744], [106.65707, -6.1051], [106.65657, -6.102], [106.65549, -6.10057], [106.65604, -6.0925], [106.65777, -6.09133], [106.65863, -6.09192], [106.65925, -6.09366], [106.66195, -6.09367], [106.66359, -6.09012], [106.66353, -6.08794], [106.66678, -6.08705], [106.66904, -6.08314], [106.66572, -6.0827], [106.66427, -6.08048], [106.66203, -6.08102], [106.66097, -6.07951], [106.65778, -6.08024], [106.65776, -6.07944], [106.65685, -6.07947], [106.65682, -6.07473], [106.65742, -6.07248], [106.66492, -6.06446], [106.68205, -6.05327], [106.69269, -6.04385], [106.70021, -6.0409], [106.70113, -6.04116], [106.70121, -6.0438], [106.70292, -6.04301], [106.70303, -6.04367], [106.70388, -6.04359], [106.70418, -6.04488], [106.70619, -6.04423], [106.70612, -6.04288], [106.70715, -6.04389], [106.70934, -6.04458], [106.71339, -6.04489], [106.71291, -6.04555], [106.71114, -6.04589], [106.71018, -6.04728], [106.70943, -6.05184], [106.70873, -6.05234], [106.70868, -6.05576], [106.7106, -6.05813], [106.71104, -6.06305], [106.71286, -6.06892], [106.71416, -6.06843], [106.71641, -6.07283], [106.72259, -6.08175], [106.72254, -6.08293], [106.72178, -6.08303], [106.72281, -6.08479], [106.72378, -6.08401], [106.72142, -6.08621], [106.72161, -6.08695], [106.72265, -6.08701], [106.72323, -6.086], [106.72429, -6.08619], [106.72364, -6.08641], [106.72447, -6.08723], [106.72598, -6.08662], [106.72413, -6.08827], [106.72504, -6.08965], [106.72229, -6.09196], [106.721, -6.09144], [106.71924, -6.09269], [106.71861, -6.09163], [106.71655, -6.09191], [106.71387, -6.09464], [106.71441, -6.09579], [106.71249, -6.09569], [106.71051, -6.09641], [106.70603, -6.09596], [106.70313, -6.09685], [106.7025, -6.09607], [106.69755, -6.09644], [106.69346, -6.09558], [106.68744, -6.09733], [106.67577, -6.09861], [106.67556, -6.10209], [106.67281, -6.10293], [106.67285, -6.10384], [106.67164, -6.10391], [106.67121, -6.10592], [106.67245, -6.10944], [106.67089, -6.10959], [106.67057, -6.11064], [106.67192, -6.11091], [106.67303, -6.11271], [106.67232, -6.11569], [106.67294, -6.1167], [106.67256, -6.11946], [106.66316, -6.11961]]]}}, {"type": "Feature", "properties": {"domain_id": "360113", "name": "MENES"}, "geometry": {"type": "Polygon", "coordinates": [[[105.90945, -6.37764], [105.90313, -6.3774], [105.90105, -6.37528], [105.90095, -6.37396], [105.89903, -6.37296], [105.89892, -6.3718], [105.89819, -6.37165], [105.89822, -6.37095], [105.89733, -6.3711], [105.89673, -6.37014], [105.89773, -6.36892], [105.89682, -6.36674], [105.8986, -6.3666], [105.89928, -6.36561], [105.89913, -6.36339], [105.90053, -6.36406], [105.90461, -6.36186], [105.90469, -6.36092], [105.9034, -6.35972], [105.9051, -6.35506], [105.90657, -6.35502], [105.90758, -6.35578], [105.90738, -6.35802], [105.90625, -6.35886], [105.90708, -6.35938], [105.9079, -6.36215], [105.90975, -6.36147], [105.91005, -6.35984], [105.91684, -6.35542], [105.91798, -6.35325], [105.9256, -6.35654], [105.93247, -6.35714], [105.93294, -6.35595], [105.93957, -6.35768], [105.93656, -6.3638], [105.94193, -6.36454], [105.9407, -6.36502], [105.94239, -6.36739], [105.9414, -6.36955], [105.9443, -6.36972], [105.94565, -6.3704], [105.94493, -6.3726], [105.94564, -6.37327], [105.94534, -6.37526], [105.94655, -6.37805], [105.94675, -6.38043], [105.94595, -6.38298], [105.94664, -6.38538], [105.94393, -6.38937], [105.94505, -6.3919], [105.94349, -6.3919], [105.94378, -6.39308], [105.94214, -6.39289], [105.94134, -6.39408], [105.94009, -6.39305], [105.93996, -6.39365], [105.93853, -6.39349], [105.93767, -6.39458], [105.93907, -6.39629], [105.93892, -6.39762], [105.94064, -6.39848], [105.93903, -6.40043], [105.93935, -6.40194], [105.93891, -6.40263], [105.9373, -6.40287], [105.93727, -6.40405], [105.93637, -6.4047], [105.93439, -6.40381], [105.93281, -6.4055], [105.93043, -6.40618], [105.92867, -6.40848], [105.92787, -6.40768], [105.92712, -6.40779], [105.92745, -6.4092], [105.92577, -6.40919], [105.92611, -6.41018], [105.92473, -6.41122], [105.92023, -6.40517], [105.91841, -6.40556], [105.91701, -6.40669], [105.91539, -6.40624], [105.91472, -6.4094], [105.91356, -6.41], [105.91242, -6.40929], [105.9128, -6.40704], [105.90798, -6.40571], [105.9068, -6.4061], [105.90474, -6.40551], [105.90451, -6.40487], [105.90576, -6.4039], [105.90782, -6.40431], [105.90788, -6.4025], [105.90678, -6.39921], [105.90841, -6.39797], [105.90859, -6.3968], [105.9056, -6.39487], [105.90569, -6.39435], [105.90736, -6.39152], [105.90891, -6.3903], [105.90969, -6.38692], [105.91096, -6.38583], [105.91181, -6.38378], [105.91173, -6.38125], [105.91006, -6.38086], [105.9095, -6.38], [105.90945, -6.37764]]]}}, {"type": "Feature", "properties": {"domain_id": "360310", "name": "SUKADIRI"}, "geometry": {"type": "MultiPolygon", "coordinates": [[[[106.55633, -6.1093], [106.55138, -6.11068], [106.55107, -6.11177], [106.5429, -6.11279], [106.54454, -6.10441], [106.54951, -6.09664], [106.54947, -6.09501], [106.5482, -6.09396], [106.54884, -6.09251], [106.54807, -6.0929], [106.54783, -6.09222], [106.54487, -6.09151], [106.54576, -6.08714], [106.54408, -6.08394], [106.54499, -6.08334], [106.54782, -6.07723], [106.54449, -6.07618], [106.54229, -6.073], [106.54313, -6.06774], [106.54401, -6.0678], [106.54476, -6.06435], [106.54659, -6.06438], [106.54697, -6.06365], [106.5452, -6.06297], [106.54547, -6.06061], [106.54484, -6.05964], [106.54447, -6.05035], [106.54646, -6.0415], [106.54826, -6.04203], [106.54839, -6.04135], [106.54898, -6.04153], [106.54966, -6.03847], [106.54649, -6.03777], [106.54767, -6.03534], [106.54947, -6.03502], [106.55138, -6.03102], [106.55247, -6.0301], [106.55189, -6.02918], [106.5523, -6.02833], [106.55422, -6.02825], [106.55438, -6.02737], [106.55181, -6.0265], [106.5526, -6.02535], [106.55467, -6.0257], [106.55552, -6.02512], [106.55671, -6.0256], [106.55741, -6.02483], [106.56065, -6.0262], [106.56175, -6.02758], [106.5642, -6.02899], [106.56556, -6.0295], [106.56588, -6.02888], [106.56587, -6.02967], [106.56872, -6.03076], [106.56919, -6.03062], [106.56945, -6.02987], [106.56952, -6.02979], [106.56959, -6.0298], [106.56673, -6.03826], [106.57092, -6.04034], [106.57262, -6.04051], [106.57114, -6.04527], [106.57044, -6.04494], [106.56915, -6.04594], [106.56764, -6.04577], [106.56746, -6.04728], [106.57141, -6.05298], [106.57694, -6.05311], [106.57627, -6.05464], [106.57826, -6.05862], [106.57753, -6.06067], [106.57539, -6.06072], [106.57428, -6.06686], [106.57447, -6.07441], [106.57793, -6.07567], [106.57833, -6.07774], [106.57881, -6.07786], [106.57771, -6.08101], [106.57792, -6.08339], [106.57665, -6.08255], [106.57257, -6.0896], [106.57018, -6.09642], [106.56678, -6.10265], [106.56594, -6.10324], [106.56571, -6.1063], [106.56471, -6.10828], [106.55536, -6.11264], [106.55512, -6.11146], [106.55633, -6.1093]]], [[[106.54105, -6.09822], [106.53973, -6.09811], [106.54021, -6.09581], [106.5397, -6.09559], [106.53951, -6.09374], [106.54076, -6.09433], [106.54164, -6.09604], [106.54105, -6.09822]]]]}}, {"type": "Feature", "properties": {"domain_id": "360323", "name": "CISAUK"}, "geometry": {"type": "Polygon", "coordinates": [[[106.60299, -6.36163], [106.59808, -6.35871], [106.59724, -6.35891], [106.59672, -6.35993], [106.59753, -6.36084], [106.59776, -6.36257], [106.59372, -6.36267], [106.59294, -6.35865], [106.59096, -6.35886], [106.58906, -6.35706], [106.59023, -6.35647], [106.58802, -6.35628], [106.58896, -6.35292], [106.59008, -6.35211], [106.58765, -6.3514], [106.58874, -6.34977], [106.58797, -6.34883], [106.58859, -6.34761], [106.58822, -6.34736], [106.59007, -6.34516], [106.59022, -6.34187], [106.59489, -6.34116], [106.60115, -6.34267], [106.60296, -6.3425], [106.60325, -6.34141], [106.6097, -6.34032], [106.60997, -6.33357], [106.61127, -6.33031], [106.6117, -6.32683], [106.61613, -6.32712], [106.61965, -6.32622], [106.6277, -6.3267], [106.63123, -6.32348], [106.63611, -6.32295], [106.63725, -6.32196], [106.64076, -6.32262], [106.64199, -6.32083], [106.64188, -6.3189], [106.64478, -6.31262], [106.64501, -6.30538], [106.64564, -6.30311], [106.64539, -6.2986], [106.64451, -6.29849], [106.6446, -6.29733], [106.64502, -6.29674], [106.64634, -6.29697], [106.64668, -6.29509], [106.64591, -6.29505], [106.6466, -6.29113], [106.65455, -6.29325], [106.65384, -6.29494], [106.65371, -6.29898], [106.65613, -6.30085], [106.65694, -6.30574], [106.659, -6.30803], [106.65803, -6.31152], [106.65567, -6.31375], [106.65548, -6.31578], [106.65642, -6.3167], [106.65905, -6.31558], [106.6607, -6.31558], [106.66216, -6.31729], [106.66152, -6.31834], [106.65894, -6.31823], [106.65784, -6.32445], [106.65817, -6.32554], [106.66071, -6.32755], [106.65819, -6.33001], [106.65681, -6.3328], [106.6546, -6.33535], [106.64764, -6.33956], [106.64682, -6.34248], [106.64725, -6.34415], [106.65005, -6.34716], [106.65469, -6.35053], [106.65561, -6.35307], [106.65551, -6.35521], [106.65703, -6.35843], [106.65671, -6.35963], [106.65098, -6.36219], [106.60299, -6.36163]]]}}, {"type": "Feature", "properties": {"domain_id": "360302", "name": "JAYANTI"}, "geometry": {"type": "Polygon", "coordinates": [[[106.40712, -6.22738], [106.40669, -6.23129], [106.40555, -6.23223], [106.40189, -6.2387], [106.39616, -6.23687], [106.39338, -6.23471], [106.39089, -6.23205], [106.38987, -6.22911], [106.38863, -6.22874], [106.38754, -6.22695], [106.38676, -6.22687], [106.38623, -6.22791], [106.38183, -6.22667], [106.38181, -6.22586], [106.38329, -6.22403], [106.38126, -6.22091], [106.37827, -6.21991], [106.37955, -6.21863], [106.37817, -6.21848], [106.37699, -6.22012], [106.37553, -6.2202], [106.37312, -6.22158], [106.37035, -6.21875], [106.36698, -6.21798], [106.36669, -6.21396], [106.36755, -6.21292], [106.36954, -6.21239], [106.36955, -6.21066], [106.37094, -6.20969], [106.37185, -6.21017], [106.3724, -6.21187], [106.37418, -6.21198], [106.37447, -6.21084], [106.37283, -6.20789], [106.37418, -6.20626], [106.37704, -6.20482], [106.37745, -6.20357], [106.37652, -6.20245], [106.37656, -6.20152], [106.37929, -6.20075], [106.3783, -6.19866], [106.3784, -6.19596], [106.37694, -6.19552], [106.37353, -6.19609], [106.37269, -6.19552], [106.37392, -6.19315], [106.37378, -6.19148], [106.37714, -6.18907], [106.37779, -6.18789], [106.37854, -6.18766], [106.38, -6.18907], [106.38003, -6.18644], [106.38212, -6.18652], [106.38351, -6.18562], [106.38526, -6.18633], [106.38991, -6.18552], [106.39502, -6.18649], [106.39865, -6.18592], [106.40788, -6.18661], [106.4113, -6.18523], [106.41198, -6.18409], [106.41197, -6.1823], [106.4175, -6.18302], [106.42101, -6.18668], [106.43018, -6.19079], [106.43061, -6.19198], [106.43017, -6.19235], [106.42429, -6.19359], [106.42483, -6.19671], [106.42603, -6.19862], [106.42327, -6.20762], [106.41987, -6.21259], [106.41712, -6.21872], [106.41475, -6.21827], [106.41364, -6.22136], [106.40812, -6.22056], [106.40712, -6.22738]]]}}, {"type": "Feature", "properties": {"domain_id": "360304", "name": "JAMBE"}, "geometry": {"type": "Polygon", "coordinates": [[[106.50179, -6.35262], [106.48289, -6.3494], [106.48154, -6.35033], [106.47627, -6.35075], [106.47636, -6.34784], [106.4771, -6.34656], [106.47617, -6.34507], [106.47636, -6.34413], [106.48037, -6.34366], [106.4818, -6.34427], [106.48348, -6.34285], [106.48253, -6.3426], [106.48368, -6.33966], [106.48246, -6.33724], [106.48248, -6.33582], [106.48311, -6.33568], [106.48173, -6.3344], [106.48245, -6.33404], [106.48273, -6.33255], [106.4817, -6.33207], [106.48375, -6.331], [106.48435, -6.32875], [106.48342, -6.32668], [106.48417, -6.32532], [106.48348, -6.32256], [106.48267, -6.32231], [106.48249, -6.32152], [106.48033, -6.32075], [106.48038, -6.31842], [106.47916, -6.31753], [106.47927, -6.31659], [106.47819, -6.31665], [106.47848, -6.31416], [106.47733, -6.31245], [106.47705, -6.31067], [106.476, -6.31073], [106.4762, -6.30887], [106.4719, -6.30749], [106.47183, -6.30618], [106.47001, -6.30511], [106.46925, -6.30349], [106.47034, -6.30253], [106.47498, -6.30117], [106.47641, -6.29946], [106.48684, -6.29467], [106.4896, -6.29302], [106.48961, -6.2916], [106.49117, -6.29098], [106.49148, -6.29148], [106.49335, -6.29119], [106.49332, -6.29029], [106.49444, -6.29037], [106.49449, -6.2898], [106.49661, -6.28867], [106.49955, -6.28786], [106.50005, -6.28831], [106.50218, -6.28712], [106.50409, -6.28737], [106.50506, -6.2891], [106.50405, -6.29049], [106.50569, -6.28998], [106.50619, -6.29052], [106.50472, -6.29192], [106.50616, -6.29237], [106.50606, -6.29164], [106.50747, -6.29136], [106.50804, -6.2905], [106.50858, -6.29187], [106.50914, -6.29018], [106.51019, -6.29187], [106.5104, -6.2903], [106.51189, -6.28997], [106.51242, -6.29105], [106.51103, -6.2913], [106.51113, -6.29273], [106.5142, -6.29427], [106.51155, -6.29613], [106.5117, -6.29846], [106.51011, -6.29846], [106.5102, -6.29991], [106.50823, -6.30093], [106.50808, -6.30262], [106.50723, -6.30352], [106.50845, -6.30321], [106.5107, -6.30481], [106.50996, -6.30793], [106.50879, -6.30833], [106.50951, -6.30938], [106.50897, -6.31023], [106.51095, -6.3102], [106.51241, -6.31312], [106.51426, -6.31263], [106.51533, -6.31321], [106.51519, -6.31376], [106.51399, -6.31343], [106.51369, -6.3146], [106.51583, -6.31551], [106.5159, -6.31604], [106.51374, -6.3169], [106.51377, -6.31738], [106.51695, -6.31753], [106.5163, -6.31884], [106.51319, -6.31914], [106.51317, -6.31991], [106.51477, -6.32064], [106.51323, -6.32121], [106.51255, -6.32265], [106.51502, -6.32491], [106.51339, -6.32551], [106.51328, -6.32612], [106.51459, -6.32754], [106.51357, -6.32768], [106.51363, -6.32853], [106.51273, -6.32937], [106.51371, -6.32998], [106.51434, -6.32931], [106.51524, -6.32983], [106.5151, -6.33229], [106.5164, -6.33249], [106.51874, -6.33156], [106.52016, -6.33333], [106.52151, -6.33211], [106.52277, -6.33374], [106.5246, -6.33362], [106.52445, -6.33546], [106.5265, -6.33636], [106.52602, -6.33737], [106.52432, -6.33804], [106.52467, -6.33901], [106.52744, -6.33869], [106.52827, -6.33939], [106.52995, -6.3376], [106.53073, -6.3391], [106.53188, -6.33964], [106.53041, -6.34128], [106.53138, -6.34292], [106.53006, -6.34322], [106.5284, -6.34521], [106.52956, -6.34593], [106.52969, -6.34683], [106.52835, -6.3469], [106.52804, -6.34798], [106.52705, -6.3482], [106.52618, -6.34948], [106.52366, -6.3503], [106.5221, -6.35015], [106.52156, -6.35116], [106.52188, -6.35287], [106.51933, -6.35487], [106.51763, -6.35361], [106.5174, -6.3523], [106.51652, -6.3516], [106.51288, -6.35335], [106.50179, -6.35262]]]}}, {"type": "Feature", "properties": {"domain_id": "360305", "name": "CISOKA"}, "geometry": {"type": "Polygon", "coordinates": [[[106.42721, -6.28324], [106.42721, -6.28365], [106.41938, -6.28438], [106.41819, -6.28111], [106.416, -6.28044], [106.41578, -6.28157], [106.41141, -6.28146], [106.40897, -6.284], [106.4085, -6.28256], [106.40602, -6.2796], [106.39517, -6.28007], [106.39306, -6.27853], [106.3933, -6.27624], [106.39231, -6.27466], [106.38929, -6.2768], [106.38738, -6.27522], [106.38731, -6.27399], [106.38914, -6.27208], [106.38774, -6.27012], [106.38937, -6.26855], [106.38733, -6.26848], [106.38651, -6.26666], [106.38481, -6.26603], [106.38776, -6.26466], [106.38583, -6.26142], [106.38349, -6.26233], [106.38275, -6.26159], [106.38416, -6.25665], [106.38541, -6.25531], [106.38527, -6.25351], [106.386, -6.25271], [106.38524, -6.24888], [106.38726, -6.24818], [106.38717, -6.24635], [106.38864, -6.24493], [106.38656, -6.24274], [106.38654, -6.24046], [106.38459, -6.24118], [106.38395, -6.24024], [106.38588, -6.23819], [106.38428, -6.23229], [106.38492, -6.23132], [106.3871, -6.23049], [106.38553, -6.22923], [106.38638, -6.22848], [106.38676, -6.22687], [106.38754, -6.22695], [106.38871, -6.22881], [106.38987, -6.22911], [106.39154, -6.233], [106.39547, -6.23639], [106.40189, -6.2387], [106.40286, -6.23717], [106.41373, -6.23808], [106.41723, -6.23779], [106.4249, -6.2358], [106.42611, -6.23379], [106.42723, -6.23328], [106.43064, -6.23308], [106.43775, -6.23393], [106.4383, -6.23522], [106.43722, -6.23595], [106.43798, -6.23662], [106.43752, -6.23832], [106.43878, -6.23879], [106.43943, -6.23996], [106.43942, -6.24391], [106.43873, -6.24528], [106.43948, -6.24574], [106.43853, -6.24745], [106.43846, -6.2492], [106.44005, -6.2508], [106.43947, -6.25376], [106.44121, -6.2559], [106.43964, -6.25675], [106.43953, -6.25839], [106.44033, -6.259], [106.44104, -6.25853], [106.44104, -6.25927], [106.44239, -6.25984], [106.44759, -6.26069], [106.4479, -6.26231], [106.4491, -6.26287], [106.44884, -6.26502], [106.45061, -6.26745], [106.45175, -6.27281], [106.45209, -6.27939], [106.45105, -6.2819], [106.45179, -6.28412], [106.45134, -6.28656], [106.4486, -6.28641], [106.44405, -6.28767], [106.44214, -6.28752], [106.44195, -6.28852], [106.44091, -6.28723], [106.44039, -6.28774], [106.43903, -6.2864], [106.4399, -6.28457], [106.43935, -6.28164], [106.43566, -6.27932], [106.43118, -6.28303], [106.42967, -6.2832], [106.42798, -6.28144], [106.42745, -6.28154], [106.42721, -6.28324]]]}}, {"type": "Feature", "properties": {"domain_id": "367207", "name": "PURWAKARTA"}, "geometry": {"type": "Polygon", "coordinates": [[[106.04472, -6.00827], [106.04666, -6.00935], [106.04696, -6.01369], [106.04644, -6.01557], [106.04125, -6.0118], [106.02508, -6.00928], [106.02426, -6.00667], [106.02282, -6.00497], [106.02417, -6.00432], [106.02563, -6.00509], [106.03038, -6.00495], [106.02845, -6.00114], [106.02792, -6.00141], [106.02719, -6.00005], [106.02785, -5.99928], [106.02785, -5.99701], [106.02777, -5.99583], [106.02712, -5.99569], [106.0325, -5.98738], [106.03277, -5.98404], [106.03217, -5.98356], [106.0325, -5.98316], [106.03562, -5.9848], [106.03675, -5.98293], [106.03869, -5.98168], [106.04035, -5.97819], [106.04163, -5.97687], [106.04216, -5.97258], [106.04105, -5.96969], [106.0424, -5.96543], [106.04061, -5.96178], [106.03793, -5.95995], [106.04, -5.95861], [106.04152, -5.95359], [106.04446, -5.95075], [106.04492, -5.94958], [106.05006, -5.95108], [106.05364, -5.95593], [106.05636, -5.95708], [106.05696, -5.95861], [106.05789, -5.9587], [106.05933, -5.96268], [106.05946, -5.96607], [106.05694, -5.97233], [106.05794, -5.97308], [106.05969, -5.97818], [106.05982, -5.9802], [106.05922, -5.98092], [106.06376, -5.98586], [106.06453, -5.98546], [106.06755, -5.98655], [106.06813, -5.98868], [106.0645, -5.99319], [106.06393, -5.9921], [106.06114, -5.99112], [106.06035, -5.99184], [106.05975, -5.99138], [106.05786, -5.99427], [106.05618, -5.99362], [106.05366, -5.99495], [106.0583, -6.00003], [106.05909, -6.0027], [106.05742, -6.00248], [106.05599, -6.00433], [106.05413, -6.00523], [106.05448, -6.00603], [106.05219, -6.00658], [106.05047, -6.00858], [106.04975, -6.00742], [106.0494, -6.00827], [106.04703, -6.00876], [106.04747, -6.0077], [106.04703, -6.00669], [106.04533, -6.00642], [106.04424, -6.00807], [106.04472, -6.00827]]]}}, {"type": "Feature", "properties": {"domain_id": "367203", "name": "PULOMERAK"}, "geometry": {"type": "MultiPolygon", "coordinates": [[[[106.00027, -5.94043], [105.99953, -5.93948], [105.99833, -5.93995], [105.99794, -5.93888], [105.99829, -5.93766], [105.99892, -5.93888], [105.99885, -5.938], [106.0003, -5.93819], [106.00036, -5.93597], [106.0001, -5.93703], [105.99839, -5.93652], [105.99919, -5.93456], [105.99725, -5.93175], [105.99486, -5.93054], [105.99342, -5.92897], [105.99488, -5.92704], [105.99461, -5.92517], [105.9938, -5.92525], [105.99175, -5.92291], [105.9966, -5.91865], [105.99684, -5.919], [105.99465, -5.9212], [105.99575, -5.92231], [105.99769, -5.92036], [105.9993, -5.92134], [105.99951, -5.92217], [106.00026, -5.92215], [106.00126, -5.91947], [106.00385, -5.92078], [106.00496, -5.91806], [106.00446, -5.91811], [106.00402, -5.91612], [106.0013, -5.91472], [106.00119, -5.91312], [106.00425, -5.9103], [106.00613, -5.90963], [106.00722, -5.9101], [106.00686, -5.91047], [106.00713, -5.91177], [106.0073, -5.91189], [106.00745, -5.91189], [106.0075, -5.91187], [106.00708, -5.91061], [106.00841, -5.91017], [106.00732, -5.90905], [106.00889, -5.9095], [106.0093, -5.90937], [106.00757, -5.90858], [106.00857, -5.90668], [106.00795, -5.90602], [106.00827, -5.90462], [106.01221, -5.90338], [106.01356, -5.90395], [106.01335, -5.90334], [106.01411, -5.90417], [106.01429, -5.90338], [106.01467, -5.90428], [106.01486, -5.9045], [106.01414, -5.90296], [106.01507, -5.90302], [106.01477, -5.90226], [106.01596, -5.90209], [106.01558, -5.90127], [106.01667, -5.90282], [106.01688, -5.90108], [106.01859, -5.90156], [106.01782, -5.90073], [106.0172, -5.90088], [106.01719, -5.89968], [106.01648, -5.89944], [106.01643, -5.89781], [106.01718, -5.89789], [106.01738, -5.89703], [106.016, -5.89676], [106.01645, -5.89628], [106.01781, -5.89668], [106.01596, -5.89564], [106.01565, -5.89635], [106.01556, -5.89593], [106.01586, -5.89542], [106.01814, -5.89657], [106.01587, -5.89481], [106.01591, -5.89412], [106.01958, -5.89086], [106.01984, -5.89378], [106.0214, -5.89422], [106.02149, -5.89042], [106.02532, -5.88815], [106.02734, -5.88965], [106.02921, -5.88892], [106.02859, -5.88673], [106.03091, -5.88579], [106.03134, -5.88462], [106.03063, -5.88426], [106.03579, -5.88455], [106.03691, -5.88318], [106.03495, -5.88132], [106.03825, -5.88366], [106.04108, -5.87609], [106.03973, -5.8862], [106.03963, -5.89966], [106.04088, -5.90093], [106.04108, -5.90424], [106.0429, -5.90603], [106.04386, -5.91025], [106.04483, -5.91143], [106.03734, -5.92264], [106.03306, -5.92677], [106.03229, -5.92832], [106.03142, -5.93383], [106.03457, -5.93905], [106.03591, -5.9433], [106.03358, -5.94556], [106.03199, -5.9459], [106.02995, -5.95305], [106.02716, -5.95486], [106.02651, -5.95619], [106.02483, -5.95684], [106.02355, -5.95565], [106.02355, -5.95337], [106.02147, -5.95325], [106.01997, -5.95425], [106.01915, -5.95343], [106.01634, -5.95278], [106.0192, -5.95089], [106.01789, -5.94795], [106.01639, -5.94705], [106.01443, -5.94644], [106.00805, -5.94667], [106.0066, -5.94785], [106.00661, -5.94859], [106.00554, -5.94817], [106.00582, -5.94757], [106.00262, -5.94719], [106.00193, -5.94445], [106.00241, -5.94366], [106.0017, -5.94357], [106.0018, -5.94266], [106.00027, -5.94043]]], [[[105.98789, -5.93096], [105.99068, -5.93073], [105.99353, -5.93225], [105.99357, -5.93361], [105.99074, -5.93692], [105.98763, -5.93724], [105.9869, -5.93643], [105.98653, -5.93366], [105.98542, -5.93172], [105.98789, -5.93096]]]]}}, {"type": "Feature", "properties": {"domain_id": "360121", "name": "PANDEGLANG"}, "geometry": {"type": "Polygon", "coordinates": [[[106.12825, -6.32408], [106.13025, -6.32668], [106.1296, -6.33326], [106.1298, -6.33425], [106.13167, -6.33616], [106.13224, -6.3444], [106.13142, -6.3491], [106.12913, -6.35334], [106.12967, -6.35742], [106.12553, -6.35835], [106.12516, -6.35652], [106.12323, -6.35647], [106.12167, -6.35787], [106.12013, -6.35831], [106.11798, -6.35686], [106.11683, -6.35715], [106.11551, -6.35475], [106.11617, -6.3537], [106.11447, -6.3538], [106.1151, -6.35211], [106.11471, -6.345], [106.11081, -6.34427], [106.11059, -6.34304], [106.11135, -6.34169], [106.11027, -6.33949], [106.11213, -6.33484], [106.11179, -6.33157], [106.10969, -6.3302], [106.10808, -6.33002], [106.10559, -6.32821], [106.10652, -6.32649], [106.10794, -6.32548], [106.10886, -6.32322], [106.10895, -6.3189], [106.10988, -6.31727], [106.10902, -6.31652], [106.10487, -6.317], [106.1035, -6.31491], [106.1014, -6.31527], [106.10041, -6.31462], [106.10078, -6.31357], [106.10035, -6.31312], [106.09738, -6.31179], [106.09614, -6.30844], [106.0973, -6.30771], [106.09708, -6.30706], [106.09463, -6.30555], [106.094, -6.3041], [106.0924, -6.30272], [106.09089, -6.30213], [106.0904, -6.29754], [106.09235, -6.29639], [106.09282, -6.29531], [106.09112, -6.29346], [106.09449, -6.29444], [106.09683, -6.296], [106.09828, -6.29834], [106.10137, -6.30063], [106.10327, -6.29876], [106.10454, -6.29634], [106.10573, -6.29633], [106.10747, -6.29773], [106.10929, -6.29723], [106.11052, -6.29764], [106.11226, -6.2931], [106.11447, -6.29321], [106.11586, -6.29692], [106.11894, -6.29875], [106.1185, -6.2999], [106.11542, -6.30238], [106.12065, -6.30501], [106.12429, -6.30565], [106.12558, -6.30532], [106.12851, -6.31721], [106.12791, -6.31996], [106.12825, -6.32408]]]}}, {"type": "Feature", "properties": {"domain_id": "367204", "name": "CIWANDAN"}, "geometry": {"type": "Polygon", "coordinates": [[[105.94619, -6.02013], [105.94781, -6.01987], [105.94843, -6.0214], [105.95013, -6.02187], [105.94987, -6.0226], [105.95195, -6.02117], [105.9523, -6.02023], [105.95179, -6.01916], [105.95346, -6.01761], [105.9552, -6.01776], [105.95758, -6.02011], [105.95882, -6.0185], [105.95572, -6.01492], [105.95875, -6.01163], [105.96, -6.01238], [105.96555, -6.00955], [105.96771, -6.01198], [105.96892, -6.01091], [105.96977, -6.01107], [105.9698, -6.00932], [105.96754, -6.00715], [105.96877, -6.00484], [105.97169, -6.0021], [105.97133, -6.00129], [105.97213, -6.00115], [105.97151, -6.00012], [105.97264, -6.0009], [105.97241, -6.00028], [105.97504, -5.99952], [105.97813, -5.99722], [105.9811, -5.99732], [105.9839, -5.99627], [105.9857, -5.99814], [105.98452, -5.99961], [105.98782, -6.0024], [105.98664, -6.00399], [105.98732, -6.00487], [105.9867, -6.00554], [105.98927, -6.00856], [105.98684, -6.00973], [105.98707, -6.01041], [105.98743, -6.01096], [105.989, -6.01063], [105.99084, -6.01192], [105.99184, -6.01187], [105.99315, -6.01452], [105.99436, -6.01421], [105.9953, -6.01962], [105.99642, -6.02001], [105.99672, -6.02114], [105.99932, -6.02255], [105.99928, -6.02306], [106.00162, -6.02344], [106.00065, -6.02775], [105.99865, -6.03128], [106.0, -6.03374], [106.00064, -6.03709], [106.00384, -6.04178], [106.00332, -6.04327], [106.00466, -6.04577], [106.00228, -6.04612], [105.99936, -6.04261], [105.99484, -6.04263], [105.99378, -6.04039], [105.9913, -6.04061], [105.99136, -6.04258], [105.98818, -6.04258], [105.98754, -6.04091], [105.98827, -6.04107], [105.9888, -6.04041], [105.98763, -6.03775], [105.98485, -6.03791], [105.9811, -6.04023], [105.98566, -6.04535], [105.98856, -6.04753], [105.98758, -6.04973], [105.98769, -6.05185], [105.9884, -6.05249], [105.98628, -6.05438], [105.98563, -6.05578], [105.98651, -6.05796], [105.98699, -6.06222], [105.98656, -6.06241], [105.97618, -6.05525], [105.97679, -6.05383], [105.9761, -6.05251], [105.97212, -6.05076], [105.97287, -6.05], [105.97212, -6.04962], [105.96613, -6.05148], [105.96491, -6.05361], [105.96481, -6.056], [105.96388, -6.05788], [105.9609, -6.05681], [105.95588, -6.05611], [105.95524, -6.05621], [105.95511, -6.05757], [105.95373, -6.05807], [105.95097, -6.05381], [105.94775, -6.05197], [105.94433, -6.04589], [105.94306, -6.04593], [105.93909, -6.05212], [105.93761, -6.05257], [105.93472, -6.05167], [105.92918, -6.04755], [105.92779, -6.04925], [105.92452, -6.04844], [105.92516, -6.04725], [105.92622, -6.04756], [105.92199, -6.04581], [105.92168, -6.04468], [105.92235, -6.04361], [105.92512, -6.04187], [105.92806, -6.03663], [105.9302, -6.0343], [105.93022, -6.03346], [105.93091, -6.03353], [105.9337, -6.03076], [105.93348, -6.03032], [105.93413, -6.03041], [105.93913, -6.02609], [105.93963, -6.02421], [105.9416, -6.02298], [105.94195, -6.02128], [105.94619, -6.02013]]]}}, {"type": "Feature", "properties": {"domain_id": "360317", "name": "CURUG"}, "geometry": {"type": "Polygon", "coordinates": [[[106.58652, -6.26124], [106.58515, -6.26319], [106.58503, -6.26473], [106.58206, -6.26439], [106.58131, -6.26539], [106.57776, -6.26661], [106.57678, -6.26877], [106.57336, -6.26946], [106.57273, -6.271], [106.57167, -6.27061], [106.57132, -6.27315], [106.57046, -6.27291], [106.56906, -6.27624], [106.56842, -6.27586], [106.56786, -6.27686], [106.56607, -6.2765], [106.56571, -6.27491], [106.55972, -6.27422], [106.5592, -6.27156], [106.55722, -6.27196], [106.55633, -6.27148], [106.55466, -6.27283], [106.55343, -6.27264], [106.55356, -6.27181], [106.55153, -6.27147], [106.5515, -6.27003], [106.54909, -6.26951], [106.5484, -6.26797], [106.54692, -6.2676], [106.54643, -6.26684], [106.54566, -6.26715], [106.54548, -6.26605], [106.5462, -6.2646], [106.54568, -6.26331], [106.54458, -6.26302], [106.54413, -6.26369], [106.54283, -6.26379], [106.542, -6.26305], [106.53991, -6.26286], [106.53949, -6.26171], [106.53874, -6.26254], [106.53854, -6.26051], [106.53748, -6.25924], [106.53685, -6.25928], [106.53699, -6.25616], [106.53831, -6.25459], [106.53922, -6.25439], [106.54081, -6.25144], [106.54038, -6.25019], [106.53928, -6.2502], [106.53936, -6.24928], [106.53724, -6.24895], [106.53739, -6.24739], [106.53862, -6.24666], [106.54004, -6.24408], [106.54129, -6.24385], [106.5413, -6.24246], [106.54284, -6.2419], [106.54163, -6.24122], [106.54324, -6.23945], [106.54322, -6.23874], [106.5441, -6.23834], [106.54362, -6.23704], [106.54455, -6.2368], [106.54528, -6.23558], [106.54605, -6.2357], [106.54834, -6.23321], [106.55024, -6.2335], [106.54974, -6.23246], [106.55012, -6.23123], [106.55095, -6.23133], [106.55203, -6.22956], [106.55085, -6.22916], [106.55351, -6.22563], [106.55498, -6.22495], [106.55529, -6.22288], [106.55689, -6.22249], [106.55752, -6.22054], [106.55695, -6.21981], [106.55794, -6.21927], [106.55713, -6.21863], [106.55781, -6.21806], [106.55813, -6.216], [106.55957, -6.2153], [106.55894, -6.21455], [106.55819, -6.21516], [106.5583, -6.21398], [106.55748, -6.21374], [106.55941, -6.21222], [106.559, -6.21146], [106.55962, -6.21112], [106.559, -6.21044], [106.5577, -6.21077], [106.55785, -6.20957], [106.55637, -6.20946], [106.55747, -6.20858], [106.55685, -6.20776], [106.55792, -6.20747], [106.55784, -6.20657], [106.5567, -6.20708], [106.55635, -6.20556], [106.55538, -6.20506], [106.55561, -6.20409], [106.5542, -6.2039], [106.55347, -6.20295], [106.55279, -6.20323], [106.55294, -6.20252], [106.55233, -6.20212], [106.55327, -6.20148], [106.55261, -6.19949], [106.5542, -6.19944], [106.55787, -6.20076], [106.55807, -6.20146], [106.5632, -6.20413], [106.56908, -6.20627], [106.56658, -6.20831], [106.5649, -6.21124], [106.56956, -6.2128], [106.56953, -6.21324], [106.57073, -6.21332], [106.57085, -6.21205], [106.57149, -6.2121], [106.57133, -6.21411], [106.57334, -6.21432], [106.57323, -6.21555], [106.58033, -6.21634], [106.58076, -6.218], [106.58292, -6.22068], [106.58801, -6.22157], [106.58812, -6.22251], [106.58901, -6.22263], [106.58934, -6.22173], [106.59055, -6.22146], [106.59291, -6.21914], [106.59355, -6.21968], [106.59335, -6.22046], [106.59439, -6.22089], [106.59491, -6.22219], [106.59378, -6.22215], [106.59343, -6.22286], [106.59382, -6.22433], [106.59458, -6.22442], [106.59606, -6.22627], [106.59587, -6.22946], [106.5941, -6.23045], [106.59186, -6.23346], [106.59189, -6.23493], [106.59081, -6.23518], [106.59023, -6.23657], [106.59054, -6.23795], [106.58871, -6.23874], [106.58889, -6.24207], [106.58605, -6.24379], [106.58609, -6.24661], [106.58827, -6.24812], [106.58928, -6.24781], [106.58972, -6.24947], [106.58849, -6.25175], [106.58577, -6.25375], [106.58632, -6.25523], [106.58562, -6.25827], [106.58624, -6.25871], [106.58652, -6.26124]]]}}, {"type": "Feature", "properties": {"domain_id": "360217", "name": "CIKULUR"}, "geometry": {"type": "Polygon", "coordinates": [[[106.1582, -6.42006], [106.15696, -6.42292], [106.15675, -6.42533], [106.15314, -6.42243], [106.15223, -6.42293], [106.15298, -6.42499], [106.15242, -6.42572], [106.15035, -6.42513], [106.1491, -6.42587], [106.15034, -6.42698], [106.15172, -6.43018], [106.15169, -6.43163], [106.15042, -6.43366], [106.14918, -6.43381], [106.14703, -6.43057], [106.1449, -6.4298], [106.14437, -6.43054], [106.14467, -6.43394], [106.14296, -6.43449], [106.14132, -6.4311], [106.14017, -6.43069], [106.13787, -6.43385], [106.13502, -6.43506], [106.13636, -6.43736], [106.13635, -6.43785], [106.13483, -6.43832], [106.13611, -6.44053], [106.1359, -6.44146], [106.13201, -6.44123], [106.13275, -6.44308], [106.13085, -6.44371], [106.1285, -6.44632], [106.12695, -6.44655], [106.12693, -6.44586], [106.1259, -6.44529], [106.12678, -6.44494], [106.12694, -6.444], [106.125, -6.44255], [106.12333, -6.44282], [106.12195, -6.44181], [106.12225, -6.44119], [106.12084, -6.44127], [106.12126, -6.44068], [106.12024, -6.43924], [106.1189, -6.43907], [106.11845, -6.44005], [106.11729, -6.44024], [106.11571, -6.43975], [106.11632, -6.44052], [106.11498, -6.44113], [106.11229, -6.44041], [106.11225, -6.43868], [106.11165, -6.44066], [106.10851, -6.44081], [106.10733, -6.44028], [106.10591, -6.43662], [106.10626, -6.43542], [106.10582, -6.43471], [106.10641, -6.43412], [106.1051, -6.43367], [106.10518, -6.43263], [106.10411, -6.43148], [106.10485, -6.42881], [106.10105, -6.42651], [106.10188, -6.42294], [106.1035, -6.42222], [106.10383, -6.42379], [106.10581, -6.42176], [106.10638, -6.42405], [106.1079, -6.42231], [106.1086, -6.42268], [106.10737, -6.42515], [106.10876, -6.42542], [106.10881, -6.42713], [106.11214, -6.42671], [106.11127, -6.42643], [106.11206, -6.42356], [106.11305, -6.42262], [106.11577, -6.42246], [106.11807, -6.42046], [106.11382, -6.41351], [106.1121, -6.41233], [106.11167, -6.41097], [106.11383, -6.41022], [106.11674, -6.4076], [106.11302, -6.39925], [106.11561, -6.39474], [106.11521, -6.39331], [106.1185, -6.39267], [106.1275, -6.38671], [106.12691, -6.38483], [106.12584, -6.38452], [106.12661, -6.38227], [106.12958, -6.38025], [106.13154, -6.37746], [106.12899, -6.37175], [106.12681, -6.37125], [106.12556, -6.36925], [106.126, -6.36315], [106.12379, -6.35647], [106.12516, -6.35652], [106.12553, -6.35835], [106.12951, -6.35774], [106.12913, -6.35334], [106.12998, -6.35119], [106.13184, -6.3516], [106.13224, -6.35109], [106.1363, -6.35075], [106.13655, -6.3499], [106.13762, -6.35006], [106.13806, -6.34924], [106.1386, -6.34934], [106.13898, -6.34727], [106.14071, -6.34521], [106.14093, -6.34339], [106.1431, -6.34447], [106.14492, -6.34449], [106.14519, -6.34508], [106.14709, -6.34432], [106.14801, -6.3454], [106.14965, -6.34502], [106.15015, -6.34598], [106.14943, -6.34701], [106.15058, -6.34752], [106.15091, -6.35038], [106.15251, -6.35132], [106.15224, -6.35066], [106.1531, -6.35029], [106.15133, -6.34885], [106.15218, -6.34633], [106.15312, -6.34573], [106.1535, -6.3444], [106.15526, -6.34458], [106.15519, -6.34653], [106.15717, -6.34749], [106.15658, -6.3489], [106.1582, -6.35118], [106.1579, -6.35233], [106.15673, -6.3522], [106.15919, -6.35327], [106.16036, -6.35468], [106.15973, -6.35662], [106.16159, -6.35641], [106.1659, -6.35782], [106.16632, -6.35704], [106.16811, -6.35668], [106.16958, -6.35769], [106.16962, -6.35878], [106.17043, -6.35876], [106.17133, -6.36022], [106.17193, -6.35975], [106.17208, -6.36066], [106.17328, -6.3603], [106.17356, -6.36094], [106.17546, -6.3599], [106.17982, -6.36123], [106.18305, -6.36505], [106.18542, -6.36439], [106.18844, -6.36519], [106.18884, -6.36395], [106.18842, -6.3628], [106.18907, -6.3629], [106.18928, -6.36099], [106.19002, -6.36072], [106.19181, -6.36152], [106.19175, -6.36215], [106.19267, -6.36269], [106.19525, -6.36313], [106.19513, -6.36404], [106.19582, -6.36408], [106.19633, -6.36542], [106.19723, -6.36549], [106.19719, -6.36713], [106.19494, -6.36792], [106.1939, -6.36768], [106.19161, -6.36978], [106.18939, -6.36854], [106.18752, -6.36856], [106.18679, -6.36999], [106.18517, -6.36882], [106.18438, -6.36904], [106.18404, -6.36997], [106.18258, -6.36942], [106.18186, -6.37061], [106.18076, -6.37063], [106.17959, -6.36876], [106.18047, -6.37063], [106.17874, -6.37008], [106.17758, -6.37118], [106.1779, -6.37435], [106.1773, -6.37737], [106.17774, -6.3779], [106.18044, -6.37798], [106.18344, -6.37493], [106.19131, -6.37429], [106.19185, -6.37837], [106.19124, -6.37937], [106.18929, -6.37975], [106.1882, -6.38167], [106.18819, -6.38296], [106.18724, -6.38355], [106.18814, -6.38458], [106.18781, -6.38524], [106.18886, -6.38601], [106.19074, -6.3852], [106.19287, -6.38862], [106.1928, -6.39278], [106.19219, -6.39466], [106.19041, -6.39662], [106.18955, -6.40006], [106.18596, -6.40027], [106.18483, -6.40189], [106.1828, -6.40141], [106.18129, -6.40231], [106.18057, -6.40602], [106.17839, -6.40894], [106.17379, -6.40953], [106.17339, -6.41106], [106.174, -6.41298], [106.17344, -6.41357], [106.17138, -6.41277], [106.16658, -6.41509], [106.16289, -6.4108], [106.16064, -6.41261], [106.16035, -6.41394], [106.16219, -6.41815], [106.16396, -6.41851], [106.16407, -6.41948], [106.16305, -6.42029], [106.1582, -6.42006]]]}}, {"type": "Feature", "properties": {"domain_id": "360312", "name": "PASAR KEMIS"}, "geometry": {"type": "Polygon", "coordinates": [[[106.53792, -6.18844], [106.53583, -6.18816], [106.53541, -6.19285], [106.53231, -6.19273], [106.5308, -6.19489], [106.52795, -6.19415], [106.52863, -6.19226], [106.52959, -6.1748], [106.53158, -6.16483], [106.53224, -6.15523], [106.53071, -6.15131], [106.52686, -6.14961], [106.52802, -6.13599], [106.53239, -6.13446], [106.53526, -6.13427], [106.53576, -6.13318], [106.54169, -6.13111], [106.54674, -6.13072], [106.54769, -6.12928], [106.54894, -6.12906], [106.54936, -6.12827], [106.55539, -6.12933], [106.55634, -6.12809], [106.56132, -6.13052], [106.56352, -6.12902], [106.56588, -6.12886], [106.5652, -6.13211], [106.56794, -6.13527], [106.5683, -6.13696], [106.57262, -6.13915], [106.57524, -6.14203], [106.577, -6.14492], [106.57752, -6.14933], [106.58123, -6.15202], [106.58236, -6.1543], [106.58412, -6.15544], [106.58551, -6.15836], [106.58658, -6.15922], [106.58661, -6.16051], [106.58817, -6.16143], [106.58306, -6.16277], [106.58261, -6.1669], [106.58064, -6.16697], [106.58002, -6.16871], [106.57864, -6.17004], [106.57905, -6.17218], [106.57686, -6.1725], [106.57536, -6.1739], [106.57336, -6.17388], [106.57219, -6.17485], [106.56846, -6.17494], [106.56629, -6.17698], [106.56562, -6.17691], [106.56537, -6.17822], [106.56473, -6.17811], [106.56488, -6.17978], [106.56364, -6.17942], [106.56158, -6.18078], [106.56116, -6.18014], [106.56058, -6.18055], [106.56094, -6.18161], [106.55457, -6.1845], [106.55406, -6.18363], [106.55328, -6.18412], [106.55237, -6.1863], [106.55338, -6.18813], [106.55188, -6.18812], [106.55145, -6.19004], [106.54322, -6.18905], [106.54264, -6.19371], [106.53877, -6.19327], [106.53964, -6.18651], [106.53802, -6.18735], [106.53792, -6.18844]]]}}, {"type": "Feature", "properties": {"domain_id": "367208", "name": "CITANGKIL"}, "geometry": {"type": "Polygon", "coordinates": [[[105.98105, -5.99318], [105.98082, -5.99325], [105.98215, -5.99213], [105.98299, -5.99188], [105.98408, -5.9886], [105.98658, -5.98539], [105.99075, -5.98455], [105.99028, -5.98258], [105.98908, -5.9815], [105.98969, -5.98078], [105.99257, -5.98136], [105.99392, -5.98103], [105.9955, -5.98267], [105.99657, -5.98154], [105.99739, -5.98169], [106.00355, -5.98554], [106.00754, -5.98619], [106.01032, -5.98855], [106.01011, -5.99076], [106.0079, -5.99083], [106.00793, -5.99128], [106.01018, -5.99136], [106.01217, -5.99338], [106.01168, -5.99476], [106.0097, -5.99516], [106.00973, -5.99608], [106.01098, -5.99612], [106.01449, -6.00033], [106.0184, -6.00227], [106.02083, -6.00253], [106.02426, -6.00667], [106.02508, -6.00928], [106.03784, -6.01113], [106.04265, -6.01254], [106.04644, -6.01557], [106.04299, -6.01693], [106.0433, -6.01902], [106.04622, -6.02016], [106.04845, -6.01979], [106.04731, -6.02276], [106.04228, -6.02185], [106.041, -6.02761], [106.03983, -6.02855], [106.04021, -6.02969], [106.03944, -6.0309], [106.03793, -6.03007], [106.03737, -6.03067], [106.03578, -6.03015], [106.03519, -6.03145], [106.03336, -6.03175], [106.03556, -6.03591], [106.03368, -6.0374], [106.03374, -6.04043], [106.03085, -6.04097], [106.02964, -6.04001], [106.0272, -6.03996], [106.02531, -6.04089], [106.02247, -6.04107], [106.01625, -6.04375], [106.01241, -6.04336], [106.01192, -6.04236], [106.00767, -6.04262], [106.00717, -6.04496], [106.00609, -6.04449], [106.00466, -6.04577], [106.00332, -6.04327], [106.00384, -6.04178], [106.00064, -6.03709], [106.0, -6.03374], [105.99865, -6.03128], [106.00065, -6.02775], [106.00162, -6.02344], [105.99928, -6.02306], [105.99932, -6.02255], [105.99672, -6.02114], [105.99642, -6.02001], [105.9953, -6.01962], [105.99436, -6.01421], [105.99315, -6.01452], [105.99184, -6.01187], [105.99084, -6.01192], [105.989, -6.01063], [105.98743, -6.01096], [105.98684, -6.00973], [105.98927, -6.00856], [105.9867, -6.00554], [105.98732, -6.00487], [105.98664, -6.00399], [105.98782, -6.0024], [105.98452, -5.99961], [105.9857, -5.99814], [105.98074, -5.9942], [105.98105, -5.99318]]]}}, {"type": "Feature", "properties": {"domain_id": "360318", "name": "CIKUPA"}, "geometry": {"type": "Polygon", "coordinates": [[[106.51792, -6.24678], [106.51469, -6.24562], [106.50875, -6.24482], [106.50877, -6.24433], [106.50512, -6.24529], [106.50253, -6.24467], [106.5018, -6.24403], [106.50121, -6.24142], [106.50064, -6.242], [106.49737, -6.24241], [106.49661, -6.24359], [106.49343, -6.24406], [106.4921, -6.24501], [106.49076, -6.2439], [106.48976, -6.24555], [106.48886, -6.24508], [106.48979, -6.2442], [106.48819, -6.24388], [106.4885, -6.24252], [106.48913, -6.24236], [106.48856, -6.24144], [106.48693, -6.24395], [106.48616, -6.24311], [106.48563, -6.24393], [106.48498, -6.24379], [106.48578, -6.24241], [106.48541, -6.24074], [106.4845, -6.2417], [106.48421, -6.24057], [106.48378, -6.24172], [106.48298, -6.24175], [106.48402, -6.23946], [106.48534, -6.23954], [106.48548, -6.23886], [106.48332, -6.23797], [106.48266, -6.23695], [106.48058, -6.23718], [106.48049, -6.23584], [106.47947, -6.23559], [106.48086, -6.23351], [106.48225, -6.23408], [106.48261, -6.23331], [106.4829, -6.2345], [106.48377, -6.23474], [106.48379, -6.23318], [106.48136, -6.23268], [106.48177, -6.23165], [106.48063, -6.23129], [106.48074, -6.23011], [106.47944, -6.23089], [106.48017, -6.22936], [106.47822, -6.22849], [106.48014, -6.22817], [106.48055, -6.22657], [106.47737, -6.22626], [106.47731, -6.22562], [106.47937, -6.22535], [106.47943, -6.22476], [106.47833, -6.22424], [106.47945, -6.22212], [106.4784, -6.22202], [106.47866, -6.22105], [106.47752, -6.2218], [106.47716, -6.2208], [106.47764, -6.22001], [106.47614, -6.21854], [106.47653, -6.21753], [106.47567, -6.21629], [106.47708, -6.21472], [106.47768, -6.21487], [106.47826, -6.21649], [106.479, -6.21539], [106.47631, -6.2121], [106.47761, -6.21057], [106.47736, -6.20964], [106.47912, -6.2098], [106.47832, -6.20565], [106.47764, -6.20601], [106.47674, -6.20546], [106.47834, -6.20297], [106.47725, -6.20265], [106.47659, -6.20316], [106.47655, -6.20145], [106.47403, -6.20052], [106.47365, -6.19985], [106.47273, -6.20116], [106.472, -6.20105], [106.47189, -6.20022], [106.47035, -6.20083], [106.47079, -6.20004], [106.47222, -6.19962], [106.47189, -6.1978], [106.46922, -6.19641], [106.46835, -6.19276], [106.46732, -6.19244], [106.46667, -6.19042], [106.4689, -6.1903], [106.4694, -6.18916], [106.47893, -6.19021], [106.48244, -6.1892], [106.48424, -6.19134], [106.48372, -6.19457], [106.48489, -6.19572], [106.48822, -6.19633], [106.49124, -6.19867], [106.4929, -6.1992], [106.4954, -6.19845], [106.49843, -6.19876], [106.50202, -6.19823], [106.50714, -6.19914], [106.51056, -6.19915], [106.51044, -6.19841], [106.51812, -6.19935], [106.51818, -6.19869], [106.52025, -6.19778], [106.52052, -6.19858], [106.5245, -6.19906], [106.52526, -6.19987], [106.52652, -6.19841], [106.52795, -6.19415], [106.5308, -6.19489], [106.53231, -6.19273], [106.53541, -6.19285], [106.53583, -6.18816], [106.53792, -6.18844], [106.53802, -6.18735], [106.53964, -6.18651], [106.53877, -6.19327], [106.54264, -6.19371], [106.54322, -6.18905], [106.55399, -6.19034], [106.55323, -6.19605], [106.55393, -6.19777], [106.55277, -6.19836], [106.55256, -6.20003], [106.55326, -6.2016], [106.55233, -6.20221], [106.55294, -6.20252], [106.55282, -6.20326], [106.55347, -6.20295], [106.5542, -6.2039], [106.55561, -6.20409], [106.55538, -6.20506], [106.55635, -6.20556], [106.55666, -6.20705], [106.55784, -6.20657], [106.55792, -6.20747], [106.55685, -6.20776], [106.55747, -6.20858], [106.55637, -6.20946], [106.55785, -6.20957], [106.5577, -6.21077], [106.559, -6.21044], [106.55962, -6.21112], [106.559, -6.21146], [106.55941, -6.21222], [106.55748, -6.21374], [106.5583, -6.21398], [106.55819, -6.21516], [106.55894, -6.21455], [106.55957, -6.2153], [106.55813, -6.216], [106.55781, -6.21806], [106.55713, -6.21863], [106.55794, -6.21927], [106.55695, -6.21981], [106.55752, -6.22054], [106.55689, -6.22249], [106.55529, -6.22288], [106.55498, -6.22495], [106.55351, -6.22563], [106.55085, -6.22916], [106.55203, -6.22956], [106.55095, -6.23133], [106.55012, -6.23123], [106.54974, -6.23246], [106.55024, -6.2335], [106.54834, -6.23321], [106.54605, -6.2357], [106.54528, -6.23558], [106.54455, -6.2368], [106.54362, -6.23704], [106.5441, -6.23834], [106.54322, -6.23874], [106.54324, -6.23945], [106.54163, -6.24122], [106.54284, -6.2419], [106.5413, -6.24246], [106.54129, -6.24385], [106.54009, -6.24404], [106.53861, -6.24586], [106.53765, -6.24512], [106.53673, -6.24546], [106.53477, -6.24479], [106.53316, -6.24265], [106.53015, -6.24708], [106.52654, -6.24428], [106.52418, -6.24332], [106.52274, -6.24348], [106.52177, -6.24619], [106.51952, -6.245], [106.51869, -6.2454], [106.51845, -6.24722], [106.51792, -6.24678]]]}}, {"type": "Feature", "properties": {"domain_id": "360331", "name": "SOLEAR"}, "geometry": {"type": "Polygon", "coordinates": [[[106.4296, -6.32516], [106.43088, -6.32573], [106.43387, -6.32352], [106.43461, -6.32103], [106.43585, -6.31976], [106.44163, -6.3194], [106.44264, -6.32531], [106.44061, -6.3268], [106.43766, -6.33398], [106.43102, -6.34216], [106.42977, -6.34559], [106.42782, -6.3472], [106.42769, -6.34846], [106.42269, -6.34656], [106.42195, -6.3467], [106.42062, -6.34916], [106.41837, -6.34638], [106.41753, -6.34758], [106.41639, -6.34769], [106.41584, -6.34609], [106.41379, -6.34623], [106.41321, -6.34421], [106.411, -6.34512], [106.40994, -6.34471], [106.40958, -6.34354], [106.41093, -6.34012], [106.41071, -6.3392], [106.40831, -6.33926], [106.4064, -6.34033], [106.40479, -6.33951], [106.4032, -6.33657], [106.40445, -6.33572], [106.40467, -6.33446], [106.4007, -6.33112], [106.40288, -6.32798], [106.40238, -6.32579], [106.40189, -6.32552], [106.39938, -6.32752], [106.39883, -6.32597], [106.40074, -6.32509], [106.40066, -6.32408], [106.3997, -6.32386], [106.3988, -6.3249], [106.39779, -6.32472], [106.39832, -6.32029], [106.39969, -6.31876], [106.39928, -6.31784], [106.39715, -6.31779], [106.39693, -6.31716], [106.39932, -6.31601], [106.39826, -6.31533], [106.39539, -6.31591], [106.39192, -6.31393], [106.39274, -6.31308], [106.39441, -6.31403], [106.39464, -6.30947], [106.39575, -6.30688], [106.39455, -6.30519], [106.39742, -6.30488], [106.39867, -6.30373], [106.39893, -6.30256], [106.39843, -6.29748], [106.39484, -6.29386], [106.39365, -6.28751], [106.3924, -6.28577], [106.39277, -6.28347], [106.39047, -6.28225], [106.39042, -6.28083], [106.39167, -6.27947], [106.39259, -6.2796], [106.3941, -6.28121], [106.39554, -6.27972], [106.39763, -6.28019], [106.40398, -6.27934], [106.40602, -6.2796], [106.4085, -6.28256], [106.40897, -6.284], [106.41141, -6.28146], [106.41578, -6.28157], [106.416, -6.28044], [106.41714, -6.28055], [106.41846, -6.28145], [106.41938, -6.28438], [106.42039, -6.2845], [106.42721, -6.28365], [106.42745, -6.28154], [106.42798, -6.28144], [106.42967, -6.2832], [106.43118, -6.28303], [106.43566, -6.27932], [106.43935, -6.28164], [106.4399, -6.28457], [106.43903, -6.2864], [106.44039, -6.28774], [106.44091, -6.28723], [106.44195, -6.28852], [106.44214, -6.28752], [106.44405, -6.28767], [106.4486, -6.28641], [106.45134, -6.28656], [106.45179, -6.28412], [106.45105, -6.2819], [106.45209, -6.27939], [106.45175, -6.27281], [106.45061, -6.26745], [106.44884, -6.26502], [106.44914, -6.26297], [106.4479, -6.26231], [106.44759, -6.26069], [106.44945, -6.26069], [106.44956, -6.25988], [106.45086, -6.25983], [106.45055, -6.25878], [106.45228, -6.25887], [106.45255, -6.25804], [106.45349, -6.25807], [106.45383, -6.26004], [106.45717, -6.26168], [106.45673, -6.2642], [106.45752, -6.26444], [106.45729, -6.26529], [106.45893, -6.2654], [106.45789, -6.26654], [106.45986, -6.26736], [106.46082, -6.27093], [106.4628, -6.27117], [106.46259, -6.27215], [106.46317, -6.2726], [106.46471, -6.27249], [106.46504, -6.27546], [106.46347, -6.27514], [106.46306, -6.27756], [106.46231, -6.27784], [106.46297, -6.27924], [106.46242, -6.27995], [106.46308, -6.28033], [106.46242, -6.28074], [106.46206, -6.28273], [106.46095, -6.283], [106.46091, -6.28415], [106.46231, -6.28548], [106.46074, -6.28682], [106.46093, -6.28819], [106.45686, -6.28936], [106.45053, -6.29017], [106.44554, -6.29173], [106.4444, -6.29283], [106.44215, -6.2932], [106.44185, -6.29105], [106.44064, -6.29167], [106.43942, -6.29388], [106.43808, -6.29379], [106.43705, -6.29247], [106.42958, -6.29416], [106.4275, -6.29523], [106.42563, -6.29819], [106.42714, -6.30097], [106.42999, -6.30157], [106.43074, -6.30326], [106.43418, -6.30353], [106.43434, -6.30464], [106.43531, -6.30463], [106.43542, -6.30574], [106.4354, -6.30635], [106.43421, -6.30653], [106.43402, -6.30743], [106.43303, -6.30757], [106.43402, -6.30977], [106.43473, -6.3097], [106.43496, -6.31177], [106.43392, -6.31213], [106.43336, -6.31089], [106.43147, -6.31115], [106.43137, -6.31182], [106.43229, -6.31207], [106.43326, -6.31368], [106.43225, -6.31269], [106.43058, -6.31239], [106.43153, -6.31467], [106.42955, -6.31461], [106.42946, -6.31937], [106.42879, -6.31964], [106.4296, -6.32516]]]}}, {"type": "Feature", "properties": {"domain_id": "360329", "name": "SINDANG JAYA"}, "geometry": {"type": "Polygon", "coordinates": [[[106.53044, -6.17112], [106.52959, -6.1748], [106.52863, -6.19226], [106.52659, -6.19826], [106.52526, -6.19987], [106.5245, -6.19906], [106.52052, -6.19858], [106.52025, -6.19778], [106.51818, -6.19869], [106.51812, -6.19935], [106.51044, -6.19841], [106.51056, -6.19915], [106.50714, -6.19914], [106.50202, -6.19823], [106.49843, -6.19876], [106.4954, -6.19845], [106.49305, -6.19921], [106.49155, -6.19884], [106.48822, -6.19633], [106.48489, -6.19572], [106.48372, -6.19457], [106.48427, -6.19142], [106.48244, -6.1892], [106.47893, -6.19021], [106.4694, -6.18916], [106.46867, -6.18711], [106.46936, -6.18713], [106.46943, -6.1863], [106.47114, -6.18499], [106.47042, -6.18409], [106.47293, -6.18005], [106.47109, -6.17912], [106.47206, -6.17769], [106.47097, -6.17729], [106.47255, -6.1765], [106.471, -6.17411], [106.47049, -6.17502], [106.47085, -6.17664], [106.46871, -6.1771], [106.46889, -6.176], [106.47005, -6.17547], [106.46913, -6.1743], [106.46959, -6.17302], [106.46841, -6.17296], [106.46823, -6.17207], [106.46729, -6.17316], [106.46563, -6.17288], [106.46708, -6.17196], [106.46675, -6.17088], [106.46803, -6.16966], [106.46668, -6.16812], [106.46409, -6.16807], [106.46436, -6.16728], [106.46605, -6.16703], [106.46596, -6.16566], [106.46409, -6.16679], [106.46308, -6.16514], [106.46462, -6.16283], [106.46413, -6.16174], [106.46506, -6.1609], [106.46484, -6.15964], [106.4672, -6.15837], [106.46555, -6.15817], [106.46576, -6.15712], [106.46453, -6.15717], [106.46432, -6.15633], [106.46657, -6.15422], [106.46717, -6.15459], [106.46689, -6.15612], [106.46775, -6.15604], [106.46786, -6.15493], [106.46861, -6.15435], [106.46804, -6.15357], [106.47018, -6.15205], [106.46674, -6.15076], [106.46634, -6.1518], [106.46468, -6.15249], [106.46366, -6.15098], [106.46299, -6.15124], [106.46249, -6.15008], [106.46174, -6.14981], [106.46147, -6.15061], [106.46043, -6.15049], [106.45981, -6.14919], [106.45935, -6.14972], [106.45906, -6.14936], [106.45958, -6.14851], [106.45911, -6.14691], [106.45762, -6.14635], [106.45837, -6.14532], [106.45797, -6.14392], [106.45708, -6.14434], [106.45636, -6.14294], [106.46177, -6.14329], [106.46626, -6.14012], [106.46902, -6.1421], [106.47195, -6.14213], [106.4718, -6.1401], [106.47252, -6.13912], [106.48169, -6.14023], [106.48136, -6.14595], [106.48376, -6.1472], [106.48324, -6.14935], [106.48363, -6.15116], [106.48438, -6.15136], [106.48532, -6.15368], [106.48868, -6.15431], [106.49046, -6.15244], [106.49256, -6.14854], [106.49357, -6.14814], [106.49386, -6.14674], [106.49539, -6.14664], [106.49691, -6.14453], [106.49508, -6.13582], [106.49795, -6.13575], [106.49839, -6.13737], [106.49965, -6.13657], [106.50037, -6.13757], [106.50265, -6.13753], [106.50385, -6.13905], [106.50411, -6.14217], [106.50534, -6.14243], [106.5126, -6.1406], [106.51491, -6.14415], [106.51815, -6.14614], [106.52714, -6.14565], [106.52686, -6.14961], [106.53071, -6.15131], [106.53224, -6.15515], [106.53158, -6.16483], [106.53044, -6.17112]]]}}, {"type": "Feature", "properties": {"domain_id": "360301", "name": "BALARAJA"}, "geometry": {"type": "Polygon", "coordinates": [[[106.44859, -6.22939], [106.44857, -6.23002], [106.4466, -6.22985], [106.44567, -6.23071], [106.44551, -6.23217], [106.44289, -6.23133], [106.4426, -6.23288], [106.43881, -6.23342], [106.43843, -6.23286], [106.43775, -6.23393], [106.43064, -6.23308], [106.42723, -6.23328], [106.42611, -6.23379], [106.4249, -6.2358], [106.41723, -6.23779], [106.41373, -6.23808], [106.40286, -6.23717], [106.40555, -6.23223], [106.40669, -6.23129], [106.40812, -6.22056], [106.41364, -6.22136], [106.41475, -6.21827], [106.41712, -6.21872], [106.41987, -6.21259], [106.42302, -6.20813], [106.42607, -6.19846], [106.42469, -6.1963], [106.42442, -6.19343], [106.43017, -6.19235], [106.43061, -6.19198], [106.43018, -6.19079], [106.43391, -6.18874], [106.43709, -6.18848], [106.43757, -6.19106], [106.43924, -6.18931], [106.44348, -6.18977], [106.44763, -6.18538], [106.44799, -6.18184], [106.44949, -6.17862], [106.44717, -6.17696], [106.44735, -6.17453], [106.44665, -6.17351], [106.44778, -6.17071], [106.44712, -6.16898], [106.44799, -6.16377], [106.45394, -6.16229], [106.45761, -6.16597], [106.46312, -6.16529], [106.46423, -6.16679], [106.46596, -6.16566], [106.46605, -6.16703], [106.46436, -6.16728], [106.46409, -6.16807], [106.46668, -6.16812], [106.46808, -6.16988], [106.46675, -6.17088], [106.46708, -6.17196], [106.46586, -6.1723], [106.46566, -6.17299], [106.46732, -6.17315], [106.46823, -6.17207], [106.46841, -6.17296], [106.46959, -6.17302], [106.46913, -6.1743], [106.47005, -6.17547], [106.46879, -6.17614], [106.46885, -6.17722], [106.47085, -6.17664], [106.47052, -6.17471], [106.47133, -6.17418], [106.47166, -6.17584], [106.47262, -6.17682], [106.471, -6.17722], [106.47206, -6.17769], [106.47104, -6.17902], [106.47293, -6.18005], [106.47042, -6.18409], [106.47114, -6.18499], [106.46943, -6.1863], [106.46936, -6.18713], [106.46867, -6.18711], [106.46934, -6.1898], [106.46667, -6.19042], [106.46729, -6.19239], [106.46827, -6.19266], [106.46867, -6.19391], [106.46804, -6.19451], [106.46826, -6.19575], [106.46705, -6.19588], [106.46785, -6.19683], [106.46761, -6.19895], [106.46845, -6.20145], [106.46624, -6.20369], [106.46543, -6.20747], [106.46661, -6.20862], [106.46644, -6.21025], [106.46532, -6.2115], [106.46454, -6.21594], [106.46367, -6.21658], [106.45494, -6.2154], [106.45465, -6.21659], [106.45396, -6.2165], [106.45367, -6.21818], [106.45421, -6.21822], [106.45258, -6.22323], [106.45191, -6.22307], [106.45147, -6.22427], [106.45068, -6.22449], [106.45028, -6.22697], [106.45115, -6.22806], [106.45116, -6.22924], [106.45045, -6.22883], [106.44859, -6.22939]]]}}, {"type": "Feature", "properties": {"domain_id": "360429", "name": "PADARINCANG"}, "geometry": {"type": "Polygon", "coordinates": [[[105.93458, -6.27549], [105.93485, -6.27802], [105.9303, -6.28104], [105.92937, -6.28043], [105.92907, -6.27926], [105.92479, -6.27682], [105.92355, -6.27468], [105.92191, -6.27389], [105.92154, -6.27206], [105.92005, -6.26975], [105.91993, -6.26738], [105.92113, -6.26644], [105.92015, -6.26539], [105.92052, -6.26433], [105.91984, -6.26292], [105.91955, -6.2581], [105.91854, -6.25735], [105.91726, -6.2546], [105.91725, -6.25223], [105.9162, -6.25165], [105.91636, -6.25001], [105.91533, -6.24985], [105.91428, -6.24771], [105.91309, -6.24847], [105.91176, -6.24571], [105.91041, -6.24604], [105.90891, -6.24451], [105.90838, -6.24443], [105.90776, -6.24548], [105.9053, -6.2443], [105.90431, -6.24608], [105.9026, -6.24281], [105.8985, -6.24356], [105.89882, -6.24097], [105.89773, -6.23914], [105.90338, -6.23497], [105.90447, -6.23252], [105.90625, -6.23201], [105.91158, -6.22627], [105.91626, -6.22289], [105.91912, -6.2171], [105.91816, -6.21472], [105.91592, -6.21214], [105.91593, -6.20999], [105.91898, -6.20329], [105.92068, -6.20265], [105.92412, -6.20324], [105.92797, -6.20254], [105.93265, -6.20285], [105.93481, -6.20263], [105.93598, -6.20181], [105.9376, -6.20241], [105.93852, -6.20005], [105.93764, -6.19688], [105.93803, -6.1951], [105.93946, -6.19362], [105.93961, -6.19197], [105.93627, -6.18396], [105.93282, -6.1814], [105.9325, -6.17918], [105.93327, -6.17848], [105.93422, -6.17475], [105.93629, -6.17458], [105.93686, -6.17377], [105.93774, -6.17374], [105.93833, -6.17634], [105.93943, -6.17669], [105.94096, -6.18064], [105.94202, -6.18023], [105.94175, -6.17961], [105.94247, -6.17895], [105.94485, -6.17833], [105.94454, -6.17749], [105.94645, -6.17681], [105.9462, -6.17623], [105.95171, -6.17513], [105.96096, -6.17526], [105.96163, -6.17449], [105.96088, -6.17296], [105.96148, -6.17074], [105.96088, -6.16981], [105.95952, -6.1698], [105.95978, -6.16915], [105.96293, -6.16852], [105.96498, -6.16725], [105.966, -6.16519], [105.96876, -6.16526], [105.97046, -6.1635], [105.97182, -6.16376], [105.97322, -6.16229], [105.97563, -6.16109], [105.97665, -6.1613], [105.9799, -6.15903], [105.98075, -6.15928], [105.98212, -6.1579], [105.9874, -6.15693], [105.99985, -6.15764], [106.00359, -6.15875], [106.00435, -6.15995], [106.00851, -6.16173], [106.02302, -6.1721], [106.02413, -6.17394], [106.02528, -6.17397], [106.02713, -6.17675], [106.02708, -6.1798], [106.02793, -6.18292], [106.03354, -6.18692], [106.03407, -6.19036], [106.03624, -6.1955], [106.03663, -6.20655], [106.03597, -6.21056], [106.02895, -6.21009], [106.03003, -6.21205], [106.02971, -6.21649], [106.02593, -6.21734], [106.0239, -6.21707], [106.02343, -6.21637], [106.01724, -6.21645], [106.01721, -6.21867], [106.01788, -6.21902], [106.01494, -6.21936], [106.01485, -6.21883], [106.01384, -6.21889], [106.01343, -6.21983], [106.01037, -6.22051], [106.00958, -6.22432], [106.00743, -6.22438], [106.00793, -6.22012], [106.0022, -6.22067], [106.00092, -6.22096], [106.00158, -6.22227], [106.00048, -6.22216], [105.99951, -6.22637], [105.99833, -6.22707], [105.99136, -6.22618], [105.98839, -6.2271], [105.98798, -6.22966], [105.98885, -6.23177], [105.98843, -6.23597], [105.98529, -6.23787], [105.98423, -6.23909], [105.98381, -6.24122], [105.98092, -6.24414], [105.98028, -6.2487], [105.97741, -6.24575], [105.97327, -6.24508], [105.96632, -6.24567], [105.9619, -6.24441], [105.95771, -6.24494], [105.95095, -6.24856], [105.95072, -6.24789], [105.94919, -6.24805], [105.9479, -6.24692], [105.94793, -6.24608], [105.94689, -6.24574], [105.94767, -6.24442], [105.94733, -6.24259], [105.94836, -6.24237], [105.94737, -6.23754], [105.946, -6.2376], [105.94331, -6.23898], [105.94033, -6.2387], [105.93807, -6.2397], [105.93482, -6.23957], [105.93459, -6.24106], [105.93548, -6.24273], [105.93511, -6.24377], [105.93661, -6.25151], [105.93544, -6.25491], [105.936, -6.25637], [105.93399, -6.25896], [105.93511, -6.26671], [105.93426, -6.26944], [105.93458, -6.27549]]]}}, {"type": "Feature", "properties": {"domain_id": "360415", "name": "CIKANDE"}, "geometry": {"type": "Polygon", "coordinates": [[[106.34325, -6.22629], [106.34314, -6.22676], [106.34052, -6.22565], [106.33959, -6.22631], [106.33779, -6.22559], [106.33755, -6.22743], [106.33712, -6.22743], [106.33672, -6.2262], [106.33723, -6.22488], [106.33627, -6.22404], [106.33484, -6.22389], [106.33455, -6.22287], [106.33367, -6.2225], [106.33362, -6.21946], [106.33055, -6.22108], [106.32828, -6.21999], [106.32758, -6.22072], [106.32455, -6.22115], [106.32442, -6.22242], [106.32348, -6.22248], [106.32346, -6.22401], [106.32229, -6.22474], [106.32221, -6.22569], [106.3183, -6.2251], [106.31434, -6.22319], [106.31382, -6.22089], [106.31161, -6.21895], [106.30976, -6.20852], [106.31051, -6.20819], [106.3102, -6.20592], [106.31107, -6.20595], [106.31195, -6.19868], [106.31357, -6.19867], [106.31283, -6.19486], [106.31032, -6.19345], [106.31178, -6.19276], [106.31384, -6.19304], [106.31498, -6.19223], [106.31811, -6.19289], [106.3185, -6.19211], [106.32201, -6.19173], [106.32949, -6.19455], [106.33103, -6.1972], [106.3322, -6.1975], [106.33352, -6.19604], [106.33519, -6.19662], [106.33576, -6.19474], [106.33852, -6.19358], [106.339, -6.19279], [106.34086, -6.19274], [106.34206, -6.19199], [106.34419, -6.19241], [106.34476, -6.19317], [106.3408, -6.18405], [106.33958, -6.17923], [106.33538, -6.17222], [106.34264, -6.16045], [106.34247, -6.15803], [106.34019, -6.15382], [106.34165, -6.15383], [106.34545, -6.15163], [106.34913, -6.15335], [106.35067, -6.15082], [106.35232, -6.15149], [106.35513, -6.15046], [106.35566, -6.15052], [106.35541, -6.15172], [106.35639, -6.152], [106.3565, -6.15293], [106.35748, -6.15266], [106.3575, -6.15034], [106.36172, -6.14982], [106.36762, -6.15339], [106.3692, -6.15354], [106.36917, -6.15417], [106.37582, -6.15587], [106.37587, -6.157], [106.37667, -6.15744], [106.38348, -6.15843], [106.3837, -6.15544], [106.38703, -6.15169], [106.38615, -6.14961], [106.38552, -6.14978], [106.38489, -6.14892], [106.38552, -6.14788], [106.3848, -6.14622], [106.38678, -6.14432], [106.39258, -6.15181], [106.3922, -6.15368], [106.39291, -6.15565], [106.39267, -6.15681], [106.39098, -6.15745], [106.38821, -6.15632], [106.38754, -6.15733], [106.3881, -6.15827], [106.39069, -6.15888], [106.3929, -6.16054], [106.39278, -6.16193], [106.39037, -6.162], [106.39025, -6.16269], [106.3933, -6.16468], [106.39364, -6.16577], [106.39249, -6.16655], [106.3913, -6.16561], [106.39055, -6.1658], [106.39011, -6.16861], [106.39123, -6.17001], [106.39371, -6.16978], [106.39426, -6.17058], [106.39256, -6.17104], [106.39169, -6.17331], [106.38911, -6.17489], [106.38879, -6.17672], [106.3913, -6.17645], [106.39075, -6.17912], [106.38944, -6.18041], [106.3875, -6.17935], [106.38584, -6.18251], [106.3857, -6.18618], [106.38351, -6.18562], [106.38212, -6.18652], [106.38025, -6.18628], [106.38013, -6.18901], [106.378, -6.18775], [106.37695, -6.18924], [106.37378, -6.19148], [106.37392, -6.19315], [106.3728, -6.19472], [106.3728, -6.19576], [106.3784, -6.19596], [106.3783, -6.19866], [106.37929, -6.20075], [106.37656, -6.20152], [106.37652, -6.20245], [106.37745, -6.20357], [106.37704, -6.20482], [106.37418, -6.20626], [106.37283, -6.20789], [106.37447, -6.21084], [106.37418, -6.21198], [106.37283, -6.21213], [106.37185, -6.21017], [106.37033, -6.2099], [106.36955, -6.21066], [106.36954, -6.21239], [106.36755, -6.21292], [106.36644, -6.21478], [106.36698, -6.21798], [106.37035, -6.21875], [106.37312, -6.22158], [106.37181, -6.22212], [106.37134, -6.22339], [106.36989, -6.22285], [106.36774, -6.22354], [106.36365, -6.22999], [106.36091, -6.22939], [106.36104, -6.22875], [106.35935, -6.22805], [106.35938, -6.22676], [106.3581, -6.22631], [106.35546, -6.23382], [106.35514, -6.23992], [106.35185, -6.23776], [106.35096, -6.23524], [106.34896, -6.23371], [106.34714, -6.23391], [106.34561, -6.23495], [106.34096, -6.23495], [106.34044, -6.23376], [106.34137, -6.23149], [106.34033, -6.23117], [106.34011, -6.22997], [106.34129, -6.22729], [106.34301, -6.22765], [106.34326, -6.2268], [106.34405, -6.227], [106.34325, -6.22629]]]}}, {"type": "Feature", "properties": {"domain_id": "360416", "name": "KIBIN"}, "geometry": {"type": "Polygon", "coordinates": [[[106.32795, -6.19399], [106.32712, -6.19323], [106.32123, -6.19166], [106.3185, -6.19211], [106.31811, -6.19289], [106.31524, -6.19222], [106.31345, -6.19312], [106.30953, -6.19317], [106.30838, -6.19224], [106.30766, -6.1894], [106.30873, -6.18573], [106.30778, -6.1843], [106.30896, -6.18315], [106.30934, -6.17971], [106.30571, -6.18079], [106.30346, -6.17959], [106.30325, -6.17824], [106.29867, -6.1808], [106.29736, -6.18367], [106.29776, -6.18626], [106.29672, -6.18709], [106.2943, -6.18677], [106.29184, -6.19124], [106.2904, -6.19056], [106.28988, -6.19064], [106.28973, -6.19173], [106.28835, -6.19159], [106.28717, -6.19571], [106.28386, -6.19628], [106.28438, -6.19357], [106.28325, -6.1877], [106.28742, -6.18141], [106.28723, -6.17983], [106.28552, -6.1771], [106.28591, -6.17583], [106.29591, -6.17295], [106.29938, -6.17087], [106.3005, -6.16916], [106.30121, -6.16615], [106.30531, -6.16337], [106.30598, -6.16109], [106.30504, -6.1597], [106.30184, -6.15944], [106.30034, -6.16051], [106.29915, -6.16278], [106.29823, -6.16294], [106.29742, -6.16063], [106.29797, -6.15853], [106.29883, -6.15746], [106.30144, -6.15669], [106.3073, -6.15692], [106.30918, -6.15448], [106.30898, -6.14942], [106.30438, -6.14664], [106.30317, -6.1421], [106.29985, -6.13974], [106.29946, -6.13144], [106.29628, -6.12525], [106.29623, -6.12436], [106.29965, -6.11935], [106.301, -6.11444], [106.30787, -6.11714], [106.30945, -6.11641], [106.30923, -6.11277], [106.31, -6.11208], [106.31093, -6.11225], [106.31115, -6.11322], [106.31372, -6.11405], [106.31327, -6.11718], [106.31391, -6.11724], [106.31395, -6.11838], [106.31631, -6.1191], [106.31744, -6.12116], [106.31769, -6.12434], [106.31652, -6.12517], [106.31712, -6.12833], [106.31872, -6.12822], [106.31912, -6.13029], [106.32028, -6.13011], [106.32152, -6.13125], [106.32366, -6.13103], [106.3241, -6.13204], [106.32363, -6.13246], [106.32527, -6.13247], [106.32508, -6.13297], [106.32583, -6.13338], [106.32599, -6.13134], [106.32634, -6.13215], [106.32749, -6.13232], [106.32769, -6.13501], [106.32675, -6.13616], [106.32882, -6.13612], [106.32729, -6.13789], [106.32914, -6.13742], [106.3291, -6.13965], [106.32994, -6.14057], [106.32932, -6.14105], [106.32835, -6.14073], [106.32905, -6.1421], [106.32723, -6.14283], [106.32817, -6.14417], [106.32844, -6.1462], [106.32768, -6.14874], [106.32917, -6.14877], [106.32955, -6.14805], [106.3308, -6.14857], [106.33125, -6.1512], [106.33249, -6.15232], [106.33155, -6.15712], [106.33342, -6.15753], [106.3345, -6.15709], [106.33852, -6.15807], [106.33896, -6.15731], [106.3426, -6.15841], [106.34264, -6.16045], [106.34151, -6.16301], [106.33823, -6.16698], [106.33538, -6.17222], [106.33944, -6.17892], [106.34092, -6.18437], [106.34491, -6.19302], [106.34206, -6.19199], [106.34086, -6.19274], [106.339, -6.19279], [106.33852, -6.19358], [106.33576, -6.19474], [106.33519, -6.19662], [106.33352, -6.19604], [106.3322, -6.1975], [106.33103, -6.1972], [106.32949, -6.19455], [106.32795, -6.19399]]]}}, {"type": "Feature", "properties": {"domain_id": "360428", "name": "PABUARAN"}, "geometry": {"type": "Polygon", "coordinates": [[[106.08033, -6.21259], [106.07837, -6.2201], [106.07706, -6.22153], [106.07694, -6.22746], [106.07613, -6.22893], [106.07465, -6.22833], [106.07377, -6.22955], [106.06659, -6.22814], [106.05975, -6.2293], [106.05881, -6.2282], [106.05395, -6.22799], [106.05217, -6.22867], [106.05181, -6.22344], [106.0468, -6.21819], [106.04601, -6.21837], [106.04582, -6.21176], [106.04664, -6.2092], [106.04766, -6.20841], [106.04656, -6.20566], [106.04668, -6.20256], [106.04109, -6.19955], [106.03629, -6.20078], [106.03651, -6.19725], [106.03539, -6.19299], [106.04102, -6.19115], [106.04203, -6.19153], [106.04397, -6.19085], [106.04517, -6.19145], [106.04709, -6.19061], [106.05155, -6.19003], [106.05547, -6.19153], [106.06163, -6.19278], [106.06438, -6.19429], [106.06844, -6.18868], [106.07319, -6.18697], [106.07357, -6.18755], [106.0725, -6.18879], [106.07458, -6.1885], [106.077, -6.19076], [106.07738, -6.18842], [106.0785, -6.18837], [106.07783, -6.18754], [106.07893, -6.18686], [106.07698, -6.1864], [106.07695, -6.18434], [106.07589, -6.184], [106.07579, -6.18293], [106.08586, -6.17384], [106.08727, -6.17325], [106.09121, -6.17485], [106.09421, -6.17413], [106.09568, -6.17529], [106.10269, -6.17347], [106.1069, -6.17948], [106.10945, -6.18155], [106.11137, -6.18198], [106.11198, -6.1814], [106.11475, -6.18107], [106.11465, -6.17792], [106.11542, -6.1765], [106.11869, -6.17786], [106.12029, -6.1774], [106.12068, -6.17308], [106.11973, -6.17193], [106.11974, -6.17094], [106.12098, -6.16859], [106.12201, -6.16787], [106.12502, -6.17004], [106.12696, -6.1693], [106.12796, -6.16987], [106.13215, -6.16528], [106.13603, -6.16557], [106.13804, -6.16655], [106.13803, -6.17206], [106.14517, -6.17181], [106.14919, -6.16929], [106.15067, -6.17043], [106.1506, -6.17348], [106.15215, -6.17629], [106.15123, -6.17929], [106.14683, -6.18152], [106.14317, -6.18212], [106.1414, -6.18383], [106.14058, -6.18522], [106.1408, -6.18637], [106.14205, -6.1877], [106.14381, -6.18712], [106.14176, -6.19177], [106.13572, -6.19173], [106.13488, -6.1924], [106.13568, -6.19833], [106.13488, -6.202], [106.13619, -6.20446], [106.12968, -6.2038], [106.12771, -6.20495], [106.12638, -6.20378], [106.12403, -6.20423], [106.12155, -6.203], [106.12057, -6.20334], [106.11908, -6.20267], [106.11777, -6.20385], [106.11402, -6.20467], [106.11299, -6.20545], [106.11062, -6.20542], [106.10977, -6.20422], [106.10927, -6.20507], [106.10864, -6.20476], [106.10704, -6.20542], [106.10559, -6.20513], [106.10569, -6.20282], [106.10496, -6.203], [106.10535, -6.20166], [106.10379, -6.20055], [106.10146, -6.20093], [106.1005, -6.20038], [106.09863, -6.20105], [106.09842, -6.20044], [106.09677, -6.20022], [106.09588, -6.20101], [106.0947, -6.20067], [106.09227, -6.20451], [106.09256, -6.20609], [106.09146, -6.20738], [106.09136, -6.2086], [106.08814, -6.21109], [106.0841, -6.21389], [106.08096, -6.21277], [106.08072, -6.21218], [106.08033, -6.21259]]]}}, {"type": "Feature", "properties": {"domain_id": "360433", "name": "GUNUNGSARI"}, "geometry": {"type": "Polygon", "coordinates": [[[106.06673, -6.1764], [106.06729, -6.17678], [106.06811, -6.17635], [106.06859, -6.17542], [106.06981, -6.1764], [106.07121, -6.17626], [106.07294, -6.17758], [106.07375, -6.17978], [106.07526, -6.18077], [106.07506, -6.18209], [106.0758, -6.18382], [106.07697, -6.1844], [106.07667, -6.18591], [106.07893, -6.18686], [106.07783, -6.18754], [106.0785, -6.18837], [106.07738, -6.18842], [106.077, -6.19076], [106.07458, -6.1885], [106.0725, -6.18879], [106.07357, -6.18755], [106.07319, -6.18697], [106.06844, -6.18868], [106.06438, -6.19429], [106.06163, -6.19278], [106.05547, -6.19153], [106.05155, -6.19003], [106.04709, -6.19061], [106.04517, -6.19145], [106.04397, -6.19085], [106.04203, -6.19153], [106.04102, -6.19115], [106.03539, -6.19299], [106.03407, -6.19036], [106.0337, -6.18718], [106.02822, -6.18333], [106.02726, -6.18111], [106.02686, -6.17597], [106.02544, -6.17487], [106.02528, -6.17397], [106.02413, -6.17394], [106.02302, -6.1721], [106.00851, -6.16173], [106.00435, -6.15995], [106.00359, -6.15875], [105.99985, -6.15764], [105.9874, -6.15693], [105.99098, -6.1557], [105.9953, -6.15271], [105.99665, -6.15243], [105.99671, -6.14607], [105.99914, -6.13512], [105.99824, -6.12998], [105.99918, -6.12961], [106.00056, -6.1268], [106.00103, -6.12398], [106.0033, -6.12182], [106.00554, -6.12037], [106.0071, -6.12131], [106.00832, -6.12102], [106.00994, -6.11581], [106.00933, -6.11331], [106.01518, -6.11457], [106.01866, -6.11192], [106.02608, -6.10926], [106.02728, -6.1079], [106.02873, -6.10761], [106.03062, -6.11008], [106.03349, -6.10998], [106.0391, -6.1129], [106.0375, -6.1167], [106.0373, -6.123], [106.0409, -6.1257], [106.0428, -6.1287], [106.045, -6.1266], [106.0499, -6.1256], [106.05063, -6.12479], [106.0519, -6.1251], [106.05383, -6.1292], [106.05548, -6.1298], [106.05551, -6.1305], [106.05675, -6.13042], [106.05992, -6.1341], [106.06196, -6.13434], [106.06452, -6.13265], [106.06581, -6.13274], [106.06446, -6.13456], [106.06175, -6.13534], [106.06201, -6.13719], [106.06424, -6.13954], [106.06581, -6.13869], [106.06705, -6.13541], [106.06858, -6.13472], [106.06922, -6.13342], [106.07008, -6.13553], [106.07271, -6.13756], [106.07391, -6.13941], [106.07518, -6.14737], [106.07617, -6.15007], [106.07603, -6.1507], [106.07334, -6.15225], [106.07122, -6.15713], [106.07102, -6.15899], [106.07022, -6.15965], [106.07037, -6.16051], [106.06657, -6.16486], [106.06759, -6.16873], [106.06652, -6.1705], [106.06682, -6.17211], [106.06593, -6.17437], [106.06673, -6.1764]]]}}, {"type": "Feature", "properties": {"domain_id": "360417", "name": "CARENANG"}, "geometry": {"type": "Polygon", "coordinates": [[[106.34458, -6.08103], [106.3484, -6.08658], [106.35115, -6.08721], [106.35105, -6.08854], [106.35275, -6.08927], [106.35258, -6.08994], [106.35086, -6.0906], [106.35099, -6.09195], [106.35287, -6.09176], [106.35353, -6.09244], [106.3526, -6.09678], [106.35017, -6.09757], [106.35128, -6.10075], [106.35279, -6.10112], [106.3522, -6.10248], [106.34978, -6.10275], [106.35012, -6.107], [106.34505, -6.108], [106.34188, -6.10728], [106.34153, -6.10768], [106.33639, -6.10576], [106.33819, -6.10319], [106.33545, -6.1021], [106.3326, -6.09943], [106.33132, -6.09947], [106.32872, -6.09822], [106.32777, -6.09915], [106.32827, -6.10116], [106.32628, -6.10163], [106.32561, -6.10248], [106.32767, -6.1068], [106.3246, -6.10799], [106.32392, -6.11272], [106.32143, -6.11262], [106.31926, -6.1136], [106.3173, -6.11362], [106.3174, -6.11503], [106.32013, -6.11581], [106.3205, -6.11762], [106.31995, -6.11863], [106.31904, -6.11881], [106.31623, -6.11754], [106.31631, -6.1191], [106.31576, -6.11921], [106.31395, -6.11838], [106.31391, -6.11724], [106.31327, -6.11718], [106.31372, -6.11405], [106.31115, -6.11322], [106.31093, -6.11225], [106.31, -6.11208], [106.30923, -6.11277], [106.30945, -6.11641], [106.30888, -6.11635], [106.30868, -6.11703], [106.30646, -6.11697], [106.301, -6.11444], [106.30096, -6.11217], [106.29882, -6.11038], [106.29707, -6.10987], [106.29346, -6.11101], [106.29156, -6.10971], [106.29335, -6.10102], [106.29802, -6.08683], [106.30078, -6.08573], [106.30185, -6.0844], [106.30196, -6.08282], [106.30043, -6.08051], [106.29921, -6.0766], [106.29931, -6.07464], [106.30521, -6.07313], [106.30683, -6.07189], [106.30781, -6.07012], [106.30874, -6.06565], [106.31246, -6.06131], [106.31387, -6.05756], [106.3169, -6.05492], [106.31896, -6.05639], [106.31923, -6.05729], [106.32248, -6.05814], [106.32393, -6.05898], [106.32399, -6.05991], [106.32558, -6.05982], [106.32578, -6.0605], [106.3303, -6.05684], [106.33042, -6.05423], [106.33775, -6.05619], [106.33962, -6.0574], [106.33965, -6.07377], [106.34458, -6.08103]]]}}, {"type": "Feature", "properties": {"domain_id": "360406", "name": "WARINGINKURUNG"}, "geometry": {"type": "Polygon", "coordinates": [[[106.0479, -6.1257], [106.0446, -6.1268], [106.0428, -6.1287], [106.0409, -6.1257], [106.03735, -6.12314], [106.0375, -6.1167], [106.0389, -6.1144], [106.03956, -6.11152], [106.04063, -6.11037], [106.0413, -6.107], [106.0424, -6.1058], [106.0469, -6.1053], [106.04867, -6.10287], [106.04943, -6.10016], [106.05038, -6.10006], [106.0509, -6.0991], [106.0503, -6.0969], [106.0449, -6.0905], [106.0425, -6.0895], [106.0403, -6.0866], [106.03625, -6.0863], [106.0344, -6.0873], [106.03361, -6.08705], [106.03348, -6.08779], [106.03005, -6.08771], [106.02979, -6.08498], [106.02841, -6.08343], [106.02911, -6.08098], [106.03085, -6.08027], [106.03343, -6.08055], [106.03346, -6.07958], [106.03481, -6.08028], [106.03631, -6.08013], [106.03798, -6.07923], [106.04414, -6.07831], [106.04585, -6.07696], [106.04781, -6.07668], [106.04989, -6.07549], [106.05222, -6.06891], [106.05201, -6.06636], [106.05353, -6.06268], [106.05327, -6.06103], [106.05373, -6.06014], [106.05598, -6.06173], [106.06123, -6.0529], [106.06197, -6.05327], [106.06251, -6.05247], [106.06314, -6.05072], [106.06208, -6.05045], [106.06226, -6.04923], [106.06445, -6.04966], [106.06473, -6.049], [106.06569, -6.04898], [106.06568, -6.0495], [106.06753, -6.04895], [106.06828, -6.05057], [106.06781, -6.05158], [106.06893, -6.05192], [106.06887, -6.05277], [106.07197, -6.05386], [106.07373, -6.05557], [106.07733, -6.05627], [106.07841, -6.05434], [106.07836, -6.05258], [106.08049, -6.05082], [106.07983, -6.04983], [106.08096, -6.04824], [106.08287, -6.04806], [106.08355, -6.04507], [106.08789, -6.0439], [106.08902, -6.04418], [106.09086, -6.04597], [106.08944, -6.0499], [106.09184, -6.04914], [106.09534, -6.05349], [106.09824, -6.05532], [106.09767, -6.05814], [106.09961, -6.05719], [106.10099, -6.05732], [106.10028, -6.0588], [106.10134, -6.06166], [106.09868, -6.06938], [106.09606, -6.07208], [106.09454, -6.07201], [106.09316, -6.07335], [106.09041, -6.07427], [106.08897, -6.07559], [106.08892, -6.07637], [106.09215, -6.07793], [106.09222, -6.07736], [106.09408, -6.07684], [106.09573, -6.07917], [106.0956, -6.08553], [106.09449, -6.08966], [106.09512, -6.09005], [106.09494, -6.09086], [106.0956, -6.09095], [106.09505, -6.09363], [106.09617, -6.09343], [106.09695, -6.09463], [106.09911, -6.09275], [106.10192, -6.09161], [106.10236, -6.09231], [106.10305, -6.09178], [106.104, -6.09268], [106.10222, -6.09365], [106.10181, -6.09523], [106.09998, -6.09647], [106.10005, -6.09766], [106.09861, -6.0988], [106.09809, -6.10132], [106.09854, -6.10234], [106.09521, -6.10655], [106.09524, -6.10864], [106.09337, -6.10919], [106.09179, -6.11053], [106.08979, -6.11324], [106.08851, -6.11724], [106.0861, -6.1184], [106.08277, -6.11779], [106.08298, -6.11902], [106.07821, -6.12072], [106.07734, -6.1192], [106.07435, -6.12173], [106.07387, -6.1245], [106.07142, -6.12634], [106.07039, -6.12817], [106.06934, -6.13101], [106.07013, -6.13163], [106.06986, -6.13249], [106.06858, -6.13472], [106.06705, -6.13541], [106.06565, -6.13884], [106.06424, -6.13954], [106.06201, -6.13719], [106.06175, -6.13534], [106.06446, -6.13456], [106.06581, -6.13274], [106.06452, -6.13265], [106.06196, -6.13434], [106.05992, -6.1341], [106.05675, -6.13042], [106.05551, -6.1305], [106.05548, -6.1298], [106.05383, -6.1292], [106.0519, -6.1251], [106.05063, -6.12479], [106.0499, -6.1256], [106.0479, -6.1257]]]}}, {"type": "Feature", "properties": {"domain_id": "360419", "name": "PETIR"}, "geometry": {"type": "Polygon", "coordinates": [[[106.21113, -6.27385], [106.20954, -6.27437], [106.20787, -6.27339], [106.20698, -6.27353], [106.20539, -6.27534], [106.20447, -6.27463], [106.20005, -6.27381], [106.195, -6.27405], [106.19155, -6.27272], [106.18996, -6.27279], [106.18962, -6.27343], [106.1878, -6.27287], [106.18696, -6.27366], [106.18627, -6.27353], [106.18617, -6.2727], [106.18539, -6.27316], [106.18493, -6.27249], [106.17999, -6.27233], [106.17907, -6.27349], [106.17522, -6.27213], [106.17916, -6.27197], [106.17977, -6.2714], [106.17983, -6.26429], [106.17944, -6.2609], [106.17871, -6.25983], [106.17881, -6.25843], [106.18024, -6.25737], [106.17848, -6.25377], [106.17474, -6.25327], [106.17416, -6.25064], [106.17308, -6.25103], [106.16982, -6.25045], [106.16865, -6.25145], [106.16504, -6.25197], [106.15287, -6.25109], [106.15159, -6.2495], [106.14933, -6.2491], [106.14841, -6.24619], [106.14753, -6.24691], [106.14545, -6.24645], [106.1459, -6.2429], [106.1448, -6.24329], [106.14471, -6.2419], [106.1476, -6.24176], [106.14971, -6.2404], [106.15054, -6.23907], [106.1519, -6.23931], [106.15187, -6.23857], [106.15308, -6.23754], [106.15231, -6.23675], [106.15254, -6.2344], [106.15651, -6.23471], [106.15636, -6.23418], [106.15723, -6.23396], [106.15585, -6.23229], [106.15631, -6.23064], [106.15499, -6.23017], [106.15454, -6.22875], [106.1545, -6.21929], [106.15521, -6.21794], [106.15733, -6.21794], [106.15559, -6.21635], [106.15581, -6.21525], [106.15697, -6.21516], [106.15755, -6.21429], [106.16181, -6.21614], [106.166, -6.21657], [106.16858, -6.21431], [106.16992, -6.21414], [106.17085, -6.21474], [106.1723, -6.21762], [106.17411, -6.21767], [106.17537, -6.21887], [106.17591, -6.21829], [106.17705, -6.21867], [106.17789, -6.21585], [106.17955, -6.21543], [106.18049, -6.21544], [106.18048, -6.21618], [106.18178, -6.21668], [106.18779, -6.21748], [106.18845, -6.21679], [106.19225, -6.21798], [106.19599, -6.21728], [106.19831, -6.21814], [106.20409, -6.21627], [106.2051, -6.21501], [106.2067, -6.21526], [106.20671, -6.21844], [106.21081, -6.21833], [106.21097, -6.21688], [106.21835, -6.21829], [106.21775, -6.21928], [106.21965, -6.21977], [106.219, -6.22078], [106.21912, -6.22492], [106.22475, -6.22645], [106.22651, -6.2275], [106.22809, -6.22971], [106.23169, -6.23186], [106.23459, -6.23058], [106.23787, -6.23031], [106.23819, -6.22959], [106.23987, -6.22918], [106.24007, -6.22821], [106.24071, -6.23168], [106.24269, -6.23106], [106.24463, -6.23155], [106.24455, -6.2322], [106.24713, -6.2325], [106.25013, -6.23182], [106.25089, -6.23048], [106.2504, -6.22925], [106.25339, -6.22987], [106.2547, -6.22843], [106.25572, -6.22879], [106.25719, -6.22779], [106.2552, -6.23363], [106.25577, -6.23525], [106.25468, -6.238], [106.25301, -6.23905], [106.25285, -6.23983], [106.25182, -6.23995], [106.24853, -6.23788], [106.24741, -6.23836], [106.24724, -6.24158], [106.24943, -6.24446], [106.24937, -6.24635], [106.2505, -6.2489], [106.25046, -6.25262], [106.24858, -6.25279], [106.24621, -6.25184], [106.24572, -6.25293], [106.24436, -6.25286], [106.24312, -6.25431], [106.24245, -6.25375], [106.24134, -6.2541], [106.24057, -6.25526], [106.23866, -6.25553], [106.23662, -6.25679], [106.23298, -6.26051], [106.22937, -6.26248], [106.22791, -6.26137], [106.22429, -6.26222], [106.22279, -6.26126], [106.21871, -6.26062], [106.21723, -6.25941], [106.21727, -6.25872], [106.21323, -6.25701], [106.21351, -6.26009], [106.21521, -6.2605], [106.21493, -6.2616], [106.21549, -6.26278], [106.21404, -6.26349], [106.21437, -6.26619], [106.21384, -6.26761], [106.2128, -6.26712], [106.21161, -6.27384], [106.21113, -6.27385]]]}}, {"type": "Feature", "properties": {"domain_id": "360434", "name": "BANDUNG"}, "geometry": {"type": "Polygon", "coordinates": [[[106.31955, -6.24613], [106.31953, -6.24713], [106.31833, -6.24763], [106.3184, -6.24986], [106.31442, -6.25024], [106.31425, -6.25109], [106.31333, -6.25108], [106.31277, -6.25152], [106.31315, -6.25193], [106.31124, -6.25293], [106.30846, -6.2529], [106.30747, -6.25536], [106.30656, -6.25527], [106.30653, -6.25467], [106.30462, -6.25441], [106.30411, -6.25265], [106.30305, -6.25273], [106.30331, -6.25042], [106.30064, -6.24951], [106.30136, -6.24806], [106.29974, -6.2472], [106.30042, -6.24518], [106.29983, -6.24421], [106.30163, -6.2438], [106.30199, -6.24173], [106.30273, -6.24052], [106.30325, -6.24068], [106.3034, -6.23762], [106.30088, -6.2366], [106.29914, -6.23818], [106.29829, -6.23739], [106.29475, -6.23746], [106.28877, -6.2344], [106.29113, -6.23183], [106.29144, -6.22959], [106.28638, -6.22278], [106.28552, -6.21754], [106.28624, -6.2121], [106.28868, -6.20785], [106.28895, -6.20578], [106.28751, -6.20338], [106.28223, -6.20187], [106.28187, -6.19957], [106.28386, -6.19628], [106.28717, -6.19571], [106.28835, -6.19159], [106.28973, -6.19173], [106.28988, -6.19064], [106.2904, -6.19056], [106.29184, -6.19124], [106.2943, -6.18677], [106.29672, -6.18709], [106.29776, -6.18626], [106.29736, -6.18367], [106.29867, -6.1808], [106.30325, -6.17824], [106.30346, -6.17959], [106.30571, -6.18079], [106.30819, -6.17969], [106.30938, -6.17985], [106.30896, -6.18315], [106.30778, -6.1843], [106.30873, -6.18573], [106.3078, -6.18824], [106.30804, -6.19116], [106.30953, -6.19317], [106.31283, -6.19486], [106.31357, -6.19867], [106.31195, -6.19868], [106.31107, -6.20595], [106.3102, -6.20592], [106.31051, -6.20819], [106.30976, -6.20852], [106.31161, -6.21895], [106.31382, -6.22089], [106.31434, -6.22319], [106.3183, -6.2251], [106.32221, -6.22569], [106.32229, -6.22474], [106.32346, -6.22401], [106.32348, -6.22248], [106.32442, -6.22242], [106.32455, -6.22115], [106.32758, -6.22072], [106.32828, -6.21999], [106.33055, -6.22108], [106.33362, -6.21946], [106.33367, -6.2225], [106.33455, -6.22287], [106.33484, -6.22389], [106.33627, -6.22404], [106.33723, -6.22488], [106.33672, -6.2262], [106.33712, -6.22743], [106.33755, -6.22743], [106.33779, -6.22559], [106.33959, -6.22631], [106.34052, -6.22565], [106.34411, -6.22679], [106.34326, -6.2268], [106.34301, -6.22765], [106.34129, -6.22729], [106.34065, -6.22827], [106.33998, -6.2306], [106.34137, -6.23149], [106.33999, -6.23683], [106.33657, -6.23732], [106.33733, -6.24143], [106.33536, -6.24228], [106.33254, -6.24148], [106.33233, -6.24263], [106.3309, -6.24328], [106.33144, -6.2452], [106.33218, -6.24527], [106.33145, -6.24542], [106.33164, -6.24716], [106.33267, -6.24724], [106.32973, -6.2514], [106.32545, -6.25185], [106.32339, -6.25055], [106.32259, -6.24866], [106.32131, -6.24815], [106.31989, -6.24535], [106.31942, -6.24535], [106.31955, -6.24613]]]}}, {"type": "Feature", "properties": {"domain_id": "360423", "name": "CIKEUSAL"}, "geometry": {"type": "Polygon", "coordinates": [[[106.25677, -6.22796], [106.25572, -6.22879], [106.2547, -6.22843], [106.25339, -6.22987], [106.2504, -6.22925], [106.25089, -6.23048], [106.25013, -6.23182], [106.24713, -6.2325], [106.24455, -6.2322], [106.24463, -6.23155], [106.24269, -6.23106], [106.24071, -6.23168], [106.24007, -6.22821], [106.23987, -6.22918], [106.23819, -6.22959], [106.23787, -6.23031], [106.23459, -6.23058], [106.23169, -6.23186], [106.22809, -6.22971], [106.22651, -6.2275], [106.22475, -6.22645], [106.21912, -6.22492], [106.219, -6.22078], [106.21965, -6.21977], [106.21775, -6.21928], [106.21835, -6.21829], [106.21097, -6.21688], [106.21081, -6.21833], [106.20671, -6.21844], [106.20632, -6.21632], [106.20689, -6.21551], [106.2052, -6.21501], [106.20409, -6.21627], [106.19954, -6.21791], [106.19831, -6.21814], [106.19599, -6.21728], [106.1928, -6.21751], [106.1941, -6.21546], [106.19505, -6.21504], [106.19329, -6.20872], [106.19475, -6.20608], [106.19701, -6.20428], [106.19866, -6.19967], [106.20025, -6.19822], [106.20349, -6.19796], [106.20494, -6.19705], [106.20562, -6.19749], [106.20739, -6.19655], [106.20879, -6.197], [106.20951, -6.19614], [106.21079, -6.19615], [106.21117, -6.19672], [106.21331, -6.19622], [106.21337, -6.19731], [106.21508, -6.19843], [106.2184, -6.19704], [106.22407, -6.19808], [106.22669, -6.19517], [106.22832, -6.19485], [106.22959, -6.19355], [106.23034, -6.19105], [106.23147, -6.19167], [106.23333, -6.19058], [106.23649, -6.19168], [106.23757, -6.18991], [106.24191, -6.18762], [106.24345, -6.18465], [106.24448, -6.1852], [106.24523, -6.1843], [106.24662, -6.18508], [106.24808, -6.18373], [106.24959, -6.1844], [106.25196, -6.1792], [106.25614, -6.1782], [106.25782, -6.1767], [106.25871, -6.17351], [106.26198, -6.17387], [106.26413, -6.17283], [106.26895, -6.1731], [106.27233, -6.17108], [106.27534, -6.17356], [106.27695, -6.17383], [106.27756, -6.1726], [106.28132, -6.17398], [106.28175, -6.17342], [106.283, -6.17466], [106.28591, -6.17583], [106.2856, -6.17736], [106.28747, -6.1808], [106.28693, -6.18278], [106.28338, -6.18716], [106.28436, -6.19427], [106.28174, -6.20085], [106.283, -6.20239], [106.28751, -6.20338], [106.28886, -6.20546], [106.28868, -6.20785], [106.28601, -6.21298], [106.28554, -6.2194], [106.28638, -6.22278], [106.29089, -6.22824], [106.29147, -6.23014], [106.29085, -6.2323], [106.28894, -6.23428], [106.28676, -6.2358], [106.28341, -6.23689], [106.28384, -6.2412], [106.28129, -6.24506], [106.28136, -6.24714], [106.28323, -6.2503], [106.28339, -6.25224], [106.28465, -6.25313], [106.28546, -6.2641], [106.28503, -6.26626], [106.28404, -6.26759], [106.28258, -6.26734], [106.28111, -6.26394], [106.27986, -6.26349], [106.27777, -6.2652], [106.27283, -6.26143], [106.27098, -6.25835], [106.26578, -6.25738], [106.26499, -6.25628], [106.25899, -6.25243], [106.25845, -6.25285], [106.25635, -6.252], [106.25318, -6.25195], [106.25185, -6.25284], [106.25058, -6.25219], [106.2505, -6.2489], [106.24937, -6.24635], [106.24943, -6.24446], [106.24724, -6.24158], [106.24741, -6.23836], [106.24853, -6.23788], [106.25182, -6.23995], [106.25285, -6.23983], [106.25301, -6.23905], [106.25543, -6.23717], [106.25585, -6.23447], [106.2552, -6.23363], [106.2558, -6.23134], [106.25637, -6.23124], [106.25719, -6.22779], [106.25677, -6.22796]]]}}, {"type": "Feature", "properties": {"domain_id": "360411", "name": "KRAGILAN"}, "geometry": {"type": "Polygon", "coordinates": [[[106.25774, -6.17679], [106.25511, -6.17877], [106.25413, -6.1785], [106.25196, -6.1792], [106.24959, -6.1844], [106.24808, -6.18373], [106.24662, -6.18508], [106.24523, -6.1843], [106.24448, -6.1852], [106.24345, -6.18465], [106.24191, -6.18762], [106.23757, -6.18991], [106.23649, -6.19168], [106.23333, -6.19058], [106.23147, -6.19167], [106.23034, -6.19105], [106.22973, -6.1923], [106.2289, -6.19008], [106.22719, -6.18899], [106.21955, -6.18688], [106.22681, -6.17955], [106.22917, -6.17831], [106.233, -6.17082], [106.23587, -6.17026], [106.23694, -6.17133], [106.23887, -6.17174], [106.23927, -6.17328], [106.24186, -6.174], [106.24336, -6.17053], [106.2472, -6.16535], [106.24873, -6.16197], [106.25116, -6.15914], [106.25204, -6.15403], [106.25574, -6.14623], [106.25309, -6.14488], [106.2546, -6.14454], [106.25434, -6.14231], [106.25511, -6.14128], [106.25845, -6.14254], [106.2638, -6.13095], [106.26635, -6.13215], [106.26825, -6.13003], [106.26936, -6.13044], [106.2705, -6.1283], [106.2733, -6.1271], [106.27411, -6.12412], [106.26421, -6.12179], [106.26286, -6.12045], [106.26352, -6.11855], [106.2646, -6.11844], [106.26623, -6.11685], [106.26743, -6.11705], [106.27312, -6.11459], [106.27341, -6.11282], [106.27421, -6.11194], [106.27339, -6.11148], [106.27469, -6.11028], [106.27519, -6.10618], [106.28001, -6.10682], [106.28683, -6.11002], [106.28925, -6.11232], [106.29102, -6.1126], [106.29125, -6.11535], [106.29517, -6.11507], [106.29613, -6.11634], [106.29709, -6.11543], [106.29889, -6.11837], [106.29984, -6.11888], [106.29623, -6.12436], [106.29946, -6.13144], [106.29985, -6.13974], [106.30317, -6.1421], [106.30438, -6.14664], [106.30906, -6.14955], [106.30905, -6.15489], [106.30692, -6.15704], [106.30228, -6.1566], [106.29836, -6.15788], [106.29742, -6.16063], [106.29823, -6.16294], [106.29915, -6.16278], [106.30034, -6.16051], [106.30232, -6.15934], [106.30504, -6.1597], [106.30601, -6.16164], [106.30531, -6.16337], [106.30121, -6.16615], [106.29982, -6.17041], [106.29664, -6.17265], [106.28591, -6.17583], [106.283, -6.17466], [106.28175, -6.17342], [106.28132, -6.17398], [106.27756, -6.1726], [106.27695, -6.17383], [106.27531, -6.17355], [106.27233, -6.17108], [106.26895, -6.1731], [106.26413, -6.17283], [106.26198, -6.17387], [106.25871, -6.17351], [106.25774, -6.17679]]]}}, {"type": "Feature", "properties": {"domain_id": "360432", "name": "MANCAK"}, "geometry": {"type": "Polygon", "coordinates": [[[105.9982, -6.13043], [105.99914, -6.13512], [105.99671, -6.14607], [105.99665, -6.15243], [105.9953, -6.15271], [105.99098, -6.1557], [105.98889, -6.15605], [105.98666, -6.15733], [105.98212, -6.1579], [105.98075, -6.15928], [105.9799, -6.15903], [105.97665, -6.1613], [105.97563, -6.16109], [105.97322, -6.16229], [105.97182, -6.16376], [105.97046, -6.1635], [105.96876, -6.16526], [105.966, -6.16519], [105.96498, -6.16725], [105.96275, -6.16861], [105.95978, -6.16915], [105.95952, -6.1698], [105.96088, -6.16981], [105.96148, -6.17074], [105.96088, -6.17296], [105.96163, -6.17449], [105.96096, -6.17526], [105.95171, -6.17513], [105.9462, -6.17623], [105.94645, -6.17681], [105.94454, -6.17749], [105.94485, -6.17833], [105.94247, -6.17895], [105.94175, -6.17961], [105.94202, -6.18023], [105.94096, -6.18064], [105.93943, -6.17669], [105.93833, -6.17634], [105.93818, -6.17426], [105.93731, -6.17361], [105.93629, -6.17458], [105.93422, -6.17475], [105.93327, -6.17848], [105.93295, -6.17895], [105.9325, -6.17918], [105.93238, -6.17911], [105.93231, -6.1768], [105.93069, -6.17491], [105.93004, -6.17145], [105.93174, -6.16404], [105.93139, -6.15943], [105.93441, -6.15923], [105.93816, -6.15721], [105.94019, -6.15761], [105.94246, -6.15623], [105.94605, -6.15578], [105.94873, -6.15398], [105.9522, -6.15268], [105.95099, -6.14861], [105.95184, -6.14823], [105.95147, -6.14446], [105.94986, -6.13879], [105.95233, -6.13402], [105.9519, -6.12831], [105.95261, -6.12478], [105.95217, -6.12231], [105.95143, -6.11981], [105.94923, -6.1177], [105.94854, -6.11148], [105.94526, -6.1092], [105.94296, -6.10856], [105.94034, -6.10342], [105.94018, -6.10135], [105.94724, -6.09458], [105.9494, -6.09639], [105.95029, -6.09574], [105.95185, -6.09621], [105.95212, -6.09713], [105.95348, -6.09559], [105.95441, -6.09266], [105.95761, -6.09019], [105.95739, -6.08918], [105.95902, -6.08814], [105.96032, -6.08585], [105.95863, -6.08469], [105.95865, -6.08286], [105.9541, -6.08191], [105.95033, -6.07813], [105.95038, -6.07446], [105.95128, -6.07333], [105.95225, -6.07331], [105.95254, -6.07499], [105.95363, -6.0748], [105.95329, -6.06967], [105.95602, -6.06983], [105.95762, -6.06766], [105.96046, -6.06704], [105.96167, -6.06745], [105.96231, -6.06891], [105.96287, -6.06819], [105.96159, -6.06713], [105.96184, -6.06609], [105.96291, -6.06481], [105.96505, -6.06389], [105.96386, -6.063], [105.96437, -6.05943], [105.96276, -6.05761], [105.96375, -6.05791], [105.96439, -6.05724], [105.96491, -6.05361], [105.96613, -6.05148], [105.97194, -6.04965], [105.97287, -6.04999], [105.97212, -6.05076], [105.9761, -6.05251], [105.97679, -6.05383], [105.97618, -6.05525], [105.98609, -6.06224], [105.98699, -6.06223], [105.98651, -6.05796], [105.98563, -6.05578], [105.98628, -6.05438], [105.9884, -6.05249], [105.98769, -6.05185], [105.98758, -6.04973], [105.98856, -6.04753], [105.98566, -6.04535], [105.9811, -6.04023], [105.98485, -6.03791], [105.98792, -6.03802], [105.9888, -6.04041], [105.98827, -6.04107], [105.98754, -6.04091], [105.98818, -6.04258], [105.99136, -6.04258], [105.9913, -6.04061], [105.99378, -6.04039], [105.99446, -6.04244], [105.9959, -6.0429], [105.99942, -6.04263], [106.00124, -6.04524], [106.0032, -6.04629], [106.00507, -6.04568], [106.00609, -6.04449], [106.00717, -6.04496], [106.00767, -6.04262], [106.01192, -6.04236], [106.01241, -6.04336], [106.01625, -6.04375], [106.02278, -6.04097], [106.02964, -6.04001], [106.03085, -6.04097], [106.02986, -6.04287], [106.03025, -6.04448], [106.02882, -6.04542], [106.02963, -6.04593], [106.02995, -6.04764], [106.02845, -6.0484], [106.02843, -6.04918], [106.0273, -6.0501], [106.02615, -6.04997], [106.02708, -6.05073], [106.02664, -6.05179], [106.02709, -6.05401], [106.02595, -6.05472], [106.02561, -6.05595], [106.02493, -6.05583], [106.02345, -6.05736], [106.02384, -6.05801], [106.02486, -6.05738], [106.0251, -6.05786], [106.02392, -6.05925], [106.02291, -6.05846], [106.0229, -6.0597], [106.02366, -6.0606], [106.02223, -6.06054], [106.02283, -6.06133], [106.02266, -6.06235], [106.02066, -6.06226], [106.02189, -6.06323], [106.01969, -6.06486], [106.02047, -6.06598], [106.01956, -6.06621], [106.01976, -6.07094], [106.02064, -6.07094], [106.02147, -6.07215], [106.02103, -6.07402], [106.02146, -6.07574], [106.02029, -6.07809], [106.02284, -6.08007], [106.02591, -6.08065], [106.02769, -6.07886], [106.02999, -6.07958], [106.03007, -6.07909], [106.03114, -6.07921], [106.03128, -6.08034], [106.02928, -6.0808], [106.02842, -6.08321], [106.02979, -6.08498], [106.03005, -6.08771], [106.03348, -6.08779], [106.03361, -6.08705], [106.0344, -6.0873], [106.03625, -6.0863], [106.0403, -6.0866], [106.0425, -6.0895], [106.0449, -6.0905], [106.0497, -6.0958], [106.0509, -6.0991], [106.05038, -6.10006], [106.04943, -6.10016], [106.04867, -6.10287], [106.0469, -6.1053], [106.0424, -6.1058], [106.0418, -6.1064], [106.0406, -6.1085], [106.04063, -6.11037], [106.0391, -6.1129], [106.03349, -6.10998], [106.03062, -6.11008], [106.02968, -6.10823], [106.02807, -6.1076], [106.02608, -6.10926], [106.01866, -6.11192], [106.01518, -6.11457], [106.00933, -6.11331], [106.00994, -6.11581], [106.00832, -6.12102], [106.0071, -6.12131], [106.00554, -6.12037], [106.0033, -6.12182], [106.00103, -6.12398], [106.00056, -6.1268], [105.9982, -6.13043]]]}}, {"type": "Feature", "properties": {"domain_id": "360435", "name": "LEBAK WANGI"}, "geometry": {"type": "Polygon", "coordinates": [[[106.29538, -6.095], [106.29134, -6.10907], [106.29291, -6.1109], [106.29707, -6.10987], [106.30065, -6.11178], [106.30115, -6.11336], [106.29984, -6.11888], [106.29889, -6.11837], [106.29709, -6.11543], [106.29613, -6.11634], [106.29517, -6.11507], [106.29125, -6.11535], [106.29102, -6.1126], [106.28925, -6.11232], [106.28763, -6.1106], [106.28423, -6.109], [106.28389, -6.1083], [106.27958, -6.10688], [106.27972, -6.10602], [106.27919, -6.1058], [106.28036, -6.10391], [106.28032, -6.10238], [106.28186, -6.10155], [106.28002, -6.10013], [106.27514, -6.10086], [106.27103, -6.09988], [106.26795, -6.09831], [106.25831, -6.10553], [106.25663, -6.10521], [106.25539, -6.10417], [106.25135, -6.10394], [106.24833, -6.10292], [106.24794, -6.10274], [106.24851, -6.09991], [106.2474, -6.0989], [106.24903, -6.09881], [106.24996, -6.09595], [106.2493, -6.0925], [106.2503, -6.0908], [106.25122, -6.08626], [106.25374, -6.08081], [106.25567, -6.08052], [106.25564, -6.07982], [106.2564, -6.0798], [106.25596, -6.07902], [106.2566, -6.07813], [106.2549, -6.0781], [106.25445, -6.07714], [106.25278, -6.07697], [106.25334, -6.07503], [106.24931, -6.07577], [106.24663, -6.0754], [106.24975, -6.07547], [106.24881, -6.0747], [106.25154, -6.06946], [106.25409, -6.07089], [106.25562, -6.07057], [106.2581, -6.07139], [106.25847, -6.07075], [106.25955, -6.07078], [106.26073, -6.07221], [106.2625, -6.071], [106.26105, -6.07075], [106.26122, -6.06946], [106.26213, -6.06934], [106.26222, -6.06863], [106.26412, -6.0693], [106.26448, -6.06611], [106.26387, -6.06548], [106.26579, -6.06172], [106.26585, -6.05998], [106.26421, -6.05922], [106.26848, -6.05599], [106.26901, -6.05434], [106.26794, -6.05403], [106.26915, -6.05126], [106.27519, -6.0536], [106.27583, -6.05231], [106.27697, -6.0536], [106.27643, -6.05478], [106.27874, -6.05291], [106.28128, -6.05459], [106.28271, -6.05378], [106.28332, -6.05238], [106.28403, -6.0528], [106.28544, -6.05166], [106.28593, -6.05107], [106.28561, -6.05], [106.28815, -6.04864], [106.2899, -6.04455], [106.29211, -6.04324], [106.29392, -6.04304], [106.29478, -6.04402], [106.29705, -6.04211], [106.29685, -6.04362], [106.29764, -6.04546], [106.29949, -6.04523], [106.29941, -6.04278], [106.30047, -6.04184], [106.3032, -6.04173], [106.30308, -6.04119], [106.30445, -6.0409], [106.30426, -6.03994], [106.3145, -6.03751], [106.31654, -6.03608], [106.32169, -6.04183], [106.31963, -6.04657], [106.31729, -6.0486], [106.3169, -6.05492], [106.31387, -6.05756], [106.31246, -6.06131], [106.30874, -6.06565], [106.30733, -6.07125], [106.30544, -6.07304], [106.29931, -6.07464], [106.29996, -6.07913], [106.302, -6.08371], [106.30114, -6.08548], [106.29818, -6.08644], [106.29538, -6.095]]]}}, {"type": "Feature", "properties": {"domain_id": "360422", "name": "BAROS"}, "geometry": {"type": "Polygon", "coordinates": [[[106.13025, -6.25481], [106.12869, -6.25339], [106.128, -6.2505], [106.12509, -6.25126], [106.12262, -6.24893], [106.12124, -6.25162], [106.11776, -6.25417], [106.11211, -6.2519], [106.11097, -6.25275], [106.10875, -6.25244], [106.10908, -6.25062], [106.10821, -6.24377], [106.10683, -6.24173], [106.10313, -6.23779], [106.09944, -6.23788], [106.09659, -6.23697], [106.09458, -6.23106], [106.09193, -6.22874], [106.09007, -6.23], [106.08893, -6.229], [106.0869, -6.22966], [106.08588, -6.22782], [106.08505, -6.22759], [106.08413, -6.22886], [106.08475, -6.23181], [106.07581, -6.22979], [106.07694, -6.22746], [106.07706, -6.22153], [106.07837, -6.2201], [106.08061, -6.21215], [106.08362, -6.21396], [106.08814, -6.21109], [106.09136, -6.2086], [106.09146, -6.20738], [106.09256, -6.20609], [106.09227, -6.20451], [106.0947, -6.20067], [106.09588, -6.20101], [106.09677, -6.20022], [106.09842, -6.20044], [106.09863, -6.20105], [106.1005, -6.20038], [106.10146, -6.20093], [106.10379, -6.20055], [106.10535, -6.20166], [106.10496, -6.203], [106.10569, -6.20282], [106.10559, -6.20513], [106.10704, -6.20542], [106.10864, -6.20476], [106.10927, -6.20507], [106.10977, -6.20422], [106.11062, -6.20542], [106.11299, -6.20545], [106.11402, -6.20467], [106.11777, -6.20385], [106.11908, -6.20267], [106.12057, -6.20334], [106.12155, -6.203], [106.12403, -6.20423], [106.12638, -6.20378], [106.12771, -6.20495], [106.12968, -6.2038], [106.1363, -6.20423], [106.13767, -6.20895], [106.13917, -6.20957], [106.14384, -6.20965], [106.14634, -6.20873], [106.15051, -6.20967], [106.15047, -6.20808], [106.15189, -6.20667], [106.1537, -6.20774], [106.15762, -6.20758], [106.15711, -6.2131], [106.15755, -6.21429], [106.15697, -6.21516], [106.15581, -6.21525], [106.15556, -6.21605], [106.15733, -6.21794], [106.15521, -6.21794], [106.1544, -6.21992], [106.15454, -6.22875], [106.15499, -6.23017], [106.15631, -6.23064], [106.15585, -6.23229], [106.15723, -6.23396], [106.15636, -6.23418], [106.15651, -6.23471], [106.15254, -6.2344], [106.15231, -6.23675], [106.15308, -6.23754], [106.15187, -6.23857], [106.1519, -6.23931], [106.15054, -6.23907], [106.14971, -6.2404], [106.1476, -6.24176], [106.1447, -6.24195], [106.1448, -6.24329], [106.1459, -6.2429], [106.14545, -6.24645], [106.14753, -6.24691], [106.14841, -6.24619], [106.14933, -6.2491], [106.15159, -6.2495], [106.15287, -6.25109], [106.14768, -6.25076], [106.14579, -6.25128], [106.14505, -6.25427], [106.13927, -6.25411], [106.13497, -6.25766], [106.13245, -6.25754], [106.13168, -6.25587], [106.13025, -6.25481]]]}}, {"type": "Feature", "properties": {"domain_id": "360409", "name": "CIRUAS"}, "geometry": {"type": "Polygon", "coordinates": [[[106.24226, -6.13072], [106.23924, -6.12895], [106.2348, -6.13006], [106.22548, -6.12925], [106.22356, -6.12821], [106.22233, -6.1262], [106.22309, -6.124], [106.22301, -6.12164], [106.229, -6.10843], [106.22422, -6.10535], [106.22515, -6.10409], [106.22896, -6.10207], [106.2302, -6.09971], [106.22911, -6.09613], [106.22709, -6.0941], [106.22407, -6.09241], [106.22176, -6.09231], [106.22354, -6.08821], [106.22349, -6.08593], [106.22144, -6.08423], [106.21924, -6.0834], [106.22186, -6.06898], [106.22038, -6.05633], [106.22161, -6.04789], [106.22522, -6.04092], [106.22631, -6.04259], [106.22639, -6.04389], [106.22935, -6.04474], [106.22918, -6.04862], [106.23022, -6.04983], [106.2311, -6.04956], [106.23122, -6.05106], [106.23211, -6.05139], [106.23197, -6.05223], [106.23115, -6.05251], [106.23143, -6.05549], [106.23082, -6.05699], [106.23315, -6.0579], [106.23204, -6.0653], [106.23255, -6.06555], [106.2359, -6.06297], [106.23798, -6.06408], [106.2407, -6.0638], [106.24117, -6.06484], [106.24212, -6.06493], [106.24208, -6.06615], [106.24294, -6.06577], [106.24303, -6.06656], [106.2459, -6.0674], [106.24772, -6.06929], [106.24731, -6.07483], [106.24976, -6.07542], [106.24667, -6.07551], [106.24931, -6.07577], [106.25334, -6.07503], [106.25278, -6.07697], [106.25445, -6.07714], [106.2549, -6.0781], [106.2566, -6.07813], [106.25596, -6.07902], [106.2564, -6.0798], [106.25564, -6.07982], [106.25567, -6.08052], [106.25374, -6.08081], [106.25122, -6.08626], [106.2503, -6.0908], [106.2493, -6.0925], [106.24996, -6.09595], [106.24903, -6.09881], [106.2474, -6.0989], [106.24851, -6.09991], [106.24794, -6.10274], [106.25135, -6.10394], [106.25539, -6.10417], [106.25663, -6.10521], [106.25831, -6.10553], [106.26795, -6.09831], [106.27103, -6.09988], [106.27514, -6.10086], [106.27945, -6.09999], [106.28186, -6.10155], [106.28032, -6.10238], [106.27932, -6.107], [106.27519, -6.10618], [106.27469, -6.11028], [106.27339, -6.11148], [106.27421, -6.11194], [106.27239, -6.11533], [106.27013, -6.1155], [106.26743, -6.11705], [106.26623, -6.11685], [106.2646, -6.11844], [106.26352, -6.11855], [106.26286, -6.12045], [106.26421, -6.12179], [106.27411, -6.12412], [106.2732, -6.1273], [106.2705, -6.1283], [106.26936, -6.13044], [106.26825, -6.13003], [106.26635, -6.13215], [106.2638, -6.13095], [106.25845, -6.14254], [106.25511, -6.14128], [106.25421, -6.1426], [106.2546, -6.14454], [106.25309, -6.14488], [106.2464, -6.14163], [106.24226, -6.13072]]]}}, {"type": "Feature", "properties": {"domain_id": "360426", "name": "JAWILAN"}, "geometry": {"type": "Polygon", "coordinates": [[[106.34878, -6.31215], [106.34821, -6.31426], [106.34911, -6.31682], [106.34887, -6.31799], [106.34996, -6.31932], [106.35624, -6.32225], [106.35677, -6.32171], [106.35807, -6.32188], [106.35765, -6.32491], [106.36227, -6.32638], [106.36343, -6.32454], [106.36537, -6.32549], [106.36566, -6.32715], [106.36481, -6.32839], [106.3625, -6.32938], [106.36137, -6.33097], [106.35892, -6.32941], [106.35658, -6.32913], [106.34601, -6.33334], [106.32649, -6.33573], [106.31955, -6.33515], [106.31518, -6.33197], [106.31312, -6.32654], [106.30955, -6.32099], [106.30846, -6.32005], [106.30376, -6.31905], [106.30569, -6.31777], [106.30933, -6.3171], [106.30954, -6.31599], [106.31241, -6.31289], [106.31327, -6.31125], [106.31344, -6.30795], [106.31462, -6.30631], [106.31479, -6.3048], [106.31626, -6.30457], [106.31628, -6.30371], [106.3171, -6.30372], [106.31745, -6.30202], [106.31832, -6.30209], [106.31849, -6.29819], [106.31936, -6.29669], [106.32645, -6.29389], [106.32825, -6.2899], [106.32718, -6.28344], [106.32816, -6.28243], [106.32967, -6.28245], [106.32943, -6.28158], [106.33007, -6.2807], [106.33344, -6.27927], [106.33316, -6.27564], [106.33449, -6.27306], [106.33695, -6.2717], [106.33833, -6.27201], [106.34019, -6.2714], [106.34063, -6.26749], [106.34005, -6.26492], [106.34289, -6.26471], [106.3423, -6.26409], [106.34241, -6.26133], [106.34179, -6.26082], [106.34232, -6.26016], [106.34212, -6.25863], [106.341, -6.25782], [106.34028, -6.25556], [106.34103, -6.25528], [106.34042, -6.25457], [106.33978, -6.25394], [106.33854, -6.254], [106.33534, -6.25556], [106.3345, -6.25096], [106.32997, -6.25103], [106.33267, -6.24724], [106.33164, -6.24716], [106.33145, -6.24542], [106.33218, -6.24527], [106.33144, -6.2452], [106.3309, -6.24328], [106.33233, -6.24263], [106.33254, -6.24148], [106.33536, -6.24228], [106.33733, -6.24143], [106.33657, -6.23732], [106.33978, -6.23712], [106.34002, -6.2352], [106.34072, -6.23443], [106.34096, -6.23495], [106.34299, -6.23526], [106.3431, -6.23475], [106.34561, -6.23495], [106.34858, -6.23369], [106.35093, -6.2352], [106.35185, -6.23776], [106.35514, -6.23992], [106.35528, -6.23477], [106.3634, -6.23686], [106.363, -6.23944], [106.36411, -6.2393], [106.36482, -6.23997], [106.36399, -6.24131], [106.36538, -6.24151], [106.36617, -6.24396], [106.36559, -6.24517], [106.3659, -6.24838], [106.36281, -6.24819], [106.36277, -6.2508], [106.36477, -6.25103], [106.3655, -6.25302], [106.36913, -6.25347], [106.37, -6.25503], [106.37127, -6.25552], [106.37192, -6.25701], [106.37085, -6.25829], [106.37245, -6.25828], [106.37179, -6.26022], [106.37285, -6.26077], [106.37318, -6.26229], [106.37182, -6.27197], [106.37026, -6.27173], [106.36949, -6.27412], [106.36949, -6.27635], [106.3709, -6.27674], [106.36986, -6.281], [106.3701, -6.28218], [106.37089, -6.28259], [106.37091, -6.28392], [106.36952, -6.28387], [106.36942, -6.28494], [106.36994, -6.28549], [106.36977, -6.28953], [106.37076, -6.29056], [106.37034, -6.29212], [106.36912, -6.29252], [106.36888, -6.29333], [106.36985, -6.29417], [106.37133, -6.29435], [106.37192, -6.29559], [106.36984, -6.29661], [106.36788, -6.29657], [106.36787, -6.29728], [106.36704, -6.29721], [106.36655, -6.29622], [106.36594, -6.29756], [106.36378, -6.29746], [106.36382, -6.29571], [106.36298, -6.29567], [106.36174, -6.29358], [106.36099, -6.29346], [106.36126, -6.29645], [106.36056, -6.29853], [106.35973, -6.29835], [106.35895, -6.29901], [106.359, -6.3011], [106.3565, -6.30054], [106.35413, -6.301], [106.35355, -6.30584], [106.34878, -6.31215]]]}}, {"type": "Feature", "properties": {"domain_id": "360425", "name": "KOPO"}, "geometry": {"type": "Polygon", "coordinates": [[[106.38902, -6.3294], [106.37743, -6.33046], [106.37075, -6.33232], [106.36361, -6.33228], [106.36137, -6.33097], [106.3625, -6.32938], [106.36491, -6.32828], [106.36577, -6.32581], [106.36343, -6.32454], [106.36237, -6.32638], [106.35765, -6.32491], [106.35807, -6.32188], [106.35677, -6.32171], [106.35624, -6.32225], [106.34996, -6.31932], [106.34887, -6.31799], [106.34911, -6.31682], [106.34821, -6.31426], [106.34878, -6.31215], [106.35355, -6.30584], [106.35413, -6.301], [106.3565, -6.30054], [106.359, -6.3011], [106.35895, -6.29901], [106.35973, -6.29835], [106.36056, -6.29853], [106.36126, -6.29645], [106.36099, -6.29346], [106.36174, -6.29358], [106.36298, -6.29567], [106.36382, -6.29571], [106.36378, -6.29746], [106.36594, -6.29756], [106.36655, -6.29622], [106.36704, -6.29721], [106.36787, -6.29728], [106.36788, -6.29657], [106.37161, -6.29616], [106.37205, -6.29513], [106.37127, -6.29431], [106.36985, -6.29417], [106.36887, -6.29305], [106.37034, -6.29212], [106.37076, -6.29056], [106.36977, -6.28953], [106.36994, -6.28549], [106.36942, -6.28494], [106.36952, -6.28387], [106.37091, -6.28392], [106.37089, -6.28259], [106.3701, -6.28218], [106.36986, -6.281], [106.3709, -6.27674], [106.36949, -6.27635], [106.36949, -6.27412], [106.37026, -6.27173], [106.37182, -6.27197], [106.37265, -6.26815], [106.37318, -6.26229], [106.37285, -6.26077], [106.37179, -6.26022], [106.37245, -6.25828], [106.37085, -6.25829], [106.3719, -6.25662], [106.37127, -6.25552], [106.36973, -6.25473], [106.36925, -6.25354], [106.3655, -6.25302], [106.36477, -6.25103], [106.36277, -6.2508], [106.36281, -6.24819], [106.3659, -6.24838], [106.36559, -6.24517], [106.36613, -6.24282], [106.36538, -6.24151], [106.36399, -6.24131], [106.36482, -6.23997], [106.36411, -6.2393], [106.363, -6.23944], [106.3634, -6.23686], [106.35528, -6.23477], [106.35623, -6.23077], [106.3581, -6.22631], [106.35938, -6.22676], [106.35935, -6.22805], [106.36104, -6.22875], [106.36091, -6.22939], [106.36365, -6.22999], [106.36774, -6.22354], [106.36989, -6.22285], [106.37134, -6.22339], [106.37181, -6.22212], [106.37553, -6.2202], [106.37699, -6.22012], [106.37854, -6.21837], [106.37959, -6.21875], [106.37827, -6.21991], [106.38126, -6.22091], [106.38171, -6.22227], [106.3832, -6.22373], [106.38183, -6.22667], [106.38634, -6.22806], [106.38553, -6.22923], [106.3871, -6.23049], [106.38492, -6.23132], [106.38428, -6.23229], [106.38588, -6.23819], [106.38399, -6.24058], [106.38459, -6.24118], [106.38654, -6.24046], [106.38656, -6.24274], [106.38863, -6.24476], [106.38717, -6.24635], [106.38726, -6.24818], [106.38524, -6.24888], [106.386, -6.25271], [106.38527, -6.25351], [106.38541, -6.25531], [106.38403, -6.257], [106.38278, -6.26192], [106.38417, -6.26227], [106.38583, -6.26142], [106.38776, -6.26466], [106.38481, -6.26603], [106.38651, -6.26666], [106.38733, -6.26848], [106.38937, -6.26855], [106.38774, -6.27012], [106.38914, -6.27208], [106.38731, -6.27399], [106.38738, -6.27522], [106.38929, -6.2768], [106.39231, -6.27466], [106.3933, -6.27624], [106.39306, -6.27853], [106.39513, -6.27989], [106.39492, -6.28093], [106.3941, -6.28121], [106.39259, -6.2796], [106.39126, -6.27958], [106.39031, -6.28179], [106.39277, -6.28347], [106.3924, -6.28577], [106.39365, -6.28751], [106.39484, -6.29386], [106.3981, -6.29664], [106.39862, -6.29841], [106.39867, -6.30373], [106.39706, -6.30502], [106.39455, -6.30519], [106.39575, -6.30688], [106.39464, -6.30947], [106.39441, -6.31403], [106.39274, -6.31308], [106.39192, -6.31393], [106.39539, -6.31591], [106.39826, -6.31533], [106.39911, -6.31571], [106.39935, -6.31625], [106.39693, -6.31716], [106.39715, -6.31779], [106.39928, -6.31784], [106.39969, -6.31876], [106.39832, -6.32029], [106.39779, -6.32472], [106.3988, -6.3249], [106.3997, -6.32386], [106.40066, -6.32408], [106.40074, -6.32509], [106.39883, -6.32597], [106.39906, -6.3273], [106.39982, -6.32744], [106.40213, -6.32552], [106.4029, -6.32751], [106.40094, -6.3303], [106.39909, -6.33071], [106.39768, -6.33066], [106.39574, -6.32932], [106.38902, -6.3294]]]}}, {"type": "Feature", "properties": {"domain_id": "360424", "name": "PAMARAYAN"}, "geometry": {"type": "Polygon", "coordinates": [[[106.32726, -6.28373], [106.32825, -6.2899], [106.32776, -6.29154], [106.32645, -6.29389], [106.32149, -6.29556], [106.31859, -6.2977], [106.31832, -6.30209], [106.31745, -6.30202], [106.3171, -6.30372], [106.31628, -6.30371], [106.31626, -6.30457], [106.31479, -6.3048], [106.31462, -6.30631], [106.31344, -6.30795], [106.31327, -6.31125], [106.31103, -6.31475], [106.30954, -6.31599], [106.30933, -6.3171], [106.30569, -6.31777], [106.30376, -6.31905], [106.2973, -6.31692], [106.29224, -6.31213], [106.2906, -6.31185], [106.28951, -6.31303], [106.28786, -6.31295], [106.28487, -6.30968], [106.28048, -6.3117], [106.281, -6.31002], [106.28244, -6.30891], [106.27988, -6.30719], [106.27962, -6.30307], [106.27713, -6.30142], [106.27352, -6.30025], [106.27393, -6.29824], [106.27325, -6.29587], [106.27095, -6.29242], [106.26611, -6.28789], [106.26909, -6.28173], [106.26815, -6.27907], [106.26551, -6.27561], [106.26732, -6.27334], [106.27195, -6.27071], [106.27265, -6.26545], [106.27353, -6.26444], [106.27696, -6.26555], [106.28023, -6.26352], [106.28149, -6.26442], [106.28284, -6.26757], [106.28404, -6.26759], [106.28503, -6.26626], [106.28555, -6.2613], [106.28465, -6.25313], [106.28339, -6.25224], [106.28323, -6.2503], [106.28171, -6.24813], [106.28118, -6.24596], [106.28384, -6.2412], [106.28315, -6.2377], [106.28375, -6.23656], [106.28616, -6.23607], [106.28877, -6.2344], [106.29475, -6.23746], [106.29829, -6.23739], [106.29914, -6.23818], [106.30088, -6.2366], [106.3034, -6.23762], [106.30325, -6.24068], [106.30273, -6.24052], [106.30199, -6.24173], [106.30163, -6.2438], [106.29983, -6.24421], [106.30042, -6.24518], [106.29974, -6.2472], [106.30136, -6.24806], [106.30064, -6.24951], [106.30331, -6.25042], [106.30305, -6.25273], [106.30411, -6.25265], [106.30462, -6.25441], [106.30653, -6.25467], [106.30656, -6.25527], [106.30747, -6.25536], [106.30846, -6.2529], [106.31124, -6.25293], [106.31315, -6.25193], [106.31277, -6.25152], [106.31333, -6.25108], [106.31425, -6.25109], [106.31442, -6.25024], [106.3184, -6.24986], [106.31833, -6.24763], [106.31953, -6.24713], [106.31942, -6.24535], [106.32131, -6.24815], [106.32259, -6.24866], [106.32339, -6.25055], [106.32545, -6.25185], [106.32834, -6.25173], [106.33139, -6.25069], [106.3345, -6.25096], [106.33534, -6.25556], [106.33854, -6.254], [106.33978, -6.25394], [106.34042, -6.25457], [106.34103, -6.25528], [106.34028, -6.25556], [106.341, -6.25782], [106.34212, -6.25863], [106.34232, -6.26016], [106.34175, -6.26024], [106.3418, -6.26089], [106.34243, -6.26143], [106.3423, -6.26409], [106.34295, -6.26436], [106.34282, -6.26483], [106.34005, -6.26492], [106.34063, -6.26749], [106.34019, -6.2714], [106.33833, -6.27201], [106.33695, -6.2717], [106.33449, -6.27306], [106.33316, -6.27564], [106.33361, -6.27902], [106.33007, -6.2807], [106.32943, -6.28158], [106.32967, -6.28245], [106.32816, -6.28243], [106.32726, -6.28373]]]}}, {"type": "Feature", "properties": {"domain_id": "360427", "name": "CIOMAS"}, "geometry": {"type": "Polygon", "coordinates": [[[106.02699, -6.27522], [106.02069, -6.27366], [106.01747, -6.2742], [106.0146, -6.27367], [106.00906, -6.27398], [106.00126, -6.27542], [105.99747, -6.27357], [105.99489, -6.27389], [105.99514, -6.27221], [105.99437, -6.27204], [105.99281, -6.26923], [105.99231, -6.2656], [105.99022, -6.267], [105.98945, -6.26511], [105.98686, -6.2669], [105.98603, -6.26571], [105.98476, -6.26646], [105.98144, -6.26516], [105.98158, -6.26429], [105.98321, -6.26317], [105.98332, -6.26169], [105.98273, -6.25253], [105.98138, -6.24929], [105.98028, -6.2487], [105.98092, -6.24414], [105.98381, -6.24122], [105.98423, -6.23909], [105.98529, -6.23787], [105.98843, -6.23597], [105.98885, -6.23177], [105.98798, -6.22966], [105.98839, -6.2271], [105.99136, -6.22618], [105.99833, -6.22707], [105.99951, -6.22637], [106.00048, -6.22216], [106.00158, -6.22227], [106.00092, -6.22096], [106.0022, -6.22067], [106.00793, -6.22012], [106.00743, -6.22438], [106.00958, -6.22432], [106.01037, -6.22051], [106.01343, -6.21983], [106.01384, -6.21889], [106.01485, -6.21883], [106.01494, -6.21936], [106.01788, -6.21902], [106.01721, -6.21867], [106.01724, -6.21645], [106.02343, -6.21637], [106.0239, -6.21707], [106.02593, -6.21734], [106.02971, -6.21649], [106.03003, -6.21205], [106.02895, -6.21009], [106.03597, -6.21056], [106.03663, -6.20655], [106.03629, -6.20078], [106.04109, -6.19955], [106.04668, -6.20256], [106.04656, -6.20566], [106.04766, -6.20841], [106.04664, -6.2092], [106.04582, -6.21176], [106.04601, -6.21837], [106.0468, -6.21819], [106.05181, -6.22344], [106.05217, -6.22867], [106.05377, -6.228], [106.05881, -6.2282], [106.05975, -6.2293], [106.06659, -6.22814], [106.07377, -6.22955], [106.07465, -6.22833], [106.07603, -6.22867], [106.07581, -6.22979], [106.08475, -6.23181], [106.08346, -6.23447], [106.08228, -6.23538], [106.08181, -6.23952], [106.07985, -6.24472], [106.07836, -6.24689], [106.07839, -6.24996], [106.07747, -6.25163], [106.07141, -6.25648], [106.06589, -6.26352], [106.06047, -6.26679], [106.05124, -6.2699], [106.04991, -6.26975], [106.04909, -6.26796], [106.04747, -6.26712], [106.03904, -6.26873], [106.03612, -6.2721], [106.03484, -6.27114], [106.03335, -6.27141], [106.03288, -6.27187], [106.03318, -6.2735], [106.03227, -6.27425], [106.02699, -6.27522]]]}}, {"type": "Feature", "properties": {"domain_id": "360418", "name": "BINUANG"}, "geometry": {"type": "Polygon", "coordinates": [[[106.36932, -6.12808], [106.3719, -6.12923], [106.37724, -6.12886], [106.37794, -6.13077], [106.37782, -6.13274], [106.3788, -6.13482], [106.38049, -6.13601], [106.38151, -6.13849], [106.38444, -6.14027], [106.38678, -6.14432], [106.3848, -6.14622], [106.38552, -6.14788], [106.38489, -6.14892], [106.38552, -6.14978], [106.38615, -6.14961], [106.38703, -6.15169], [106.3837, -6.15544], [106.38348, -6.15843], [106.37667, -6.15744], [106.37587, -6.157], [106.37582, -6.15587], [106.36917, -6.15417], [106.3692, -6.15354], [106.36762, -6.15339], [106.36172, -6.14982], [106.3575, -6.15034], [106.35748, -6.15266], [106.3565, -6.15293], [106.35639, -6.152], [106.35541, -6.15172], [106.35566, -6.15052], [106.35513, -6.15046], [106.35232, -6.15149], [106.35067, -6.15082], [106.34913, -6.15335], [106.34545, -6.15163], [106.34165, -6.15383], [106.34019, -6.15382], [106.34247, -6.15803], [106.33896, -6.15731], [106.33852, -6.15807], [106.3345, -6.15709], [106.33325, -6.1575], [106.33155, -6.15712], [106.33249, -6.15232], [106.33125, -6.1512], [106.3308, -6.14857], [106.32955, -6.14805], [106.32917, -6.14877], [106.32768, -6.14874], [106.32844, -6.1462], [106.32817, -6.14417], [106.32723, -6.14283], [106.32905, -6.1421], [106.32835, -6.14073], [106.32932, -6.14105], [106.32994, -6.14057], [106.3291, -6.13965], [106.32914, -6.13742], [106.32729, -6.13789], [106.32882, -6.13612], [106.32675, -6.13616], [106.32769, -6.13501], [106.32749, -6.13232], [106.32634, -6.13215], [106.32599, -6.13134], [106.32583, -6.13338], [106.32508, -6.13297], [106.32527, -6.13247], [106.32363, -6.13246], [106.3241, -6.13204], [106.32366, -6.13103], [106.32152, -6.13125], [106.32028, -6.13011], [106.31912, -6.13029], [106.31872, -6.12822], [106.31712, -6.12833], [106.31652, -6.12517], [106.31769, -6.12434], [106.3175, -6.12146], [106.31587, -6.11801], [106.31649, -6.11755], [106.31932, -6.11881], [106.3204, -6.11793], [106.32052, -6.11634], [106.31974, -6.11557], [106.3174, -6.11503], [106.31738, -6.11356], [106.32406, -6.1126], [106.3246, -6.10799], [106.32777, -6.10655], [106.32563, -6.10233], [106.32827, -6.10116], [106.32777, -6.09915], [106.32896, -6.0982], [106.33069, -6.09927], [106.3326, -6.09943], [106.33545, -6.1021], [106.33819, -6.10319], [106.33639, -6.10576], [106.34153, -6.10768], [106.34188, -6.10728], [106.34505, -6.108], [106.35012, -6.107], [106.35056, -6.10963], [106.35161, -6.11107], [106.35271, -6.11], [106.3539, -6.11024], [106.35512, -6.11147], [106.35585, -6.1136], [106.35933, -6.11585], [106.36185, -6.11648], [106.3646, -6.12038], [106.36437, -6.12111], [106.36272, -6.12082], [106.36215, -6.12128], [106.36346, -6.12304], [106.36636, -6.12498], [106.36729, -6.12697], [106.36932, -6.12808]]]}}, {"type": "Feature", "properties": {"domain_id": "360420", "name": "TUNJUNG TEJA"}, "geometry": {"type": "Polygon", "coordinates": [[[106.25055, -6.29805], [106.24595, -6.29699], [106.24359, -6.29802], [106.24376, -6.30058], [106.24315, -6.30119], [106.24403, -6.3035], [106.24384, -6.30464], [106.24192, -6.30559], [106.23913, -6.30577], [106.23438, -6.30214], [106.2312, -6.31079], [106.22893, -6.31233], [106.22621, -6.31265], [106.2225, -6.31171], [106.21878, -6.30734], [106.21886, -6.30512], [106.22055, -6.30211], [106.22087, -6.29964], [106.21429, -6.29879], [106.21388, -6.29766], [106.21452, -6.29417], [106.21431, -6.29286], [106.21371, -6.29257], [106.20777, -6.29275], [106.20082, -6.29097], [106.19559, -6.29037], [106.19412, -6.29093], [106.19302, -6.29243], [106.18985, -6.29382], [106.17607, -6.29246], [106.17182, -6.29133], [106.17312, -6.28389], [106.17582, -6.28066], [106.1761, -6.27475], [106.17522, -6.27213], [106.17907, -6.27349], [106.17999, -6.27233], [106.18493, -6.27249], [106.18539, -6.27316], [106.18617, -6.2727], [106.18627, -6.27353], [106.18696, -6.27366], [106.1878, -6.27287], [106.18962, -6.27343], [106.18996, -6.27279], [106.19155, -6.27272], [106.195, -6.27405], [106.20005, -6.27381], [106.20447, -6.27463], [106.20539, -6.27534], [106.20698, -6.27353], [106.20787, -6.27339], [106.20963, -6.27437], [106.21161, -6.27384], [106.2128, -6.26712], [106.21384, -6.26761], [106.21437, -6.26619], [106.21404, -6.26349], [106.21549, -6.26278], [106.21493, -6.2616], [106.21521, -6.2605], [106.21351, -6.26009], [106.21323, -6.25701], [106.21727, -6.25872], [106.21723, -6.25941], [106.21871, -6.26062], [106.22279, -6.26126], [106.22429, -6.26222], [106.22791, -6.26137], [106.22937, -6.26248], [106.23298, -6.26051], [106.23662, -6.25679], [106.23866, -6.25553], [106.24057, -6.25526], [106.24208, -6.25377], [106.24318, -6.25428], [106.24436, -6.25286], [106.24572, -6.25293], [106.24621, -6.25184], [106.24865, -6.2528], [106.25072, -6.25224], [106.2519, -6.25284], [106.25318, -6.25195], [106.25635, -6.252], [106.25845, -6.25285], [106.25899, -6.25243], [106.26499, -6.25628], [106.26578, -6.25738], [106.27098, -6.25835], [106.27283, -6.26143], [106.27777, -6.2652], [106.27668, -6.26556], [106.27451, -6.26439], [106.2732, -6.26464], [106.27195, -6.27071], [106.26732, -6.27334], [106.26551, -6.27561], [106.26815, -6.27907], [106.26909, -6.28173], [106.26611, -6.28789], [106.27147, -6.29305], [106.27349, -6.29635], [106.27391, -6.29906], [106.27166, -6.30231], [106.26092, -6.30635], [106.26048, -6.30764], [106.26157, -6.30986], [106.26098, -6.31073], [106.25968, -6.3108], [106.25761, -6.30989], [106.25611, -6.30999], [106.25507, -6.30876], [106.25503, -6.30291], [106.25713, -6.30156], [106.2592, -6.30168], [106.2593, -6.29995], [106.25838, -6.29906], [106.25654, -6.29929], [106.25278, -6.29806], [106.25055, -6.29805]]]}}, {"type": "Feature", "properties": {"domain_id": "360218", "name": "CIBADAK"}, "geometry": {"type": "Polygon", "coordinates": [[[106.21117, -6.35956], [106.20984, -6.36042], [106.20773, -6.36043], [106.20668, -6.36146], [106.20789, -6.36721], [106.20674, -6.37372], [106.2055, -6.37394], [106.20298, -6.3721], [106.20092, -6.37249], [106.19912, -6.37131], [106.19787, -6.37136], [106.19772, -6.37263], [106.19915, -6.37651], [106.19607, -6.37825], [106.19478, -6.38062], [106.19187, -6.38155], [106.19033, -6.38553], [106.18886, -6.38601], [106.18781, -6.38524], [106.18814, -6.38458], [106.18724, -6.38355], [106.18819, -6.38296], [106.1882, -6.38167], [106.18929, -6.37975], [106.19124, -6.37937], [106.19185, -6.37837], [106.19131, -6.37429], [106.18344, -6.37493], [106.18044, -6.37798], [106.17731, -6.37744], [106.1779, -6.37435], [106.17769, -6.37075], [106.17874, -6.37008], [106.18047, -6.37063], [106.17959, -6.36876], [106.18076, -6.37063], [106.18186, -6.37061], [106.18258, -6.36942], [106.18404, -6.36997], [106.18438, -6.36904], [106.18517, -6.36882], [106.18679, -6.36999], [106.18752, -6.36856], [106.18939, -6.36854], [106.19161, -6.36978], [106.1939, -6.36768], [106.19494, -6.36792], [106.19722, -6.36708], [106.19723, -6.36549], [106.19633, -6.36542], [106.19582, -6.36408], [106.19513, -6.36404], [106.19525, -6.36313], [106.19267, -6.36269], [106.19175, -6.36215], [106.19181, -6.36152], [106.18885, -6.36], [106.18933, -6.35622], [106.19009, -6.35671], [106.19256, -6.35585], [106.19722, -6.35708], [106.19963, -6.3561], [106.20019, -6.35644], [106.2043, -6.35547], [106.20472, -6.35651], [106.20628, -6.35487], [106.20522, -6.35411], [106.20679, -6.3534], [106.20671, -6.35242], [106.20603, -6.35253], [106.20596, -6.35142], [106.20505, -6.35136], [106.20462, -6.34994], [106.20309, -6.34953], [106.20222, -6.34851], [106.20058, -6.34881], [106.20064, -6.34768], [106.19963, -6.34798], [106.19987, -6.3465], [106.19911, -6.34365], [106.20022, -6.33869], [106.20138, -6.338], [106.20192, -6.33592], [106.20507, -6.33679], [106.20629, -6.33593], [106.20823, -6.33589], [106.20778, -6.33433], [106.20822, -6.33333], [106.21431, -6.33066], [106.2131, -6.32717], [106.21131, -6.32652], [106.20947, -6.32776], [106.20713, -6.32732], [106.20605, -6.32538], [106.20346, -6.32287], [106.20315, -6.31947], [106.20462, -6.31462], [106.20383, -6.31458], [106.20402, -6.30838], [106.20316, -6.30795], [106.20327, -6.30517], [106.20268, -6.30436], [106.20451, -6.30589], [106.20714, -6.30339], [106.20896, -6.30312], [106.20948, -6.30231], [106.21049, -6.30266], [106.21135, -6.30159], [106.21209, -6.30197], [106.21411, -6.30142], [106.21661, -6.29936], [106.22043, -6.2994], [106.22089, -6.30111], [106.21886, -6.30512], [106.21878, -6.30734], [106.2225, -6.31171], [106.22621, -6.31265], [106.22893, -6.31233], [106.2312, -6.31079], [106.23438, -6.30214], [106.23913, -6.30577], [106.24192, -6.30559], [106.24384, -6.30464], [106.24403, -6.3035], [106.24315, -6.30119], [106.24376, -6.30058], [106.24359, -6.29802], [106.24467, -6.2972], [106.25278, -6.29806], [106.25654, -6.29929], [106.25842, -6.29909], [106.2593, -6.29995], [106.2592, -6.30168], [106.25713, -6.30156], [106.25503, -6.30291], [106.25511, -6.30903], [106.25611, -6.30999], [106.25761, -6.30989], [106.25968, -6.3108], [106.26098, -6.31073], [106.26157, -6.30986], [106.26126, -6.30922], [106.26565, -6.3105], [106.26677, -6.31169], [106.26736, -6.31396], [106.26629, -6.31482], [106.26283, -6.31279], [106.26109, -6.31325], [106.26107, -6.3184], [106.25655, -6.32215], [106.25836, -6.32757], [106.25774, -6.33111], [106.25609, -6.3315], [106.25294, -6.32707], [106.2504, -6.32709], [106.2497, -6.32797], [106.24896, -6.33053], [106.2495, -6.33387], [106.25037, -6.33595], [106.25433, -6.34124], [106.25453, -6.34476], [106.24879, -6.34412], [106.24444, -6.34265], [106.24409, -6.34901], [106.24116, -6.34734], [106.23985, -6.34745], [106.23797, -6.34984], [106.23749, -6.35431], [106.23456, -6.35343], [106.23224, -6.35402], [106.23031, -6.35541], [106.23056, -6.35853], [106.2293, -6.35871], [106.22676, -6.35725], [106.22547, -6.36], [106.22328, -6.36139], [106.2213, -6.36166], [106.21452, -6.35775], [106.21268, -6.35791], [106.21117, -6.35956]]]}}, {"type": "Feature", "properties": {"domain_id": "360214", "name": "RANGKASBITUNG"}, "geometry": {"type": "Polygon", "coordinates": [[[106.29227, -6.37586], [106.28989, -6.37864], [106.28371, -6.38126], [106.28158, -6.38134], [106.2805, -6.38236], [106.28063, -6.38439], [106.27985, -6.38483], [106.28005, -6.38548], [106.27894, -6.38523], [106.27861, -6.3873], [106.27726, -6.38888], [106.27843, -6.3893], [106.27932, -6.3906], [106.2808, -6.3906], [106.28112, -6.39319], [106.28206, -6.39458], [106.28161, -6.39533], [106.28245, -6.39511], [106.28278, -6.39611], [106.28563, -6.39808], [106.29251, -6.406], [106.29498, -6.41111], [106.29798, -6.41295], [106.2999, -6.41306], [106.29403, -6.41655], [106.28944, -6.41764], [106.28616, -6.41966], [106.28422, -6.41968], [106.28305, -6.4209], [106.28227, -6.42355], [106.28117, -6.42226], [106.27789, -6.42313], [106.27304, -6.42259], [106.27105, -6.42057], [106.27011, -6.41851], [106.26764, -6.41761], [106.2674, -6.41568], [106.26428, -6.41638], [106.26087, -6.41273], [106.25692, -6.4103], [106.25647, -6.40599], [106.258, -6.40394], [106.25869, -6.40163], [106.25462, -6.40005], [106.25373, -6.39829], [106.25463, -6.39469], [106.25384, -6.39157], [106.2546, -6.39118], [106.25536, -6.3922], [106.25602, -6.39187], [106.25467, -6.389], [106.25615, -6.38732], [106.25607, -6.38518], [106.25695, -6.38224], [106.25614, -6.38113], [106.25388, -6.38126], [106.25158, -6.38314], [106.25089, -6.3828], [106.25181, -6.38097], [106.25059, -6.37983], [106.25172, -6.37799], [106.25014, -6.37741], [106.24996, -6.37652], [106.24921, -6.37658], [106.24903, -6.37473], [106.24779, -6.37418], [106.24809, -6.3731], [106.25105, -6.37208], [106.25141, -6.36992], [106.2504, -6.36874], [106.245, -6.36667], [106.24421, -6.36571], [106.24486, -6.36207], [106.24181, -6.35707], [106.24055, -6.35065], [106.24066, -6.34935], [106.24211, -6.34817], [106.24409, -6.34901], [106.24444, -6.34265], [106.24879, -6.34412], [106.25453, -6.34476], [106.25433, -6.34124], [106.25, -6.33533], [106.24899, -6.33018], [106.25023, -6.32721], [106.25257, -6.32695], [106.2538, -6.3276], [106.25609, -6.3315], [106.25774, -6.33111], [106.25836, -6.32757], [106.25655, -6.32215], [106.26107, -6.3184], [106.26109, -6.31325], [106.26283, -6.31279], [106.26538, -6.31455], [106.26724, -6.31448], [106.26735, -6.31315], [106.26619, -6.31085], [106.26126, -6.30922], [106.26048, -6.30764], [106.26092, -6.30635], [106.27166, -6.30231], [106.27352, -6.30025], [106.27713, -6.30142], [106.27962, -6.30307], [106.27988, -6.30719], [106.28244, -6.30891], [106.281, -6.31002], [106.28048, -6.3117], [106.28487, -6.30968], [106.28786, -6.31295], [106.28951, -6.31303], [106.2906, -6.31185], [106.29307, -6.31246], [106.29664, -6.31642], [106.2988, -6.31778], [106.30846, -6.32005], [106.31195, -6.32433], [106.31518, -6.33197], [106.31955, -6.33515], [106.32649, -6.33573], [106.34601, -6.33334], [106.35658, -6.32913], [106.35892, -6.32941], [106.36136, -6.33096], [106.36098, -6.3313], [106.35943, -6.33038], [106.35847, -6.33173], [106.35909, -6.33222], [106.35822, -6.33291], [106.35818, -6.33382], [106.35477, -6.33499], [106.35255, -6.3373], [106.35148, -6.33611], [106.35112, -6.33685], [106.34943, -6.33667], [106.3451, -6.33835], [106.3452, -6.33953], [106.34285, -6.34107], [106.34167, -6.34342], [106.3426, -6.34415], [106.34249, -6.34494], [106.34161, -6.34473], [106.34156, -6.34546], [106.34312, -6.34698], [106.34306, -6.34774], [106.34134, -6.34842], [106.34192, -6.35151], [106.34136, -6.3516], [106.3411, -6.35321], [106.3406, -6.35312], [106.34097, -6.35445], [106.3405, -6.35443], [106.33965, -6.35645], [106.33799, -6.35669], [106.33784, -6.35597], [106.33623, -6.35501], [106.33511, -6.35514], [106.3348, -6.35598], [106.33367, -6.35585], [106.33318, -6.35485], [106.33237, -6.35469], [106.33265, -6.35353], [106.33069, -6.35373], [106.3306, -6.35521], [106.32853, -6.35677], [106.32584, -6.35608], [106.32565, -6.35733], [106.32357, -6.35816], [106.32105, -6.36037], [106.32087, -6.36139], [106.31636, -6.36159], [106.31437, -6.36036], [106.30984, -6.36012], [106.30835, -6.36058], [106.3086, -6.36137], [106.30772, -6.36236], [106.30766, -6.36349], [106.30602, -6.36501], [106.3057, -6.36647], [106.30332, -6.36765], [106.30258, -6.37112], [106.30071, -6.372], [106.30053, -6.37426], [106.30158, -6.37553], [106.30117, -6.37865], [106.29908, -6.37771], [106.29485, -6.37749], [106.29227, -6.37586]]]}}, {"type": "Feature", "properties": {"domain_id": "360215", "name": "WARUNGGUNUNG"}, "geometry": {"type": "Polygon", "coordinates": [[[106.15717, -6.34749], [106.15519, -6.34653], [106.15526, -6.34458], [106.1535, -6.3444], [106.15133, -6.34883], [106.1531, -6.35029], [106.15224, -6.35066], [106.15251, -6.35132], [106.15091, -6.35038], [106.15058, -6.34752], [106.14943, -6.34701], [106.15015, -6.34598], [106.14965, -6.34502], [106.14801, -6.3454], [106.14709, -6.34432], [106.14519, -6.34508], [106.14492, -6.34449], [106.1431, -6.34447], [106.14093, -6.34339], [106.14071, -6.34521], [106.13898, -6.34727], [106.1386, -6.34934], [106.13806, -6.34924], [106.13762, -6.35006], [106.13655, -6.3499], [106.1363, -6.35075], [106.13224, -6.35109], [106.13184, -6.3516], [106.12998, -6.35119], [106.13142, -6.3491], [106.13224, -6.3444], [106.13167, -6.33616], [106.1298, -6.33425], [106.12945, -6.33123], [106.13016, -6.3267], [106.1359, -6.32541], [106.14073, -6.32659], [106.14823, -6.32415], [106.14887, -6.3253], [106.1515, -6.325], [106.15208, -6.32314], [106.15428, -6.32094], [106.15563, -6.31829], [106.1566, -6.31788], [106.15624, -6.31464], [106.1581, -6.31329], [106.15659, -6.30916], [106.15911, -6.30193], [106.15628, -6.2986], [106.1575, -6.29766], [106.15738, -6.29674], [106.16078, -6.29647], [106.16133, -6.29467], [106.16667, -6.29598], [106.16944, -6.2957], [106.17013, -6.29074], [106.17607, -6.29246], [106.18985, -6.29382], [106.19302, -6.29243], [106.19412, -6.29093], [106.19559, -6.29037], [106.20082, -6.29097], [106.20777, -6.29275], [106.21431, -6.29286], [106.2139, -6.2982], [106.21479, -6.29905], [106.2172, -6.29927], [106.21411, -6.30142], [106.21209, -6.30197], [106.21135, -6.30159], [106.21049, -6.30266], [106.20948, -6.30231], [106.20896, -6.30312], [106.20714, -6.30339], [106.20451, -6.30589], [106.20268, -6.30436], [106.20327, -6.30517], [106.20316, -6.30795], [106.20402, -6.30838], [106.20383, -6.31458], [106.20462, -6.31462], [106.20315, -6.31947], [106.20346, -6.32287], [106.20605, -6.32538], [106.20713, -6.32732], [106.20947, -6.32776], [106.21131, -6.32652], [106.2131, -6.32717], [106.21431, -6.33066], [106.20822, -6.33333], [106.20778, -6.33433], [106.20823, -6.33589], [106.20629, -6.33593], [106.20507, -6.33679], [106.20192, -6.33592], [106.20138, -6.338], [106.20022, -6.33869], [106.19911, -6.34365], [106.19987, -6.3465], [106.19963, -6.34798], [106.20093, -6.3478], [106.20058, -6.34881], [106.20222, -6.34851], [106.20309, -6.34953], [106.20462, -6.34994], [106.20505, -6.35136], [106.20596, -6.35142], [106.20679, -6.3534], [106.20522, -6.35411], [106.20624, -6.35462], [106.20576, -6.35595], [106.20448, -6.35647], [106.20448, -6.35558], [106.20374, -6.3555], [106.19666, -6.3571], [106.19256, -6.35585], [106.19009, -6.35671], [106.18933, -6.35622], [106.18885, -6.36], [106.18966, -6.36068], [106.18907, -6.3629], [106.18842, -6.3628], [106.18884, -6.36395], [106.18844, -6.36519], [106.18542, -6.36439], [106.18299, -6.36504], [106.17982, -6.36123], [106.17546, -6.3599], [106.17356, -6.36094], [106.17328, -6.3603], [106.17208, -6.36066], [106.17193, -6.35975], [106.17133, -6.36022], [106.17043, -6.35876], [106.16962, -6.35878], [106.16958, -6.35769], [106.16811, -6.35668], [106.16632, -6.35704], [106.1659, -6.35782], [106.16159, -6.35641], [106.15973, -6.35662], [106.16036, -6.35468], [106.15919, -6.35327], [106.15673, -6.3522], [106.1579, -6.35233], [106.1582, -6.35138], [106.15658, -6.3489], [106.15717, -6.34749]]]}}, {"type": "Feature", "properties": {"domain_id": "360413", "name": "TIRTAYASA"}, "geometry": {"type": "MultiPolygon", "coordinates": [[[[106.31443, -6.03397], [106.31383, -6.03467], [106.31306, -6.03433], [106.30666, -6.02807], [106.30392, -6.02821], [106.3029, -6.02894], [106.30438, -6.03153], [106.30413, -6.03252], [106.30295, -6.03276], [106.30095, -6.03045], [106.29935, -6.0311], [106.29816, -6.03055], [106.29666, -6.0277], [106.29481, -6.02737], [106.29143, -6.02824], [106.29102, -6.0276], [106.29182, -6.02553], [106.29153, -6.02446], [106.2875, -6.02481], [106.28648, -6.02405], [106.28591, -6.02072], [106.28384, -6.01943], [106.28504, -6.01818], [106.28838, -6.01759], [106.28892, -6.01611], [106.28818, -6.01513], [106.28471, -6.01391], [106.28545, -6.00873], [106.28464, -6.00565], [106.28261, -6.0041], [106.27901, -6.00351], [106.27887, -6.0], [106.27771, -5.99792], [106.26742, -5.99149], [106.26436, -5.98649], [106.26477, -5.98522], [106.26681, -5.98389], [106.26676, -5.98276], [106.2638, -5.98166], [106.26316, -5.98032], [106.26395, -5.9772], [106.26363, -5.97194], [106.26272, -5.97126], [106.26117, -5.97176], [106.26007, -5.97136], [106.25954, -5.9701], [106.26088, -5.96926], [106.2609, -5.96829], [106.25887, -5.96874], [106.25851, -5.96633], [106.2576, -5.96502], [106.25665, -5.96441], [106.25436, -5.96452], [106.25293, -5.96315], [106.25512, -5.9624], [106.25702, -5.96052], [106.26214, -5.96071], [106.26505, -5.95889], [106.26388, -5.95994], [106.26376, -5.96085], [106.26475, -5.96195], [106.26649, -5.96246], [106.2665, -5.96376], [106.27494, -5.96613], [106.28587, -5.96646], [106.29436, -5.96892], [106.29527, -5.96822], [106.29878, -5.96878], [106.30387, -5.96792], [106.30574, -5.96828], [106.3088, -5.96981], [106.30945, -5.97043], [106.30936, -5.97152], [106.31223, -5.97337], [106.31436, -5.9764], [106.31553, -5.97663], [106.316, -5.97773], [106.32299, -5.98269], [106.3277, -5.98472], [106.32907, -5.98267], [106.33027, -5.98248], [106.33041, -5.98465], [106.33292, -5.98589], [106.33292, -5.98647], [106.3339, -5.98582], [106.33548, -5.98593], [106.33717, -5.9842], [106.33518, -5.98483], [106.33479, -5.9844], [106.33714, -5.98364], [106.3341, -5.98321], [106.33479, -5.98122], [106.33579, -5.98143], [106.34025, -5.97836], [106.34074, -5.97866], [106.34126, -5.97777], [106.34205, -5.97816], [106.34294, -5.97711], [106.34349, -5.9774], [106.34468, -5.97553], [106.34525, -5.97588], [106.34703, -5.97305], [106.3461, -5.97181], [106.34691, -5.96925], [106.35002, -5.96599], [106.35034, -5.96391], [106.35133, -5.9629], [106.35607, -5.96202], [106.3563, -5.96414], [106.3554, -5.97], [106.35623, -5.97364], [106.35771, -5.97443], [106.35929, -5.97261], [106.36015, -5.96785], [106.36206, -5.96508], [106.36305, -5.96424], [106.36434, -5.96509], [106.36334, -5.96632], [106.36294, -5.96889], [106.36493, -5.97703], [106.36397, -5.97878], [106.36003, -5.9818], [106.36009, -5.98334], [106.35858, -5.98741], [106.35838, -5.9917], [106.35955, -5.99536], [106.35871, -5.99653], [106.35409, -5.99776], [106.35315, -5.99883], [106.35328, -5.99976], [106.35476, -6.00026], [106.35578, -6.00363], [106.35687, -6.00415], [106.35718, -6.00677], [106.35332, -6.01189], [106.35444, -6.01221], [106.35477, -6.01602], [106.35296, -6.01559], [106.35191, -6.01712], [106.35074, -6.0168], [106.35032, -6.01833], [106.35002, -6.01748], [106.34919, -6.01731], [106.34759, -6.01811], [106.34681, -6.01755], [106.34663, -6.0186], [106.34622, -6.01788], [106.34554, -6.01836], [106.34336, -6.01804], [106.34248, -6.02174], [106.34001, -6.0219], [106.33587, -6.021], [106.33495, -6.02017], [106.3254, -6.03429], [106.32169, -6.04183], [106.31654, -6.03611], [106.31618, -6.03298], [106.31546, -6.03283], [106.31443, -6.03397]]], [[[106.27136, -5.80762], [106.29052, -5.80904], [106.29336, -5.80968], [106.29331, -5.81039], [106.29405, -5.81023], [106.29491, -5.81148], [106.29369, -5.81454], [106.291, -5.81562], [106.28892, -5.81568], [106.2887, -5.81618], [106.28635, -5.81571], [106.28628, -5.81698], [106.28613, -5.8157], [106.28544, -5.81579], [106.28583, -5.81688], [106.28576, -5.81693], [106.28502, -5.8158], [106.283, -5.81569], [106.28285, -5.81647], [106.28148, -5.81641], [106.25429, -5.81079], [106.2607, -5.80983], [106.26603, -5.80785], [106.27136, -5.80762]]], [[[106.35949, -5.96462], [106.36073, -5.96482], [106.35941, -5.96787], [106.35888, -5.9721], [106.35751, -5.9733], [106.35612, -5.96964], [106.35748, -5.96297], [106.35942, -5.96377], [106.35888, -5.96623], [106.35949, -5.96462]]], [[[106.35333, -5.95589], [106.35021, -5.95578], [106.35047, -5.95154], [106.3532, -5.95085], [106.35434, -5.95127], [106.35508, -5.9532], [106.35499, -5.95601], [106.35333, -5.95589]]]]}}, {"type": "Feature", "properties": {"domain_id": "360407", "name": "BOJONEGARA"}, "geometry": {"type": "MultiPolygon", "coordinates": [[[[106.08825, -5.99663], [106.08803, -6.00254], [106.07363, -6.00102], [106.07294, -6.0009], [106.07294, -6.00029], [106.07444, -5.99789], [106.0732, -5.9968], [106.07294, -5.99558], [106.06641, -5.99457], [106.0659, -5.99434], [106.0662, -5.99355], [106.0643, -5.99307], [106.06525, -5.99268], [106.06813, -5.98865], [106.06755, -5.98655], [106.06453, -5.98546], [106.06376, -5.98586], [106.05922, -5.98092], [106.05982, -5.9802], [106.05969, -5.97818], [106.05794, -5.97308], [106.05694, -5.97233], [106.05946, -5.96607], [106.05933, -5.96268], [106.05789, -5.9587], [106.05696, -5.95861], [106.05636, -5.95708], [106.05364, -5.95593], [106.05006, -5.95108], [106.0439, -5.94914], [106.04445, -5.9464], [106.04337, -5.94507], [106.03846, -5.94312], [106.03594, -5.94339], [106.03457, -5.93905], [106.03142, -5.93383], [106.03306, -5.92677], [106.03734, -5.92264], [106.03985, -5.91878], [106.04506, -5.92107], [106.04869, -5.92985], [106.05254, -5.93061], [106.05274, -5.93209], [106.05352, -5.93273], [106.05619, -5.93134], [106.06043, -5.93094], [106.06805, -5.92866], [106.0679, -5.9264], [106.06559, -5.92412], [106.06692, -5.91905], [106.06435, -5.91726], [106.06668, -5.91775], [106.06767, -5.91841], [106.06827, -5.92161], [106.06806, -5.92354], [106.06714, -5.92488], [106.06855, -5.92593], [106.07043, -5.93164], [106.07065, -5.93976], [106.0724, -5.94251], [106.0735, -5.94591], [106.07596, -5.94752], [106.07753, -5.95014], [106.09585, -5.95213], [106.09892, -5.95163], [106.09933, -5.95286], [106.09991, -5.95157], [106.10117, -5.95144], [106.10144, -5.9503], [106.10312, -5.95085], [106.10714, -5.95017], [106.10652, -5.95078], [106.10791, -5.9518], [106.1083, -5.9525], [106.10787, -5.95297], [106.10885, -5.95256], [106.10914, -5.95303], [106.10824, -5.95386], [106.11106, -5.95401], [106.11102, -5.95458], [106.11008, -5.95481], [106.11057, -5.95538], [106.10983, -5.95542], [106.10981, -5.95608], [106.11053, -5.95639], [106.11035, -5.95766], [106.10925, -5.95738], [106.10976, -5.95818], [106.10782, -5.95872], [106.11171, -5.95905], [106.11167, -5.96035], [106.1124, -5.96117], [106.11159, -5.96439], [106.10949, -5.96445], [106.11163, -5.96493], [106.11117, -5.96497], [106.11166, -5.96618], [106.10802, -5.965], [106.10811, -5.96418], [106.10912, -5.96437], [106.10825, -5.96392], [106.10835, -5.96335], [106.10909, -5.96398], [106.10912, -5.9633], [106.10702, -5.96312], [106.1068, -5.96428], [106.10475, -5.96382], [106.10428, -5.96463], [106.10819, -5.96753], [106.10665, -5.96727], [106.10675, -5.96759], [106.10712, -5.96768], [106.10743, -5.96804], [106.10596, -5.96953], [106.10509, -5.96956], [106.10543, -5.97044], [106.10618, -5.97035], [106.1063, -5.97119], [106.1074, -5.97125], [106.10507, -5.97166], [106.10768, -5.97205], [106.10637, -5.97267], [106.10771, -5.97259], [106.10791, -5.97364], [106.10499, -5.97365], [106.11297, -5.97419], [106.11309, -5.97472], [106.10955, -5.97439], [106.109, -5.97475], [106.11002, -5.97502], [106.10995, -5.97572], [106.10733, -5.97676], [106.10951, -5.9773], [106.10864, -5.97769], [106.10958, -5.97795], [106.10488, -5.97718], [106.10444, -5.9784], [106.1101, -5.97873], [106.10925, -5.97906], [106.10926, -5.98112], [106.1075, -5.98149], [106.10749, -5.98311], [106.11102, -5.98337], [106.11161, -5.98788], [106.11283, -5.98804], [106.11345, -5.98705], [106.11364, -5.98897], [106.11075, -5.98778], [106.10728, -5.98833], [106.10718, -5.98789], [106.10709, -5.98785], [106.10665, -5.98843], [106.10581, -5.98757], [106.10121, -5.98697], [106.09542, -5.99049], [106.08853, -5.99368], [106.08825, -5.99663]]], [[[106.11409, -5.94733], [106.11561, -5.94732], [106.11635, -5.94859], [106.11676, -5.95041], [106.11574, -5.95175], [106.11346, -5.9482], [106.11409, -5.94733]]]]}}, {"type": "Feature", "properties": {"domain_id": "360204", "name": "CIPANAS"}, "geometry": {"type": "Polygon", "coordinates": [[[106.36152, -6.61847], [106.36229, -6.62034], [106.35604, -6.61449], [106.35222, -6.61454], [106.34822, -6.61311], [106.34409, -6.61072], [106.34276, -6.60789], [106.34057, -6.60744], [106.33932, -6.60588], [106.33796, -6.60624], [106.33766, -6.60561], [106.33654, -6.60561], [106.33612, -6.60315], [106.33302, -6.60296], [106.33357, -6.60174], [106.33147, -6.6006], [106.33076, -6.59784], [106.32876, -6.59501], [106.32917, -6.59205], [106.32842, -6.59111], [106.3314, -6.58874], [106.33155, -6.58719], [106.33342, -6.58626], [106.33469, -6.58787], [106.33729, -6.58791], [106.33798, -6.58661], [106.33963, -6.58812], [106.3404, -6.58663], [106.34017, -6.58519], [106.33881, -6.58452], [106.33739, -6.58249], [106.33724, -6.58122], [106.33837, -6.57891], [106.3374, -6.57706], [106.338, -6.57596], [106.33765, -6.57353], [106.33686, -6.57316], [106.33689, -6.56851], [106.33953, -6.56691], [106.34163, -6.56417], [106.34174, -6.56088], [106.33958, -6.55538], [106.34355, -6.54761], [106.34309, -6.54707], [106.33887, -6.54691], [106.33822, -6.54622], [106.33604, -6.54587], [106.33329, -6.54346], [106.33226, -6.54048], [106.33066, -6.53934], [106.33075, -6.53804], [106.32772, -6.53626], [106.32857, -6.53555], [106.32896, -6.52943], [106.3298, -6.52826], [106.33148, -6.52835], [106.33357, -6.52514], [106.33223, -6.52164], [106.33285, -6.52066], [106.33235, -6.51927], [106.33103, -6.51861], [106.32974, -6.51684], [106.33323, -6.51625], [106.33528, -6.51779], [106.34027, -6.51679], [106.34405, -6.517], [106.34425, -6.51378], [106.34708, -6.51123], [106.35042, -6.514], [106.352, -6.51308], [106.35411, -6.50735], [106.35548, -6.50603], [106.35682, -6.5065], [106.35869, -6.50617], [106.36189, -6.50876], [106.36287, -6.50805], [106.36316, -6.50901], [106.36483, -6.50934], [106.36646, -6.50897], [106.36736, -6.5075], [106.36714, -6.50585], [106.36872, -6.50526], [106.37088, -6.50654], [106.37093, -6.50844], [106.37472, -6.50803], [106.37549, -6.5104], [106.37941, -6.51393], [106.38088, -6.51758], [106.38229, -6.51833], [106.38312, -6.52039], [106.38484, -6.52156], [106.39938, -6.52135], [106.40549, -6.52016], [106.40505, -6.52188], [106.40788, -6.52399], [106.40783, -6.52722], [106.41131, -6.53016], [106.4126, -6.53368], [106.41484, -6.53596], [106.41602, -6.54177], [106.41963, -6.54762], [106.42204, -6.54991], [106.4221, -6.5519], [106.42016, -6.55575], [106.41701, -6.55918], [106.40553, -6.55917], [106.40208, -6.55699], [106.40235, -6.55814], [106.40188, -6.55799], [106.40094, -6.55922], [106.40017, -6.56258], [106.39456, -6.56355], [106.39218, -6.56558], [106.3867, -6.56607], [106.38434, -6.56424], [106.38056, -6.56578], [106.38015, -6.5671], [106.38084, -6.56943], [106.38321, -6.57247], [106.38119, -6.57402], [106.38127, -6.57646], [106.38208, -6.5775], [106.38107, -6.57845], [106.38128, -6.58006], [106.37962, -6.58112], [106.37758, -6.58087], [106.37361, -6.58195], [106.36952, -6.5815], [106.37029, -6.58263], [106.36866, -6.58319], [106.36751, -6.58544], [106.36393, -6.58617], [106.36426, -6.58475], [106.36283, -6.58408], [106.36239, -6.58299], [106.36306, -6.58163], [106.36293, -6.58012], [106.35392, -6.58105], [106.3541, -6.58269], [106.3534, -6.58372], [106.35369, -6.58767], [106.35589, -6.59039], [106.35684, -6.59074], [106.35736, -6.59261], [106.35947, -6.59435], [106.35963, -6.5971], [106.36048, -6.59865], [106.36191, -6.59926], [106.36186, -6.60202], [106.36349, -6.60545], [106.36346, -6.6126], [106.36152, -6.61847]]]}}, {"type": "Feature", "properties": {"domain_id": "360206", "name": "LEUWIDAMAR"}, "geometry": {"type": "Polygon", "coordinates": [[[106.20934, -6.60484], [106.20934, -6.59981], [106.20837, -6.59787], [106.20937, -6.59471], [106.2084, -6.59303], [106.20769, -6.58824], [106.20642, -6.58563], [106.20477, -6.58547], [106.20398, -6.58348], [106.2026, -6.58324], [106.20195, -6.58157], [106.19791, -6.58142], [106.1968, -6.58024], [106.19602, -6.58072], [106.19534, -6.57957], [106.19461, -6.58009], [106.19277, -6.57935], [106.19094, -6.57703], [106.18938, -6.57626], [106.18754, -6.57668], [106.186, -6.5758], [106.18564, -6.57519], [106.18667, -6.57435], [106.186, -6.56972], [106.18502, -6.56888], [106.18281, -6.5687], [106.18073, -6.56719], [106.17578, -6.56234], [106.17344, -6.55802], [106.17071, -6.55566], [106.17114, -6.551], [106.17056, -6.54938], [106.17177, -6.54784], [106.17066, -6.54202], [106.17153, -6.54019], [106.17275, -6.53946], [106.171, -6.53656], [106.16771, -6.53578], [106.16578, -6.53345], [106.1669, -6.53018], [106.16555, -6.52941], [106.16651, -6.52714], [106.16558, -6.52516], [106.16664, -6.52011], [106.16601, -6.51447], [106.16698, -6.51147], [106.16316, -6.50639], [106.16209, -6.50589], [106.16186, -6.50352], [106.16317, -6.49669], [106.15973, -6.49305], [106.16584, -6.48902], [106.1663, -6.48774], [106.16838, -6.48583], [106.16845, -6.48445], [106.16952, -6.4839], [106.17061, -6.48101], [106.17356, -6.47658], [106.17777, -6.47831], [106.17974, -6.47768], [106.18222, -6.4796], [106.1846, -6.47978], [106.18767, -6.48098], [106.19548, -6.49394], [106.19766, -6.49342], [106.20017, -6.49167], [106.20691, -6.49439], [106.20818, -6.49418], [106.20879, -6.49241], [106.21306, -6.49378], [106.21566, -6.49829], [106.21826, -6.50001], [106.21808, -6.50294], [106.21448, -6.50403], [106.21503, -6.50549], [106.21647, -6.5063], [106.21577, -6.50651], [106.21576, -6.50746], [106.21734, -6.50902], [106.21797, -6.50817], [106.21849, -6.51012], [106.22003, -6.50991], [106.22144, -6.51058], [106.2219, -6.51166], [106.22271, -6.51171], [106.22259, -6.51235], [106.22585, -6.51304], [106.22634, -6.51221], [106.23243, -6.51576], [106.23686, -6.51459], [106.23809, -6.51278], [106.23759, -6.51008], [106.23926, -6.50975], [106.23946, -6.50696], [106.2387, -6.50343], [106.24097, -6.49986], [106.24398, -6.5003], [106.24671, -6.50231], [106.24755, -6.50187], [106.24832, -6.50241], [106.25023, -6.50231], [106.24913, -6.50436], [106.24992, -6.50584], [106.25086, -6.50615], [106.25179, -6.50891], [106.25231, -6.50799], [106.25303, -6.50805], [106.25344, -6.50932], [106.25216, -6.51042], [106.25371, -6.512], [106.25152, -6.51312], [106.25351, -6.51342], [106.25372, -6.51515], [106.25287, -6.51572], [106.25296, -6.5174], [106.25393, -6.51752], [106.25459, -6.51922], [106.25605, -6.5206], [106.25429, -6.52296], [106.25422, -6.52445], [106.25302, -6.5255], [106.25305, -6.52631], [106.25458, -6.52675], [106.2551, -6.52915], [106.25361, -6.53081], [106.253, -6.53271], [106.25437, -6.53329], [106.25492, -6.53232], [106.25627, -6.53319], [106.258, -6.53743], [106.25778, -6.53844], [106.25598, -6.53881], [106.25657, -6.5403], [106.25798, -6.54174], [106.26137, -6.54254], [106.26107, -6.54371], [106.26243, -6.54594], [106.26208, -6.54686], [106.26383, -6.54915], [106.26485, -6.54958], [106.26634, -6.54873], [106.26589, -6.55245], [106.26523, -6.55207], [106.26329, -6.5529], [106.26219, -6.55538], [106.25877, -6.55594], [106.25909, -6.55747], [106.26397, -6.56044], [106.26389, -6.56193], [106.26548, -6.56261], [106.26553, -6.56382], [106.26519, -6.56517], [106.26297, -6.56658], [106.26286, -6.56758], [106.26054, -6.56802], [106.26036, -6.56891], [106.25888, -6.56885], [106.25666, -6.57109], [106.25537, -6.57585], [106.25546, -6.57802], [106.25482, -6.57891], [106.2521, -6.57967], [106.24982, -6.57847], [106.24794, -6.58121], [106.24692, -6.58105], [106.24726, -6.5826], [106.24513, -6.583], [106.24329, -6.58448], [106.24285, -6.5866], [106.24485, -6.58928], [106.24625, -6.59269], [106.24787, -6.59361], [106.25158, -6.59361], [106.25296, -6.59467], [106.25294, -6.59778], [106.25082, -6.59904], [106.25068, -6.60056], [106.24975, -6.60045], [106.24968, -6.60126], [106.24843, -6.60189], [106.24792, -6.60062], [106.24683, -6.6017], [106.24851, -6.60482], [106.25013, -6.6049], [106.25111, -6.60567], [106.25033, -6.60677], [106.25066, -6.60884], [106.25525, -6.60861], [106.25623, -6.61102], [106.25585, -6.61202], [106.25734, -6.61431], [106.26055, -6.61192], [106.26229, -6.61346], [106.26323, -6.61317], [106.26562, -6.61492], [106.26742, -6.61506], [106.26759, -6.61706], [106.2655, -6.62047], [106.26154, -6.62186], [106.25759, -6.62604], [106.25964, -6.62988], [106.26236, -6.63243], [106.26384, -6.63565], [106.26802, -6.64033], [106.26816, -6.64464], [106.27022, -6.64671], [106.26937, -6.64983], [106.27016, -6.65662], [106.26726, -6.65675], [106.2653, -6.66008], [106.26754, -6.66213], [106.26795, -6.6654], [106.26895, -6.66627], [106.2683, -6.66737], [106.27046, -6.67011], [106.26998, -6.67088], [106.27095, -6.67291], [106.27015, -6.67498], [106.27064, -6.67614], [106.26916, -6.67763], [106.26901, -6.68043], [106.25957, -6.68365], [106.25192, -6.68836], [106.23454, -6.69378], [106.23108, -6.6942], [106.22959, -6.68811], [106.22949, -6.68656], [106.23024, -6.68538], [106.22709, -6.68409], [106.22542, -6.68179], [106.22251, -6.67966], [106.22112, -6.67427], [106.2195, -6.67293], [106.21995, -6.67232], [106.21905, -6.67046], [106.22019, -6.66616], [106.21935, -6.66561], [106.21949, -6.66466], [106.21806, -6.66488], [106.21694, -6.6641], [106.21817, -6.66375], [106.2185, -6.66294], [106.21715, -6.66286], [106.21631, -6.6611], [106.21687, -6.66047], [106.21784, -6.6609], [106.2181, -6.65941], [106.21994, -6.65917], [106.22033, -6.65852], [106.2202, -6.65745], [106.21886, -6.65658], [106.21961, -6.65432], [106.21838, -6.65472], [106.21778, -6.65287], [106.21822, -6.65186], [106.21705, -6.65136], [106.21775, -6.65034], [106.21753, -6.64845], [106.2151, -6.64546], [106.212, -6.64373], [106.2122, -6.64076], [106.20816, -6.63743], [106.2083, -6.63649], [106.20961, -6.63567], [106.2102, -6.63378], [106.21209, -6.63174], [106.21251, -6.62903], [106.21454, -6.62761], [106.21521, -6.62407], [106.21416, -6.62135], [106.21185, -6.62012], [106.21162, -6.61852], [106.21, -6.61696], [106.20996, -6.61312], [106.20859, -6.61212], [106.2067, -6.60845], [106.2073, -6.6062], [106.20934, -6.60484]]]}}, {"type": "Feature", "properties": {"domain_id": "360205", "name": "MUNCANG"}, "geometry": {"type": "Polygon", "coordinates": [[[106.27306, -6.5969], [106.27371, -6.60058], [106.27376, -6.60875], [106.26924, -6.60623], [106.26834, -6.60965], [106.26659, -6.60989], [106.26497, -6.60919], [106.26291, -6.61075], [106.26292, -6.61357], [106.26037, -6.61191], [106.25734, -6.61431], [106.25585, -6.61202], [106.25623, -6.61102], [106.25565, -6.60902], [106.25453, -6.60834], [106.2508, -6.60897], [106.25033, -6.60677], [106.25111, -6.60567], [106.25013, -6.6049], [106.24851, -6.60482], [106.24687, -6.60231], [106.247, -6.60123], [106.24792, -6.60062], [106.24843, -6.60189], [106.24968, -6.60126], [106.24975, -6.60045], [106.25061, -6.60064], [106.25082, -6.59904], [106.25282, -6.598], [106.25283, -6.59433], [106.25126, -6.59356], [106.24787, -6.59361], [106.24625, -6.59269], [106.24283, -6.58633], [106.24329, -6.58448], [106.24513, -6.583], [106.24726, -6.5826], [106.24692, -6.58105], [106.24794, -6.58121], [106.24982, -6.57847], [106.2521, -6.57967], [106.2548, -6.57893], [106.25546, -6.57802], [106.25537, -6.57585], [106.25666, -6.57109], [106.25888, -6.56885], [106.26036, -6.56891], [106.26054, -6.56802], [106.26286, -6.56758], [106.26297, -6.56658], [106.26519, -6.56517], [106.26548, -6.56261], [106.26389, -6.56193], [106.26351, -6.56005], [106.25909, -6.55747], [106.25877, -6.55594], [106.26219, -6.55538], [106.26329, -6.5529], [106.26523, -6.55207], [106.26583, -6.5525], [106.26633, -6.54995], [106.26629, -6.54866], [106.2646, -6.54954], [106.26208, -6.54686], [106.26243, -6.54594], [106.26107, -6.54371], [106.26137, -6.54254], [106.25798, -6.54174], [106.25657, -6.5403], [106.25598, -6.53881], [106.25778, -6.53844], [106.258, -6.53743], [106.25627, -6.53319], [106.25492, -6.53232], [106.25437, -6.53329], [106.253, -6.53271], [106.25361, -6.53081], [106.2551, -6.52915], [106.25458, -6.52675], [106.25305, -6.52631], [106.25302, -6.5255], [106.25422, -6.52445], [106.25429, -6.52296], [106.25603, -6.5204], [106.25459, -6.51922], [106.25393, -6.51752], [106.25296, -6.5174], [106.25287, -6.51572], [106.25372, -6.51515], [106.25351, -6.51342], [106.25152, -6.51312], [106.25371, -6.512], [106.25216, -6.51042], [106.25344, -6.50898], [106.25258, -6.50786], [106.25179, -6.50891], [106.25086, -6.50615], [106.24992, -6.50584], [106.24913, -6.50436], [106.25093, -6.50099], [106.2491, -6.49719], [106.25003, -6.4958], [106.24898, -6.49543], [106.24815, -6.49404], [106.24852, -6.49294], [106.2478, -6.49184], [106.24913, -6.49068], [106.24664, -6.48828], [106.24744, -6.48804], [106.24801, -6.48681], [106.24948, -6.48785], [106.25013, -6.48657], [106.25295, -6.48712], [106.25356, -6.48335], [106.25545, -6.4846], [106.25603, -6.48424], [106.25586, -6.48314], [106.25804, -6.48327], [106.25809, -6.48428], [106.26032, -6.48534], [106.26293, -6.48276], [106.26216, -6.4816], [106.26312, -6.48131], [106.26452, -6.48192], [106.26605, -6.48111], [106.2665, -6.48201], [106.26713, -6.4808], [106.26773, -6.48242], [106.26893, -6.48217], [106.26882, -6.48131], [106.2698, -6.48094], [106.27069, -6.48226], [106.27197, -6.48238], [106.2715, -6.48293], [106.27168, -6.48496], [106.27086, -6.48589], [106.27104, -6.48728], [106.2721, -6.48799], [106.27366, -6.48818], [106.27652, -6.48703], [106.2779, -6.48545], [106.27818, -6.48618], [106.28318, -6.48731], [106.28695, -6.49292], [106.28928, -6.49456], [106.29011, -6.49805], [106.29219, -6.50044], [106.29435, -6.50493], [106.29524, -6.50609], [106.29647, -6.50588], [106.29774, -6.5076], [106.29809, -6.50953], [106.29764, -6.51065], [106.30213, -6.51109], [106.30376, -6.51202], [106.30611, -6.511], [106.31126, -6.51115], [106.31328, -6.50861], [106.31829, -6.50665], [106.31853, -6.50439], [106.32299, -6.5032], [106.32468, -6.50235], [106.32554, -6.50107], [106.32677, -6.50163], [106.32685, -6.50248], [106.32533, -6.50281], [106.32716, -6.5044], [106.32735, -6.50565], [106.32689, -6.5062], [106.32598, -6.50595], [106.32549, -6.50996], [106.32609, -6.51116], [106.32529, -6.51217], [106.32879, -6.51281], [106.32893, -6.51371], [106.32724, -6.51589], [106.32622, -6.51473], [106.3255, -6.51595], [106.32352, -6.51571], [106.32417, -6.51731], [106.32368, -6.5181], [106.32249, -6.51734], [106.32215, -6.5186], [106.32005, -6.51875], [106.3205, -6.52112], [106.31899, -6.52185], [106.31949, -6.52355], [106.3204, -6.5232], [106.32068, -6.52417], [106.31973, -6.52491], [106.31822, -6.52371], [106.31742, -6.52398], [106.3174, -6.52564], [106.31614, -6.52703], [106.31692, -6.52801], [106.31527, -6.52965], [106.31672, -6.53059], [106.3166, -6.53154], [106.31501, -6.5309], [106.31317, -6.53112], [106.31237, -6.53009], [106.31205, -6.53094], [106.31344, -6.53291], [106.31236, -6.5332], [106.31024, -6.53221], [106.31067, -6.53374], [106.31249, -6.5351], [106.31184, -6.53652], [106.31039, -6.5366], [106.31153, -6.53896], [106.31054, -6.54026], [106.3119, -6.54188], [106.31372, -6.54187], [106.31334, -6.54494], [106.31217, -6.54613], [106.31013, -6.54683], [106.30994, -6.54848], [106.30785, -6.54908], [106.30713, -6.55025], [106.31036, -6.554], [106.31044, -6.55509], [106.31126, -6.55519], [106.3126, -6.56022], [106.314, -6.56004], [106.31375, -6.56079], [106.31166, -6.56208], [106.31194, -6.56255], [106.31345, -6.56222], [106.31216, -6.56393], [106.31318, -6.56384], [106.31411, -6.56515], [106.31273, -6.56583], [106.31274, -6.5666], [106.31344, -6.56655], [106.31292, -6.56801], [106.31423, -6.56863], [106.31392, -6.56961], [106.31523, -6.56978], [106.31613, -6.57221], [106.31577, -6.57543], [106.31649, -6.5781], [106.31912, -6.58259], [106.3205, -6.58278], [106.32142, -6.58437], [106.31988, -6.58574], [106.32002, -6.58791], [106.31893, -6.58833], [106.31754, -6.59109], [106.31811, -6.59299], [106.31918, -6.59382], [106.31838, -6.59438], [106.31834, -6.59575], [106.31892, -6.5963], [106.31817, -6.59691], [106.31783, -6.59981], [106.31893, -6.60072], [106.3209, -6.60107], [106.32204, -6.60218], [106.32651, -6.60286], [106.32712, -6.60374], [106.33004, -6.60345], [106.33216, -6.60399], [106.33424, -6.60597], [106.33452, -6.60986], [106.3351, -6.61019], [106.33602, -6.60876], [106.3363, -6.60532], [106.33766, -6.60561], [106.33796, -6.60624], [106.33855, -6.6057], [106.33951, -6.60595], [106.34057, -6.60744], [106.34276, -6.60789], [106.34468, -6.61125], [106.35157, -6.6144], [106.35597, -6.61445], [106.36229, -6.62034], [106.35952, -6.6202], [106.35615, -6.61896], [106.35334, -6.61945], [106.34822, -6.61834], [106.34722, -6.61908], [106.34355, -6.61793], [106.34362, -6.61641], [106.34124, -6.61665], [106.34112, -6.61571], [106.34026, -6.61591], [106.33934, -6.61501], [106.33834, -6.61608], [106.33742, -6.61472], [106.33567, -6.61386], [106.33169, -6.61645], [106.32998, -6.61523], [106.32863, -6.61602], [106.32717, -6.61515], [106.32684, -6.61579], [106.32549, -6.61558], [106.3253, -6.6147], [106.32593, -6.61404], [106.32503, -6.61273], [106.32243, -6.6121], [106.32019, -6.61254], [106.31911, -6.61094], [106.31441, -6.60963], [106.3134, -6.6081], [106.31279, -6.60824], [106.31244, -6.6074], [106.31168, -6.60761], [106.30909, -6.60515], [106.30803, -6.60548], [106.30692, -6.60407], [106.30206, -6.60187], [106.29789, -6.60289], [106.29511, -6.60512], [106.29364, -6.60367], [106.29444, -6.60108], [106.29525, -6.60068], [106.29421, -6.59931], [106.29475, -6.59864], [106.29098, -6.59563], [106.2888, -6.59225], [106.28948, -6.5887], [106.28772, -6.58902], [106.28351, -6.59202], [106.28258, -6.5915], [106.28132, -6.59223], [106.27913, -6.59152], [106.27631, -6.592], [106.27309, -6.59501], [106.27306, -6.5969]]]}}, {"type": "Feature", "properties": {"domain_id": "360212", "name": "SAJIRA"}, "geometry": {"type": "Polygon", "coordinates": [[[106.33695, -6.57107], [106.33686, -6.57316], [106.33765, -6.57353], [106.338, -6.57596], [106.3374, -6.57706], [106.33837, -6.57891], [106.33724, -6.58122], [106.33739, -6.58249], [106.33881, -6.58452], [106.34017, -6.58519], [106.3404, -6.58663], [106.33963, -6.58812], [106.33798, -6.58661], [106.33729, -6.58791], [106.33592, -6.5875], [106.33503, -6.58794], [106.33342, -6.58626], [106.33155, -6.58719], [106.3314, -6.58874], [106.32839, -6.59122], [106.32917, -6.59205], [106.32876, -6.59501], [106.33076, -6.59784], [106.33147, -6.6006], [106.33357, -6.60174], [106.33302, -6.60296], [106.33642, -6.60339], [106.33602, -6.60876], [106.3351, -6.61019], [106.33452, -6.60986], [106.33424, -6.60597], [106.33216, -6.60399], [106.33004, -6.60345], [106.32712, -6.60374], [106.32651, -6.60286], [106.32204, -6.60218], [106.3209, -6.60107], [106.31786, -6.5999], [106.31817, -6.59691], [106.31892, -6.5963], [106.31834, -6.59575], [106.31838, -6.59438], [106.31918, -6.59382], [106.31811, -6.59299], [106.31754, -6.59109], [106.31893, -6.58833], [106.32002, -6.58791], [106.31988, -6.58574], [106.32142, -6.58437], [106.3205, -6.58278], [106.31912, -6.58259], [106.31649, -6.5781], [106.31577, -6.57543], [106.31613, -6.57221], [106.31523, -6.56978], [106.31392, -6.56961], [106.31423, -6.56863], [106.31292, -6.56801], [106.31344, -6.56655], [106.31274, -6.5666], [106.31273, -6.56583], [106.31411, -6.56515], [106.31318, -6.56384], [106.31216, -6.56393], [106.31345, -6.56222], [106.31194, -6.56255], [106.31166, -6.56208], [106.31375, -6.56079], [106.314, -6.56004], [106.3126, -6.56022], [106.31126, -6.55519], [106.31044, -6.55509], [106.31036, -6.554], [106.30713, -6.55025], [106.30785, -6.54908], [106.30994, -6.54848], [106.31013, -6.54683], [106.31217, -6.54613], [106.31334, -6.54494], [106.31372, -6.54187], [106.3119, -6.54188], [106.31054, -6.54026], [106.31153, -6.53896], [106.31039, -6.5366], [106.31184, -6.53652], [106.31249, -6.5351], [106.31067, -6.53374], [106.31024, -6.53221], [106.31236, -6.5332], [106.31344, -6.53291], [106.31205, -6.53094], [106.31237, -6.53009], [106.31317, -6.53112], [106.31501, -6.5309], [106.3166, -6.53154], [106.31672, -6.53059], [106.31527, -6.52965], [106.31692, -6.52801], [106.31614, -6.52703], [106.3174, -6.52564], [106.31742, -6.52398], [106.31822, -6.52371], [106.31973, -6.52491], [106.32068, -6.52417], [106.3204, -6.5232], [106.31949, -6.52355], [106.31899, -6.52185], [106.3205, -6.52112], [106.32005, -6.51875], [106.32215, -6.5186], [106.32249, -6.51734], [106.32368, -6.5181], [106.32417, -6.51731], [106.32352, -6.51571], [106.3255, -6.51595], [106.32622, -6.51473], [106.32724, -6.51589], [106.32898, -6.51352], [106.32855, -6.51271], [106.32533, -6.51238], [106.32609, -6.51116], [106.32549, -6.50996], [106.32598, -6.50595], [106.32733, -6.5059], [106.32716, -6.5044], [106.32532, -6.50291], [106.32685, -6.50248], [106.32667, -6.50154], [106.32481, -6.50079], [106.32316, -6.50129], [106.3207, -6.49763], [106.31944, -6.49925], [106.31796, -6.49939], [106.31587, -6.4986], [106.31406, -6.50122], [106.31104, -6.50123], [106.30824, -6.49959], [106.30763, -6.49801], [106.30844, -6.49688], [106.30687, -6.49624], [106.30816, -6.4931], [106.30731, -6.4923], [106.30861, -6.48417], [106.30815, -6.48273], [106.30651, -6.48163], [106.30857, -6.48093], [106.30958, -6.47916], [106.30906, -6.47859], [106.30912, -6.47671], [106.30618, -6.4747], [106.306, -6.47186], [106.30471, -6.47027], [106.30633, -6.46808], [106.30491, -6.46605], [106.30522, -6.46514], [106.30432, -6.46524], [106.30462, -6.46474], [106.3033, -6.46407], [106.30487, -6.46357], [106.3045, -6.4621], [106.30581, -6.46145], [106.30614, -6.46194], [106.30803, -6.46027], [106.30707, -6.45855], [106.30738, -6.45713], [106.30556, -6.45799], [106.30497, -6.45711], [106.30605, -6.45428], [106.30818, -6.45321], [106.30796, -6.45182], [106.30888, -6.44988], [106.30812, -6.44894], [106.30652, -6.45019], [106.30535, -6.45012], [106.30514, -6.44779], [106.30626, -6.44624], [106.30462, -6.44371], [106.30586, -6.44338], [106.30779, -6.44418], [106.31001, -6.44748], [106.3128, -6.4449], [106.31311, -6.44307], [106.31171, -6.44016], [106.31153, -6.43616], [106.31231, -6.43567], [106.3143, -6.43635], [106.316, -6.43575], [106.3169, -6.43483], [106.31668, -6.4326], [106.31748, -6.43138], [106.31604, -6.42961], [106.31267, -6.43031], [106.31291, -6.42813], [106.31239, -6.4269], [106.31348, -6.42608], [106.31495, -6.42651], [106.31958, -6.42354], [106.31899, -6.42154], [106.32083, -6.42138], [106.32141, -6.42009], [106.31879, -6.42052], [106.31728, -6.4199], [106.31553, -6.42066], [106.31521, -6.41962], [106.31689, -6.41826], [106.31585, -6.41757], [106.31249, -6.42072], [106.31023, -6.42075], [106.30757, -6.41718], [106.30313, -6.41558], [106.30328, -6.41401], [106.30238, -6.41269], [106.30324, -6.41135], [106.30122, -6.40964], [106.30419, -6.40338], [106.30481, -6.39862], [106.30639, -6.39846], [106.30639, -6.39747], [106.30835, -6.3958], [106.30994, -6.39295], [106.31305, -6.39075], [106.31308, -6.38964], [106.31562, -6.38962], [106.31855, -6.38837], [106.31992, -6.38531], [106.31945, -6.38403], [106.31967, -6.38046], [106.32086, -6.37879], [106.32174, -6.37881], [106.32145, -6.37763], [106.32271, -6.37625], [106.32219, -6.37575], [106.32688, -6.3737], [106.32799, -6.37411], [106.3294, -6.37641], [106.33218, -6.37766], [106.33388, -6.37759], [106.33511, -6.38183], [106.3366, -6.38258], [106.33611, -6.38538], [106.33699, -6.38857], [106.33482, -6.39354], [106.33531, -6.39439], [106.33395, -6.39775], [106.33555, -6.40101], [106.33673, -6.40128], [106.34028, -6.39939], [106.34036, -6.40016], [106.34244, -6.40044], [106.3448, -6.39911], [106.34536, -6.40049], [106.34833, -6.40025], [106.34729, -6.40208], [106.34819, -6.40306], [106.3495, -6.40296], [106.3497, -6.40362], [106.34571, -6.404], [106.34563, -6.40474], [106.34756, -6.40593], [106.34492, -6.40754], [106.34548, -6.40802], [106.34796, -6.40686], [106.34958, -6.40792], [106.35119, -6.40765], [106.35228, -6.41018], [106.35282, -6.40994], [106.35259, -6.40873], [106.35515, -6.40679], [106.35721, -6.4074], [106.35793, -6.40894], [106.35916, -6.40722], [106.36074, -6.40779], [106.36093, -6.41083], [106.36276, -6.4118], [106.36246, -6.41643], [106.36309, -6.41716], [106.363, -6.41856], [106.3656, -6.41884], [106.36627, -6.4195], [106.36613, -6.42098], [106.36765, -6.42054], [106.36834, -6.42161], [106.36853, -6.42228], [106.36685, -6.42284], [106.36558, -6.42495], [106.36809, -6.42775], [106.36707, -6.42813], [106.36581, -6.43023], [106.36472, -6.43036], [106.36489, -6.43258], [106.36391, -6.43316], [106.36424, -6.43408], [106.36365, -6.4346], [106.36408, -6.43525], [106.36203, -6.43538], [106.3628, -6.43698], [106.36236, -6.43782], [106.3617, -6.43782], [106.36166, -6.43898], [106.36232, -6.43937], [106.36202, -6.44024], [106.36257, -6.44111], [106.36548, -6.44228], [106.36659, -6.44168], [106.36894, -6.4436], [106.37017, -6.44387], [106.37221, -6.44595], [106.37433, -6.44588], [106.37575, -6.44773], [106.37764, -6.44855], [106.37668, -6.45143], [106.37861, -6.45192], [106.38051, -6.45439], [106.38606, -6.45384], [106.38696, -6.45549], [106.38863, -6.45599], [106.38784, -6.45723], [106.38819, -6.46162], [106.38968, -6.46354], [106.3895, -6.4661], [106.38745, -6.46838], [106.38731, -6.46963], [106.38647, -6.47032], [106.38552, -6.46985], [106.38539, -6.47155], [106.38661, -6.47202], [106.38615, -6.47388], [106.38329, -6.47518], [106.38295, -6.47699], [106.38057, -6.4792], [106.37883, -6.48242], [106.37714, -6.48303], [106.37598, -6.48434], [106.37715, -6.48757], [106.37582, -6.49034], [106.37736, -6.49439], [106.377, -6.49627], [106.37619, -6.49676], [106.37636, -6.49875], [106.37738, -6.50066], [106.37624, -6.50297], [106.37451, -6.50385], [106.37472, -6.50803], [106.37093, -6.50844], [106.37088, -6.50654], [106.36861, -6.50527], [106.36714, -6.50585], [106.36736, -6.5075], [106.36646, -6.50897], [106.36463, -6.50935], [106.36316, -6.50901], [106.36287, -6.50805], [106.36189, -6.50876], [106.35869, -6.50617], [106.35682, -6.5065], [106.35548, -6.50603], [106.35411, -6.50735], [106.352, -6.51308], [106.35042, -6.514], [106.34708, -6.51123], [106.34425, -6.51378], [106.34405, -6.517], [106.34027, -6.51679], [106.33528, -6.51779], [106.33323, -6.51625], [106.32974, -6.51684], [106.33103, -6.51861], [106.33235, -6.51927], [106.33285, -6.52066], [106.33223, -6.52164], [106.33357, -6.52514], [106.33148, -6.52835], [106.3298, -6.52826], [106.32896, -6.52943], [106.32857, -6.53555], [106.32772, -6.53626], [106.33075, -6.53804], [106.33066, -6.53934], [106.33226, -6.54048], [106.33329, -6.54346], [106.33604, -6.54587], [106.33822, -6.54622], [106.33887, -6.54691], [106.34309, -6.54707], [106.34355, -6.54761], [106.33958, -6.55538], [106.34174, -6.56088], [106.34163, -6.56417], [106.33953, -6.56691], [106.33698, -6.5683], [106.33695, -6.57107]]]}}, {"type": "Feature", "properties": {"domain_id": "360208", "name": "GUNUNGKENCANA"}, "geometry": {"type": "Polygon", "coordinates": [[[106.04391, -6.67664], [106.0418, -6.67527], [106.03855, -6.67703], [106.03415, -6.67611], [106.03079, -6.67703], [106.03005, -6.6797], [106.02459, -6.68483], [106.02384, -6.68708], [106.02044, -6.68892], [106.0197, -6.6915], [106.01782, -6.69286], [106.01587, -6.69313], [106.01475, -6.69474], [106.01341, -6.69339], [106.01068, -6.69337], [106.0096, -6.69252], [106.00943, -6.6905], [106.0086, -6.68954], [106.00893, -6.68473], [106.00787, -6.68313], [106.0085, -6.68127], [106.00626, -6.67877], [106.00655, -6.67788], [106.00561, -6.6771], [106.00555, -6.67434], [106.00639, -6.67261], [106.00554, -6.67209], [106.00523, -6.67053], [106.00186, -6.67108], [105.99982, -6.67036], [106.00024, -6.66869], [106.00178, -6.6687], [106.00247, -6.66802], [106.00135, -6.66584], [106.00149, -6.66419], [106.00298, -6.66124], [106.00429, -6.66022], [106.00485, -6.65815], [106.00689, -6.65727], [106.01255, -6.6514], [106.01037, -6.64707], [106.01104, -6.64477], [106.0083, -6.64098], [106.009, -6.63505], [106.00824, -6.63212], [106.00621, -6.63068], [106.0086, -6.63051], [106.00933, -6.62911], [106.0108, -6.62874], [106.01282, -6.6286], [106.01481, -6.62935], [106.01604, -6.62576], [106.01786, -6.62565], [106.01957, -6.62305], [106.01922, -6.62096], [106.01442, -6.61852], [106.01304, -6.6172], [106.0119, -6.61488], [106.01166, -6.61239], [106.01431, -6.61142], [106.01715, -6.60921], [106.01773, -6.60953], [106.01975, -6.60678], [106.02346, -6.60567], [106.02544, -6.60336], [106.02609, -6.60157], [106.02574, -6.60073], [106.0251, -6.60071], [106.02198, -6.60205], [106.02086, -6.60186], [106.01521, -6.59765], [106.0135, -6.59773], [106.01248, -6.59626], [106.00872, -6.59729], [106.00688, -6.59306], [106.00438, -6.5928], [106.00437, -6.59049], [106.00288, -6.58976], [106.00252, -6.59051], [106.00187, -6.59041], [106.00056, -6.58847], [105.99602, -6.586], [105.99311, -6.58316], [105.99589, -6.58049], [105.99727, -6.5753], [105.99862, -6.57438], [105.99936, -6.57262], [106.00347, -6.57094], [106.00449, -6.56927], [106.00526, -6.56713], [106.00479, -6.56597], [106.00535, -6.5614], [106.00723, -6.5606], [106.00772, -6.5594], [106.01246, -6.55708], [106.01778, -6.55571], [106.01844, -6.55323], [106.01982, -6.55173], [106.01871, -6.55069], [106.01895, -6.54971], [106.01537, -6.54786], [106.01465, -6.54619], [106.01, -6.54429], [106.00846, -6.5429], [106.0059, -6.54279], [106.00547, -6.53961], [106.00631, -6.53858], [106.00847, -6.5378], [106.00841, -6.53488], [106.00946, -6.53409], [106.00916, -6.53067], [106.01319, -6.52895], [106.0181, -6.5294], [106.02038, -6.53048], [106.02168, -6.5301], [106.02151, -6.52915], [106.02225, -6.52849], [106.02611, -6.52895], [106.02785, -6.53013], [106.02845, -6.52911], [106.03148, -6.52797], [106.03067, -6.53387], [106.03444, -6.53431], [106.03539, -6.53297], [106.03841, -6.5356], [106.03962, -6.53518], [106.0411, -6.53712], [106.04317, -6.53677], [106.04316, -6.54009], [106.04476, -6.54151], [106.04586, -6.54103], [106.04678, -6.54182], [106.04663, -6.54287], [106.04794, -6.54475], [106.04793, -6.54596], [106.04924, -6.54709], [106.05683, -6.54511], [106.0655, -6.5451], [106.06544, -6.54219], [106.06764, -6.53921], [106.06674, -6.53713], [106.069, -6.53447], [106.07066, -6.53558], [106.07081, -6.53632], [106.07434, -6.53674], [106.07482, -6.53834], [106.07699, -6.53804], [106.07991, -6.53925], [106.08596, -6.53826], [106.09113, -6.54017], [106.09263, -6.53988], [106.09208, -6.54107], [106.09284, -6.54218], [106.0922, -6.54395], [106.09362, -6.54292], [106.09494, -6.54451], [106.09483, -6.54606], [106.09622, -6.54883], [106.09833, -6.5501], [106.09907, -6.54948], [106.1002, -6.55046], [106.10166, -6.55069], [106.1012, -6.55209], [106.10217, -6.55248], [106.10121, -6.5533], [106.10223, -6.55644], [106.10152, -6.55759], [106.10168, -6.56349], [106.10229, -6.56475], [106.10451, -6.56522], [106.10489, -6.56788], [106.10346, -6.57017], [106.10019, -6.57258], [106.10323, -6.574], [106.10403, -6.57641], [106.10139, -6.58], [106.09871, -6.58096], [106.09741, -6.5839], [106.09534, -6.58395], [106.0937, -6.58912], [106.09341, -6.59211], [106.09459, -6.59444], [106.09457, -6.59605], [106.09181, -6.59809], [106.09217, -6.60366], [106.0891, -6.6049], [106.08874, -6.60894], [106.08741, -6.60985], [106.08808, -6.61052], [106.08621, -6.61279], [106.08671, -6.61352], [106.08577, -6.6162], [106.08783, -6.61747], [106.08747, -6.62184], [106.08853, -6.62192], [106.08949, -6.62331], [106.09092, -6.62366], [106.09221, -6.62678], [106.09195, -6.63181], [106.09627, -6.63695], [106.09628, -6.63828], [106.1044, -6.65431], [106.09985, -6.66102], [106.09911, -6.66111], [106.09918, -6.66243], [106.09792, -6.66271], [106.09836, -6.67941], [106.08161, -6.68351], [106.0803, -6.6843], [106.07505, -6.68157], [106.07394, -6.67854], [106.07177, -6.67891], [106.07066, -6.67069], [106.06764, -6.66743], [106.06443, -6.66708], [106.06425, -6.66841], [106.06221, -6.66858], [106.05959, -6.67099], [106.05535, -6.67162], [106.05236, -6.67441], [106.05024, -6.67469], [106.05022, -6.67695], [106.04874, -6.67733], [106.04698, -6.67639], [106.04559, -6.67766], [106.04391, -6.67664]]]}}, {"type": "Feature", "properties": {"domain_id": "360414", "name": "TANARA"}, "geometry": {"type": "Polygon", "coordinates": [[[106.36032, -6.04316], [106.35188, -6.0498], [106.35159, -6.05179], [106.34962, -6.05605], [106.34951, -6.05737], [106.35068, -6.06054], [106.35036, -6.06201], [106.34951, -6.06273], [106.33939, -6.06318], [106.33993, -6.05978], [106.3393, -6.05877], [106.33962, -6.0574], [106.33807, -6.05631], [106.33377, -6.05498], [106.33042, -6.05423], [106.3303, -6.05684], [106.32578, -6.0605], [106.32558, -6.05982], [106.32399, -6.05991], [106.32393, -6.05898], [106.32248, -6.05814], [106.31923, -6.05729], [106.31896, -6.05639], [106.3169, -6.05492], [106.31729, -6.0486], [106.31963, -6.04657], [106.3254, -6.03429], [106.33495, -6.02017], [106.33587, -6.021], [106.34001, -6.0219], [106.34248, -6.02174], [106.34336, -6.01804], [106.34554, -6.01836], [106.34622, -6.01788], [106.34663, -6.0186], [106.34681, -6.01755], [106.34759, -6.01811], [106.34919, -6.01731], [106.35002, -6.01748], [106.35032, -6.01833], [106.35074, -6.0168], [106.35191, -6.01712], [106.35296, -6.01559], [106.35477, -6.01602], [106.35444, -6.01221], [106.35332, -6.01189], [106.35718, -6.00677], [106.35687, -6.00415], [106.35578, -6.00363], [106.35476, -6.00026], [106.35328, -5.99976], [106.35315, -5.99883], [106.35409, -5.99776], [106.35871, -5.99653], [106.35955, -5.99536], [106.35838, -5.9917], [106.35858, -5.98741], [106.36009, -5.98334], [106.36003, -5.9818], [106.36397, -5.97878], [106.36493, -5.97703], [106.36294, -5.96889], [106.36334, -5.96632], [106.36434, -5.96509], [106.36698, -5.96533], [106.37411, -5.96941], [106.37682, -5.97033], [106.38025, -5.97375], [106.3806, -5.973], [106.3826, -5.97328], [106.38443, -5.97548], [106.38747, -5.97654], [106.38909, -5.97815], [106.39014, -5.9796], [106.39009, -5.98131], [106.39207, -5.98713], [106.39285, -5.99161], [106.40038, -6.00921], [106.40619, -6.01772], [106.40987, -6.0211], [106.4118, -6.02422], [106.40952, -6.02931], [106.40748, -6.03091], [106.40121, -6.03031], [106.39951, -6.02851], [106.39787, -6.02782], [106.39649, -6.02909], [106.39311, -6.02765], [106.38824, -6.03122], [106.38472, -6.0312], [106.38393, -6.02995], [106.38294, -6.02966], [106.38232, -6.03093], [106.38315, -6.03219], [106.38162, -6.03429], [106.38004, -6.03473], [106.37965, -6.03557], [106.38067, -6.03842], [106.38038, -6.03911], [106.37907, -6.03782], [106.37791, -6.0391], [106.37577, -6.0397], [106.375, -6.03742], [106.36943, -6.03746], [106.36652, -6.03847], [106.36032, -6.04316]]]}}, {"type": "Feature", "properties": {"domain_id": "360412", "name": "PONTANG"}, "geometry": {"type": "MultiPolygon", "coordinates": [[[[106.26556, -6.05984], [106.26579, -6.06172], [106.26387, -6.06548], [106.26448, -6.06611], [106.26412, -6.0693], [106.26222, -6.06863], [106.26213, -6.06934], [106.26122, -6.06946], [106.26105, -6.07075], [106.2625, -6.071], [106.26073, -6.07221], [106.25955, -6.07078], [106.25847, -6.07075], [106.2581, -6.07139], [106.25562, -6.07057], [106.25409, -6.07089], [106.25154, -6.06946], [106.24878, -6.07509], [106.24731, -6.07483], [106.24772, -6.06929], [106.2459, -6.0674], [106.24303, -6.06656], [106.24294, -6.06577], [106.24208, -6.06615], [106.24212, -6.06493], [106.24117, -6.06484], [106.2407, -6.0638], [106.23798, -6.06408], [106.2359, -6.06297], [106.23232, -6.06562], [106.23315, -6.0579], [106.23082, -6.05699], [106.23143, -6.05549], [106.23115, -6.05251], [106.23197, -6.05223], [106.23211, -6.05139], [106.23122, -6.05106], [106.2311, -6.04956], [106.23022, -6.04983], [106.22918, -6.04862], [106.22932, -6.0447], [106.22639, -6.04389], [106.22631, -6.04259], [106.22522, -6.04092], [106.22566, -6.03874], [106.2247, -6.0366], [106.2252, -6.03428], [106.22295, -6.02962], [106.22234, -6.02538], [106.21639, -6.01622], [106.22207, -6.01433], [106.22462, -6.01253], [106.22712, -6.00742], [106.22598, -6.00677], [106.22589, -6.0054], [106.22525, -6.00516], [106.22554, -6.00401], [106.22669, -6.00386], [106.22665, -6.00289], [106.22823, -6.00308], [106.22912, -6.00176], [106.22912, -6.00055], [106.22989, -6.00136], [106.23057, -6.00101], [106.23029, -6.00025], [106.23087, -6.00139], [106.23161, -6.0011], [106.23138, -5.99972], [106.23201, -5.9997], [106.23218, -6.00063], [106.23286, -6.00035], [106.23275, -5.99867], [106.23456, -5.9979], [106.23474, -5.99855], [106.23558, -5.99847], [106.23575, -5.99816], [106.23553, -5.99784], [106.23554, -5.99735], [106.23718, -5.9973], [106.23656, -5.99631], [106.2371, -5.99582], [106.23834, -5.99759], [106.23875, -5.99651], [106.23936, -5.99663], [106.238, -5.99471], [106.23868, -5.99366], [106.23962, -5.9938], [106.24027, -5.99303], [106.24005, -5.99216], [106.24208, -5.99202], [106.24237, -5.99083], [106.24321, -5.99059], [106.24271, -5.99019], [106.24341, -5.98926], [106.24238, -5.987], [106.24352, -5.9875], [106.2442, -5.98601], [106.24372, -5.98579], [106.24402, -5.98501], [106.24308, -5.98493], [106.24465, -5.98405], [106.24525, -5.98148], [106.24425, -5.98065], [106.24483, -5.97982], [106.24461, -5.97887], [106.2449, -5.97832], [106.24583, -5.97861], [106.24621, -5.97766], [106.24488, -5.97636], [106.24549, -5.97505], [106.24521, -5.97268], [106.24581, -5.97016], [106.24488, -5.96961], [106.24417, -5.96714], [106.24922, -5.96429], [106.25293, -5.96315], [106.25436, -5.96452], [106.25665, -5.96441], [106.2576, -5.96502], [106.25851, -5.96633], [106.25887, -5.96874], [106.2609, -5.96829], [106.26088, -5.96926], [106.25954, -5.9701], [106.26007, -5.97136], [106.26117, -5.97176], [106.26272, -5.97126], [106.26363, -5.97194], [106.26395, -5.9772], [106.26316, -5.98032], [106.2638, -5.98166], [106.26676, -5.98276], [106.26681, -5.98389], [106.26477, -5.98522], [106.26436, -5.98649], [106.26742, -5.99149], [106.27771, -5.99792], [106.27887, -6.0], [106.27901, -6.00351], [106.28261, -6.0041], [106.28464, -6.00565], [106.28545, -6.00873], [106.28471, -6.01391], [106.28818, -6.01513], [106.28892, -6.01611], [106.28838, -6.01759], [106.28504, -6.01818], [106.28384, -6.01943], [106.28584, -6.0206], [106.28672, -6.02432], [106.2875, -6.02481], [106.29153, -6.02446], [106.29182, -6.02553], [106.29102, -6.0276], [106.29143, -6.02824], [106.29481, -6.02737], [106.29666, -6.0277], [106.29816, -6.03055], [106.29935, -6.0311], [106.30095, -6.03045], [106.30295, -6.03276], [106.30413, -6.03252], [106.30438, -6.03153], [106.3029, -6.02894], [106.30362, -6.02828], [106.3061, -6.02803], [106.30727, -6.02842], [106.31306, -6.03433], [106.31383, -6.03467], [106.3157, -6.03277], [106.31634, -6.03368], [106.31654, -6.03608], [106.31492, -6.03736], [106.30426, -6.03994], [106.30445, -6.0409], [106.30308, -6.04119], [106.3032, -6.04173], [106.29987, -6.04221], [106.29921, -6.04368], [106.29949, -6.04523], [106.29764, -6.04546], [106.29685, -6.04362], [106.29705, -6.04211], [106.29478, -6.04402], [106.29392, -6.04304], [106.29113, -6.04376], [106.28936, -6.04533], [106.28815, -6.04864], [106.28561, -6.05], [106.28593, -6.05107], [106.28544, -6.05166], [106.28403, -6.0528], [106.28332, -6.05238], [106.28271, -6.05378], [106.28128, -6.05459], [106.27874, -6.05291], [106.27643, -6.05478], [106.27697, -6.0536], [106.27583, -6.05231], [106.27519, -6.0536], [106.26915, -6.05126], [106.26794, -6.05403], [106.26901, -6.05434], [106.26848, -6.05599], [106.26421, -6.05922], [106.26556, -6.05984]]], [[[106.21829, -5.9407], [106.22076, -5.94123], [106.22171, -5.94244], [106.22159, -5.9433], [106.21788, -5.94298], [106.2169, -5.94344], [106.21552, -5.94285], [106.21592, -5.94157], [106.21829, -5.9407]]]]}}, {"type": "Feature", "properties": {"domain_id": "360209", "name": "BANJARSARI"}, "geometry": {"type": "Polygon", "coordinates": [[[105.99381, -6.70145], [105.98941, -6.70114], [105.98848, -6.70258], [105.98722, -6.70076], [105.9851, -6.70125], [105.98451, -6.70083], [105.97778, -6.70291], [105.97557, -6.70226], [105.97489, -6.69896], [105.97529, -6.69731], [105.97384, -6.69608], [105.97386, -6.69464], [105.97317, -6.69368], [105.97008, -6.69361], [105.96918, -6.69494], [105.96804, -6.69526], [105.96809, -6.69451], [105.96616, -6.69229], [105.96412, -6.69238], [105.96316, -6.69345], [105.96241, -6.69336], [105.96126, -6.69069], [105.96009, -6.69016], [105.95934, -6.68672], [105.95853, -6.68575], [105.95683, -6.68558], [105.95576, -6.68225], [105.95438, -6.68173], [105.9532, -6.6801], [105.95182, -6.68233], [105.94825, -6.68511], [105.94177, -6.68701], [105.94006, -6.68843], [105.93931, -6.6878], [105.9384, -6.68893], [105.93663, -6.68925], [105.93515, -6.68813], [105.9323, -6.68923], [105.93099, -6.69105], [105.93281, -6.69311], [105.93054, -6.69479], [105.93086, -6.69599], [105.92878, -6.69623], [105.92803, -6.69882], [105.92704, -6.6973], [105.92742, -6.69508], [105.92693, -6.69136], [105.93099, -6.68659], [105.93141, -6.68445], [105.93096, -6.68343], [105.93437, -6.6806], [105.93511, -6.67708], [105.93659, -6.6762], [105.93727, -6.67371], [105.93656, -6.66962], [105.93757, -6.66784], [105.93675, -6.66668], [105.93673, -6.66536], [105.93751, -6.6636], [105.94622, -6.66021], [105.94598, -6.6568], [105.94545, -6.65651], [105.94334, -6.64727], [105.94511, -6.64506], [105.94422, -6.64448], [105.94395, -6.63911], [105.94257, -6.63619], [105.94332, -6.63364], [105.94253, -6.63156], [105.94278, -6.62952], [105.93977, -6.62572], [105.93304, -6.625], [105.93169, -6.62318], [105.93213, -6.62126], [105.93135, -6.61825], [105.93193, -6.6181], [105.93196, -6.61708], [105.93095, -6.61643], [105.92869, -6.61657], [105.92985, -6.61547], [105.93111, -6.61136], [105.93253, -6.61009], [105.93395, -6.60443], [105.9333, -6.60189], [105.93413, -6.60021], [105.93585, -6.59982], [105.93663, -6.59841], [105.93867, -6.59774], [105.93988, -6.59451], [105.94205, -6.59377], [105.94354, -6.59208], [105.94618, -6.58731], [105.94593, -6.5856], [105.94692, -6.58271], [105.94801, -6.5819], [105.9523, -6.58198], [105.95354, -6.57814], [105.95599, -6.57489], [105.95656, -6.57207], [105.95849, -6.57159], [105.96027, -6.56991], [105.96091, -6.56579], [105.96383, -6.56439], [105.96414, -6.55897], [105.96551, -6.55491], [105.96678, -6.55374], [105.9724, -6.55351], [105.97518, -6.55204], [105.97629, -6.54667], [105.97364, -6.54446], [105.97516, -6.54229], [105.97862, -6.54345], [105.98281, -6.54206], [105.98176, -6.5351], [105.97474, -6.51729], [105.98292, -6.51686], [105.98514, -6.51499], [105.98718, -6.50916], [105.98647, -6.50709], [105.98379, -6.50529], [105.98385, -6.50412], [105.989, -6.49676], [105.99095, -6.49554], [105.99148, -6.49684], [105.9926, -6.4965], [105.99415, -6.49326], [105.99506, -6.4873], [105.9975, -6.48225], [105.99715, -6.48177], [105.99843, -6.48058], [105.99792, -6.47933], [106.00939, -6.47361], [106.01045, -6.46561], [106.01038, -6.46082], [106.01163, -6.4552], [106.01789, -6.45047], [106.02042, -6.45573], [106.02873, -6.45655], [106.02966, -6.45415], [106.03082, -6.45344], [106.02916, -6.45677], [106.03222, -6.45621], [106.03239, -6.45835], [106.03198, -6.4603], [106.03076, -6.46149], [106.03085, -6.46409], [106.02947, -6.46628], [106.03018, -6.46776], [106.03192, -6.4675], [106.03363, -6.46816], [106.03615, -6.46752], [106.03732, -6.46909], [106.0386, -6.46875], [106.0386, -6.46709], [106.04039, -6.46793], [106.04267, -6.46734], [106.04352, -6.4647], [106.04415, -6.46401], [106.0458, -6.46378], [106.04578, -6.46232], [106.04739, -6.46342], [106.04684, -6.46563], [106.04537, -6.46589], [106.04393, -6.46884], [106.04632, -6.47491], [106.0447, -6.47708], [106.04617, -6.4833], [106.04241, -6.48779], [106.04136, -6.4875], [106.03999, -6.48864], [106.03881, -6.49167], [106.04058, -6.49271], [106.04127, -6.49245], [106.04129, -6.49325], [106.04222, -6.49332], [106.0426, -6.49438], [106.0445, -6.49461], [106.04469, -6.50046], [106.04345, -6.50271], [106.04167, -6.50297], [106.03722, -6.50569], [106.03386, -6.50542], [106.03119, -6.50228], [106.02707, -6.50009], [106.02686, -6.49867], [106.02383, -6.50147], [106.02188, -6.4999], [106.01947, -6.50005], [106.01778, -6.50228], [106.01726, -6.50179], [106.01522, -6.50381], [106.01197, -6.50437], [106.01122, -6.5053], [106.01041, -6.50471], [106.00883, -6.50521], [106.00825, -6.50462], [106.00694, -6.50546], [106.00586, -6.50468], [106.00452, -6.5082], [106.00552, -6.51079], [106.00321, -6.51271], [106.0033, -6.51411], [105.99996, -6.51599], [105.99834, -6.51595], [105.99646, -6.51688], [105.99537, -6.51771], [105.99514, -6.51928], [105.99408, -6.51941], [105.99606, -6.52022], [105.9975, -6.52231], [105.99714, -6.52415], [105.99813, -6.5253], [105.99758, -6.52657], [105.99893, -6.52829], [105.99993, -6.52717], [106.00155, -6.52753], [106.00916, -6.53067], [106.00946, -6.53409], [106.00841, -6.53488], [106.00847, -6.5378], [106.00631, -6.53858], [106.00547, -6.53961], [106.0059, -6.54279], [106.00846, -6.5429], [106.01, -6.54429], [106.01465, -6.54619], [106.01537, -6.54786], [106.01895, -6.54971], [106.01871, -6.55069], [106.01983, -6.5517], [106.01844, -6.55323], [106.01778, -6.55571], [106.01246, -6.55708], [106.00772, -6.5594], [106.00723, -6.5606], [106.00535, -6.5614], [106.00479, -6.56597], [106.00526, -6.56713], [106.00449, -6.56927], [106.00347, -6.57094], [105.99936, -6.57262], [105.99862, -6.57438], [105.99727, -6.5753], [105.99589, -6.58049], [105.99311, -6.58316], [105.99602, -6.586], [106.00056, -6.58847], [106.00187, -6.59041], [106.00252, -6.59051], [106.00288, -6.58976], [106.00437, -6.59049], [106.00438, -6.5928], [106.00688, -6.59306], [106.00872, -6.59729], [106.01248, -6.59626], [106.0135, -6.59773], [106.01521, -6.59765], [106.02086, -6.60186], [106.02198, -6.60205], [106.0251, -6.60071], [106.02574, -6.60073], [106.02609, -6.60157], [106.02544, -6.60336], [106.02346, -6.60567], [106.01975, -6.60678], [106.01773, -6.60953], [106.01715, -6.60921], [106.01431, -6.61142], [106.01166, -6.61239], [106.0119, -6.61488], [106.01304, -6.6172], [106.01442, -6.61852], [106.01922, -6.62096], [106.01957, -6.62305], [106.01786, -6.62565], [106.01604, -6.62576], [106.01481, -6.62935], [106.01282, -6.6286], [106.0108, -6.62874], [106.00933, -6.62911], [106.0086, -6.63051], [106.00621, -6.63068], [106.00824, -6.63212], [106.009, -6.63505], [106.0083, -6.64098], [106.01104, -6.64477], [106.01037, -6.64707], [106.01255, -6.6514], [106.00689, -6.65727], [106.00485, -6.65815], [106.00429, -6.66022], [106.00298, -6.66124], [106.00149, -6.66419], [106.00135, -6.66584], [106.00247, -6.66802], [105.99973, -6.66928], [105.99984, -6.67041], [106.00178, -6.67107], [106.00523, -6.67053], [106.00554, -6.67209], [106.00639, -6.67261], [106.00555, -6.67434], [106.00561, -6.6771], [106.00655, -6.67788], [106.00626, -6.67877], [106.0085, -6.68127], [106.00787, -6.68313], [106.00893, -6.68473], [106.0086, -6.68954], [106.00943, -6.6905], [106.0096, -6.69252], [106.01068, -6.69337], [106.01341, -6.69339], [106.01475, -6.69474], [106.01283, -6.69636], [106.00794, -6.69635], [106.00259, -6.69915], [106.00155, -6.70202], [105.99871, -6.70133], [105.99381, -6.70145]]]}}, {"type": "Feature", "properties": {"domain_id": "360207", "name": "BOJONGMANIK"}, "geometry": {"type": "Polygon", "coordinates": [[[106.21021, -6.61706], [106.21162, -6.61852], [106.21185, -6.62012], [106.21416, -6.62135], [106.21521, -6.62407], [106.21454, -6.62761], [106.21251, -6.62903], [106.21209, -6.63174], [106.2102, -6.63378], [106.20961, -6.63567], [106.2083, -6.63649], [106.20816, -6.63743], [106.2122, -6.64076], [106.212, -6.64373], [106.21488, -6.64528], [106.2172, -6.64785], [106.21777, -6.65008], [106.21705, -6.65136], [106.21824, -6.65194], [106.21751, -6.65354], [106.21445, -6.65355], [106.2133, -6.65451], [106.2107, -6.65413], [106.21042, -6.65291], [106.20719, -6.65128], [106.20594, -6.65184], [106.20299, -6.64857], [106.20025, -6.64861], [106.19994, -6.64711], [106.19815, -6.6464], [106.19464, -6.64679], [106.19075, -6.6449], [106.19038, -6.64595], [106.18929, -6.64574], [106.18505, -6.64745], [106.18489, -6.64648], [106.18563, -6.64585], [106.18504, -6.64297], [106.18603, -6.6417], [106.18555, -6.64079], [106.18614, -6.63941], [106.1851, -6.63753], [106.18021, -6.63532], [106.18005, -6.63364], [106.17836, -6.63317], [106.17825, -6.63228], [106.17704, -6.6312], [106.17344, -6.63147], [106.17223, -6.63015], [106.17101, -6.62996], [106.16976, -6.63145], [106.16667, -6.63139], [106.16544, -6.63018], [106.16427, -6.6302], [106.1637, -6.62887], [106.16115, -6.62791], [106.16032, -6.62628], [106.15867, -6.62529], [106.15913, -6.62095], [106.15888, -6.61906], [106.15766, -6.61697], [106.15796, -6.61343], [106.16104, -6.60742], [106.1601, -6.60675], [106.16035, -6.60566], [106.15708, -6.60357], [106.15326, -6.60331], [106.15081, -6.60649], [106.1467, -6.60935], [106.14155, -6.60912], [106.14128, -6.60863], [106.13928, -6.60857], [106.13833, -6.60767], [106.13314, -6.60771], [106.13318, -6.60896], [106.13405, -6.60994], [106.13243, -6.61134], [106.13265, -6.61233], [106.13212, -6.61173], [106.13142, -6.61251], [106.13224, -6.61348], [106.13085, -6.61568], [106.1304, -6.61894], [106.12799, -6.61913], [106.12745, -6.61806], [106.12635, -6.6185], [106.12557, -6.61715], [106.1264, -6.61523], [106.12487, -6.61449], [106.12446, -6.61282], [106.1263, -6.60974], [106.12537, -6.6095], [106.12579, -6.60808], [106.12532, -6.60751], [106.12543, -6.60659], [106.12646, -6.60614], [106.12536, -6.60538], [106.12762, -6.60212], [106.1282, -6.59999], [106.12966, -6.59902], [106.12918, -6.59672], [106.13059, -6.59594], [106.13194, -6.59303], [106.13246, -6.5931], [106.13242, -6.5921], [106.1339, -6.59036], [106.13376, -6.5893], [106.13472, -6.58829], [106.13508, -6.58666], [106.13632, -6.5854], [106.13716, -6.5821], [106.1368, -6.58045], [106.13563, -6.5789], [106.13541, -6.57704], [106.13488, -6.57694], [106.13021, -6.57897], [106.12798, -6.57844], [106.12648, -6.57946], [106.12576, -6.58151], [106.12366, -6.58099], [106.12413, -6.58171], [106.12311, -6.58279], [106.12263, -6.58156], [106.12074, -6.58302], [106.12023, -6.58152], [106.11935, -6.58162], [106.11906, -6.58238], [106.11475, -6.58258], [106.11424, -6.58197], [106.11469, -6.58102], [106.1131, -6.57861], [106.11295, -6.57689], [106.11164, -6.57625], [106.10996, -6.57332], [106.11086, -6.57241], [106.11132, -6.56858], [106.11281, -6.56597], [106.11344, -6.56039], [106.11462, -6.56024], [106.1154, -6.56119], [106.11639, -6.56044], [106.11811, -6.56085], [106.11809, -6.56001], [106.12417, -6.55488], [106.13048, -6.54729], [106.1298, -6.54518], [106.13223, -6.54297], [106.13184, -6.54277], [106.13252, -6.54181], [106.13184, -6.54123], [106.13234, -6.53917], [106.13067, -6.53917], [106.13072, -6.53787], [106.13201, -6.53717], [106.1324, -6.53622], [106.13455, -6.53582], [106.13598, -6.53339], [106.14106, -6.52891], [106.14075, -6.52784], [106.14293, -6.52328], [106.14642, -6.5244], [106.14757, -6.52401], [106.14873, -6.52185], [106.1484, -6.52086], [106.14985, -6.51977], [106.15051, -6.5171], [106.14971, -6.51483], [106.15024, -6.51324], [106.14955, -6.51189], [106.14882, -6.51229], [106.14711, -6.51101], [106.14419, -6.51096], [106.14467, -6.50954], [106.1426, -6.50876], [106.14436, -6.50795], [106.14546, -6.50849], [106.14745, -6.50624], [106.14781, -6.50405], [106.14621, -6.50503], [106.14721, -6.50326], [106.14623, -6.50289], [106.14777, -6.50191], [106.14646, -6.5016], [106.14515, -6.49825], [106.14438, -6.49791], [106.14514, -6.49699], [106.14466, -6.49458], [106.14762, -6.49254], [106.14699, -6.48989], [106.14829, -6.49044], [106.14883, -6.48936], [106.15017, -6.48985], [106.1492, -6.48826], [106.15053, -6.48745], [106.15238, -6.48741], [106.15286, -6.48833], [106.15343, -6.48684], [106.15438, -6.48725], [106.15406, -6.48808], [106.15622, -6.48825], [106.15634, -6.48999], [106.15902, -6.49198], [106.16317, -6.49669], [106.16186, -6.50352], [106.16209, -6.50589], [106.16316, -6.50639], [106.16698, -6.51147], [106.16601, -6.51447], [106.16664, -6.52011], [106.16558, -6.52516], [106.16651, -6.52714], [106.16555, -6.52941], [106.1669, -6.53018], [106.16578, -6.53345], [106.16771, -6.53578], [106.171, -6.53656], [106.17275, -6.53946], [106.17153, -6.54019], [106.17066, -6.54202], [106.17177, -6.54784], [106.17056, -6.54938], [106.17114, -6.551], [106.17075, -6.55576], [106.17324, -6.55777], [106.17578, -6.56234], [106.18073, -6.56719], [106.18281, -6.5687], [106.18502, -6.56888], [106.186, -6.56972], [106.18667, -6.57435], [106.18564, -6.57519], [106.186, -6.5758], [106.18754, -6.57668], [106.18938, -6.57626], [106.19094, -6.57703], [106.19277, -6.57935], [106.19461, -6.58009], [106.19534, -6.57957], [106.19602, -6.58072], [106.1968, -6.58024], [106.19791, -6.58142], [106.20195, -6.58157], [106.2026, -6.58324], [106.20398, -6.58348], [106.20477, -6.58547], [106.20607, -6.58538], [106.20688, -6.58629], [106.2084, -6.59303], [106.20937, -6.59471], [106.20837, -6.59793], [106.20934, -6.59981], [106.20938, -6.60487], [106.2073, -6.6062], [106.20661, -6.60806], [106.20839, -6.61183], [106.20996, -6.61312], [106.20972, -6.61581], [106.21021, -6.61706]]]}}, {"type": "Feature", "properties": {"domain_id": "360408", "name": "PULO AMPEL"}, "geometry": {"type": "MultiPolygon", "coordinates": [[[[106.0742, -5.9463], [106.0735, -5.94591], [106.07037, -5.93888], [106.07043, -5.93164], [106.06855, -5.92593], [106.06714, -5.92488], [106.06806, -5.92354], [106.06827, -5.92161], [106.06754, -5.9183], [106.06435, -5.91726], [106.06692, -5.91905], [106.06559, -5.92412], [106.0679, -5.9264], [106.06805, -5.92866], [106.06043, -5.93094], [106.05619, -5.93134], [106.05352, -5.93273], [106.05274, -5.93209], [106.05254, -5.93061], [106.04869, -5.92985], [106.04506, -5.92107], [106.03985, -5.91878], [106.04483, -5.91143], [106.04386, -5.91025], [106.0429, -5.90603], [106.04108, -5.90424], [106.04088, -5.90093], [106.03963, -5.89966], [106.03973, -5.8862], [106.04101, -5.87954], [106.04108, -5.87571], [106.0424, -5.87802], [106.04622, -5.88077], [106.0425, -5.87785], [106.04247, -5.87753], [106.04221, -5.877], [106.04222, -5.87689], [106.04269, -5.87753], [106.04409, -5.87551], [106.04279, -5.8779], [106.04849, -5.88173], [106.04932, -5.88054], [106.04997, -5.88025], [106.04753, -5.88399], [106.0488, -5.88206], [106.04902, -5.88307], [106.05005, -5.88329], [106.05095, -5.88018], [106.05094, -5.88087], [106.05168, -5.88122], [106.05065, -5.88322], [106.05123, -5.88257], [106.05086, -5.88359], [106.05211, -5.88388], [106.05461, -5.88402], [106.05478, -5.88353], [106.05592, -5.88407], [106.05667, -5.8831], [106.05665, -5.88384], [106.05859, -5.88343], [106.05852, -5.88421], [106.05866, -5.88449], [106.06094, -5.88388], [106.06199, -5.88186], [106.06276, -5.88211], [106.06277, -5.88147], [106.06438, -5.88086], [106.06516, -5.88263], [106.06669, -5.88199], [106.06765, -5.88276], [106.06795, -5.88202], [106.07058, -5.88165], [106.07072, -5.88242], [106.07216, -5.88232], [106.07216, -5.88321], [106.07241, -5.8842], [106.07228, -5.88272], [106.07485, -5.88406], [106.07625, -5.88647], [106.07589, -5.88723], [106.07644, -5.88684], [106.07832, -5.88927], [106.08108, -5.89016], [106.08143, -5.89147], [106.08191, -5.89078], [106.08276, -5.8912], [106.08389, -5.89268], [106.08338, -5.89349], [106.08404, -5.89409], [106.08373, -5.89507], [106.08447, -5.89543], [106.08491, -5.89475], [106.0861, -5.89581], [106.08575, -5.89726], [106.08644, -5.89866], [106.08689, -5.89946], [106.08703, -5.89883], [106.08739, -5.89919], [106.08723, -5.89972], [106.08796, -5.89961], [106.08804, -5.90122], [106.08885, -5.901], [106.08882, -5.9023], [106.08745, -5.90247], [106.08838, -5.90343], [106.0875, -5.90377], [106.08828, -5.90423], [106.08911, -5.90386], [106.09069, -5.90607], [106.09315, -5.90743], [106.0928, -5.90788], [106.09374, -5.90787], [106.09453, -5.90926], [106.0959, -5.90944], [106.09806, -5.91142], [106.09913, -5.91095], [106.10137, -5.91167], [106.10122, -5.91242], [106.10219, -5.9131], [106.10174, -5.9136], [106.10217, -5.91489], [106.10191, -5.91652], [106.10078, -5.91737], [106.10168, -5.91828], [106.10071, -5.9187], [106.10129, -5.9191], [106.10196, -5.91852], [106.10369, -5.92121], [106.10421, -5.92386], [106.10785, -5.92745], [106.11218, -5.92946], [106.11206, -5.93045], [106.11419, -5.9303], [106.11404, -5.93354], [106.11323, -5.93426], [106.1129, -5.93711], [106.11226, -5.93735], [106.11207, -5.94025], [106.10927, -5.94021], [106.10951, -5.94141], [106.1091, -5.94236], [106.10837, -5.94214], [106.10794, -5.94371], [106.10432, -5.94425], [106.10612, -5.94433], [106.10562, -5.94447], [106.10635, -5.94493], [106.10629, -5.94596], [106.1074, -5.94686], [106.10553, -5.94675], [106.10538, -5.94828], [106.10686, -5.94884], [106.10569, -5.94912], [106.10633, -5.9495], [106.10633, -5.95044], [106.10312, -5.95085], [106.10144, -5.9503], [106.10117, -5.95144], [106.09991, -5.95157], [106.09933, -5.95286], [106.09892, -5.95163], [106.09585, -5.95213], [106.08193, -5.95091], [106.07753, -5.95014], [106.07596, -5.94752], [106.0742, -5.9463]]], [[[106.15169, -5.91962], [106.16095, -5.92187], [106.16509, -5.9268], [106.16918, -5.93497], [106.1668, -5.93713], [106.16463, -5.93638], [106.16459, -5.93749], [106.16268, -5.93798], [106.16136, -5.94073], [106.1604, -5.94078], [106.15808, -5.94234], [106.15755, -5.94344], [106.15697, -5.94328], [106.15646, -5.9444], [106.15711, -5.94488], [106.15635, -5.9444], [106.15391, -5.94483], [106.15298, -5.94409], [106.15269, -5.94467], [106.14262, -5.9404], [106.14146, -5.93918], [106.14052, -5.93631], [106.13967, -5.93595], [106.14016, -5.93585], [106.13972, -5.93515], [106.14051, -5.93344], [106.13905, -5.92778], [106.13917, -5.92179], [106.14108, -5.92071], [106.14671, -5.91967], [106.15169, -5.91962]]]]}}, {"type": "Feature", "properties": {"domain_id": "360405", "name": "KRAMATWATU"}, "geometry": {"type": "Polygon", "coordinates": [[[106.11341, -6.08466], [106.11007, -6.08575], [106.10959, -6.0879], [106.10822, -6.08794], [106.10593, -6.08944], [106.104, -6.09268], [106.10305, -6.09178], [106.10236, -6.09231], [106.10192, -6.09161], [106.09911, -6.09275], [106.09695, -6.09463], [106.09617, -6.09343], [106.09505, -6.09363], [106.0956, -6.09095], [106.09494, -6.09086], [106.09512, -6.09005], [106.09449, -6.08966], [106.0956, -6.08553], [106.09573, -6.07917], [106.09408, -6.07684], [106.09222, -6.07736], [106.09215, -6.07793], [106.08892, -6.07637], [106.08894, -6.07564], [106.0915, -6.07349], [106.09316, -6.07335], [106.09454, -6.07201], [106.09606, -6.07208], [106.09898, -6.06901], [106.10009, -6.06415], [106.10132, -6.06178], [106.10028, -6.0588], [106.10109, -6.05765], [106.10002, -6.0571], [106.09767, -6.05814], [106.09824, -6.05532], [106.09534, -6.05349], [106.09184, -6.04914], [106.08944, -6.0499], [106.09086, -6.04597], [106.08941, -6.04442], [106.08789, -6.0439], [106.08355, -6.04507], [106.08287, -6.04806], [106.08096, -6.04824], [106.07983, -6.04983], [106.08049, -6.05082], [106.07836, -6.05258], [106.07841, -6.05434], [106.07733, -6.05627], [106.07373, -6.05557], [106.07197, -6.05386], [106.06887, -6.05277], [106.06893, -6.05192], [106.06781, -6.05158], [106.06828, -6.05057], [106.06753, -6.04895], [106.06568, -6.0495], [106.06569, -6.04898], [106.06473, -6.049], [106.06445, -6.04966], [106.06227, -6.04897], [106.06404, -6.04649], [106.06511, -6.04681], [106.06562, -6.04628], [106.06536, -6.04503], [106.06866, -6.04315], [106.07176, -6.03978], [106.07552, -6.03864], [106.076, -6.04006], [106.07789, -6.04044], [106.08096, -6.03696], [106.08246, -6.03775], [106.08444, -6.03526], [106.08507, -6.03561], [106.08552, -6.02215], [106.08817, -6.00721], [106.08853, -5.99368], [106.09542, -5.99049], [106.10121, -5.98697], [106.10268, -5.98726], [106.10314, -5.98839], [106.1025, -5.98779], [106.10198, -5.98826], [106.10108, -5.98719], [106.09999, -5.98821], [106.10064, -5.98861], [106.10121, -5.98815], [106.10087, -5.98766], [106.10092, -5.9876], [106.10196, -5.98903], [106.10239, -5.98876], [106.10238, -5.98966], [106.10333, -5.98973], [106.10295, -5.99], [106.10356, -5.99121], [106.10542, -5.99373], [106.10596, -5.99359], [106.10585, -5.99449], [106.10741, -5.99453], [106.10599, -5.99454], [106.10557, -5.99528], [106.11079, -5.99542], [106.12293, -5.98554], [106.11946, -5.98862], [106.12138, -5.99141], [106.11245, -5.99771], [106.11463, -6.00079], [106.11297, -6.00226], [106.11636, -6.00508], [106.11588, -6.00576], [106.11694, -6.00722], [106.12102, -6.01068], [106.12301, -6.01039], [106.12606, -6.01161], [106.12747, -6.01151], [106.13057, -6.01305], [106.1428, -6.017], [106.14834, -6.02033], [106.14781, -6.02249], [106.14804, -6.02647], [106.14657, -6.03006], [106.14729, -6.03025], [106.14713, -6.03102], [106.14889, -6.0339], [106.14952, -6.03392], [106.1493, -6.03772], [106.14776, -6.04381], [106.14811, -6.04635], [106.14899, -6.04731], [106.14471, -6.05246], [106.1443, -6.05556], [106.14316, -6.0554], [106.14271, -6.05767], [106.14733, -6.06656], [106.14894, -6.06713], [106.1472, -6.06852], [106.14595, -6.06788], [106.14506, -6.06861], [106.14022, -6.06641], [106.14002, -6.06847], [106.13629, -6.07181], [106.13495, -6.07387], [106.13286, -6.07531], [106.13223, -6.07661], [106.13114, -6.07694], [106.12997, -6.0762], [106.12896, -6.07718], [106.12743, -6.0766], [106.12576, -6.07912], [106.12435, -6.07841], [106.12347, -6.07934], [106.12221, -6.07881], [106.12183, -6.08147], [106.12065, -6.08153], [106.11981, -6.0832], [106.11862, -6.08317], [106.11787, -6.0822], [106.11767, -6.083], [106.11619, -6.08288], [106.1154, -6.08462], [106.11341, -6.08466]]]}}, {"type": "Feature", "properties": {"domain_id": "360226", "name": "CIHARA"}, "geometry": {"type": "Polygon", "coordinates": [[[106.06713, -6.84287], [106.06709, -6.84303], [106.06722, -6.84326], [106.06527, -6.8419], [106.06476, -6.84074], [106.06537, -6.84094], [106.06561, -6.83997], [106.06465, -6.83855], [106.06498, -6.83803], [106.06388, -6.83712], [106.06405, -6.83631], [106.06305, -6.83634], [106.05996, -6.83326], [106.05289, -6.83093], [106.04359, -6.82634], [106.04722, -6.82671], [106.05062, -6.82801], [106.05105, -6.82751], [106.05297, -6.82863], [106.05422, -6.82805], [106.05357, -6.82503], [106.05211, -6.82337], [106.05227, -6.82094], [106.05741, -6.80797], [106.05951, -6.80778], [106.06122, -6.80585], [106.05962, -6.8023], [106.06002, -6.80014], [106.05921, -6.79906], [106.06, -6.79765], [106.06173, -6.79784], [106.06352, -6.79667], [106.06581, -6.79673], [106.06781, -6.79592], [106.06927, -6.79652], [106.06958, -6.79726], [106.07126, -6.79697], [106.07158, -6.79502], [106.06979, -6.79354], [106.06938, -6.7924], [106.07018, -6.79232], [106.07062, -6.7909], [106.07339, -6.79099], [106.07573, -6.78922], [106.07499, -6.7863], [106.07585, -6.78484], [106.07547, -6.78223], [106.07639, -6.78186], [106.07783, -6.78371], [106.07891, -6.78355], [106.07843, -6.78222], [106.07881, -6.7814], [106.078, -6.78017], [106.08048, -6.7783], [106.08163, -6.77651], [106.08329, -6.77638], [106.08394, -6.77536], [106.08367, -6.77381], [106.08534, -6.77321], [106.08557, -6.77104], [106.08684, -6.76995], [106.08759, -6.77156], [106.0884, -6.76891], [106.08947, -6.7682], [106.09067, -6.7687], [106.09092, -6.76803], [106.09251, -6.76763], [106.09342, -6.76501], [106.09308, -6.76427], [106.09378, -6.76368], [106.09273, -6.76212], [106.09275, -6.76082], [106.09715, -6.76148], [106.09801, -6.7607], [106.09897, -6.76128], [106.09969, -6.75893], [106.10124, -6.7619], [106.1039, -6.76361], [106.10537, -6.76604], [106.10447, -6.77063], [106.10491, -6.77285], [106.10741, -6.77373], [106.10953, -6.77551], [106.1091, -6.7738], [106.11361, -6.77195], [106.1172, -6.77567], [106.11857, -6.77617], [106.11878, -6.77775], [106.12038, -6.77775], [106.12704, -6.78147], [106.12905, -6.78176], [106.13015, -6.78295], [106.13088, -6.78273], [106.13126, -6.78358], [106.13231, -6.78304], [106.13303, -6.7835], [106.13264, -6.78239], [106.13472, -6.78123], [106.13557, -6.78183], [106.13747, -6.7814], [106.13837, -6.78238], [106.13869, -6.78522], [106.13702, -6.78567], [106.13579, -6.78863], [106.13859, -6.79157], [106.13882, -6.79376], [106.14039, -6.79575], [106.14181, -6.79962], [106.14222, -6.80206], [106.14149, -6.80557], [106.14183, -6.80701], [106.14123, -6.80898], [106.13934, -6.81113], [106.13929, -6.81222], [106.14167, -6.8157], [106.14611, -6.81822], [106.14932, -6.81844], [106.15113, -6.8179], [106.15462, -6.82002], [106.15954, -6.82048], [106.16294, -6.81862], [106.16566, -6.81825], [106.16551, -6.81655], [106.16429, -6.81629], [106.16427, -6.81518], [106.16554, -6.81427], [106.16628, -6.81599], [106.16721, -6.81616], [106.16831, -6.81457], [106.16819, -6.81257], [106.17025, -6.81252], [106.17165, -6.8108], [106.17763, -6.81664], [106.18419, -6.8198], [106.19416, -6.82327], [106.20139, -6.8234], [106.20005, -6.82558], [106.19862, -6.82614], [106.19656, -6.82873], [106.19729, -6.82917], [106.19726, -6.83062], [106.1964, -6.83184], [106.19465, -6.8307], [106.1909, -6.83302], [106.18969, -6.83317], [106.18908, -6.8345], [106.18734, -6.83553], [106.18633, -6.83522], [106.18484, -6.8365], [106.18271, -6.83594], [106.18254, -6.8377], [106.1792, -6.83897], [106.17948, -6.84068], [106.17872, -6.84199], [106.17858, -6.84641], [106.17684, -6.84835], [106.176, -6.84822], [106.17414, -6.85105], [106.17479, -6.85274], [106.17437, -6.85443], [106.17501, -6.8545], [106.17425, -6.8556], [106.17415, -6.85738], [106.1734, -6.85757], [106.17368, -6.85949], [106.17297, -6.85936], [106.17254, -6.86002], [106.1708, -6.85977], [106.17069, -6.86224], [106.16818, -6.86222], [106.16833, -6.86293], [106.16678, -6.86497], [106.16774, -6.86556], [106.16981, -6.86478], [106.16844, -6.86655], [106.17152, -6.86763], [106.17042, -6.86821], [106.17092, -6.86915], [106.16986, -6.87154], [106.17108, -6.87379], [106.16972, -6.87493], [106.17017, -6.87569], [106.16731, -6.87756], [106.16793, -6.88107], [106.16941, -6.88303], [106.16888, -6.88542], [106.16994, -6.88571], [106.17069, -6.88439], [106.17341, -6.88695], [106.17219, -6.88911], [106.17305, -6.88954], [106.1733, -6.891], [106.17488, -6.89096], [106.17307, -6.89206], [106.17268, -6.89308], [106.17098, -6.89341], [106.172, -6.89551], [106.17102, -6.89587], [106.1719, -6.89809], [106.17083, -6.89802], [106.17004, -6.90005], [106.17075, -6.90093], [106.16968, -6.90363], [106.17053, -6.90496], [106.17177, -6.90442], [106.17274, -6.90587], [106.1716, -6.90837], [106.16979, -6.90809], [106.16848, -6.90863], [106.16686, -6.90835], [106.16679, -6.9077], [106.16519, -6.90857], [106.1552, -6.90276], [106.15165, -6.90241], [106.14898, -6.90318], [106.14954, -6.90244], [106.1484, -6.9029], [106.14733, -6.9016], [106.14488, -6.9003], [106.14022, -6.89921], [106.13981, -6.89721], [106.13633, -6.89502], [106.13591, -6.89319], [106.13544, -6.89377], [106.13353, -6.89357], [106.13006, -6.89114], [106.12679, -6.89048], [106.1254, -6.88912], [106.12498, -6.8895], [106.12077, -6.88808], [106.11919, -6.88819], [106.11711, -6.88599], [106.11567, -6.88563], [106.11522, -6.8865], [106.11401, -6.88671], [106.11302, -6.88607], [106.11259, -6.88455], [106.1107, -6.8835], [106.10853, -6.8827], [106.10609, -6.88292], [106.10551, -6.8802], [106.10311, -6.87978], [106.10303, -6.87797], [106.1022, -6.87845], [106.09951, -6.87671], [106.09493, -6.87597], [106.09367, -6.87253], [106.09191, -6.87052], [106.0917, -6.86892], [106.09058, -6.86912], [106.08951, -6.86726], [106.0893, -6.86592], [106.0878, -6.86385], [106.08745, -6.86162], [106.08584, -6.86115], [106.08575, -6.85984], [106.0851, -6.85967], [106.08587, -6.8586], [106.0827, -6.85848], [106.08185, -6.85782], [106.08216, -6.85702], [106.08139, -6.85717], [106.08063, -6.85611], [106.07908, -6.85584], [106.07938, -6.85532], [106.078, -6.85311], [106.07699, -6.8532], [106.0749, -6.8519], [106.07307, -6.84877], [106.07047, -6.84709], [106.0692, -6.84469], [106.06802, -6.84445], [106.06713, -6.84287]]]}}, {"type": "Feature", "properties": {"domain_id": "360219", "name": "CIBEBER"}, "geometry": {"type": "Polygon", "coordinates": [[[106.33315, -6.86697], [106.33095, -6.87009], [106.3299, -6.86934], [106.32667, -6.86948], [106.32599, -6.87193], [106.32421, -6.87287], [106.32408, -6.87429], [106.3216, -6.87615], [106.31929, -6.8758], [106.31707, -6.8773], [106.31544, -6.87736], [106.31359, -6.87836], [106.31366, -6.88015], [106.31169, -6.88055], [106.31107, -6.8813], [106.30934, -6.88132], [106.30987, -6.88522], [106.30852, -6.88679], [106.30842, -6.88839], [106.30739, -6.88874], [106.30459, -6.89225], [106.3013, -6.89114], [106.3017, -6.88974], [106.30019, -6.88844], [106.30125, -6.88614], [106.30034, -6.88477], [106.30052, -6.88352], [106.29893, -6.87761], [106.29986, -6.8762], [106.29911, -6.8759], [106.3002, -6.87263], [106.29968, -6.86757], [106.3008, -6.86694], [106.301, -6.86589], [106.29963, -6.86509], [106.29345, -6.86419], [106.29252, -6.86083], [106.29291, -6.85993], [106.29369, -6.86014], [106.29404, -6.85918], [106.29493, -6.85899], [106.29238, -6.85802], [106.29215, -6.85703], [106.29153, -6.85709], [106.29123, -6.85624], [106.28863, -6.85495], [106.28775, -6.85385], [106.28466, -6.85298], [106.28387, -6.85135], [106.28493, -6.85088], [106.28502, -6.85015], [106.28361, -6.84754], [106.28126, -6.84788], [106.28027, -6.84906], [106.27939, -6.85108], [106.27875, -6.85642], [106.27697, -6.85647], [106.27652, -6.85481], [106.27416, -6.85447], [106.27402, -6.84867], [106.27326, -6.84603], [106.27374, -6.84269], [106.27524, -6.84038], [106.27485, -6.83909], [106.27559, -6.83608], [106.27728, -6.83365], [106.27671, -6.83061], [106.27878, -6.82955], [106.27973, -6.82633], [106.28124, -6.8252], [106.28154, -6.82362], [106.28398, -6.82447], [106.28572, -6.82259], [106.28598, -6.82094], [106.2872, -6.82055], [106.28692, -6.81878], [106.28749, -6.81724], [106.28811, -6.81674], [106.28901, -6.81707], [106.28961, -6.81485], [106.29037, -6.81424], [106.29053, -6.81226], [106.29239, -6.81106], [106.29217, -6.80853], [106.2935, -6.8072], [106.29208, -6.80453], [106.29298, -6.80399], [106.29443, -6.80444], [106.29585, -6.80183], [106.29687, -6.80201], [106.297, -6.80044], [106.29757, -6.80048], [106.29726, -6.79933], [106.29635, -6.79819], [106.29318, -6.79648], [106.29981, -6.79162], [106.30047, -6.78918], [106.30424, -6.78922], [106.30413, -6.78179], [106.30473, -6.7802], [106.30221, -6.77694], [106.30503, -6.77451], [106.30531, -6.77299], [106.30406, -6.77075], [106.30276, -6.77035], [106.3027, -6.76691], [106.30032, -6.76216], [106.29918, -6.76126], [106.29876, -6.76318], [106.29611, -6.76478], [106.29392, -6.76494], [106.29309, -6.76565], [106.2918, -6.76331], [106.29127, -6.76372], [106.28939, -6.76327], [106.2886, -6.764], [106.28758, -6.7635], [106.287, -6.76452], [106.28321, -6.76681], [106.28072, -6.76526], [106.2757, -6.76654], [106.27028, -6.77021], [106.26917, -6.76888], [106.26618, -6.7676], [106.26503, -6.76599], [106.26278, -6.76572], [106.26038, -6.76973], [106.26034, -6.77198], [106.26093, -6.77213], [106.26035, -6.77326], [106.25916, -6.77033], [106.25653, -6.76864], [106.25573, -6.76602], [106.25442, -6.76424], [106.25249, -6.76401], [106.25767, -6.74476], [106.26222, -6.73242], [106.26114, -6.73188], [106.2629, -6.73154], [106.26323, -6.73092], [106.26166, -6.72891], [106.25913, -6.71889], [106.26173, -6.71746], [106.26195, -6.71593], [106.26322, -6.71638], [106.2625, -6.71424], [106.26333, -6.71262], [106.26296, -6.71122], [106.26422, -6.70981], [106.26407, -6.70857], [106.26554, -6.70815], [106.2664, -6.70649], [106.26696, -6.70656], [106.26828, -6.70498], [106.26991, -6.7051], [106.27009, -6.70328], [106.27082, -6.70351], [106.27142, -6.70262], [106.27064, -6.70079], [106.2711, -6.69941], [106.26984, -6.69826], [106.27035, -6.69664], [106.26839, -6.69349], [106.26887, -6.68867], [106.26789, -6.68736], [106.26902, -6.68571], [106.26831, -6.68324], [106.26901, -6.68043], [106.27592, -6.68032], [106.28488, -6.6853], [106.28739, -6.68768], [106.29215, -6.68968], [106.29346, -6.68822], [106.29482, -6.68784], [106.29585, -6.68845], [106.2974, -6.68687], [106.29953, -6.68781], [106.29908, -6.68694], [106.30039, -6.6853], [106.29785, -6.68259], [106.29744, -6.68067], [106.29809, -6.6794], [106.30014, -6.67919], [106.30184, -6.67997], [106.30231, -6.68418], [106.30385, -6.68557], [106.30506, -6.68526], [106.30692, -6.68604], [106.31082, -6.6832], [106.31244, -6.68292], [106.31356, -6.68518], [106.31613, -6.68744], [106.32144, -6.68692], [106.32652, -6.68394], [106.32978, -6.6835], [106.33097, -6.68207], [106.3344, -6.68014], [106.33933, -6.68008], [106.33991, -6.67922], [106.33889, -6.67787], [106.34065, -6.67832], [106.34134, -6.67708], [106.34686, -6.67805], [106.34967, -6.6778], [106.35773, -6.67379], [106.36254, -6.67469], [106.37022, -6.67819], [106.38764, -6.68954], [106.39605, -6.69255], [106.40123, -6.69785], [106.40314, -6.69814], [106.40991, -6.69732], [106.41415, -6.70303], [106.41865, -6.70652], [106.42129, -6.70948], [106.42232, -6.7217], [106.4232, -6.72574], [106.42813, -6.72799], [106.43439, -6.72952], [106.45147, -6.7283], [106.45373, -6.73052], [106.4634, -6.7369], [106.46595, -6.7441], [106.46599, -6.75008], [106.46678, -6.75101], [106.47588, -6.75216], [106.49796, -6.75202], [106.50678, -6.75547], [106.51362, -6.7592], [106.52014, -6.76169], [106.52471, -6.76238], [106.52617, -6.76784], [106.52559, -6.76853], [106.5216, -6.77096], [106.51789, -6.77434], [106.51599, -6.77708], [106.50949, -6.78088], [106.50746, -6.7812], [106.50586, -6.78379], [106.50028, -6.78789], [106.50004, -6.78916], [106.49765, -6.79117], [106.49643, -6.79163], [106.49522, -6.79112], [106.4944, -6.79185], [106.49393, -6.79115], [106.49231, -6.79206], [106.49139, -6.79144], [106.48864, -6.79241], [106.48921, -6.79373], [106.48884, -6.79509], [106.48684, -6.79614], [106.48584, -6.79455], [106.48261, -6.79577], [106.48172, -6.79458], [106.47924, -6.79511], [106.47746, -6.79681], [106.47627, -6.79633], [106.4742, -6.79748], [106.47321, -6.79739], [106.47361, -6.79911], [106.47304, -6.79965], [106.47127, -6.79834], [106.47042, -6.80064], [106.46804, -6.80003], [106.46722, -6.8017], [106.46511, -6.80146], [106.46396, -6.80291], [106.46197, -6.80173], [106.45756, -6.80358], [106.45572, -6.80485], [106.45572, -6.806], [106.45402, -6.80899], [106.45235, -6.80938], [106.45312, -6.81291], [106.45209, -6.81471], [106.44902, -6.81647], [106.44738, -6.81839], [106.44317, -6.81776], [106.44165, -6.81579], [106.44017, -6.8175], [106.44042, -6.81888], [106.43916, -6.81923], [106.43819, -6.81849], [106.43609, -6.81978], [106.43703, -6.82263], [106.4356, -6.82421], [106.43557, -6.82509], [106.4377, -6.82787], [106.43677, -6.82858], [106.43485, -6.83246], [106.4347, -6.83646], [106.43528, -6.83892], [106.4323, -6.84332], [106.43223, -6.84534], [106.43122, -6.84601], [106.43202, -6.8493], [106.42982, -6.85554], [106.43217, -6.85795], [106.43099, -6.85926], [106.43108, -6.8621], [106.42848, -6.86496], [106.42476, -6.86563], [106.42304, -6.86391], [106.41977, -6.86282], [106.41871, -6.86023], [106.41733, -6.86013], [106.41562, -6.85863], [106.4149, -6.85699], [106.41518, -6.85513], [106.41318, -6.85213], [106.40901, -6.85293], [106.40541, -6.85529], [106.40296, -6.85566], [106.40283, -6.85428], [106.40185, -6.85328], [106.40333, -6.85097], [106.40305, -6.84943], [106.40422, -6.84825], [106.3966, -6.84551], [106.39406, -6.84384], [106.39284, -6.84757], [106.39094, -6.85043], [106.3846, -6.857], [106.38301, -6.8612], [106.38205, -6.86128], [106.38232, -6.86296], [106.38041, -6.86351], [106.38093, -6.86496], [106.37912, -6.86537], [106.37769, -6.86775], [106.37595, -6.86898], [106.37645, -6.87033], [106.37532, -6.87035], [106.37487, -6.87272], [106.37261, -6.87215], [106.37166, -6.87304], [106.37042, -6.873], [106.36712, -6.87508], [106.36766, -6.87546], [106.36713, -6.87595], [106.36483, -6.87467], [106.36398, -6.8754], [106.36308, -6.87488], [106.36211, -6.87623], [106.36112, -6.87451], [106.35873, -6.87295], [106.35766, -6.8695], [106.35663, -6.8692], [106.35648, -6.86824], [106.35519, -6.86748], [106.35528, -6.86651], [106.35393, -6.86614], [106.35322, -6.86427], [106.35089, -6.86318], [106.34982, -6.86464], [106.34807, -6.86481], [106.34491, -6.86365], [106.34029, -6.86398], [106.33951, -6.86553], [106.33679, -6.86586], [106.33578, -6.86807], [106.33315, -6.86697]]]}}, {"type": "Feature", "properties": {"domain_id": "360202", "name": "PANGGARANGAN"}, "geometry": {"type": "Polygon", "coordinates": [[[106.21408, -6.91938], [106.20161, -6.91394], [106.18491, -6.90952], [106.18803, -6.90955], [106.19666, -6.91216], [106.19756, -6.91196], [106.19764, -6.91086], [106.19673, -6.90986], [106.19602, -6.90947], [106.19628, -6.90972], [106.19476, -6.90919], [106.1946, -6.90937], [106.19607, -6.90987], [106.19662, -6.9114], [106.19126, -6.90956], [106.18928, -6.90961], [106.18858, -6.90699], [106.18784, -6.90884], [106.18704, -6.90921], [106.18377, -6.90831], [106.18211, -6.90935], [106.17608, -6.90945], [106.17275, -6.9104], [106.17199, -6.90887], [106.17274, -6.90587], [106.17177, -6.90442], [106.17081, -6.90504], [106.16981, -6.90416], [106.17077, -6.90083], [106.17004, -6.90005], [106.17087, -6.89795], [106.17191, -6.89801], [106.17102, -6.89587], [106.172, -6.89551], [106.17101, -6.89331], [106.17268, -6.89308], [106.17307, -6.89206], [106.17488, -6.89096], [106.1733, -6.891], [106.17305, -6.88954], [106.17219, -6.88911], [106.17341, -6.88695], [106.17069, -6.88439], [106.16994, -6.88571], [106.16888, -6.88542], [106.16941, -6.88303], [106.16793, -6.88107], [106.16731, -6.87756], [106.17017, -6.87569], [106.16972, -6.87493], [106.17108, -6.87379], [106.16986, -6.87154], [106.17092, -6.86915], [106.17042, -6.86821], [106.17152, -6.86763], [106.16844, -6.86655], [106.16981, -6.86478], [106.16774, -6.86556], [106.16678, -6.86497], [106.16833, -6.86293], [106.16818, -6.86222], [106.17069, -6.86224], [106.1708, -6.85977], [106.17254, -6.86002], [106.17297, -6.85936], [106.17368, -6.85949], [106.1734, -6.85757], [106.17415, -6.85738], [106.17425, -6.8556], [106.17501, -6.8545], [106.17437, -6.85443], [106.17479, -6.85274], [106.17414, -6.85105], [106.176, -6.84822], [106.17684, -6.84835], [106.17858, -6.84641], [106.17872, -6.84199], [106.17948, -6.84068], [106.1792, -6.83897], [106.18254, -6.8377], [106.18271, -6.83594], [106.18484, -6.8365], [106.18633, -6.83522], [106.18734, -6.83553], [106.18908, -6.8345], [106.18969, -6.83317], [106.1909, -6.83302], [106.19465, -6.8307], [106.1964, -6.83184], [106.19726, -6.83062], [106.19729, -6.82917], [106.19656, -6.82873], [106.19862, -6.82614], [106.20005, -6.82558], [106.20139, -6.8234], [106.19416, -6.82327], [106.18419, -6.8198], [106.17763, -6.81664], [106.17165, -6.8108], [106.1711, -6.80913], [106.17239, -6.80694], [106.17152, -6.8033], [106.17232, -6.80248], [106.17438, -6.80271], [106.17714, -6.795], [106.17835, -6.79511], [106.17958, -6.79431], [106.18071, -6.79488], [106.18159, -6.79451], [106.18074, -6.7915], [106.18157, -6.78875], [106.1827, -6.78873], [106.18392, -6.7871], [106.18335, -6.78347], [106.1848, -6.78332], [106.18546, -6.78138], [106.18686, -6.78201], [106.18933, -6.77818], [106.19263, -6.77919], [106.19366, -6.77856], [106.19443, -6.77683], [106.19663, -6.77596], [106.19891, -6.77693], [106.19977, -6.77666], [106.20066, -6.77441], [106.20184, -6.77324], [106.20159, -6.77232], [106.2024, -6.771], [106.20406, -6.77075], [106.20412, -6.76978], [106.20639, -6.76697], [106.20622, -6.76609], [106.20827, -6.76347], [106.20758, -6.76149], [106.20804, -6.75833], [106.20544, -6.75593], [106.20459, -6.75331], [106.20465, -6.75154], [106.20812, -6.75101], [106.20815, -6.74921], [106.2091, -6.74722], [106.20809, -6.74518], [106.20981, -6.74506], [106.21136, -6.74364], [106.21187, -6.74552], [106.21111, -6.74641], [106.21189, -6.74704], [106.21424, -6.74571], [106.21584, -6.74725], [106.21952, -6.7476], [106.2221, -6.74293], [106.22571, -6.74134], [106.22578, -6.73981], [106.22409, -6.73873], [106.22495, -6.73749], [106.22904, -6.7375], [106.22998, -6.73904], [106.22979, -6.74018], [106.23051, -6.7407], [106.23111, -6.73934], [106.23275, -6.73817], [106.2329, -6.73691], [106.23519, -6.73753], [106.23741, -6.73722], [106.23911, -6.73791], [106.23945, -6.73565], [106.24125, -6.73551], [106.24199, -6.73321], [106.2431, -6.73404], [106.24364, -6.73364], [106.24343, -6.7325], [106.24467, -6.73267], [106.24483, -6.73157], [106.24417, -6.73097], [106.24457, -6.72967], [106.24638, -6.73001], [106.24719, -6.72893], [106.24982, -6.72878], [106.2498, -6.73049], [106.25191, -6.73208], [106.25486, -6.73075], [106.25988, -6.73322], [106.26192, -6.73281], [106.25767, -6.74476], [106.25248, -6.76396], [106.25442, -6.76424], [106.25573, -6.76602], [106.25653, -6.76864], [106.25916, -6.77033], [106.26035, -6.77326], [106.26093, -6.77213], [106.26034, -6.77198], [106.26038, -6.76973], [106.26278, -6.76572], [106.26503, -6.76599], [106.26618, -6.7676], [106.26917, -6.76888], [106.27028, -6.77021], [106.2757, -6.76654], [106.28072, -6.76526], [106.28321, -6.76681], [106.287, -6.76452], [106.28758, -6.7635], [106.2886, -6.764], [106.28939, -6.76327], [106.29127, -6.76372], [106.2918, -6.76331], [106.29309, -6.76565], [106.29392, -6.76494], [106.29611, -6.76478], [106.29876, -6.76318], [106.29918, -6.76126], [106.30032, -6.76216], [106.3027, -6.76691], [106.30276, -6.77035], [106.30406, -6.77075], [106.30531, -6.77299], [106.30503, -6.77451], [106.30221, -6.77694], [106.30473, -6.7802], [106.30413, -6.78179], [106.30428, -6.78908], [106.30038, -6.78925], [106.29975, -6.79168], [106.29315, -6.7965], [106.2888, -6.80198], [106.28655, -6.80216], [106.28497, -6.80466], [106.28218, -6.80482], [106.28059, -6.80323], [106.27665, -6.80767], [106.2756, -6.81038], [106.2761, -6.81083], [106.27565, -6.81221], [106.27614, -6.81433], [106.27382, -6.81463], [106.27287, -6.81536], [106.2718, -6.82121], [106.27208, -6.8234], [106.26621, -6.82846], [106.26499, -6.82854], [106.265, -6.83256], [106.26339, -6.83554], [106.26515, -6.83821], [106.26298, -6.84043], [106.26375, -6.84313], [106.26189, -6.84346], [106.25999, -6.84497], [106.25873, -6.85125], [106.26045, -6.85758], [106.25986, -6.86], [106.26075, -6.86902], [106.2603, -6.87252], [106.25604, -6.87908], [106.25453, -6.88035], [106.25347, -6.88477], [106.25192, -6.88469], [106.25084, -6.88544], [106.24999, -6.88463], [106.24927, -6.88506], [106.2494, -6.88645], [106.24612, -6.88884], [106.24391, -6.89366], [106.24383, -6.89635], [106.2418, -6.89855], [106.24178, -6.90101], [106.24003, -6.90323], [106.23927, -6.90543], [106.23903, -6.90764], [106.23991, -6.90961], [106.23801, -6.91198], [106.23808, -6.91493], [106.23436, -6.9189], [106.23254, -6.91917], [106.23199, -6.91998], [106.22796, -6.91984], [106.22764, -6.92324], [106.22952, -6.92656], [106.22828, -6.92645], [106.21408, -6.91938]]]}}, {"type": "Feature", "properties": {"domain_id": "360210", "name": "CILELES"}, "geometry": {"type": "Polygon", "coordinates": [[[106.03508, -6.53316], [106.03444, -6.53431], [106.03067, -6.53387], [106.03148, -6.52797], [106.02845, -6.52911], [106.02828, -6.5301], [106.02582, -6.52887], [106.02218, -6.52849], [106.02151, -6.52915], [106.02168, -6.5301], [106.02038, -6.53048], [106.0181, -6.5294], [106.01387, -6.52886], [106.00916, -6.53067], [106.00155, -6.52753], [105.99993, -6.52717], [105.99893, -6.52829], [105.99758, -6.52657], [105.99813, -6.5253], [105.99714, -6.52415], [105.9975, -6.52231], [105.99606, -6.52022], [105.99408, -6.51941], [105.99514, -6.51928], [105.99537, -6.51771], [105.99646, -6.51688], [105.99834, -6.51595], [105.99996, -6.51599], [106.0033, -6.51411], [106.00321, -6.51271], [106.00552, -6.51079], [106.00452, -6.5082], [106.00586, -6.50468], [106.00694, -6.50546], [106.00825, -6.50462], [106.00883, -6.50521], [106.01041, -6.50471], [106.01122, -6.5053], [106.01197, -6.50437], [106.01522, -6.50381], [106.01726, -6.50179], [106.01778, -6.50228], [106.01947, -6.50005], [106.02188, -6.4999], [106.02383, -6.50147], [106.02683, -6.49867], [106.02707, -6.50009], [106.03119, -6.50228], [106.03386, -6.50542], [106.03722, -6.50569], [106.04167, -6.50297], [106.0436, -6.50248], [106.04469, -6.50046], [106.0445, -6.49461], [106.0426, -6.49438], [106.04222, -6.49332], [106.04129, -6.49325], [106.04127, -6.49245], [106.04058, -6.49271], [106.03881, -6.49167], [106.03999, -6.48864], [106.04136, -6.4875], [106.04241, -6.48779], [106.04617, -6.4833], [106.0447, -6.47708], [106.04632, -6.47491], [106.04393, -6.46884], [106.04537, -6.46589], [106.04684, -6.46563], [106.04739, -6.46342], [106.04578, -6.46232], [106.0458, -6.46378], [106.04415, -6.46401], [106.04352, -6.4647], [106.04267, -6.46734], [106.04039, -6.46793], [106.0386, -6.46709], [106.0386, -6.46875], [106.03732, -6.46909], [106.03615, -6.46752], [106.03363, -6.46816], [106.03192, -6.4675], [106.03018, -6.46776], [106.02947, -6.46628], [106.03085, -6.46409], [106.03076, -6.46149], [106.03198, -6.4603], [106.03239, -6.45835], [106.03222, -6.45621], [106.02916, -6.45677], [106.03082, -6.45344], [106.02966, -6.45415], [106.02873, -6.45655], [106.02042, -6.45573], [106.01789, -6.45047], [106.02157, -6.44803], [106.02365, -6.44523], [106.02266, -6.44375], [106.02146, -6.43901], [106.02162, -6.43595], [106.02242, -6.43245], [106.0247, -6.4285], [106.03635, -6.42839], [106.0379, -6.42414], [106.04048, -6.42095], [106.04075, -6.41669], [106.04285, -6.41134], [106.04572, -6.41183], [106.04708, -6.41289], [106.05001, -6.41202], [106.05276, -6.4137], [106.05573, -6.41442], [106.05606, -6.40982], [106.05544, -6.40667], [106.05716, -6.40642], [106.05847, -6.405], [106.05992, -6.40563], [106.06348, -6.40505], [106.06399, -6.40651], [106.06551, -6.40694], [106.06521, -6.4081], [106.06596, -6.40868], [106.06839, -6.40848], [106.06977, -6.40904], [106.07156, -6.41178], [106.07234, -6.41186], [106.07279, -6.41072], [106.07328, -6.41175], [106.07594, -6.41186], [106.07655, -6.41134], [106.07738, -6.412], [106.07835, -6.41143], [106.08002, -6.41296], [106.07935, -6.41398], [106.0815, -6.41476], [106.08196, -6.41371], [106.0826, -6.41547], [106.08441, -6.41613], [106.08608, -6.42003], [106.08817, -6.42138], [106.08982, -6.42362], [106.09366, -6.42453], [106.09892, -6.42448], [106.10113, -6.42602], [106.10133, -6.42405], [106.10162, -6.42326], [106.10188, -6.42294], [106.10105, -6.42651], [106.10485, -6.42881], [106.10411, -6.43148], [106.10518, -6.43263], [106.1051, -6.43367], [106.10641, -6.43412], [106.10582, -6.43471], [106.10626, -6.43542], [106.10591, -6.43662], [106.10733, -6.44028], [106.10851, -6.44081], [106.11165, -6.44066], [106.11225, -6.43868], [106.11229, -6.44041], [106.11498, -6.44113], [106.11632, -6.44052], [106.11571, -6.43975], [106.11808, -6.44013], [106.11919, -6.43902], [106.12047, -6.43937], [106.12126, -6.44068], [106.12084, -6.44127], [106.12225, -6.44119], [106.12195, -6.44181], [106.12333, -6.44282], [106.12254, -6.44486], [106.12391, -6.4459], [106.1225, -6.44722], [106.12287, -6.44849], [106.12139, -6.44839], [106.12138, -6.44896], [106.12062, -6.44881], [106.11929, -6.44972], [106.11759, -6.4523], [106.11553, -6.4513], [106.11346, -6.45225], [106.11273, -6.45363], [106.11072, -6.4547], [106.1105, -6.45622], [106.1113, -6.45698], [106.11059, -6.45888], [106.1077, -6.46053], [106.10214, -6.4622], [106.10299, -6.46269], [106.10275, -6.4641], [106.10369, -6.46454], [106.104, -6.46809], [106.10682, -6.46811], [106.10677, -6.46896], [106.10939, -6.46892], [106.11026, -6.46957], [106.11723, -6.46919], [106.12024, -6.47159], [106.12232, -6.47237], [106.12302, -6.47195], [106.12414, -6.47376], [106.12561, -6.47208], [106.12671, -6.47213], [106.12875, -6.47401], [106.1326, -6.47553], [106.13457, -6.47799], [106.13855, -6.4804], [106.14313, -6.48839], [106.14758, -6.49147], [106.14757, -6.49263], [106.14469, -6.49444], [106.14514, -6.49699], [106.14437, -6.49779], [106.14515, -6.49825], [106.14646, -6.5016], [106.14777, -6.50191], [106.14623, -6.50289], [106.14721, -6.50326], [106.14621, -6.50503], [106.14781, -6.50405], [106.14745, -6.50624], [106.14546, -6.50849], [106.14436, -6.50795], [106.1426, -6.50881], [106.14467, -6.50954], [106.14419, -6.51096], [106.14711, -6.51101], [106.14882, -6.51229], [106.14955, -6.51189], [106.15024, -6.51324], [106.14971, -6.51483], [106.15049, -6.51724], [106.14985, -6.51977], [106.1484, -6.52086], [106.14873, -6.52185], [106.14764, -6.52397], [106.14642, -6.5244], [106.14293, -6.52328], [106.14075, -6.52784], [106.14106, -6.52891], [106.13598, -6.53339], [106.13455, -6.53582], [106.1324, -6.53622], [106.13201, -6.53717], [106.13072, -6.53787], [106.13067, -6.53917], [106.13234, -6.53917], [106.13184, -6.54131], [106.13252, -6.54181], [106.13206, -6.54332], [106.13053, -6.54404], [106.1298, -6.54518], [106.13048, -6.54729], [106.12417, -6.55488], [106.11733, -6.56105], [106.11639, -6.56044], [106.1154, -6.56119], [106.11457, -6.56024], [106.10949, -6.56196], [106.10808, -6.56014], [106.10617, -6.56046], [106.10446, -6.55955], [106.10176, -6.55987], [106.10152, -6.55759], [106.10223, -6.55644], [106.10121, -6.5533], [106.10217, -6.55248], [106.10119, -6.55202], [106.10171, -6.55075], [106.09907, -6.54948], [106.09833, -6.5501], [106.09608, -6.54867], [106.09483, -6.54606], [106.09494, -6.54451], [106.0935, -6.54287], [106.0922, -6.54395], [106.09284, -6.54218], [106.09208, -6.54107], [106.09263, -6.53988], [106.09113, -6.54017], [106.08596, -6.53826], [106.07991, -6.53925], [106.07699, -6.53804], [106.07482, -6.53834], [106.07434, -6.53674], [106.07081, -6.53632], [106.07066, -6.53558], [106.069, -6.53447], [106.06674, -6.53713], [106.06764, -6.53921], [106.06544, -6.54219], [106.0655, -6.5451], [106.05683, -6.54511], [106.04924, -6.54709], [106.04793, -6.54596], [106.04794, -6.54475], [106.04663, -6.54287], [106.04678, -6.54182], [106.04586, -6.54103], [106.04476, -6.54151], [106.04316, -6.54009], [106.04317, -6.53677], [106.0411, -6.53712], [106.03962, -6.53518], [106.03841, -6.5356], [106.03651, -6.53445], [106.0363, -6.53329], [106.03508, -6.53316]]]}}, {"type": "Feature", "properties": {"domain_id": "360201", "name": "MALINGPING"}, "geometry": {"type": "Polygon", "coordinates": [[[105.96865, -6.81261], [105.95957, -6.81232], [105.96024, -6.80437], [105.96118, -6.80435], [105.96091, -6.79936], [105.96148, -6.79909], [105.96087, -6.79897], [105.96096, -6.79495], [105.95759, -6.79318], [105.95664, -6.78965], [105.95497, -6.78833], [105.95353, -6.78885], [105.95061, -6.78827], [105.94681, -6.78944], [105.94523, -6.79101], [105.94381, -6.79133], [105.94519, -6.78793], [105.94639, -6.78739], [105.94664, -6.7866], [105.94572, -6.78402], [105.94755, -6.78392], [105.94909, -6.78523], [105.95015, -6.78434], [105.95071, -6.78529], [105.95295, -6.78483], [105.95325, -6.78535], [105.96004, -6.78252], [105.96101, -6.78155], [105.96453, -6.78182], [105.96524, -6.78238], [105.96857, -6.78076], [105.96857, -6.77687], [105.96967, -6.77597], [105.96918, -6.77415], [105.96996, -6.77354], [105.97055, -6.77122], [105.97003, -6.76697], [105.9731, -6.76243], [105.97268, -6.75615], [105.97349, -6.75529], [105.97504, -6.75579], [105.97567, -6.75532], [105.97568, -6.75447], [105.97494, -6.75434], [105.97437, -6.75277], [105.97326, -6.75252], [105.97247, -6.7504], [105.9711, -6.74908], [105.96714, -6.74767], [105.96668, -6.74517], [105.96739, -6.74098], [105.96594, -6.73557], [105.96255, -6.73541], [105.95968, -6.73793], [105.95881, -6.73798], [105.95831, -6.73628], [105.95756, -6.7361], [105.95586, -6.73659], [105.95453, -6.73814], [105.95234, -6.73735], [105.94948, -6.7388], [105.94992, -6.73419], [105.94955, -6.73373], [105.94797, -6.7339], [105.94795, -6.73294], [105.947, -6.73196], [105.94768, -6.72927], [105.94669, -6.72841], [105.94754, -6.72758], [105.94677, -6.72597], [105.94813, -6.72615], [105.94822, -6.72557], [105.95112, -6.7239], [105.95112, -6.72501], [105.9518, -6.72449], [105.95265, -6.72478], [105.95292, -6.7234], [105.95215, -6.72249], [105.95327, -6.72194], [105.95261, -6.72037], [105.95352, -6.72003], [105.95287, -6.71833], [105.95511, -6.71412], [105.9567, -6.71451], [105.95647, -6.71259], [105.95459, -6.70906], [105.95738, -6.708], [105.95673, -6.70666], [105.95753, -6.70564], [105.9577, -6.70335], [105.95854, -6.70344], [105.95867, -6.70267], [105.96019, -6.70173], [105.95852, -6.69972], [105.96095, -6.69044], [105.96241, -6.69336], [105.96316, -6.69345], [105.96412, -6.69238], [105.96616, -6.69229], [105.96809, -6.69451], [105.96804, -6.69526], [105.96918, -6.69494], [105.97008, -6.69361], [105.97317, -6.69368], [105.97386, -6.69464], [105.97384, -6.69608], [105.97529, -6.69731], [105.9749, -6.69908], [105.97548, -6.70213], [105.97602, -6.70244], [105.97778, -6.70291], [105.98451, -6.70083], [105.9851, -6.70125], [105.98722, -6.70076], [105.98848, -6.70258], [105.98941, -6.70114], [105.99382, -6.70145], [105.99363, -6.70708], [105.99224, -6.70946], [105.99488, -6.71261], [105.99477, -6.7157], [105.99416, -6.71645], [105.99409, -6.71965], [105.99465, -6.72094], [105.99424, -6.7229], [105.99557, -6.72493], [105.99559, -6.72821], [105.99674, -6.73021], [105.99698, -6.73222], [105.99965, -6.73423], [106.00089, -6.73677], [106.00648, -6.73666], [106.01069, -6.7374], [106.01126, -6.74045], [106.01046, -6.74479], [106.01133, -6.74564], [106.01349, -6.7452], [106.01584, -6.74621], [106.01773, -6.74478], [106.01814, -6.74308], [106.01972, -6.74223], [106.02512, -6.74331], [106.02748, -6.74279], [106.02808, -6.7443], [106.03318, -6.74248], [106.03657, -6.74328], [106.03681, -6.74176], [106.03827, -6.74108], [106.04099, -6.73755], [106.04198, -6.73791], [106.04412, -6.73625], [106.0468, -6.73635], [106.04759, -6.73804], [106.04856, -6.73809], [106.04956, -6.73942], [106.05371, -6.73849], [106.05436, -6.7398], [106.05564, -6.7393], [106.05622, -6.74118], [106.05536, -6.74104], [106.05594, -6.7422], [106.05468, -6.74272], [106.05471, -6.7442], [106.05714, -6.74449], [106.05801, -6.7461], [106.05593, -6.74778], [106.05454, -6.74776], [106.05435, -6.74914], [106.05536, -6.7509], [106.05322, -6.75095], [106.05169, -6.75255], [106.05198, -6.75734], [106.05029, -6.75801], [106.04669, -6.75808], [106.04567, -6.75674], [106.0449, -6.75837], [106.04372, -6.75793], [106.04351, -6.76], [106.04056, -6.75942], [106.03647, -6.76178], [106.03613, -6.7607], [106.03397, -6.7617], [106.03367, -6.76219], [106.03489, -6.76224], [106.0355, -6.76364], [106.03387, -6.76571], [106.03484, -6.76704], [106.0333, -6.76819], [106.03297, -6.77021], [106.03228, -6.77005], [106.03305, -6.77197], [106.03498, -6.77139], [106.03615, -6.77194], [106.03937, -6.77041], [106.04348, -6.77124], [106.05104, -6.77109], [106.05687, -6.77191], [106.06591, -6.77065], [106.06904, -6.77078], [106.0707, -6.77011], [106.0768, -6.77209], [106.07837, -6.77539], [106.07951, -6.77588], [106.08055, -6.77806], [106.07798, -6.78022], [106.07881, -6.7814], [106.07843, -6.78222], [106.07891, -6.78355], [106.07783, -6.78371], [106.07639, -6.78186], [106.07547, -6.78223], [106.07585, -6.78484], [106.07499, -6.7863], [106.07573, -6.78922], [106.07339, -6.79099], [106.07062, -6.7909], [106.07018, -6.79232], [106.0694, -6.79235], [106.06979, -6.79354], [106.07158, -6.79502], [106.07126, -6.79697], [106.06958, -6.79726], [106.0679, -6.79592], [106.06581, -6.79673], [106.06359, -6.79665], [106.06173, -6.79784], [106.06008, -6.79756], [106.05921, -6.79906], [106.06002, -6.80014], [106.05962, -6.8023], [106.06122, -6.80585], [106.05951, -6.80778], [106.05741, -6.80797], [106.05277, -6.81926], [106.05209, -6.82329], [106.05357, -6.82503], [106.05428, -6.82788], [106.053, -6.82863], [106.05105, -6.82751], [106.05062, -6.82801], [106.04502, -6.82601], [106.04189, -6.82587], [106.03611, -6.82408], [106.03438, -6.82317], [106.03322, -6.82124], [106.03029, -6.82025], [106.02968, -6.82128], [106.03134, -6.822], [105.99321, -6.81443], [105.99233, -6.81354], [105.99139, -6.81422], [105.98188, -6.8129], [105.96945, -6.81238], [105.96916, -6.81286], [105.96936, -6.81156], [105.96865, -6.81261]]]}}, {"type": "Feature", "properties": {"domain_id": "360223", "name": "CURUG BITUNG"}, "geometry": {"type": "Polygon", "coordinates": [[[106.40769, -6.4794], [106.40597, -6.48151], [106.40646, -6.49527], [106.40617, -6.49813], [106.40491, -6.50098], [106.40483, -6.5133], [106.40361, -6.51526], [106.40522, -6.51996], [106.39938, -6.52135], [106.38472, -6.5215], [106.38312, -6.52039], [106.38229, -6.51833], [106.38088, -6.51758], [106.37941, -6.51393], [106.37544, -6.51033], [106.3742, -6.50511], [106.37467, -6.50351], [106.37624, -6.50297], [106.37738, -6.50066], [106.37636, -6.49875], [106.37619, -6.49676], [106.377, -6.49627], [106.37736, -6.49439], [106.37582, -6.49034], [106.37715, -6.48757], [106.37598, -6.48434], [106.37714, -6.48303], [106.37883, -6.48242], [106.38057, -6.4792], [106.38295, -6.47699], [106.38329, -6.47518], [106.38615, -6.47388], [106.38661, -6.47202], [106.38539, -6.47155], [106.38552, -6.46985], [106.38647, -6.47032], [106.38723, -6.46973], [106.38745, -6.46838], [106.38953, -6.46594], [106.38968, -6.46354], [106.38819, -6.46162], [106.38782, -6.45762], [106.38863, -6.45599], [106.38696, -6.45549], [106.38606, -6.45384], [106.38051, -6.45439], [106.37861, -6.45192], [106.37668, -6.45143], [106.37764, -6.44855], [106.37575, -6.44773], [106.37433, -6.44588], [106.37221, -6.44595], [106.37017, -6.44387], [106.36894, -6.4436], [106.36659, -6.44168], [106.36548, -6.44228], [106.36406, -6.44128], [106.36264, -6.44116], [106.36204, -6.44032], [106.36236, -6.43948], [106.36167, -6.43904], [106.36169, -6.43786], [106.36267, -6.43758], [106.3628, -6.43694], [106.36203, -6.43538], [106.36408, -6.43525], [106.36365, -6.4346], [106.36424, -6.43408], [106.36391, -6.43316], [106.36489, -6.43258], [106.36472, -6.43036], [106.36581, -6.43023], [106.36707, -6.42813], [106.36809, -6.42775], [106.36559, -6.42483], [106.36685, -6.42284], [106.36856, -6.42212], [106.3677, -6.42056], [106.36613, -6.42098], [106.36627, -6.4195], [106.36575, -6.41893], [106.363, -6.41856], [106.36309, -6.41716], [106.36246, -6.41643], [106.36276, -6.4118], [106.36093, -6.41083], [106.36077, -6.40781], [106.35916, -6.40722], [106.35793, -6.40894], [106.35721, -6.4074], [106.35515, -6.40679], [106.35259, -6.40873], [106.35282, -6.40994], [106.35228, -6.41018], [106.35119, -6.40765], [106.34958, -6.40792], [106.34796, -6.40686], [106.34548, -6.40802], [106.34489, -6.4074], [106.34756, -6.40593], [106.34563, -6.40474], [106.34571, -6.404], [106.3497, -6.40362], [106.34924, -6.40282], [106.34809, -6.403], [106.34725, -6.4018], [106.34822, -6.40121], [106.34843, -6.39955], [106.34984, -6.39779], [106.35197, -6.3975], [106.35018, -6.3956], [106.35398, -6.39611], [106.35471, -6.39553], [106.35476, -6.39495], [106.35388, -6.39516], [106.35345, -6.39445], [106.35393, -6.39263], [106.35558, -6.39247], [106.35495, -6.39387], [106.35762, -6.39528], [106.35775, -6.39418], [106.35922, -6.39444], [106.35949, -6.39326], [106.36045, -6.3932], [106.36079, -6.3921], [106.36286, -6.39233], [106.36279, -6.39084], [106.36476, -6.38988], [106.36617, -6.38831], [106.37055, -6.38766], [106.37092, -6.38513], [106.37018, -6.38341], [106.37077, -6.38057], [106.37232, -6.37999], [106.37274, -6.37909], [106.37682, -6.37821], [106.37882, -6.3748], [106.381, -6.37281], [106.38052, -6.37071], [106.38113, -6.36982], [106.38096, -6.36639], [106.38118, -6.36494], [106.38244, -6.36323], [106.38154, -6.35966], [106.3878, -6.36036], [106.38787, -6.3617], [106.39228, -6.36289], [106.39317, -6.36272], [106.39347, -6.36164], [106.39428, -6.36203], [106.39303, -6.36423], [106.39352, -6.36557], [106.39271, -6.3704], [106.39033, -6.37201], [106.38722, -6.37653], [106.38795, -6.37766], [106.38842, -6.38302], [106.39013, -6.38705], [106.39209, -6.38808], [106.39431, -6.38808], [106.39562, -6.38907], [106.39501, -6.39008], [106.39626, -6.38975], [106.39718, -6.39043], [106.39682, -6.39393], [106.39827, -6.39574], [106.40043, -6.39534], [106.40259, -6.39379], [106.40411, -6.39552], [106.40916, -6.39573], [106.40987, -6.39367], [106.41186, -6.39361], [106.41257, -6.39187], [106.41515, -6.39367], [106.41607, -6.3928], [106.42039, -6.39419], [106.43328, -6.39025], [106.43446, -6.38958], [106.43636, -6.38693], [106.43796, -6.38806], [106.43539, -6.39017], [106.43753, -6.39131], [106.43843, -6.39422], [106.43704, -6.39404], [106.43605, -6.39257], [106.43469, -6.3923], [106.43395, -6.39287], [106.43421, -6.39416], [106.43699, -6.3952], [106.44007, -6.39772], [106.44166, -6.39615], [106.44226, -6.39694], [106.44149, -6.3985], [106.43818, -6.39959], [106.4393, -6.40448], [106.44165, -6.4055], [106.44395, -6.40483], [106.4443, -6.40804], [106.44714, -6.41073], [106.44953, -6.40893], [106.45022, -6.40701], [106.45103, -6.40707], [106.45158, -6.40942], [106.44999, -6.41308], [106.45393, -6.41396], [106.45402, -6.41875], [106.44713, -6.41906], [106.44576, -6.41956], [106.44449, -6.42154], [106.44462, -6.42241], [106.44627, -6.42318], [106.44964, -6.42132], [106.45076, -6.42391], [106.45346, -6.42513], [106.45467, -6.42694], [106.45348, -6.42744], [106.45167, -6.42617], [106.45001, -6.42686], [106.45041, -6.4279], [106.45289, -6.42848], [106.4514, -6.42979], [106.44855, -6.42982], [106.448, -6.43033], [106.4484, -6.43143], [106.45026, -6.43276], [106.45024, -6.43414], [106.44864, -6.43545], [106.44633, -6.43543], [106.44637, -6.43695], [106.44385, -6.43835], [106.44361, -6.44106], [106.44122, -6.4412], [106.4379, -6.44434], [106.43862, -6.44556], [106.4404, -6.44423], [106.44239, -6.44519], [106.44221, -6.44606], [106.44034, -6.44739], [106.44053, -6.44951], [106.43794, -6.44943], [106.43539, -6.44836], [106.43198, -6.44847], [106.42254, -6.44955], [106.40691, -6.45395], [106.40127, -6.45293], [106.40194, -6.45441], [106.40126, -6.4556], [106.40271, -6.45515], [106.40308, -6.45567], [106.40212, -6.45599], [106.40356, -6.45632], [106.40349, -6.45719], [106.40496, -6.45676], [106.4047, -6.45906], [106.40749, -6.46029], [106.41179, -6.46774], [106.41129, -6.47513], [106.41045, -6.47677], [106.40769, -6.4794]]]}}, {"type": "Feature", "properties": {"domain_id": "360211", "name": "CIMARGA"}, "geometry": {"type": "Polygon", "coordinates": [[[106.20875, -6.49258], [106.20818, -6.49418], [106.20714, -6.49442], [106.20004, -6.49168], [106.19766, -6.49342], [106.19548, -6.49394], [106.18767, -6.48098], [106.1846, -6.47978], [106.18222, -6.4796], [106.17974, -6.47768], [106.17777, -6.47831], [106.17361, -6.47658], [106.17061, -6.48101], [106.16952, -6.4839], [106.16845, -6.48445], [106.16838, -6.48583], [106.1663, -6.48774], [106.16584, -6.48902], [106.15973, -6.49305], [106.15634, -6.48999], [106.15622, -6.48825], [106.15406, -6.48808], [106.15438, -6.48725], [106.15343, -6.48684], [106.15286, -6.48833], [106.15269, -6.48757], [106.15174, -6.48722], [106.14933, -6.48808], [106.15017, -6.48985], [106.14883, -6.48936], [106.14829, -6.49044], [106.14703, -6.48987], [106.14704, -6.49106], [106.14313, -6.48839], [106.13861, -6.48047], [106.13457, -6.47799], [106.1326, -6.47553], [106.12875, -6.47401], [106.12671, -6.47213], [106.12561, -6.47208], [106.12414, -6.47376], [106.12302, -6.47195], [106.12232, -6.47237], [106.12024, -6.47159], [106.11723, -6.46919], [106.11026, -6.46957], [106.10939, -6.46892], [106.10677, -6.46896], [106.10682, -6.46811], [106.104, -6.46809], [106.10369, -6.46454], [106.10275, -6.4641], [106.10299, -6.46269], [106.10214, -6.4622], [106.1077, -6.46053], [106.11059, -6.45888], [106.1113, -6.45698], [106.1105, -6.45622], [106.11072, -6.4547], [106.11273, -6.45363], [106.11346, -6.45225], [106.11553, -6.4513], [106.11759, -6.4523], [106.11929, -6.44972], [106.12062, -6.44881], [106.12138, -6.44896], [106.12139, -6.44839], [106.12287, -6.44849], [106.1225, -6.44722], [106.12391, -6.44598], [106.12252, -6.44477], [106.12333, -6.44282], [106.125, -6.44255], [106.12694, -6.444], [106.12678, -6.44494], [106.1259, -6.44529], [106.12693, -6.44586], [106.12695, -6.44655], [106.1285, -6.44632], [106.13085, -6.44371], [106.13275, -6.44308], [106.13201, -6.44123], [106.1359, -6.44146], [106.13611, -6.44053], [106.13483, -6.43832], [106.13635, -6.43785], [106.13636, -6.43736], [106.13502, -6.43506], [106.13787, -6.43385], [106.14017, -6.43069], [106.14132, -6.4311], [106.14296, -6.43449], [106.14467, -6.43394], [106.14437, -6.43054], [106.1449, -6.4298], [106.14703, -6.43057], [106.14918, -6.43381], [106.15042, -6.43366], [106.15169, -6.43163], [106.15172, -6.43018], [106.14933, -6.42556], [106.1507, -6.42513], [106.15242, -6.42572], [106.15298, -6.42499], [106.15223, -6.42293], [106.15314, -6.42243], [106.15675, -6.42533], [106.15696, -6.42292], [106.1582, -6.42006], [106.16305, -6.42029], [106.16407, -6.41948], [106.16396, -6.41851], [106.16219, -6.41815], [106.16035, -6.41394], [106.16064, -6.41261], [106.16289, -6.4108], [106.16658, -6.41509], [106.17138, -6.41277], [106.17344, -6.41357], [106.174, -6.41298], [106.17339, -6.41106], [106.17379, -6.40953], [106.17839, -6.40894], [106.18057, -6.40602], [106.18129, -6.40231], [106.1828, -6.40141], [106.18483, -6.40189], [106.18596, -6.40027], [106.18955, -6.40006], [106.19041, -6.39662], [106.19219, -6.39466], [106.1928, -6.39278], [106.19279, -6.38808], [106.19074, -6.3852], [106.19173, -6.38178], [106.19478, -6.38062], [106.19607, -6.37825], [106.19803, -6.37685], [106.19878, -6.37703], [106.19978, -6.38014], [106.19978, -6.38103], [106.19883, -6.382], [106.19973, -6.38297], [106.20304, -6.38375], [106.20311, -6.38441], [106.20215, -6.38517], [106.20306, -6.38656], [106.20593, -6.38789], [106.20864, -6.38782], [106.21013, -6.38709], [106.21177, -6.38738], [106.21289, -6.38895], [106.21323, -6.39165], [106.21407, -6.39288], [106.21685, -6.39332], [106.21701, -6.39465], [106.22164, -6.39568], [106.22211, -6.39693], [106.22502, -6.39764], [106.22523, -6.40045], [106.22672, -6.40108], [106.22671, -6.40263], [106.22867, -6.40473], [106.23086, -6.40562], [106.23192, -6.40377], [106.23306, -6.40341], [106.23464, -6.40444], [106.23575, -6.40134], [106.23728, -6.40062], [106.23745, -6.40156], [106.23626, -6.40272], [106.2348, -6.4072], [106.23422, -6.41094], [106.23951, -6.41158], [106.24209, -6.41055], [106.2425, -6.41126], [106.24313, -6.41088], [106.24237, -6.41017], [106.24362, -6.40968], [106.24628, -6.41068], [106.24801, -6.41362], [106.24782, -6.41598], [106.25004, -6.42094], [106.25092, -6.4213], [106.25491, -6.42156], [106.25699, -6.42059], [106.25915, -6.42116], [106.26072, -6.41885], [106.2625, -6.42025], [106.26248, -6.41888], [106.26355, -6.41808], [106.2668, -6.41952], [106.26783, -6.41781], [106.27011, -6.41851], [106.27105, -6.42057], [106.27304, -6.42259], [106.27789, -6.42313], [106.28117, -6.42226], [106.28227, -6.42355], [106.28305, -6.4209], [106.28422, -6.41968], [106.28616, -6.41966], [106.28944, -6.41764], [106.29403, -6.41655], [106.29954, -6.41335], [106.30048, -6.41234], [106.30058, -6.41011], [106.30122, -6.40964], [106.30324, -6.41135], [106.30238, -6.41269], [106.30328, -6.41401], [106.30313, -6.41558], [106.30757, -6.41718], [106.31023, -6.42075], [106.31249, -6.42072], [106.31585, -6.41757], [106.31689, -6.41826], [106.31521, -6.41962], [106.31553, -6.42066], [106.31701, -6.41993], [106.31893, -6.42052], [106.32132, -6.41991], [106.32083, -6.42138], [106.31899, -6.42154], [106.31958, -6.42354], [106.31495, -6.42651], [106.31348, -6.42608], [106.31239, -6.4269], [106.31291, -6.42813], [106.31267, -6.43031], [106.31604, -6.42961], [106.31748, -6.43138], [106.31668, -6.4326], [106.3169, -6.43483], [106.316, -6.43575], [106.3143, -6.43635], [106.31231, -6.43567], [106.31153, -6.43616], [106.31171, -6.44016], [106.31311, -6.44307], [106.3128, -6.4449], [106.31001, -6.44748], [106.30779, -6.44418], [106.30586, -6.44338], [106.30462, -6.44371], [106.30626, -6.44624], [106.30514, -6.44779], [106.30535, -6.45012], [106.30652, -6.45019], [106.30812, -6.44894], [106.30888, -6.44988], [106.30796, -6.45182], [106.30818, -6.45321], [106.30605, -6.45428], [106.30497, -6.45711], [106.30556, -6.45799], [106.30738, -6.45713], [106.30707, -6.45855], [106.30803, -6.46027], [106.30614, -6.46194], [106.30581, -6.46145], [106.3045, -6.4621], [106.30487, -6.46357], [106.3033, -6.46402], [106.30462, -6.46474], [106.30432, -6.46524], [106.30525, -6.46518], [106.30491, -6.46605], [106.30633, -6.46808], [106.30471, -6.47027], [106.306, -6.47186], [106.30618, -6.4747], [106.30912, -6.47671], [106.30906, -6.47859], [106.30958, -6.47916], [106.30857, -6.48093], [106.30651, -6.48163], [106.30815, -6.48273], [106.30861, -6.48417], [106.30731, -6.4923], [106.30816, -6.4931], [106.30687, -6.49624], [106.30844, -6.49688], [106.30763, -6.49801], [106.30828, -6.49966], [106.31104, -6.50123], [106.31406, -6.50122], [106.31587, -6.4986], [106.31796, -6.49939], [106.31944, -6.49925], [106.3207, -6.49763], [106.32316, -6.50129], [106.32554, -6.50107], [106.32468, -6.50235], [106.32299, -6.5032], [106.31853, -6.50439], [106.31825, -6.50668], [106.31424, -6.50802], [106.31069, -6.51129], [106.30611, -6.511], [106.30331, -6.512], [106.30213, -6.51109], [106.29764, -6.51065], [106.29809, -6.50953], [106.29774, -6.5076], [106.29647, -6.50588], [106.29524, -6.50609], [106.29435, -6.50493], [106.29219, -6.50044], [106.29011, -6.49805], [106.28928, -6.49456], [106.28695, -6.49292], [106.28318, -6.48731], [106.27818, -6.48618], [106.2779, -6.48545], [106.27652, -6.48703], [106.27366, -6.48818], [106.2721, -6.48799], [106.27104, -6.48728], [106.27086, -6.48589], [106.27168, -6.48496], [106.2715, -6.48293], [106.27197, -6.48238], [106.27069, -6.48226], [106.2698, -6.48094], [106.26882, -6.48131], [106.26893, -6.48217], [106.26773, -6.48242], [106.26698, -6.48081], [106.2665, -6.48201], [106.26605, -6.48111], [106.26452, -6.48192], [106.26312, -6.48131], [106.26216, -6.4816], [106.26293, -6.48276], [106.26032, -6.48534], [106.25809, -6.48428], [106.25815, -6.48333], [106.25636, -6.48296], [106.25545, -6.4846], [106.25435, -6.4834], [106.25348, -6.4834], [106.25295, -6.48712], [106.25013, -6.48657], [106.24948, -6.48785], [106.24798, -6.48683], [106.24744, -6.48804], [106.24664, -6.48828], [106.24913, -6.49068], [106.2478, -6.49184], [106.24852, -6.49294], [106.24815, -6.49404], [106.24898, -6.49543], [106.25007, -6.4959], [106.2491, -6.49719], [106.25055, -6.4994], [106.2509, -6.50116], [106.25023, -6.50231], [106.24832, -6.50241], [106.24755, -6.50187], [106.24671, -6.50231], [106.24398, -6.5003], [106.24085, -6.49993], [106.2387, -6.50343], [106.23946, -6.50696], [106.23926, -6.50975], [106.23759, -6.51008], [106.23785, -6.51366], [106.23651, -6.51477], [106.23243, -6.51576], [106.22634, -6.51221], [106.22585, -6.51304], [106.22259, -6.51235], [106.22271, -6.51171], [106.2219, -6.51166], [106.22059, -6.51006], [106.21843, -6.51008], [106.21791, -6.50812], [106.21749, -6.50903], [106.21624, -6.50813], [106.21564, -6.50705], [106.21647, -6.5063], [106.21503, -6.50549], [106.21448, -6.50403], [106.21808, -6.50294], [106.21825, -6.49998], [106.21566, -6.49829], [106.21306, -6.49378], [106.20875, -6.49258]]]}}, {"type": "Feature", "properties": {"domain_id": "360228", "name": "CIGEMLONG"}, "geometry": {"type": "Polygon", "coordinates": [[[106.17534, -6.80021], [106.17431, -6.80278], [106.17232, -6.80248], [106.17152, -6.8033], [106.17239, -6.80703], [106.1711, -6.80913], [106.17134, -6.81137], [106.17025, -6.81252], [106.16819, -6.81257], [106.16831, -6.81457], [106.16721, -6.81616], [106.16628, -6.81599], [106.16554, -6.81427], [106.16424, -6.81522], [106.16429, -6.81629], [106.16551, -6.81655], [106.16561, -6.81828], [106.16294, -6.81862], [106.15954, -6.82048], [106.15462, -6.82002], [106.15113, -6.8179], [106.14932, -6.81844], [106.14532, -6.81796], [106.14071, -6.81493], [106.1393, -6.81242], [106.13934, -6.81113], [106.14123, -6.80898], [106.14183, -6.80701], [106.14149, -6.80557], [106.14222, -6.80206], [106.14039, -6.79575], [106.13882, -6.79376], [106.13859, -6.79157], [106.13579, -6.78863], [106.13702, -6.78567], [106.13846, -6.78554], [106.13879, -6.78489], [106.13845, -6.78252], [106.13758, -6.78145], [106.13557, -6.78183], [106.13448, -6.78129], [106.13264, -6.78239], [106.13303, -6.7835], [106.13231, -6.78304], [106.13126, -6.78358], [106.13088, -6.78273], [106.13015, -6.78295], [106.12905, -6.78176], [106.12704, -6.78147], [106.12038, -6.77775], [106.11878, -6.77775], [106.11857, -6.77617], [106.1172, -6.77567], [106.11361, -6.77195], [106.1091, -6.7738], [106.10953, -6.77551], [106.10741, -6.77373], [106.10491, -6.77285], [106.10447, -6.77063], [106.10537, -6.76604], [106.1039, -6.76361], [106.10124, -6.7619], [106.09969, -6.75893], [106.10001, -6.75711], [106.101, -6.75725], [106.10306, -6.75421], [106.10115, -6.75258], [106.10232, -6.75226], [106.10202, -6.75117], [106.10331, -6.75056], [106.10296, -6.7497], [106.10183, -6.74994], [106.1007, -6.74866], [106.10186, -6.74723], [106.1008, -6.74679], [106.10048, -6.74503], [106.10122, -6.74439], [106.1015, -6.74213], [106.10125, -6.74087], [106.09981, -6.73943], [106.09937, -6.73814], [106.09995, -6.73696], [106.09911, -6.73595], [106.10099, -6.73471], [106.10167, -6.73346], [106.10406, -6.73249], [106.10501, -6.7296], [106.1047, -6.7285], [106.10628, -6.7257], [106.10563, -6.72136], [106.10687, -6.71973], [106.10735, -6.71783], [106.10734, -6.71331], [106.10821, -6.71075], [106.10714, -6.70771], [106.10903, -6.70747], [106.11034, -6.70514], [106.11136, -6.7048], [106.11356, -6.70229], [106.11456, -6.70339], [106.11568, -6.70304], [106.12195, -6.70542], [106.12332, -6.70318], [106.12614, -6.70263], [106.13563, -6.70387], [106.13852, -6.70512], [106.14144, -6.70516], [106.14057, -6.70634], [106.14073, -6.70708], [106.14484, -6.70683], [106.14723, -6.70644], [106.15587, -6.70265], [106.17539, -6.69687], [106.18086, -6.69791], [106.18718, -6.70091], [106.19173, -6.70091], [106.1956, -6.70201], [106.19928, -6.6998], [106.20136, -6.70077], [106.20477, -6.70063], [106.20546, -6.70011], [106.20677, -6.70097], [106.20821, -6.70067], [106.21045, -6.69843], [106.21569, -6.69767], [106.22163, -6.69581], [106.22921, -6.69066], [106.23013, -6.6904], [106.2312, -6.69432], [106.23305, -6.69419], [106.25192, -6.68836], [106.25957, -6.68365], [106.26901, -6.68043], [106.26831, -6.68324], [106.26902, -6.68571], [106.26789, -6.68736], [106.26887, -6.68867], [106.26839, -6.69349], [106.27035, -6.69664], [106.26984, -6.69826], [106.2711, -6.69941], [106.27064, -6.70079], [106.27142, -6.70262], [106.27082, -6.70351], [106.27009, -6.70328], [106.26991, -6.7051], [106.26828, -6.70498], [106.26696, -6.70656], [106.2664, -6.70649], [106.26554, -6.70815], [106.26407, -6.70857], [106.26422, -6.70981], [106.26296, -6.71122], [106.26333, -6.71262], [106.2625, -6.71424], [106.26322, -6.71638], [106.26195, -6.71593], [106.26173, -6.71746], [106.25913, -6.71889], [106.26166, -6.72891], [106.26321, -6.7308], [106.2629, -6.73154], [106.26117, -6.73181], [106.26213, -6.73259], [106.25988, -6.73322], [106.25486, -6.73075], [106.25191, -6.73208], [106.2498, -6.73049], [106.24991, -6.72883], [106.24719, -6.72893], [106.24638, -6.73001], [106.24457, -6.72967], [106.24417, -6.73097], [106.24483, -6.73157], [106.24467, -6.73267], [106.24343, -6.7325], [106.24364, -6.73364], [106.2431, -6.73404], [106.24199, -6.73321], [106.24125, -6.73551], [106.23945, -6.73565], [106.23911, -6.73791], [106.23741, -6.73722], [106.23519, -6.73753], [106.2329, -6.73691], [106.23275, -6.73817], [106.23111, -6.73934], [106.23051, -6.7407], [106.22979, -6.74018], [106.22998, -6.73904], [106.22904, -6.7375], [106.22495, -6.73749], [106.22409, -6.73873], [106.22578, -6.73981], [106.22571, -6.74134], [106.2221, -6.74293], [106.21952, -6.7476], [106.21584, -6.74725], [106.21424, -6.74571], [106.21189, -6.74704], [106.21111, -6.74641], [106.21187, -6.74552], [106.21136, -6.74364], [106.20981, -6.74506], [106.20809, -6.74518], [106.2091, -6.74722], [106.20815, -6.74921], [106.20812, -6.75101], [106.2046, -6.75169], [106.20522, -6.75554], [106.20808, -6.75846], [106.20758, -6.76149], [106.20824, -6.76363], [106.20622, -6.76609], [106.20633, -6.76708], [106.20412, -6.76978], [106.20396, -6.77085], [106.2024, -6.771], [106.20159, -6.77232], [106.20184, -6.77324], [106.20066, -6.77441], [106.19977, -6.77666], [106.19891, -6.77693], [106.19663, -6.77596], [106.19443, -6.77683], [106.19366, -6.77856], [106.19263, -6.77919], [106.18933, -6.77818], [106.18686, -6.78201], [106.18546, -6.78138], [106.1848, -6.78332], [106.18335, -6.78347], [106.18392, -6.7871], [106.1827, -6.78873], [106.18157, -6.78875], [106.18074, -6.7915], [106.18163, -6.79444], [106.17714, -6.795], [106.17534, -6.80021]], [[106.13173, -6.73235], [106.13549, -6.73668], [106.13648, -6.73928], [106.13664, -6.74126], [106.13533, -6.74855], [106.13682, -6.7535], [106.1377, -6.75838], [106.13741, -6.75955], [106.13863, -6.75902], [106.14062, -6.75922], [106.14143, -6.76042], [106.14063, -6.76404], [106.14169, -6.76854], [106.14127, -6.77095], [106.14176, -6.77264], [106.14331, -6.77422], [106.14528, -6.77433], [106.14737, -6.7736], [106.14883, -6.77408], [106.15117, -6.7723], [106.15315, -6.77232], [106.15607, -6.77257], [106.15978, -6.77465], [106.16155, -6.77296], [106.16466, -6.77242], [106.16704, -6.77322], [106.16923, -6.77245], [106.17283, -6.76967], [106.16868, -6.7641], [106.16539, -6.75475], [106.16722, -6.7492], [106.16582, -6.74566], [106.16558, -6.74166], [106.16277, -6.74093], [106.15989, -6.73877], [106.15994, -6.73661], [106.15855, -6.7349], [106.15571, -6.72848], [106.14922, -6.7242], [106.14788, -6.72492], [106.14739, -6.72407], [106.14545, -6.72385], [106.14426, -6.72263], [106.1441, -6.72356], [106.14076, -6.72551], [106.14024, -6.72688], [106.13794, -6.72575], [106.13806, -6.72718], [106.13696, -6.7268], [106.13617, -6.7274], [106.13536, -6.72664], [106.13481, -6.72926], [106.13408, -6.72932], [106.13333, -6.72785], [106.13247, -6.72825], [106.13184, -6.72924], [106.13297, -6.72938], [106.13134, -6.73111], [106.13173, -6.73235]]]}}, {"type": "Feature", "properties": {"domain_id": "360216", "name": "CIJAKU"}, "geometry": {"type": "MultiPolygon", "coordinates": [[[[106.0681, -6.77083], [106.05673, -6.77191], [106.05104, -6.77109], [106.04348, -6.77124], [106.03937, -6.77041], [106.03615, -6.77194], [106.03498, -6.77139], [106.03305, -6.77197], [106.03228, -6.77005], [106.03297, -6.77021], [106.0333, -6.76819], [106.03484, -6.76704], [106.03387, -6.76571], [106.0355, -6.76364], [106.03489, -6.76224], [106.03367, -6.76219], [106.03397, -6.7617], [106.03613, -6.7607], [106.03647, -6.76178], [106.04056, -6.75942], [106.04351, -6.76], [106.04372, -6.75793], [106.0449, -6.75837], [106.04567, -6.75674], [106.04669, -6.75808], [106.05029, -6.75801], [106.05198, -6.75734], [106.05169, -6.75255], [106.05322, -6.75095], [106.05536, -6.7509], [106.05435, -6.74914], [106.05454, -6.74776], [106.05593, -6.74778], [106.05801, -6.7461], [106.05714, -6.74449], [106.05471, -6.7442], [106.05468, -6.74272], [106.05594, -6.7422], [106.05536, -6.74104], [106.05622, -6.74118], [106.05564, -6.7393], [106.05436, -6.7398], [106.05371, -6.73849], [106.04956, -6.73942], [106.04856, -6.73809], [106.04759, -6.73804], [106.0468, -6.73635], [106.04412, -6.73625], [106.04198, -6.73791], [106.04099, -6.73755], [106.03827, -6.74108], [106.03681, -6.74176], [106.03657, -6.74328], [106.03318, -6.74248], [106.02808, -6.7443], [106.02748, -6.74279], [106.02512, -6.74331], [106.01972, -6.74223], [106.01814, -6.74308], [106.01773, -6.74478], [106.01584, -6.74621], [106.01349, -6.7452], [106.01095, -6.74541], [106.01046, -6.74479], [106.01126, -6.74038], [106.01069, -6.7374], [106.00648, -6.73666], [106.00089, -6.73677], [105.99965, -6.73423], [105.99698, -6.73222], [105.99674, -6.73021], [105.99559, -6.72821], [105.99557, -6.72493], [105.99424, -6.7229], [105.99465, -6.72094], [105.99409, -6.71965], [105.99416, -6.71645], [105.99477, -6.7157], [105.99488, -6.71261], [105.99224, -6.70946], [105.99363, -6.70708], [105.99382, -6.70145], [105.99871, -6.70133], [106.00155, -6.70202], [106.00259, -6.69915], [106.00778, -6.6964], [106.01283, -6.69636], [106.01457, -6.69515], [106.01581, -6.69317], [106.01782, -6.69286], [106.01963, -6.69157], [106.02044, -6.68892], [106.02384, -6.68708], [106.02459, -6.68483], [106.03005, -6.6797], [106.03081, -6.67702], [106.03415, -6.67611], [106.03855, -6.67703], [106.0418, -6.67527], [106.04471, -6.67748], [106.04569, -6.67763], [106.04698, -6.67639], [106.04897, -6.67733], [106.05049, -6.67678], [106.05024, -6.67469], [106.05236, -6.67441], [106.05535, -6.67162], [106.05959, -6.67099], [106.06221, -6.66858], [106.06425, -6.66841], [106.06443, -6.66708], [106.06764, -6.66743], [106.07066, -6.67069], [106.07177, -6.67891], [106.07394, -6.67854], [106.07505, -6.68157], [106.0803, -6.6843], [106.08161, -6.68351], [106.09836, -6.67941], [106.10031, -6.67945], [106.1022, -6.68057], [106.11058, -6.68094], [106.11281, -6.68227], [106.11384, -6.68216], [106.11651, -6.67977], [106.12287, -6.67876], [106.12492, -6.67781], [106.12743, -6.67797], [106.12994, -6.67522], [106.1317, -6.67427], [106.13336, -6.6754], [106.13356, -6.67645], [106.13487, -6.67753], [106.14174, -6.67787], [106.14632, -6.67636], [106.14928, -6.67919], [106.14968, -6.68114], [106.15442, -6.68719], [106.16295, -6.69135], [106.1679, -6.69886], [106.1523, -6.70393], [106.14723, -6.70644], [106.14073, -6.70708], [106.14057, -6.70634], [106.14144, -6.70516], [106.13852, -6.70512], [106.13563, -6.70387], [106.12614, -6.70263], [106.12332, -6.70318], [106.12197, -6.70542], [106.11568, -6.70304], [106.11456, -6.70339], [106.1137, -6.7023], [106.11255, -6.70291], [106.10903, -6.70747], [106.10714, -6.70771], [106.10821, -6.71068], [106.10734, -6.71331], [106.10735, -6.71783], [106.10687, -6.71973], [106.10563, -6.72136], [106.1063, -6.72562], [106.1047, -6.7285], [106.10501, -6.7296], [106.10414, -6.73234], [106.10167, -6.73346], [106.10099, -6.73471], [106.09911, -6.73595], [106.09995, -6.73696], [106.09937, -6.73814], [106.09981, -6.73943], [106.10125, -6.74087], [106.1015, -6.74213], [106.10122, -6.74439], [106.10048, -6.74503], [106.1008, -6.74679], [106.10186, -6.74723], [106.1007, -6.74866], [106.10183, -6.74994], [106.10296, -6.7497], [106.10331, -6.7507], [106.10202, -6.75117], [106.10232, -6.75226], [106.10115, -6.75258], [106.10306, -6.75421], [106.101, -6.75725], [106.09997, -6.75718], [106.09907, -6.76122], [106.09801, -6.7607], [106.09715, -6.76148], [106.09275, -6.76082], [106.09273, -6.76212], [106.09378, -6.76368], [106.09308, -6.76427], [106.09342, -6.76501], [106.09251, -6.76763], [106.09092, -6.76803], [106.09067, -6.7687], [106.08947, -6.7682], [106.0884, -6.76891], [106.08759, -6.77156], [106.08691, -6.76998], [106.08636, -6.77032], [106.08547, -6.77119], [106.08534, -6.77321], [106.08367, -6.77381], [106.08394, -6.77536], [106.08333, -6.77633], [106.08169, -6.77647], [106.08051, -6.7779], [106.07951, -6.77588], [106.07837, -6.77539], [106.07673, -6.77204], [106.0707, -6.77011], [106.0681, -6.77083]]], [[[106.14781, -6.72438], [106.14774, -6.72487], [106.1484, -6.72493], [106.14922, -6.7242], [106.15571, -6.72848], [106.15855, -6.7349], [106.15994, -6.73661], [106.15989, -6.73877], [106.16277, -6.74093], [106.16558, -6.74166], [106.16582, -6.74566], [106.16722, -6.7492], [106.16539, -6.75475], [106.16868, -6.7641], [106.17283, -6.76967], [106.16923, -6.77245], [106.16704, -6.77322], [106.16466, -6.77242], [106.16155, -6.77296], [106.15978, -6.77465], [106.15531, -6.77242], [106.15117, -6.7723], [106.14967, -6.77386], [106.14737, -6.7736], [106.14528, -6.77433], [106.14341, -6.77429], [106.14176, -6.77264], [106.14127, -6.77095], [106.14169, -6.76854], [106.14063, -6.76421], [106.14143, -6.76042], [106.14062, -6.75922], [106.13863, -6.75902], [106.13741, -6.75955], [106.1377, -6.75838], [106.13682, -6.7535], [106.13533, -6.74855], [106.13658, -6.73966], [106.13549, -6.73668], [106.13313, -6.73456], [106.1313, -6.73126], [106.13272, -6.72994], [106.13287, -6.72917], [106.13183, -6.7292], [106.13282, -6.728], [106.13369, -6.7281], [106.13451, -6.72934], [106.13503, -6.7291], [106.1354, -6.72661], [106.13617, -6.7274], [106.13696, -6.7268], [106.13806, -6.72718], [106.13798, -6.72575], [106.14024, -6.72688], [106.14076, -6.72551], [106.1441, -6.72356], [106.1442, -6.72265], [106.14496, -6.7228], [106.14545, -6.72385], [106.14781, -6.72438]]]]}}, {"type": "Feature", "properties": {"domain_id": "360224", "name": "KALANGANYAR"}, "geometry": {"type": "Polygon", "coordinates": [[[106.25089, -6.3828], [106.25158, -6.38314], [106.25363, -6.38129], [106.25604, -6.3811], [106.25688, -6.38204], [106.25615, -6.38732], [106.25467, -6.389], [106.25602, -6.39187], [106.25536, -6.3922], [106.2546, -6.39118], [106.25384, -6.39157], [106.25463, -6.39469], [106.25375, -6.39891], [106.25487, -6.4002], [106.25869, -6.40163], [106.258, -6.40394], [106.25647, -6.40599], [106.25692, -6.4103], [106.26087, -6.41273], [106.26428, -6.41638], [106.2674, -6.41568], [106.26783, -6.41781], [106.2668, -6.41952], [106.26355, -6.41808], [106.26248, -6.41888], [106.2625, -6.42025], [106.26072, -6.41885], [106.25915, -6.42116], [106.25699, -6.42059], [106.25491, -6.42156], [106.25092, -6.4213], [106.25004, -6.42094], [106.24782, -6.41598], [106.24801, -6.41362], [106.24628, -6.41068], [106.24362, -6.40968], [106.24237, -6.41017], [106.24313, -6.41088], [106.2425, -6.41126], [106.24209, -6.41055], [106.23951, -6.41158], [106.23422, -6.41094], [106.2348, -6.4072], [106.23626, -6.40272], [106.23745, -6.40156], [106.23728, -6.40062], [106.23575, -6.40134], [106.23464, -6.40444], [106.23354, -6.40349], [106.23248, -6.4035], [106.23096, -6.40558], [106.22973, -6.40535], [106.22671, -6.40263], [106.22672, -6.40108], [106.22523, -6.40045], [106.22499, -6.39761], [106.22211, -6.39693], [106.22164, -6.39568], [106.21701, -6.39465], [106.21685, -6.39332], [106.21407, -6.39288], [106.21323, -6.39165], [106.21289, -6.38895], [106.21177, -6.38738], [106.21013, -6.38709], [106.20864, -6.38782], [106.20593, -6.38789], [106.20306, -6.38656], [106.20215, -6.38517], [106.20311, -6.38441], [106.20304, -6.38375], [106.19973, -6.38297], [106.19883, -6.382], [106.19983, -6.38055], [106.19949, -6.37856], [106.19865, -6.37756], [106.19917, -6.37609], [106.19767, -6.37174], [106.19846, -6.37117], [106.20092, -6.37249], [106.20298, -6.3721], [106.20519, -6.37379], [106.20656, -6.37389], [106.20789, -6.36746], [106.20658, -6.36214], [106.20753, -6.36054], [106.21041, -6.36024], [106.21233, -6.35813], [106.21402, -6.3577], [106.22181, -6.36173], [106.22454, -6.36085], [106.22695, -6.35718], [106.2293, -6.35871], [106.23037, -6.35868], [106.23083, -6.35792], [106.2305, -6.35516], [106.23401, -6.35347], [106.23749, -6.35431], [106.23811, -6.34949], [106.23985, -6.34745], [106.24116, -6.34734], [106.24222, -6.34813], [106.24092, -6.34895], [106.24052, -6.35014], [106.24181, -6.35707], [106.24486, -6.36207], [106.24421, -6.36571], [106.245, -6.36667], [106.2504, -6.36874], [106.25146, -6.37009], [106.25088, -6.37228], [106.24809, -6.3731], [106.24779, -6.37418], [106.24903, -6.37473], [106.24921, -6.37658], [106.24996, -6.37652], [106.25014, -6.37741], [106.25172, -6.37799], [106.25059, -6.37983], [106.25181, -6.38097], [106.25089, -6.3828]]]}}, {"type": "Feature", "properties": {"domain_id": "360213", "name": "MAJA"}, "geometry": {"type": "Polygon", "coordinates": [[[106.35785, -6.39449], [106.35762, -6.39528], [106.3562, -6.39494], [106.35491, -6.39379], [106.35565, -6.39254], [106.35393, -6.39263], [106.35339, -6.39418], [106.35388, -6.39516], [106.3548, -6.39499], [106.35441, -6.39595], [106.35024, -6.39555], [106.35197, -6.3975], [106.34992, -6.39772], [106.34833, -6.40025], [106.34738, -6.40063], [106.34521, -6.40041], [106.3448, -6.39911], [106.34244, -6.40044], [106.34036, -6.40016], [106.34028, -6.39939], [106.33673, -6.40128], [106.33555, -6.40101], [106.33395, -6.39775], [106.33531, -6.39439], [106.33482, -6.39354], [106.33699, -6.38857], [106.33611, -6.38538], [106.3366, -6.38258], [106.33511, -6.38183], [106.33388, -6.37759], [106.33218, -6.37766], [106.3294, -6.37641], [106.32767, -6.37394], [106.32412, -6.3745], [106.32219, -6.37575], [106.32271, -6.37625], [106.32145, -6.37763], [106.32174, -6.37881], [106.32086, -6.37879], [106.31967, -6.38046], [106.31945, -6.38403], [106.31992, -6.38531], [106.31855, -6.38837], [106.31562, -6.38962], [106.31308, -6.38964], [106.31305, -6.39075], [106.30994, -6.39295], [106.30835, -6.3958], [106.30639, -6.39747], [106.30639, -6.39846], [106.30481, -6.39862], [106.30419, -6.40338], [106.30058, -6.41011], [106.30048, -6.41234], [106.29904, -6.41322], [106.29498, -6.41111], [106.29251, -6.406], [106.28563, -6.39808], [106.28278, -6.39611], [106.28245, -6.39511], [106.28161, -6.39533], [106.28206, -6.39458], [106.28112, -6.39319], [106.2808, -6.3906], [106.27932, -6.3906], [106.27727, -6.38863], [106.27861, -6.3873], [106.27894, -6.38523], [106.28005, -6.38548], [106.27985, -6.38483], [106.28063, -6.38439], [106.2805, -6.38236], [106.28158, -6.38134], [106.28371, -6.38126], [106.28989, -6.37864], [106.29224, -6.37571], [106.29485, -6.37749], [106.29908, -6.37771], [106.30117, -6.37865], [106.30158, -6.37553], [106.30053, -6.37426], [106.30071, -6.372], [106.30258, -6.37112], [106.30332, -6.36765], [106.3057, -6.36647], [106.30602, -6.36501], [106.30766, -6.36349], [106.30772, -6.36236], [106.3086, -6.36137], [106.30835, -6.36058], [106.30984, -6.36012], [106.31437, -6.36036], [106.31636, -6.36159], [106.32087, -6.36139], [106.32105, -6.36037], [106.32357, -6.35816], [106.32565, -6.35733], [106.32584, -6.35608], [106.32853, -6.35677], [106.3306, -6.35521], [106.33069, -6.35373], [106.33265, -6.35353], [106.33237, -6.35469], [106.33318, -6.35485], [106.33367, -6.35585], [106.3348, -6.35598], [106.33511, -6.35514], [106.33623, -6.35501], [106.33784, -6.35597], [106.33799, -6.35669], [106.33965, -6.35645], [106.3405, -6.35443], [106.34097, -6.35445], [106.3406, -6.35312], [106.3411, -6.35321], [106.34136, -6.3516], [106.34192, -6.35151], [106.34134, -6.34842], [106.34306, -6.34774], [106.34312, -6.34698], [106.34155, -6.3454], [106.34161, -6.34473], [106.34249, -6.34494], [106.3426, -6.34415], [106.34166, -6.34347], [106.34285, -6.34107], [106.3452, -6.33953], [106.3451, -6.33835], [106.34643, -6.33817], [106.34661, -6.33761], [106.34943, -6.33667], [106.35112, -6.33685], [106.35148, -6.33611], [106.35248, -6.33733], [106.35477, -6.33499], [106.35811, -6.33388], [106.35909, -6.33222], [106.35847, -6.33173], [106.35954, -6.33032], [106.36361, -6.33228], [106.36859, -6.33249], [106.37743, -6.33046], [106.39067, -6.32921], [106.39574, -6.32932], [106.39801, -6.33079], [106.40094, -6.3303], [106.40081, -6.33142], [106.40467, -6.33446], [106.40445, -6.33572], [106.4032, -6.33657], [106.40531, -6.34], [106.4064, -6.34033], [106.40978, -6.33903], [106.41093, -6.33952], [106.40958, -6.34354], [106.41026, -6.34506], [106.41321, -6.34421], [106.41379, -6.34623], [106.41584, -6.34609], [106.4168, -6.3478], [106.41837, -6.34638], [106.42062, -6.34916], [106.42195, -6.3467], [106.42323, -6.34661], [106.42668, -6.34786], [106.42556, -6.3501], [106.42924, -6.35033], [106.42831, -6.3526], [106.42678, -6.35374], [106.42806, -6.35446], [106.42806, -6.35645], [106.43076, -6.35724], [106.43075, -6.35809], [106.42964, -6.35843], [106.43091, -6.35976], [106.43111, -6.36092], [106.42983, -6.36312], [106.43194, -6.36681], [106.42906, -6.368], [106.42837, -6.36989], [106.4291, -6.37251], [106.43078, -6.37346], [106.42761, -6.37529], [106.42736, -6.37623], [106.4286, -6.37723], [106.43195, -6.37696], [106.43226, -6.38059], [106.43388, -6.38501], [106.43636, -6.38693], [106.43446, -6.38958], [106.42039, -6.39419], [106.41607, -6.3928], [106.41515, -6.39367], [106.41257, -6.39187], [106.41186, -6.39361], [106.40987, -6.39367], [106.40916, -6.39573], [106.40411, -6.39552], [106.40259, -6.39379], [106.40043, -6.39534], [106.39827, -6.39574], [106.39682, -6.39393], [106.39718, -6.39043], [106.39626, -6.38975], [106.39501, -6.39008], [106.39562, -6.38907], [106.39431, -6.38808], [106.39209, -6.38808], [106.39013, -6.38705], [106.38842, -6.38302], [106.38795, -6.37766], [106.38722, -6.37653], [106.39033, -6.37201], [106.39271, -6.3704], [106.39352, -6.36557], [106.39303, -6.36423], [106.39428, -6.36203], [106.39347, -6.36164], [106.39317, -6.36272], [106.39228, -6.36289], [106.38787, -6.3617], [106.3878, -6.36036], [106.38545, -6.35989], [106.38491, -6.36039], [106.38246, -6.35954], [106.38154, -6.35966], [106.38244, -6.36323], [106.38118, -6.36494], [106.38113, -6.36982], [106.38052, -6.37071], [106.381, -6.37281], [106.38054, -6.3735], [106.37882, -6.3748], [106.37682, -6.37821], [106.37274, -6.37909], [106.37232, -6.37999], [106.37077, -6.38057], [106.37018, -6.38341], [106.37092, -6.38513], [106.37055, -6.38766], [106.36673, -6.388], [106.36279, -6.39084], [106.36286, -6.39233], [106.36079, -6.3921], [106.36045, -6.3932], [106.35947, -6.39329], [106.35936, -6.39433], [106.35795, -6.39407], [106.35785, -6.39449]]]}}, {"type": "Feature", "properties": {"domain_id": "360227", "name": "CIRINTEN"}, "geometry": {"type": "Polygon", "coordinates": [[[106.18718, -6.70091], [106.18086, -6.69791], [106.1757, -6.69685], [106.1679, -6.69886], [106.16295, -6.69135], [106.15442, -6.68719], [106.14968, -6.68114], [106.14928, -6.67919], [106.14632, -6.67636], [106.14174, -6.67787], [106.13487, -6.67753], [106.13356, -6.67645], [106.13336, -6.6754], [106.1317, -6.67427], [106.12994, -6.67522], [106.12743, -6.67797], [106.12492, -6.67781], [106.12287, -6.67876], [106.11651, -6.67977], [106.11384, -6.68216], [106.11281, -6.68227], [106.11058, -6.68094], [106.1022, -6.68057], [106.10031, -6.67945], [106.09836, -6.67941], [106.09792, -6.66271], [106.09918, -6.66243], [106.09911, -6.66111], [106.09985, -6.66102], [106.1044, -6.65431], [106.09628, -6.63828], [106.09627, -6.63695], [106.09195, -6.63181], [106.09221, -6.62678], [106.09092, -6.62366], [106.08949, -6.62331], [106.08853, -6.62192], [106.08747, -6.62184], [106.08783, -6.61747], [106.08577, -6.6162], [106.08671, -6.61352], [106.08621, -6.61279], [106.08808, -6.61052], [106.08741, -6.60985], [106.08874, -6.60894], [106.0891, -6.6049], [106.09217, -6.60366], [106.09181, -6.59809], [106.09457, -6.59605], [106.09459, -6.59444], [106.09341, -6.59211], [106.0937, -6.58912], [106.09534, -6.58395], [106.09741, -6.5839], [106.09871, -6.58096], [106.10139, -6.58], [106.10403, -6.57641], [106.10323, -6.574], [106.10019, -6.57258], [106.10346, -6.57017], [106.10489, -6.56788], [106.10451, -6.56522], [106.10236, -6.56479], [106.10174, -6.56378], [106.10142, -6.56092], [106.10205, -6.55975], [106.10452, -6.55956], [106.10617, -6.56046], [106.10808, -6.56014], [106.10949, -6.56196], [106.11345, -6.56076], [106.11281, -6.56597], [106.11132, -6.56858], [106.11086, -6.57241], [106.10996, -6.57337], [106.11164, -6.57625], [106.11295, -6.57689], [106.1131, -6.57861], [106.11469, -6.58102], [106.11446, -6.5825], [106.11906, -6.58238], [106.11935, -6.58162], [106.12023, -6.58152], [106.12074, -6.58302], [106.12263, -6.58156], [106.12311, -6.58279], [106.12413, -6.58171], [106.12366, -6.58099], [106.12576, -6.58151], [106.12648, -6.57946], [106.12798, -6.57844], [106.13021, -6.57897], [106.13488, -6.57694], [106.13542, -6.57706], [106.13578, -6.57924], [106.13642, -6.57944], [106.13716, -6.5821], [106.13632, -6.5854], [106.13508, -6.58666], [106.13472, -6.58829], [106.13376, -6.5893], [106.1339, -6.59036], [106.13242, -6.5921], [106.13246, -6.5931], [106.13194, -6.59303], [106.13059, -6.59594], [106.12918, -6.59672], [106.12966, -6.59902], [106.1282, -6.59999], [106.12762, -6.60212], [106.12536, -6.60538], [106.12646, -6.60614], [106.12543, -6.60659], [106.12532, -6.60751], [106.12579, -6.60808], [106.12537, -6.6095], [106.12631, -6.60967], [106.12446, -6.61282], [106.12487, -6.61449], [106.1264, -6.61523], [106.12557, -6.61715], [106.12635, -6.6185], [106.12745, -6.61806], [106.12751, -6.61881], [106.12883, -6.61938], [106.1304, -6.61894], [106.13085, -6.61568], [106.13224, -6.61348], [106.13142, -6.61251], [106.13212, -6.61173], [106.13265, -6.61233], [106.13243, -6.61134], [106.13405, -6.60994], [106.13318, -6.60896], [106.13314, -6.60771], [106.13833, -6.60767], [106.13928, -6.60857], [106.14128, -6.60863], [106.14155, -6.60912], [106.1467, -6.60935], [106.15081, -6.60649], [106.15326, -6.60331], [106.15708, -6.60357], [106.16035, -6.60566], [106.1601, -6.60675], [106.16104, -6.60742], [106.15782, -6.61419], [106.15766, -6.61697], [106.15888, -6.61906], [106.15913, -6.62095], [106.15867, -6.62529], [106.16032, -6.62628], [106.16115, -6.62791], [106.1637, -6.62887], [106.16427, -6.6302], [106.16544, -6.63018], [106.16667, -6.63139], [106.16976, -6.63145], [106.17101, -6.62996], [106.17223, -6.63015], [106.17344, -6.63147], [106.17704, -6.6312], [106.17825, -6.63228], [106.17836, -6.63317], [106.18005, -6.63364], [106.18021, -6.63532], [106.1851, -6.63753], [106.18614, -6.63941], [106.18555, -6.64079], [106.18603, -6.6417], [106.18504, -6.64297], [106.18563, -6.64585], [106.18489, -6.64648], [106.18497, -6.64739], [106.18951, -6.64568], [106.19038, -6.64595], [106.19094, -6.64493], [106.19464, -6.64679], [106.19721, -6.64624], [106.19974, -6.64695], [106.20025, -6.64861], [106.20281, -6.64846], [106.20594, -6.65184], [106.20719, -6.65128], [106.21042, -6.65291], [106.21116, -6.65428], [106.2133, -6.65451], [106.21445, -6.65355], [106.21802, -6.65322], [106.21838, -6.65472], [106.21958, -6.65426], [106.21886, -6.65658], [106.22024, -6.65751], [106.22029, -6.65882], [106.2181, -6.65941], [106.21784, -6.6609], [106.21687, -6.66047], [106.21636, -6.66096], [106.21715, -6.66286], [106.2185, -6.66294], [106.21817, -6.66375], [106.21689, -6.664], [106.21806, -6.66488], [106.21949, -6.66466], [106.21935, -6.66561], [106.22019, -6.66616], [106.21905, -6.67053], [106.21995, -6.67232], [106.2195, -6.67293], [106.22112, -6.67427], [106.22251, -6.67966], [106.22542, -6.68179], [106.22709, -6.68409], [106.23024, -6.68538], [106.22947, -6.68676], [106.23013, -6.6904], [106.22816, -6.69109], [106.22765, -6.69216], [106.22163, -6.69581], [106.21569, -6.69767], [106.21045, -6.69843], [106.20811, -6.70072], [106.2066, -6.70096], [106.20537, -6.70011], [106.20477, -6.70063], [106.20136, -6.70077], [106.19905, -6.6998], [106.1956, -6.70201], [106.19173, -6.70091], [106.18718, -6.70091]]]}}, {"type": "Feature", "properties": {"domain_id": "360222", "name": "SOBANG"}, "geometry": {"type": "Polygon", "coordinates": [[[106.37575, -6.63101], [106.37931, -6.63734], [106.38504, -6.64272], [106.39038, -6.65406], [106.39311, -6.65839], [106.39607, -6.66226], [106.40027, -6.66579], [106.40229, -6.66907], [106.40577, -6.68406], [106.40643, -6.69086], [106.40991, -6.69732], [106.40314, -6.69814], [106.40123, -6.69785], [106.39605, -6.69255], [106.38764, -6.68954], [106.36875, -6.67739], [106.36284, -6.67479], [106.3587, -6.67371], [106.34967, -6.6778], [106.34686, -6.67805], [106.34207, -6.67701], [106.34134, -6.67708], [106.34065, -6.67832], [106.33893, -6.67784], [106.33991, -6.67922], [106.33946, -6.68002], [106.3344, -6.68014], [106.33097, -6.68207], [106.32978, -6.6835], [106.32752, -6.68353], [106.32144, -6.68692], [106.31972, -6.68713], [106.31613, -6.68744], [106.31356, -6.68518], [106.31244, -6.68292], [106.31082, -6.6832], [106.30692, -6.68604], [106.30506, -6.68526], [106.30385, -6.68557], [106.30231, -6.68418], [106.30184, -6.67997], [106.30014, -6.67919], [106.29809, -6.6794], [106.29744, -6.68067], [106.29785, -6.68259], [106.30039, -6.6853], [106.29908, -6.68694], [106.29953, -6.68781], [106.2974, -6.68687], [106.29585, -6.68845], [106.29482, -6.68784], [106.29346, -6.68822], [106.29215, -6.68968], [106.28739, -6.68768], [106.28488, -6.6853], [106.27592, -6.68032], [106.26901, -6.68043], [106.26916, -6.67763], [106.27064, -6.67614], [106.27015, -6.67498], [106.27095, -6.67291], [106.26998, -6.67088], [106.27046, -6.67011], [106.2683, -6.66737], [106.26895, -6.66627], [106.26795, -6.6654], [106.26754, -6.66213], [106.2653, -6.66008], [106.26726, -6.65675], [106.27016, -6.65662], [106.26937, -6.64983], [106.27022, -6.64671], [106.26816, -6.64464], [106.26802, -6.64033], [106.26384, -6.63565], [106.26236, -6.63243], [106.25964, -6.62988], [106.25759, -6.62604], [106.26154, -6.62186], [106.2655, -6.62047], [106.26759, -6.61706], [106.26735, -6.61486], [106.26562, -6.61492], [106.26323, -6.61317], [106.26291, -6.61075], [106.26497, -6.60919], [106.26659, -6.60989], [106.26834, -6.60965], [106.26924, -6.60623], [106.27376, -6.60875], [106.27403, -6.6084], [106.27371, -6.60058], [106.27268, -6.59612], [106.27344, -6.59455], [106.27631, -6.592], [106.27913, -6.59152], [106.28132, -6.59223], [106.28258, -6.5915], [106.28351, -6.59202], [106.28772, -6.58902], [106.28948, -6.5887], [106.2888, -6.59225], [106.29098, -6.59563], [106.29475, -6.59864], [106.29421, -6.59931], [106.29525, -6.60068], [106.29444, -6.60108], [106.29364, -6.60367], [106.29511, -6.60512], [106.29789, -6.60289], [106.30206, -6.60187], [106.30692, -6.60407], [106.30803, -6.60548], [106.30909, -6.60515], [106.31168, -6.60761], [106.31244, -6.6074], [106.31279, -6.60824], [106.3134, -6.6081], [106.31441, -6.60963], [106.31911, -6.61094], [106.32019, -6.61254], [106.32243, -6.6121], [106.32503, -6.61273], [106.32593, -6.61404], [106.3253, -6.6147], [106.32549, -6.61558], [106.32684, -6.61579], [106.32717, -6.61515], [106.32863, -6.61602], [106.32998, -6.61523], [106.33169, -6.61645], [106.33567, -6.61386], [106.33742, -6.61472], [106.33834, -6.61608], [106.33934, -6.61501], [106.34026, -6.61591], [106.34112, -6.61571], [106.34124, -6.61665], [106.34362, -6.61641], [106.34355, -6.61793], [106.34722, -6.61908], [106.34822, -6.61834], [106.35334, -6.61945], [106.35615, -6.61896], [106.35952, -6.6202], [106.36229, -6.62034], [106.36373, -6.62208], [106.37226, -6.62499], [106.37338, -6.62794], [106.37554, -6.62935], [106.37575, -6.63101]]]}}, {"type": "Feature", "properties": {"domain_id": "360225", "name": "LEBAKGEDONG"}, "geometry": {"type": "Polygon", "coordinates": [[[106.42758, -6.61315], [106.42884, -6.61881], [106.43152, -6.62327], [106.4304, -6.62471], [106.42999, -6.64398], [106.43114, -6.64794], [106.43157, -6.65317], [106.42904, -6.67306], [106.42928, -6.68106], [106.43085, -6.68613], [106.43601, -6.69478], [106.44015, -6.69903], [106.4462, -6.703], [106.44845, -6.70556], [106.44999, -6.70857], [106.45162, -6.71387], [106.45051, -6.7247], [106.45147, -6.7283], [106.43439, -6.72952], [106.42813, -6.72799], [106.42293, -6.72541], [106.42129, -6.70948], [106.41865, -6.70652], [106.41415, -6.70303], [106.40704, -6.69253], [106.40605, -6.68929], [106.40577, -6.68406], [106.40357, -6.67292], [106.40107, -6.66693], [106.39559, -6.66176], [106.39133, -6.6558], [106.38548, -6.64342], [106.38414, -6.64137], [106.37931, -6.63734], [106.37625, -6.63248], [106.37554, -6.62935], [106.37338, -6.62794], [106.37226, -6.62499], [106.36373, -6.62208], [106.36229, -6.62034], [106.36152, -6.61847], [106.36163, -6.61688], [106.36346, -6.6126], [106.36349, -6.60545], [106.36186, -6.60202], [106.36191, -6.59926], [106.36048, -6.59865], [106.35963, -6.5971], [106.35947, -6.59435], [106.35736, -6.59261], [106.35684, -6.59074], [106.35589, -6.59039], [106.35369, -6.58767], [106.3534, -6.58372], [106.3541, -6.58269], [106.35392, -6.58105], [106.36293, -6.58012], [106.36306, -6.58163], [106.36239, -6.58299], [106.36283, -6.58408], [106.36426, -6.58475], [106.36393, -6.58617], [106.36751, -6.58544], [106.36866, -6.58319], [106.37029, -6.58263], [106.36952, -6.5815], [106.37361, -6.58195], [106.37758, -6.58087], [106.37962, -6.58112], [106.38128, -6.58006], [106.38103, -6.57858], [106.38208, -6.57742], [106.38127, -6.57646], [106.38119, -6.57402], [106.38321, -6.57234], [106.38084, -6.56943], [106.38015, -6.5671], [106.38056, -6.56578], [106.38434, -6.56424], [106.3867, -6.56607], [106.39218, -6.56558], [106.39456, -6.56355], [106.40017, -6.56258], [106.40094, -6.55922], [106.40188, -6.55799], [106.40235, -6.55814], [106.40208, -6.55699], [106.40553, -6.55917], [106.41701, -6.55918], [106.41677, -6.56111], [106.41799, -6.56385], [106.4205, -6.56619], [106.42392, -6.56716], [106.42528, -6.56837], [106.4295, -6.57758], [106.43001, -6.58005], [106.42902, -6.58931], [106.42962, -6.59415], [106.42647, -6.60643], [106.42758, -6.61315]]]}}, {"type": "Feature", "properties": {"domain_id": "367407", "name": "SETU"}, "geometry": {"type": "Polygon", "coordinates": [[[106.69991, -6.34562], [106.70191, -6.34553], [106.70205, -6.34708], [106.70387, -6.34734], [106.70442, -6.34803], [106.70582, -6.34769], [106.70727, -6.34796], [106.70754, -6.34858], [106.7115, -6.34852], [106.71331, -6.3509], [106.71531, -6.35151], [106.71541, -6.35287], [106.71651, -6.35441], [106.71842, -6.35455], [106.71893, -6.35531], [106.71838, -6.3559], [106.71881, -6.35875], [106.67501, -6.35904], [106.65098, -6.36219], [106.65211, -6.36126], [106.65625, -6.35997], [106.65703, -6.35843], [106.65551, -6.35521], [106.65561, -6.35307], [106.65469, -6.35053], [106.65005, -6.34716], [106.64725, -6.34415], [106.64682, -6.34248], [106.64701, -6.34043], [106.64842, -6.33874], [106.6546, -6.33535], [106.6586, -6.32949], [106.6604, -6.32821], [106.66062, -6.32726], [106.65891, -6.32605], [106.65937, -6.3247], [106.66212, -6.32509], [106.66483, -6.32697], [106.66664, -6.32706], [106.66746, -6.32869], [106.67082, -6.3262], [106.67152, -6.32666], [106.67378, -6.3263], [106.67404, -6.32681], [106.67412, -6.32588], [106.67653, -6.32652], [106.67711, -6.32605], [106.67625, -6.32562], [106.67756, -6.32564], [106.67883, -6.32572], [106.68175, -6.32762], [106.6832, -6.33217], [106.683, -6.33331], [106.68439, -6.3348], [106.68318, -6.33621], [106.683, -6.3386], [106.68206, -6.33906], [106.68268, -6.33967], [106.68225, -6.34084], [106.68284, -6.34229], [106.68374, -6.34237], [106.68306, -6.34384], [106.6842, -6.34697], [106.6842, -6.34777], [106.68216, -6.34969], [106.68286, -6.35096], [106.686, -6.35005], [106.68598, -6.34913], [106.68922, -6.34887], [106.68986, -6.34703], [106.69442, -6.34698], [106.69413, -6.34558], [106.69495, -6.34589], [106.69584, -6.34441], [106.69721, -6.34436], [106.69759, -6.34341], [106.69856, -6.34334], [106.69991, -6.34637], [106.69991, -6.34562]]]}}, {"type": "Feature", "properties": {"domain_id": "367401", "name": "SERPONG"}, "geometry": {"type": "Polygon", "coordinates": [[[106.7005, -6.33224], [106.69933, -6.33329], [106.69986, -6.33399], [106.70056, -6.33401], [106.70082, -6.33335], [106.70144, -6.33378], [106.70189, -6.33695], [106.70351, -6.33774], [106.70313, -6.3399], [106.70486, -6.33953], [106.70456, -6.34106], [106.70623, -6.34086], [106.70932, -6.34264], [106.71029, -6.34225], [106.71091, -6.34266], [106.7101, -6.34356], [106.71106, -6.34526], [106.71062, -6.34738], [106.71103, -6.34853], [106.70754, -6.34858], [106.70727, -6.34796], [106.70582, -6.34769], [106.70415, -6.34796], [106.70387, -6.34734], [106.70205, -6.34708], [106.70191, -6.34553], [106.6999, -6.34535], [106.69991, -6.34637], [106.69817, -6.34326], [106.69721, -6.34436], [106.69584, -6.34441], [106.69495, -6.34589], [106.69413, -6.34558], [106.69442, -6.34698], [106.68986, -6.34703], [106.68922, -6.34887], [106.68598, -6.34913], [106.686, -6.35005], [106.68293, -6.35098], [106.68214, -6.34975], [106.68294, -6.34842], [106.6842, -6.34777], [106.6842, -6.34697], [106.68306, -6.34384], [106.68374, -6.34237], [106.68284, -6.34229], [106.68225, -6.34084], [106.68268, -6.33967], [106.68206, -6.33906], [106.683, -6.3386], [106.68318, -6.33621], [106.68439, -6.3348], [106.683, -6.33331], [106.68314, -6.33191], [106.68133, -6.32718], [106.67883, -6.32572], [106.67625, -6.32562], [106.67711, -6.32605], [106.67653, -6.32652], [106.67412, -6.32588], [106.67404, -6.32681], [106.67378, -6.3263], [106.67152, -6.32666], [106.67082, -6.3262], [106.66746, -6.32869], [106.66664, -6.32706], [106.66483, -6.32697], [106.66212, -6.32509], [106.65957, -6.32461], [106.65891, -6.32605], [106.65817, -6.32554], [106.65784, -6.32445], [106.65894, -6.31823], [106.66152, -6.31834], [106.66216, -6.31729], [106.6607, -6.31558], [106.65905, -6.31558], [106.65642, -6.3167], [106.65548, -6.31578], [106.65567, -6.31375], [106.65803, -6.31152], [106.659, -6.30803], [106.65694, -6.30574], [106.65613, -6.30085], [106.65371, -6.29898], [106.65419, -6.29366], [106.6567, -6.29266], [106.65768, -6.29161], [106.65669, -6.28727], [106.65445, -6.28572], [106.65487, -6.28445], [106.65697, -6.28233], [106.66474, -6.27688], [106.66605, -6.27772], [106.6659, -6.27865], [106.66648, -6.27907], [106.67264, -6.27922], [106.67429, -6.27959], [106.6748, -6.28069], [106.68072, -6.28053], [106.68178, -6.28123], [106.68189, -6.2826], [106.68364, -6.2836], [106.68576, -6.2814], [106.68657, -6.28127], [106.68616, -6.28242], [106.68814, -6.28254], [106.6894, -6.28607], [106.69031, -6.28662], [106.68923, -6.2874], [106.68945, -6.28869], [106.68869, -6.28872], [106.68858, -6.28933], [106.68901, -6.28993], [106.69035, -6.28946], [106.69057, -6.29052], [106.69224, -6.29102], [106.69262, -6.29369], [106.69159, -6.29415], [106.69294, -6.29442], [106.69356, -6.29638], [106.6947, -6.29669], [106.69428, -6.29812], [106.69553, -6.29861], [106.6947, -6.30014], [106.69386, -6.30048], [106.69484, -6.3011], [106.6959, -6.30064], [106.69785, -6.30169], [106.6972, -6.30287], [106.69866, -6.3036], [106.69906, -6.30449], [106.69906, -6.30711], [106.70049, -6.30711], [106.69994, -6.3077], [106.70029, -6.30805], [106.70347, -6.30763], [106.70326, -6.3088], [106.70427, -6.30951], [106.70458, -6.31156], [106.70589, -6.31222], [106.70533, -6.31321], [106.70588, -6.31849], [106.70476, -6.32001], [106.70365, -6.31989], [106.70335, -6.32157], [106.70204, -6.32285], [106.70176, -6.32396], [106.70376, -6.32445], [106.70374, -6.3263], [106.70314, -6.32713], [106.70136, -6.32693], [106.70082, -6.32822], [106.70163, -6.32887], [106.70079, -6.32957], [106.69995, -6.32934], [106.69991, -6.33034], [106.70084, -6.33072], [106.7005, -6.33224]]]}}, {"type": "Feature", "properties": {"domain_id": "367108", "name": "PERIUK"}, "geometry": {"type": "Polygon", "coordinates": [[[106.6016, -6.17286], [106.60095, -6.17478], [106.60214, -6.17648], [106.60199, -6.17812], [106.60253, -6.17899], [106.60081, -6.1804], [106.59991, -6.18797], [106.59903, -6.18785], [106.59864, -6.18875], [106.5973, -6.18917], [106.59182, -6.18898], [106.59043, -6.19033], [106.58954, -6.18998], [106.59151, -6.18588], [106.58724, -6.18575], [106.58718, -6.1831], [106.58776, -6.18246], [106.58576, -6.18104], [106.58598, -6.17579], [106.58544, -6.17526], [106.58331, -6.17559], [106.58251, -6.17972], [106.57672, -6.17824], [106.57444, -6.18646], [106.57266, -6.18482], [106.57101, -6.18425], [106.56704, -6.17618], [106.56856, -6.1749], [106.57219, -6.17485], [106.57336, -6.17388], [106.57536, -6.1739], [106.57686, -6.1725], [106.57905, -6.17218], [106.57864, -6.17004], [106.58002, -6.16871], [106.58064, -6.16697], [106.58261, -6.1669], [106.58306, -6.16277], [106.58368, -6.16221], [106.58732, -6.16198], [106.59204, -6.15852], [106.59106, -6.15837], [106.59189, -6.15675], [106.59138, -6.15643], [106.59038, -6.14822], [106.59245, -6.1483], [106.59244, -6.14772], [106.61337, -6.14778], [106.61242, -6.15262], [106.6133, -6.15576], [106.61506, -6.15776], [106.61359, -6.15797], [106.61425, -6.15917], [106.61265, -6.16183], [106.60895, -6.16168], [106.60881, -6.16279], [106.60932, -6.16309], [106.60888, -6.1645], [106.60753, -6.16477], [106.60646, -6.16766], [106.60349, -6.17083], [106.60406, -6.17141], [106.60331, -6.17119], [106.60256, -6.17264], [106.6016, -6.17286]]]}}, {"type": "Feature", "properties": {"domain_id": "367109", "name": "CIBODAS"}, "geometry": {"type": "Polygon", "coordinates": [[[106.61635, -6.21045], [106.61934, -6.21104], [106.62033, -6.21286], [106.62534, -6.21443], [106.63059, -6.21897], [106.62966, -6.22434], [106.63041, -6.2255], [106.62927, -6.22631], [106.62805, -6.22853], [106.62557, -6.22726], [106.61879, -6.22755], [106.6176, -6.22495], [106.61522, -6.22514], [106.61387, -6.22692], [106.61163, -6.22715], [106.61077, -6.225], [106.61373, -6.22351], [106.61385, -6.22025], [106.60929, -6.22013], [106.61253, -6.2159], [106.6093, -6.2148], [106.60575, -6.21475], [106.60511, -6.21357], [106.60251, -6.21304], [106.6048, -6.20842], [106.60332, -6.20701], [106.6011, -6.20554], [106.6, -6.20719], [106.59693, -6.2071], [106.59655, -6.20585], [106.5957, -6.20588], [106.59573, -6.20491], [106.59372, -6.20468], [106.59258, -6.20278], [106.59148, -6.20289], [106.58944, -6.20189], [106.58998, -6.20118], [106.58855, -6.19917], [106.58626, -6.19795], [106.58719, -6.19352], [106.59159, -6.18909], [106.5973, -6.18917], [106.59864, -6.18875], [106.59903, -6.18785], [106.59991, -6.18797], [106.60081, -6.1804], [106.60184, -6.17921], [106.60419, -6.18015], [106.60392, -6.18073], [106.60557, -6.18204], [106.60552, -6.1838], [106.60753, -6.18682], [106.60689, -6.18751], [106.60708, -6.18965], [106.60886, -6.19078], [106.60841, -6.19193], [106.60893, -6.19321], [106.60808, -6.19329], [106.60815, -6.19539], [106.6104, -6.19599], [106.61063, -6.19696], [106.60964, -6.19795], [106.61051, -6.19885], [106.61132, -6.20163], [106.612, -6.20186], [106.61137, -6.20486], [106.61179, -6.20676], [106.61271, -6.20859], [106.61409, -6.20945], [106.61422, -6.21063], [106.61538, -6.21104], [106.61635, -6.21045]]]}}, {"type": "Feature", "properties": {"domain_id": "367404", "name": "CIPUTAT"}, "geometry": {"type": "Polygon", "coordinates": [[[106.75, -6.31613], [106.75, -6.3203], [106.75108, -6.32111], [106.75154, -6.323], [106.7511, -6.32403], [106.7518, -6.3247], [106.75273, -6.32459], [106.75352, -6.32567], [106.75635, -6.32626], [106.75651, -6.32723], [106.75901, -6.32835], [106.75807, -6.33046], [106.75789, -6.33258], [106.75838, -6.33332], [106.75751, -6.33382], [106.75784, -6.34081], [106.75715, -6.342], [106.75407, -6.3419], [106.75459, -6.34549], [106.75212, -6.34668], [106.74972, -6.34696], [106.74975, -6.34121], [106.74823, -6.34058], [106.74685, -6.34144], [106.74654, -6.3392], [106.7475, -6.33662], [106.74687, -6.33659], [106.74686, -6.33539], [106.74575, -6.33369], [106.74297, -6.33263], [106.74309, -6.33122], [106.74181, -6.33006], [106.7413, -6.32795], [106.74039, -6.32759], [106.74059, -6.32514], [106.74282, -6.32428], [106.74279, -6.31998], [106.74345, -6.3173], [106.7427, -6.31664], [106.74428, -6.311], [106.74501, -6.31095], [106.74511, -6.30482], [106.73901, -6.30547], [106.73443, -6.305], [106.73229, -6.30554], [106.73201, -6.31105], [106.73645, -6.31695], [106.73631, -6.3182], [106.73181, -6.31909], [106.73022, -6.31845], [106.72479, -6.31848], [106.72499, -6.32196], [106.72597, -6.32481], [106.72308, -6.32537], [106.72192, -6.32341], [106.71837, -6.32287], [106.71789, -6.32517], [106.71436, -6.3244], [106.7111, -6.32489], [106.71072, -6.3237], [106.70715, -6.32309], [106.7056, -6.32322], [106.70499, -6.32458], [106.70335, -6.32384], [106.70176, -6.32396], [106.70388, -6.32059], [106.70365, -6.31989], [106.70476, -6.32001], [106.70584, -6.31861], [106.70533, -6.31321], [106.70589, -6.31222], [106.70458, -6.31156], [106.70427, -6.30951], [106.70326, -6.3088], [106.70347, -6.30763], [106.70029, -6.30805], [106.69994, -6.3077], [106.70049, -6.30711], [106.69906, -6.30711], [106.69906, -6.30449], [106.69866, -6.3036], [106.6972, -6.30287], [106.69785, -6.30169], [106.6959, -6.30064], [106.69484, -6.3011], [106.69386, -6.30048], [106.6947, -6.30014], [106.69553, -6.29861], [106.69428, -6.29812], [106.6947, -6.29669], [106.69356, -6.29638], [106.69294, -6.29442], [106.69164, -6.29424], [106.69262, -6.29369], [106.69242, -6.29163], [106.69218, -6.29097], [106.69057, -6.29052], [106.6906, -6.28987], [106.70324, -6.28843], [106.70501, -6.29017], [106.70553, -6.29188], [106.70863, -6.2943], [106.71404, -6.29366], [106.71591, -6.29262], [106.71511, -6.29051], [106.71544, -6.28569], [106.71676, -6.28442], [106.7178, -6.28117], [106.71932, -6.28028], [106.72223, -6.27988], [106.72499, -6.2814], [106.72637, -6.28634], [106.72795, -6.28809], [106.72943, -6.28834], [106.73115, -6.28714], [106.73157, -6.2882], [106.73386, -6.28996], [106.73356, -6.29058], [106.73443, -6.29299], [106.73611, -6.2932], [106.73591, -6.29387], [106.73642, -6.29408], [106.73689, -6.29326], [106.73887, -6.29356], [106.74089, -6.29524], [106.74302, -6.29563], [106.74587, -6.29979], [106.7485, -6.29959], [106.749, -6.30014], [106.7526, -6.29877], [106.75244, -6.29754], [106.75421, -6.29482], [106.75789, -6.29495], [106.75754, -6.29628], [106.76098, -6.29765], [106.76194, -6.29926], [106.76199, -6.30077], [106.75623, -6.3072], [106.75583, -6.30934], [106.75401, -6.31151], [106.75301, -6.31214], [106.75, -6.312], [106.75, -6.31613]]]}}, {"type": "Feature", "properties": {"domain_id": "367402", "name": "SERPONG UTARA"}, "geometry": {"type": "Polygon", "coordinates": [[[106.68272, -6.27633], [106.68451, -6.27861], [106.68409, -6.27917], [106.68657, -6.28127], [106.68494, -6.28199], [106.68364, -6.2836], [106.68189, -6.2826], [106.68178, -6.28123], [106.68072, -6.28053], [106.6748, -6.28069], [106.67429, -6.27959], [106.67264, -6.27922], [106.66648, -6.27907], [106.6659, -6.27865], [106.66605, -6.27772], [106.66474, -6.27688], [106.65697, -6.28233], [106.65487, -6.28445], [106.65445, -6.28572], [106.64929, -6.2834], [106.64665, -6.27947], [106.64613, -6.27565], [106.65066, -6.27296], [106.65195, -6.26924], [106.64854, -6.26722], [106.64759, -6.26591], [106.64901, -6.26087], [106.64678, -6.2576], [106.64388, -6.24727], [106.64436, -6.24262], [106.63669, -6.23688], [106.6392, -6.23184], [106.63833, -6.22989], [106.64617, -6.22961], [106.66154, -6.2313], [106.68148, -6.2311], [106.68179, -6.23005], [106.68295, -6.22982], [106.68794, -6.23019], [106.69008, -6.23168], [106.69174, -6.23194], [106.69082, -6.23347], [106.68976, -6.23358], [106.68979, -6.2328], [106.6882, -6.23405], [106.68892, -6.23562], [106.68735, -6.23723], [106.6871, -6.23857], [106.68781, -6.2393], [106.68674, -6.23957], [106.6869, -6.24051], [106.68495, -6.2407], [106.68407, -6.24192], [106.68321, -6.24197], [106.6837, -6.24267], [106.68222, -6.24226], [106.6821, -6.24313], [106.6816, -6.24269], [106.68117, -6.24337], [106.68119, -6.24266], [106.68068, -6.24264], [106.67977, -6.24436], [106.6801, -6.24489], [106.67941, -6.24524], [106.67987, -6.24554], [106.67955, -6.24636], [106.67868, -6.2461], [106.67773, -6.24741], [106.67845, -6.24865], [106.67738, -6.25011], [106.67794, -6.25208], [106.67751, -6.25294], [106.67834, -6.25438], [106.67686, -6.2567], [106.67814, -6.25679], [106.67962, -6.25863], [106.6788, -6.26049], [106.67731, -6.26084], [106.67771, -6.26163], [106.67584, -6.26322], [106.67639, -6.26392], [106.675, -6.266], [106.67617, -6.26552], [106.67616, -6.2663], [106.67801, -6.2666], [106.67703, -6.2678], [106.67745, -6.26881], [106.67807, -6.26874], [106.6775, -6.27031], [106.67909, -6.27083], [106.67891, -6.27228], [106.68013, -6.27202], [106.68128, -6.2729], [106.68164, -6.27363], [106.68083, -6.27438], [106.68272, -6.27633]]]}}, {"type": "Feature", "properties": {"domain_id": "367110", "name": "NEGLASARI"}, "geometry": {"type": "Polygon", "coordinates": [[[106.6333, -6.14898], [106.64953, -6.14273], [106.65004, -6.14814], [106.6488, -6.14862], [106.64914, -6.15475], [106.65016, -6.15463], [106.65049, -6.15819], [106.6501, -6.16531], [106.6357, -6.16783], [106.63386, -6.16759], [106.62769, -6.15892], [106.62327, -6.15407], [106.62177, -6.1546], [106.61793, -6.15865], [106.6158, -6.15843], [106.6133, -6.15576], [106.6124, -6.15087], [106.61383, -6.14475], [106.61576, -6.14092], [106.61158, -6.13715], [106.61084, -6.13507], [106.61322, -6.13309], [106.61413, -6.13124], [106.61401, -6.1261], [106.61572, -6.12528], [106.61763, -6.12294], [106.62056, -6.12271], [106.62307, -6.12069], [106.62643, -6.1207], [106.62857, -6.11996], [106.63044, -6.12121], [106.63226, -6.12005], [106.63136, -6.11724], [106.63258, -6.1158], [106.63276, -6.11223], [106.6358, -6.10611], [106.6375, -6.10561], [106.63728, -6.10612], [106.6387, -6.10608], [106.6428, -6.10859], [106.64197, -6.11066], [106.64238, -6.11339], [106.64133, -6.11409], [106.64039, -6.11381], [106.6398, -6.11506], [106.63793, -6.11488], [106.63448, -6.11679], [106.63293, -6.14149], [106.63273, -6.14894], [106.6333, -6.14898]]]}}, {"type": "Feature", "properties": {"domain_id": "367107", "name": "KARAWACI"}, "geometry": {"type": "Polygon", "coordinates": [[[106.61451, -6.21083], [106.61409, -6.20945], [106.61271, -6.20859], [106.61177, -6.2067], [106.61137, -6.20486], [106.612, -6.20186], [106.61132, -6.20163], [106.61051, -6.19885], [106.60963, -6.19791], [106.61057, -6.19637], [106.60815, -6.19539], [106.60808, -6.19329], [106.60893, -6.19321], [106.60841, -6.19193], [106.60886, -6.19078], [106.60708, -6.18965], [106.60689, -6.18751], [106.60753, -6.18682], [106.60552, -6.1838], [106.60557, -6.18204], [106.60392, -6.18073], [106.60419, -6.18015], [106.60187, -6.17924], [106.60253, -6.17899], [106.60199, -6.17812], [106.60217, -6.17659], [106.60094, -6.1747], [106.60165, -6.17275], [106.60256, -6.17264], [106.60331, -6.17119], [106.60406, -6.17141], [106.60349, -6.17083], [106.60646, -6.16766], [106.60753, -6.16477], [106.60888, -6.1645], [106.60904, -6.16159], [106.61265, -6.16183], [106.61425, -6.15917], [106.61364, -6.1579], [106.61506, -6.15776], [106.61747, -6.15886], [106.61928, -6.15769], [106.62177, -6.1546], [106.62327, -6.15407], [106.62769, -6.15892], [106.63386, -6.16759], [106.6328, -6.16865], [106.62845, -6.16903], [106.62877, -6.17555], [106.62794, -6.17888], [106.62998, -6.18191], [106.63031, -6.18674], [106.63392, -6.18831], [106.63419, -6.1891], [106.63212, -6.19103], [106.6276, -6.19094], [106.6262, -6.19196], [106.62633, -6.19846], [106.62347, -6.20247], [106.62196, -6.20589], [106.62361, -6.21082], [106.61998, -6.21163], [106.6161, -6.21039], [106.61553, -6.21101], [106.61451, -6.21083]]]}}, {"type": "Feature", "properties": {"domain_id": "367106", "name": "CILEDUG"}, "geometry": {"type": "Polygon", "coordinates": [[[106.7082, -6.25108], [106.70587, -6.25094], [106.70457, -6.25241], [106.70383, -6.25461], [106.70401, -6.2561], [106.70262, -6.25477], [106.69978, -6.25371], [106.69831, -6.25166], [106.696, -6.25134], [106.69722, -6.24433], [106.69104, -6.24373], [106.6889, -6.23882], [106.6877, -6.23929], [106.6871, -6.23857], [106.68735, -6.23723], [106.68892, -6.23562], [106.6882, -6.23405], [106.68979, -6.2328], [106.68976, -6.23358], [106.69082, -6.23347], [106.69164, -6.23153], [106.69355, -6.23141], [106.69435, -6.23018], [106.69323, -6.22982], [106.69521, -6.22672], [106.69705, -6.22772], [106.69826, -6.22715], [106.6988, -6.22606], [106.69992, -6.22622], [106.70028, -6.22786], [106.70112, -6.22788], [106.70232, -6.2246], [106.70309, -6.2241], [106.7039, -6.22541], [106.71061, -6.22478], [106.71505, -6.22723], [106.71854, -6.22776], [106.72094, -6.22914], [106.72337, -6.22966], [106.72219, -6.23105], [106.71895, -6.23853], [106.71914, -6.24381], [106.71788, -6.24739], [106.71949, -6.24806], [106.71946, -6.24936], [106.72068, -6.25081], [106.71448, -6.25152], [106.7082, -6.25108]]]}}, {"type": "Feature", "properties": {"domain_id": "367111", "name": "PINANG"}, "geometry": {"type": "Polygon", "coordinates": [[[106.64793, -6.22979], [106.63833, -6.22989], [106.63199, -6.22658], [106.62966, -6.22435], [106.63059, -6.21897], [106.62717, -6.21567], [106.62817, -6.21498], [106.63448, -6.21439], [106.64729, -6.21382], [106.64661, -6.21211], [106.64625, -6.20697], [106.64763, -6.2069], [106.64851, -6.20502], [106.6466, -6.20283], [106.64691, -6.20203], [106.64846, -6.20213], [106.64837, -6.1979], [106.6474, -6.19706], [106.64747, -6.19488], [106.64948, -6.19427], [106.65387, -6.19518], [106.65409, -6.19633], [106.65728, -6.19642], [106.65808, -6.19733], [106.66429, -6.19731], [106.66667, -6.19813], [106.66761, -6.1972], [106.66869, -6.19713], [106.66897, -6.19772], [106.67009, -6.19733], [106.67134, -6.19487], [106.67463, -6.19514], [106.67511, -6.19439], [106.67733, -6.19669], [106.6769, -6.19862], [106.67782, -6.19985], [106.67754, -6.2018], [106.68031, -6.20352], [106.68042, -6.20305], [106.6818, -6.20313], [106.68202, -6.20193], [106.68294, -6.20208], [106.68349, -6.20113], [106.68649, -6.20142], [106.68652, -6.20029], [106.68727, -6.19969], [106.68846, -6.20088], [106.69262, -6.19967], [106.69412, -6.19856], [106.69515, -6.20129], [106.69425, -6.2037], [106.69464, -6.20519], [106.69299, -6.20581], [106.694, -6.20712], [106.69484, -6.20696], [106.69573, -6.21083], [106.69717, -6.21154], [106.69643, -6.21213], [106.69672, -6.21703], [106.69566, -6.21834], [106.69305, -6.2181], [106.69343, -6.21997], [106.69487, -6.22188], [106.69584, -6.22204], [106.69681, -6.22396], [106.69323, -6.22982], [106.69435, -6.23018], [106.69355, -6.23141], [106.69008, -6.23168], [106.68794, -6.23019], [106.68295, -6.22982], [106.68179, -6.23005], [106.68148, -6.2311], [106.66154, -6.2313], [106.64793, -6.22979]]]}}, {"type": "Feature", "properties": {"domain_id": "367403", "name": "PONDOK AREN"}, "geometry": {"type": "Polygon", "coordinates": [[[106.71839, -6.28077], [106.71676, -6.28442], [106.71544, -6.28569], [106.71511, -6.29051], [106.7159, -6.29265], [106.71404, -6.29366], [106.70863, -6.2943], [106.70553, -6.29188], [106.70501, -6.29017], [106.70324, -6.28843], [106.68897, -6.28992], [106.68865, -6.28876], [106.68945, -6.28869], [106.68923, -6.2874], [106.69031, -6.28662], [106.6894, -6.28607], [106.68814, -6.28254], [106.68599, -6.28231], [106.68649, -6.28097], [106.68409, -6.27917], [106.68451, -6.27861], [106.68373, -6.27718], [106.68083, -6.27438], [106.68159, -6.27329], [106.68013, -6.27202], [106.67891, -6.27228], [106.67909, -6.27083], [106.6775, -6.27031], [106.67807, -6.26874], [106.67745, -6.26881], [106.67703, -6.2678], [106.67801, -6.2666], [106.67616, -6.2663], [106.67617, -6.26552], [106.675, -6.266], [106.67639, -6.26392], [106.67584, -6.26322], [106.67771, -6.26163], [106.67731, -6.26084], [106.6788, -6.26049], [106.67962, -6.25863], [106.67814, -6.25679], [106.67731, -6.25711], [106.67686, -6.25663], [106.67834, -6.25438], [106.67751, -6.25294], [106.67794, -6.25208], [106.67738, -6.25011], [106.67845, -6.24865], [106.67773, -6.24741], [106.67868, -6.2461], [106.67955, -6.24636], [106.67987, -6.24554], [106.67941, -6.24524], [106.6801, -6.24489], [106.67977, -6.24436], [106.68068, -6.24264], [106.68119, -6.24266], [106.68117, -6.24337], [106.6816, -6.24269], [106.6821, -6.24313], [106.68222, -6.24226], [106.6837, -6.24267], [106.68341, -6.24181], [106.68407, -6.24192], [106.68495, -6.2407], [106.6869, -6.24051], [106.68684, -6.23947], [106.6889, -6.23882], [106.69104, -6.24373], [106.69722, -6.24433], [106.696, -6.25134], [106.69831, -6.25166], [106.69939, -6.25343], [106.70262, -6.25477], [106.70401, -6.2561], [106.70383, -6.25461], [106.70457, -6.25241], [106.70587, -6.25094], [106.7068, -6.25082], [106.71448, -6.25152], [106.72345, -6.25088], [106.72494, -6.25255], [106.72905, -6.25295], [106.73779, -6.2524], [106.7383, -6.25099], [106.74629, -6.25164], [106.74723, -6.25147], [106.7482, -6.25008], [106.75184, -6.25004], [106.75256, -6.25167], [106.75357, -6.25164], [106.75416, -6.25535], [106.75493, -6.25619], [106.75438, -6.25954], [106.7525, -6.25974], [106.75157, -6.26058], [106.75148, -6.26177], [106.75351, -6.26228], [106.75632, -6.26161], [106.75652, -6.26245], [106.75248, -6.26466], [106.75231, -6.26802], [106.75318, -6.26886], [106.7483, -6.27383], [106.74554, -6.27602], [106.74537, -6.27531], [106.74129, -6.27465], [106.73549, -6.27588], [106.73553, -6.27662], [106.73457, -6.27697], [106.73405, -6.27572], [106.73308, -6.2762], [106.73286, -6.27364], [106.73201, -6.27267], [106.72991, -6.27238], [106.72844, -6.27281], [106.72838, -6.27377], [106.72592, -6.2741], [106.73023, -6.28067], [106.7292, -6.28307], [106.73021, -6.28406], [106.7301, -6.28579], [106.73115, -6.28714], [106.72943, -6.28834], [106.72847, -6.28843], [106.7267, -6.28698], [106.72494, -6.28134], [106.72223, -6.27988], [106.71839, -6.28077]]]}}, {"type": "Feature", "properties": {"domain_id": "367112", "name": "KARANG TENGAH"}, "geometry": {"type": "Polygon", "coordinates": [[[106.70235, -6.22476], [106.70123, -6.22786], [106.70028, -6.22786], [106.69992, -6.22622], [106.6988, -6.22606], [106.69826, -6.22715], [106.69705, -6.22772], [106.69521, -6.22672], [106.69679, -6.2238], [106.69584, -6.22204], [106.69487, -6.22188], [106.69343, -6.21997], [106.69304, -6.21816], [106.69566, -6.21834], [106.69672, -6.21703], [106.69643, -6.21213], [106.69717, -6.21154], [106.69573, -6.21083], [106.69484, -6.20696], [106.694, -6.20712], [106.69299, -6.20581], [106.69461, -6.20536], [106.69421, -6.20452], [106.69468, -6.20149], [106.69774, -6.2003], [106.69827, -6.20058], [106.6982, -6.20173], [106.69881, -6.20191], [106.70028, -6.19954], [106.7021, -6.19822], [106.70043, -6.19794], [106.7002, -6.19553], [106.70225, -6.19562], [106.70278, -6.19626], [106.70348, -6.19502], [106.70478, -6.19621], [106.70752, -6.19541], [106.7077, -6.19684], [106.70862, -6.1966], [106.71019, -6.1974], [106.71117, -6.19584], [106.71211, -6.19594], [106.7129, -6.19486], [106.71257, -6.19318], [106.71344, -6.19177], [106.71803, -6.19276], [106.71963, -6.1919], [106.72023, -6.19246], [106.72198, -6.19145], [106.72413, -6.19179], [106.72471, -6.1941], [106.72387, -6.19619], [106.72447, -6.19662], [106.72339, -6.19907], [106.72453, -6.20227], [106.72438, -6.20786], [106.72357, -6.20853], [106.72309, -6.21231], [106.71991, -6.21217], [106.71884, -6.21857], [106.7183, -6.2186], [106.71783, -6.22019], [106.71809, -6.22304], [106.71987, -6.22309], [106.72017, -6.22423], [106.72183, -6.2251], [106.7227, -6.22648], [106.72364, -6.22654], [106.72337, -6.22966], [106.72094, -6.22914], [106.71854, -6.22776], [106.71505, -6.22723], [106.71077, -6.2248], [106.7039, -6.22541], [106.70309, -6.2241], [106.70235, -6.22476]]]}}, {"type": "Feature", "properties": {"domain_id": "367113", "name": "LARANGAN"}, "geometry": {"type": "Polygon", "coordinates": [[[106.73405, -6.22399], [106.73741, -6.22377], [106.73774, -6.22537], [106.73956, -6.22537], [106.73978, -6.2262], [106.7404, -6.22623], [106.74033, -6.22766], [106.74331, -6.22756], [106.74326, -6.22877], [106.74442, -6.22903], [106.7439, -6.2305], [106.74545, -6.23083], [106.7454, -6.2318], [106.74448, -6.23229], [106.74479, -6.23383], [106.744, -6.23649], [106.74683, -6.23639], [106.74864, -6.24084], [106.74701, -6.24371], [106.74666, -6.24731], [106.7482, -6.24956], [106.74723, -6.25147], [106.7383, -6.25099], [106.73779, -6.2524], [106.72936, -6.25295], [106.72494, -6.25255], [106.72345, -6.25088], [106.72049, -6.25097], [106.71946, -6.24936], [106.71949, -6.24806], [106.71788, -6.24739], [106.71914, -6.24381], [106.71904, -6.23816], [106.72359, -6.22853], [106.72362, -6.22651], [106.7227, -6.22648], [106.72039, -6.22424], [106.73405, -6.22399]]]}}, {"type": "Feature", "properties": {"domain_id": "360114", "name": "SAKETI"}, "geometry": {"type": "Polygon", "coordinates": [[[105.93589, -6.45654], [105.93673, -6.45901], [105.93728, -6.45907], [105.93727, -6.46151], [105.93618, -6.46279], [105.93654, -6.46479], [105.93559, -6.46399], [105.93472, -6.46491], [105.93251, -6.46429], [105.93165, -6.46259], [105.93018, -6.46186], [105.92925, -6.46207], [105.92944, -6.46086], [105.92839, -6.46064], [105.92814, -6.45954], [105.92725, -6.45962], [105.92736, -6.45661], [105.92647, -6.45472], [105.92473, -6.45306], [105.92259, -6.45236], [105.92158, -6.45278], [105.92101, -6.45131], [105.91913, -6.45268], [105.9188, -6.45154], [105.91648, -6.45076], [105.91598, -6.44919], [105.91456, -6.44959], [105.91396, -6.44695], [105.91329, -6.44685], [105.91229, -6.4481], [105.91276, -6.44699], [105.91219, -6.4464], [105.9104, -6.44778], [105.91084, -6.44629], [105.91004, -6.44545], [105.91071, -6.4444], [105.91309, -6.44431], [105.9122, -6.44289], [105.91339, -6.44217], [105.91756, -6.44374], [105.91779, -6.44304], [105.91961, -6.44281], [105.91997, -6.44124], [105.92128, -6.44104], [105.92112, -6.4386], [105.92158, -6.43869], [105.92229, -6.43654], [105.9241, -6.43688], [105.92431, -6.43619], [105.92542, -6.43639], [105.92531, -6.43473], [105.92661, -6.42982], [105.92869, -6.42719], [105.9293, -6.42398], [105.93654, -6.4219], [105.93725, -6.42044], [105.93889, -6.41944], [105.93898, -6.41802], [105.94277, -6.4177], [105.94543, -6.4201], [105.94543, -6.42507], [105.94481, -6.42657], [105.94605, -6.43242], [105.94742, -6.43101], [105.9522, -6.42908], [105.953, -6.42565], [105.9537, -6.42657], [105.95455, -6.42617], [105.95412, -6.4251], [105.95521, -6.42479], [105.95493, -6.42302], [105.95651, -6.42253], [105.95656, -6.42125], [105.95609, -6.4207], [105.94758, -6.41966], [105.94771, -6.41665], [105.94589, -6.41531], [105.94456, -6.413], [105.94691, -6.41263], [105.94845, -6.41096], [105.94773, -6.40936], [105.9478, -6.40263], [105.95061, -6.40245], [105.95316, -6.40306], [105.95316, -6.40091], [105.95527, -6.40067], [105.95421, -6.39975], [105.95449, -6.39899], [105.95254, -6.39618], [105.9533, -6.39556], [105.95436, -6.39588], [105.95514, -6.39347], [105.95431, -6.39012], [105.956, -6.38739], [105.95742, -6.38633], [105.95774, -6.38481], [105.95925, -6.38362], [105.9619, -6.38309], [105.96283, -6.38013], [105.96389, -6.37899], [105.96602, -6.37926], [105.96818, -6.38136], [105.97016, -6.38062], [105.97305, -6.38224], [105.97419, -6.38042], [105.97363, -6.37927], [105.97042, -6.37655], [105.97047, -6.375], [105.97186, -6.3738], [105.97113, -6.37159], [105.97167, -6.36857], [105.97021, -6.36705], [105.97512, -6.35982], [105.97473, -6.35748], [105.97558, -6.3558], [105.97522, -6.35336], [105.97616, -6.35211], [105.97678, -6.34909], [105.97636, -6.34391], [105.97749, -6.34241], [105.97857, -6.34483], [105.98016, -6.34603], [105.98254, -6.35515], [105.98477, -6.35811], [105.98523, -6.36112], [105.99495, -6.36264], [105.9968, -6.36412], [105.99766, -6.36587], [105.99911, -6.36622], [106.00213, -6.36851], [106.00551, -6.37253], [106.00704, -6.37771], [106.00626, -6.37898], [106.00787, -6.38081], [106.00785, -6.38293], [106.00729, -6.38358], [106.00787, -6.38397], [106.00712, -6.38533], [106.00931, -6.3869], [106.00897, -6.38799], [106.00968, -6.38935], [106.0084, -6.38997], [106.00398, -6.38944], [106.00228, -6.39181], [106.00256, -6.39411], [106.00441, -6.39809], [106.00438, -6.399], [106.00284, -6.39863], [106.00298, -6.40004], [106.00495, -6.40032], [106.00366, -6.40079], [106.00349, -6.40247], [106.00219, -6.40133], [106.00164, -6.40265], [106.00166, -6.40315], [106.00241, -6.40308], [106.00277, -6.40496], [106.00132, -6.40704], [106.0019, -6.40757], [106.00118, -6.40811], [106.00064, -6.40753], [106.00022, -6.40783], [106.00132, -6.40891], [106.00023, -6.40957], [105.99943, -6.41144], [106.00047, -6.41142], [105.99988, -6.41209], [106.00056, -6.41387], [106.0001, -6.41413], [105.99895, -6.41309], [105.99886, -6.41516], [105.99771, -6.41597], [105.99836, -6.41696], [105.99731, -6.41846], [105.99745, -6.4193], [105.99557, -6.41958], [105.99439, -6.42073], [105.99357, -6.41953], [105.99208, -6.4197], [105.99305, -6.42091], [105.99155, -6.42195], [105.99259, -6.42218], [105.99309, -6.42512], [105.99118, -6.42529], [105.99063, -6.42782], [105.98875, -6.42744], [105.9887, -6.42839], [105.98728, -6.42921], [105.98738, -6.42989], [105.98936, -6.43077], [105.98588, -6.43286], [105.98522, -6.43492], [105.9846, -6.43515], [105.98354, -6.43437], [105.9821, -6.42952], [105.97998, -6.42901], [105.97797, -6.42937], [105.97724, -6.43021], [105.97698, -6.43259], [105.97417, -6.43251], [105.97315, -6.43293], [105.97293, -6.43446], [105.97148, -6.43418], [105.97138, -6.4375], [105.96942, -6.44112], [105.96749, -6.44315], [105.96798, -6.44475], [105.96481, -6.44608], [105.9655, -6.44825], [105.96357, -6.44876], [105.9633, -6.4471], [105.96095, -6.449], [105.96019, -6.45075], [105.96062, -6.45091], [105.96013, -6.45183], [105.96063, -6.45204], [105.95891, -6.45395], [105.9579, -6.45408], [105.9581, -6.45337], [105.95626, -6.45264], [105.95528, -6.45308], [105.95417, -6.45839], [105.9526, -6.45834], [105.9523, -6.45763], [105.95147, -6.4581], [105.95032, -6.45733], [105.94883, -6.45862], [105.94756, -6.45808], [105.94685, -6.45866], [105.94451, -6.45661], [105.93927, -6.45549], [105.93873, -6.45593], [105.9366, -6.4556], [105.93589, -6.45654]]]}}, {"type": "Feature", "properties": {"domain_id": "360115", "name": "CIPEUCANG"}, "geometry": {"type": "Polygon", "coordinates": [[[106.02968, -6.39172], [106.03232, -6.39302], [106.0309, -6.40244], [106.03083, -6.40578], [106.03147, -6.40812], [106.03052, -6.41206], [106.03162, -6.41908], [106.03251, -6.4206], [106.03475, -6.42188], [106.03929, -6.42276], [106.0379, -6.42414], [106.03635, -6.42839], [106.0247, -6.4285], [106.02709, -6.42303], [106.02806, -6.41834], [106.02519, -6.4177], [106.02048, -6.4181], [106.01991, -6.41466], [106.02142, -6.41294], [106.02033, -6.41293], [106.02039, -6.411], [106.01853, -6.40911], [106.01713, -6.40961], [106.01699, -6.41061], [106.01515, -6.41049], [106.0151, -6.41149], [106.01441, -6.41194], [106.01326, -6.41086], [106.01304, -6.41131], [106.01234, -6.41085], [106.01186, -6.41159], [106.00902, -6.41166], [106.00589, -6.40813], [106.00608, -6.40712], [106.00766, -6.40566], [106.00728, -6.40417], [106.00289, -6.40449], [106.00241, -6.40308], [106.00159, -6.40308], [106.00219, -6.40133], [106.00344, -6.40249], [106.00366, -6.40079], [106.00495, -6.40032], [106.00298, -6.40004], [106.00284, -6.39863], [106.00438, -6.399], [106.00441, -6.39809], [106.00256, -6.39411], [106.00228, -6.39181], [106.00398, -6.38944], [106.0084, -6.38997], [106.00971, -6.38916], [106.00897, -6.38799], [106.00931, -6.3869], [106.00712, -6.38533], [106.00787, -6.38397], [106.00729, -6.38358], [106.00785, -6.38293], [106.00787, -6.38081], [106.00626, -6.37898], [106.00704, -6.37771], [106.00551, -6.37253], [106.00213, -6.36851], [105.99911, -6.36622], [105.99766, -6.36587], [105.9968, -6.36412], [105.99495, -6.36264], [105.98523, -6.36112], [105.98477, -6.35811], [105.98254, -6.35515], [105.98016, -6.34603], [105.97857, -6.34483], [105.97749, -6.34241], [105.97819, -6.34165], [105.98154, -6.34289], [105.98682, -6.34298], [105.98975, -6.34444], [105.99427, -6.34497], [105.99774, -6.3464], [105.99943, -6.3447], [106.00596, -6.34107], [106.02023, -6.33996], [106.02325, -6.34075], [106.02384, -6.34316], [106.02702, -6.34841], [106.02656, -6.35032], [106.02753, -6.35587], [106.02695, -6.35859], [106.02865, -6.36012], [106.02804, -6.36244], [106.02939, -6.36271], [106.02937, -6.36445], [106.03112, -6.36597], [106.03051, -6.36848], [106.03301, -6.37054], [106.03314, -6.37311], [106.03182, -6.37624], [106.03077, -6.376], [106.03057, -6.38179], [106.02982, -6.3829], [106.03089, -6.38497], [106.02977, -6.38714], [106.03052, -6.38856], [106.02837, -6.38948], [106.02968, -6.39172]]]}}, {"type": "Feature", "properties": {"domain_id": "367406", "name": "PAMULANG"}, "geometry": {"type": "Polygon", "coordinates": [[[106.75005, -6.34689], [106.75212, -6.34668], [106.75459, -6.34549], [106.75407, -6.3419], [106.75715, -6.342], [106.75784, -6.34081], [106.75751, -6.33382], [106.75838, -6.33332], [106.75789, -6.33258], [106.75807, -6.33046], [106.75901, -6.32835], [106.75651, -6.32723], [106.75635, -6.32626], [106.75796, -6.32561], [106.76495, -6.32533], [106.77059, -6.32643], [106.77177, -6.32579], [106.77885, -6.32605], [106.77868, -6.32716], [106.77755, -6.32657], [106.77679, -6.32701], [106.77759, -6.32738], [106.77769, -6.32896], [106.77612, -6.33115], [106.77664, -6.3325], [106.77528, -6.33316], [106.77594, -6.33403], [106.77571, -6.33544], [106.77642, -6.33591], [106.77442, -6.33612], [106.77478, -6.33786], [106.7724, -6.33821], [106.77366, -6.33887], [106.77302, -6.33937], [106.77292, -6.34169], [106.77357, -6.34286], [106.77254, -6.34407], [106.77434, -6.34477], [106.77444, -6.3458], [106.77323, -6.34675], [106.77386, -6.348], [106.77368, -6.35026], [106.77211, -6.35009], [106.77185, -6.35242], [106.77078, -6.35174], [106.77003, -6.35233], [106.77112, -6.35461], [106.77106, -6.35745], [106.77, -6.35824], [106.7696, -6.36056], [106.77008, -6.36097], [106.76906, -6.36152], [106.74574, -6.36095], [106.73668, -6.36006], [106.73553, -6.36015], [106.73556, -6.36064], [106.72162, -6.36048], [106.72169, -6.36217], [106.72093, -6.36219], [106.72018, -6.36042], [106.71943, -6.36195], [106.71882, -6.36195], [106.71838, -6.3559], [106.71893, -6.35531], [106.71815, -6.35422], [106.71651, -6.35441], [106.71541, -6.35287], [106.71531, -6.35151], [106.71377, -6.35126], [106.7107, -6.34803], [106.71106, -6.34526], [106.7101, -6.34356], [106.71091, -6.34266], [106.71058, -6.34232], [106.70954, -6.34269], [106.70623, -6.34086], [106.70456, -6.34106], [106.70486, -6.33953], [106.70313, -6.3399], [106.70351, -6.33774], [106.70189, -6.33695], [106.70144, -6.33378], [106.70082, -6.33335], [106.70056, -6.33401], [106.69986, -6.33399], [106.69933, -6.33329], [106.70085, -6.33163], [106.6999, -6.32947], [106.70163, -6.32887], [106.70082, -6.32822], [106.70136, -6.32693], [106.70314, -6.32713], [106.70367, -6.32656], [106.70388, -6.32482], [106.70335, -6.32384], [106.70499, -6.32458], [106.7056, -6.32322], [106.71072, -6.3237], [106.7111, -6.32489], [106.71436, -6.3244], [106.71789, -6.32517], [106.71837, -6.32287], [106.72192, -6.32341], [106.72308, -6.32537], [106.72597, -6.32481], [106.72499, -6.32196], [106.72479, -6.31848], [106.73022, -6.31845], [106.73181, -6.31909], [106.73631, -6.3182], [106.73645, -6.31695], [106.73201, -6.31105], [106.73229, -6.30554], [106.73443, -6.305], [106.73901, -6.30547], [106.74511, -6.30482], [106.74501, -6.31095], [106.74428, -6.311], [106.7427, -6.31664], [106.74345, -6.3173], [106.74279, -6.31998], [106.74282, -6.32428], [106.74059, -6.32514], [106.74039, -6.32759], [106.7413, -6.32795], [106.74181, -6.33006], [106.74309, -6.33122], [106.74297, -6.33263], [106.74575, -6.33369], [106.74686, -6.33539], [106.74687, -6.33659], [106.7475, -6.33662], [106.74654, -6.3392], [106.74661, -6.34082], [106.74685, -6.34144], [106.74823, -6.34058], [106.74975, -6.34121], [106.75005, -6.34689]]]}}, {"type": "Feature", "properties": {"domain_id": "367101", "name": "TANGERANG"}, "geometry": {"type": "Polygon", "coordinates": [[[106.64637, -6.2077], [106.64661, -6.21211], [106.64729, -6.21382], [106.63448, -6.21439], [106.62817, -6.21498], [106.62717, -6.21567], [106.6244, -6.21389], [106.61985, -6.21245], [106.62011, -6.21153], [106.62369, -6.21063], [106.62196, -6.20589], [106.62347, -6.20247], [106.62633, -6.19846], [106.62631, -6.19175], [106.62809, -6.19088], [106.63184, -6.19113], [106.63419, -6.1891], [106.63392, -6.18831], [106.63031, -6.18674], [106.62998, -6.18191], [106.62796, -6.17912], [106.62877, -6.17555], [106.62828, -6.16939], [106.62926, -6.16868], [106.6328, -6.16865], [106.63386, -6.16759], [106.6357, -6.16783], [106.65931, -6.16386], [106.65952, -6.16552], [106.6608, -6.16689], [106.65984, -6.16732], [106.66026, -6.16982], [106.65933, -6.17009], [106.65973, -6.17384], [106.66029, -6.17375], [106.66052, -6.17524], [106.65845, -6.17644], [106.65934, -6.17705], [106.65978, -6.17642], [106.66039, -6.17671], [106.66021, -6.17845], [106.66115, -6.17945], [106.6622, -6.17945], [106.66245, -6.18234], [106.66219, -6.18297], [106.6605, -6.18323], [106.66048, -6.18384], [106.65864, -6.18396], [106.65828, -6.18315], [106.65695, -6.18345], [106.65516, -6.18613], [106.6522, -6.18554], [106.65271, -6.18658], [106.64823, -6.18637], [106.64898, -6.18879], [106.64865, -6.19329], [106.64948, -6.19427], [106.64746, -6.19492], [106.6474, -6.19706], [106.64837, -6.1979], [106.64846, -6.20213], [106.64691, -6.20203], [106.6466, -6.20283], [106.64851, -6.20502], [106.64763, -6.2069], [106.64625, -6.20697], [106.64637, -6.2077]]]}}, {"type": "Feature", "properties": {"domain_id": "360111", "name": "PICUNG"}, "geometry": {"type": "Polygon", "coordinates": [[[105.97949, -6.52917], [105.98191, -6.53568], [105.98281, -6.54206], [105.97862, -6.54345], [105.97516, -6.54229], [105.97364, -6.54446], [105.97615, -6.54611], [105.97625, -6.54826], [105.97518, -6.55204], [105.97423, -6.55284], [105.96924, -6.54854], [105.96035, -6.54504], [105.96051, -6.54573], [105.95926, -6.54748], [105.96055, -6.54812], [105.96022, -6.54858], [105.95871, -6.5489], [105.9562, -6.54775], [105.95522, -6.5484], [105.95517, -6.55004], [105.95433, -6.55001], [105.9525, -6.5491], [105.95211, -6.54827], [105.95343, -6.54621], [105.95214, -6.54516], [105.95229, -6.54239], [105.94814, -6.54161], [105.94557, -6.54454], [105.94399, -6.54496], [105.94274, -6.541], [105.9414, -6.54039], [105.9405, -6.53802], [105.9381, -6.53717], [105.93654, -6.53521], [105.93434, -6.5343], [105.93943, -6.53267], [105.94404, -6.53447], [105.94665, -6.53313], [105.94851, -6.53365], [105.94917, -6.53196], [105.95048, -6.53092], [105.95165, -6.53106], [105.95054, -6.52961], [105.95081, -6.52857], [105.94879, -6.52599], [105.94767, -6.52592], [105.94771, -6.52478], [105.94677, -6.5246], [105.94625, -6.52515], [105.94545, -6.52412], [105.94443, -6.52396], [105.94388, -6.52228], [105.94269, -6.52184], [105.94242, -6.51958], [105.93997, -6.5174], [105.94, -6.51674], [105.93933, -6.51677], [105.93945, -6.51581], [105.93867, -6.51572], [105.93899, -6.51492], [105.93806, -6.51483], [105.93783, -6.51366], [105.93877, -6.51382], [105.93852, -6.51271], [105.93924, -6.51269], [105.93875, -6.51206], [105.93953, -6.51171], [105.93739, -6.50887], [105.93632, -6.50862], [105.93629, -6.50741], [105.93505, -6.50779], [105.93549, -6.50685], [105.93377, -6.50529], [105.93353, -6.5032], [105.9341, -6.50203], [105.93347, -6.50164], [105.93437, -6.50056], [105.93283, -6.50115], [105.93177, -6.499], [105.93023, -6.4996], [105.92971, -6.49901], [105.92855, -6.49917], [105.92828, -6.4983], [105.92774, -6.49957], [105.92728, -6.49899], [105.92547, -6.49938], [105.92326, -6.49855], [105.92281, -6.49719], [105.92258, -6.49786], [105.92094, -6.49804], [105.92072, -6.49708], [105.91882, -6.49683], [105.91826, -6.49769], [105.91786, -6.49649], [105.9174, -6.49723], [105.91673, -6.49696], [105.91686, -6.49763], [105.91558, -6.49617], [105.91543, -6.49684], [105.9144, -6.4972], [105.91437, -6.4965], [105.91299, -6.4961], [105.91258, -6.49462], [105.91164, -6.49571], [105.91162, -6.49394], [105.91119, -6.49523], [105.91052, -6.49531], [105.91074, -6.49333], [105.90998, -6.49312], [105.91061, -6.49178], [105.90899, -6.49025], [105.90799, -6.48314], [105.907, -6.48121], [105.90812, -6.48063], [105.90764, -6.47995], [105.90814, -6.47938], [105.90937, -6.47927], [105.90889, -6.47696], [105.9107, -6.47022], [105.90958, -6.4671], [105.90819, -6.46571], [105.9082, -6.4642], [105.90702, -6.4642], [105.90658, -6.46345], [105.90681, -6.46117], [105.90577, -6.4581], [105.90286, -6.45576], [105.89841, -6.45826], [105.8973, -6.45822], [105.8965, -6.45727], [105.89663, -6.45425], [105.89444, -6.45371], [105.8934, -6.45155], [105.89462, -6.45237], [105.89556, -6.45092], [105.89733, -6.45064], [105.89732, -6.45173], [105.89855, -6.45182], [105.89942, -6.45317], [105.90213, -6.45072], [105.90242, -6.44991], [105.90182, -6.4487], [105.90281, -6.44863], [105.90317, -6.44712], [105.9049, -6.44702], [105.90611, -6.44815], [105.9105, -6.44603], [105.9104, -6.44778], [105.91235, -6.4464], [105.91241, -6.44813], [105.91378, -6.44685], [105.91456, -6.44959], [105.91598, -6.44919], [105.91648, -6.45076], [105.9188, -6.45154], [105.91903, -6.45262], [105.92111, -6.45132], [105.92158, -6.45278], [105.92244, -6.45235], [105.92446, -6.45287], [105.92601, -6.45425], [105.92736, -6.45661], [105.92725, -6.45962], [105.92814, -6.45954], [105.92839, -6.46064], [105.92944, -6.46086], [105.92925, -6.46207], [105.93018, -6.46186], [105.93165, -6.46259], [105.93251, -6.46429], [105.93472, -6.46491], [105.93559, -6.46399], [105.93704, -6.46503], [105.93759, -6.46424], [105.93908, -6.46486], [105.94, -6.46426], [105.94138, -6.46606], [105.94183, -6.46578], [105.94146, -6.46467], [105.94293, -6.46457], [105.9432, -6.46598], [105.9446, -6.4661], [105.94481, -6.46848], [105.94579, -6.46929], [105.94603, -6.4672], [105.94693, -6.46575], [105.94791, -6.46648], [105.94932, -6.46609], [105.94969, -6.46789], [105.95078, -6.46694], [105.95065, -6.46549], [105.95211, -6.46548], [105.95247, -6.46851], [105.95315, -6.4676], [105.95393, -6.46776], [105.95377, -6.46974], [105.95594, -6.47016], [105.95492, -6.4721], [105.95529, -6.47298], [105.95666, -6.47324], [105.9562, -6.47424], [105.95694, -6.47577], [105.95658, -6.47686], [105.95812, -6.47639], [105.95935, -6.47816], [105.96186, -6.47898], [105.96106, -6.48092], [105.96208, -6.48015], [105.96317, -6.48087], [105.96255, -6.48212], [105.96139, -6.48237], [105.96114, -6.48482], [105.96348, -6.484], [105.96513, -6.48632], [105.96584, -6.48561], [105.9676, -6.48575], [105.96914, -6.4875], [105.97033, -6.48721], [105.97139, -6.4883], [105.97296, -6.4887], [105.97391, -6.48967], [105.97332, -6.49131], [105.97465, -6.49047], [105.97441, -6.49267], [105.97551, -6.49248], [105.97569, -6.49461], [105.9775, -6.4941], [105.97846, -6.49457], [105.97929, -6.4938], [105.98039, -6.49429], [105.98105, -6.49364], [105.98258, -6.49585], [105.98347, -6.49393], [105.98489, -6.49547], [105.98605, -6.495], [105.98586, -6.49383], [105.98698, -6.49427], [105.99028, -6.49304], [105.99117, -6.49557], [105.9902, -6.49574], [105.9878, -6.49793], [105.98364, -6.50464], [105.98423, -6.50588], [105.98702, -6.50792], [105.98671, -6.51122], [105.98514, -6.51499], [105.98292, -6.51686], [105.97474, -6.51729], [105.97949, -6.52917]]]}}, {"type": "Feature", "properties": {"domain_id": "360110", "name": "BOJONG"}, "geometry": {"type": "Polygon", "coordinates": [[[106.003, -6.47657], [105.99792, -6.47933], [105.99843, -6.48058], [105.99715, -6.48177], [105.9975, -6.48225], [105.99506, -6.4873], [105.99415, -6.49326], [105.99237, -6.4967], [105.99127, -6.49666], [105.99117, -6.49475], [105.99019, -6.49302], [105.98698, -6.49427], [105.98586, -6.49383], [105.98605, -6.495], [105.98489, -6.49547], [105.98347, -6.49393], [105.98258, -6.49585], [105.98105, -6.49364], [105.98039, -6.49429], [105.97929, -6.4938], [105.97846, -6.49457], [105.9775, -6.4941], [105.97571, -6.49462], [105.97551, -6.49248], [105.97441, -6.49267], [105.97465, -6.49047], [105.97332, -6.49131], [105.97391, -6.48967], [105.97296, -6.4887], [105.97139, -6.4883], [105.97033, -6.48721], [105.96914, -6.4875], [105.9676, -6.48575], [105.96584, -6.48561], [105.96513, -6.48632], [105.96348, -6.484], [105.96114, -6.48482], [105.96139, -6.48237], [105.96255, -6.48212], [105.96317, -6.48087], [105.96208, -6.48015], [105.96106, -6.48092], [105.96186, -6.47898], [105.95935, -6.47816], [105.95812, -6.47639], [105.95658, -6.47686], [105.95694, -6.47577], [105.9562, -6.47424], [105.95666, -6.47324], [105.95529, -6.47298], [105.95492, -6.4721], [105.95594, -6.47016], [105.95377, -6.46974], [105.95393, -6.46776], [105.95315, -6.4676], [105.95247, -6.46851], [105.95211, -6.46548], [105.95065, -6.46549], [105.95078, -6.46694], [105.94969, -6.46789], [105.94932, -6.46609], [105.94791, -6.46648], [105.94693, -6.46575], [105.94603, -6.4672], [105.94579, -6.46929], [105.94481, -6.46848], [105.9446, -6.4661], [105.9432, -6.46598], [105.94293, -6.46457], [105.94146, -6.46467], [105.94183, -6.46578], [105.94138, -6.46606], [105.94, -6.46426], [105.93926, -6.46486], [105.93793, -6.46419], [105.93737, -6.46496], [105.93612, -6.46467], [105.93622, -6.46258], [105.937, -6.46217], [105.93736, -6.46037], [105.93588, -6.45634], [105.9366, -6.4556], [105.93873, -6.45593], [105.93927, -6.45549], [105.94451, -6.45661], [105.94685, -6.45866], [105.94756, -6.45808], [105.94883, -6.45862], [105.95032, -6.45733], [105.95147, -6.4581], [105.9523, -6.45763], [105.9526, -6.45834], [105.95417, -6.45839], [105.95528, -6.45308], [105.95626, -6.45264], [105.9581, -6.45337], [105.9579, -6.45408], [105.95891, -6.45395], [105.96063, -6.45204], [105.96013, -6.45183], [105.96062, -6.45091], [105.96019, -6.45075], [105.96095, -6.449], [105.9633, -6.4471], [105.96357, -6.44876], [105.9655, -6.44825], [105.96481, -6.44608], [105.96798, -6.44475], [105.96749, -6.44315], [105.96942, -6.44112], [105.97138, -6.4375], [105.97148, -6.43418], [105.97293, -6.43446], [105.97315, -6.43293], [105.97417, -6.43251], [105.97698, -6.43259], [105.97724, -6.43021], [105.97797, -6.42937], [105.97998, -6.42901], [105.9821, -6.42952], [105.98354, -6.43437], [105.9846, -6.43515], [105.98522, -6.43492], [105.98588, -6.43286], [105.98936, -6.43077], [105.98738, -6.42989], [105.98728, -6.42921], [105.9887, -6.42839], [105.98875, -6.42744], [105.99063, -6.42782], [105.99118, -6.42529], [105.99309, -6.42512], [105.99259, -6.42218], [105.99155, -6.42195], [105.99305, -6.42091], [105.99208, -6.4197], [105.99357, -6.41953], [105.99439, -6.42073], [105.99557, -6.41958], [105.99745, -6.4193], [105.99731, -6.41846], [105.99836, -6.41696], [105.99771, -6.41597], [105.99886, -6.41516], [105.99895, -6.41309], [106.00054, -6.41391], [105.99988, -6.41209], [106.00047, -6.41142], [105.99945, -6.41133], [106.00023, -6.40957], [106.00132, -6.40891], [106.00022, -6.40783], [106.00064, -6.40753], [106.00118, -6.40811], [106.00198, -6.40746], [106.00132, -6.40704], [106.00277, -6.40496], [106.00257, -6.40357], [106.00289, -6.40449], [106.00379, -6.40461], [106.00528, -6.40392], [106.00591, -6.40444], [106.00728, -6.40417], [106.00766, -6.40566], [106.00608, -6.40712], [106.00589, -6.40813], [106.00902, -6.41166], [106.01186, -6.41159], [106.01234, -6.41085], [106.01304, -6.41131], [106.01326, -6.41086], [106.01441, -6.41194], [106.0151, -6.41149], [106.01515, -6.41049], [106.01699, -6.41061], [106.01713, -6.40961], [106.01853, -6.40911], [106.02039, -6.411], [106.02033, -6.41293], [106.02142, -6.41294], [106.01991, -6.41466], [106.02048, -6.4181], [106.02519, -6.4177], [106.02806, -6.41834], [106.02709, -6.42303], [106.02177, -6.43417], [106.02146, -6.43901], [106.02266, -6.44375], [106.02365, -6.44523], [106.02157, -6.44803], [106.01163, -6.4552], [106.01038, -6.46082], [106.01045, -6.46561], [106.00939, -6.47361], [106.003, -6.47657]]]}}, {"type": "Feature", "properties": {"domain_id": "367102", "name": "JATIUWUNG"}, "geometry": {"type": "Polygon", "coordinates": [[[106.57997, -6.2162], [106.57323, -6.21555], [106.57334, -6.21432], [106.57133, -6.21411], [106.57149, -6.2121], [106.57085, -6.21205], [106.57073, -6.21332], [106.56953, -6.21324], [106.56956, -6.2128], [106.5649, -6.21124], [106.56658, -6.20831], [106.56908, -6.20627], [106.5632, -6.20413], [106.55807, -6.20146], [106.55787, -6.20076], [106.5542, -6.19944], [106.55262, -6.19949], [106.55277, -6.19836], [106.55393, -6.19777], [106.55323, -6.19605], [106.55399, -6.19035], [106.55145, -6.19004], [106.55188, -6.18812], [106.55338, -6.18813], [106.55261, -6.18755], [106.55265, -6.18479], [106.55315, -6.18508], [106.55385, -6.1837], [106.55457, -6.1845], [106.56094, -6.18161], [106.56058, -6.18055], [106.56116, -6.18014], [106.56158, -6.18078], [106.56364, -6.17942], [106.56488, -6.17978], [106.56473, -6.17811], [106.56537, -6.17822], [106.56562, -6.17691], [106.56704, -6.17618], [106.57101, -6.18425], [106.57266, -6.18482], [106.57444, -6.18646], [106.57672, -6.17824], [106.58251, -6.17972], [106.58331, -6.17559], [106.58517, -6.17514], [106.58598, -6.17579], [106.58576, -6.18104], [106.58776, -6.18246], [106.58718, -6.1831], [106.58724, -6.18575], [106.59151, -6.18588], [106.58954, -6.18998], [106.59043, -6.19033], [106.58719, -6.19352], [106.58624, -6.19788], [106.58855, -6.19917], [106.58998, -6.20118], [106.58944, -6.20189], [106.59148, -6.20289], [106.59258, -6.20278], [106.59372, -6.20468], [106.59573, -6.20491], [106.59561, -6.20733], [106.59461, -6.20831], [106.59472, -6.21088], [106.59373, -6.21355], [106.59475, -6.21458], [106.59361, -6.21811], [106.59055, -6.22146], [106.58968, -6.22143], [106.58901, -6.22263], [106.58812, -6.22251], [106.58801, -6.22157], [106.58292, -6.22068], [106.57997, -6.2162]]]}}, {"type": "Feature", "properties": {"domain_id": "367103", "name": "BATUCEPER"}, "geometry": {"type": "Polygon", "coordinates": [[[106.67154, -6.18129], [106.66977, -6.18138], [106.67017, -6.17612], [106.66906, -6.17529], [106.66896, -6.1744], [106.67035, -6.17158], [106.67095, -6.17148], [106.67098, -6.16858], [106.67005, -6.16597], [106.67024, -6.16515], [106.67084, -6.16512], [106.67096, -6.1636], [106.65682, -6.16402], [106.6501, -6.16531], [106.65049, -6.15819], [106.65016, -6.15463], [106.64914, -6.15475], [106.64917, -6.14836], [106.65798, -6.1471], [106.66632, -6.15279], [106.6709, -6.1546], [106.68397, -6.15488], [106.68776, -6.15428], [106.68804, -6.15993], [106.69093, -6.15994], [106.69099, -6.16063], [106.68931, -6.16396], [106.6893, -6.16698], [106.68866, -6.16697], [106.68811, -6.16843], [106.68701, -6.16862], [106.68681, -6.17235], [106.68479, -6.17239], [106.6849, -6.17437], [106.6842, -6.17574], [106.67876, -6.17394], [106.67767, -6.17856], [106.67686, -6.17831], [106.67667, -6.17903], [106.67412, -6.17856], [106.67385, -6.17983], [106.67235, -6.18149], [106.67154, -6.18129]]]}}, {"type": "Feature", "properties": {"domain_id": "360303", "name": "TIGARAKSA"}, "geometry": {"type": "Polygon", "coordinates": [[[106.44737, -6.32172], [106.44585, -6.323], [106.44252, -6.32408], [106.44159, -6.31932], [106.43598, -6.3197], [106.43461, -6.32103], [106.43375, -6.32362], [106.43088, -6.32573], [106.42948, -6.32511], [106.42879, -6.31964], [106.42946, -6.31937], [106.42955, -6.31461], [106.43153, -6.31467], [106.43058, -6.31239], [106.43225, -6.31269], [106.43326, -6.31368], [106.43229, -6.31207], [106.43137, -6.31182], [106.43147, -6.31115], [106.43336, -6.31089], [106.43392, -6.31213], [106.43496, -6.31177], [106.43473, -6.3097], [106.43402, -6.30977], [106.43303, -6.30757], [106.4354, -6.30635], [106.43531, -6.30463], [106.43434, -6.30464], [106.43418, -6.30353], [106.43074, -6.30326], [106.42999, -6.30157], [106.42718, -6.30101], [106.42563, -6.29819], [106.4275, -6.29523], [106.42931, -6.29425], [106.43705, -6.29247], [106.43808, -6.29379], [106.43942, -6.29388], [106.44064, -6.29167], [106.44185, -6.29105], [106.44213, -6.2932], [106.4444, -6.29283], [106.44554, -6.29173], [106.45053, -6.29017], [106.45481, -6.28978], [106.46093, -6.28819], [106.46074, -6.28682], [106.46231, -6.28548], [106.46091, -6.28415], [106.46095, -6.283], [106.46206, -6.28273], [106.46242, -6.28074], [106.46308, -6.28033], [106.46242, -6.27995], [106.46297, -6.27924], [106.46231, -6.27784], [106.46306, -6.27756], [106.46347, -6.27514], [106.46504, -6.27546], [106.46471, -6.27249], [106.46317, -6.2726], [106.46259, -6.27215], [106.4628, -6.27117], [106.46082, -6.27093], [106.45986, -6.26736], [106.45789, -6.26654], [106.45893, -6.2654], [106.45729, -6.26529], [106.45752, -6.26444], [106.45673, -6.2642], [106.45712, -6.26161], [106.45383, -6.26004], [106.45349, -6.25807], [106.45255, -6.25804], [106.45228, -6.25887], [106.45055, -6.25878], [106.45086, -6.25983], [106.44956, -6.25988], [106.44957, -6.26058], [106.44857, -6.26079], [106.44239, -6.25984], [106.44104, -6.25927], [106.44104, -6.25853], [106.44033, -6.259], [106.43953, -6.25839], [106.43964, -6.25675], [106.44121, -6.2559], [106.43947, -6.25376], [106.44005, -6.2508], [106.43845, -6.24913], [106.43853, -6.24745], [106.43948, -6.24574], [106.43873, -6.24528], [106.43942, -6.24391], [106.43943, -6.23996], [106.43878, -6.23879], [106.43752, -6.23832], [106.43798, -6.23662], [106.43721, -6.23604], [106.4383, -6.23522], [106.43771, -6.23409], [106.43839, -6.23287], [106.43881, -6.23342], [106.4426, -6.23288], [106.44289, -6.23133], [106.44551, -6.23217], [106.44567, -6.23071], [106.4466, -6.22985], [106.44861, -6.23001], [106.44861, -6.22937], [106.45045, -6.22883], [106.45114, -6.22928], [106.4512, -6.22819], [106.45028, -6.22697], [106.45068, -6.22449], [106.45147, -6.22427], [106.45191, -6.22307], [106.45258, -6.22323], [106.45421, -6.21822], [106.45367, -6.21818], [106.45396, -6.2165], [106.45465, -6.21659], [106.45494, -6.2154], [106.46415, -6.2165], [106.46532, -6.2115], [106.46644, -6.21025], [106.46661, -6.20862], [106.46543, -6.20747], [106.46629, -6.20351], [106.46845, -6.20145], [106.46761, -6.19895], [106.46785, -6.19683], [106.46705, -6.19588], [106.46826, -6.19575], [106.46852, -6.19368], [106.46922, -6.19641], [106.47189, -6.1978], [106.47222, -6.19962], [106.47079, -6.20004], [106.47035, -6.20083], [106.47189, -6.20022], [106.472, -6.20105], [106.47273, -6.20116], [106.47365, -6.19985], [106.47403, -6.20052], [106.47655, -6.20145], [106.47659, -6.20316], [106.47725, -6.20265], [106.47834, -6.20297], [106.47674, -6.20546], [106.47764, -6.20601], [106.47832, -6.20565], [106.47912, -6.2098], [106.47736, -6.20964], [106.47761, -6.21057], [106.47631, -6.2121], [106.479, -6.21539], [106.47826, -6.21649], [106.47768, -6.21487], [106.47708, -6.21472], [106.47566, -6.2162], [106.47653, -6.21753], [106.47614, -6.21854], [106.47764, -6.22001], [106.47716, -6.2208], [106.47752, -6.2218], [106.47866, -6.22105], [106.4784, -6.22202], [106.47945, -6.22212], [106.47833, -6.2243], [106.47951, -6.22498], [106.47907, -6.22566], [106.47722, -6.22584], [106.47774, -6.22661], [106.48052, -6.22653], [106.48014, -6.22817], [106.47822, -6.22849], [106.48017, -6.22936], [106.47944, -6.23089], [106.48074, -6.23011], [106.48063, -6.23129], [106.48177, -6.23165], [106.48136, -6.23268], [106.4837, -6.23295], [106.48394, -6.23443], [106.4829, -6.2345], [106.48261, -6.23331], [106.48225, -6.23408], [106.48086, -6.23351], [106.47947, -6.23559], [106.48049, -6.23584], [106.48058, -6.23718], [106.48266, -6.23695], [106.48332, -6.23797], [106.48544, -6.23879], [106.48534, -6.23954], [106.48402, -6.23946], [106.48288, -6.24152], [106.48369, -6.2418], [106.48425, -6.24056], [106.4845, -6.2417], [106.48526, -6.24076], [106.4858, -6.24103], [106.48508, -6.24391], [106.48616, -6.24311], [106.48701, -6.24393], [106.48856, -6.24144], [106.48913, -6.24236], [106.4885, -6.24252], [106.48819, -6.24388], [106.48983, -6.24425], [106.48886, -6.24508], [106.49001, -6.24576], [106.48977, -6.24658], [106.49095, -6.24677], [106.49068, -6.24802], [106.49293, -6.2468], [106.49319, -6.24749], [106.49175, -6.24808], [106.49237, -6.24843], [106.49228, -6.24929], [106.4937, -6.24877], [106.49413, -6.24792], [106.49533, -6.2476], [106.496, -6.24825], [106.49586, -6.24878], [106.4947, -6.24831], [106.49509, -6.24954], [106.49389, -6.25015], [106.49443, -6.25115], [106.49504, -6.25072], [106.49635, -6.25115], [106.49641, -6.2519], [106.49486, -6.2515], [106.49364, -6.25214], [106.49602, -6.2527], [106.49496, -6.2531], [106.49457, -6.25446], [106.49717, -6.25551], [106.49681, -6.25644], [106.49743, -6.25724], [106.49669, -6.25752], [106.49662, -6.25851], [106.49881, -6.2592], [106.49904, -6.26134], [106.50002, -6.25976], [106.50093, -6.26002], [106.50033, -6.26086], [106.50133, -6.26103], [106.50092, -6.26275], [106.50179, -6.26379], [106.50003, -6.26383], [106.49997, -6.26455], [106.50244, -6.2659], [106.50073, -6.26647], [106.50241, -6.26756], [106.50255, -6.26943], [106.50417, -6.26901], [106.50367, -6.26742], [106.50449, -6.26651], [106.50624, -6.2682], [106.50629, -6.26937], [106.50775, -6.26893], [106.50773, -6.27094], [106.50971, -6.27009], [106.50969, -6.27335], [106.51246, -6.27492], [106.511, -6.27482], [106.51181, -6.27702], [106.50983, -6.27875], [106.50935, -6.27878], [106.50931, -6.27731], [106.50799, -6.27967], [106.50614, -6.27822], [106.50483, -6.27934], [106.50538, -6.2813], [106.50666, -6.28099], [106.50734, -6.28168], [106.50587, -6.28263], [106.50733, -6.28421], [106.5051, -6.28533], [106.50707, -6.28583], [106.50619, -6.28739], [106.50763, -6.28727], [106.50845, -6.28795], [106.50828, -6.28869], [106.50654, -6.28838], [106.50448, -6.28691], [106.50349, -6.28745], [106.50218, -6.28712], [106.50005, -6.28831], [106.49955, -6.28786], [106.49661, -6.28867], [106.49449, -6.2898], [106.49444, -6.29037], [106.49332, -6.29029], [106.49335, -6.29119], [106.49148, -6.29148], [106.49117, -6.29098], [106.48961, -6.2916], [106.4896, -6.29302], [106.47641, -6.29946], [106.47498, -6.30117], [106.47034, -6.30253], [106.46925, -6.30349], [106.46789, -6.30349], [106.46674, -6.30493], [106.46582, -6.30497], [106.46585, -6.30659], [106.46424, -6.30696], [106.46006, -6.31158], [106.45618, -6.31406], [106.45566, -6.31532], [106.45376, -6.31611], [106.45058, -6.31947], [106.44737, -6.32172]]]}}, {"type": "Feature", "properties": {"domain_id": "367104", "name": "BENDA"}, "geometry": {"type": "Polygon", "coordinates": [[[106.68669, -6.144], [106.6873, -6.14399], [106.6877, -6.15348], [106.6869, -6.15459], [106.6844, -6.15486], [106.67055, -6.15451], [106.66632, -6.15279], [106.65758, -6.14699], [106.65004, -6.14814], [106.64953, -6.14273], [106.63357, -6.14922], [106.63273, -6.14894], [106.63448, -6.11679], [106.63793, -6.11488], [106.6398, -6.11506], [106.64039, -6.11381], [106.64133, -6.11409], [106.64238, -6.11339], [106.64258, -6.1161], [106.64135, -6.12263], [106.6468, -6.12234], [106.64782, -6.12151], [106.65512, -6.11946], [106.67256, -6.11946], [106.67294, -6.1167], [106.67232, -6.11569], [106.67301, -6.11254], [106.67192, -6.11091], [106.67057, -6.11064], [106.67089, -6.10959], [106.67245, -6.10944], [106.67121, -6.10592], [106.67164, -6.10391], [106.67285, -6.10384], [106.67281, -6.10293], [106.67556, -6.10209], [106.67577, -6.09861], [106.68799, -6.09707], [106.68852, -6.10017], [106.68915, -6.10025], [106.68945, -6.10182], [106.68818, -6.10326], [106.68878, -6.10439], [106.68874, -6.10809], [106.68928, -6.10874], [106.69125, -6.10888], [106.69143, -6.10715], [106.69301, -6.10627], [106.69475, -6.10721], [106.69528, -6.10958], [106.69641, -6.11083], [106.69675, -6.11062], [106.69688, -6.11059], [106.69689, -6.1106], [106.69586, -6.112], [106.69563, -6.11389], [106.69399, -6.11342], [106.69125, -6.11372], [106.69025, -6.11695], [106.68998, -6.12109], [106.68794, -6.12461], [106.68648, -6.12519], [106.6858, -6.12843], [106.68675, -6.13677], [106.68669, -6.144]]]}}, {"type": "Feature", "properties": {"domain_id": "367405", "name": "CIPUTAT TIMUR"}, "geometry": {"type": "Polygon", "coordinates": [[[106.77668, -6.31494], [106.77986, -6.31651], [106.77859, -6.3174], [106.77941, -6.31804], [106.77876, -6.31996], [106.77924, -6.3214], [106.77773, -6.32326], [106.77882, -6.32399], [106.77885, -6.32605], [106.77177, -6.32579], [106.77059, -6.32643], [106.76495, -6.32533], [106.75796, -6.32561], [106.75635, -6.32626], [106.75169, -6.32464], [106.75105, -6.32387], [106.75155, -6.32329], [106.75108, -6.32111], [106.75, -6.3203], [106.75, -6.312], [106.75317, -6.31212], [106.75484, -6.31068], [106.75583, -6.30934], [106.75623, -6.3072], [106.76199, -6.30077], [106.76186, -6.29906], [106.76049, -6.29727], [106.75754, -6.29628], [106.75789, -6.29495], [106.75544, -6.29468], [106.75421, -6.29482], [106.75355, -6.29566], [106.75244, -6.29754], [106.7526, -6.29877], [106.749, -6.30014], [106.7485, -6.29959], [106.74587, -6.29979], [106.74302, -6.29563], [106.74089, -6.29524], [106.73887, -6.29356], [106.73689, -6.29326], [106.73642, -6.29408], [106.73591, -6.29387], [106.73611, -6.2932], [106.73458, -6.2931], [106.73356, -6.29058], [106.73382, -6.28989], [106.73157, -6.2882], [106.7301, -6.28579], [106.73024, -6.28414], [106.7292, -6.28307], [106.73014, -6.28169], [106.73008, -6.28019], [106.72591, -6.27411], [106.72838, -6.27377], [106.72844, -6.27281], [106.72991, -6.27238], [106.73201, -6.27267], [106.73286, -6.27364], [106.73308, -6.2762], [106.73405, -6.27572], [106.73442, -6.27697], [106.73553, -6.27662], [106.73549, -6.27588], [106.74129, -6.27465], [106.74537, -6.27531], [106.74554, -6.27602], [106.75064, -6.27153], [106.75153, -6.27242], [106.75153, -6.27454], [106.75691, -6.27429], [106.75717, -6.27763], [106.75947, -6.27815], [106.7622, -6.27784], [106.76011, -6.28644], [106.76297, -6.28688], [106.7631, -6.2888], [106.76614, -6.28874], [106.76697, -6.29136], [106.76816, -6.29186], [106.76752, -6.29234], [106.76829, -6.29339], [106.76721, -6.2953], [106.7684, -6.29592], [106.77015, -6.29562], [106.76977, -6.29751], [106.77073, -6.29731], [106.77124, -6.299], [106.77308, -6.29817], [106.77377, -6.29854], [106.7737, -6.29951], [106.77148, -6.29948], [106.77315, -6.30151], [106.77088, -6.30214], [106.77154, -6.3032], [106.77348, -6.30308], [106.77306, -6.30477], [106.77451, -6.30326], [106.77558, -6.30397], [106.7748, -6.30478], [106.77549, -6.30616], [106.77391, -6.30672], [106.77498, -6.30834], [106.77329, -6.30961], [106.77537, -6.31047], [106.77445, -6.3113], [106.77469, -6.31222], [106.77555, -6.31163], [106.7766, -6.31189], [106.77668, -6.31494]]]}}, {"type": "Feature", "properties": {"domain_id": "367105", "name": "CIPONDOH"}, "geometry": {"type": "Polygon", "coordinates": [[[106.68423, -6.17566], [106.68491, -6.17431], [106.6846, -6.17267], [106.68522, -6.17203], [106.68857, -6.17261], [106.69123, -6.17351], [106.69118, -6.17491], [106.69452, -6.17575], [106.69606, -6.17525], [106.71363, -6.18132], [106.72152, -6.18477], [106.72441, -6.18532], [106.7241, -6.1859], [106.72262, -6.18562], [106.72137, -6.18706], [106.71795, -6.18776], [106.71603, -6.19018], [106.7149, -6.18993], [106.71483, -6.19162], [106.71384, -6.19109], [106.71291, -6.19208], [106.71259, -6.19537], [106.71117, -6.19584], [106.71027, -6.19737], [106.70862, -6.1966], [106.7077, -6.19684], [106.70752, -6.19541], [106.70478, -6.19621], [106.70348, -6.19502], [106.70278, -6.19626], [106.70225, -6.19562], [106.7002, -6.19553], [106.70043, -6.19794], [106.7021, -6.19822], [106.70028, -6.19954], [106.69866, -6.20202], [106.69774, -6.2003], [106.69515, -6.20129], [106.69412, -6.19856], [106.69262, -6.19967], [106.68846, -6.20088], [106.68727, -6.19969], [106.68652, -6.20029], [106.68649, -6.20142], [106.68349, -6.20113], [106.68294, -6.20208], [106.68202, -6.20193], [106.6818, -6.20313], [106.67961, -6.20341], [106.67754, -6.2018], [106.67782, -6.19985], [106.6769, -6.19862], [106.67733, -6.19669], [106.67518, -6.19441], [106.67463, -6.19514], [106.67134, -6.19487], [106.67009, -6.19733], [106.66897, -6.19772], [106.66869, -6.19713], [106.66761, -6.1972], [106.66667, -6.19813], [106.66429, -6.19731], [106.65819, -6.19735], [106.65728, -6.19642], [106.6542, -6.19637], [106.65387, -6.19518], [106.65064, -6.19485], [106.64878, -6.19368], [106.64898, -6.18879], [106.64823, -6.18637], [106.65271, -6.18658], [106.6522, -6.18554], [106.65516, -6.18613], [106.65695, -6.18345], [106.65828, -6.18315], [106.65864, -6.18396], [106.66048, -6.18384], [106.6605, -6.18323], [106.66219, -6.18297], [106.66245, -6.18234], [106.6622, -6.17945], [106.66115, -6.17945], [106.66021, -6.17845], [106.66039, -6.17671], [106.65978, -6.17642], [106.65934, -6.17705], [106.65845, -6.17644], [106.66052, -6.17524], [106.66029, -6.17375], [106.65973, -6.17384], [106.65933, -6.17009], [106.66026, -6.16982], [106.65984, -6.16732], [106.6608, -6.16689], [106.65952, -6.16552], [106.65931, -6.16386], [106.67096, -6.1636], [106.67084, -6.16512], [106.67024, -6.16515], [106.67005, -6.16597], [106.67098, -6.16858], [106.67095, -6.17148], [106.67035, -6.17158], [106.66896, -6.17439], [106.66906, -6.17529], [106.67017, -6.17612], [106.66977, -6.18138], [106.67235, -6.18149], [106.67385, -6.17983], [106.67412, -6.17856], [106.67667, -6.17903], [106.67686, -6.17831], [106.67767, -6.17856], [106.67876, -6.17394], [106.68295, -6.17574], [106.68423, -6.17566]]]}}]}