{"type": "FeatureCollection", "features": [{"type": "Feature", "properties": {"domain_id": "820402", "name": "KAYOA"}, "geometry": {"type": "MultiPolygon", "coordinates": [[[[127.45311, 0.03721], [127.4526, 0.03328], [127.45321, 0.03203], [127.44885, 0.02989], [127.44557, 0.02739], [127.44393, 0.02282], [127.44736, 0.02004], [127.45298, 0.01787], [127.45156, 0.0169], [127.44534, 0.00546], [127.44644, 0.00038], [127.44612, -0.00602], [127.44811, -0.00777], [127.44918, -0.01045], [127.45208, -0.0124], [127.45064, -0.01415], [127.45259, -0.0152], [127.4501, -0.0207], [127.44809, -0.02168], [127.44728, -0.02082], [127.44622, -0.02125], [127.4407, -0.01811], [127.43962, -0.01099], [127.43664, -0.00884], [127.4348, -0.00594], [127.4348, -0.00424], [127.43735, -0.00021], [127.43721, 0.0007], [127.44038, 0.00461], [127.44199, 0.00509], [127.44259, 0.00754], [127.44092, 0.0101], [127.43647, 0.01116], [127.43447, 0.01245], [127.43479, 0.01511], [127.43311, 0.01684], [127.43167, 0.02115], [127.42903, 0.02447], [127.427, 0.02552], [127.42417, 0.02595], [127.42417, 0.02507], [127.42282, 0.0247], [127.42182, 0.02203], [127.41868, 0.01739], [127.4173, 0.01621], [127.41638, 0.01637], [127.41496, 0.01554], [127.41464, 0.01479], [127.41538, 0.01437], [127.41476, 0.01212], [127.41402, 0.01187], [127.41397, 0.01058], [127.41145, 0.01017], [127.4103, 0.00912], [127.40909, 0.00936], [127.4067, 0.01141], [127.40605, 0.01334], [127.405, 0.01376], [127.40508, 0.01438], [127.40563, 0.01423], [127.40405, 0.01722], [127.40401, 0.01988], [127.40627, 0.02231], [127.40767, 0.02619], [127.40753, 0.02749], [127.40923, 0.03203], [127.40912, 0.03491], [127.40983, 0.0376], [127.40906, 0.04024], [127.4131, 0.05212], [127.41266, 0.05457], [127.41325, 0.06082], [127.41256, 0.064], [127.41329, 0.06832], [127.41276, 0.07136], [127.41359, 0.07319], [127.41293, 0.07516], [127.4133, 0.07776], [127.42186, 0.07871], [127.42379, 0.08096], [127.42933, 0.0836], [127.43347, 0.08194], [127.43396, 0.07916], [127.43338, 0.07792], [127.43416, 0.07416], [127.43552, 0.07404], [127.43711, 0.0665], [127.43718, 0.06224], [127.43644, 0.06102], [127.43898, 0.06035], [127.43763, 0.05618], [127.4389, 0.0546], [127.44157, 0.04613], [127.44997, 0.04441], [127.45311, 0.03721]]], [[[127.22034, -0.13718], [127.21587, -0.13396], [127.21431, -0.132], [127.21331, -0.12899], [127.21088, -0.1286], [127.20815, -0.12611], [127.20622, -0.12322], [127.20386, -0.12165], [127.2007, -0.12059], [127.19902, -0.11869], [127.19844, -0.1165], [127.20082, -0.11384], [127.20179, -0.11395], [127.20204, -0.11517], [127.20458, -0.11635], [127.2032, -0.11925], [127.20417, -0.12054], [127.20526, -0.12112], [127.20393, -0.12003], [127.20372, -0.11909], [127.20546, -0.1162], [127.20714, -0.11542], [127.21071, -0.11539], [127.21414, -0.11449], [127.21669, -0.11248], [127.21957, -0.1127], [127.22341, -0.10698], [127.22602, -0.10716], [127.22659, -0.10782], [127.22658, -0.11015], [127.22754, -0.11101], [127.22849, -0.10972], [127.23003, -0.10967], [127.23186, -0.1077], [127.23101, -0.10577], [127.23203, -0.10373], [127.23045, -0.10338], [127.2301, -0.1015], [127.22968, -0.1014], [127.2301, -0.1029], [127.22952, -0.10292], [127.22911, -0.10076], [127.23013, -0.10052], [127.23234, -0.10298], [127.2329, -0.10193], [127.23183, -0.10016], [127.23251, -0.09976], [127.22834, -0.09788], [127.22751, -0.09601], [127.22774, -0.09516], [127.22951, -0.09094], [127.23265, -0.09013], [127.23331, -0.09147], [127.23305, -0.09285], [127.23371, -0.09308], [127.23359, -0.0917], [127.23535, -0.09084], [127.23594, -0.08948], [127.23869, -0.0902], [127.24031, -0.08856], [127.24055, -0.08752], [127.23903, -0.08403], [127.2383, -0.08459], [127.23779, -0.08382], [127.23766, -0.08476], [127.23866, -0.08635], [127.23439, -0.0889], [127.23623, -0.08411], [127.23757, -0.08301], [127.23838, -0.08015], [127.24008, -0.07823], [127.24132, -0.07855], [127.24132, -0.07928], [127.24336, -0.08119], [127.24602, -0.08147], [127.24708, -0.08492], [127.24808, -0.08497], [127.24935, -0.08193], [127.24884, -0.08042], [127.24974, -0.07791], [127.25141, -0.07749], [127.25306, -0.07813], [127.25501, -0.07716], [127.25613, -0.07795], [127.25482, -0.08084], [127.25715, -0.08057], [127.25761, -0.0812], [127.25881, -0.07953], [127.25899, -0.0773], [127.26054, -0.07589], [127.26293, -0.07503], [127.2646, -0.07325], [127.26824, -0.07168], [127.27095, -0.07254], [127.27151, -0.07352], [127.27129, -0.07505], [127.27, -0.07681], [127.27232, -0.07896], [127.27402, -0.08412], [127.27276, -0.08678], [127.27065, -0.08868], [127.26925, -0.09265], [127.26795, -0.09325], [127.26851, -0.09386], [127.26849, -0.09639], [127.26821, -0.09869], [127.26754, -0.0995], [127.2676, -0.10696], [127.26643, -0.11343], [127.26493, -0.11627], [127.26444, -0.12007], [127.26196, -0.12327], [127.26129, -0.12539], [127.25897, -0.12523], [127.25739, -0.12591], [127.25604, -0.12364], [127.25447, -0.12379], [127.25328, -0.12468], [127.25102, -0.12493], [127.24844, -0.12685], [127.2478, -0.12623], [127.24543, -0.12694], [127.24465, -0.12747], [127.24526, -0.12854], [127.24397, -0.13072], [127.24194, -0.13186], [127.2407, -0.13377], [127.23862, -0.13346], [127.23702, -0.13467], [127.23535, -0.13437], [127.23446, -0.13675], [127.23483, -0.13746], [127.23267, -0.13945], [127.23131, -0.13866], [127.23136, -0.13656], [127.23332, -0.13431], [127.23453, -0.13479], [127.23444, -0.13356], [127.23332, -0.13385], [127.22901, -0.13739], [127.22817, -0.13895], [127.22542, -0.13855], [127.22512, -0.1372], [127.22584, -0.13642], [127.22431, -0.13538], [127.22303, -0.1366], [127.22034, -0.13718]]], [[[127.12299, 0.14552], [127.12426, 0.14376], [127.12655, 0.14256], [127.12891, 0.14294], [127.1306, 0.14177], [127.13175, 0.13931], [127.13229, 0.1389], [127.13232, 0.13938], [127.13347, 0.13739], [127.1346, 0.13706], [127.13507, 0.12853], [127.13319, 0.12851], [127.13071, 0.13061], [127.12739, 0.13166], [127.12651, 0.13137], [127.12668, 0.12966], [127.12654, 0.13038], [127.12573, 0.12976], [127.12414, 0.13001], [127.12587, 0.12836], [127.12668, 0.12842], [127.12651, 0.12723], [127.12496, 0.12874], [127.12421, 0.12797], [127.12309, 0.1303], [127.1198, 0.12973], [127.1175, 0.13275], [127.11608, 0.13244], [127.11572, 0.13115], [127.11374, 0.13289], [127.11306, 0.13448], [127.1131, 0.13537], [127.11388, 0.13566], [127.11379, 0.13676], [127.11295, 0.13802], [127.11171, 0.13832], [127.11073, 0.14235], [127.11612, 0.14596], [127.11855, 0.14871], [127.1185, 0.1496], [127.12051, 0.14701], [127.12299, 0.14552]]], [[[127.43017, 0.00488], [127.43042, 0.00327], [127.43206, 0.00058], [127.42991, -0.00167], [127.42652, 0.00588], [127.42491, 0.00636], [127.4243, 0.00593], [127.42445, 0.00518], [127.42631, 0.00385], [127.42791, -0.00102], [127.4282, -0.00273], [127.42775, -0.00292], [127.42846, -0.00325], [127.42836, -0.00437], [127.42965, -0.00425], [127.42939, -0.00543], [127.42803, -0.00717], [127.42643, -0.00741], [127.42527, -0.00859], [127.42408, -0.00859], [127.42218, -0.01055], [127.41985, -0.0101], [127.41928, -0.00915], [127.41965, -0.00378], [127.41879, -0.00224], [127.41846, 0.0015], [127.42121, 0.00681], [127.42437, 0.00917], [127.42417, 0.01229], [127.42516, 0.01267], [127.42706, 0.00974], [127.42896, 0.00849], [127.42898, 0.0067], [127.43017, 0.00488]]], [[[127.18782, -0.01363], [127.19204, -0.01342], [127.1947, -0.01706], [127.1989, -0.01948], [127.2022, -0.02246], [127.20207, -0.02455], [127.20042, -0.02336], [127.19916, -0.02108], [127.19848, -0.02211], [127.19795, -0.022], [127.19707, -0.02009], [127.1952, -0.02068], [127.19508, -0.02181], [127.19322, -0.02264], [127.19407, -0.01927], [127.19369, -0.01857], [127.19134, -0.01962], [127.1903, -0.01789], [127.18452, -0.01678], [127.18361, -0.01722], [127.18284, -0.0189], [127.18049, -0.01911], [127.17895, -0.0182], [127.17656, -0.01887], [127.17321, -0.01879], [127.17293, -0.01929], [127.17361, -0.01993], [127.1746, -0.01997], [127.1746, -0.02108], [127.1739, -0.02158], [127.16896, -0.01619], [127.16763, -0.01643], [127.16382, -0.0155], [127.16722, -0.01354], [127.17321, -0.01203], [127.18782, -0.01363]]], [[[127.22392, 0.03768], [127.2271, 0.03567], [127.23008, 0.02619], [127.22945, 0.02382], [127.22878, 0.02418], [127.22817, 0.0229], [127.22622, 0.02172], [127.2245, 0.02254], [127.22299, 0.02552], [127.21989, 0.02524], [127.21737, 0.02865], [127.21676, 0.03122], [127.21755, 0.03277], [127.22099, 0.03601], [127.2211, 0.03689], [127.22342, 0.03812], [127.22392, 0.03768]]], [[[127.21473, 0.14402], [127.21707, 0.14322], [127.21809, 0.14365], [127.21883, 0.14296], [127.21956, 0.14414], [127.22043, 0.14297], [127.2204, 0.14154], [127.22151, 0.14101], [127.22213, 0.13872], [127.2218, 0.13788], [127.2227, 0.13716], [127.22005, 0.13319], [127.21703, 0.13279], [127.21303, 0.13387], [127.20951, 0.13689], [127.20817, 0.14152], [127.21042, 0.14288], [127.21052, 0.14352], [127.21473, 0.14402]]], [[[127.15526, 0.16219], [127.15669, 0.16181], [127.15701, 0.16009], [127.15793, 0.16018], [127.15761, 0.15916], [127.15833, 0.15747], [127.15354, 0.15746], [127.15148, 0.15458], [127.14918, 0.15371], [127.14672, 0.15086], [127.14489, 0.15171], [127.14532, 0.1547], [127.14442, 0.15724], [127.14559, 0.15915], [127.14748, 0.15929], [127.14856, 0.16057], [127.15088, 0.16087], [127.15105, 0.1615], [127.15186, 0.16116], [127.15287, 0.16252], [127.15462, 0.1629], [127.15526, 0.16219]]], [[[127.25117, -0.02634], [127.25088, -0.0295], [127.24903, -0.03236], [127.24736, -0.03284], [127.24451, -0.03244], [127.24326, -0.03148], [127.24251, -0.02831], [127.24311, -0.02756], [127.25129, -0.0249], [127.25117, -0.02634]]], [[[127.19841, -0.033], [127.19741, -0.03263], [127.19687, -0.03353], [127.19786, -0.03474], [127.19972, -0.0345], [127.20009, -0.03645], [127.19876, -0.0353], [127.19833, -0.03646], [127.19881, -0.03723], [127.20088, -0.03776], [127.2009, -0.03851], [127.19652, -0.03737], [127.19664, -0.03597], [127.19537, -0.03452], [127.19388, -0.03093], [127.19132, -0.02993], [127.19118, -0.02814], [127.19351, -0.02725], [127.1945, -0.0262], [127.19474, -0.02721], [127.19617, -0.02809], [127.19725, -0.02979], [127.19841, -0.033]]], [[[127.42712, -0.01214], [127.42751, -0.01383], [127.42845, -0.01462], [127.4295, -0.01407], [127.43074, -0.01614], [127.42873, -0.01822], [127.4255, -0.01858], [127.42309, -0.01277], [127.42529, -0.01138], [127.42712, -0.01214]]], [[[127.2266, -0.10423], [127.22689, -0.10746], [127.22572, -0.10676], [127.22317, -0.10664], [127.22276, -0.10596], [127.22318, -0.10522], [127.22238, -0.10494], [127.22184, -0.10834], [127.22069, -0.10949], [127.2181, -0.11041], [127.2179, -0.10933], [127.21968, -0.10748], [127.22018, -0.1052], [127.22179, -0.10316], [127.22527, -0.10251], [127.22611, -0.1028], [127.2266, -0.10423]]], [[[127.17548, -0.03742], [127.17657, -0.04045], [127.17811, -0.04091], [127.18119, -0.04017], [127.18205, -0.04129], [127.18125, -0.04224], [127.18303, -0.04178], [127.18524, -0.04319], [127.18598, -0.04258], [127.1876, -0.04365], [127.18614, -0.04406], [127.1818, -0.04334], [127.17405, -0.04057], [127.17231, -0.03828], [127.17383, -0.03676], [127.17482, -0.03668], [127.17548, -0.03742]]], [[[127.43171, -0.01136], [127.43143, -0.01277], [127.43074, -0.01288], [127.42952, -0.01157], [127.42832, -0.01154], [127.4261, -0.00974], [127.42712, -0.00871], [127.42918, -0.00974], [127.43042, -0.00673], [127.43228, -0.00862], [127.43171, -0.01136]]], [[[127.21579, -0.02862], [127.21604, -0.02923], [127.21526, -0.03036], [127.2106, -0.03057], [127.21112, -0.0284], [127.21217, -0.02916], [127.21259, -0.02767], [127.21356, -0.02784], [127.21392, -0.02633], [127.21573, -0.02697], [127.21579, -0.02862]]], [[[127.22169, -0.03573], [127.21967, -0.03457], [127.21938, -0.03343], [127.21991, -0.03241], [127.22156, -0.03151], [127.22286, -0.03181], [127.22367, -0.03447], [127.22273, -0.03555], [127.22169, -0.03573]]], [[[127.216, -0.10853], [127.21727, -0.11071], [127.21671, -0.11188], [127.21454, -0.11255], [127.21359, -0.11138], [127.21389, -0.10953], [127.21509, -0.10802], [127.216, -0.10853]]], [[[127.42892, 0.01589], [127.4303, 0.01492], [127.43085, 0.01195], [127.43033, 0.01086], [127.42875, 0.01204], [127.42763, 0.01416], [127.42783, 0.01571], [127.42892, 0.01589]]], [[[127.20654, -0.04065], [127.20674, -0.04281], [127.20492, -0.04447], [127.20373, -0.04297], [127.20386, -0.04208], [127.206, -0.03954], [127.20654, -0.04065]]], [[[127.14896, 0.10737], [127.14945, 0.10589], [127.1476, 0.10553], [127.1452, 0.10717], [127.14774, 0.10947], [127.14858, 0.10908], [127.14896, 0.10737]]], [[[127.22788, -0.02746], [127.22725, -0.02778], [127.22758, -0.02846], [127.22684, -0.02797], [127.22772, -0.02886], [127.22786, -0.03096], [127.22651, -0.03161], [127.22515, -0.02953], [127.2256, -0.02779], [127.2266, -0.02693], [127.22788, -0.02746]]], [[[127.22913, -0.03146], [127.23003, -0.02917], [127.23171, -0.02892], [127.23178, -0.03181], [127.23024, -0.03213], [127.22913, -0.03146]]], [[[127.20129, -0.03909], [127.20205, -0.04053], [127.20021, -0.04208], [127.19926, -0.04082], [127.19906, -0.03886], [127.20129, -0.03909]]], [[[127.20483, -0.03389], [127.20607, -0.03526], [127.20491, -0.03648], [127.20498, -0.03526], [127.20359, -0.03406], [127.2038, -0.03304], [127.20331, -0.03287], [127.20389, -0.03086], [127.20439, -0.03104], [127.20483, -0.03389]]]]}}, {"type": "Feature", "properties": {"domain_id": "820104", "name": "SAHU"}, "geometry": {"type": "Polygon", "coordinates": [[[127.43752, 1.13231], [127.43783, 1.13047], [127.43442, 1.12098], [127.42501, 1.11171], [127.42284, 1.1079], [127.42119, 1.10835], [127.42198, 1.10859], [127.42579, 1.11588], [127.42712, 1.12118], [127.42804, 1.13153], [127.4299, 1.13458], [127.43123, 1.13564], [127.43086, 1.13604], [127.42967, 1.13557], [127.43177, 1.14264], [127.43034, 1.15491], [127.42901, 1.15847], [127.42801, 1.15947], [127.42544, 1.1584], [127.42497, 1.16081], [127.42354, 1.16124], [127.42229, 1.16259], [127.42191, 1.16421], [127.42244, 1.16479], [127.4215, 1.16493], [127.42144, 1.1661], [127.42066, 1.16632], [127.41933, 1.1653], [127.41708, 1.16717], [127.41833, 1.17053], [127.41825, 1.17179], [127.41742, 1.17186], [127.41698, 1.17277], [127.41751, 1.17402], [127.4158, 1.17433], [127.41457, 1.1768], [127.41155, 1.17624], [127.40993, 1.17718], [127.41131, 1.18157], [127.40971, 1.18219], [127.40932, 1.18354], [127.41036, 1.1851], [127.41206, 1.18559], [127.41185, 1.18733], [127.41003, 1.1855], [127.40812, 1.18545], [127.40677, 1.18794], [127.40717, 1.18919], [127.40507, 1.18965], [127.40489, 1.19234], [127.40279, 1.19172], [127.40117, 1.19223], [127.40036, 1.19404], [127.39899, 1.19524], [127.39993, 1.19716], [127.40248, 1.19838], [127.40212, 1.20001], [127.40376, 1.20152], [127.40334, 1.20238], [127.4042, 1.2044], [127.40534, 1.20435], [127.40798, 1.20833], [127.40936, 1.22033], [127.40748, 1.22147], [127.40745, 1.22445], [127.40651, 1.22494], [127.40649, 1.22744], [127.40562, 1.22824], [127.40734, 1.23032], [127.40667, 1.23122], [127.40753, 1.23277], [127.40722, 1.23374], [127.41367, 1.23904], [127.41664, 1.24307], [127.41703, 1.24614], [127.41601, 1.24746], [127.41737, 1.24906], [127.41702, 1.25039], [127.42004, 1.25401], [127.42034, 1.25758], [127.42347, 1.25944], [127.42423, 1.26167], [127.42339, 1.26459], [127.42399, 1.26563], [127.42654, 1.26692], [127.42788, 1.26884], [127.43111, 1.27114], [127.43193, 1.27588], [127.4342, 1.27853], [127.43356, 1.27924], [127.4339, 1.28085], [127.43697, 1.28518], [127.44474, 1.28408], [127.45586, 1.28017], [127.45846, 1.27708], [127.4658, 1.27139], [127.4722, 1.26844], [127.48373, 1.2654], [127.48504, 1.26183], [127.48835, 1.25969], [127.49754, 1.26056], [127.50374, 1.26044], [127.49291, 1.22838], [127.49294, 1.21842], [127.4938, 1.21204], [127.49369, 1.20028], [127.49209, 1.18635], [127.49319, 1.18272], [127.49338, 1.17901], [127.49059, 1.16381], [127.483, 1.16434], [127.47515, 1.1635], [127.47253, 1.15861], [127.47212, 1.15465], [127.46914, 1.15017], [127.46663, 1.14436], [127.46583, 1.14462], [127.46508, 1.14398], [127.46616, 1.14298], [127.46591, 1.1425], [127.46113, 1.14179], [127.45608, 1.14002], [127.45507, 1.13606], [127.45302, 1.13159], [127.45063, 1.13188], [127.45003, 1.13467], [127.44767, 1.13717], [127.44571, 1.13756], [127.44394, 1.13642], [127.44036, 1.13986], [127.43954, 1.13892], [127.44032, 1.13686], [127.43891, 1.13557], [127.43752, 1.13231]]]}}, {"type": "Feature", "properties": {"domain_id": "820315", "name": "GALELA UTARA"}, "geometry": {"type": "Polygon", "coordinates": [[[127.86359, 1.93266], [127.86142, 1.93079], [127.85508, 1.92828], [127.85137, 1.92501], [127.84997, 1.91907], [127.84931, 1.91854], [127.84966, 1.91797], [127.8479, 1.90654], [127.84458, 1.90589], [127.82811, 1.90588], [127.8243, 1.90285], [127.82133, 1.9015], [127.80712, 1.89819], [127.80216, 1.89859], [127.79758, 1.90074], [127.79254, 1.90167], [127.79099, 1.9032], [127.7905, 1.90676], [127.79244, 1.91218], [127.7955, 1.91662], [127.79597, 1.92442], [127.79714, 1.92662], [127.79428, 1.93216], [127.79501, 1.93605], [127.7947, 1.93778], [127.79279, 1.93935], [127.79356, 1.94342], [127.79615, 1.95027], [127.79883, 1.95164], [127.79893, 1.95492], [127.80054, 1.95539], [127.80406, 1.95466], [127.80791, 1.95631], [127.80871, 1.96013], [127.80774, 1.96322], [127.80745, 1.96858], [127.8084, 1.97318], [127.81151, 1.97709], [127.81596, 1.98092], [127.81705, 1.98355], [127.81882, 1.98452], [127.8199, 1.98617], [127.8231, 1.98726], [127.82527, 1.98697], [127.82653, 1.98474], [127.82875, 1.98395], [127.83452, 1.98546], [127.83532, 1.98777], [127.83395, 1.98948], [127.83327, 1.992], [127.83355, 1.9928], [127.83629, 1.99474], [127.83686, 1.99662], [127.83812, 1.99782], [127.84274, 2.00079], [127.84868, 2.00159], [127.85188, 2.00028], [127.85211, 1.99948], [127.85548, 1.99896], [127.85651, 2.00091], [127.85634, 2.00228], [127.85776, 2.00382], [127.85759, 2.0061], [127.85896, 2.00587], [127.86142, 2.0029], [127.86456, 2.00645], [127.86656, 2.00678], [127.86829, 2.00804], [127.86901, 2.00912], [127.86912, 2.01109], [127.87055, 2.01293], [127.87019, 2.01476], [127.8724, 2.01551], [127.87158, 2.0209], [127.87198, 2.02511], [127.87112, 2.02672], [127.87076, 2.03064], [127.87462, 2.03314], [127.87808, 2.03785], [127.87829, 2.04032], [127.88556, 2.04456], [127.88675, 2.047], [127.89022, 2.04903], [127.89161, 2.05099], [127.89739, 2.0526], [127.89789, 2.05449], [127.89973, 2.0563], [127.90108, 2.05886], [127.9036, 2.06095], [127.90431, 2.06284], [127.90367, 2.06459], [127.90078, 2.06866], [127.90089, 2.07062], [127.90267, 2.07401], [127.90531, 2.07608], [127.90839, 2.07734], [127.90974, 2.07986], [127.91231, 2.08079], [127.91359, 2.08396], [127.91555, 2.08513], [127.91756, 2.08507], [127.92362, 2.09079], [127.92683, 2.09282], [127.92976, 2.09289], [127.93429, 2.09589], [127.93615, 2.09796], [127.9364, 2.10092], [127.94033, 2.10192], [127.94147, 2.1036], [127.95014, 2.10628], [127.9521, 2.11106], [127.95485, 2.11327], [127.955, 2.11738], [127.95625, 2.11918], [127.95734, 2.1248], [127.95845, 2.12652], [127.95867, 2.12915], [127.95771, 2.13051], [127.95835, 2.13254], [127.9598, 2.13303], [127.96005, 2.13421], [127.96251, 2.13581], [127.96284, 2.1375], [127.96897, 2.14369], [127.97085, 2.14361], [127.97376, 2.14458], [127.97576, 2.14784], [127.97833, 2.14947], [127.98062, 2.15196], [127.98176, 2.15146], [127.98108, 2.14989], [127.98197, 2.14918], [127.98483, 2.14861], [127.98858, 2.14984], [127.99447, 2.14812], [127.99914, 2.1481], [128.00551, 2.14922], [128.00986, 2.155], [128.00979, 2.15732], [128.01158, 2.16239], [128.01322, 2.16286], [128.01358, 2.16425], [128.01522, 2.16539], [128.01665, 2.16903], [128.01693, 2.17358], [128.02303, 2.17545], [128.02326, 2.17622], [128.03148, 2.17972], [128.03339, 2.18138], [128.03493, 2.18394], [128.04017, 2.18608], [128.04112, 2.18864], [128.04294, 2.1892], [128.05795, 2.20002], [128.06305, 2.19918], [128.06696, 2.19769], [128.0684, 2.19439], [128.06866, 2.19132], [128.0691, 2.19131], [128.06683, 2.18476], [128.06692, 2.1802], [128.06433, 2.17184], [128.06224, 2.16903], [128.06147, 2.16922], [128.05744, 2.16529], [128.05478, 2.16134], [128.05289, 2.15611], [128.04756, 2.15009], [128.04677, 2.14821], [128.04535, 2.14698], [128.04352, 2.14651], [128.04286, 2.14338], [128.03922, 2.13848], [128.03793, 2.13537], [128.03452, 2.13237], [128.0351, 2.13078], [128.03444, 2.12804], [128.03132, 2.12304], [128.02728, 2.11896], [128.02425, 2.11344], [128.01846, 2.10765], [128.01562, 2.10338], [128.00851, 2.09799], [128.00721, 2.0962], [128.0072, 2.095], [128.00519, 2.09578], [128.0033, 2.09381], [128.0033, 2.09244], [128.00079, 2.09172], [127.99907, 2.08912], [127.99971, 2.08767], [127.99696, 2.08541], [127.99306, 2.08359], [127.99082, 2.07983], [127.9834, 2.07292], [127.98255, 2.07106], [127.97949, 2.0677], [127.97697, 2.06751], [127.97335, 2.06604], [127.97023, 2.06351], [127.96742, 2.0567], [127.96611, 2.04953], [127.96211, 2.04772], [127.95991, 2.0451], [127.95719, 2.04374], [127.95443, 2.04012], [127.9508, 2.02895], [127.94918, 2.02749], [127.94784, 2.02372], [127.94827, 2.02096], [127.95114, 2.01859], [127.95175, 2.01436], [127.95308, 2.01099], [127.95094, 2.00206], [127.95095, 1.99649], [127.95175, 1.99326], [127.95225, 1.9932], [127.95153, 1.99084], [127.95077, 1.99092], [127.94805, 1.98791], [127.94102, 1.98584], [127.94018, 1.98492], [127.93875, 1.9849], [127.93493, 1.98113], [127.93435, 1.98175], [127.93231, 1.98032], [127.92879, 1.97941], [127.92791, 1.97815], [127.92723, 1.97297], [127.92584, 1.96874], [127.91915, 1.96132], [127.91453, 1.95882], [127.91413, 1.95808], [127.90808, 1.95708], [127.90249, 1.95696], [127.89829, 1.9547], [127.89729, 1.95521], [127.89251, 1.95408], [127.89078, 1.95423], [127.8883, 1.95329], [127.88563, 1.95093], [127.88309, 1.94972], [127.88059, 1.94652], [127.87745, 1.94399], [127.87356, 1.93996], [127.87223, 1.93683], [127.87001, 1.93524], [127.86802, 1.93561], [127.86359, 1.93266]]]}}, {"type": "Feature", "properties": {"domain_id": "820101", "name": "JAILOLO"}, "geometry": {"type": "Polygon", "coordinates": [[[127.42565, 1.04522], [127.42668, 1.04293], [127.42865, 1.04079], [127.42829, 1.03904], [127.42742, 1.03941], [127.42633, 1.0382], [127.42609, 1.03514], [127.42484, 1.03428], [127.42471, 1.03275], [127.42373, 1.03215], [127.41981, 1.03182], [127.41745, 1.03299], [127.41542, 1.03576], [127.41466, 1.03872], [127.41267, 1.04003], [127.40957, 1.04058], [127.40764, 1.03941], [127.40497, 1.03927], [127.40072, 1.04131], [127.39985, 1.04427], [127.39884, 1.04489], [127.39902, 1.04871], [127.40042, 1.04811], [127.4027, 1.04447], [127.40418, 1.04411], [127.41007, 1.04543], [127.41271, 1.0475], [127.4109, 1.04956], [127.41004, 1.04938], [127.40957, 1.05006], [127.40747, 1.04973], [127.40503, 1.05125], [127.40378, 1.05316], [127.40208, 1.05397], [127.40201, 1.05479], [127.40083, 1.05366], [127.40018, 1.05412], [127.39935, 1.05615], [127.39959, 1.05758], [127.39759, 1.05954], [127.39673, 1.06204], [127.39712, 1.06636], [127.39805, 1.06782], [127.39748, 1.06775], [127.39684, 1.06906], [127.39704, 1.07042], [127.39827, 1.07187], [127.39845, 1.07463], [127.39797, 1.07494], [127.39887, 1.07672], [127.39861, 1.07896], [127.39995, 1.08117], [127.39915, 1.08393], [127.40176, 1.08521], [127.4025, 1.08673], [127.40407, 1.08768], [127.40535, 1.09013], [127.40576, 1.09277], [127.4089, 1.09512], [127.41003, 1.09712], [127.41342, 1.09963], [127.41454, 1.09954], [127.41795, 1.10238], [127.41784, 1.10389], [127.41904, 1.10475], [127.41968, 1.10746], [127.42113, 1.10835], [127.42284, 1.1079], [127.42501, 1.11171], [127.43442, 1.12098], [127.43783, 1.13047], [127.43746, 1.13216], [127.43891, 1.13557], [127.44032, 1.13686], [127.43954, 1.13892], [127.44008, 1.13982], [127.44394, 1.13642], [127.44571, 1.13756], [127.44767, 1.13717], [127.44971, 1.13523], [127.4509, 1.13161], [127.45408, 1.13124], [127.45447, 1.13008], [127.45223, 1.12742], [127.45235, 1.12591], [127.45313, 1.12583], [127.45501, 1.1279], [127.45679, 1.1284], [127.45803, 1.12737], [127.45981, 1.12736], [127.46102, 1.12561], [127.46411, 1.12602], [127.4661, 1.12351], [127.47103, 1.12195], [127.47178, 1.12081], [127.47148, 1.11926], [127.47276, 1.1189], [127.47433, 1.11911], [127.47549, 1.12161], [127.47863, 1.1231], [127.47884, 1.12725], [127.48325, 1.13031], [127.48326, 1.13389], [127.48407, 1.13472], [127.48478, 1.13469], [127.48568, 1.1334], [127.48549, 1.1311], [127.48771, 1.12998], [127.48996, 1.1274], [127.49075, 1.128], [127.49023, 1.13248], [127.49208, 1.13319], [127.49338, 1.13246], [127.49222, 1.12999], [127.49265, 1.12783], [127.49363, 1.12862], [127.49605, 1.12797], [127.49756, 1.1289], [127.51684, 1.12956], [127.5294, 1.13125], [127.53593, 1.1304], [127.5505, 1.13102], [127.56403, 1.13016], [127.56588, 1.12952], [127.56962, 1.13012], [127.5948, 1.12925], [127.59568, 1.1296], [127.59727, 1.1322], [127.59917, 1.13341], [127.60332, 1.13351], [127.60611, 1.13511], [127.60982, 1.13399], [127.61493, 1.13486], [127.6172, 1.13572], [127.61889, 1.13801], [127.6213, 1.13845], [127.62231, 1.13695], [127.62325, 1.13145], [127.6259, 1.12552], [127.62522, 1.12229], [127.62531, 1.11626], [127.61389, 1.11712], [127.61317, 1.11393], [127.61138, 1.11249], [127.60961, 1.10929], [127.60868, 1.10881], [127.6043, 1.10894], [127.60385, 1.1084], [127.60463, 1.10344], [127.60666, 1.10028], [127.60835, 1.094], [127.61318, 1.09146], [127.61327, 1.09048], [127.61147, 1.08889], [127.61068, 1.08675], [127.61151, 1.08443], [127.61465, 1.08199], [127.61394, 1.07951], [127.61021, 1.0757], [127.60372, 1.07304], [127.60206, 1.07079], [127.60194, 1.06314], [127.60458, 1.05922], [127.60358, 1.05607], [127.60453, 1.05245], [127.60456, 1.04874], [127.6064, 1.04385], [127.61073, 1.04074], [127.61301, 1.04055], [127.61501, 1.0417], [127.62363, 1.04222], [127.62664, 1.04111], [127.63167, 1.04084], [127.64087, 1.03843], [127.64378, 1.03876], [127.64528, 1.03772], [127.64659, 1.0378], [127.64836, 1.0344], [127.64811, 1.03166], [127.64679, 1.03078], [127.64612, 1.02773], [127.64799, 1.02576], [127.64939, 1.02589], [127.65053, 1.02177], [127.65003, 1.0205], [127.64838, 1.02068], [127.64847, 1.01977], [127.64367, 1.01881], [127.64104, 1.01675], [127.64491, 1.01683], [127.64732, 1.01618], [127.64469, 1.01126], [127.64359, 1.00597], [127.6436, 1.00232], [127.64281, 1.00049], [127.64482, 1.00036], [127.64563, 0.99943], [127.64443, 0.99786], [127.64229, 0.99927], [127.63986, 0.99437], [127.63947, 0.99228], [127.63756, 0.99182], [127.63653, 0.99064], [127.63283, 0.99075], [127.63264, 0.98747], [127.62983, 0.98799], [127.6292, 0.98928], [127.62725, 0.99034], [127.62683, 0.98582], [127.62523, 0.98522], [127.62372, 0.98119], [127.62196, 0.98223], [127.62125, 0.98121], [127.61946, 0.98135], [127.6163, 0.98006], [127.61361, 0.98038], [127.61066, 0.97604], [127.6127, 0.97491], [127.61367, 0.97289], [127.61281, 0.97286], [127.61282, 0.97223], [127.61134, 0.97294], [127.608, 0.9721], [127.60589, 0.96977], [127.60489, 0.96993], [127.60501, 0.97079], [127.60251, 0.97131], [127.60297, 0.9694], [127.6052, 0.96657], [127.59664, 0.96821], [127.58718, 0.96877], [127.58696, 0.96749], [127.57073, 0.96894], [127.56743, 0.96738], [127.56383, 0.96761], [127.56265, 0.96708], [127.55907, 0.96892], [127.55451, 0.96944], [127.54902, 0.96846], [127.54691, 0.96925], [127.54575, 0.96869], [127.54278, 0.96879], [127.5387, 0.97025], [127.53248, 0.97025], [127.532, 0.9699], [127.53244, 0.96901], [127.53103, 0.96854], [127.52972, 0.96876], [127.52797, 0.97014], [127.5267, 0.9693], [127.52144, 0.97056], [127.51112, 0.96986], [127.51183, 0.97298], [127.51112, 0.97513], [127.50711, 0.9781], [127.50618, 0.98045], [127.50615, 0.98297], [127.50397, 0.98356], [127.50408, 0.98265], [127.50302, 0.98358], [127.50282, 0.98654], [127.50102, 0.98973], [127.49886, 0.99042], [127.49616, 0.98952], [127.49569, 0.99548], [127.49166, 0.9949], [127.48965, 0.99602], [127.48606, 0.99421], [127.48327, 0.99461], [127.48176, 0.99431], [127.48139, 0.99321], [127.48032, 0.99357], [127.48037, 1.00106], [127.47918, 1.00217], [127.47794, 1.002], [127.4762, 1.00384], [127.47443, 1.00387], [127.47388, 1.00516], [127.47231, 1.00637], [127.47491, 1.00618], [127.47938, 1.01596], [127.48036, 1.01384], [127.48203, 1.0134], [127.48295, 1.01433], [127.48368, 1.01747], [127.48573, 1.01544], [127.49099, 1.01452], [127.49071, 1.01522], [127.49086, 1.01525], [127.49125, 1.01446], [127.49178, 1.01471], [127.49125, 1.01552], [127.49182, 1.01576], [127.49219, 1.01494], [127.49367, 1.01458], [127.4949, 1.01521], [127.49529, 1.01753], [127.49488, 1.01853], [127.49671, 1.02079], [127.4966, 1.02357], [127.49778, 1.02459], [127.49696, 1.02469], [127.49647, 1.02718], [127.497, 1.02997], [127.49792, 1.03123], [127.49748, 1.03235], [127.49913, 1.03428], [127.49844, 1.03453], [127.49924, 1.03893], [127.49842, 1.0403], [127.50183, 1.04119], [127.50061, 1.0425], [127.50167, 1.04326], [127.50065, 1.04362], [127.50095, 1.0447], [127.49967, 1.04856], [127.49688, 1.05104], [127.49649, 1.05298], [127.49511, 1.05508], [127.49198, 1.05651], [127.4887, 1.05927], [127.48582, 1.06037], [127.48218, 1.05854], [127.48158, 1.05948], [127.48185, 1.06238], [127.47948, 1.06434], [127.47798, 1.0638], [127.4768, 1.06416], [127.47432, 1.06231], [127.47295, 1.06417], [127.47198, 1.06267], [127.46799, 1.06111], [127.46924, 1.06046], [127.46827, 1.05909], [127.46963, 1.05738], [127.46975, 1.05665], [127.46775, 1.05942], [127.46713, 1.05882], [127.46792, 1.0581], [127.46759, 1.05659], [127.46649, 1.05654], [127.46559, 1.05771], [127.4635, 1.05638], [127.46175, 1.05658], [127.46112, 1.05584], [127.45863, 1.05517], [127.4587, 1.05384], [127.45762, 1.05371], [127.45743, 1.05252], [127.45669, 1.05296], [127.45576, 1.05176], [127.45142, 1.05251], [127.44956, 1.05034], [127.44824, 1.05122], [127.44699, 1.0511], [127.44674, 1.05019], [127.44622, 1.05132], [127.44463, 1.05113], [127.44336, 1.04763], [127.44235, 1.04784], [127.4411, 1.04975], [127.44072, 1.04877], [127.43907, 1.04784], [127.43867, 1.04661], [127.43685, 1.04617], [127.43364, 1.04612], [127.43311, 1.04703], [127.43071, 1.04716], [127.4299, 1.04843], [127.43013, 1.04939], [127.42862, 1.04938], [127.42725, 1.0508], [127.42576, 1.05046], [127.42594, 1.05101], [127.42533, 1.04983], [127.42523, 1.05029], [127.4234, 1.04956], [127.424, 1.04935], [127.42359, 1.04848], [127.42166, 1.0479], [127.42355, 1.04647], [127.42492, 1.04655], [127.42565, 1.04522]]]}}, {"type": "Feature", "properties": {"domain_id": "827206", "name": "OBA TENGAH"}, "geometry": {"type": "MultiPolygon", "coordinates": [[[[127.62072, 0.41905], [127.62028, 0.418], [127.61887, 0.41724], [127.60831, 0.41719], [127.60294, 0.41416], [127.59915, 0.40813], [127.60011, 0.40597], [127.60138, 0.40603], [127.60154, 0.40309], [127.59708, 0.40065], [127.59571, 0.40096], [127.59495, 0.40214], [127.59378, 0.40791], [127.59174, 0.40741], [127.58773, 0.40902], [127.58578, 0.40865], [127.5844, 0.40978], [127.58399, 0.4112], [127.58167, 0.41397], [127.57873, 0.41469], [127.57887, 0.41838], [127.58023, 0.4191], [127.58199, 0.4189], [127.58311, 0.42103], [127.58471, 0.42162], [127.58561, 0.42299], [127.58379, 0.42356], [127.58144, 0.42332], [127.58187, 0.42431], [127.58089, 0.42511], [127.58135, 0.42786], [127.58001, 0.42916], [127.57636, 0.42862], [127.57449, 0.42771], [127.57315, 0.42884], [127.57465, 0.43064], [127.57495, 0.43255], [127.57264, 0.43549], [127.5749, 0.43898], [127.57307, 0.44067], [127.57485, 0.44228], [127.57637, 0.44272], [127.57667, 0.44413], [127.57489, 0.44561], [127.57278, 0.44524], [127.57151, 0.446], [127.57157, 0.44731], [127.57478, 0.44905], [127.57457, 0.45028], [127.5719, 0.45266], [127.56959, 0.45333], [127.56887, 0.45473], [127.56878, 0.45564], [127.56993, 0.45679], [127.57035, 0.45851], [127.56884, 0.46124], [127.56889, 0.46371], [127.56784, 0.46797], [127.56985, 0.47139], [127.56706, 0.47525], [127.56667, 0.47844], [127.56797, 0.48424], [127.56765, 0.49061], [127.56682, 0.49243], [127.56478, 0.49442], [127.56351, 0.50779], [127.56183, 0.51595], [127.55957, 0.52072], [127.55823, 0.52194], [127.54927, 0.52795], [127.54353, 0.52956], [127.53919, 0.53351], [127.53758, 0.53907], [127.53806, 0.54071], [127.53617, 0.54335], [127.53414, 0.54361], [127.53251, 0.54666], [127.53095, 0.54767], [127.52729, 0.55283], [127.5269, 0.55463], [127.5276, 0.55822], [127.53106, 0.56149], [127.53203, 0.564], [127.53478, 0.56695], [127.53667, 0.57368], [127.53583, 0.58389], [127.53034, 0.60441], [127.52953, 0.61218], [127.53125, 0.61757], [127.53356, 0.6219], [127.53844, 0.62716], [127.54079, 0.63195], [127.54044, 0.63545], [127.53915, 0.63677], [127.54082, 0.64074], [127.54117, 0.64407], [127.53993, 0.64737], [127.5398, 0.65268], [127.54027, 0.65375], [127.54117, 0.65361], [127.54074, 0.6523], [127.54194, 0.65174], [127.54463, 0.65434], [127.54518, 0.65017], [127.54706, 0.64998], [127.5487, 0.65269], [127.54822, 0.65368], [127.54872, 0.65442], [127.5514, 0.65446], [127.55219, 0.65641], [127.55329, 0.65591], [127.55529, 0.65645], [127.55594, 0.65547], [127.55532, 0.65433], [127.55644, 0.65288], [127.55758, 0.65274], [127.55862, 0.64891], [127.56105, 0.64778], [127.56268, 0.64864], [127.56317, 0.64548], [127.56466, 0.64649], [127.56556, 0.64517], [127.56743, 0.64431], [127.568, 0.64466], [127.56799, 0.64573], [127.57156, 0.6449], [127.57189, 0.64695], [127.573, 0.64642], [127.57417, 0.64715], [127.57716, 0.64752], [127.57871, 0.64668], [127.58042, 0.64689], [127.58086, 0.64519], [127.58422, 0.64361], [127.58578, 0.64427], [127.59031, 0.64372], [127.59476, 0.64542], [127.59928, 0.6441], [127.60056, 0.64544], [127.60247, 0.64598], [127.60621, 0.6437], [127.60739, 0.6436], [127.60938, 0.64461], [127.61117, 0.64357], [127.61581, 0.64286], [127.61977, 0.64493], [127.62313, 0.64211], [127.62723, 0.641], [127.63043, 0.64446], [127.63419, 0.64437], [127.6371, 0.64582], [127.63778, 0.64951], [127.63974, 0.64932], [127.64157, 0.64794], [127.64477, 0.64776], [127.64845, 0.65036], [127.65092, 0.65482], [127.6531, 0.657], [127.65872, 0.65944], [127.66488, 0.66013], [127.6707, 0.66288], [127.673, 0.66205], [127.6768, 0.65885], [127.67874, 0.65339], [127.68129, 0.65028], [127.68935, 0.64624], [127.69525, 0.64058], [127.69833, 0.64069], [127.70151, 0.63777], [127.70573, 0.63656], [127.70803, 0.63437], [127.70996, 0.63375], [127.71639, 0.6356], [127.71825, 0.63774], [127.7221, 0.63976], [127.72411, 0.64202], [127.72603, 0.64659], [127.72504, 0.65354], [127.72673, 0.65542], [127.7322, 0.65562], [127.73739, 0.65404], [127.73898, 0.65273], [127.74005, 0.65058], [127.7408, 0.64831], [127.74101, 0.64122], [127.74255, 0.6405], [127.74303, 0.63894], [127.74196, 0.63705], [127.74255, 0.63394], [127.74448, 0.63444], [127.74779, 0.63196], [127.75, 0.63189], [127.75199, 0.633], [127.75434, 0.63662], [127.7556, 0.63749], [127.76079, 0.63612], [127.76273, 0.63218], [127.76313, 0.62789], [127.76497, 0.62269], [127.76675, 0.62037], [127.76871, 0.61977], [127.77015, 0.61991], [127.77295, 0.62185], [127.77608, 0.62958], [127.77712, 0.63449], [127.78024, 0.63999], [127.78615, 0.64068], [127.78625, 0.64274], [127.79213, 0.64316], [127.79091, 0.63827], [127.79154, 0.63233], [127.79296, 0.62943], [127.79663, 0.62651], [127.79779, 0.62315], [127.79977, 0.62149], [127.80683, 0.61863], [127.8083, 0.61584], [127.80995, 0.61454], [127.80966, 0.61088], [127.80891, 0.61], [127.81106, 0.60422], [127.80983, 0.59909], [127.81022, 0.59785], [127.82071, 0.59206], [127.82163, 0.58843], [127.82335, 0.5864], [127.82494, 0.58284], [127.82841, 0.58075], [127.82896, 0.57724], [127.83137, 0.57612], [127.83161, 0.57274], [127.82965, 0.56966], [127.82276, 0.56725], [127.82315, 0.5625], [127.82118, 0.56055], [127.82144, 0.55652], [127.82532, 0.55072], [127.82587, 0.54244], [127.81966, 0.53762], [127.81594, 0.53723], [127.81387, 0.53299], [127.81179, 0.53132], [127.81053, 0.52902], [127.80666, 0.52649], [127.80697, 0.5251], [127.81228, 0.52166], [127.81277, 0.51823], [127.81159, 0.51541], [127.80862, 0.51486], [127.80609, 0.51284], [127.80358, 0.50812], [127.80636, 0.50256], [127.80629, 0.5015], [127.80527, 0.50045], [127.80561, 0.49846], [127.80503, 0.49653], [127.80611, 0.4904], [127.8014, 0.48492], [127.80109, 0.48154], [127.79969, 0.48095], [127.79635, 0.48172], [127.79471, 0.48322], [127.79439, 0.48569], [127.79312, 0.48673], [127.78684, 0.48652], [127.78487, 0.48834], [127.78169, 0.48715], [127.77771, 0.48354], [127.77706, 0.4808], [127.77755, 0.4793], [127.77538, 0.47624], [127.77705, 0.47424], [127.77667, 0.47053], [127.77895, 0.46948], [127.77956, 0.46791], [127.77829, 0.46691], [127.77582, 0.46646], [127.77274, 0.45864], [127.76862, 0.45434], [127.76979, 0.45289], [127.76919, 0.4513], [127.76958, 0.45007], [127.77107, 0.45016], [127.77351, 0.44843], [127.77222, 0.44659], [127.77427, 0.44428], [127.77464, 0.43907], [127.77386, 0.43882], [127.76518, 0.44227], [127.76083, 0.44227], [127.75607, 0.43918], [127.75155, 0.4383], [127.74485, 0.43849], [127.73591, 0.44031], [127.73133, 0.44019], [127.73014, 0.43965], [127.72895, 0.43626], [127.72645, 0.4343], [127.72627, 0.43222], [127.72449, 0.43168], [127.72324, 0.43031], [127.72032, 0.42972], [127.71687, 0.42466], [127.71574, 0.42407], [127.71372, 0.4246], [127.71265, 0.42406], [127.71289, 0.42608], [127.71547, 0.4281], [127.71592, 0.42937], [127.71476, 0.43038], [127.71254, 0.42872], [127.7112, 0.42902], [127.71301, 0.43385], [127.71271, 0.43504], [127.71114, 0.43634], [127.71093, 0.43767], [127.71165, 0.43886], [127.71265, 0.43919], [127.71271, 0.44005], [127.70993, 0.43871], [127.70868, 0.442], [127.7058, 0.445], [127.70328, 0.44464], [127.70251, 0.44639], [127.7002, 0.44702], [127.69706, 0.44945], [127.69495, 0.44841], [127.69388, 0.44859], [127.69066, 0.44326], [127.68733, 0.44135], [127.68088, 0.44158], [127.68053, 0.44401], [127.67905, 0.44263], [127.67627, 0.44524], [127.67119, 0.44425], [127.6686, 0.44168], [127.66415, 0.44273], [127.66163, 0.44525], [127.65215, 0.44469], [127.65194, 0.44575], [127.65316, 0.44678], [127.65346, 0.44827], [127.65083, 0.45205], [127.65273, 0.45376], [127.65434, 0.45734], [127.65347, 0.46089], [127.64743, 0.46317], [127.64499, 0.46345], [127.64237, 0.4626], [127.64064, 0.45989], [127.63942, 0.46203], [127.63812, 0.46259], [127.63698, 0.46281], [127.63579, 0.46216], [127.63276, 0.46307], [127.63041, 0.46146], [127.62662, 0.46071], [127.62379, 0.45892], [127.62373, 0.45244], [127.6259, 0.45027], [127.62377, 0.4477], [127.62277, 0.44472], [127.61994, 0.44252], [127.61945, 0.44039], [127.62094, 0.43876], [127.62102, 0.43692], [127.62337, 0.43599], [127.62654, 0.43681], [127.62712, 0.43425], [127.62949, 0.43056], [127.62961, 0.42936], [127.62921, 0.42649], [127.6283, 0.42478], [127.62382, 0.41994], [127.62072, 0.41905]]], [[[127.58453, 0.39936], [127.58586, 0.39962], [127.58653, 0.39902], [127.58442, 0.39501], [127.58307, 0.39393], [127.58013, 0.39461], [127.57805, 0.39758], [127.57828, 0.39929], [127.58051, 0.40059], [127.58453, 0.39936]]], [[[127.58713, 0.38813], [127.58443, 0.38884], [127.588, 0.39325], [127.58913, 0.39193], [127.58821, 0.38914], [127.58713, 0.38813]]]]}}, {"type": "Feature", "properties": {"domain_id": "820606", "name": "WASILE UTARA"}, "geometry": {"type": "Polygon", "coordinates": [[[128.25753, 1.35944], [128.25696, 1.35274], [128.25506, 1.34949], [128.24992, 1.35293], [128.24783, 1.35236], [128.24669, 1.34872], [128.24113, 1.34431], [128.23751, 1.34461], [128.23493, 1.34613], [128.23305, 1.34855], [128.23402, 1.35039], [128.22952, 1.34992], [128.22847, 1.34582], [128.22651, 1.34491], [128.21838, 1.34582], [128.21597, 1.34112], [128.21325, 1.34294], [128.20316, 1.34187], [128.20045, 1.34278], [128.19261, 1.3415], [128.1869, 1.34667], [128.18157, 1.34725], [128.179, 1.34839], [128.17767, 1.34763], [128.1751, 1.34753], [128.17434, 1.34791], [128.17463, 1.34906], [128.1713, 1.34801], [128.16911, 1.34944], [128.16207, 1.34762], [128.15589, 1.35185], [128.16188, 1.3606], [128.16297, 1.36082], [128.16431, 1.36279], [128.16631, 1.36186], [128.16568, 1.36413], [128.16768, 1.36744], [128.17082, 1.36953], [128.17148, 1.37102], [128.17252, 1.37073], [128.17251, 1.3714], [128.17501, 1.37327], [128.17576, 1.37523], [128.17672, 1.37508], [128.17663, 1.37582], [128.17834, 1.37641], [128.18019, 1.37912], [128.1811, 1.37929], [128.19159, 1.38878], [128.20112, 1.3935], [128.21774, 1.39286], [128.22037, 1.39519], [128.22172, 1.39947], [128.22393, 1.40257], [128.22661, 1.40486], [128.22939, 1.4059], [128.2324, 1.40954], [128.23973, 1.41493], [128.24072, 1.41688], [128.24291, 1.41898], [128.24606, 1.42089], [128.24938, 1.42141], [128.25324, 1.41988], [128.25631, 1.41951], [128.26208, 1.42211], [128.26332, 1.42334], [128.26561, 1.42386], [128.26648, 1.42493], [128.27143, 1.42539], [128.28269, 1.43023], [128.28919, 1.43128], [128.29281, 1.43293], [128.29685, 1.43253], [128.30119, 1.43313], [128.30088, 1.43391], [128.30275, 1.43572], [128.30253, 1.43701], [128.31118, 1.43981], [128.31091, 1.43934], [128.31158, 1.43947], [128.31071, 1.44045], [128.31315, 1.44216], [128.31356, 1.44391], [128.31706, 1.44702], [128.32038, 1.4479], [128.32184, 1.44958], [128.32592, 1.45116], [128.33028, 1.45413], [128.33595, 1.45563], [128.34079, 1.45776], [128.34092, 1.45871], [128.34518, 1.45978], [128.34766, 1.46281], [128.34572, 1.46475], [128.35047, 1.46632], [128.35261, 1.46838], [128.35387, 1.47199], [128.35673, 1.4734], [128.35958, 1.47612], [128.36017, 1.47536], [128.36059, 1.47576], [128.36067, 1.47711], [128.35984, 1.47836], [128.36041, 1.48058], [128.35922, 1.48284], [128.35935, 1.48425], [128.36369, 1.49014], [128.36585, 1.49633], [128.3672, 1.49841], [128.3701, 1.5007], [128.38059, 1.50369], [128.38696, 1.50705], [128.39313, 1.51292], [128.39768, 1.51536], [128.39857, 1.51438], [128.40129, 1.51569], [128.40191, 1.51658], [128.40104, 1.51707], [128.40246, 1.51794], [128.4036, 1.51773], [128.40773, 1.52096], [128.40907, 1.52039], [128.41206, 1.52085], [128.41374, 1.5231], [128.41273, 1.52454], [128.41468, 1.52672], [128.42011, 1.52883], [128.42295, 1.52918], [128.42377, 1.52826], [128.4248, 1.52969], [128.42754, 1.5308], [128.43306, 1.53466], [128.43741, 1.53657], [128.43889, 1.53656], [128.43968, 1.53743], [128.44107, 1.53567], [128.44145, 1.53774], [128.44219, 1.53827], [128.44334, 1.53829], [128.44929, 1.54129], [128.45465, 1.54178], [128.45637, 1.54289], [128.45693, 1.54255], [128.45666, 1.54307], [128.45749, 1.54391], [128.46276, 1.54715], [128.46505, 1.5495], [128.47165, 1.55172], [128.47279, 1.54932], [128.47407, 1.54881], [128.47537, 1.54943], [128.47602, 1.54906], [128.47579, 1.54761], [128.4771, 1.54885], [128.47837, 1.54903], [128.48032, 1.54775], [128.48764, 1.54932], [128.49282, 1.54925], [128.49704, 1.54464], [128.49682, 1.54275], [128.49729, 1.54286], [128.49779, 1.54172], [128.49896, 1.54211], [128.49937, 1.54135], [128.49897, 1.54039], [128.49986, 1.53874], [128.50283, 1.5402], [128.50429, 1.53855], [128.50514, 1.53664], [128.50528, 1.53306], [128.50607, 1.53179], [128.50761, 1.53181], [128.50799, 1.5326], [128.50946, 1.53299], [128.51173, 1.53239], [128.5146, 1.53287], [128.51968, 1.53551], [128.5228, 1.53582], [128.53046, 1.53874], [128.53821, 1.54322], [128.54076, 1.54589], [128.54319, 1.54981], [128.54309, 1.55206], [128.54225, 1.55239], [128.54291, 1.5525], [128.54402, 1.55456], [128.54183, 1.55737], [128.54209, 1.55955], [128.55092, 1.56473], [128.55138, 1.56589], [128.55474, 1.56766], [128.5632, 1.57023], [128.56699, 1.5689], [128.57156, 1.56968], [128.57546, 1.56888], [128.57659, 1.56983], [128.58027, 1.56967], [128.5807, 1.57039], [128.58648, 1.57086], [128.58957, 1.5705], [128.59027, 1.56917], [128.59366, 1.56839], [128.59502, 1.56888], [128.59686, 1.56846], [128.59764, 1.56933], [128.59944, 1.56867], [128.59981, 1.56971], [128.602, 1.56912], [128.60268, 1.57027], [128.60578, 1.57073], [128.60785, 1.57276], [128.60875, 1.57159], [128.61111, 1.57144], [128.61174, 1.56944], [128.61353, 1.56936], [128.61449, 1.56457], [128.61529, 1.5637], [128.61527, 1.56181], [128.61738, 1.55913], [128.61825, 1.55555], [128.61904, 1.55464], [128.61871, 1.55293], [128.61924, 1.5526], [128.62034, 1.55318], [128.62166, 1.55235], [128.62043, 1.55145], [128.62097, 1.55027], [128.62011, 1.55028], [128.6194, 1.54861], [128.62012, 1.54724], [128.61803, 1.54661], [128.61908, 1.54616], [128.619, 1.54541], [128.61961, 1.54572], [128.62185, 1.54464], [128.622, 1.5407], [128.62118, 1.53984], [128.62337, 1.53952], [128.62343, 1.53825], [128.62541, 1.53862], [128.62345, 1.53389], [128.62211, 1.53303], [128.62401, 1.53317], [128.62496, 1.53144], [128.62339, 1.53006], [128.62196, 1.53045], [128.62199, 1.52967], [128.61926, 1.52749], [128.61789, 1.52743], [128.61676, 1.52641], [128.61373, 1.52719], [128.61167, 1.5248], [128.60487, 1.5212], [128.6049, 1.5192], [128.60356, 1.51785], [128.60117, 1.50622], [128.60155, 1.49627], [128.60269, 1.48688], [128.60095, 1.47942], [128.5995, 1.4778], [128.59641, 1.47688], [128.59126, 1.47805], [128.59006, 1.47412], [128.58702, 1.47278], [128.58776, 1.4708], [128.58578, 1.46914], [128.58633, 1.46694], [128.58452, 1.46632], [128.58269, 1.4636], [128.58415, 1.46161], [128.58299, 1.4605], [128.58309, 1.45847], [128.58231, 1.45832], [128.58107, 1.46025], [128.58035, 1.45904], [128.5787, 1.45862], [128.5768, 1.45967], [128.57782, 1.45533], [128.57744, 1.45487], [128.57348, 1.45502], [128.57128, 1.4538], [128.57088, 1.45141], [128.57204, 1.44856], [128.5699, 1.44497], [128.57233, 1.44096], [128.57049, 1.43839], [128.56882, 1.42937], [128.56521, 1.41981], [128.56006, 1.41008], [128.5522, 1.40281], [128.54507, 1.39455], [128.53824, 1.38919], [128.53129, 1.37453], [128.53171, 1.37094], [128.52925, 1.36174], [128.521, 1.36191], [128.52017, 1.36246], [128.52043, 1.36323], [128.5225, 1.36359], [128.52395, 1.36284], [128.52457, 1.36373], [128.52424, 1.36472], [128.52057, 1.36521], [128.5191, 1.36371], [128.51679, 1.36507], [128.51593, 1.36416], [128.51548, 1.36162], [128.51356, 1.36021], [128.51289, 1.36275], [128.50949, 1.36634], [128.50746, 1.36966], [128.50629, 1.36954], [128.50581, 1.36437], [128.50462, 1.36406], [128.4992, 1.36734], [128.49677, 1.36778], [128.49786, 1.37081], [128.49767, 1.37166], [128.49678, 1.37191], [128.496, 1.37111], [128.49475, 1.36676], [128.49186, 1.36667], [128.49102, 1.36575], [128.49268, 1.36225], [128.49253, 1.36087], [128.49131, 1.36062], [128.48994, 1.36148], [128.48965, 1.36308], [128.48742, 1.36328], [128.48583, 1.36152], [128.4841, 1.36137], [128.48372, 1.35922], [128.48275, 1.35858], [128.48189, 1.35874], [128.48011, 1.36107], [128.48071, 1.36308], [128.48021, 1.36396], [128.47543, 1.36249], [128.47512, 1.36403], [128.47238, 1.36517], [128.46894, 1.36494], [128.46444, 1.36758], [128.46328, 1.36623], [128.46114, 1.36587], [128.46073, 1.36315], [128.45638, 1.35862], [128.45442, 1.35923], [128.45321, 1.36044], [128.45035, 1.35832], [128.449, 1.36075], [128.44749, 1.35923], [128.44357, 1.35938], [128.43664, 1.3612], [128.43551, 1.36302], [128.43581, 1.36817], [128.43355, 1.36984], [128.43385, 1.37803], [128.43242, 1.38031], [128.42458, 1.38334], [128.42367, 1.38561], [128.42397, 1.38849], [128.42254, 1.39062], [128.41395, 1.39562], [128.41259, 1.39956], [128.41274, 1.40199], [128.41048, 1.40275], [128.40883, 1.40533], [128.40657, 1.40563], [128.40521, 1.40472], [128.40295, 1.40502], [128.4022, 1.40396], [128.39768, 1.4035], [128.39617, 1.40138], [128.39511, 1.40138], [128.3927, 1.39895], [128.3909, 1.39834], [128.38833, 1.39622], [128.37191, 1.38985], [128.35925, 1.39015], [128.35217, 1.38241], [128.34946, 1.38165], [128.3466, 1.37968], [128.34193, 1.37482], [128.33846, 1.37376], [128.33462, 1.37118], [128.33236, 1.37239], [128.3292, 1.37194], [128.32603, 1.37027], [128.3176, 1.36375], [128.31398, 1.36329], [128.30433, 1.3645], [128.30132, 1.36404], [128.29846, 1.3648], [128.29755, 1.36601], [128.29529, 1.36708], [128.29228, 1.36616], [128.28851, 1.36268], [128.28535, 1.36161], [128.28279, 1.36389], [128.27796, 1.36616], [128.27721, 1.36525], [128.27631, 1.36631], [128.27601, 1.36525], [128.27199, 1.36653], [128.25753, 1.35944]]]}}, {"type": "Feature", "properties": {"domain_id": "820320", "name": "KAO UTARA"}, "geometry": {"type": "MultiPolygon", "coordinates": [[[[127.9732, 1.3006], [127.97172, 1.29326], [127.97066, 1.29224], [127.97041, 1.28936], [127.97132, 1.28565], [127.97393, 1.28205], [127.97424, 1.27955], [127.97059, 1.27399], [127.9695, 1.27335], [127.96877, 1.27363], [127.96537, 1.26847], [127.96404, 1.26744], [127.96166, 1.2628], [127.95911, 1.26242], [127.95808, 1.26039], [127.95496, 1.26104], [127.95252, 1.26024], [127.93604, 1.26514], [127.93775, 1.26983], [127.93775, 1.27242], [127.93651, 1.27644], [127.9232, 1.28187], [127.9302, 1.29252], [127.93145, 1.29631], [127.93179, 1.30137], [127.9338, 1.3033], [127.93455, 1.30202], [127.93736, 1.3024], [127.93756, 1.30066], [127.93884, 1.3009], [127.93546, 1.308], [127.9347, 1.31179], [127.93582, 1.31958], [127.93377, 1.32378], [127.93325, 1.32873], [127.9259, 1.33361], [127.92036, 1.33582], [127.90381, 1.34874], [127.89853, 1.35818], [127.89316, 1.36164], [127.8909, 1.36507], [127.88843, 1.37331], [127.88856, 1.37738], [127.88897, 1.37986], [127.89288, 1.38892], [127.89312, 1.39241], [127.89435, 1.39464], [127.89532, 1.39473], [127.89815, 1.39241], [127.9004, 1.39278], [127.90123, 1.39357], [127.89924, 1.40272], [127.89828, 1.40443], [127.89963, 1.40752], [127.89404, 1.41487], [127.89432, 1.41559], [127.8985, 1.41743], [127.90435, 1.4174], [127.90505, 1.41789], [127.90226, 1.42309], [127.90301, 1.42616], [127.90061, 1.42973], [127.90102, 1.43095], [127.90267, 1.43243], [127.90317, 1.4348], [127.90524, 1.43537], [127.9111, 1.43537], [127.91488, 1.43787], [127.91752, 1.43801], [127.9193, 1.43702], [127.91988, 1.43566], [127.9208, 1.43516], [127.92295, 1.43473], [127.92666, 1.4353], [127.92908, 1.43252], [127.93073, 1.43159], [127.93394, 1.4313], [127.93603, 1.43203], [127.94178, 1.43595], [127.94191, 1.43793], [127.93957, 1.44129], [127.94162, 1.44549], [127.94443, 1.44665], [127.94653, 1.44544], [127.94821, 1.4471], [127.94965, 1.44576], [127.95343, 1.44624], [127.95454, 1.44481], [127.95711, 1.44426], [127.95767, 1.44553], [127.96192, 1.44622], [127.96252, 1.44729], [127.96063, 1.44806], [127.95991, 1.45095], [127.96256, 1.46049], [127.95898, 1.47015], [127.95868, 1.47284], [127.95678, 1.4754], [127.95175, 1.4781], [127.95143, 1.47955], [127.95033, 1.48057], [127.95058, 1.48315], [127.94953, 1.48519], [127.94993, 1.48625], [127.95242, 1.48643], [127.9533, 1.48754], [127.95385, 1.48702], [127.95492, 1.48746], [127.95599, 1.48705], [127.95741, 1.4878], [127.9622, 1.48643], [127.96552, 1.48677], [127.96567, 1.48619], [127.96617, 1.48722], [127.96908, 1.48544], [127.97027, 1.48555], [127.97146, 1.48661], [127.97298, 1.48597], [127.97346, 1.48955], [127.97602, 1.49066], [127.97784, 1.49026], [127.97875, 1.49182], [127.98624, 1.49127], [127.98763, 1.48983], [127.99104, 1.48893], [127.99725, 1.4896], [127.99952, 1.48918], [128.00294, 1.48805], [128.00802, 1.48437], [128.01213, 1.48336], [128.01405, 1.484], [128.01594, 1.48629], [128.02172, 1.48816], [128.02296, 1.48769], [128.02364, 1.48343], [128.02378, 1.48119], [128.02261, 1.48093], [128.02364, 1.48008], [128.02439, 1.4765], [128.02412, 1.46856], [128.02298, 1.46735], [128.02292, 1.46567], [128.02166, 1.46596], [128.02213, 1.46515], [128.02116, 1.46334], [128.02149, 1.46066], [128.02062, 1.46059], [128.02099, 1.45844], [128.02013, 1.45706], [128.02057, 1.45573], [128.01883, 1.44924], [128.01885, 1.44718], [128.01733, 1.44509], [128.01619, 1.44086], [128.01472, 1.44134], [128.01413, 1.44039], [128.01447, 1.43848], [128.01338, 1.43706], [128.01318, 1.43169], [128.01222, 1.43165], [128.01238, 1.43], [128.01103, 1.42903], [128.01066, 1.42702], [128.00998, 1.42716], [128.00951, 1.42524], [128.0121, 1.42042], [128.01813, 1.41515], [128.01793, 1.41447], [128.0211, 1.41504], [128.02287, 1.41381], [128.02387, 1.41125], [128.02291, 1.40783], [128.02381, 1.40611], [128.02372, 1.40455], [128.02205, 1.40122], [128.02109, 1.40161], [128.02048, 1.40115], [128.01806, 1.40214], [128.01612, 1.40056], [128.01481, 1.40042], [128.01294, 1.3979], [128.0122, 1.39464], [128.01124, 1.3939], [128.01011, 1.39374], [128.00963, 1.395], [128.00834, 1.39568], [128.00616, 1.39561], [128.00479, 1.39478], [128.00127, 1.39608], [127.99753, 1.3933], [127.99833, 1.39199], [127.9982, 1.39187], [127.99734, 1.39325], [127.99489, 1.3926], [127.98965, 1.38088], [127.98936, 1.37856], [127.98878, 1.37832], [127.98935, 1.36838], [127.98899, 1.36768], [127.98773, 1.36783], [127.98735, 1.36598], [127.98998, 1.35723], [127.98961, 1.3554], [127.99048, 1.35302], [127.99071, 1.34961], [127.99164, 1.34636], [127.99237, 1.34616], [127.99184, 1.34507], [127.99282, 1.34227], [127.99185, 1.33938], [127.99408, 1.33197], [128.0012, 1.32518], [128.00512, 1.32295], [128.01, 1.31622], [128.01056, 1.31407], [128.00973, 1.31213], [128.0074, 1.31058], [128.00674, 1.31074], [128.0036, 1.30851], [128.0027, 1.30911], [128.00228, 1.30879], [128.00232, 1.30954], [128.00137, 1.3094], [127.99927, 1.30737], [127.99773, 1.30888], [127.99621, 1.30722], [127.99564, 1.30755], [127.99476, 1.30698], [127.99416, 1.30752], [127.99282, 1.30662], [127.99154, 1.30791], [127.98911, 1.307], [127.98797, 1.30957], [127.98348, 1.30931], [127.98233, 1.30838], [127.97883, 1.30741], [127.97835, 1.30644], [127.97821, 1.30694], [127.97662, 1.30622], [127.97526, 1.3027], [127.97377, 1.30184], [127.9732, 1.3006]]], [[[128.02364, 1.30008], [128.0251, 1.30007], [128.02703, 1.29867], [128.02767, 1.29619], [128.02189, 1.28936], [128.01872, 1.28298], [128.0175, 1.28197], [128.00656, 1.28193], [128.00834, 1.28756], [128.01122, 1.29003], [128.01365, 1.29118], [128.01674, 1.29498], [128.01873, 1.29611], [128.02003, 1.29863], [128.02203, 1.29996], [128.02364, 1.30008]]]]}}, {"type": "Feature", "properties": {"domain_id": "820102", "name": "LOLODA"}, "geometry": {"type": "MultiPolygon", "coordinates": [[[[127.62359, 1.58794], [127.62228, 1.58638], [127.61058, 1.58206], [127.60902, 1.58216], [127.60691, 1.58388], [127.6036, 1.58263], [127.60318, 1.58086], [127.59458, 1.57122], [127.58953, 1.57266], [127.57061, 1.56575], [127.56739, 1.56616], [127.56149, 1.56526], [127.55778, 1.56297], [127.5542, 1.5615], [127.55025, 1.5609], [127.54805, 1.5596], [127.54489, 1.55997], [127.5392, 1.55936], [127.53792, 1.56004], [127.5361, 1.55906], [127.53027, 1.55839], [127.52801, 1.5573], [127.52388, 1.55829], [127.51065, 1.55698], [127.51194, 1.55915], [127.51179, 1.56012], [127.51376, 1.55886], [127.514, 1.5622], [127.51577, 1.5625], [127.51704, 1.56354], [127.51612, 1.56864], [127.51828, 1.56946], [127.51977, 1.56831], [127.52034, 1.56884], [127.51865, 1.57219], [127.51998, 1.57284], [127.52135, 1.57002], [127.52276, 1.56964], [127.52232, 1.57317], [127.5231, 1.57557], [127.52553, 1.57633], [127.527, 1.57761], [127.52706, 1.57949], [127.52867, 1.58026], [127.5271, 1.58306], [127.52789, 1.58366], [127.52837, 1.58555], [127.52936, 1.5855], [127.53142, 1.58214], [127.53143, 1.5837], [127.53366, 1.58455], [127.53424, 1.58584], [127.53571, 1.58474], [127.53656, 1.58534], [127.53622, 1.58622], [127.53792, 1.58619], [127.53937, 1.58484], [127.53842, 1.58314], [127.53927, 1.58084], [127.53896, 1.57933], [127.54107, 1.58145], [127.54209, 1.5812], [127.54236, 1.58014], [127.54318, 1.58083], [127.5443, 1.58008], [127.54448, 1.5808], [127.54504, 1.5807], [127.54505, 1.58223], [127.54725, 1.58342], [127.54651, 1.58476], [127.54718, 1.5852], [127.54717, 1.5863], [127.54993, 1.58567], [127.54899, 1.58916], [127.55145, 1.58873], [127.54926, 1.59043], [127.55015, 1.5907], [127.55005, 1.5917], [127.55086, 1.5911], [127.55188, 1.59227], [127.55257, 1.59211], [127.55116, 1.59343], [127.5519, 1.59445], [127.55131, 1.59629], [127.55249, 1.59682], [127.55251, 1.59747], [127.55429, 1.59732], [127.5526, 1.599], [127.55172, 1.59894], [127.55125, 1.60025], [127.55193, 1.6006], [127.55227, 1.60222], [127.55219, 1.6055], [127.55375, 1.60714], [127.55313, 1.60864], [127.55357, 1.60922], [127.55305, 1.6091], [127.55257, 1.61006], [127.55153, 1.61911], [127.55081, 1.61879], [127.54997, 1.61975], [127.54682, 1.62044], [127.5452, 1.62215], [127.54546, 1.62295], [127.54775, 1.62457], [127.5493, 1.62476], [127.55006, 1.62684], [127.5502, 1.62855], [127.54843, 1.631], [127.54813, 1.63341], [127.54927, 1.63446], [127.54783, 1.63438], [127.54824, 1.63555], [127.54776, 1.63542], [127.54777, 1.63626], [127.54495, 1.63382], [127.54408, 1.63507], [127.54502, 1.63651], [127.54327, 1.63609], [127.54254, 1.63714], [127.54311, 1.63903], [127.5429, 1.64163], [127.54398, 1.6428], [127.54359, 1.64327], [127.54251, 1.64251], [127.54147, 1.64366], [127.54238, 1.64505], [127.54116, 1.6464], [127.5412, 1.64859], [127.54028, 1.65106], [127.54182, 1.65126], [127.54149, 1.65009], [127.54209, 1.64987], [127.54348, 1.64657], [127.54468, 1.64851], [127.54905, 1.65051], [127.54949, 1.65238], [127.54887, 1.65435], [127.54938, 1.65497], [127.54857, 1.65618], [127.54942, 1.65897], [127.54934, 1.66172], [127.54846, 1.66351], [127.54869, 1.66511], [127.5499, 1.66574], [127.5504, 1.66536], [127.54994, 1.66358], [127.5505, 1.66288], [127.55158, 1.66433], [127.55423, 1.6633], [127.55623, 1.66531], [127.55875, 1.66446], [127.55948, 1.66478], [127.55823, 1.66183], [127.55888, 1.66115], [127.55815, 1.66049], [127.55736, 1.6565], [127.55524, 1.65286], [127.5556, 1.65201], [127.5534, 1.65097], [127.55307, 1.64922], [127.55242, 1.64987], [127.55206, 1.64957], [127.55232, 1.64746], [127.55337, 1.64757], [127.55281, 1.64588], [127.55328, 1.64209], [127.55405, 1.63996], [127.55454, 1.6409], [127.5546, 1.63938], [127.55731, 1.64135], [127.55707, 1.64339], [127.55824, 1.64372], [127.55877, 1.64242], [127.56017, 1.64278], [127.5601, 1.6446], [127.55945, 1.6448], [127.55905, 1.64613], [127.55957, 1.64654], [127.56106, 1.64534], [127.56053, 1.64979], [127.56168, 1.65035], [127.56165, 1.64836], [127.56252, 1.64912], [127.56238, 1.65126], [127.56335, 1.65179], [127.56256, 1.65372], [127.56335, 1.65424], [127.56178, 1.65615], [127.56309, 1.65757], [127.5637, 1.6565], [127.5647, 1.65841], [127.5637, 1.65954], [127.56479, 1.66197], [127.56572, 1.65998], [127.56631, 1.66032], [127.56688, 1.65977], [127.56702, 1.65819], [127.56575, 1.65633], [127.56834, 1.65693], [127.5688, 1.65283], [127.56982, 1.65464], [127.57089, 1.65355], [127.57028, 1.6552], [127.56968, 1.65517], [127.57006, 1.65582], [127.57143, 1.6555], [127.57188, 1.65612], [127.57104, 1.65823], [127.57145, 1.66015], [127.57217, 1.66055], [127.57262, 1.66001], [127.57264, 1.6607], [127.57133, 1.66269], [127.57242, 1.66285], [127.57401, 1.66156], [127.57457, 1.66039], [127.57414, 1.65753], [127.57618, 1.6563], [127.57685, 1.65629], [127.57713, 1.65796], [127.57981, 1.65863], [127.57844, 1.6599], [127.5803, 1.66141], [127.57883, 1.66238], [127.57856, 1.66337], [127.57911, 1.66398], [127.57984, 1.6631], [127.58126, 1.66445], [127.58407, 1.65883], [127.58454, 1.65996], [127.5841, 1.66082], [127.58496, 1.66055], [127.5852, 1.661], [127.58261, 1.66306], [127.58221, 1.66448], [127.584, 1.66377], [127.58419, 1.66308], [127.58441, 1.66363], [127.58189, 1.66569], [127.58168, 1.66732], [127.58259, 1.66938], [127.58069, 1.67126], [127.58037, 1.6705], [127.57916, 1.67076], [127.58037, 1.67126], [127.58142, 1.67287], [127.58231, 1.67234], [127.58307, 1.67331], [127.58147, 1.67369], [127.58104, 1.6749], [127.58054, 1.67487], [127.58124, 1.67534], [127.58063, 1.67678], [127.58133, 1.67832], [127.58035, 1.67972], [127.58079, 1.68128], [127.58018, 1.68216], [127.58172, 1.68426], [127.58152, 1.68512], [127.58071, 1.68484], [127.58165, 1.68681], [127.5839, 1.68735], [127.58433, 1.69041], [127.58286, 1.69003], [127.58224, 1.68901], [127.58204, 1.69011], [127.58159, 1.68985], [127.58004, 1.69162], [127.58027, 1.69297], [127.57938, 1.69454], [127.57817, 1.69423], [127.57762, 1.69533], [127.57324, 1.69571], [127.5722, 1.69745], [127.56986, 1.69836], [127.5705, 1.69898], [127.56881, 1.70001], [127.57054, 1.70097], [127.56759, 1.70166], [127.56786, 1.70293], [127.56716, 1.70258], [127.5678, 1.70379], [127.56649, 1.70381], [127.56571, 1.70466], [127.56647, 1.70646], [127.56201, 1.71189], [127.56062, 1.7117], [127.56085, 1.71247], [127.56053, 1.71269], [127.55941, 1.71071], [127.55661, 1.71054], [127.55727, 1.7099], [127.5561, 1.70994], [127.55552, 1.7092], [127.55453, 1.70962], [127.55496, 1.70819], [127.55356, 1.70682], [127.55158, 1.70891], [127.55151, 1.71033], [127.55059, 1.71062], [127.5505, 1.71153], [127.55192, 1.7116], [127.55216, 1.71354], [127.553, 1.71333], [127.5548, 1.71513], [127.55662, 1.7149], [127.55742, 1.71561], [127.5592, 1.71582], [127.56066, 1.7177], [127.56104, 1.71712], [127.56156, 1.71747], [127.56173, 1.71835], [127.56228, 1.71807], [127.56348, 1.71966], [127.56493, 1.72048], [127.5658, 1.72023], [127.56648, 1.72171], [127.56789, 1.72115], [127.56716, 1.72028], [127.5675, 1.7197], [127.56939, 1.72032], [127.56948, 1.72412], [127.57152, 1.72308], [127.57198, 1.72518], [127.57451, 1.72372], [127.57604, 1.72468], [127.57796, 1.72927], [127.57295, 1.7279], [127.57223, 1.72871], [127.57304, 1.72907], [127.57244, 1.72901], [127.57222, 1.73057], [127.57051, 1.73162], [127.56982, 1.73325], [127.57139, 1.73326], [127.57206, 1.73224], [127.57328, 1.733], [127.57388, 1.73143], [127.57524, 1.73065], [127.57631, 1.73098], [127.57497, 1.73298], [127.57578, 1.73383], [127.57342, 1.73448], [127.5755, 1.73525], [127.57553, 1.73642], [127.5719, 1.73816], [127.5717, 1.7397], [127.57048, 1.74001], [127.56952, 1.74224], [127.56955, 1.74416], [127.57086, 1.7452], [127.57234, 1.74495], [127.57353, 1.7463], [127.57262, 1.74822], [127.57338, 1.7507], [127.57178, 1.7518], [127.57273, 1.75239], [127.57369, 1.75475], [127.57335, 1.75642], [127.57495, 1.75854], [127.57568, 1.75849], [127.57561, 1.75981], [127.57902, 1.7594], [127.57947, 1.76056], [127.58053, 1.76071], [127.58102, 1.76007], [127.58217, 1.76224], [127.58232, 1.76156], [127.58448, 1.76208], [127.58589, 1.76772], [127.58555, 1.77098], [127.58658, 1.77084], [127.58644, 1.76966], [127.58763, 1.7701], [127.58827, 1.76956], [127.59, 1.7706], [127.59067, 1.76968], [127.59363, 1.77005], [127.59624, 1.76933], [127.60008, 1.77194], [127.60171, 1.77533], [127.60354, 1.776], [127.60379, 1.77722], [127.60674, 1.77884], [127.60868, 1.78095], [127.61368, 1.78341], [127.6123, 1.78632], [127.61174, 1.7903], [127.61313, 1.79503], [127.61656, 1.79682], [127.61861, 1.79588], [127.62228, 1.79766], [127.62285, 1.79939], [127.62232, 1.80093], [127.62333, 1.80198], [127.62585, 1.80107], [127.62658, 1.80182], [127.62753, 1.79858], [127.63003, 1.79755], [127.63361, 1.79975], [127.63724, 1.79967], [127.63754, 1.79874], [127.63647, 1.79728], [127.63651, 1.79455], [127.63879, 1.79423], [127.63924, 1.79191], [127.64445, 1.79131], [127.64515, 1.7887], [127.6474, 1.78809], [127.64909, 1.7889], [127.65652, 1.78954], [127.65605, 1.78491], [127.65745, 1.78305], [127.66092, 1.78383], [127.6644, 1.78367], [127.66554, 1.78285], [127.66702, 1.78303], [127.66984, 1.78142], [127.67468, 1.78021], [127.66894, 1.77338], [127.66754, 1.76682], [127.66494, 1.76509], [127.66497, 1.76339], [127.66682, 1.75909], [127.66658, 1.7575], [127.66584, 1.7569], [127.66301, 1.75666], [127.6616, 1.75481], [127.65842, 1.75486], [127.65637, 1.75381], [127.65604, 1.75272], [127.65668, 1.74931], [127.65494, 1.74698], [127.65409, 1.7427], [127.65023, 1.74215], [127.645, 1.74467], [127.63964, 1.74496], [127.63647, 1.74589], [127.63022, 1.7446], [127.62719, 1.73954], [127.62529, 1.73825], [127.62483, 1.73701], [127.62312, 1.73596], [127.62248, 1.73471], [127.62327, 1.73007], [127.62149, 1.72759], [127.6212, 1.72559], [127.61902, 1.72457], [127.61771, 1.7225], [127.61454, 1.72174], [127.61485, 1.71693], [127.61309, 1.71401], [127.6133, 1.71251], [127.61192, 1.7121], [127.61038, 1.70967], [127.60681, 1.70948], [127.60296, 1.70545], [127.59903, 1.70421], [127.60034, 1.70207], [127.60613, 1.70266], [127.60698, 1.70391], [127.61022, 1.70389], [127.61313, 1.70465], [127.61523, 1.70703], [127.61578, 1.70977], [127.62377, 1.71491], [127.63296, 1.71792], [127.63428, 1.72104], [127.6386, 1.72426], [127.63973, 1.72435], [127.64105, 1.72336], [127.64279, 1.72393], [127.64474, 1.72564], [127.64954, 1.72552], [127.6519, 1.72916], [127.6559, 1.7309], [127.66089, 1.73109], [127.66289, 1.73537], [127.66384, 1.7359], [127.66392, 1.73796], [127.66476, 1.73889], [127.6673, 1.73977], [127.67136, 1.73921], [127.67425, 1.74018], [127.67889, 1.73923], [127.68074, 1.73978], [127.68198, 1.74209], [127.68491, 1.74363], [127.686, 1.74675], [127.68837, 1.74921], [127.69121, 1.74943], [127.69316, 1.75106], [127.6952, 1.75087], [127.69662, 1.75257], [127.69666, 1.75497], [127.6989, 1.75724], [127.71029, 1.76338], [127.71834, 1.7693], [127.71768, 1.76503], [127.71671, 1.76383], [127.71422, 1.76268], [127.71433, 1.76008], [127.71252, 1.75768], [127.71141, 1.75478], [127.71073, 1.75058], [127.71194, 1.74919], [127.71343, 1.74406], [127.71222, 1.74223], [127.70936, 1.73369], [127.71056, 1.72876], [127.70954, 1.72382], [127.70733, 1.7228], [127.70695, 1.7186], [127.70514, 1.71781], [127.70471, 1.71541], [127.70333, 1.71456], [127.70517, 1.71027], [127.70416, 1.70824], [127.70438, 1.70688], [127.70324, 1.70574], [127.70376, 1.70135], [127.70575, 1.69755], [127.7057, 1.69257], [127.70661, 1.69179], [127.70702, 1.69023], [127.70841, 1.68921], [127.70921, 1.68646], [127.71135, 1.6831], [127.71371, 1.68136], [127.71272, 1.67743], [127.71356, 1.6732], [127.71263, 1.6704], [127.71332, 1.6673], [127.71311, 1.66165], [127.71443, 1.65981], [127.71754, 1.65841], [127.71917, 1.6562], [127.71953, 1.65429], [127.71927, 1.6504], [127.71778, 1.64623], [127.71163, 1.64355], [127.70821, 1.63011], [127.70729, 1.62946], [127.70559, 1.62501], [127.70165, 1.62075], [127.69668, 1.61842], [127.69556, 1.61716], [127.69539, 1.60843], [127.69296, 1.60438], [127.6877, 1.6029], [127.676, 1.60765], [127.67284, 1.60764], [127.66867, 1.60663], [127.66159, 1.60734], [127.66014, 1.60601], [127.65719, 1.60584], [127.65538, 1.6048], [127.65293, 1.6057], [127.65137, 1.60554], [127.65029, 1.60467], [127.65015, 1.60303], [127.64789, 1.60212], [127.64374, 1.59691], [127.63503, 1.59356], [127.62359, 1.58794]]], [[[127.52498, 1.72015], [127.52638, 1.71952], [127.52538, 1.71772], [127.52621, 1.71785], [127.52695, 1.71713], [127.52797, 1.71854], [127.52803, 1.71756], [127.52884, 1.71729], [127.5297, 1.7191], [127.53074, 1.71682], [127.53193, 1.71737], [127.53148, 1.71628], [127.53256, 1.71637], [127.5329, 1.71469], [127.53398, 1.71524], [127.53323, 1.71182], [127.53151, 1.71124], [127.53168, 1.71056], [127.53117, 1.71049], [127.53226, 1.71062], [127.53195, 1.70927], [127.53342, 1.70795], [127.53236, 1.70697], [127.53428, 1.70719], [127.53537, 1.704], [127.53621, 1.70352], [127.53547, 1.70096], [127.53652, 1.7], [127.53573, 1.6979], [127.53559, 1.69414], [127.53332, 1.69336], [127.533, 1.69271], [127.53333, 1.69193], [127.53543, 1.69217], [127.53533, 1.68939], [127.53293, 1.68741], [127.53261, 1.68619], [127.52789, 1.68391], [127.52601, 1.68479], [127.52512, 1.68447], [127.52521, 1.68591], [127.52329, 1.68598], [127.52158, 1.68777], [127.52032, 1.68483], [127.51951, 1.68499], [127.51932, 1.68604], [127.51824, 1.6855], [127.51994, 1.6824], [127.51882, 1.68071], [127.51591, 1.67954], [127.51461, 1.68015], [127.51176, 1.67912], [127.51076, 1.67932], [127.50933, 1.67832], [127.50846, 1.6764], [127.50569, 1.67735], [127.50464, 1.67187], [127.50359, 1.67182], [127.50389, 1.67051], [127.50289, 1.67048], [127.50212, 1.67164], [127.50097, 1.6708], [127.50119, 1.67278], [127.50076, 1.67282], [127.49916, 1.67141], [127.4996, 1.67096], [127.49972, 1.67037], [127.49901, 1.67047], [127.49469, 1.66772], [127.49549, 1.6724], [127.49644, 1.67353], [127.49782, 1.67336], [127.49803, 1.67249], [127.50003, 1.67351], [127.50043, 1.67509], [127.50292, 1.67658], [127.50276, 1.67843], [127.50344, 1.67951], [127.50481, 1.67999], [127.50655, 1.68185], [127.50745, 1.68126], [127.50865, 1.68278], [127.50961, 1.68274], [127.50989, 1.68455], [127.51127, 1.68527], [127.51143, 1.68798], [127.51216, 1.68799], [127.51113, 1.68871], [127.51165, 1.69122], [127.51104, 1.69228], [127.51251, 1.69356], [127.51196, 1.69504], [127.51294, 1.69488], [127.51348, 1.69581], [127.51495, 1.69597], [127.51726, 1.69902], [127.51655, 1.70023], [127.51786, 1.70129], [127.51799, 1.7049], [127.51894, 1.70599], [127.51925, 1.70764], [127.51988, 1.70829], [127.52073, 1.70779], [127.52136, 1.70931], [127.52055, 1.71276], [127.52254, 1.71246], [127.52362, 1.71302], [127.5239, 1.7142], [127.52461, 1.71415], [127.52503, 1.71703], [127.52276, 1.71987], [127.52336, 1.72221], [127.52434, 1.72168], [127.52455, 1.7201], [127.52498, 1.72015]]], [[[127.54141, 1.68445], [127.54129, 1.68383], [127.54214, 1.68338], [127.54176, 1.68185], [127.54311, 1.68168], [127.54341, 1.68226], [127.54293, 1.67898], [127.54351, 1.67958], [127.54476, 1.67934], [127.54626, 1.68111], [127.54734, 1.68148], [127.54867, 1.68055], [127.54723, 1.67956], [127.54763, 1.67833], [127.54558, 1.67814], [127.54361, 1.67689], [127.54472, 1.67586], [127.54665, 1.67639], [127.54563, 1.67567], [127.54535, 1.67451], [127.54665, 1.6742], [127.54684, 1.67273], [127.54779, 1.6732], [127.54665, 1.6718], [127.5454, 1.6723], [127.54528, 1.67026], [127.54409, 1.67015], [127.54319, 1.67093], [127.54263, 1.67025], [127.54297, 1.66942], [127.54158, 1.66938], [127.54129, 1.67104], [127.53991, 1.6723], [127.53741, 1.67234], [127.53574, 1.67327], [127.53546, 1.67526], [127.53248, 1.67325], [127.5319, 1.67459], [127.53049, 1.67299], [127.52891, 1.67338], [127.52941, 1.67374], [127.52907, 1.67449], [127.53047, 1.67454], [127.52885, 1.67676], [127.52922, 1.67758], [127.53004, 1.67696], [127.53095, 1.6782], [127.53129, 1.67618], [127.53209, 1.67538], [127.53278, 1.67577], [127.53252, 1.67691], [127.53337, 1.67614], [127.53439, 1.67689], [127.53356, 1.67827], [127.53442, 1.67933], [127.53491, 1.67863], [127.53714, 1.67927], [127.53823, 1.67845], [127.53832, 1.68056], [127.53904, 1.68142], [127.53803, 1.68137], [127.53776, 1.6819], [127.53832, 1.68287], [127.53846, 1.68219], [127.53958, 1.68247], [127.53956, 1.68392], [127.54064, 1.68391], [127.54151, 1.68501], [127.54141, 1.68445]]], [[[127.48866, 1.67235], [127.48906, 1.67177], [127.49146, 1.6728], [127.49142, 1.67112], [127.49371, 1.67247], [127.49141, 1.6687], [127.49029, 1.66925], [127.48885, 1.6676], [127.489, 1.66962], [127.48721, 1.66901], [127.48719, 1.66559], [127.48653, 1.66416], [127.48764, 1.66408], [127.48675, 1.66225], [127.48728, 1.66042], [127.48574, 1.65822], [127.48728, 1.65832], [127.48735, 1.65712], [127.4871, 1.65615], [127.48555, 1.65593], [127.48593, 1.65494], [127.48471, 1.65359], [127.48375, 1.65568], [127.48212, 1.65682], [127.4831, 1.6582], [127.48196, 1.65949], [127.48212, 1.66037], [127.48108, 1.66133], [127.48014, 1.66081], [127.47895, 1.66142], [127.48083, 1.66328], [127.48101, 1.66446], [127.48218, 1.66451], [127.48146, 1.66621], [127.48255, 1.66675], [127.48224, 1.66797], [127.48131, 1.66854], [127.48082, 1.67207], [127.48419, 1.67337], [127.48537, 1.67462], [127.48639, 1.67439], [127.48619, 1.67303], [127.48689, 1.67151], [127.48794, 1.67378], [127.48828, 1.67686], [127.48915, 1.67378], [127.48795, 1.67235], [127.48866, 1.67235]]], [[[127.54866, 1.70879], [127.54913, 1.70921], [127.54946, 1.70872], [127.54904, 1.7075], [127.55008, 1.70751], [127.54558, 1.706], [127.54484, 1.7086], [127.54552, 1.70806], [127.54649, 1.7092], [127.54668, 1.70864], [127.54789, 1.70956], [127.54866, 1.70879]]], [[[127.57624, 1.65918], [127.57715, 1.65852], [127.57646, 1.65677], [127.57435, 1.65808], [127.57547, 1.65982], [127.57626, 1.6601], [127.57624, 1.65918]]], [[[127.49063, 1.66064], [127.49032, 1.65977], [127.48929, 1.66167], [127.49172, 1.66384], [127.49187, 1.66257], [127.49063, 1.66064]]]]}}, {"type": "Feature", "properties": {"domain_id": "820105", "name": "JAILOLO SELATAN"}, "geometry": {"type": "MultiPolygon", "coordinates": [[[[127.52342, 0.88623], [127.52113, 0.88629], [127.51854, 0.88866], [127.51496, 0.88757], [127.50853, 0.88853], [127.50669, 0.88827], [127.50514, 0.88482], [127.50294, 0.88551], [127.50191, 0.88462], [127.50093, 0.88618], [127.49684, 0.88668], [127.49762, 0.88957], [127.49978, 0.89009], [127.49979, 0.89101], [127.49911, 0.89101], [127.49852, 0.89271], [127.49601, 0.8902], [127.49452, 0.89094], [127.49389, 0.88979], [127.49289, 0.89217], [127.49114, 0.89256], [127.49285, 0.89335], [127.49126, 0.89309], [127.49294, 0.89561], [127.4933, 0.89833], [127.49082, 0.90398], [127.49154, 0.90681], [127.49238, 0.9077], [127.49214, 0.91629], [127.4935, 0.91755], [127.49312, 0.91817], [127.49038, 0.91723], [127.48983, 0.91794], [127.49093, 0.92666], [127.49169, 0.92796], [127.49429, 0.92897], [127.49542, 0.93065], [127.49702, 0.93131], [127.4973, 0.93268], [127.49638, 0.93412], [127.49675, 0.93597], [127.50024, 0.9407], [127.50414, 0.94351], [127.50606, 0.94676], [127.50643, 0.94894], [127.5098, 0.95282], [127.51126, 0.95232], [127.5122, 0.95307], [127.51152, 0.95786], [127.51273, 0.96262], [127.51156, 0.96356], [127.51146, 0.96631], [127.51082, 0.96746], [127.51112, 0.96986], [127.52144, 0.97056], [127.5267, 0.9693], [127.52797, 0.97014], [127.52972, 0.96876], [127.53103, 0.96854], [127.53244, 0.96901], [127.532, 0.9699], [127.53248, 0.97025], [127.5387, 0.97025], [127.54278, 0.96879], [127.54575, 0.96869], [127.54691, 0.96925], [127.54902, 0.96846], [127.55451, 0.96944], [127.55907, 0.96892], [127.56265, 0.96708], [127.56383, 0.96761], [127.56743, 0.96738], [127.57073, 0.96894], [127.58696, 0.96749], [127.58718, 0.96877], [127.59664, 0.96821], [127.6052, 0.96657], [127.60389, 0.9663], [127.60191, 0.96471], [127.60263, 0.96345], [127.60191, 0.96321], [127.60157, 0.96201], [127.60286, 0.96095], [127.60355, 0.95823], [127.60103, 0.95618], [127.60217, 0.95333], [127.60421, 0.95102], [127.60606, 0.95113], [127.60781, 0.95208], [127.61153, 0.9501], [127.61364, 0.95053], [127.61674, 0.94924], [127.62089, 0.94346], [127.62202, 0.94058], [127.62542, 0.94092], [127.62411, 0.93805], [127.62418, 0.93574], [127.62793, 0.92621], [127.62968, 0.92353], [127.6297, 0.92112], [127.62845, 0.91967], [127.63263, 0.91918], [127.63431, 0.91425], [127.63674, 0.91453], [127.63858, 0.9107], [127.64073, 0.91001], [127.64228, 0.90634], [127.64952, 0.90048], [127.65131, 0.89532], [127.65004, 0.89158], [127.64865, 0.89072], [127.64848, 0.89258], [127.64352, 0.89103], [127.6431, 0.88921], [127.63913, 0.88853], [127.63952, 0.88572], [127.63841, 0.88454], [127.63792, 0.88244], [127.63837, 0.88111], [127.638, 0.87892], [127.6405, 0.87602], [127.64007, 0.87254], [127.64226, 0.87329], [127.64567, 0.86964], [127.6466, 0.86812], [127.64715, 0.86307], [127.64855, 0.86141], [127.6497, 0.86086], [127.65084, 0.86234], [127.64932, 0.86504], [127.64969, 0.86682], [127.65138, 0.86676], [127.65529, 0.86937], [127.65744, 0.86904], [127.66009, 0.86706], [127.66633, 0.86726], [127.66662, 0.86654], [127.66544, 0.8659], [127.66851, 0.86354], [127.67183, 0.85952], [127.67235, 0.85636], [127.67179, 0.85446], [127.67246, 0.85345], [127.67473, 0.85339], [127.67653, 0.85461], [127.68183, 0.85412], [127.68255, 0.8562], [127.68406, 0.85577], [127.68502, 0.85687], [127.68763, 0.8577], [127.68732, 0.85887], [127.68801, 0.8614], [127.68751, 0.86465], [127.68865, 0.86761], [127.6883, 0.87854], [127.69004, 0.87983], [127.69401, 0.8791], [127.69234, 0.8768], [127.69242, 0.87297], [127.691, 0.8664], [127.69333, 0.85674], [127.69244, 0.85236], [127.69632, 0.845], [127.69374, 0.84057], [127.69736, 0.83336], [127.69939, 0.83228], [127.70219, 0.83193], [127.70603, 0.82965], [127.70844, 0.82648], [127.70958, 0.82039], [127.71452, 0.80965], [127.71417, 0.80515], [127.71639, 0.79889], [127.71596, 0.79404], [127.71667, 0.79106], [127.71657, 0.78243], [127.71706, 0.78004], [127.71643, 0.77877], [127.71769, 0.77768], [127.71805, 0.77577], [127.72526, 0.7719], [127.72631, 0.77039], [127.72583, 0.76844], [127.72746, 0.76308], [127.729, 0.76292], [127.73133, 0.75957], [127.72742, 0.75751], [127.72531, 0.76025], [127.72289, 0.75972], [127.72215, 0.76173], [127.72091, 0.76053], [127.71963, 0.76153], [127.71856, 0.76155], [127.71872, 0.76259], [127.71772, 0.76407], [127.71625, 0.76463], [127.71547, 0.7641], [127.71537, 0.76252], [127.71415, 0.76167], [127.71376, 0.76022], [127.71126, 0.76178], [127.7068, 0.76125], [127.70483, 0.76257], [127.70271, 0.76253], [127.70208, 0.76117], [127.70052, 0.76034], [127.70063, 0.75861], [127.7012, 0.75822], [127.7005, 0.75549], [127.69928, 0.75609], [127.69879, 0.7551], [127.69622, 0.75673], [127.69559, 0.75584], [127.69351, 0.7564], [127.69226, 0.75552], [127.68844, 0.75802], [127.68571, 0.75853], [127.68161, 0.75824], [127.67862, 0.76078], [127.67754, 0.7637], [127.67536, 0.76475], [127.67416, 0.7662], [127.67252, 0.77091], [127.66969, 0.76841], [127.66652, 0.76693], [127.66623, 0.77059], [127.66542, 0.77125], [127.66298, 0.77113], [127.66244, 0.77293], [127.6629, 0.77456], [127.66161, 0.77564], [127.65802, 0.77552], [127.65723, 0.77245], [127.65542, 0.77306], [127.6542, 0.77464], [127.65155, 0.77589], [127.65141, 0.77405], [127.64828, 0.77362], [127.64803, 0.76949], [127.64706, 0.76901], [127.6396, 0.76956], [127.63413, 0.77136], [127.62847, 0.77705], [127.62394, 0.77794], [127.62318, 0.78144], [127.62453, 0.78261], [127.62533, 0.78248], [127.62534, 0.78305], [127.62337, 0.78379], [127.62338, 0.78666], [127.62072, 0.78531], [127.62054, 0.78625], [127.61961, 0.78636], [127.6198, 0.78765], [127.61873, 0.78762], [127.61941, 0.78886], [127.61817, 0.78922], [127.61974, 0.79322], [127.62056, 0.79962], [127.62141, 0.79998], [127.62177, 0.80213], [127.62537, 0.80424], [127.63344, 0.80657], [127.63494, 0.80819], [127.63742, 0.81403], [127.63855, 0.82229], [127.63606, 0.82672], [127.6365, 0.83018], [127.63849, 0.83307], [127.63911, 0.83648], [127.63851, 0.83725], [127.63753, 0.83647], [127.63548, 0.8367], [127.63374, 0.83977], [127.63693, 0.84706], [127.64027, 0.84987], [127.63954, 0.85181], [127.6357, 0.85251], [127.63433, 0.85156], [127.62993, 0.85131], [127.63015, 0.84904], [127.6289, 0.84844], [127.62721, 0.8486], [127.62779, 0.84555], [127.62705, 0.84442], [127.62493, 0.84408], [127.62405, 0.84501], [127.62387, 0.84637], [127.62642, 0.84988], [127.62556, 0.85261], [127.62632, 0.85416], [127.62432, 0.85575], [127.62643, 0.8591], [127.6286, 0.85994], [127.62901, 0.86149], [127.62425, 0.86175], [127.62025, 0.86347], [127.61759, 0.86247], [127.618, 0.85488], [127.61738, 0.85429], [127.61546, 0.85473], [127.61416, 0.85424], [127.61161, 0.85582], [127.61082, 0.85763], [127.6096, 0.8616], [127.61101, 0.86265], [127.61033, 0.86483], [127.60494, 0.86239], [127.60362, 0.86554], [127.60094, 0.86485], [127.59996, 0.86585], [127.59506, 0.86477], [127.59278, 0.86166], [127.5886, 0.861], [127.58235, 0.86364], [127.58024, 0.86546], [127.57972, 0.86706], [127.57684, 0.86673], [127.57463, 0.86751], [127.57409, 0.86836], [127.57295, 0.8677], [127.57387, 0.86646], [127.57294, 0.86499], [127.56851, 0.86614], [127.56733, 0.86573], [127.5659, 0.86659], [127.56619, 0.86802], [127.56698, 0.86782], [127.56868, 0.86924], [127.56924, 0.86721], [127.57071, 0.86833], [127.56811, 0.86991], [127.56812, 0.87086], [127.56664, 0.871], [127.56688, 0.87413], [127.56386, 0.87481], [127.5628, 0.8733], [127.56044, 0.87273], [127.5603, 0.87485], [127.55955, 0.875], [127.55973, 0.8773], [127.55872, 0.87762], [127.55715, 0.87644], [127.55557, 0.87606], [127.55479, 0.87656], [127.55494, 0.87462], [127.55581, 0.87552], [127.55631, 0.87502], [127.55513, 0.87369], [127.55421, 0.87458], [127.55392, 0.8733], [127.55192, 0.87366], [127.55136, 0.87317], [127.54944, 0.87413], [127.54982, 0.87549], [127.55132, 0.87645], [127.55027, 0.87765], [127.54973, 0.87767], [127.54928, 0.87439], [127.54751, 0.87577], [127.54792, 0.87822], [127.54859, 0.87825], [127.54922, 0.87943], [127.54808, 0.88031], [127.54607, 0.87657], [127.54345, 0.87514], [127.54286, 0.87339], [127.54281, 0.87252], [127.54378, 0.87206], [127.54521, 0.86834], [127.54472, 0.864], [127.54346, 0.86316], [127.54325, 0.86157], [127.53896, 0.85999], [127.52701, 0.85841], [127.525, 0.85912], [127.52429, 0.86001], [127.52427, 0.86085], [127.5255, 0.86132], [127.52638, 0.86306], [127.52789, 0.86208], [127.52929, 0.86218], [127.52979, 0.86388], [127.53115, 0.86188], [127.53568, 0.86415], [127.53612, 0.86561], [127.53936, 0.86786], [127.53905, 0.86889], [127.53699, 0.8692], [127.53724, 0.86671], [127.53597, 0.86618], [127.53628, 0.86822], [127.53559, 0.87006], [127.53511, 0.87038], [127.53405, 0.86878], [127.53478, 0.8678], [127.53324, 0.86901], [127.53216, 0.86777], [127.53119, 0.86943], [127.5298, 0.86966], [127.53036, 0.87112], [127.53102, 0.87126], [127.53094, 0.87039], [127.53151, 0.87036], [127.53298, 0.87168], [127.5335, 0.87093], [127.53322, 0.86983], [127.53374, 0.86967], [127.53445, 0.87057], [127.53382, 0.87088], [127.53376, 0.87247], [127.53575, 0.87291], [127.5381, 0.87088], [127.53817, 0.87209], [127.53646, 0.87338], [127.53799, 0.87363], [127.53929, 0.87251], [127.53999, 0.87337], [127.53985, 0.8745], [127.53895, 0.87594], [127.53723, 0.87616], [127.53702, 0.87769], [127.54147, 0.88027], [127.5459, 0.87975], [127.54637, 0.88062], [127.54256, 0.88202], [127.54388, 0.88373], [127.54345, 0.88385], [127.54228, 0.88212], [127.54039, 0.88183], [127.53843, 0.88352], [127.53618, 0.88328], [127.53448, 0.88207], [127.53349, 0.88313], [127.5332, 0.88169], [127.53166, 0.8802], [127.53002, 0.87937], [127.52854, 0.87948], [127.52641, 0.87728], [127.52548, 0.87719], [127.52476, 0.87834], [127.52569, 0.88074], [127.52391, 0.88267], [127.52643, 0.88328], [127.5281, 0.88487], [127.53056, 0.8846], [127.52762, 0.88582], [127.524, 0.88551], [127.52342, 0.88623]]], [[[127.50461, 0.87674], [127.50346, 0.875], [127.50402, 0.87413], [127.50403, 0.87029], [127.50249, 0.86861], [127.50181, 0.86604], [127.50035, 0.86551], [127.49843, 0.8674], [127.49719, 0.86993], [127.49713, 0.87247], [127.49882, 0.87626], [127.49867, 0.87809], [127.49916, 0.87875], [127.5013, 0.87902], [127.49904, 0.88348], [127.49917, 0.8848], [127.50476, 0.8826], [127.50647, 0.881], [127.50656, 0.87965], [127.50461, 0.87674]]], [[[127.54678, 0.87379], [127.54838, 0.8735], [127.54895, 0.87048], [127.55135, 0.87015], [127.55132, 0.86902], [127.54916, 0.86956], [127.54944, 0.86862], [127.55366, 0.86684], [127.55416, 0.86594], [127.5538, 0.86541], [127.55241, 0.86474], [127.54943, 0.86491], [127.54671, 0.86608], [127.54671, 0.8686], [127.54419, 0.87321], [127.54512, 0.87433], [127.54678, 0.87379]]], [[[127.52395, 0.87855], [127.52314, 0.87746], [127.52162, 0.87737], [127.51984, 0.87842], [127.51746, 0.87863], [127.51705, 0.88], [127.5177, 0.88096], [127.52028, 0.88143], [127.52086, 0.88355], [127.52171, 0.88356], [127.52414, 0.88078], [127.52395, 0.87855]]], [[[127.56405, 0.86797], [127.56413, 0.8665], [127.56193, 0.86382], [127.55755, 0.86343], [127.55532, 0.86465], [127.55567, 0.86599], [127.55936, 0.86615], [127.56165, 0.86737], [127.56244, 0.86869], [127.56405, 0.86797]]], [[[127.50913, 0.85975], [127.50891, 0.86088], [127.51068, 0.86297], [127.51092, 0.86433], [127.5123, 0.86465], [127.51251, 0.86234], [127.51368, 0.86163], [127.51368, 0.86041], [127.51085, 0.85911], [127.50913, 0.85975]]], [[[127.566, 0.87385], [127.5643, 0.86814], [127.56229, 0.86882], [127.56182, 0.8729], [127.56284, 0.87307], [127.56397, 0.87458], [127.566, 0.87385]]], [[[127.50686, 0.86454], [127.50626, 0.86721], [127.50747, 0.86812], [127.50904, 0.86661], [127.50924, 0.86561], [127.50822, 0.86411], [127.50686, 0.86454]]], [[[127.60079, 0.86072], [127.60001, 0.85926], [127.59855, 0.85922], [127.59811, 0.86006], [127.59835, 0.8616], [127.59929, 0.86214], [127.59941, 0.86299], [127.60066, 0.86258], [127.60079, 0.86072]]], [[[127.52555, 0.87237], [127.52464, 0.87449], [127.5263, 0.87622], [127.52702, 0.87537], [127.52646, 0.87474], [127.52703, 0.87261], [127.52673, 0.87213], [127.52555, 0.87237]]], [[[127.50886, 0.88224], [127.50852, 0.88339], [127.50948, 0.88402], [127.51075, 0.88413], [127.51164, 0.88313], [127.51074, 0.88163], [127.50886, 0.88224]]], [[[127.5128, 0.87924], [127.51237, 0.88071], [127.51358, 0.88141], [127.51548, 0.87995], [127.5142, 0.87857], [127.5128, 0.87924]]], [[[127.52163, 0.87147], [127.51964, 0.87243], [127.5192, 0.87335], [127.51975, 0.87445], [127.52173, 0.87362], [127.52163, 0.87147]]], [[[127.56055, 0.87036], [127.55876, 0.86904], [127.55784, 0.86921], [127.55866, 0.87087], [127.56045, 0.87192], [127.5615, 0.87052], [127.56055, 0.87036]]], [[[127.51584, 0.86351], [127.51472, 0.86231], [127.51324, 0.86274], [127.51373, 0.86466], [127.51537, 0.8646], [127.51584, 0.86351]]], [[[127.53869, 0.88246], [127.53925, 0.88179], [127.53894, 0.88087], [127.5377, 0.88046], [127.5364, 0.88129], [127.53776, 0.88259], [127.53869, 0.88246]]]]}}, {"type": "Feature", "properties": {"domain_id": "820108", "name": "IBU SELATAN"}, "geometry": {"type": "Polygon", "coordinates": [[[127.55913, 1.26798], [127.5591, 1.26607], [127.55721, 1.2659], [127.55907, 1.26458], [127.56014, 1.26228], [127.55885, 1.26185], [127.55829, 1.26047], [127.56016, 1.25996], [127.56056, 1.25905], [127.55992, 1.25791], [127.55805, 1.25781], [127.5577, 1.25592], [127.55895, 1.25385], [127.55672, 1.25401], [127.55809, 1.25003], [127.55711, 1.24909], [127.55627, 1.2463], [127.55573, 1.2473], [127.55393, 1.2465], [127.54344, 1.24741], [127.54342, 1.24633], [127.5429, 1.24617], [127.54158, 1.24706], [127.54097, 1.24874], [127.54031, 1.24781], [127.53952, 1.24836], [127.53863, 1.24692], [127.53691, 1.24655], [127.5355, 1.24762], [127.53512, 1.24878], [127.53411, 1.24836], [127.53084, 1.2492], [127.52591, 1.24899], [127.52531, 1.25018], [127.5256, 1.25266], [127.52267, 1.25216], [127.51468, 1.25306], [127.50373, 1.26047], [127.49754, 1.26056], [127.48835, 1.25969], [127.48504, 1.26183], [127.48373, 1.2654], [127.4722, 1.26844], [127.4658, 1.27139], [127.45846, 1.27708], [127.45586, 1.28017], [127.44474, 1.28408], [127.43697, 1.28518], [127.43799, 1.28889], [127.44029, 1.29057], [127.44021, 1.29291], [127.44182, 1.29344], [127.44265, 1.29464], [127.44275, 1.29769], [127.44408, 1.29765], [127.44554, 1.29853], [127.44671, 1.29994], [127.44567, 1.30056], [127.44606, 1.30157], [127.448, 1.30323], [127.44998, 1.30354], [127.45339, 1.30635], [127.45473, 1.30795], [127.45525, 1.31104], [127.45623, 1.31128], [127.45722, 1.31293], [127.45712, 1.31412], [127.45828, 1.31441], [127.45899, 1.31538], [127.45975, 1.31442], [127.46013, 1.3155], [127.46068, 1.31502], [127.46144, 1.3156], [127.46205, 1.31742], [127.46319, 1.31757], [127.46337, 1.3167], [127.46425, 1.31757], [127.46594, 1.32072], [127.46617, 1.32247], [127.46792, 1.32388], [127.46813, 1.32899], [127.46942, 1.32929], [127.46951, 1.3314], [127.47153, 1.33355], [127.47091, 1.33567], [127.47184, 1.33708], [127.47158, 1.33873], [127.47326, 1.33993], [127.47417, 1.34174], [127.47544, 1.3422], [127.47653, 1.34429], [127.48016, 1.34674], [127.48265, 1.35026], [127.48303, 1.35288], [127.485, 1.35651], [127.48507, 1.35936], [127.48581, 1.36076], [127.48489, 1.36413], [127.48568, 1.3656], [127.48516, 1.36771], [127.48628, 1.37059], [127.48545, 1.37582], [127.48642, 1.38213], [127.48576, 1.38323], [127.48664, 1.38719], [127.48526, 1.38838], [127.48487, 1.39003], [127.4864, 1.39361], [127.4862, 1.39437], [127.48682, 1.3942], [127.48809, 1.39526], [127.49269, 1.40205], [127.49526, 1.40408], [127.49524, 1.40536], [127.49763, 1.40698], [127.49895, 1.40917], [127.50175, 1.41175], [127.50262, 1.41153], [127.5059, 1.41423], [127.51474, 1.42358], [127.51714, 1.4269], [127.52223, 1.4376], [127.52431, 1.44767], [127.52539, 1.44844], [127.52668, 1.44836], [127.52529, 1.45016], [127.52619, 1.45271], [127.54527, 1.45008], [127.55121, 1.45064], [127.56898, 1.45022], [127.58873, 1.44688], [127.61758, 1.44582], [127.61942, 1.44626], [127.62473, 1.44997], [127.62597, 1.45244], [127.62656, 1.45665], [127.6438, 1.45397], [127.66823, 1.44797], [127.66991, 1.44686], [127.67543, 1.4474], [127.67836, 1.44549], [127.68322, 1.44441], [127.68168, 1.44265], [127.67743, 1.44137], [127.6775, 1.43999], [127.67576, 1.43742], [127.67502, 1.43203], [127.67355, 1.42944], [127.66692, 1.42806], [127.66123, 1.42431], [127.65967, 1.42262], [127.65804, 1.41876], [127.65706, 1.41113], [127.66028, 1.40155], [127.66126, 1.39663], [127.66341, 1.39495], [127.66761, 1.39319], [127.67115, 1.38454], [127.6758, 1.37836], [127.67609, 1.377], [127.67584, 1.37582], [127.67358, 1.37431], [127.66676, 1.36629], [127.66193, 1.36427], [127.66321, 1.3589], [127.66102, 1.35449], [127.65975, 1.34581], [127.65663, 1.34301], [127.65591, 1.34154], [127.65752, 1.3366], [127.65739, 1.33428], [127.65388, 1.32763], [127.65282, 1.32676], [127.65201, 1.32696], [127.65125, 1.32847], [127.64862, 1.33049], [127.64852, 1.33283], [127.64721, 1.33275], [127.64535, 1.33098], [127.64395, 1.33339], [127.64246, 1.33364], [127.64212, 1.33061], [127.6406, 1.32839], [127.6421, 1.3271], [127.64338, 1.32686], [127.64385, 1.32588], [127.64433, 1.31843], [127.64391, 1.31364], [127.64071, 1.31335], [127.64017, 1.31278], [127.64006, 1.31024], [127.63916, 1.30944], [127.63738, 1.30922], [127.63716, 1.3063], [127.63725, 1.30509], [127.64264, 1.30372], [127.64349, 1.30275], [127.64398, 1.30058], [127.6393, 1.30026], [127.63887, 1.29952], [127.63671, 1.29926], [127.63331, 1.30016], [127.63116, 1.29956], [127.62999, 1.30013], [127.62524, 1.30008], [127.62016, 1.29901], [127.61609, 1.30124], [127.61536, 1.30192], [127.61465, 1.30496], [127.61333, 1.30494], [127.60764, 1.30259], [127.6061, 1.30353], [127.60505, 1.30339], [127.60415, 1.30113], [127.60218, 1.3005], [127.6, 1.30053], [127.59676, 1.30358], [127.59583, 1.30379], [127.59528, 1.30334], [127.59552, 1.30088], [127.59321, 1.29982], [127.59113, 1.29732], [127.58811, 1.29783], [127.57949, 1.29396], [127.57914, 1.2949], [127.58044, 1.29625], [127.58077, 1.29798], [127.57979, 1.29672], [127.57772, 1.29609], [127.57638, 1.2975], [127.57477, 1.29683], [127.57245, 1.29809], [127.57106, 1.2981], [127.57099, 1.29762], [127.57194, 1.29778], [127.57236, 1.29706], [127.57134, 1.29515], [127.57118, 1.29297], [127.56963, 1.29275], [127.56978, 1.29524], [127.56882, 1.29594], [127.56746, 1.29466], [127.56751, 1.29331], [127.56483, 1.29357], [127.56425, 1.29142], [127.5626, 1.29168], [127.56173, 1.29059], [127.56189, 1.28946], [127.56451, 1.28825], [127.56523, 1.28678], [127.56453, 1.28661], [127.56336, 1.28793], [127.56117, 1.28815], [127.56036, 1.28888], [127.55843, 1.28748], [127.55871, 1.28658], [127.56236, 1.28516], [127.56168, 1.27948], [127.56323, 1.27727], [127.56249, 1.27515], [127.56085, 1.27609], [127.55962, 1.27534], [127.56089, 1.27276], [127.55992, 1.27171], [127.55969, 1.26965], [127.5587, 1.26933], [127.55913, 1.26798]]]}}, {"type": "Feature", "properties": {"domain_id": "820109", "name": "SAHU TIMUR"}, "geometry": {"type": "Polygon", "coordinates": [[[127.48285, 1.12991], [127.47913, 1.1277], [127.47863, 1.1231], [127.47549, 1.12161], [127.47502, 1.1199], [127.47404, 1.11894], [127.47176, 1.11905], [127.47144, 1.1216], [127.4661, 1.12351], [127.46411, 1.12602], [127.46102, 1.12561], [127.45981, 1.12736], [127.45803, 1.12737], [127.45693, 1.1284], [127.45501, 1.1279], [127.45313, 1.12583], [127.45201, 1.12648], [127.45447, 1.13008], [127.45408, 1.13124], [127.45302, 1.13159], [127.45507, 1.13606], [127.45608, 1.14002], [127.46113, 1.14179], [127.46591, 1.1425], [127.46616, 1.14298], [127.46508, 1.14398], [127.46583, 1.14462], [127.46663, 1.14436], [127.46914, 1.15017], [127.47212, 1.15465], [127.47253, 1.15861], [127.47515, 1.1635], [127.483, 1.16434], [127.49059, 1.16381], [127.49086, 1.16441], [127.49338, 1.17901], [127.49319, 1.18272], [127.49209, 1.18635], [127.49369, 1.20028], [127.4938, 1.21204], [127.49294, 1.21842], [127.49291, 1.22838], [127.50373, 1.26047], [127.51523, 1.25285], [127.52267, 1.25216], [127.5256, 1.25266], [127.52531, 1.25018], [127.52591, 1.24899], [127.53084, 1.2492], [127.53411, 1.24836], [127.53512, 1.24878], [127.5355, 1.24762], [127.53691, 1.24655], [127.53863, 1.24692], [127.53952, 1.24836], [127.54031, 1.24781], [127.54097, 1.24874], [127.54158, 1.24706], [127.5429, 1.24617], [127.54342, 1.24633], [127.54344, 1.24741], [127.55393, 1.2465], [127.55573, 1.2473], [127.55618, 1.24623], [127.55711, 1.24909], [127.55809, 1.25003], [127.55672, 1.25401], [127.55895, 1.25385], [127.5577, 1.25592], [127.55805, 1.25781], [127.55992, 1.25791], [127.56056, 1.25905], [127.56016, 1.25996], [127.55829, 1.26047], [127.55885, 1.26185], [127.56014, 1.26228], [127.55907, 1.26458], [127.55724, 1.26604], [127.55914, 1.26612], [127.5587, 1.26933], [127.55969, 1.26965], [127.55992, 1.27171], [127.56087, 1.27265], [127.55962, 1.27534], [127.56085, 1.27609], [127.56249, 1.27515], [127.56323, 1.27727], [127.56168, 1.27948], [127.56236, 1.28516], [127.55871, 1.28658], [127.55843, 1.28748], [127.56036, 1.28888], [127.56117, 1.28815], [127.56336, 1.28793], [127.56453, 1.28661], [127.56523, 1.28678], [127.56451, 1.28825], [127.56189, 1.28946], [127.56173, 1.29059], [127.5626, 1.29168], [127.56425, 1.29142], [127.56483, 1.29357], [127.56751, 1.29331], [127.56746, 1.29466], [127.56882, 1.29594], [127.56978, 1.29524], [127.56963, 1.29275], [127.57118, 1.29297], [127.57134, 1.29515], [127.57236, 1.29706], [127.57194, 1.29778], [127.57099, 1.29762], [127.57106, 1.2981], [127.57245, 1.29809], [127.57477, 1.29683], [127.57638, 1.2975], [127.57772, 1.29609], [127.57979, 1.29672], [127.58077, 1.29798], [127.58044, 1.29625], [127.57914, 1.2949], [127.57949, 1.29396], [127.58811, 1.29783], [127.59113, 1.29732], [127.59321, 1.29982], [127.59552, 1.30088], [127.59528, 1.30334], [127.59583, 1.30379], [127.59676, 1.30358], [127.6, 1.30053], [127.60218, 1.3005], [127.60415, 1.30113], [127.60505, 1.30339], [127.6061, 1.30353], [127.60764, 1.30259], [127.61333, 1.30494], [127.61465, 1.30496], [127.61536, 1.30192], [127.61609, 1.30124], [127.62016, 1.29901], [127.62524, 1.30008], [127.62999, 1.30013], [127.63116, 1.29956], [127.63331, 1.30016], [127.63671, 1.29926], [127.63887, 1.29952], [127.6393, 1.30026], [127.64398, 1.30058], [127.64402, 1.29906], [127.64328, 1.29799], [127.63996, 1.29752], [127.63912, 1.29026], [127.63755, 1.28725], [127.63554, 1.28545], [127.63593, 1.27877], [127.63453, 1.27492], [127.63566, 1.27294], [127.63699, 1.27282], [127.63871, 1.27144], [127.64112, 1.27145], [127.64461, 1.27294], [127.64775, 1.27124], [127.64945, 1.27137], [127.6492, 1.26496], [127.64751, 1.26467], [127.64731, 1.25235], [127.64479, 1.25042], [127.64167, 1.24596], [127.64033, 1.24626], [127.63796, 1.24893], [127.63573, 1.24967], [127.63253, 1.25], [127.62742, 1.24812], [127.62908, 1.24514], [127.62893, 1.24371], [127.6268, 1.24252], [127.62388, 1.23779], [127.62746, 1.23486], [127.62857, 1.23001], [127.63205, 1.22437], [127.63455, 1.22278], [127.6359, 1.2198], [127.63717, 1.21472], [127.63587, 1.21209], [127.63616, 1.20804], [127.63933, 1.20153], [127.63832, 1.19875], [127.63984, 1.19575], [127.63988, 1.19335], [127.63815, 1.19179], [127.63771, 1.18255], [127.64008, 1.17852], [127.6437, 1.1771], [127.64418, 1.17591], [127.64365, 1.17365], [127.6443, 1.17157], [127.63977, 1.16803], [127.63587, 1.16778], [127.63376, 1.16701], [127.63159, 1.16306], [127.62815, 1.16035], [127.62743, 1.15862], [127.62682, 1.15178], [127.62287, 1.14645], [127.62206, 1.14212], [127.61994, 1.14036], [127.6213, 1.13845], [127.61889, 1.13801], [127.6172, 1.13572], [127.61493, 1.13486], [127.60982, 1.13399], [127.60611, 1.13511], [127.60332, 1.13351], [127.59917, 1.13341], [127.59727, 1.1322], [127.59568, 1.1296], [127.5948, 1.12925], [127.56962, 1.13012], [127.56588, 1.12952], [127.56403, 1.13016], [127.5505, 1.13102], [127.53593, 1.1304], [127.5294, 1.13125], [127.51684, 1.12956], [127.49756, 1.1289], [127.49605, 1.12797], [127.49363, 1.12862], [127.49265, 1.12783], [127.49222, 1.12999], [127.49338, 1.13246], [127.49208, 1.13319], [127.49023, 1.13248], [127.49075, 1.128], [127.48996, 1.1274], [127.48771, 1.12998], [127.48549, 1.1311], [127.48574, 1.13318], [127.4845, 1.13476], [127.48326, 1.13389], [127.48343, 1.1308], [127.48285, 1.12991]]]}}, {"type": "Feature", "properties": {"domain_id": "820307", "name": "KAO"}, "geometry": {"type": "Polygon", "coordinates": [[[127.86862, 1.1794], [127.86563, 1.18086], [127.86185, 1.18146], [127.86111, 1.18222], [127.86155, 1.18362], [127.86324, 1.185], [127.86277, 1.1868], [127.86173, 1.18566], [127.86121, 1.18718], [127.8644, 1.19119], [127.86453, 1.192], [127.86302, 1.19307], [127.8629, 1.19421], [127.8644, 1.19774], [127.86175, 1.19924], [127.85948, 1.20211], [127.85587, 1.20345], [127.85379, 1.20522], [127.85356, 1.20697], [127.85457, 1.21027], [127.85428, 1.21289], [127.8525, 1.21641], [127.85114, 1.22195], [127.84951, 1.22251], [127.84806, 1.22429], [127.84772, 1.2272], [127.84915, 1.2275], [127.85065, 1.23718], [127.85289, 1.24091], [127.8508, 1.24275], [127.85046, 1.24925], [127.85167, 1.25414], [127.85352, 1.25503], [127.85368, 1.25656], [127.84993, 1.25945], [127.84955, 1.25897], [127.84795, 1.25928], [127.84818, 1.25724], [127.84761, 1.25715], [127.84462, 1.25905], [127.84418, 1.2605], [127.84871, 1.2689], [127.84868, 1.27015], [127.84683, 1.27076], [127.85037, 1.27739], [127.85, 1.27952], [127.85179, 1.28766], [127.85005, 1.29105], [127.84826, 1.29243], [127.84797, 1.29514], [127.84677, 1.29646], [127.84637, 1.29799], [127.84715, 1.29847], [127.84693, 1.3], [127.8487, 1.30165], [127.84894, 1.30386], [127.8484, 1.31057], [127.84938, 1.31261], [127.84794, 1.31749], [127.84968, 1.31816], [127.85015, 1.31995], [127.85179, 1.32203], [127.85372, 1.32227], [127.85585, 1.32161], [127.85696, 1.32221], [127.85553, 1.32661], [127.85602, 1.32752], [127.85475, 1.32906], [127.85534, 1.33265], [127.85465, 1.33656], [127.85555, 1.33739], [127.85456, 1.33783], [127.85583, 1.33875], [127.85782, 1.34256], [127.86093, 1.34245], [127.86438, 1.34429], [127.867, 1.34281], [127.86961, 1.34287], [127.87467, 1.33893], [127.87541, 1.33661], [127.87773, 1.337], [127.88086, 1.33586], [127.88317, 1.33626], [127.8875, 1.33569], [127.89112, 1.337], [127.89197, 1.33637], [127.8919, 1.33543], [127.89365, 1.33594], [127.89436, 1.33551], [127.89602, 1.33289], [127.89596, 1.33059], [127.89821, 1.32898], [127.89785, 1.3275], [127.89857, 1.32649], [127.89824, 1.32216], [127.89731, 1.3214], [127.89718, 1.32026], [127.89531, 1.3189], [127.89605, 1.31757], [127.89583, 1.31454], [127.89632, 1.31363], [127.89904, 1.31333], [127.90238, 1.31156], [127.90567, 1.31164], [127.90623, 1.31006], [127.90788, 1.30966], [127.90734, 1.30811], [127.90758, 1.30443], [127.90877, 1.30338], [127.91174, 1.30365], [127.91388, 1.30208], [127.91567, 1.30228], [127.91847, 1.30112], [127.92099, 1.3024], [127.92189, 1.30166], [127.92805, 1.30767], [127.93076, 1.30779], [127.93114, 1.30619], [127.93316, 1.30519], [127.9327, 1.30373], [127.9338, 1.3033], [127.93179, 1.30137], [127.93145, 1.29631], [127.9302, 1.29252], [127.9232, 1.28187], [127.93651, 1.27644], [127.93775, 1.27242], [127.93775, 1.26983], [127.93604, 1.26514], [127.95186, 1.26042], [127.95069, 1.25842], [127.95028, 1.25605], [127.94919, 1.25551], [127.94861, 1.25379], [127.9479, 1.25419], [127.94694, 1.25299], [127.94682, 1.24788], [127.94502, 1.24235], [127.93932, 1.23873], [127.93469, 1.23723], [127.93154, 1.23462], [127.92912, 1.23565], [127.92651, 1.23519], [127.9246, 1.23353], [127.92365, 1.23096], [127.91908, 1.22778], [127.91682, 1.2236], [127.91693, 1.22228], [127.91482, 1.21925], [127.9139, 1.21411], [127.91373, 1.20632], [127.9144, 1.1995], [127.91352, 1.19452], [127.90753, 1.18488], [127.90404, 1.17662], [127.90267, 1.17412], [127.9022, 1.17416], [127.90194, 1.16957], [127.9032, 1.15213], [127.90282, 1.14985], [127.89731, 1.15107], [127.89643, 1.15223], [127.89298, 1.15147], [127.89287, 1.152], [127.89171, 1.15088], [127.8896, 1.15022], [127.88901, 1.14843], [127.88805, 1.14808], [127.8879, 1.14737], [127.88543, 1.14685], [127.8851, 1.14759], [127.88436, 1.14736], [127.88377, 1.14929], [127.88031, 1.14788], [127.88018, 1.14864], [127.87693, 1.15009], [127.87618, 1.15168], [127.87468, 1.15141], [127.87455, 1.15272], [127.87656, 1.15462], [127.87623, 1.15553], [127.87386, 1.1573], [127.87398, 1.15966], [127.87887, 1.16414], [127.87531, 1.16433], [127.87352, 1.16534], [127.87651, 1.17308], [127.87287, 1.17512], [127.87271, 1.17721], [127.87179, 1.17851], [127.86862, 1.1794]]]}}, {"type": "Feature", "properties": {"domain_id": "820203", "name": "PULAU GEBE"}, "geometry": {"type": "MultiPolygon", "coordinates": [[[[129.55967, -0.1534], [129.56287, -0.15882], [129.56355, -0.16119], [129.56567, -0.16393], [129.57237, -0.17928], [129.5748, -0.19234], [129.57463, -0.19906], [129.57281, -0.19997], [129.564, -0.197], [129.5613, -0.1977], [129.55922, -0.20151], [129.56011, -0.20304], [129.56012, -0.20603], [129.56131, -0.2068], [129.56157, -0.208], [129.56316, -0.20965], [129.56323, -0.21145], [129.56209, -0.21215], [129.56001, -0.21016], [129.55715, -0.20867], [129.55334, -0.20464], [129.55019, -0.20294], [129.54927, -0.20106], [129.54708, -0.19906], [129.54694, -0.20205], [129.54973, -0.21037], [129.54639, -0.21438], [129.54137, -0.21427], [129.53699, -0.21326], [129.53276, -0.2083], [129.53145, -0.2077], [129.53123, -0.20678], [129.527, -0.20483], [129.52445, -0.20147], [129.52261, -0.20103], [129.52055, -0.19909], [129.51953, -0.19679], [129.5196, -0.18653], [129.51798, -0.18509], [129.51701, -0.1856], [129.51401, -0.18497], [129.51245, -0.18383], [129.50936, -0.17943], [129.50917, -0.17727], [129.50733, -0.17589], [129.50854, -0.17483], [129.50827, -0.17326], [129.50889, -0.17194], [129.51151, -0.17054], [129.51265, -0.16872], [129.512, -0.16558], [129.51581, -0.16332], [129.51582, -0.16213], [129.51411, -0.16142], [129.5101, -0.16133], [129.50396, -0.15861], [129.4994, -0.15436], [129.49841, -0.15416], [129.49851, -0.1514], [129.49644, -0.14986], [129.49328, -0.15005], [129.489, -0.14777], [129.48662, -0.14331], [129.48476, -0.14168], [129.47947, -0.14036], [129.4759, -0.14295], [129.46958, -0.13965], [129.46964, -0.13789], [129.47171, -0.13264], [129.47335, -0.13023], [129.47356, -0.12805], [129.47755, -0.12424], [129.47823, -0.12456], [129.47904, -0.12661], [129.47951, -0.12472], [129.47816, -0.11833], [129.47632, -0.11702], [129.47506, -0.11267], [129.47047, -0.10601], [129.46912, -0.10603], [129.46796, -0.10331], [129.46363, -0.10082], [129.46066, -0.09743], [129.45997, -0.09513], [129.46062, -0.09429], [129.46007, -0.09352], [129.46079, -0.09218], [129.45859, -0.09205], [129.45828, -0.09078], [129.4568, -0.08919], [129.45605, -0.08957], [129.45534, -0.09135], [129.45417, -0.09197], [129.45069, -0.09113], [129.4489, -0.09136], [129.44705, -0.08954], [129.43908, -0.08786], [129.43283, -0.08414], [129.42858, -0.07763], [129.42757, -0.0774], [129.42754, -0.07672], [129.42723, -0.07729], [129.42642, -0.07669], [129.42617, -0.07536], [129.42589, -0.07577], [129.42232, -0.07424], [129.41999, -0.07445], [129.4195, -0.07367], [129.41405, -0.07118], [129.40978, -0.07168], [129.40197, -0.07039], [129.40118, -0.0721], [129.39799, -0.07174], [129.39193, -0.0744], [129.38734, -0.07294], [129.38371, -0.07296], [129.38268, -0.07236], [129.38151, -0.06831], [129.38343, -0.06463], [129.38308, -0.06402], [129.38456, -0.06431], [129.38445, -0.06291], [129.38518, -0.06222], [129.38641, -0.06354], [129.38758, -0.06266], [129.38795, -0.06149], [129.38667, -0.05741], [129.38515, -0.0574], [129.38284, -0.05439], [129.38189, -0.05177], [129.38179, -0.04924], [129.38309, -0.0449], [129.38473, -0.04253], [129.3846, -0.04118], [129.38217, -0.03851], [129.38242, -0.038], [129.38178, -0.03796], [129.3812, -0.03649], [129.3808, -0.03171], [129.38173, -0.03059], [129.37994, -0.02921], [129.37945, -0.02707], [129.37753, -0.0241], [129.37445, -0.02027], [129.37227, -0.01871], [129.36618, -0.00849], [129.36554, -0.00618], [129.36513, -0.0066], [129.362, -0.00269], [129.35819, -0.00184], [129.35382, 0.00288], [129.3465, 0.00636], [129.3456, 0.00874], [129.3397, 0.01433], [129.33611, 0.01626], [129.32932, 0.02211], [129.32549, 0.02428], [129.3231, 0.02517], [129.32042, 0.02492], [129.3125, 0.0265], [129.30834, 0.02796], [129.30534, 0.02791], [129.3025, 0.02874], [129.30018, 0.03084], [129.29853, 0.03147], [129.29516, 0.03138], [129.2903, 0.02864], [129.28808, 0.02972], [129.28407, 0.0365], [129.28101, 0.03872], [129.27997, 0.0402], [129.27906, 0.04271], [129.27964, 0.04791], [129.2813, 0.04941], [129.28473, 0.04913], [129.28521, 0.04981], [129.28476, 0.05058], [129.28756, 0.05018], [129.28801, 0.04901], [129.28971, 0.04894], [129.29378, 0.04735], [129.30388, 0.041], [129.30928, 0.03856], [129.31444, 0.03494], [129.32469, 0.03054], [129.33256, 0.02833], [129.34372, 0.02136], [129.34908, 0.01644], [129.35507, 0.01266], [129.35895, 0.01099], [129.36391, 0.00716], [129.40093, -0.01363], [129.40651, -0.0185], [129.41232, -0.02512], [129.42345, -0.04145], [129.42911, -0.0475], [129.43328, -0.0537], [129.45817, -0.06603], [129.46155, -0.06894], [129.46229, -0.0713], [129.46592, -0.07516], [129.46803, -0.07908], [129.469, -0.08283], [129.47258, -0.08692], [129.49227, -0.09488], [129.50496, -0.10136], [129.50552, -0.10249], [129.50672, -0.10229], [129.50705, -0.10345], [129.51104, -0.10771], [129.51582, -0.10989], [129.51735, -0.11199], [129.51983, -0.11342], [129.52623, -0.11614], [129.5302, -0.11937], [129.53143, -0.11974], [129.53185, -0.11925], [129.53489, -0.12319], [129.54558, -0.12933], [129.54919, -0.13542], [129.54956, -0.13753], [129.55498, -0.14449], [129.55967, -0.1534]]], [[[129.63255, -0.03412], [129.64948, -0.04556], [129.65249, -0.04856], [129.65505, -0.05315], [129.65673, -0.05822], [129.65655, -0.06376], [129.65522, -0.06747], [129.65082, -0.07123], [129.64874, -0.07164], [129.64646, -0.07032], [129.64254, -0.07024], [129.64059, -0.06806], [129.64201, -0.06744], [129.64282, -0.06799], [129.64163, -0.06774], [129.64207, -0.06892], [129.64355, -0.06843], [129.64463, -0.069], [129.64483, -0.06845], [129.6469, -0.06964], [129.64643, -0.06901], [129.64739, -0.06926], [129.64638, -0.06842], [129.64366, -0.06735], [129.64329, -0.06779], [129.64339, -0.06719], [129.64611, -0.06558], [129.64621, -0.06681], [129.64737, -0.06786], [129.64839, -0.06775], [129.6485, -0.06691], [129.64898, -0.06694], [129.64898, -0.06378], [129.64791, -0.06467], [129.64755, -0.06719], [129.64592, -0.06504], [129.64653, -0.0633], [129.64762, -0.0632], [129.64628, -0.05864], [129.64715, -0.06056], [129.64774, -0.06021], [129.65069, -0.06173], [129.65157, -0.06115], [129.65212, -0.06128], [129.6523, -0.06106], [129.65224, -0.06069], [129.65085, -0.06135], [129.64967, -0.06072], [129.64983, -0.05981], [129.64893, -0.06003], [129.64948, -0.05932], [129.64859, -0.058], [129.65015, -0.05813], [129.64775, -0.05603], [129.64991, -0.05455], [129.64972, -0.05381], [129.64938, -0.05475], [129.64876, -0.05463], [129.64944, -0.05308], [129.64831, -0.05252], [129.64741, -0.05376], [129.64623, -0.05406], [129.64655, -0.05293], [129.64507, -0.05346], [129.64616, -0.05232], [129.64708, -0.05258], [129.64641, -0.05159], [129.64774, -0.05237], [129.64724, -0.05171], [129.64821, -0.05175], [129.64888, -0.05031], [129.64801, -0.04957], [129.64593, -0.04947], [129.64569, -0.04997], [129.64551, -0.04905], [129.64261, -0.04837], [129.64262, -0.04786], [129.64374, -0.04791], [129.64305, -0.04742], [129.64404, -0.04669], [129.64222, -0.04669], [129.6416, -0.04598], [129.64118, -0.04624], [129.64183, -0.04682], [129.64103, -0.04717], [129.64059, -0.04647], [129.64019, -0.04714], [129.64074, -0.04754], [129.63994, -0.04855], [129.63981, -0.04682], [129.63915, -0.04685], [129.63919, -0.04868], [129.6379, -0.05052], [129.63613, -0.05111], [129.63375, -0.05018], [129.633, -0.04839], [129.63128, -0.04814], [129.63256, -0.04791], [129.63104, -0.04689], [129.63212, -0.04686], [129.63225, -0.04621], [129.62991, -0.0456], [129.63294, -0.04445], [129.63252, -0.04396], [129.63242, -0.04451], [129.6302, -0.04431], [129.63114, -0.04282], [129.63211, -0.04302], [129.6319, -0.04222], [129.63116, -0.04162], [129.63083, -0.03987], [129.62816, -0.03864], [129.62528, -0.03124], [129.62427, -0.03192], [129.62427, -0.03304], [129.62537, -0.03423], [129.62612, -0.03774], [129.62464, -0.03768], [129.62526, -0.03669], [129.62498, -0.03594], [129.62244, -0.03722], [129.61934, -0.03565], [129.61771, -0.03656], [129.61551, -0.03662], [129.61802, -0.03591], [129.61586, -0.03508], [129.61455, -0.03661], [129.61623, -0.03834], [129.6154, -0.03992], [129.61635, -0.04129], [129.61829, -0.0424], [129.61671, -0.04263], [129.61802, -0.04383], [129.61892, -0.04588], [129.62372, -0.04769], [129.62463, -0.04737], [129.62628, -0.04801], [129.62712, -0.05003], [129.6258, -0.05079], [129.62668, -0.05236], [129.62851, -0.05177], [129.63018, -0.05253], [129.63109, -0.05481], [129.63496, -0.05604], [129.63204, -0.05635], [129.63118, -0.05751], [129.63197, -0.05821], [129.6314, -0.05842], [129.62266, -0.05773], [129.62026, -0.0582], [129.61983, -0.05742], [129.61914, -0.05771], [129.62271, -0.06261], [129.626, -0.06435], [129.62586, -0.0654], [129.62048, -0.06542], [129.61652, -0.06446], [129.6132, -0.06482], [129.62096, -0.06651], [129.62345, -0.068], [129.62359, -0.06734], [129.62425, -0.06899], [129.6252, -0.06958], [129.6269, -0.06893], [129.62632, -0.0687], [129.62682, -0.06834], [129.62667, -0.06813], [129.62589, -0.06879], [129.6259, -0.06807], [129.62837, -0.06731], [129.62955, -0.06891], [129.62917, -0.0698], [129.62566, -0.07135], [129.62326, -0.07075], [129.62021, -0.0683], [129.61449, -0.06804], [129.61229, -0.06594], [129.60777, -0.06471], [129.59727, -0.05602], [129.59627, -0.05335], [129.58772, -0.04518], [129.58414, -0.03092], [129.58477, -0.02563], [129.58369, -0.02214], [129.58409, -0.01931], [129.5834, -0.01238], [129.58396, -0.00989], [129.58945, -0.00412], [129.59181, -0.0026], [129.59519, -0.00188], [129.59867, -0.00386], [129.60268, -0.00469], [129.60599, -0.00707], [129.6264, -0.02889], [129.63255, -0.03412]]], [[[129.8624, 0.32398], [129.8756, 0.32353], [129.87681, 0.32279], [129.88163, 0.32285], [129.89319, 0.32055], [129.89722, 0.32058], [129.9045, 0.31943], [129.91233, 0.31266], [129.91353, 0.31074], [129.91673, 0.29582], [129.91916, 0.29115], [129.92291, 0.2859], [129.92356, 0.28327], [129.92326, 0.28165], [129.9225, 0.28113], [129.9173, 0.28122], [129.91417, 0.28059], [129.90911, 0.27776], [129.90145, 0.27635], [129.89744, 0.27321], [129.88876, 0.27338], [129.8817, 0.27723], [129.87821, 0.28227], [129.87933, 0.28622], [129.87913, 0.28888], [129.87822, 0.29325], [129.8748, 0.30055], [129.86679, 0.3102], [129.86334, 0.31163], [129.8587, 0.31243], [129.85825, 0.31346], [129.8593, 0.31509], [129.85879, 0.3166], [129.85346, 0.31966], [129.85162, 0.32196], [129.85196, 0.32296], [129.85481, 0.32362], [129.8624, 0.32398]]], [[[129.42479, -0.08615], [129.42639, -0.08781], [129.42553, -0.08997], [129.42549, -0.09447], [129.42412, -0.09658], [129.42097, -0.09648], [129.42109, -0.09756], [129.42317, -0.0997], [129.42269, -0.10104], [129.42177, -0.10114], [129.42192, -0.10209], [129.42596, -0.10201], [129.42871, -0.09734], [129.42879, -0.09596], [129.42989, -0.095], [129.43005, -0.09342], [129.42941, -0.09228], [129.42734, -0.09103], [129.42663, -0.08971], [129.4274, -0.088], [129.42893, -0.08837], [129.43163, -0.09093], [129.43329, -0.09469], [129.43366, -0.09657], [129.4332, -0.09757], [129.43491, -0.09993], [129.43501, -0.10082], [129.43311, -0.10416], [129.43419, -0.10873], [129.43406, -0.11588], [129.43202, -0.11797], [129.42763, -0.11416], [129.42582, -0.11073], [129.42295, -0.10777], [129.41655, -0.10268], [129.41573, -0.10259], [129.41528, -0.09964], [129.41456, -0.09847], [129.41369, -0.09834], [129.41297, -0.09567], [129.41093, -0.09212], [129.4115, -0.09109], [129.41103, -0.08813], [129.41232, -0.08529], [129.41413, -0.0835], [129.41847, -0.08188], [129.42048, -0.07852], [129.42104, -0.0785], [129.42118, -0.08082], [129.42318, -0.08543], [129.42479, -0.08615]]], [[[129.62666, 0.00724], [129.62431, 0.0162], [129.62423, 0.01995], [129.62506, 0.02236], [129.62812, 0.02351], [129.63127, 0.02165], [129.63513, 0.01803], [129.63733, 0.01395], [129.6377, 0.01128], [129.63712, 0.01007], [129.63093, 0.00741], [129.62797, 0.00684], [129.62666, 0.00724]]], [[[129.87288, 0.34705], [129.87496, 0.34336], [129.87208, 0.34102], [129.86123, 0.34088], [129.85834, 0.34276], [129.85724, 0.34436], [129.85764, 0.34565], [129.86159, 0.34715], [129.87011, 0.34735], [129.87131, 0.34789], [129.87288, 0.34705]]], [[[129.4156, -0.07849], [129.41728, -0.07869], [129.41758, -0.07929], [129.41448, -0.0808], [129.41195, -0.08039], [129.41316, -0.07887], [129.4156, -0.07849]]], [[[129.64323, -0.05135], [129.64241, -0.05301], [129.64173, -0.05298], [129.64071, -0.05201], [129.6406, -0.04996], [129.64167, -0.0498], [129.64246, -0.05082], [129.6421, -0.04969], [129.6428, -0.04961], [129.6434, -0.05025], [129.64323, -0.05135]]], [[[129.63, -0.0417], [129.62919, -0.04326], [129.62724, -0.04349], [129.62713, -0.04119], [129.63046, -0.04096], [129.63, -0.0417]]]]}}, {"type": "Feature", "properties": {"domain_id": "820603", "name": "MABA SELATAN"}, "geometry": {"type": "MultiPolygon", "coordinates": [[[[128.51276, 0.59242], [128.51603, 0.59073], [128.51703, 0.59167], [128.51641, 0.59066], [128.51861, 0.58858], [128.52052, 0.58921], [128.52049, 0.59062], [128.52237, 0.59052], [128.52276, 0.59182], [128.52696, 0.58992], [128.53555, 0.58316], [128.54766, 0.57728], [128.55608, 0.57097], [128.55768, 0.56815], [128.55895, 0.56713], [128.55927, 0.56759], [128.56633, 0.56405], [128.57207, 0.562], [128.58345, 0.56254], [128.58414, 0.56196], [128.60156, 0.55981], [128.60151, 0.55904], [128.60205, 0.5589], [128.60491, 0.55986], [128.60796, 0.55943], [128.61274, 0.55594], [128.62081, 0.55491], [128.62278, 0.55839], [128.62362, 0.55841], [128.62665, 0.55716], [128.62984, 0.5569], [128.63545, 0.55465], [128.63745, 0.55276], [128.63963, 0.55446], [128.64219, 0.55455], [128.64538, 0.55328], [128.64733, 0.55144], [128.64657, 0.54833], [128.64568, 0.54795], [128.64969, 0.54717], [128.65428, 0.54327], [128.65511, 0.54487], [128.65643, 0.54513], [128.65763, 0.54434], [128.6597, 0.54585], [128.66069, 0.5454], [128.66147, 0.54377], [128.66158, 0.54592], [128.66371, 0.54905], [128.66562, 0.5481], [128.66661, 0.54652], [128.66907, 0.54606], [128.6672, 0.54829], [128.6681, 0.5497], [128.67069, 0.5501], [128.67571, 0.54918], [128.67705, 0.5502], [128.67831, 0.55027], [128.6795, 0.54958], [128.68005, 0.54819], [128.67834, 0.54626], [128.68039, 0.54693], [128.6834, 0.544], [128.6857, 0.53948], [128.68834, 0.5307], [128.68909, 0.5301], [128.68907, 0.52638], [128.68677, 0.51798], [128.68026, 0.50704], [128.67916, 0.50568], [128.67855, 0.50574], [128.67892, 0.50538], [128.67728, 0.5009], [128.67613, 0.5001], [128.67524, 0.50028], [128.67361, 0.49884], [128.67296, 0.49718], [128.67109, 0.49535], [128.66894, 0.49632], [128.66843, 0.49722], [128.66736, 0.49672], [128.66506, 0.4986], [128.66432, 0.49762], [128.6631, 0.49787], [128.664, 0.4971], [128.66352, 0.49641], [128.664, 0.49603], [128.66215, 0.49472], [128.65969, 0.4947], [128.658, 0.4932], [128.65734, 0.49482], [128.65587, 0.49414], [128.65562, 0.49119], [128.65494, 0.49171], [128.65433, 0.49139], [128.6541, 0.49258], [128.65197, 0.49247], [128.6502, 0.49382], [128.64702, 0.49152], [128.64693, 0.4895], [128.64632, 0.4889], [128.64093, 0.48616], [128.63886, 0.48697], [128.63518, 0.48448], [128.63417, 0.48121], [128.63431, 0.4781], [128.6329, 0.47564], [128.63368, 0.47344], [128.62979, 0.46951], [128.62967, 0.46748], [128.62891, 0.46723], [128.62976, 0.4665], [128.62912, 0.46578], [128.62928, 0.46357], [128.62866, 0.46346], [128.62767, 0.46165], [128.62705, 0.46206], [128.62728, 0.46085], [128.62651, 0.46046], [128.6267, 0.45971], [128.626, 0.45886], [128.62531, 0.45971], [128.62478, 0.45905], [128.62626, 0.45724], [128.62634, 0.45576], [128.62412, 0.45314], [128.6236, 0.44749], [128.62049, 0.4428], [128.61839, 0.44157], [128.61603, 0.44167], [128.60952, 0.43932], [128.60709, 0.43984], [128.60505, 0.43825], [128.59935, 0.43791], [128.59741, 0.4368], [128.59654, 0.43715], [128.596, 0.43886], [128.59239, 0.43814], [128.59072, 0.43646], [128.58888, 0.4361], [128.58483, 0.43377], [128.58122, 0.43448], [128.57984, 0.43306], [128.58074, 0.43012], [128.57874, 0.42735], [128.57903, 0.42432], [128.57705, 0.42152], [128.57253, 0.41879], [128.56941, 0.41814], [128.56648, 0.41849], [128.56202, 0.41593], [128.56012, 0.41774], [128.55891, 0.42223], [128.55342, 0.42081], [128.55131, 0.42249], [128.54908, 0.42228], [128.54824, 0.42346], [128.54639, 0.42161], [128.5444, 0.4218], [128.54274, 0.42398], [128.54221, 0.42684], [128.5391, 0.43159], [128.53315, 0.43197], [128.52962, 0.43525], [128.52401, 0.43783], [128.52362, 0.44039], [128.52175, 0.44051], [128.51985, 0.43958], [128.51404, 0.44261], [128.5101, 0.44328], [128.50854, 0.45026], [128.50464, 0.45169], [128.50227, 0.45517], [128.50227, 0.45907], [128.50305, 0.46232], [128.5026, 0.46632], [128.50155, 0.46915], [128.50459, 0.47625], [128.50431, 0.47711], [128.50091, 0.48019], [128.49659, 0.48146], [128.49552, 0.48038], [128.4959, 0.4781], [128.49051, 0.47295], [128.48877, 0.47235], [128.48875, 0.47622], [128.48773, 0.479], [128.48805, 0.48203], [128.48928, 0.48416], [128.48789, 0.48601], [128.48505, 0.48643], [128.48465, 0.48847], [128.48329, 0.49001], [128.4797, 0.49055], [128.47352, 0.49379], [128.47115, 0.49306], [128.4696, 0.49454], [128.46737, 0.49539], [128.46448, 0.49441], [128.46092, 0.49126], [128.45949, 0.49113], [128.457, 0.49247], [128.45833, 0.49604], [128.4554, 0.49845], [128.45137, 0.4989], [128.44992, 0.50065], [128.44875, 0.50063], [128.447, 0.50191], [128.44486, 0.50178], [128.44416, 0.50118], [128.4416, 0.50132], [128.43794, 0.50481], [128.43471, 0.50464], [128.43096, 0.50287], [128.42732, 0.50207], [128.42568, 0.50338], [128.42215, 0.50408], [128.41823, 0.50294], [128.41394, 0.50417], [128.41209, 0.50317], [128.40978, 0.50303], [128.40694, 0.50534], [128.40274, 0.50234], [128.40174, 0.50337], [128.40149, 0.50548], [128.39945, 0.509], [128.39274, 0.50682], [128.38877, 0.50844], [128.38231, 0.50744], [128.38128, 0.5092], [128.37778, 0.51041], [128.37526, 0.51222], [128.37206, 0.51182], [128.37019, 0.51312], [128.36853, 0.51261], [128.36503, 0.51298], [128.36068, 0.5108], [128.35849, 0.51059], [128.35483, 0.51302], [128.35279, 0.51335], [128.35165, 0.51598], [128.3479, 0.51921], [128.34442, 0.52025], [128.34165, 0.52324], [128.33817, 0.52973], [128.3374, 0.53706], [128.33822, 0.53792], [128.3387, 0.54094], [128.34152, 0.54289], [128.34078, 0.54813], [128.34211, 0.55426], [128.34345, 0.55501], [128.34583, 0.55905], [128.35311, 0.56488], [128.35311, 0.56802], [128.35118, 0.57102], [128.34791, 0.57326], [128.34642, 0.5779], [128.34419, 0.58223], [128.3372, 0.59076], [128.33839, 0.59465], [128.33854, 0.59839], [128.33795, 0.60093], [128.33833, 0.60495], [128.33942, 0.6071], [128.34116, 0.60848], [128.34301, 0.60871], [128.34484, 0.60807], [128.34489, 0.60998], [128.34638, 0.61202], [128.34745, 0.616], [128.34944, 0.61617], [128.35104, 0.61707], [128.35396, 0.62013], [128.3558, 0.62048], [128.35847, 0.61965], [128.3591, 0.62161], [128.35834, 0.62362], [128.357, 0.62515], [128.35525, 0.62577], [128.35378, 0.63721], [128.35495, 0.64095], [128.3566, 0.642], [128.36006, 0.64177], [128.36103, 0.64148], [128.36111, 0.64089], [128.36465, 0.64034], [128.36535, 0.64256], [128.36676, 0.64432], [128.37027, 0.64356], [128.37453, 0.64153], [128.37567, 0.63968], [128.37654, 0.64071], [128.37732, 0.64056], [128.3772, 0.63834], [128.37933, 0.6352], [128.3805, 0.63676], [128.38125, 0.63668], [128.38376, 0.63571], [128.38416, 0.63446], [128.38506, 0.6365], [128.38436, 0.63908], [128.38176, 0.64145], [128.38096, 0.6442], [128.38208, 0.6451], [128.38416, 0.64447], [128.38769, 0.64532], [128.38904, 0.64436], [128.38962, 0.64475], [128.39238, 0.64278], [128.3944, 0.6428], [128.39674, 0.64135], [128.4014, 0.64046], [128.40497, 0.63769], [128.40735, 0.63755], [128.40868, 0.63571], [128.41, 0.63519], [128.41065, 0.63598], [128.41204, 0.6359], [128.41704, 0.63415], [128.42323, 0.63332], [128.42484, 0.6321], [128.42737, 0.63361], [128.43451, 0.63243], [128.43752, 0.63005], [128.44056, 0.62938], [128.44171, 0.62774], [128.44631, 0.62525], [128.44789, 0.62298], [128.45171, 0.6196], [128.46189, 0.61332], [128.47403, 0.60396], [128.47526, 0.60135], [128.47464, 0.59902], [128.47609, 0.59885], [128.47715, 0.60017], [128.48153, 0.59737], [128.48665, 0.5957], [128.49102, 0.59646], [128.49525, 0.59451], [128.49867, 0.59508], [128.509, 0.59236], [128.51276, 0.59242]]], [[[128.64651, 0.57411], [128.64476, 0.57314], [128.64974, 0.57306], [128.65252, 0.57442], [128.65731, 0.57548], [128.66096, 0.5753], [128.66444, 0.57376], [128.66569, 0.57042], [128.66685, 0.56907], [128.67, 0.56821], [128.66365, 0.56378], [128.65967, 0.56364], [128.657, 0.56416], [128.65646, 0.56497], [128.6554, 0.56368], [128.65301, 0.56314], [128.65237, 0.56352], [128.64793, 0.5619], [128.64469, 0.56268], [128.6441, 0.56333], [128.64253, 0.56255], [128.64151, 0.56343], [128.63926, 0.56364], [128.63568, 0.56542], [128.63524, 0.56775], [128.63548, 0.57058], [128.63622, 0.57198], [128.63756, 0.57226], [128.64067, 0.57527], [128.64317, 0.57507], [128.64396, 0.57749], [128.64557, 0.57823], [128.64759, 0.57602], [128.64651, 0.57411]]], [[[128.52018, 0.62617], [128.51944, 0.62914], [128.52116, 0.63148], [128.5275, 0.63507], [128.53186, 0.63862], [128.5349, 0.63943], [128.53714, 0.63931], [128.53922, 0.63848], [128.54038, 0.63714], [128.54033, 0.63456], [128.53803, 0.63254], [128.53079, 0.6302], [128.52321, 0.62516], [128.52093, 0.62465], [128.52018, 0.62617]]], [[[128.64407, 0.62225], [128.63956, 0.62381], [128.63607, 0.6259], [128.63289, 0.63077], [128.63201, 0.63113], [128.63318, 0.63313], [128.63771, 0.63404], [128.64035, 0.63335], [128.6473, 0.62356], [128.64738, 0.62283], [128.64663, 0.62239], [128.64407, 0.62225]]], [[[128.62847, 0.56663], [128.62946, 0.56531], [128.63021, 0.56548], [128.63052, 0.5637], [128.63164, 0.56209], [128.63138, 0.56116], [128.62993, 0.56028], [128.62067, 0.56151], [128.61907, 0.56405], [128.619, 0.5658], [128.62025, 0.56673], [128.62268, 0.56641], [128.62745, 0.56717], [128.62847, 0.56663]]], [[[128.65633, 0.55961], [128.65804, 0.55922], [128.65758, 0.55883], [128.65796, 0.55778], [128.65666, 0.55546], [128.6542, 0.55434], [128.65385, 0.55348], [128.65104, 0.55402], [128.64951, 0.55627], [128.64948, 0.55729], [128.65062, 0.55696], [128.6526, 0.55928], [128.65633, 0.55961]]], [[[128.51756, 0.70801], [128.5176, 0.70937], [128.51885, 0.71114], [128.52361, 0.71314], [128.52555, 0.71328], [128.51886, 0.70794], [128.51756, 0.70801]]], [[[128.38168, 0.64062], [128.38234, 0.63938], [128.37941, 0.6376], [128.37877, 0.63779], [128.3781, 0.63933], [128.37878, 0.6418], [128.38023, 0.6424], [128.38168, 0.64062]]], [[[128.55013, 0.73109], [128.54822, 0.73233], [128.54911, 0.7338], [128.5512, 0.73339], [128.55329, 0.7314], [128.55233, 0.73034], [128.55013, 0.73109]]], [[[128.47265, 0.66475], [128.47232, 0.6656], [128.47349, 0.66674], [128.47603, 0.6674], [128.47708, 0.66661], [128.47493, 0.66509], [128.47265, 0.66475]]], [[[128.38356, 0.63625], [128.38301, 0.63665], [128.38294, 0.63845], [128.38382, 0.63919], [128.38483, 0.63666], [128.38415, 0.6358], [128.38356, 0.63625]]]]}}, {"type": "Feature", "properties": {"domain_id": "820312", "name": "TOBELO TIMUR"}, "geometry": {"type": "MultiPolygon", "coordinates": [[[[128.0287, 1.51516], [128.02668, 1.51271], [128.0256, 1.51324], [128.0249, 1.51239], [128.02593, 1.512], [128.02664, 1.51059], [128.02624, 1.50882], [128.02684, 1.50483], [128.02495, 1.5045], [128.02514, 1.50387], [128.02626, 1.5036], [128.02623, 1.50206], [128.02291, 1.48987], [128.02296, 1.48769], [128.02143, 1.48817], [128.01594, 1.48629], [128.01405, 1.484], [128.01213, 1.48336], [128.00802, 1.48437], [128.00294, 1.48805], [127.99952, 1.48918], [127.99725, 1.4896], [127.99104, 1.48893], [127.98763, 1.48983], [127.98637, 1.49485], [127.98644, 1.49725], [127.99244, 1.51], [127.97588, 1.521], [127.97477, 1.52372], [127.97552, 1.52635], [127.97522, 1.52733], [127.96865, 1.53168], [127.96405, 1.53637], [127.95896, 1.54903], [127.95868, 1.5516], [127.95678, 1.55375], [127.95688, 1.55545], [127.95494, 1.55753], [127.95868, 1.55763], [127.96289, 1.55959], [127.96477, 1.55923], [127.96825, 1.56172], [127.96886, 1.56545], [127.97019, 1.56647], [127.97112, 1.56625], [127.97182, 1.56714], [127.97293, 1.56684], [127.97849, 1.57302], [127.9812, 1.57461], [127.98156, 1.57692], [127.98266, 1.57839], [127.98234, 1.57926], [127.98469, 1.57965], [127.98451, 1.58104], [127.98586, 1.58108], [127.98727, 1.58219], [127.9875, 1.58349], [127.9892, 1.58541], [127.9929, 1.5863], [127.99302, 1.58768], [127.99415, 1.58725], [127.99572, 1.59106], [127.99747, 1.59048], [127.99754, 1.5914], [127.9989, 1.59136], [127.99928, 1.59206], [127.99811, 1.59223], [127.99886, 1.59415], [128.00036, 1.59391], [128.00089, 1.59489], [128.00199, 1.59442], [128.00384, 1.59491], [128.00418, 1.5955], [128.00333, 1.59566], [128.00349, 1.59605], [128.00896, 1.59873], [128.01012, 1.59815], [128.0092, 1.59695], [128.00974, 1.5948], [128.00936, 1.59379], [128.01029, 1.59444], [128.01208, 1.5942], [128.01379, 1.59262], [128.01412, 1.5941], [128.01492, 1.59274], [128.01567, 1.59342], [128.01758, 1.59291], [128.0186, 1.59093], [128.02005, 1.59089], [128.02141, 1.58941], [128.02355, 1.58585], [128.02327, 1.58497], [128.02366, 1.58555], [128.02628, 1.58525], [128.02615, 1.59105], [128.02688, 1.59256], [128.02889, 1.59286], [128.03234, 1.5911], [128.03444, 1.58921], [128.03566, 1.58541], [128.0372, 1.58307], [128.03721, 1.5805], [128.03663, 1.58055], [128.03625, 1.57938], [128.03535, 1.57972], [128.03435, 1.57856], [128.03261, 1.5789], [128.03318, 1.57528], [128.03601, 1.57043], [128.03558, 1.56945], [128.03641, 1.56721], [128.03512, 1.56526], [128.03446, 1.56616], [128.03318, 1.56578], [128.03147, 1.56771], [128.03046, 1.567], [128.02997, 1.56546], [128.03125, 1.56461], [128.03365, 1.56026], [128.03441, 1.55988], [128.03437, 1.55849], [128.0327, 1.55571], [128.03271, 1.5547], [128.03115, 1.5539], [128.03042, 1.55234], [128.02914, 1.55313], [128.02864, 1.55235], [128.02408, 1.55126], [128.02453, 1.54798], [128.02527, 1.54738], [128.02674, 1.5475], [128.02667, 1.54674], [128.02785, 1.5457], [128.02987, 1.54532], [128.03235, 1.5407], [128.03211, 1.539], [128.03505, 1.53251], [128.03519, 1.53044], [128.03411, 1.52707], [128.03108, 1.52296], [128.0309, 1.52017], [128.0287, 1.51516]]], [[[128.06731, 1.56506], [128.06462, 1.5619], [128.0626, 1.5613], [128.05874, 1.55745], [128.0574, 1.55574], [128.05735, 1.55471], [128.05289, 1.55504], [128.05169, 1.55568], [128.05103, 1.55675], [128.05233, 1.56229], [128.04933, 1.56624], [128.04935, 1.56791], [128.04788, 1.57187], [128.04797, 1.57387], [128.04695, 1.5754], [128.04715, 1.57834], [128.048, 1.58033], [128.0499, 1.58172], [128.05101, 1.58155], [128.05677, 1.5728], [128.06429, 1.56831], [128.06635, 1.56678], [128.06731, 1.56506]]], [[[128.04628, 1.55774], [128.04827, 1.55564], [128.04592, 1.55691], [128.04032, 1.55848], [128.03958, 1.55964], [128.04067, 1.56257], [128.04209, 1.56243], [128.04628, 1.55774]]], [[[128.05087, 1.55454], [128.05477, 1.55212], [128.05461, 1.55096], [128.05364, 1.55007], [128.05177, 1.55115], [128.05142, 1.5526], [128.0489, 1.55493], [128.04951, 1.55529], [128.05087, 1.55454]]], [[[128.01934, 1.59946], [128.02096, 1.59519], [128.01965, 1.5937], [128.01869, 1.5943], [128.01755, 1.59792], [128.018, 1.60019], [128.01902, 1.60018], [128.01934, 1.59946]]], [[[128.02498, 1.59083], [128.02475, 1.58877], [128.02304, 1.58835], [128.02132, 1.59157], [128.02224, 1.59269], [128.02335, 1.59284], [128.02498, 1.59083]]]]}}, {"type": "Feature", "properties": {"domain_id": "827105", "name": "PULAU BATANG DUA"}, "geometry": {"type": "MultiPolygon", "coordinates": [[[[126.39323, 1.28067], [126.39237, 1.28205], [126.39275, 1.28385], [126.3905, 1.28892], [126.38834, 1.29149], [126.38606, 1.29291], [126.3853, 1.29558], [126.38267, 1.29865], [126.38341, 1.30057], [126.37989, 1.30465], [126.37755, 1.30606], [126.37641, 1.31218], [126.37142, 1.31513], [126.3691, 1.31743], [126.36478, 1.31976], [126.35805, 1.31917], [126.35682, 1.3227], [126.35832, 1.33145], [126.36077, 1.33659], [126.36484, 1.342], [126.36974, 1.34675], [126.37266, 1.34799], [126.37465, 1.34776], [126.38121, 1.35168], [126.3846, 1.35135], [126.38568, 1.35056], [126.38831, 1.35013], [126.38774, 1.34916], [126.38965, 1.3455], [126.39413, 1.34427], [126.39887, 1.33935], [126.40347, 1.34043], [126.41104, 1.33873], [126.41522, 1.33542], [126.41645, 1.33279], [126.41615, 1.32924], [126.41513, 1.32818], [126.41523, 1.32746], [126.41351, 1.32686], [126.41057, 1.3241], [126.4092, 1.32383], [126.40301, 1.3193], [126.40064, 1.31842], [126.39944, 1.31676], [126.4001, 1.3132], [126.39934, 1.31025], [126.39985, 1.30668], [126.39954, 1.30144], [126.3984, 1.29994], [126.3986, 1.29845], [126.39747, 1.29513], [126.39751, 1.29005], [126.39474, 1.2855], [126.39413, 1.28082], [126.39323, 1.28067]]], [[[126.16201, 0.95939], [126.16192, 0.95826], [126.15882, 0.95673], [126.15334, 0.95658], [126.15084, 0.95725], [126.14536, 0.9617], [126.1423, 0.96253], [126.13898, 0.96675], [126.13851, 0.96897], [126.13645, 0.97223], [126.13159, 0.97325], [126.1273, 0.97676], [126.12721, 0.97846], [126.12841, 0.9814], [126.13667, 0.98204], [126.13798, 0.98302], [126.14062, 0.98188], [126.14182, 0.98045], [126.14546, 0.97949], [126.14797, 0.97801], [126.15023, 0.97795], [126.15229, 0.97688], [126.15428, 0.97723], [126.15596, 0.9747], [126.1535, 0.96916], [126.15173, 0.97191], [126.14923, 0.97196], [126.14807, 0.97319], [126.14617, 0.9737], [126.14465, 0.97317], [126.14569, 0.97056], [126.1487, 0.96647], [126.14824, 0.96545], [126.14627, 0.96457], [126.15005, 0.96255], [126.15062, 0.96169], [126.15194, 0.96275], [126.15007, 0.96367], [126.15039, 0.96475], [126.15434, 0.96393], [126.15617, 0.96423], [126.15889, 0.96203], [126.16148, 0.96161], [126.16201, 0.95939]]], [[[126.15074, 0.9854], [126.15023, 0.98467], [126.14972, 0.98503], [126.1504, 0.98518], [126.1501, 0.98573], [126.14789, 0.98509], [126.14658, 0.98567], [126.14428, 0.98485], [126.14443, 0.98405], [126.1439, 0.98478], [126.14587, 0.98835], [126.1476, 0.98941], [126.15089, 0.98714], [126.15074, 0.9854]]]]}}, {"type": "Feature", "properties": {"domain_id": "827108", "name": "TERNATE BARAT"}, "geometry": {"type": "Polygon", "coordinates": [[[127.3222, 0.80623], [127.31306, 0.80862], [127.30633, 0.80757], [127.2979, 0.80893], [127.29332, 0.8084], [127.29347, 0.81691], [127.29463, 0.82075], [127.29429, 0.82186], [127.29614, 0.82217], [127.29534, 0.82469], [127.29696, 0.82526], [127.29978, 0.83012], [127.30218, 0.84116], [127.30661, 0.84125], [127.30692, 0.84324], [127.31296, 0.84672], [127.31473, 0.85018], [127.31825, 0.85298], [127.31794, 0.85861], [127.31922, 0.8604], [127.31823, 0.86235], [127.31846, 0.86382], [127.31919, 0.86413], [127.32044, 0.86233], [127.32069, 0.86339], [127.32244, 0.86422], [127.32249, 0.86599], [127.32382, 0.86591], [127.32478, 0.86713], [127.32701, 0.86785], [127.32792, 0.8669], [127.3309, 0.86689], [127.33079, 0.86326], [127.33283, 0.86506], [127.33616, 0.86302], [127.33879, 0.86466], [127.33901, 0.86365], [127.33972, 0.86483], [127.34062, 0.86291], [127.34185, 0.8629], [127.34344, 0.86165], [127.34485, 0.85937], [127.34668, 0.85791], [127.35241, 0.8542], [127.35927, 0.85122], [127.36054, 0.8498], [127.36316, 0.84881], [127.36452, 0.84687], [127.36643, 0.84638], [127.36572, 0.84541], [127.36559, 0.84303], [127.36423, 0.84163], [127.36357, 0.83936], [127.35834, 0.83226], [127.35088, 0.8239], [127.33513, 0.80864], [127.33351, 0.80781], [127.33339, 0.80568], [127.33253, 0.80451], [127.3222, 0.80623]]]}}, {"type": "Feature", "properties": {"domain_id": "827107", "name": "PULAU HIRI"}, "geometry": {"type": "Polygon", "coordinates": [[[127.32463, 0.88467], [127.32341, 0.88352], [127.31773, 0.88152], [127.31435, 0.8827], [127.31126, 0.88663], [127.30727, 0.89006], [127.30552, 0.89386], [127.30523, 0.89616], [127.30255, 0.89823], [127.30309, 0.90049], [127.3045, 0.90058], [127.30513, 0.90321], [127.30609, 0.9027], [127.30822, 0.90338], [127.31002, 0.90497], [127.31082, 0.90667], [127.31051, 0.90968], [127.31304, 0.9111], [127.31336, 0.9132], [127.31422, 0.91409], [127.31595, 0.91315], [127.31682, 0.91182], [127.31705, 0.9107], [127.3162, 0.90999], [127.31704, 0.90866], [127.32135, 0.90792], [127.32597, 0.90505], [127.32987, 0.90104], [127.32978, 0.89816], [127.3302, 0.89675], [127.33097, 0.89635], [127.33037, 0.89435], [127.33109, 0.89231], [127.32971, 0.89095], [127.32976, 0.88979], [127.32876, 0.88821], [127.32463, 0.88467]]]}}, {"type": "Feature", "properties": {"domain_id": "827103", "name": "KOTA TERNATE UTARA"}, "geometry": {"type": "Polygon", "coordinates": [[[127.38404, 0.79721], [127.38402, 0.79652], [127.38232, 0.79569], [127.38052, 0.79582], [127.37821, 0.7973], [127.37599, 0.79736], [127.37346, 0.79849], [127.37108, 0.802], [127.37179, 0.81379], [127.37116, 0.81986], [127.36188, 0.8147], [127.35677, 0.81354], [127.35361, 0.81174], [127.35094, 0.81114], [127.33877, 0.8044], [127.33835, 0.80356], [127.33669, 0.80657], [127.33253, 0.80451], [127.33339, 0.80568], [127.33351, 0.80781], [127.33513, 0.80864], [127.35088, 0.8239], [127.35834, 0.83226], [127.36357, 0.83936], [127.36423, 0.84163], [127.36559, 0.84303], [127.36572, 0.84541], [127.36643, 0.84638], [127.36772, 0.84476], [127.37063, 0.84452], [127.37295, 0.84236], [127.37628, 0.84129], [127.37946, 0.83928], [127.38306, 0.83533], [127.3862, 0.83354], [127.38699, 0.83107], [127.38874, 0.82877], [127.38915, 0.82455], [127.39036, 0.82204], [127.38958, 0.82066], [127.39022, 0.81945], [127.39032, 0.81681], [127.38857, 0.81318], [127.38812, 0.80685], [127.38721, 0.80375], [127.3877, 0.80089], [127.38644, 0.80064], [127.38769, 0.80076], [127.38877, 0.79859], [127.3874, 0.79774], [127.38404, 0.79721]]]}}, {"type": "Feature", "properties": {"domain_id": "827104", "name": "MOTI"}, "geometry": {"type": "Polygon", "coordinates": [[[127.4239, 0.43468], [127.42018, 0.43289], [127.41481, 0.43405], [127.41379, 0.43381], [127.41391, 0.43335], [127.40009, 0.43283], [127.39704, 0.43404], [127.39526, 0.43656], [127.39506, 0.43557], [127.39457, 0.43661], [127.39241, 0.43788], [127.39294, 0.43837], [127.39116, 0.44061], [127.39126, 0.4396], [127.39025, 0.43876], [127.38825, 0.43978], [127.38618, 0.44434], [127.38358, 0.44713], [127.38327, 0.44825], [127.3838, 0.44847], [127.38258, 0.45018], [127.38169, 0.45445], [127.38276, 0.46038], [127.386, 0.46698], [127.38616, 0.4692], [127.38528, 0.46899], [127.38623, 0.47148], [127.38869, 0.47211], [127.39304, 0.4754], [127.39408, 0.47708], [127.39677, 0.47677], [127.39867, 0.47858], [127.40184, 0.4793], [127.40494, 0.48098], [127.40753, 0.48042], [127.41513, 0.48038], [127.41861, 0.4792], [127.41933, 0.4775], [127.41889, 0.47726], [127.41918, 0.47601], [127.42069, 0.47405], [127.4251, 0.47234], [127.43158, 0.46432], [127.4328, 0.46501], [127.43199, 0.46397], [127.43352, 0.46328], [127.43547, 0.45919], [127.43443, 0.45766], [127.43456, 0.45667], [127.43589, 0.45597], [127.4355, 0.45481], [127.43638, 0.45576], [127.43705, 0.45538], [127.4374, 0.45371], [127.43918, 0.45231], [127.43988, 0.44882], [127.43856, 0.44686], [127.43384, 0.44666], [127.43285, 0.44596], [127.43333, 0.44303], [127.43093, 0.4421], [127.43142, 0.44106], [127.42872, 0.43949], [127.42878, 0.43795], [127.42782, 0.43661], [127.4239, 0.43468]]]}}, {"type": "Feature", "properties": {"domain_id": "820403", "name": "GANE TIMUR"}, "geometry": {"type": "Polygon", "coordinates": [[[127.92423, -0.07652], [127.9269, -0.07997], [127.93112, -0.08355], [127.93147, -0.08545], [127.93262, -0.08554], [127.937, -0.09704], [127.94628, -0.11205], [127.94648, -0.11289], [127.94572, -0.11282], [127.94691, -0.11365], [127.94712, -0.11873], [127.94729, -0.1183], [127.94827, -0.12274], [127.94919, -0.12308], [127.95073, -0.13178], [127.95324, -0.1401], [127.95772, -0.14998], [127.9647, -0.16293], [127.9644, -0.16406], [127.96517, -0.16463], [127.96656, -0.17223], [127.96805, -0.17552], [127.96749, -0.17577], [127.9684, -0.17617], [127.96859, -0.18923], [127.96906, -0.1896], [127.96959, -0.19796], [127.97111, -0.20039], [127.97117, -0.20773], [127.97234, -0.21676], [127.97722, -0.23214], [127.97754, -0.23727], [127.97675, -0.23805], [127.9774, -0.2386], [127.97779, -0.24919], [127.97993, -0.2511], [127.98075, -0.25484], [127.97058, -0.25655], [127.96951, -0.25877], [127.95801, -0.25944], [127.95673, -0.26069], [127.95402, -0.26166], [127.95297, -0.26298], [127.95009, -0.26391], [127.9488, -0.26949], [127.9414, -0.27054], [127.93605, -0.27371], [127.93373, -0.27813], [127.92497, -0.27905], [127.92107, -0.2818], [127.91708, -0.28343], [127.91555, -0.28546], [127.91413, -0.28614], [127.91189, -0.28605], [127.91008, -0.28824], [127.90851, -0.28857], [127.90765, -0.28962], [127.90719, -0.29659], [127.90423, -0.29744], [127.90332, -0.29856], [127.90276, -0.29623], [127.90155, -0.29516], [127.89459, -0.29094], [127.89096, -0.28612], [127.89048, -0.28451], [127.89032, -0.28089], [127.89384, -0.27336], [127.89476, -0.27], [127.89462, -0.26722], [127.89355, -0.26386], [127.89077, -0.26072], [127.87558, -0.25377], [127.87357, -0.2496], [127.87378, -0.2468], [127.87292, -0.2438], [127.86742, -0.23731], [127.86508, -0.23313], [127.86293, -0.23182], [127.86202, -0.22667], [127.85878, -0.22111], [127.85799, -0.22014], [127.85479, -0.21918], [127.8539, -0.21831], [127.85349, -0.21705], [127.85433, -0.2159], [127.85322, -0.21361], [127.85386, -0.21236], [127.85315, -0.2043], [127.85208, -0.20276], [127.85178, -0.20093], [127.85392, -0.19867], [127.85452, -0.19631], [127.85345, -0.19369], [127.85395, -0.18974], [127.85351, -0.187], [127.84948, -0.18581], [127.84507, -0.18697], [127.84255, -0.1894], [127.84378, -0.17724], [127.84336, -0.17216], [127.84644, -0.17006], [127.84715, -0.16482], [127.84863, -0.16325], [127.84963, -0.1603], [127.85273, -0.15821], [127.85234, -0.15434], [127.85322, -0.1528], [127.85139, -0.15142], [127.84773, -0.15154], [127.84631, -0.15009], [127.8439, -0.15053], [127.83856, -0.14939], [127.83462, -0.1494], [127.83154, -0.15022], [127.82824, -0.14959], [127.82426, -0.15034], [127.82326, -0.1452], [127.82387, -0.14326], [127.79804, -0.12742], [127.78264, -0.11397], [127.78302, -0.10716], [127.78394, -0.10673], [127.78478, -0.10407], [127.78321, -0.10118], [127.7826, -0.09823], [127.78103, -0.09587], [127.78111, -0.08967], [127.77939, -0.0849], [127.77789, -0.07003], [127.77976, -0.06883], [127.78145, -0.06902], [127.78259, -0.06748], [127.78443, -0.06736], [127.78512, -0.06626], [127.79361, -0.06514], [127.79576, -0.06371], [127.80144, -0.06166], [127.79947, -0.04947], [127.80138, -0.0455], [127.80091, -0.04222], [127.79742, -0.03246], [127.79818, -0.02433], [127.79804, -0.02388], [127.79651, -0.02432], [127.79717, 0.01551], [127.79654, 0.02423], [127.79754, 0.03341], [127.79914, 0.13167], [127.79657, 0.13987], [127.78892, 0.15197], [127.79181, 0.14974], [127.79671, 0.14929], [127.79864, 0.14753], [127.80047, 0.15078], [127.8087, 0.15002], [127.81074, 0.14771], [127.8148, 0.14477], [127.81581, 0.14105], [127.81792, 0.13763], [127.81736, 0.13587], [127.82076, 0.13162], [127.82125, 0.12935], [127.824, 0.12536], [127.82678, 0.12662], [127.82801, 0.12524], [127.8306, 0.12493], [127.83232, 0.12234], [127.8344, 0.12098], [127.83542, 0.12405], [127.83502, 0.12786], [127.83549, 0.12887], [127.83658, 0.12945], [127.8381, 0.12829], [127.83957, 0.12826], [127.83982, 0.12948], [127.8442, 0.13438], [127.84761, 0.13404], [127.84972, 0.13596], [127.85151, 0.13628], [127.85297, 0.13481], [127.85336, 0.13169], [127.86956, 0.12497], [127.87161, 0.1315], [127.88308, 0.13647], [127.89483, 0.14908], [127.89534, 0.16481], [127.90889, 0.17617], [127.92154, 0.17673], [127.92118, 0.17521], [127.92208, 0.17316], [127.92152, 0.16807], [127.9223, 0.16763], [127.92132, 0.16593], [127.92227, 0.16491], [127.92208, 0.16325], [127.92281, 0.16128], [127.92169, 0.16035], [127.92305, 0.15939], [127.92336, 0.15401], [127.92433, 0.15403], [127.9244, 0.15255], [127.92309, 0.15205], [127.92278, 0.15038], [127.92328, 0.14746], [127.92446, 0.14565], [127.92371, 0.1446], [127.92464, 0.14378], [127.92498, 0.14105], [127.92408, 0.13697], [127.92472, 0.13639], [127.92467, 0.13484], [127.92369, 0.13427], [127.92472, 0.13276], [127.9245, 0.12597], [127.9257, 0.12149], [127.92538, 0.11873], [127.92622, 0.11768], [127.92524, 0.11697], [127.92549, 0.11574], [127.9249, 0.11483], [127.92545, 0.11408], [127.92387, 0.11074], [127.92481, 0.11002], [127.92415, 0.10897], [127.92541, 0.10824], [127.92872, 0.11001], [127.93007, 0.10953], [127.92918, 0.1072], [127.91721, 0.10664], [127.90996, 0.10434], [127.90386, 0.10534], [127.90239, 0.10343], [127.90205, 0.10413], [127.90163, 0.10232], [127.89581, 0.09663], [127.89039, 0.08899], [127.88804, 0.08381], [127.88747, 0.0839], [127.88687, 0.07805], [127.88779, 0.07437], [127.88979, 0.07189], [127.88979, 0.07157], [127.88903, 0.0719], [127.89037, 0.07102], [127.89073, 0.06879], [127.89263, 0.06852], [127.89493, 0.06651], [127.89355, 0.0629], [127.88972, 0.05851], [127.89029, 0.05707], [127.89164, 0.05698], [127.89217, 0.05459], [127.89346, 0.05335], [127.8939, 0.0499], [127.88969, 0.04313], [127.88777, 0.03559], [127.8874, 0.02713], [127.88693, 0.02676], [127.88761, 0.02653], [127.88858, 0.01989], [127.88774, 0.01287], [127.88837, 0.00721], [127.88796, 0.0067], [127.88848, 0.00685], [127.88897, 0.00476], [127.88977, -0.00432], [127.89169, -0.00892], [127.89367, -0.01767], [127.89519, -0.01939], [127.89917, -0.02187], [127.9023, -0.02527], [127.90322, -0.03045], [127.90684, -0.03894], [127.90895, -0.04937], [127.90881, -0.05132], [127.90942, -0.0511], [127.91083, -0.0565], [127.91398, -0.06219], [127.92423, -0.07652]]]}}, {"type": "Feature", "properties": {"domain_id": "820103", "name": "IBU"}, "geometry": {"type": "Polygon", "coordinates": [[[127.56898, 1.45022], [127.55121, 1.45064], [127.54527, 1.45008], [127.52627, 1.45281], [127.5296, 1.46296], [127.53443, 1.48295], [127.53623, 1.49722], [127.53658, 1.49567], [127.53764, 1.49573], [127.53767, 1.49619], [127.53697, 1.49683], [127.53694, 1.49991], [127.53621, 1.50043], [127.53652, 1.49963], [127.53566, 1.49822], [127.53591, 1.50448], [127.53514, 1.50894], [127.53413, 1.51029], [127.53281, 1.51036], [127.53032, 1.51211], [127.52963, 1.51384], [127.53114, 1.51626], [127.531, 1.5172], [127.53031, 1.51749], [127.53053, 1.51831], [127.52947, 1.51785], [127.53029, 1.51901], [127.52892, 1.51929], [127.53067, 1.52092], [127.52884, 1.52154], [127.53001, 1.52292], [127.52847, 1.52341], [127.52871, 1.52389], [127.52757, 1.52478], [127.52895, 1.52585], [127.52761, 1.52678], [127.52969, 1.52813], [127.526, 1.52912], [127.52671, 1.52919], [127.52749, 1.53114], [127.52592, 1.53192], [127.52623, 1.53306], [127.52471, 1.53525], [127.52568, 1.53655], [127.52551, 1.53961], [127.52645, 1.54087], [127.52546, 1.54194], [127.52641, 1.54287], [127.52679, 1.54464], [127.52609, 1.54596], [127.52744, 1.54782], [127.52811, 1.54791], [127.52827, 1.54928], [127.52922, 1.54927], [127.52919, 1.55122], [127.52716, 1.55293], [127.52267, 1.55078], [127.52005, 1.55056], [127.51917, 1.55301], [127.51978, 1.55478], [127.51577, 1.55569], [127.51303, 1.55553], [127.51106, 1.55468], [127.51065, 1.55698], [127.52388, 1.55829], [127.52801, 1.5573], [127.53027, 1.55839], [127.5361, 1.55906], [127.53792, 1.56004], [127.5392, 1.55936], [127.5433, 1.5598], [127.5477, 1.54196], [127.54813, 1.5366], [127.54717, 1.53245], [127.54937, 1.52712], [127.55415, 1.52354], [127.55567, 1.52117], [127.55925, 1.51855], [127.56215, 1.51823], [127.56709, 1.51898], [127.5966, 1.51967], [127.61103, 1.51596], [127.61248, 1.51668], [127.61287, 1.51564], [127.61671, 1.51468], [127.62697, 1.507], [127.62895, 1.50469], [127.63172, 1.49963], [127.63529, 1.50157], [127.63651, 1.50148], [127.63968, 1.49752], [127.64095, 1.49374], [127.64781, 1.49461], [127.6502, 1.49418], [127.6557, 1.49124], [127.66397, 1.48498], [127.66553, 1.48433], [127.6695, 1.48433], [127.67558, 1.48058], [127.68238, 1.47831], [127.6806, 1.47621], [127.68051, 1.47376], [127.6795, 1.47156], [127.68047, 1.46886], [127.68024, 1.46797], [127.67567, 1.46589], [127.67371, 1.46372], [127.67078, 1.46253], [127.67053, 1.46171], [127.67111, 1.45744], [127.67313, 1.45666], [127.67472, 1.45358], [127.67483, 1.44892], [127.67992, 1.44505], [127.67543, 1.4474], [127.66991, 1.44686], [127.66823, 1.44797], [127.6438, 1.45397], [127.62656, 1.45665], [127.62597, 1.45244], [127.62473, 1.44997], [127.61942, 1.44626], [127.61758, 1.44582], [127.58873, 1.44688], [127.56898, 1.45022]]]}}, {"type": "Feature", "properties": {"domain_id": "827202", "name": "OBA UTARA"}, "geometry": {"type": "MultiPolygon", "coordinates": [[[[127.55143, 0.69639], [127.54789, 0.7041], [127.54859, 0.70757], [127.54842, 0.71369], [127.55015, 0.71846], [127.55013, 0.7208], [127.54755, 0.72825], [127.54869, 0.73126], [127.55259, 0.73527], [127.55355, 0.73545], [127.55838, 0.74116], [127.5607, 0.74105], [127.56295, 0.74436], [127.56854, 0.74761], [127.57499, 0.75388], [127.57744, 0.75403], [127.57832, 0.75323], [127.582, 0.75408], [127.58516, 0.75577], [127.58896, 0.75555], [127.59281, 0.75688], [127.59495, 0.75823], [127.59592, 0.75994], [127.5974, 0.76003], [127.59783, 0.75974], [127.59695, 0.75977], [127.59724, 0.75904], [127.59829, 0.75804], [127.60069, 0.75915], [127.60159, 0.75885], [127.6009, 0.75786], [127.59785, 0.75681], [127.59668, 0.75487], [127.59667, 0.75275], [127.5961, 0.75197], [127.59656, 0.75078], [127.5978, 0.7496], [127.59938, 0.74975], [127.60028, 0.75105], [127.59939, 0.75268], [127.59922, 0.75503], [127.60033, 0.7567], [127.60182, 0.75698], [127.60222, 0.75766], [127.60223, 0.76053], [127.60343, 0.76165], [127.60438, 0.76389], [127.60353, 0.76526], [127.60539, 0.76511], [127.60571, 0.76563], [127.60441, 0.76781], [127.60288, 0.76837], [127.60243, 0.76961], [127.60311, 0.77057], [127.60234, 0.77169], [127.60059, 0.77018], [127.59929, 0.77156], [127.59915, 0.77308], [127.60278, 0.77768], [127.60299, 0.77899], [127.60881, 0.78029], [127.61055, 0.77973], [127.61267, 0.78082], [127.61331, 0.78185], [127.61557, 0.78243], [127.61752, 0.7883], [127.61817, 0.78922], [127.61913, 0.78904], [127.61873, 0.78762], [127.6198, 0.78765], [127.61961, 0.78636], [127.62054, 0.78625], [127.62072, 0.78531], [127.62324, 0.78678], [127.62377, 0.78591], [127.62337, 0.78379], [127.62547, 0.78278], [127.62318, 0.78144], [127.62394, 0.77794], [127.62847, 0.77705], [127.63235, 0.77282], [127.63577, 0.77045], [127.64225, 0.76916], [127.64706, 0.76901], [127.64803, 0.76949], [127.64828, 0.77362], [127.65141, 0.77405], [127.65155, 0.77589], [127.6542, 0.77464], [127.65542, 0.77306], [127.65723, 0.77245], [127.65802, 0.77552], [127.66161, 0.77564], [127.6629, 0.77456], [127.66244, 0.77293], [127.66298, 0.77113], [127.66542, 0.77125], [127.66623, 0.77059], [127.66652, 0.76693], [127.66969, 0.76841], [127.67252, 0.77091], [127.67416, 0.7662], [127.67536, 0.76475], [127.67754, 0.7637], [127.67862, 0.76078], [127.68161, 0.75824], [127.68571, 0.75853], [127.68844, 0.75802], [127.69226, 0.75552], [127.69351, 0.7564], [127.69559, 0.75584], [127.69622, 0.75673], [127.69879, 0.7551], [127.69928, 0.75609], [127.7005, 0.75549], [127.7012, 0.75822], [127.70063, 0.75861], [127.70052, 0.76034], [127.70208, 0.76117], [127.70271, 0.76253], [127.70483, 0.76257], [127.7068, 0.76125], [127.71126, 0.76178], [127.71376, 0.76022], [127.71415, 0.76167], [127.71537, 0.76252], [127.71547, 0.7641], [127.71644, 0.76464], [127.71757, 0.76423], [127.71863, 0.76277], [127.71856, 0.76155], [127.71963, 0.76153], [127.72091, 0.76053], [127.72215, 0.76173], [127.72289, 0.75972], [127.72531, 0.76025], [127.72742, 0.75751], [127.73133, 0.75957], [127.73357, 0.75881], [127.73729, 0.75568], [127.73996, 0.75673], [127.74558, 0.75652], [127.75, 0.75772], [127.75176, 0.75724], [127.75361, 0.7542], [127.75713, 0.7518], [127.75788, 0.75061], [127.75858, 0.74724], [127.75692, 0.74447], [127.75731, 0.7425], [127.76032, 0.74016], [127.76062, 0.73823], [127.76254, 0.73507], [127.76569, 0.73379], [127.76699, 0.73187], [127.76698, 0.7254], [127.76596, 0.72159], [127.76728, 0.71946], [127.76669, 0.71569], [127.7669, 0.71095], [127.76802, 0.70713], [127.77726, 0.69688], [127.78058, 0.694], [127.78274, 0.69312], [127.78292, 0.69126], [127.78192, 0.68953], [127.78091, 0.68424], [127.78217, 0.67747], [127.78215, 0.67228], [127.78536, 0.66565], [127.7874, 0.66451], [127.78861, 0.66242], [127.78791, 0.65609], [127.79013, 0.65167], [127.79042, 0.64965], [127.7925, 0.64686], [127.79213, 0.64316], [127.78625, 0.64274], [127.78615, 0.64068], [127.78024, 0.63999], [127.77712, 0.63449], [127.77608, 0.62958], [127.77295, 0.62185], [127.77015, 0.61991], [127.76871, 0.61977], [127.76675, 0.62037], [127.76497, 0.62269], [127.76313, 0.62789], [127.76273, 0.63218], [127.76079, 0.63612], [127.7556, 0.63749], [127.75434, 0.63662], [127.75199, 0.633], [127.75, 0.63189], [127.74779, 0.63196], [127.74448, 0.63444], [127.74255, 0.63394], [127.74196, 0.63705], [127.74303, 0.63894], [127.74255, 0.6405], [127.74101, 0.64122], [127.7408, 0.64831], [127.73898, 0.65273], [127.73529, 0.65501], [127.7304, 0.65586], [127.72673, 0.65542], [127.72504, 0.65354], [127.72603, 0.64659], [127.72411, 0.64202], [127.7221, 0.63976], [127.71825, 0.63774], [127.71639, 0.6356], [127.70996, 0.63375], [127.70803, 0.63437], [127.70573, 0.63656], [127.70151, 0.63777], [127.69833, 0.64069], [127.69525, 0.64058], [127.68935, 0.64624], [127.68129, 0.65028], [127.67874, 0.65339], [127.6768, 0.65885], [127.673, 0.66205], [127.6707, 0.66288], [127.66488, 0.66013], [127.65872, 0.65944], [127.6531, 0.657], [127.65092, 0.65482], [127.64845, 0.65036], [127.64477, 0.64776], [127.64157, 0.64794], [127.63974, 0.64932], [127.63778, 0.64951], [127.6371, 0.64582], [127.63419, 0.64437], [127.63043, 0.64446], [127.62723, 0.641], [127.62313, 0.64211], [127.61977, 0.64493], [127.61581, 0.64286], [127.61117, 0.64357], [127.60938, 0.64461], [127.60739, 0.6436], [127.60621, 0.6437], [127.60247, 0.64598], [127.60056, 0.64544], [127.59928, 0.6441], [127.59476, 0.64542], [127.59031, 0.64372], [127.58578, 0.64427], [127.58422, 0.64361], [127.58086, 0.64519], [127.58042, 0.64689], [127.57871, 0.64668], [127.57716, 0.64752], [127.57417, 0.64715], [127.573, 0.64642], [127.57189, 0.64695], [127.57156, 0.6449], [127.56799, 0.64573], [127.568, 0.64466], [127.56743, 0.64431], [127.56556, 0.64517], [127.56466, 0.64649], [127.56317, 0.64548], [127.56268, 0.64864], [127.56105, 0.64778], [127.55862, 0.64891], [127.55758, 0.65274], [127.55644, 0.65288], [127.55532, 0.65433], [127.55594, 0.65547], [127.55529, 0.65645], [127.55329, 0.65591], [127.55219, 0.65641], [127.5514, 0.65446], [127.54872, 0.65442], [127.54822, 0.65368], [127.5487, 0.65269], [127.54706, 0.64998], [127.54518, 0.65017], [127.54463, 0.65434], [127.54211, 0.65177], [127.54068, 0.65247], [127.54123, 0.65344], [127.54038, 0.65382], [127.54027, 0.6553], [127.54322, 0.65814], [127.54539, 0.6616], [127.54513, 0.66442], [127.54621, 0.66681], [127.54667, 0.67044], [127.54843, 0.6743], [127.54861, 0.67697], [127.55108, 0.68242], [127.55073, 0.68756], [127.55201, 0.69394], [127.55143, 0.69639]]], [[[127.59508, 0.77181], [127.59436, 0.77289], [127.59563, 0.77438], [127.59683, 0.77437], [127.59702, 0.77361], [127.59642, 0.77331], [127.59683, 0.77101], [127.59603, 0.7708], [127.59508, 0.77181]]]]}}, {"type": "Feature", "properties": {"domain_id": "820308", "name": "MALIFUT"}, "geometry": {"type": "Polygon", "coordinates": [[[127.73599, 1.06179], [127.73399, 1.06237], [127.73308, 1.06125], [127.73368, 1.06083], [127.73344, 1.05989], [127.72982, 1.05789], [127.72429, 1.06233], [127.72263, 1.06492], [127.71707, 1.06336], [127.71528, 1.06363], [127.71628, 1.06738], [127.71303, 1.07003], [127.70543, 1.07009], [127.70493, 1.07117], [127.70683, 1.07233], [127.70665, 1.07322], [127.70512, 1.07434], [127.70177, 1.07471], [127.70041, 1.07791], [127.70237, 1.08307], [127.70335, 1.0836], [127.70314, 1.08541], [127.70449, 1.08557], [127.70303, 1.0894], [127.70052, 1.09043], [127.69971, 1.09161], [127.70021, 1.09256], [127.69887, 1.0929], [127.69819, 1.09238], [127.69551, 1.09584], [127.69188, 1.09724], [127.69148, 1.09811], [127.68808, 1.10012], [127.68184, 1.09999], [127.6761, 1.10212], [127.67294, 1.10822], [127.6717, 1.10885], [127.66707, 1.10776], [127.66307, 1.10379], [127.66114, 1.10359], [127.65798, 1.10609], [127.65859, 1.10715], [127.65565, 1.10879], [127.65372, 1.10831], [127.65229, 1.10884], [127.65082, 1.10785], [127.64909, 1.10819], [127.64902, 1.10667], [127.64718, 1.10768], [127.64678, 1.10955], [127.64406, 1.10934], [127.64118, 1.10768], [127.63987, 1.10835], [127.63913, 1.10715], [127.63654, 1.10622], [127.63314, 1.10566], [127.63203, 1.10625], [127.62946, 1.10546], [127.62809, 1.10269], [127.62573, 1.10243], [127.62468, 1.10146], [127.62468, 1.0996], [127.6221, 1.09907], [127.6208, 1.09716], [127.61994, 1.09673], [127.61939, 1.09713], [127.61792, 1.09576], [127.61693, 1.09622], [127.61606, 1.09504], [127.61082, 1.09629], [127.60521, 1.10207], [127.60385, 1.1084], [127.6043, 1.10894], [127.60868, 1.10881], [127.60961, 1.10929], [127.61138, 1.11249], [127.61317, 1.11393], [127.61384, 1.1171], [127.62531, 1.11626], [127.62522, 1.12229], [127.6259, 1.12552], [127.62325, 1.13145], [127.62231, 1.13695], [127.61994, 1.14036], [127.62206, 1.14212], [127.62287, 1.14645], [127.62682, 1.15178], [127.62743, 1.15862], [127.62815, 1.16035], [127.63159, 1.16306], [127.63376, 1.16701], [127.63587, 1.16778], [127.63977, 1.16803], [127.6443, 1.17157], [127.64365, 1.17365], [127.64418, 1.17591], [127.6437, 1.1771], [127.64008, 1.17852], [127.63771, 1.18255], [127.63815, 1.19179], [127.63988, 1.19335], [127.63988, 1.19419], [127.63963, 1.19659], [127.63832, 1.19875], [127.63933, 1.20153], [127.63616, 1.20804], [127.63587, 1.21209], [127.63711, 1.21451], [127.64395, 1.21051], [127.6461, 1.20621], [127.64901, 1.20329], [127.65011, 1.20357], [127.65147, 1.2025], [127.6536, 1.20363], [127.65544, 1.20315], [127.65585, 1.20569], [127.65844, 1.20635], [127.65863, 1.20772], [127.6612, 1.20915], [127.66285, 1.20935], [127.66608, 1.20761], [127.668, 1.20759], [127.66804, 1.20813], [127.66982, 1.20901], [127.66983, 1.21062], [127.67432, 1.21709], [127.67672, 1.21732], [127.67891, 1.22017], [127.68132, 1.22194], [127.68267, 1.22149], [127.68272, 1.21917], [127.68568, 1.21982], [127.6885, 1.21762], [127.69205, 1.21929], [127.69343, 1.22262], [127.697, 1.22294], [127.69863, 1.22202], [127.70188, 1.22164], [127.70521, 1.22288], [127.70623, 1.22235], [127.70612, 1.22108], [127.70705, 1.22005], [127.70875, 1.2193], [127.71035, 1.2208], [127.71502, 1.21811], [127.71515, 1.21624], [127.71724, 1.21431], [127.724, 1.21492], [127.72505, 1.2176], [127.72679, 1.2167], [127.72951, 1.21747], [127.73079, 1.21707], [127.73296, 1.2179], [127.73422, 1.21664], [127.73668, 1.21791], [127.73763, 1.21733], [127.73779, 1.21603], [127.73933, 1.21692], [127.74149, 1.21608], [127.74553, 1.21684], [127.74678, 1.21773], [127.7476, 1.22048], [127.75188, 1.21895], [127.75219, 1.22029], [127.75395, 1.22102], [127.75328, 1.22198], [127.75484, 1.2236], [127.75568, 1.22249], [127.75704, 1.22302], [127.75866, 1.22277], [127.75964, 1.22058], [127.7613, 1.22134], [127.76145, 1.22008], [127.763, 1.21929], [127.76555, 1.221], [127.76974, 1.21946], [127.77261, 1.21952], [127.77484, 1.22042], [127.77776, 1.21872], [127.7812, 1.21556], [127.78526, 1.21562], [127.78476, 1.21376], [127.78821, 1.21436], [127.79288, 1.21654], [127.79377, 1.21852], [127.79531, 1.21843], [127.79763, 1.22084], [127.80023, 1.22122], [127.80217, 1.223], [127.80329, 1.22573], [127.80339, 1.22781], [127.8058, 1.2283], [127.80492, 1.22989], [127.80338, 1.2293], [127.80294, 1.23111], [127.80226, 1.23011], [127.80149, 1.23019], [127.80193, 1.23144], [127.80148, 1.23296], [127.80359, 1.23366], [127.80191, 1.23427], [127.80119, 1.23586], [127.80165, 1.23687], [127.80307, 1.23643], [127.80116, 1.23831], [127.80187, 1.23904], [127.8021, 1.24179], [127.79923, 1.24452], [127.8004, 1.24788], [127.80178, 1.24781], [127.80154, 1.24877], [127.8024, 1.24954], [127.80392, 1.249], [127.80529, 1.25041], [127.8041, 1.25349], [127.80569, 1.25349], [127.80563, 1.25467], [127.80504, 1.25503], [127.80363, 1.25453], [127.80239, 1.25576], [127.80275, 1.25724], [127.80408, 1.2573], [127.80514, 1.26013], [127.80737, 1.26063], [127.8107, 1.26249], [127.81364, 1.26159], [127.81491, 1.26378], [127.81648, 1.26491], [127.81796, 1.26377], [127.82011, 1.26384], [127.82369, 1.26669], [127.82631, 1.26778], [127.82642, 1.26904], [127.82716, 1.26942], [127.83396, 1.27015], [127.83599, 1.26954], [127.83779, 1.26992], [127.83949, 1.26866], [127.83966, 1.26628], [127.84021, 1.26734], [127.84297, 1.26682], [127.84688, 1.26854], [127.84784, 1.26692], [127.84418, 1.26114], [127.84445, 1.25933], [127.84807, 1.25709], [127.84795, 1.25928], [127.84955, 1.25897], [127.84993, 1.25945], [127.85326, 1.2572], [127.85372, 1.25623], [127.85352, 1.25503], [127.85167, 1.25414], [127.85046, 1.24925], [127.8508, 1.24275], [127.85289, 1.24091], [127.85065, 1.23718], [127.84915, 1.2275], [127.84772, 1.2272], [127.84806, 1.22429], [127.84951, 1.22251], [127.85114, 1.22195], [127.8525, 1.21641], [127.85428, 1.21289], [127.85457, 1.21027], [127.85356, 1.20697], [127.85379, 1.20522], [127.85587, 1.20345], [127.85948, 1.20211], [127.86175, 1.19924], [127.8644, 1.19774], [127.8629, 1.19421], [127.86302, 1.19307], [127.86453, 1.192], [127.8644, 1.19119], [127.86121, 1.18718], [127.86173, 1.18566], [127.86277, 1.1868], [127.86324, 1.185], [127.86155, 1.18362], [127.86122, 1.18202], [127.87143, 1.17874], [127.87271, 1.17721], [127.87287, 1.17512], [127.87651, 1.17308], [127.87352, 1.16534], [127.87531, 1.16433], [127.87887, 1.16414], [127.87754, 1.16242], [127.8743, 1.16012], [127.87377, 1.159], [127.87386, 1.1573], [127.87651, 1.15506], [127.87639, 1.15399], [127.87441, 1.15239], [127.87502, 1.15036], [127.87335, 1.14994], [127.87208, 1.15064], [127.8718, 1.14998], [127.86839, 1.15137], [127.86762, 1.15036], [127.86722, 1.15109], [127.86733, 1.15029], [127.86658, 1.15229], [127.86394, 1.15234], [127.86302, 1.1519], [127.86334, 1.15085], [127.86279, 1.15022], [127.8615, 1.15327], [127.85927, 1.15174], [127.85831, 1.15212], [127.85749, 1.15155], [127.85713, 1.15257], [127.85587, 1.15296], [127.85571, 1.15388], [127.85378, 1.15489], [127.85325, 1.1538], [127.85283, 1.15419], [127.8518, 1.1534], [127.84986, 1.15341], [127.84735, 1.14989], [127.84519, 1.14832], [127.84004, 1.1488], [127.83847, 1.14831], [127.83004, 1.14875], [127.82626, 1.14824], [127.82315, 1.14511], [127.82385, 1.14247], [127.82211, 1.1405], [127.81982, 1.13948], [127.81712, 1.1357], [127.81553, 1.13478], [127.81445, 1.13156], [127.81481, 1.12988], [127.81196, 1.12841], [127.81055, 1.12528], [127.81114, 1.12436], [127.80932, 1.12394], [127.80811, 1.12273], [127.80721, 1.11755], [127.80469, 1.11568], [127.80454, 1.11038], [127.8026, 1.10699], [127.8017, 1.10691], [127.80045, 1.10563], [127.79855, 1.10697], [127.79731, 1.10911], [127.79595, 1.1073], [127.7927, 1.10891], [127.79238, 1.10727], [127.7902, 1.10708], [127.78989, 1.10543], [127.79065, 1.10471], [127.78777, 1.09926], [127.78558, 1.09883], [127.78374, 1.1], [127.784, 1.09739], [127.78089, 1.09591], [127.78133, 1.09486], [127.77889, 1.09296], [127.77799, 1.0912], [127.77673, 1.09104], [127.7751, 1.0898], [127.77479, 1.08801], [127.77402, 1.08773], [127.77375, 1.08677], [127.77261, 1.0874], [127.77108, 1.08715], [127.76861, 1.08537], [127.76699, 1.08271], [127.76545, 1.08177], [127.76543, 1.0808], [127.76253, 1.07799], [127.76091, 1.07467], [127.76075, 1.07268], [127.75841, 1.06895], [127.75733, 1.06909], [127.7562, 1.06782], [127.74826, 1.06357], [127.74545, 1.06297], [127.74416, 1.06416], [127.74292, 1.06235], [127.73911, 1.06152], [127.73599, 1.06179]]]}}, {"type": "Feature", "properties": {"domain_id": "820305", "name": "TOBELO"}, "geometry": {"type": "MultiPolygon", "coordinates": [[[[128.01538, 1.72398], [128.01569, 1.72229], [128.0148, 1.72255], [128.01502, 1.72132], [128.01583, 1.72117], [128.0161, 1.71892], [128.01752, 1.71906], [128.01614, 1.7188], [128.01625, 1.71784], [128.01768, 1.7181], [128.01772, 1.71791], [128.01542, 1.71741], [128.01513, 1.7181], [128.01519, 1.71701], [128.01618, 1.71663], [128.01644, 1.71492], [128.01354, 1.71386], [128.00986, 1.711], [128.00381, 1.71126], [128.00108, 1.70982], [127.99853, 1.71003], [127.99714, 1.70958], [127.99593, 1.70755], [127.99304, 1.70655], [127.9909, 1.70768], [127.98842, 1.70703], [127.988, 1.70917], [127.98615, 1.70914], [127.98557, 1.70786], [127.98385, 1.70781], [127.98406, 1.71053], [127.98334, 1.71044], [127.98324, 1.70946], [127.98204, 1.70955], [127.98101, 1.7088], [127.98054, 1.70916], [127.9808, 1.71078], [127.97908, 1.71083], [127.97829, 1.709], [127.97628, 1.70903], [127.97319, 1.7072], [127.9708, 1.70715], [127.96749, 1.70401], [127.95344, 1.69563], [127.93562, 1.68782], [127.92986, 1.6875], [127.92853, 1.68683], [127.92643, 1.68388], [127.92605, 1.68179], [127.91844, 1.68331], [127.91701, 1.6816], [127.9152, 1.68141], [127.91406, 1.68055], [127.91311, 1.67789], [127.91035, 1.67874], [127.90454, 1.6737], [127.8955, 1.67446], [127.89169, 1.66827], [127.88823, 1.66801], [127.88437, 1.66575], [127.88266, 1.66616], [127.88085, 1.66827], [127.87799, 1.66917], [127.87407, 1.66616], [127.86864, 1.66314], [127.86683, 1.66148], [127.86442, 1.65771], [127.85718, 1.65515], [127.85643, 1.6544], [127.84133, 1.64906], [127.81169, 1.6419], [127.80436, 1.64253], [127.78862, 1.64096], [127.77835, 1.6417], [127.76905, 1.64021], [127.76162, 1.64169], [127.74521, 1.64146], [127.73786, 1.64233], [127.72598, 1.64543], [127.7187, 1.64926], [127.71953, 1.65322], [127.71917, 1.6562], [127.71754, 1.65841], [127.71443, 1.65981], [127.71311, 1.66165], [127.71332, 1.6673], [127.71263, 1.6704], [127.71356, 1.6732], [127.71272, 1.67743], [127.71377, 1.68155], [127.73478, 1.67972], [127.76483, 1.68099], [127.77984, 1.67639], [127.80676, 1.67854], [127.82147, 1.67338], [127.83546, 1.67267], [127.85555, 1.67589], [127.88609, 1.68824], [127.90329, 1.70326], [127.91334, 1.7058], [127.91797, 1.70626], [127.92013, 1.70744], [127.92424, 1.71214], [127.92947, 1.71443], [127.93166, 1.71728], [127.93537, 1.71985], [127.93775, 1.72461], [127.94518, 1.73051], [127.94708, 1.73251], [127.94913, 1.7362], [127.95857, 1.74412], [127.96467, 1.74534], [127.97422, 1.74487], [127.98458, 1.74934], [127.99412, 1.75742], [127.99638, 1.75221], [128.00432, 1.74251], [128.01185, 1.73733], [128.01186, 1.73541], [128.00967, 1.73564], [128.00912, 1.73357], [128.00979, 1.73333], [128.01005, 1.73195], [128.01072, 1.73207], [128.0103, 1.7317], [128.01109, 1.73177], [128.01091, 1.72954], [128.01267, 1.72676], [128.01222, 1.72622], [128.01379, 1.72491], [128.01333, 1.72436], [128.01447, 1.72403], [128.01518, 1.72473], [128.01538, 1.72398]]], [[[128.07287, 1.74045], [128.07156, 1.73276], [128.07412, 1.72395], [128.07476, 1.71745], [128.06991, 1.71468], [128.06836, 1.71536], [128.06705, 1.71727], [128.06632, 1.72502], [128.06745, 1.72649], [128.06737, 1.72788], [128.06665, 1.7286], [128.06638, 1.72729], [128.06543, 1.72679], [128.06398, 1.73146], [128.06228, 1.73451], [128.06423, 1.7416], [128.06923, 1.74274], [128.06982, 1.74422], [128.07078, 1.74448], [128.07255, 1.74276], [128.07287, 1.74045]]], [[[128.03986, 1.75434], [128.04962, 1.75275], [128.05224, 1.74686], [128.05582, 1.74292], [128.05604, 1.74191], [128.05157, 1.74041], [128.05069, 1.74249], [128.05017, 1.74212], [128.04945, 1.74268], [128.0493, 1.74214], [128.04921, 1.74288], [128.04858, 1.74187], [128.04812, 1.74292], [128.04884, 1.74356], [128.04763, 1.74389], [128.04818, 1.74471], [128.04716, 1.74413], [128.04788, 1.74653], [128.04617, 1.74455], [128.04577, 1.74578], [128.04678, 1.74687], [128.04577, 1.74674], [128.04519, 1.74738], [128.04455, 1.74644], [128.04478, 1.74785], [128.04423, 1.74737], [128.04396, 1.74824], [128.04092, 1.74906], [128.03869, 1.74749], [128.03861, 1.74634], [128.03976, 1.74546], [128.04289, 1.74595], [128.04328, 1.74544], [128.04245, 1.7439], [128.03957, 1.74288], [128.03606, 1.74373], [128.03583, 1.74501], [128.03832, 1.74876], [128.03837, 1.75425], [128.03986, 1.75434]]], [[[128.02692, 1.73233], [128.02834, 1.7316], [128.02935, 1.72998], [128.02769, 1.72646], [128.02553, 1.72569], [128.0214, 1.72664], [128.02095, 1.72744], [128.02147, 1.72853], [128.02346, 1.72952], [128.0225, 1.72961], [128.02352, 1.72968], [128.0236, 1.73024], [128.02213, 1.72975], [128.01979, 1.72995], [128.01961, 1.73046], [128.02196, 1.73186], [128.02256, 1.7333], [128.02692, 1.73233]]], [[[128.0519, 1.73519], [128.0523, 1.73448], [128.05157, 1.73445], [128.05105, 1.73296], [128.05214, 1.73223], [128.05219, 1.73091], [128.0533, 1.73065], [128.05267, 1.73039], [128.05368, 1.72944], [128.05299, 1.72867], [128.05407, 1.72813], [128.05325, 1.72659], [128.05421, 1.72668], [128.05461, 1.72587], [128.05422, 1.72455], [128.05355, 1.72427], [128.05301, 1.7247], [128.05326, 1.72543], [128.05243, 1.72504], [128.05253, 1.72673], [128.05162, 1.7274], [128.05174, 1.72813], [128.04975, 1.7294], [128.04827, 1.73297], [128.04849, 1.73513], [128.04998, 1.73502], [128.05112, 1.73571], [128.0519, 1.73519]]], [[[128.0263, 1.7534], [128.02622, 1.75213], [128.02501, 1.75234], [128.0228, 1.75457], [128.0236, 1.75925], [128.02526, 1.76101], [128.02605, 1.76028], [128.0263, 1.7534]]]]}}, {"type": "Feature", "properties": {"domain_id": "820413", "name": "KAYOA UTARA"}, "geometry": {"type": "MultiPolygon", "coordinates": [[[[127.46787, 0.03702], [127.46972, 0.03489], [127.46955, 0.03428], [127.46874, 0.03503], [127.4684, 0.03433], [127.46837, 0.03309], [127.46894, 0.03361], [127.46925, 0.03303], [127.46626, 0.03093], [127.46307, 0.02746], [127.46112, 0.02723], [127.46136, 0.0264], [127.4607, 0.02648], [127.46034, 0.02562], [127.46091, 0.0253], [127.46064, 0.02453], [127.45928, 0.02356], [127.46016, 0.02293], [127.45968, 0.02147], [127.46044, 0.01843], [127.45891, 0.01479], [127.45886, 0.01086], [127.45732, 0.00912], [127.45724, 0.00738], [127.45764, 0.00617], [127.45854, 0.00578], [127.45846, 0.00368], [127.45977, 0.00118], [127.46251, 0.00134], [127.46541, -0.00206], [127.46503, -0.00487], [127.46552, -0.00732], [127.46417, -0.00811], [127.46344, -0.01154], [127.46455, -0.01505], [127.46457, -0.01849], [127.46343, -0.01857], [127.4616, -0.01768], [127.46099, -0.01644], [127.45008, -0.01121], [127.44887, -0.00998], [127.44811, -0.00777], [127.44612, -0.00602], [127.44644, 0.00038], [127.44542, 0.00593], [127.44897, 0.01144], [127.45156, 0.0169], [127.45298, 0.01787], [127.44736, 0.02004], [127.44393, 0.02282], [127.44557, 0.02739], [127.44885, 0.02989], [127.45321, 0.03203], [127.4526, 0.03328], [127.45311, 0.03721], [127.44997, 0.04441], [127.44157, 0.04613], [127.4389, 0.0546], [127.43763, 0.05618], [127.43898, 0.06035], [127.43644, 0.06102], [127.43718, 0.06224], [127.43711, 0.0665], [127.43552, 0.07404], [127.43416, 0.07416], [127.43338, 0.07792], [127.43396, 0.07916], [127.43347, 0.08194], [127.42933, 0.0836], [127.42379, 0.08096], [127.42186, 0.07871], [127.4133, 0.07776], [127.4135, 0.08057], [127.41483, 0.08345], [127.41414, 0.08818], [127.4151, 0.08961], [127.41516, 0.09595], [127.41688, 0.09959], [127.41784, 0.10007], [127.41799, 0.10136], [127.41885, 0.10065], [127.41929, 0.10132], [127.41879, 0.10179], [127.4206, 0.1043], [127.42175, 0.10438], [127.42254, 0.10551], [127.42382, 0.11047], [127.4247, 0.11176], [127.42454, 0.11588], [127.42398, 0.11696], [127.4245, 0.11958], [127.4252, 0.11999], [127.42464, 0.12045], [127.42484, 0.12123], [127.42545, 0.12141], [127.42418, 0.12363], [127.42341, 0.12716], [127.42348, 0.13111], [127.42554, 0.13365], [127.42537, 0.13872], [127.42588, 0.13936], [127.42678, 0.13941], [127.42865, 0.138], [127.42915, 0.13496], [127.43106, 0.13381], [127.43258, 0.13531], [127.43111, 0.13378], [127.43154, 0.13296], [127.43638, 0.13068], [127.4377, 0.1311], [127.43827, 0.1304], [127.4408, 0.13057], [127.44548, 0.13214], [127.44985, 0.13195], [127.45664, 0.13348], [127.45909, 0.13154], [127.45798, 0.13004], [127.44811, 0.12309], [127.44751, 0.12225], [127.44841, 0.12172], [127.44805, 0.12126], [127.44704, 0.12199], [127.44543, 0.12095], [127.446, 0.11986], [127.44525, 0.1199], [127.44322, 0.11795], [127.44117, 0.11403], [127.44125, 0.10905], [127.44003, 0.10336], [127.44068, 0.10312], [127.44136, 0.10045], [127.44309, 0.09783], [127.44332, 0.09493], [127.44233, 0.09362], [127.44312, 0.09268], [127.44322, 0.09101], [127.4426, 0.08955], [127.44316, 0.08955], [127.44358, 0.08602], [127.44602, 0.0803], [127.44603, 0.07834], [127.44537, 0.07813], [127.4463, 0.07749], [127.4458, 0.07651], [127.44854, 0.07273], [127.44826, 0.07016], [127.44739, 0.06913], [127.44824, 0.06913], [127.4498, 0.07072], [127.45293, 0.0691], [127.45746, 0.07111], [127.45975, 0.07359], [127.46118, 0.07406], [127.4651, 0.07413], [127.46645, 0.07283], [127.46647, 0.07129], [127.46513, 0.06779], [127.46468, 0.06253], [127.46391, 0.06221], [127.4647, 0.06212], [127.46481, 0.0611], [127.46413, 0.05761], [127.46323, 0.05657], [127.46239, 0.057], [127.45998, 0.05665], [127.46011, 0.05547], [127.4594, 0.05595], [127.45867, 0.05437], [127.45727, 0.05381], [127.45757, 0.0531], [127.4585, 0.05373], [127.45871, 0.05224], [127.46082, 0.05076], [127.45956, 0.04736], [127.46014, 0.04613], [127.46243, 0.04517], [127.4637, 0.04106], [127.46577, 0.03848], [127.46787, 0.03702]]], [[[127.43264, 0.15139], [127.43382, 0.15056], [127.43337, 0.14616], [127.43265, 0.14522], [127.43173, 0.14538], [127.4301, 0.14417], [127.42861, 0.14532], [127.42783, 0.14922], [127.42962, 0.15302], [127.4304, 0.15322], [127.43264, 0.15139]]]]}}, {"type": "Feature", "properties": {"domain_id": "820602", "name": "MABA"}, "geometry": {"type": "MultiPolygon", "coordinates": [[[[128.28559, 0.87307], [128.28399, 0.87133], [128.28249, 0.87092], [128.27952, 0.86598], [128.28024, 0.86395], [128.28214, 0.86165], [128.28081, 0.85722], [128.28163, 0.85259], [128.28297, 0.85232], [128.28422, 0.85048], [128.28501, 0.85078], [128.28658, 0.84998], [128.28739, 0.85035], [128.29008, 0.84851], [128.29085, 0.84778], [128.2914, 0.84525], [128.29254, 0.84418], [128.29539, 0.84364], [128.2981, 0.84415], [128.301, 0.84157], [128.30145, 0.83914], [128.29874, 0.83687], [128.29705, 0.83632], [128.29492, 0.83408], [128.29572, 0.83196], [128.29695, 0.83163], [128.29872, 0.82884], [128.30054, 0.8284], [128.30219, 0.83092], [128.30421, 0.82965], [128.30819, 0.82999], [128.30929, 0.83079], [128.30924, 0.83247], [128.30997, 0.83205], [128.31088, 0.82932], [128.31265, 0.82832], [128.31349, 0.82705], [128.31333, 0.82323], [128.31079, 0.82335], [128.30551, 0.82191], [128.30266, 0.82288], [128.29913, 0.82245], [128.29592, 0.82489], [128.29415, 0.82736], [128.28416, 0.83083], [128.28035, 0.83477], [128.27988, 0.83944], [128.27679, 0.84339], [128.26945, 0.84219], [128.2641, 0.84527], [128.26025, 0.84894], [128.25868, 0.84937], [128.25804, 0.85217], [128.25918, 0.85597], [128.25907, 0.85906], [128.25621, 0.86277], [128.25029, 0.86619], [128.24673, 0.86619], [128.23686, 0.87158], [128.21477, 0.88087], [128.20784, 0.87268], [128.19865, 0.87526], [128.19241, 0.88077], [128.18686, 0.88104], [128.18337, 0.88254], [128.17749, 0.88828], [128.17721, 0.89419], [128.16671, 0.89758], [128.1466, 0.89741], [128.13997, 0.90406], [128.13695, 0.90125], [128.13246, 0.90051], [128.11592, 0.90327], [128.08499, 0.91724], [128.08243, 0.92719], [128.07898, 0.93036], [128.08286, 0.93695], [128.08756, 0.94191], [128.09245, 0.95394], [128.09971, 0.96549], [128.10376, 0.96717], [128.11437, 0.96399], [128.11643, 0.96264], [128.11656, 0.96343], [128.11893, 0.96387], [128.1207, 0.9632], [128.12271, 0.9635], [128.12505, 0.96223], [128.12581, 0.96472], [128.12906, 0.96442], [128.12959, 0.96612], [128.13032, 0.96598], [128.13103, 0.96712], [128.1324, 0.96775], [128.13385, 0.96618], [128.13772, 0.96712], [128.13865, 0.96606], [128.13801, 0.96521], [128.14191, 0.96482], [128.14666, 0.9699], [128.15303, 0.96885], [128.15745, 0.96949], [128.1598, 0.97064], [128.16265, 0.97057], [128.16515, 0.97143], [128.16686, 0.97093], [128.17008, 0.97328], [128.17506, 0.97445], [128.17657, 0.97646], [128.17814, 0.97577], [128.18019, 0.97237], [128.18649, 0.97536], [128.18794, 0.9752], [128.18856, 0.97409], [128.18979, 0.97359], [128.19151, 0.97453], [128.19473, 0.97213], [128.19734, 0.97185], [128.2006, 0.96831], [128.20269, 0.96814], [128.2036, 0.96977], [128.21647, 0.97423], [128.23192, 1.00289], [128.23907, 0.99958], [128.24372, 0.99891], [128.25616, 1.0062], [128.26178, 1.00695], [128.26967, 1.00476], [128.27174, 1.00816], [128.27285, 1.01158], [128.2762, 1.01495], [128.27684, 1.01732], [128.28155, 1.01905], [128.28326, 1.02156], [128.28309, 1.02839], [128.28018, 1.03605], [128.28432, 1.03979], [128.29058, 1.042], [128.29631, 1.04109], [128.30488, 1.03757], [128.31236, 1.03807], [128.31477, 1.0359], [128.31952, 1.03706], [128.32083, 1.04109], [128.32004, 1.04836], [128.32161, 1.05064], [128.32294, 1.04958], [128.32382, 1.047], [128.32508, 1.04601], [128.32793, 1.04544], [128.33057, 1.04379], [128.33207, 1.04372], [128.334, 1.04522], [128.33578, 1.04515], [128.33813, 1.04314], [128.3402, 1.04415], [128.34456, 1.04271], [128.34684, 1.04379], [128.34912, 1.04702], [128.35076, 1.04781], [128.35589, 1.04452], [128.36084, 1.03609], [128.36179, 1.03245], [128.36864, 1.02901], [128.37169, 1.02537], [128.37454, 1.01714], [128.37321, 1.01388], [128.37402, 1.01009], [128.37778, 1.00718], [128.38177, 1.00584], [128.38485, 1.00555], [128.3896, 1.00136], [128.39281, 1.00221], [128.394, 1.00016], [128.39495, 0.99598], [128.39733, 0.99322], [128.40031, 0.98533], [128.40364, 0.98281], [128.40601, 0.98269], [128.40973, 0.9805], [128.41187, 0.97781], [128.41217, 0.96985], [128.41045, 0.96727], [128.40706, 0.96643], [128.40611, 0.96524], [128.40605, 0.96231], [128.40688, 0.96039], [128.40997, 0.95692], [128.41104, 0.95363], [128.41265, 0.95142], [128.41301, 0.9501], [128.41235, 0.9468], [128.41335, 0.94486], [128.42156, 0.94066], [128.42505, 0.93983], [128.4257, 0.9385], [128.42541, 0.93764], [128.42107, 0.93114], [128.41933, 0.9317], [128.41591, 0.93153], [128.41188, 0.92935], [128.40863, 0.92597], [128.40516, 0.92084], [128.39928, 0.92067], [128.39753, 0.92161], [128.39494, 0.92183], [128.39236, 0.92092], [128.38916, 0.91789], [128.3847, 0.91104], [128.37245, 0.91414], [128.36982, 0.91342], [128.36604, 0.9132], [128.36626, 0.91375], [128.36238, 0.91305], [128.35926, 0.91388], [128.35927, 0.91471], [128.35838, 0.91395], [128.35273, 0.91252], [128.34858, 0.90963], [128.34617, 0.90884], [128.3455, 0.90918], [128.34581, 0.90976], [128.34379, 0.91085], [128.34228, 0.91072], [128.34197, 0.91183], [128.33863, 0.9111], [128.33442, 0.9121], [128.32975, 0.90695], [128.32521, 0.90518], [128.31662, 0.89746], [128.31193, 0.89512], [128.30681, 0.89418], [128.30201, 0.89235], [128.29841, 0.88824], [128.29682, 0.88158], [128.29311, 0.8787], [128.29243, 0.87848], [128.29201, 0.87917], [128.28831, 0.87602], [128.28769, 0.87623], [128.28559, 0.87307]]], [[[128.35078, 0.8018], [128.35111, 0.80242], [128.35323, 0.80174], [128.3537, 0.79997], [128.35215, 0.79927], [128.34784, 0.79505], [128.34643, 0.79508], [128.34518, 0.79424], [128.34444, 0.79121], [128.34693, 0.78849], [128.34668, 0.78598], [128.34788, 0.78344], [128.34947, 0.78252], [128.34925, 0.78184], [128.34334, 0.77971], [128.34129, 0.78128], [128.33979, 0.78094], [128.33845, 0.77901], [128.33893, 0.77612], [128.33618, 0.77363], [128.33292, 0.77314], [128.33145, 0.77369], [128.32692, 0.7726], [128.32388, 0.77397], [128.32206, 0.77342], [128.32116, 0.77399], [128.32176, 0.77826], [128.32106, 0.77998], [128.32299, 0.78414], [128.32496, 0.7863], [128.32447, 0.78889], [128.32336, 0.78968], [128.3249, 0.79254], [128.32478, 0.79497], [128.32654, 0.79557], [128.32841, 0.79846], [128.32997, 0.79871], [128.331, 0.79678], [128.33307, 0.79639], [128.33424, 0.79693], [128.33829, 0.80149], [128.34043, 0.80137], [128.34226, 0.80338], [128.34918, 0.80163], [128.35078, 0.8018]]], [[[128.3276, 0.83746], [128.32977, 0.83623], [128.33211, 0.83202], [128.33208, 0.83054], [128.3297, 0.82719], [128.32777, 0.8265], [128.32672, 0.82497], [128.32372, 0.82449], [128.32167, 0.82641], [128.32198, 0.82817], [128.32043, 0.83233], [128.32076, 0.83414], [128.31936, 0.83729], [128.31931, 0.84069], [128.32027, 0.84241], [128.31979, 0.84367], [128.32226, 0.84302], [128.32455, 0.83869], [128.3276, 0.83746]]], [[[128.3012, 0.77559], [128.30462, 0.77287], [128.30433, 0.76902], [128.30262, 0.76488], [128.30186, 0.76552], [128.30128, 0.77181], [128.29958, 0.77252], [128.29758, 0.77204], [128.29637, 0.77384], [128.2969, 0.77558], [128.29604, 0.77673], [128.29381, 0.77754], [128.29572, 0.77907], [128.29506, 0.78039], [128.29575, 0.7835], [128.29139, 0.78771], [128.29275, 0.7888], [128.29312, 0.79004], [128.29393, 0.79012], [128.2947, 0.78834], [128.29655, 0.78698], [128.29944, 0.78082], [128.30144, 0.77858], [128.3012, 0.77559]]], [[[128.29538, 0.79599], [128.29363, 0.79559], [128.29291, 0.7966], [128.29101, 0.79721], [128.29275, 0.80004], [128.29385, 0.80058], [128.29372, 0.80316], [128.29573, 0.80468], [128.29667, 0.81143], [128.29755, 0.81032], [128.29765, 0.80896], [128.29674, 0.80595], [128.29686, 0.80309], [128.2978, 0.80085], [128.29916, 0.80021], [128.29917, 0.79965], [128.29629, 0.79847], [128.29538, 0.79599]]], [[[128.27558, 0.80392], [128.27402, 0.80445], [128.27369, 0.80622], [128.27207, 0.80715], [128.27193, 0.80838], [128.27384, 0.80778], [128.27585, 0.80599], [128.27651, 0.80415], [128.2763, 0.80368], [128.27558, 0.80392]]], [[[128.27078, 0.80935], [128.27011, 0.81065], [128.27193, 0.81224], [128.27189, 0.80913], [128.27078, 0.80935]]]]}}, {"type": "Feature", "properties": {"domain_id": "820204", "name": "WEDA UTARA"}, "geometry": {"type": "MultiPolygon", "coordinates": [[[[128.20612, 0.42284], [128.20105, 0.42727], [128.20249, 0.42772], [128.20165, 0.42937], [128.19824, 0.43136], [128.19214, 0.43094], [128.18887, 0.42954], [128.18698, 0.42994], [128.18179, 0.42784], [128.1787, 0.42844], [128.17852, 0.42977], [128.1775, 0.43074], [128.17779, 0.43221], [128.1806, 0.43201], [128.18185, 0.43263], [128.18208, 0.4334], [128.1801, 0.43415], [128.17914, 0.43643], [128.18102, 0.43603], [128.18185, 0.43646], [128.18212, 0.43691], [128.18149, 0.43751], [128.18439, 0.43839], [128.18413, 0.43951], [128.18131, 0.43996], [128.18166, 0.44124], [128.17792, 0.43989], [128.17808, 0.44119], [128.17536, 0.4403], [128.17486, 0.44272], [128.17227, 0.44568], [128.17548, 0.44709], [128.17462, 0.44789], [128.17287, 0.44738], [128.17202, 0.44876], [128.17187, 0.4515], [128.17403, 0.45425], [128.17215, 0.45583], [128.16889, 0.45596], [128.16832, 0.45688], [128.16473, 0.45594], [128.16216, 0.45714], [128.16196, 0.45431], [128.15755, 0.45168], [128.15609, 0.45382], [128.15701, 0.45584], [128.15626, 0.45692], [128.15118, 0.45863], [128.14774, 0.46121], [128.14037, 0.46375], [128.12571, 0.45783], [128.12122, 0.45383], [128.1126, 0.4551], [128.11038, 0.45483], [128.10786, 0.45712], [128.1072, 0.45895], [128.10561, 0.45881], [128.10452, 0.46034], [128.10369, 0.46016], [128.1006, 0.46199], [128.10011, 0.46135], [128.09468, 0.46119], [128.09355, 0.4605], [128.08973, 0.46049], [128.08867, 0.46102], [128.08593, 0.46612], [128.08421, 0.47132], [128.082, 0.47283], [128.08015, 0.47649], [128.07883, 0.47716], [128.07189, 0.47526], [128.0689, 0.47051], [128.06409, 0.46897], [128.0542, 0.47179], [128.05186, 0.47156], [128.04804, 0.47476], [128.04513, 0.47568], [128.04197, 0.47808], [128.04031, 0.47795], [128.03951, 0.47856], [128.03565, 0.47769], [128.02653, 0.47301], [128.02435, 0.47368], [128.0233, 0.47584], [128.02157, 0.47606], [128.01917, 0.47473], [128.01786, 0.47239], [128.01408, 0.47132], [128.01291, 0.47167], [128.01092, 0.47445], [128.00944, 0.47342], [128.00748, 0.4755], [128.00466, 0.47517], [128.00509, 0.47978], [128.00815, 0.48203], [128.00996, 0.48487], [128.01448, 0.48646], [128.01587, 0.48638], [128.01675, 0.48745], [128.01537, 0.49077], [128.0182, 0.4948], [128.0163, 0.49651], [128.01448, 0.49999], [128.01525, 0.5045], [128.0139, 0.5082], [128.01391, 0.5118], [128.01305, 0.51559], [128.01341, 0.52006], [128.0154, 0.52451], [128.01505, 0.52878], [128.0158, 0.53043], [128.0175, 0.53075], [128.02214, 0.53504], [128.02629, 0.53555], [128.02914, 0.5373], [128.03215, 0.54343], [128.03433, 0.54572], [128.04421, 0.54964], [128.04281, 0.55067], [128.04218, 0.55339], [128.04279, 0.55467], [128.04202, 0.55993], [128.04444, 0.56637], [128.04563, 0.56814], [128.04939, 0.57097], [128.04967, 0.57556], [128.05228, 0.57612], [128.05276, 0.57814], [128.05429, 0.57885], [128.05434, 0.57965], [128.05282, 0.58159], [128.0552, 0.58338], [128.05954, 0.58854], [128.06314, 0.59014], [128.062, 0.5909], [128.06397, 0.59271], [128.06533, 0.59201], [128.06585, 0.59313], [128.06825, 0.59366], [128.06835, 0.59525], [128.06938, 0.59578], [128.07104, 0.60059], [128.07059, 0.60152], [128.06909, 0.60105], [128.0736, 0.60281], [128.07455, 0.60405], [128.0746, 0.60641], [128.07545, 0.60836], [128.07434, 0.60979], [128.07518, 0.61171], [128.07423, 0.61491], [128.07669, 0.61478], [128.07873, 0.61577], [128.08112, 0.61472], [128.08525, 0.6142], [128.09118, 0.60893], [128.09519, 0.60265], [128.09876, 0.60407], [128.09998, 0.60663], [128.1026, 0.60526], [128.10524, 0.60511], [128.10674, 0.6003], [128.11043, 0.59827], [128.11697, 0.59114], [128.11872, 0.59373], [128.12061, 0.59429], [128.12517, 0.59271], [128.12789, 0.59096], [128.1354, 0.58914], [128.13794, 0.59079], [128.14154, 0.59119], [128.14477, 0.59466], [128.14836, 0.59432], [128.15203, 0.59532], [128.15814, 0.59085], [128.16117, 0.58993], [128.16395, 0.59015], [128.16828, 0.58924], [128.17229, 0.59273], [128.17567, 0.59193], [128.1779, 0.59009], [128.17889, 0.59007], [128.18131, 0.59284], [128.18244, 0.5965], [128.18473, 0.59385], [128.18725, 0.59539], [128.18799, 0.58784], [128.18784, 0.57758], [128.18651, 0.56841], [128.18533, 0.56602], [128.1854, 0.5618], [128.18187, 0.55495], [128.18091, 0.55419], [128.1855, 0.55099], [128.18378, 0.55066], [128.18202, 0.54864], [128.18208, 0.54792], [128.18368, 0.54667], [128.18113, 0.54642], [128.18183, 0.5441], [128.17965, 0.54126], [128.18095, 0.53954], [128.18037, 0.53833], [128.18207, 0.53825], [128.18281, 0.54047], [128.18425, 0.53843], [128.18616, 0.53876], [128.18652, 0.53722], [128.18825, 0.53683], [128.18747, 0.53585], [128.18573, 0.53564], [128.18584, 0.53289], [128.18691, 0.53154], [128.18796, 0.53213], [128.18851, 0.5318], [128.18778, 0.531], [128.18809, 0.52932], [128.18753, 0.52845], [128.18921, 0.52792], [128.1894, 0.5267], [128.19139, 0.52561], [128.18922, 0.52455], [128.18913, 0.5238], [128.18983, 0.52329], [128.18902, 0.52149], [128.18687, 0.51931], [128.18753, 0.51881], [128.18844, 0.51527], [128.19212, 0.51093], [128.18985, 0.50877], [128.19139, 0.50517], [128.18969, 0.5027], [128.18971, 0.50102], [128.19145, 0.49796], [128.19456, 0.49679], [128.19427, 0.49508], [128.19729, 0.49527], [128.20216, 0.4926], [128.20272, 0.49285], [128.20256, 0.49606], [128.20385, 0.49577], [128.20388, 0.49479], [128.20532, 0.49322], [128.20612, 0.4956], [128.20799, 0.49599], [128.20938, 0.49499], [128.21138, 0.49691], [128.21245, 0.4883], [128.21128, 0.48783], [128.21067, 0.48629], [128.21416, 0.48456], [128.21558, 0.48115], [128.21716, 0.48164], [128.21744, 0.48057], [128.21632, 0.47997], [128.21522, 0.47754], [128.21619, 0.47797], [128.21656, 0.479], [128.21959, 0.47687], [128.21727, 0.47367], [128.21783, 0.47292], [128.21989, 0.4725], [128.21982, 0.46945], [128.21662, 0.46729], [128.21378, 0.46623], [128.21575, 0.46514], [128.2156, 0.46365], [128.21393, 0.46254], [128.21217, 0.46279], [128.21382, 0.46028], [128.21296, 0.45822], [128.21396, 0.45706], [128.20938, 0.45485], [128.20729, 0.45316], [128.20927, 0.44995], [128.20695, 0.44945], [128.20744, 0.44477], [128.2081, 0.44469], [128.20987, 0.44647], [128.20955, 0.44885], [128.2109, 0.44954], [128.21105, 0.4439], [128.2119, 0.44315], [128.21376, 0.44381], [128.21478, 0.44333], [128.21285, 0.44223], [128.2125, 0.44139], [128.21437, 0.44011], [128.21609, 0.44164], [128.21688, 0.44115], [128.2153, 0.43936], [128.21454, 0.43627], [128.2098, 0.43623], [128.2072, 0.43528], [128.20706, 0.4332], [128.20558, 0.43056], [128.20558, 0.42756], [128.20681, 0.42254], [128.20612, 0.42284]]], [[[128.16693, 0.44528], [128.17051, 0.44505], [128.17237, 0.44067], [128.16985, 0.44025], [128.16939, 0.44113], [128.1704, 0.44201], [128.16887, 0.44249], [128.16922, 0.44279], [128.1687, 0.4432], [128.16828, 0.44306], [128.16848, 0.44109], [128.16799, 0.44188], [128.1672, 0.44099], [128.16594, 0.44167], [128.16456, 0.44576], [128.16481, 0.44664], [128.16568, 0.44661], [128.16693, 0.44528]]]]}}, {"type": "Feature", "properties": {"domain_id": "820206", "name": "PATANI UTARA"}, "geometry": {"type": "Polygon", "coordinates": [[[128.76205, 0.31638], [128.76351, 0.31635], [128.76655, 0.31826], [128.76868, 0.31862], [128.7762, 0.31784], [128.77928, 0.31833], [128.78493, 0.31647], [128.78959, 0.31404], [128.79265, 0.31462], [128.79771, 0.31298], [128.80102, 0.31082], [128.80214, 0.3107], [128.80378, 0.30837], [128.80617, 0.30651], [128.81134, 0.30478], [128.81436, 0.30281], [128.82004, 0.29785], [128.82355, 0.29648], [128.82786, 0.296], [128.82801, 0.2951], [128.83071, 0.29375], [128.83656, 0.29207], [128.84281, 0.28703], [128.85373, 0.27998], [128.8544, 0.27864], [128.85883, 0.275], [128.8612, 0.2713], [128.85946, 0.26962], [128.85732, 0.26914], [128.85341, 0.26569], [128.8514, 0.26549], [128.84864, 0.2679], [128.84826, 0.27143], [128.84546, 0.27357], [128.8426, 0.27378], [128.83847, 0.27596], [128.83765, 0.27547], [128.83665, 0.27326], [128.83236, 0.27547], [128.82713, 0.27675], [128.82523, 0.2778], [128.81764, 0.279], [128.81648, 0.27986], [128.81548, 0.28185], [128.81242, 0.28081], [128.80644, 0.28132], [128.79908, 0.28486], [128.79338, 0.28618], [128.79227, 0.28717], [128.78818, 0.28807], [128.78548, 0.2897], [128.78296, 0.28996], [128.77964, 0.29129], [128.77236, 0.29458], [128.76574, 0.29883], [128.74952, 0.29983], [128.74621, 0.30153], [128.74409, 0.30401], [128.73596, 0.30682], [128.73111, 0.30692], [128.72893, 0.30594], [128.72259, 0.30621], [128.71921, 0.30528], [128.71714, 0.30393], [128.71186, 0.30556], [128.70595, 0.30552], [128.70455, 0.30659], [128.70091, 0.31412], [128.69764, 0.31442], [128.69709, 0.3157], [128.69252, 0.31899], [128.69121, 0.32095], [128.69338, 0.32504], [128.69245, 0.33002], [128.70375, 0.32947], [128.70635, 0.32792], [128.70918, 0.3306], [128.71264, 0.33139], [128.71389, 0.33304], [128.71618, 0.33161], [128.72493, 0.32859], [128.72951, 0.326], [128.73348, 0.32473], [128.74191, 0.32371], [128.74485, 0.32003], [128.74744, 0.3187], [128.75103, 0.31919], [128.75402, 0.31742], [128.75725, 0.31664], [128.75995, 0.31779], [128.76205, 0.31638]]]}}, {"type": "Feature", "properties": {"domain_id": "827205", "name": "TIDORE UTARA"}, "geometry": {"type": "MultiPolygon", "coordinates": [[[[127.39906, 0.66113], [127.38259, 0.65648], [127.37969, 0.65789], [127.36507, 0.65847], [127.36516, 0.66075], [127.36341, 0.66592], [127.36397, 0.66864], [127.36365, 0.67281], [127.36261, 0.67434], [127.36284, 0.67571], [127.36212, 0.67811], [127.36257, 0.67996], [127.36532, 0.68245], [127.36598, 0.68404], [127.36583, 0.68671], [127.36668, 0.68767], [127.36661, 0.68942], [127.3685, 0.69369], [127.37371, 0.69848], [127.37894, 0.70553], [127.38008, 0.71059], [127.37971, 0.71263], [127.38104, 0.71616], [127.38491, 0.72314], [127.3858, 0.72362], [127.38637, 0.72803], [127.3855, 0.73195], [127.38399, 0.7348], [127.38641, 0.7381], [127.38645, 0.73969], [127.38592, 0.73976], [127.38673, 0.74106], [127.38495, 0.74405], [127.38458, 0.74671], [127.3853, 0.74774], [127.38891, 0.74977], [127.38891, 0.75206], [127.39184, 0.75245], [127.39329, 0.75162], [127.39482, 0.75189], [127.39657, 0.75311], [127.39701, 0.7556], [127.39805, 0.75616], [127.39754, 0.74786], [127.39856, 0.7468], [127.39832, 0.74484], [127.40091, 0.7425], [127.40544, 0.74022], [127.4211, 0.72956], [127.42766, 0.73133], [127.43308, 0.7299], [127.43532, 0.7274], [127.437, 0.72351], [127.437, 0.72193], [127.43567, 0.71937], [127.43333, 0.7182], [127.43024, 0.71501], [127.42582, 0.71381], [127.42206, 0.71395], [127.41772, 0.71847], [127.41281, 0.71466], [127.40634, 0.70746], [127.40382, 0.70644], [127.40657, 0.69989], [127.41009, 0.69692], [127.41279, 0.69289], [127.41576, 0.6903], [127.41768, 0.68709], [127.41806, 0.68399], [127.41727, 0.68023], [127.41577, 0.67869], [127.41203, 0.67201], [127.40229, 0.66204], [127.39906, 0.66113]]], [[[127.3756, 0.72622], [127.37338, 0.7247], [127.36898, 0.72393], [127.36621, 0.72517], [127.36276, 0.72982], [127.36207, 0.73395], [127.36494, 0.73975], [127.36719, 0.74142], [127.37301, 0.74112], [127.37852, 0.73593], [127.379, 0.73079], [127.37658, 0.72678], [127.3756, 0.72622]]]]}}, {"type": "Feature", "properties": {"domain_id": "827208", "name": "TIDORE TIMUR"}, "geometry": {"type": "Polygon", "coordinates": [[[127.45586, 0.6933], [127.45706, 0.6934], [127.45557, 0.69245], [127.4557, 0.68534], [127.45321, 0.68614], [127.45104, 0.68825], [127.44928, 0.68857], [127.44896, 0.68917], [127.43982, 0.69226], [127.43522, 0.69069], [127.43285, 0.69095], [127.42824, 0.68958], [127.42315, 0.68907], [127.4209, 0.68753], [127.41768, 0.68709], [127.41576, 0.6903], [127.41279, 0.69289], [127.41009, 0.69692], [127.40657, 0.69989], [127.40382, 0.70644], [127.40634, 0.70746], [127.41281, 0.71466], [127.41772, 0.71847], [127.42206, 0.71395], [127.42582, 0.71381], [127.43024, 0.71501], [127.43333, 0.7182], [127.43567, 0.71937], [127.437, 0.72193], [127.437, 0.72351], [127.43532, 0.7274], [127.43308, 0.7299], [127.42766, 0.73133], [127.4211, 0.72956], [127.40544, 0.74022], [127.40091, 0.7425], [127.39832, 0.74484], [127.39856, 0.7468], [127.39754, 0.74786], [127.39805, 0.75616], [127.40559, 0.75845], [127.40649, 0.7562], [127.4052, 0.75418], [127.40508, 0.75202], [127.40896, 0.74771], [127.41214, 0.74834], [127.41313, 0.74964], [127.41474, 0.74957], [127.41481, 0.75141], [127.41656, 0.75223], [127.41829, 0.75078], [127.41911, 0.75151], [127.42126, 0.75177], [127.42206, 0.75049], [127.42575, 0.74893], [127.4286, 0.74878], [127.42982, 0.74979], [127.43086, 0.74943], [127.43189, 0.7474], [127.43828, 0.74618], [127.44228, 0.74632], [127.44388, 0.74554], [127.44648, 0.74607], [127.44871, 0.74415], [127.44921, 0.74445], [127.45091, 0.74195], [127.4504, 0.74148], [127.45099, 0.74103], [127.4508, 0.73976], [127.45148, 0.73998], [127.45166, 0.73805], [127.45088, 0.73755], [127.45109, 0.73661], [127.45303, 0.73325], [127.45375, 0.73318], [127.45464, 0.73188], [127.45436, 0.73064], [127.45505, 0.72913], [127.45456, 0.72289], [127.4551, 0.72183], [127.45865, 0.71936], [127.45834, 0.71817], [127.45997, 0.71644], [127.46044, 0.71477], [127.46011, 0.71345], [127.45914, 0.71307], [127.46002, 0.71246], [127.45975, 0.71157], [127.45885, 0.71025], [127.45867, 0.71078], [127.45828, 0.71041], [127.45751, 0.70757], [127.45586, 0.6933]]]}}, {"type": "Feature", "properties": {"domain_id": "827106", "name": "KOTA TERNATE TENGAH"}, "geometry": {"type": "Polygon", "coordinates": [[[127.3839, 0.77876], [127.38173, 0.77987], [127.3792, 0.78278], [127.37904, 0.78204], [127.37836, 0.78246], [127.37814, 0.78146], [127.37241, 0.78353], [127.37178, 0.78253], [127.36895, 0.78342], [127.36827, 0.78299], [127.36721, 0.78341], [127.36715, 0.78267], [127.36369, 0.78328], [127.3633, 0.78198], [127.35661, 0.78532], [127.3563, 0.78438], [127.3544, 0.78544], [127.35038, 0.78613], [127.34801, 0.78942], [127.34456, 0.79177], [127.33688, 0.80075], [127.33877, 0.8044], [127.35094, 0.81114], [127.35361, 0.81174], [127.35677, 0.81354], [127.36188, 0.8147], [127.37116, 0.81986], [127.37179, 0.81379], [127.37089, 0.80282], [127.37328, 0.7987], [127.37606, 0.79734], [127.37832, 0.79727], [127.38107, 0.79572], [127.38297, 0.7959], [127.38402, 0.79652], [127.38405, 0.79731], [127.3886, 0.79823], [127.39095, 0.79327], [127.39149, 0.79048], [127.39036, 0.78993], [127.39104, 0.78922], [127.38978, 0.78616], [127.38864, 0.78521], [127.38819, 0.78192], [127.38861, 0.78118], [127.38809, 0.78027], [127.38766, 0.78046], [127.38654, 0.7767], [127.38553, 0.7757], [127.38404, 0.77682], [127.38437, 0.77793], [127.3839, 0.77876]]]}}, {"type": "Feature", "properties": {"domain_id": "827201", "name": "TIDORE"}, "geometry": {"type": "Polygon", "coordinates": [[[127.43562, 0.63976], [127.43205, 0.63588], [127.43207, 0.63268], [127.4228, 0.6392], [127.41592, 0.64785], [127.4127, 0.65297], [127.41027, 0.65567], [127.40229, 0.66204], [127.41203, 0.67201], [127.41577, 0.67869], [127.41727, 0.68023], [127.41806, 0.68399], [127.41768, 0.68709], [127.4209, 0.68753], [127.42315, 0.68907], [127.42824, 0.68958], [127.43285, 0.69095], [127.43522, 0.69069], [127.43982, 0.69226], [127.44896, 0.68917], [127.44928, 0.68857], [127.45104, 0.68825], [127.45321, 0.68614], [127.4557, 0.68534], [127.45459, 0.6839], [127.45434, 0.68229], [127.45471, 0.68035], [127.45549, 0.68034], [127.45562, 0.68088], [127.45625, 0.67986], [127.45565, 0.67957], [127.45696, 0.67786], [127.45681, 0.67532], [127.45633, 0.67258], [127.45469, 0.66912], [127.45068, 0.66446], [127.4496, 0.65882], [127.44787, 0.65426], [127.44513, 0.65064], [127.44291, 0.64886], [127.44276, 0.64711], [127.44026, 0.64369], [127.43562, 0.63976]]]}}, {"type": "Feature", "properties": {"domain_id": "827102", "name": "KOTA TERNATE SELATAN"}, "geometry": {"type": "Polygon", "coordinates": [[[127.37336, 0.76271], [127.37283, 0.76202], [127.37335, 0.76117], [127.37105, 0.76069], [127.37045, 0.75959], [127.3708, 0.75903], [127.36783, 0.75856], [127.36769, 0.75931], [127.36453, 0.75911], [127.36219, 0.76055], [127.35661, 0.76049], [127.34983, 0.75883], [127.34529, 0.75619], [127.33682, 0.75298], [127.33283, 0.75505], [127.3243, 0.75477], [127.32469, 0.75795], [127.32418, 0.75836], [127.32409, 0.76117], [127.32265, 0.76142], [127.32289, 0.765], [127.32185, 0.76587], [127.32182, 0.76693], [127.32032, 0.76793], [127.32059, 0.7704], [127.32225, 0.77193], [127.32381, 0.77169], [127.32562, 0.77357], [127.32642, 0.78298], [127.32873, 0.79], [127.33294, 0.79607], [127.33345, 0.79819], [127.33688, 0.80075], [127.34456, 0.79177], [127.34801, 0.78942], [127.35038, 0.78613], [127.3544, 0.78544], [127.3563, 0.78438], [127.35661, 0.78532], [127.3633, 0.78198], [127.36369, 0.78328], [127.36715, 0.78267], [127.36721, 0.78341], [127.36827, 0.78299], [127.36895, 0.78342], [127.37178, 0.78253], [127.37241, 0.78353], [127.37814, 0.78146], [127.37836, 0.78246], [127.37904, 0.78204], [127.37913, 0.78278], [127.38034, 0.78194], [127.38173, 0.77987], [127.38406, 0.77861], [127.38404, 0.77682], [127.38526, 0.77567], [127.38046, 0.77283], [127.37993, 0.77124], [127.37946, 0.7708], [127.37914, 0.77123], [127.37718, 0.76565], [127.37557, 0.76441], [127.37554, 0.76357], [127.37492, 0.76387], [127.37374, 0.76304], [127.37388, 0.76253], [127.37336, 0.76271]]]}}, {"type": "Feature", "properties": {"domain_id": "820107", "name": "TABARU"}, "geometry": {"type": "Polygon", "coordinates": [[[127.61275, 1.51574], [127.61248, 1.51668], [127.61103, 1.51596], [127.5966, 1.51967], [127.56709, 1.51898], [127.56215, 1.51823], [127.55925, 1.51855], [127.55567, 1.52117], [127.55415, 1.52354], [127.54937, 1.52712], [127.54717, 1.53245], [127.54813, 1.5366], [127.5477, 1.54196], [127.5433, 1.5598], [127.54837, 1.55967], [127.55025, 1.5609], [127.5542, 1.5615], [127.55778, 1.56297], [127.56149, 1.56526], [127.56739, 1.56616], [127.57061, 1.56575], [127.58953, 1.57266], [127.59458, 1.57122], [127.60318, 1.58086], [127.6035, 1.58257], [127.60691, 1.58388], [127.61001, 1.58194], [127.62228, 1.58638], [127.62359, 1.58794], [127.63503, 1.59356], [127.64374, 1.59691], [127.64789, 1.60212], [127.65015, 1.60303], [127.65029, 1.60467], [127.65137, 1.60554], [127.65293, 1.6057], [127.65538, 1.6048], [127.65719, 1.60584], [127.66014, 1.60601], [127.66159, 1.60734], [127.66867, 1.60663], [127.67284, 1.60764], [127.676, 1.60765], [127.6877, 1.6029], [127.69206, 1.60381], [127.69413, 1.60571], [127.69539, 1.60843], [127.69556, 1.61716], [127.69668, 1.61842], [127.70165, 1.62075], [127.70559, 1.62501], [127.70729, 1.62946], [127.70821, 1.63011], [127.71163, 1.64355], [127.71778, 1.64623], [127.71828, 1.64232], [127.72403, 1.63437], [127.72641, 1.63233], [127.72981, 1.63133], [127.73082, 1.63029], [127.73159, 1.6244], [127.7287, 1.62104], [127.72941, 1.61674], [127.7311, 1.6135], [127.73131, 1.61172], [127.73005, 1.60617], [127.73483, 1.60556], [127.73525, 1.60315], [127.73423, 1.60143], [127.73163, 1.59918], [127.73143, 1.59548], [127.72878, 1.59553], [127.72688, 1.5925], [127.72672, 1.5811], [127.72855, 1.57221], [127.72591, 1.55925], [127.72601, 1.55193], [127.72642, 1.549], [127.72931, 1.5414], [127.72955, 1.53858], [127.72831, 1.53495], [127.72546, 1.5318], [127.72512, 1.52706], [127.72661, 1.526], [127.72685, 1.52469], [127.71926, 1.52155], [127.71852, 1.51789], [127.72147, 1.51489], [127.72116, 1.51358], [127.7179, 1.51317], [127.71462, 1.5107], [127.71212, 1.51009], [127.71334, 1.50669], [127.71332, 1.5], [127.71427, 1.49716], [127.71413, 1.49641], [127.71133, 1.49409], [127.71179, 1.49204], [127.71098, 1.48824], [127.70835, 1.4898], [127.70574, 1.48844], [127.70299, 1.48453], [127.70227, 1.48192], [127.69994, 1.47935], [127.68547, 1.48038], [127.68238, 1.47831], [127.67558, 1.48058], [127.6695, 1.48433], [127.66553, 1.48433], [127.66397, 1.48498], [127.6557, 1.49124], [127.6502, 1.49418], [127.64781, 1.49461], [127.64095, 1.49374], [127.63968, 1.49752], [127.63651, 1.50148], [127.63529, 1.50157], [127.63172, 1.49963], [127.62895, 1.50469], [127.62697, 1.507], [127.61671, 1.51468], [127.61275, 1.51574]]]}}, {"type": "Feature", "properties": {"domain_id": "820604", "name": "WASILE SELATAN"}, "geometry": {"type": "MultiPolygon", "coordinates": [[[[127.83845, 0.80358], [127.83867, 0.8044], [127.84382, 0.80521], [127.84968, 0.80862], [127.85249, 0.81088], [127.85406, 0.81363], [127.85857, 0.81601], [127.86033, 0.81787], [127.86534, 0.81906], [127.86798, 0.82052], [127.87127, 0.82614], [127.8721, 0.82566], [127.87229, 0.82626], [127.87837, 0.82636], [127.88189, 0.8279], [127.88338, 0.82938], [127.88779, 0.83979], [127.88851, 0.84645], [127.88796, 0.84774], [127.88817, 0.85137], [127.89103, 0.85299], [127.89142, 0.85199], [127.89252, 0.85433], [127.89583, 0.85356], [127.90163, 0.85383], [127.90739, 0.85602], [127.91103, 0.85937], [127.91145, 0.86127], [127.91424, 0.86415], [127.9151, 0.86627], [127.92196, 0.87123], [127.92511, 0.87478], [127.92602, 0.87355], [127.92702, 0.87359], [127.93005, 0.87561], [127.93082, 0.8768], [127.93115, 0.87908], [127.93293, 0.88238], [127.93309, 0.88534], [127.934, 0.88751], [127.93325, 0.89002], [127.933, 0.89477], [127.93021, 0.8979], [127.93105, 0.90026], [127.93074, 0.90606], [127.93256, 0.912], [127.93278, 0.91635], [127.93147, 0.91874], [127.93064, 0.92312], [127.93065, 0.92706], [127.93164, 0.9294], [127.93057, 0.9301], [127.92976, 0.93213], [127.93006, 0.93624], [127.92926, 0.94337], [127.92745, 0.9493], [127.92747, 0.9516], [127.92676, 0.95256], [127.92718, 0.95342], [127.92602, 0.95674], [127.92626, 0.95761], [127.92552, 0.95887], [127.92363, 0.95879], [127.92318, 0.95931], [127.92389, 0.96129], [127.9255, 0.96135], [127.92481, 0.96427], [127.92628, 0.9645], [127.92633, 0.96502], [127.92482, 0.96544], [127.92903, 0.96665], [127.93032, 0.96962], [127.93429, 0.97338], [127.93614, 0.97753], [127.93715, 0.98086], [127.93657, 0.98411], [127.9371, 0.98527], [127.93431, 0.99245], [127.93853, 0.99289], [127.9396, 0.99387], [127.94317, 0.99298], [127.94622, 0.99455], [127.94245, 0.9949], [127.94173, 0.99649], [127.94077, 0.99649], [127.94076, 0.99905], [127.93959, 1.00061], [127.93795, 0.99931], [127.93823, 0.99589], [127.93513, 0.99697], [127.93418, 0.99994], [127.93424, 1.00184], [127.93336, 1.00229], [127.93332, 1.00472], [127.93477, 1.00553], [127.9351, 1.00689], [127.93752, 1.0054], [127.941, 1.00585], [127.94222, 1.0077], [127.94161, 1.00988], [127.94318, 1.01184], [127.94656, 1.01287], [127.94766, 1.01664], [127.95159, 1.01832], [127.9525, 1.02072], [127.9539, 1.0214], [127.95544, 1.0268], [127.95613, 1.03225], [127.96098, 1.03487], [127.96377, 1.03879], [127.96324, 1.04276], [127.96183, 1.0448], [127.9644, 1.04577], [127.96661, 1.05059], [127.96923, 1.05244], [127.97098, 1.05494], [127.97296, 1.05583], [127.97444, 1.05858], [127.9769, 1.06077], [127.97719, 1.06324], [127.97589, 1.06886], [127.97667, 1.07139], [127.98154, 1.07975], [127.98164, 1.08664], [127.98422, 1.08819], [127.98417, 1.08757], [127.98536, 1.08885], [127.98338, 1.08835], [127.98714, 1.09017], [127.99423, 1.09193], [128.0005, 1.09534], [128.00578, 1.0972], [128.00912, 1.0997], [128.01073, 1.10187], [128.01411, 1.10336], [128.01778, 1.10387], [128.02286, 1.10918], [128.02287, 1.11007], [128.02172, 1.11059], [128.02171, 1.11193], [128.02377, 1.11177], [128.027, 1.11292], [128.02991, 1.11523], [128.0327, 1.11589], [128.03401, 1.11458], [128.03559, 1.11417], [128.0501, 1.11461], [128.05317, 1.11622], [128.05647, 1.11567], [128.06181, 1.11624], [128.06382, 1.11846], [128.06533, 1.1096], [128.06405, 1.10689], [128.06571, 1.10447], [128.06571, 1.10005], [128.05948, 1.09539], [128.0542, 1.09453], [128.04992, 1.0918], [128.04849, 1.08892], [128.04821, 1.08447], [128.04664, 1.08304], [128.04607, 1.0816], [128.04892, 1.07901], [128.04907, 1.07686], [128.04807, 1.07557], [128.04493, 1.0737], [128.04465, 1.0714], [128.05478, 1.06408], [128.05849, 1.05776], [128.06405, 1.05662], [128.06548, 1.05561], [128.06562, 1.0513], [128.06698, 1.04657], [128.07183, 1.04341], [128.07298, 1.04097], [128.07597, 1.03924], [128.08197, 1.03207], [128.08739, 1.02747], [128.0891, 1.02345], [128.09552, 1.01498], [128.0961, 1.01268], [128.10123, 1.00952], [128.10238, 1.00563], [128.1019, 1.00084], [128.10309, 0.99677], [128.10857, 0.99151], [128.10975, 0.9884], [128.10904, 0.98505], [128.10571, 0.97978], [128.10239, 0.97188], [128.10067, 0.96588], [128.09971, 0.96549], [128.09245, 0.95394], [128.08756, 0.94191], [128.08286, 0.93695], [128.07954, 0.93096], [128.07453, 0.92683], [128.07371, 0.92457], [128.07211, 0.92381], [128.06915, 0.91189], [128.07061, 0.9055], [128.07058, 0.90132], [128.07461, 0.89202], [128.07411, 0.89208], [128.07268, 0.88998], [128.06958, 0.88291], [128.06834, 0.8828], [128.06901, 0.88128], [128.06804, 0.88105], [128.06857, 0.87754], [128.06767, 0.87629], [128.06793, 0.87555], [128.06659, 0.87514], [128.06538, 0.87205], [128.06446, 0.87126], [128.06222, 0.87181], [128.061, 0.87056], [128.05913, 0.86534], [128.05995, 0.86274], [128.05913, 0.86122], [128.05952, 0.86038], [128.05906, 0.85915], [128.05683, 0.85662], [128.05272, 0.85647], [128.04873, 0.85492], [128.04711, 0.84657], [128.04434, 0.84169], [128.0408, 0.83764], [128.03988, 0.83418], [128.03961, 0.82906], [128.0343, 0.81676], [128.03273, 0.80792], [128.03309, 0.80577], [128.0349, 0.8031], [128.03402, 0.80247], [128.02832, 0.80357], [128.02155, 0.7997], [128.01989, 0.80024], [128.01587, 0.79867], [128.01275, 0.79499], [128.00973, 0.79481], [128.00829, 0.79332], [128.00707, 0.79041], [128.00545, 0.78949], [128.00335, 0.79019], [127.99554, 0.78929], [127.99392, 0.79031], [127.9927, 0.78659], [127.98679, 0.78163], [127.98438, 0.77821], [127.98382, 0.77505], [127.98064, 0.76853], [127.97978, 0.76781], [127.97978, 0.76628], [127.9814, 0.76236], [127.9826, 0.76165], [127.98212, 0.76022], [127.97618, 0.75648], [127.97154, 0.75223], [127.9718, 0.75064], [127.97513, 0.74543], [127.97837, 0.74251], [127.9817, 0.73782], [127.98338, 0.73108], [127.98838, 0.72806], [127.98861, 0.72574], [127.98785, 0.72088], [127.98974, 0.71811], [127.99007, 0.71541], [127.99183, 0.71278], [127.99153, 0.71038], [127.98796, 0.70357], [127.98817, 0.70242], [127.98567, 0.69958], [127.98436, 0.697], [127.98069, 0.69717], [127.98058, 0.696], [127.97579, 0.69542], [127.97621, 0.69385], [127.97438, 0.69316], [127.97442, 0.69199], [127.97298, 0.69194], [127.97253, 0.68984], [127.97123, 0.68943], [127.97114, 0.68777], [127.96941, 0.68695], [127.96594, 0.6827], [127.96987, 0.68081], [127.9721, 0.67897], [127.97341, 0.6703], [127.97487, 0.66593], [127.98065, 0.66112], [127.98096, 0.65588], [127.9838, 0.65295], [127.98311, 0.65049], [127.98509, 0.64916], [127.9861, 0.64731], [127.98542, 0.64623], [127.98654, 0.64565], [127.98631, 0.64507], [127.98235, 0.64262], [127.98119, 0.6404], [127.97958, 0.63977], [127.97785, 0.63763], [127.97521, 0.63861], [127.97079, 0.63886], [127.97014, 0.63851], [127.97037, 0.6372], [127.96528, 0.63484], [127.96419, 0.63319], [127.96072, 0.63621], [127.9597, 0.636], [127.95619, 0.63248], [127.95467, 0.6331], [127.95347, 0.63513], [127.95249, 0.63513], [127.95148, 0.63432], [127.95305, 0.63279], [127.95208, 0.63019], [127.94881, 0.63008], [127.94783, 0.6283], [127.94571, 0.63001], [127.94021, 0.63071], [127.9393, 0.63163], [127.94005, 0.63404], [127.93604, 0.63516], [127.9341, 0.63353], [127.9319, 0.62881], [127.92799, 0.62532], [127.92607, 0.62552], [127.92475, 0.62702], [127.92271, 0.62788], [127.91734, 0.62785], [127.91386, 0.62856], [127.91031, 0.62753], [127.90541, 0.62736], [127.89734, 0.62906], [127.89172, 0.62912], [127.88879, 0.63056], [127.88628, 0.63016], [127.88371, 0.63106], [127.88234, 0.62997], [127.88155, 0.63039], [127.88174, 0.63096], [127.88001, 0.62973], [127.87986, 0.63073], [127.87923, 0.63026], [127.87726, 0.63102], [127.87596, 0.63071], [127.87515, 0.63217], [127.87239, 0.63155], [127.87252, 0.63284], [127.87159, 0.63251], [127.87134, 0.63168], [127.87068, 0.6324], [127.86939, 0.63125], [127.86764, 0.63182], [127.86718, 0.63266], [127.86424, 0.63157], [127.86343, 0.6306], [127.86415, 0.62667], [127.86356, 0.62571], [127.86274, 0.62589], [127.86243, 0.62493], [127.86172, 0.6255], [127.86101, 0.62523], [127.85958, 0.62357], [127.8584, 0.62377], [127.85713, 0.62304], [127.85654, 0.62155], [127.85477, 0.62073], [127.85374, 0.61771], [127.84945, 0.61851], [127.84699, 0.61997], [127.84331, 0.61818], [127.8412, 0.61951], [127.8377, 0.61988], [127.83518, 0.6206], [127.8336, 0.62178], [127.82902, 0.62272], [127.82622, 0.62714], [127.82548, 0.63043], [127.82721, 0.63513], [127.82655, 0.63855], [127.82269, 0.64044], [127.8186, 0.6409], [127.81669, 0.64385], [127.81378, 0.64395], [127.81217, 0.64501], [127.81027, 0.64503], [127.80798, 0.64599], [127.80313, 0.64142], [127.80101, 0.6416], [127.79838, 0.64081], [127.79523, 0.64139], [127.79213, 0.64316], [127.7925, 0.64686], [127.79042, 0.64965], [127.79013, 0.65167], [127.78791, 0.65609], [127.78861, 0.66242], [127.7874, 0.66451], [127.78536, 0.66565], [127.78215, 0.67228], [127.78217, 0.67747], [127.78091, 0.68424], [127.783, 0.69234], [127.78274, 0.69312], [127.77997, 0.69445], [127.77526, 0.69885], [127.76802, 0.70713], [127.7669, 0.71095], [127.76669, 0.71569], [127.76728, 0.71946], [127.76596, 0.72159], [127.76698, 0.7254], [127.76725, 0.73095], [127.76569, 0.73379], [127.76254, 0.73507], [127.76062, 0.73823], [127.76032, 0.74016], [127.75731, 0.7425], [127.75692, 0.74447], [127.75858, 0.74724], [127.75759, 0.75137], [127.75361, 0.7542], [127.75176, 0.75724], [127.7509, 0.75769], [127.74558, 0.75652], [127.73996, 0.75673], [127.73729, 0.75568], [127.73357, 0.75881], [127.73159, 0.75924], [127.73045, 0.76014], [127.729, 0.76292], [127.72746, 0.76308], [127.72583, 0.76844], [127.72631, 0.77039], [127.72526, 0.7719], [127.71805, 0.77577], [127.71769, 0.77768], [127.71643, 0.77877], [127.71706, 0.78004], [127.71657, 0.78243], [127.71667, 0.79106], [127.71596, 0.79404], [127.71639, 0.79889], [127.71417, 0.80515], [127.71452, 0.80965], [127.70958, 0.82039], [127.70881, 0.82567], [127.70603, 0.82965], [127.70219, 0.83193], [127.69939, 0.83228], [127.69696, 0.83375], [127.69374, 0.84057], [127.69632, 0.845], [127.69244, 0.85236], [127.69333, 0.85674], [127.691, 0.8664], [127.69242, 0.87297], [127.69234, 0.8768], [127.69401, 0.8791], [127.69735, 0.87743], [127.69874, 0.87845], [127.69941, 0.87746], [127.70321, 0.87606], [127.70368, 0.87522], [127.70241, 0.87456], [127.70217, 0.87528], [127.69943, 0.8762], [127.70032, 0.87491], [127.70055, 0.87136], [127.70223, 0.86921], [127.70184, 0.86814], [127.70067, 0.86862], [127.70019, 0.86814], [127.70224, 0.86578], [127.70135, 0.86216], [127.70283, 0.86141], [127.70455, 0.85746], [127.7062, 0.85674], [127.70519, 0.85533], [127.70762, 0.85349], [127.70864, 0.85121], [127.71062, 0.85136], [127.71112, 0.85022], [127.71271, 0.85107], [127.7143, 0.85047], [127.71566, 0.84852], [127.71732, 0.84991], [127.71986, 0.84993], [127.72026, 0.84919], [127.71972, 0.84516], [127.72124, 0.84597], [127.72196, 0.84563], [127.72308, 0.84386], [127.7232, 0.84237], [127.72494, 0.84194], [127.72732, 0.84432], [127.72873, 0.84404], [127.7288, 0.84112], [127.73116, 0.83692], [127.73293, 0.83655], [127.73476, 0.83759], [127.73622, 0.83532], [127.73553, 0.83263], [127.73798, 0.82896], [127.73467, 0.82737], [127.7338, 0.82489], [127.73485, 0.82256], [127.73658, 0.82084], [127.73962, 0.81997], [127.74498, 0.81589], [127.74698, 0.81343], [127.74928, 0.8127], [127.75118, 0.81416], [127.75176, 0.81401], [127.75371, 0.81015], [127.75373, 0.808], [127.75454, 0.80741], [127.76078, 0.80523], [127.76197, 0.80563], [127.76669, 0.80455], [127.77131, 0.80457], [127.77175, 0.80532], [127.77512, 0.80562], [127.77704, 0.80701], [127.77823, 0.80647], [127.77945, 0.80687], [127.77907, 0.80613], [127.77993, 0.80631], [127.78319, 0.80378], [127.78645, 0.80232], [127.78949, 0.80177], [127.796, 0.79817], [127.79727, 0.79569], [127.79479, 0.79426], [127.79422, 0.79254], [127.79275, 0.79179], [127.79409, 0.79154], [127.79463, 0.78936], [127.79696, 0.78854], [127.79741, 0.78756], [127.79839, 0.7895], [127.79817, 0.79106], [127.79915, 0.7912], [127.79535, 0.7927], [127.79947, 0.79679], [127.80714, 0.7982], [127.8189, 0.79914], [127.8222, 0.8014], [127.82337, 0.80092], [127.82861, 0.8015], [127.8309, 0.80307], [127.8309, 0.805], [127.83157, 0.80534], [127.83581, 0.80469], [127.83845, 0.80358]]], [[[127.92957, 0.99485], [127.93078, 0.99357], [127.93273, 0.99281], [127.93308, 0.99171], [127.93059, 0.98975], [127.92894, 0.99053], [127.92829, 0.98992], [127.92628, 0.99176], [127.925, 0.99101], [127.92428, 0.99214], [127.92433, 0.99455], [127.92639, 0.99518], [127.92754, 0.9945], [127.92906, 0.99664], [127.92957, 0.99485]]], [[[127.7946, 0.78984], [127.7943, 0.79195], [127.79756, 0.79011], [127.79665, 0.78896], [127.7946, 0.78984]]]]}}, {"type": "Feature", "properties": {"domain_id": "820601", "name": "WASILE"}, "geometry": {"type": "Polygon", "coordinates": [[[128.18074, 1.09106], [128.18386, 1.07865], [128.19105, 1.06405], [128.19347, 1.06287], [128.19394, 1.06185], [128.20635, 1.0662], [128.20474, 1.07058], [128.2083, 1.07315], [128.20827, 1.07417], [128.20993, 1.0769], [128.21, 1.07967], [128.21099, 1.08004], [128.21155, 1.08619], [128.21071, 1.09015], [128.21266, 1.09315], [128.21269, 1.09615], [128.22432, 1.09478], [128.22851, 1.09596], [128.23018, 1.09878], [128.23081, 1.10181], [128.23008, 1.10393], [128.23045, 1.10564], [128.22844, 1.10773], [128.22527, 1.10883], [128.2234, 1.112], [128.22675, 1.11502], [128.22598, 1.11613], [128.22676, 1.11807], [128.22658, 1.12222], [128.22773, 1.12377], [128.22951, 1.12474], [128.22656, 1.12927], [128.22972, 1.13355], [128.22972, 1.13817], [128.23332, 1.14585], [128.23526, 1.14791], [128.23589, 1.15584], [128.24, 1.16009], [128.24055, 1.16277], [128.24171, 1.16358], [128.2418, 1.1695], [128.24307, 1.17384], [128.2432, 1.17778], [128.23997, 1.18386], [128.23804, 1.18633], [128.23597, 1.18701], [128.23545, 1.18782], [128.23683, 1.191], [128.23895, 1.19136], [128.23874, 1.1925], [128.23683, 1.19336], [128.23895, 1.19527], [128.23505, 1.20058], [128.23455, 1.2024], [128.23547, 1.20709], [128.23813, 1.20786], [128.23851, 1.20927], [128.24237, 1.21316], [128.2437, 1.21194], [128.24417, 1.21042], [128.24581, 1.21031], [128.24721, 1.21116], [128.2502, 1.21076], [128.25253, 1.21191], [128.25399, 1.21375], [128.25657, 1.21374], [128.26184, 1.21677], [128.26583, 1.21677], [128.26838, 1.2177], [128.27093, 1.21698], [128.2732, 1.21542], [128.27558, 1.21535], [128.27811, 1.21384], [128.28134, 1.20965], [128.28221, 1.20969], [128.28315, 1.21118], [128.28671, 1.21332], [128.29237, 1.21525], [128.29449, 1.21916], [128.29618, 1.22048], [128.30095, 1.22305], [128.30404, 1.22337], [128.30803, 1.22711], [128.31177, 1.22848], [128.31383, 1.23129], [128.31639, 1.23346], [128.3207, 1.24127], [128.32586, 1.24541], [128.32938, 1.24581], [128.33242, 1.25139], [128.33742, 1.25384], [128.33901, 1.25643], [128.34115, 1.25801], [128.34338, 1.2587], [128.34593, 1.26092], [128.34986, 1.26295], [128.35278, 1.26293], [128.36036, 1.26669], [128.36847, 1.26646], [128.37168, 1.26557], [128.37527, 1.26975], [128.37951, 1.26461], [128.38015, 1.25906], [128.38179, 1.25806], [128.38328, 1.2593], [128.38939, 1.26004], [128.39029, 1.26113], [128.39473, 1.26284], [128.3957, 1.26532], [128.39796, 1.26619], [128.39857, 1.26746], [128.40307, 1.27073], [128.40246, 1.27287], [128.40285, 1.27466], [128.40467, 1.27592], [128.4082, 1.27604], [128.40962, 1.27507], [128.41198, 1.2765], [128.41457, 1.27402], [128.41347, 1.26897], [128.40755, 1.26182], [128.40785, 1.25823], [128.40682, 1.25426], [128.40562, 1.25225], [128.40334, 1.25064], [128.39918, 1.24553], [128.39826, 1.24248], [128.39864, 1.23698], [128.39739, 1.23189], [128.39638, 1.22015], [128.39415, 1.21656], [128.39301, 1.21235], [128.39463, 1.208], [128.39326, 1.20295], [128.3944, 1.19386], [128.39406, 1.18336], [128.38559, 1.18017], [128.38288, 1.18057], [128.3821, 1.17899], [128.38261, 1.17145], [128.38096, 1.16923], [128.37536, 1.16775], [128.37086, 1.16771], [128.36813, 1.1648], [128.36592, 1.16417], [128.36545, 1.16106], [128.36372, 1.15921], [128.36479, 1.1561], [128.36765, 1.1545], [128.36628, 1.1534], [128.36556, 1.14441], [128.36105, 1.13412], [128.36343, 1.12981], [128.36937, 1.12287], [128.37104, 1.11569], [128.37096, 1.10925], [128.36849, 1.10416], [128.35647, 1.10189], [128.35071, 1.09943], [128.34138, 1.09251], [128.33758, 1.08153], [128.33166, 1.0807], [128.32849, 1.07334], [128.32742, 1.06846], [128.3236, 1.06002], [128.32161, 1.05064], [128.32004, 1.04836], [128.32083, 1.04109], [128.31952, 1.03706], [128.31477, 1.0359], [128.31236, 1.03807], [128.30488, 1.03757], [128.29631, 1.04109], [128.29058, 1.042], [128.28432, 1.03979], [128.28018, 1.03605], [128.28309, 1.02839], [128.28326, 1.02156], [128.28155, 1.01905], [128.27684, 1.01732], [128.2762, 1.01495], [128.27285, 1.01158], [128.27174, 1.00816], [128.26967, 1.00476], [128.26178, 1.00695], [128.25616, 1.0062], [128.24372, 0.99891], [128.23907, 0.99958], [128.23192, 1.00289], [128.21647, 0.97423], [128.2036, 0.96977], [128.20269, 0.96814], [128.2006, 0.96831], [128.19734, 0.97185], [128.19473, 0.97213], [128.19151, 0.97453], [128.18979, 0.97359], [128.18856, 0.97409], [128.18794, 0.9752], [128.18649, 0.97536], [128.18019, 0.97237], [128.17814, 0.97577], [128.17657, 0.97646], [128.17506, 0.97445], [128.17008, 0.97328], [128.16686, 0.97093], [128.16515, 0.97143], [128.16265, 0.97057], [128.1598, 0.97064], [128.15745, 0.96949], [128.15303, 0.96885], [128.14666, 0.9699], [128.14191, 0.96482], [128.13801, 0.96521], [128.13865, 0.96606], [128.13772, 0.96712], [128.13385, 0.96618], [128.1324, 0.96775], [128.13103, 0.96712], [128.13032, 0.96598], [128.12959, 0.96612], [128.12906, 0.96442], [128.12581, 0.96472], [128.12505, 0.96223], [128.12271, 0.9635], [128.1207, 0.9632], [128.11893, 0.96387], [128.11656, 0.96343], [128.11643, 0.96264], [128.11437, 0.96399], [128.10376, 0.96717], [128.10067, 0.96588], [128.10239, 0.97188], [128.10571, 0.97978], [128.10904, 0.98505], [128.10975, 0.9884], [128.10857, 0.99151], [128.10309, 0.99677], [128.1019, 1.00084], [128.10238, 1.00563], [128.10123, 1.00952], [128.0961, 1.01268], [128.09552, 1.01498], [128.0891, 1.02345], [128.08739, 1.02747], [128.08197, 1.03207], [128.07597, 1.03924], [128.07298, 1.04097], [128.07183, 1.04341], [128.06698, 1.04657], [128.06562, 1.0513], [128.06548, 1.05561], [128.06405, 1.05662], [128.05849, 1.05776], [128.05478, 1.06408], [128.04465, 1.0714], [128.04493, 1.0737], [128.04807, 1.07557], [128.04907, 1.07686], [128.04892, 1.07901], [128.04607, 1.0816], [128.04664, 1.08304], [128.04821, 1.08447], [128.04849, 1.08892], [128.04992, 1.0918], [128.0542, 1.09453], [128.05948, 1.09539], [128.06571, 1.10005], [128.06571, 1.10447], [128.06405, 1.10689], [128.06533, 1.1096], [128.06383, 1.11848], [128.06481, 1.1197], [128.06815, 1.12114], [128.06881, 1.12253], [128.07559, 1.12373], [128.07762, 1.12388], [128.08015, 1.12289], [128.08206, 1.12371], [128.08355, 1.12361], [128.08368, 1.12285], [128.0856, 1.12131], [128.08532, 1.12059], [128.08691, 1.12027], [128.09062, 1.12255], [128.08967, 1.12311], [128.08955, 1.1241], [128.0887, 1.12378], [128.08807, 1.12462], [128.08822, 1.1258], [128.08905, 1.12637], [128.09153, 1.12546], [128.09412, 1.12611], [128.09613, 1.12524], [128.10005, 1.12561], [128.10193, 1.12439], [128.10339, 1.12434], [128.10637, 1.1211], [128.10804, 1.12071], [128.11433, 1.12209], [128.12019, 1.12582], [128.12816, 1.12778], [128.13102, 1.12665], [128.13053, 1.12771], [128.13213, 1.12615], [128.13269, 1.12609], [128.13316, 1.12713], [128.13352, 1.12719], [128.13278, 1.12611], [128.13309, 1.12461], [128.13374, 1.12472], [128.13373, 1.12556], [128.13428, 1.12543], [128.13393, 1.12498], [128.1354, 1.12327], [128.13622, 1.12349], [128.13679, 1.12212], [128.14105, 1.12085], [128.14151, 1.12153], [128.14369, 1.12104], [128.14423, 1.11953], [128.14515, 1.12064], [128.14619, 1.12054], [128.14825, 1.12167], [128.14822, 1.12223], [128.14886, 1.12192], [128.1485, 1.12275], [128.14974, 1.12426], [128.15085, 1.12387], [128.15798, 1.12458], [128.16009, 1.12395], [128.16635, 1.12477], [128.1685, 1.12642], [128.16813, 1.12782], [128.16929, 1.12728], [128.17038, 1.12907], [128.17212, 1.1288], [128.17156, 1.13317], [128.17296, 1.13493], [128.17268, 1.13533], [128.17335, 1.1355], [128.17463, 1.13459], [128.17686, 1.13429], [128.17597, 1.131], [128.17746, 1.1298], [128.17805, 1.131], [128.17895, 1.1307], [128.1785, 1.12906], [128.18549, 1.12517], [128.18682, 1.12502], [128.18861, 1.12367], [128.19039, 1.12068], [128.19351, 1.11979], [128.19322, 1.11739], [128.19417, 1.11569], [128.19617, 1.11563], [128.19743, 1.11631], [128.19925, 1.11403], [128.19468, 1.10665], [128.19098, 1.10938], [128.18059, 1.09316], [128.18074, 1.09106]]]}}, {"type": "Feature", "properties": {"domain_id": "827203", "name": "OBA"}, "geometry": {"type": "MultiPolygon", "coordinates": [[[[127.68802, 0.34923], [127.68502, 0.34819], [127.68419, 0.34886], [127.68235, 0.34849], [127.67707, 0.34981], [127.67513, 0.34826], [127.66478, 0.34523], [127.66246, 0.34272], [127.66116, 0.34243], [127.65832, 0.34398], [127.65615, 0.34667], [127.6522, 0.35385], [127.65143, 0.35487], [127.65116, 0.35452], [127.6513, 0.3561], [127.6489, 0.35788], [127.64525, 0.35782], [127.64335, 0.35717], [127.63785, 0.35908], [127.63671, 0.35787], [127.63466, 0.35716], [127.63314, 0.35827], [127.62818, 0.35937], [127.62333, 0.35942], [127.62089, 0.3613], [127.621, 0.36394], [127.61897, 0.36829], [127.61791, 0.37512], [127.6187, 0.37738], [127.62188, 0.3797], [127.62124, 0.38029], [127.62228, 0.3815], [127.62169, 0.38193], [127.62306, 0.38655], [127.62253, 0.39142], [127.62325, 0.39226], [127.6226, 0.39577], [127.61914, 0.39736], [127.61663, 0.39717], [127.61578, 0.39876], [127.61629, 0.40061], [127.61505, 0.4002], [127.61441, 0.3983], [127.61112, 0.39865], [127.60993, 0.39707], [127.6075, 0.39697], [127.60528, 0.39779], [127.60245, 0.40032], [127.60138, 0.40603], [127.60011, 0.40597], [127.59912, 0.40767], [127.60264, 0.41389], [127.60705, 0.41673], [127.61335, 0.41748], [127.61926, 0.41737], [127.62163, 0.41971], [127.62382, 0.41994], [127.62894, 0.42575], [127.62949, 0.43056], [127.62712, 0.43425], [127.62654, 0.43681], [127.62337, 0.43599], [127.62102, 0.43692], [127.62094, 0.43876], [127.61945, 0.44039], [127.61994, 0.44252], [127.62277, 0.44472], [127.62377, 0.4477], [127.6259, 0.45027], [127.62373, 0.45244], [127.62423, 0.45948], [127.62662, 0.46071], [127.63017, 0.46136], [127.63319, 0.46311], [127.63579, 0.46216], [127.63735, 0.46281], [127.63942, 0.46203], [127.64064, 0.45989], [127.64237, 0.4626], [127.64499, 0.46345], [127.64743, 0.46317], [127.65266, 0.46126], [127.65407, 0.46007], [127.65434, 0.45734], [127.65273, 0.45376], [127.65083, 0.45205], [127.65346, 0.44827], [127.65316, 0.44678], [127.65194, 0.44575], [127.65215, 0.44469], [127.66163, 0.44525], [127.66415, 0.44273], [127.66836, 0.44168], [127.67119, 0.44425], [127.67627, 0.44524], [127.67905, 0.44263], [127.68053, 0.44401], [127.68088, 0.44158], [127.68733, 0.44135], [127.69066, 0.44326], [127.69388, 0.44859], [127.69495, 0.44841], [127.69706, 0.44945], [127.7002, 0.44702], [127.70251, 0.44639], [127.70328, 0.44464], [127.7058, 0.445], [127.70868, 0.442], [127.70993, 0.43871], [127.71271, 0.44005], [127.71265, 0.43919], [127.71165, 0.43886], [127.71093, 0.43767], [127.71114, 0.43634], [127.71271, 0.43504], [127.71301, 0.43385], [127.7112, 0.42902], [127.71254, 0.42872], [127.71476, 0.43038], [127.71592, 0.42937], [127.71547, 0.4281], [127.71289, 0.42608], [127.71265, 0.42406], [127.71372, 0.4246], [127.71574, 0.42407], [127.71687, 0.42466], [127.72032, 0.42972], [127.72324, 0.43031], [127.72449, 0.43168], [127.72627, 0.43222], [127.72645, 0.4343], [127.72895, 0.43626], [127.73014, 0.43965], [127.73133, 0.44019], [127.73591, 0.44031], [127.74485, 0.43849], [127.75155, 0.4383], [127.75607, 0.43918], [127.76083, 0.44227], [127.76518, 0.44227], [127.77386, 0.43882], [127.77464, 0.43907], [127.77471, 0.43653], [127.77231, 0.43279], [127.77229, 0.42963], [127.77381, 0.42054], [127.77503, 0.41867], [127.7751, 0.41285], [127.78313, 0.40368], [127.78633, 0.40161], [127.79013, 0.39744], [127.79105, 0.39377], [127.78891, 0.39045], [127.79021, 0.38794], [127.79078, 0.38764], [127.79224, 0.38855], [127.79855, 0.38567], [127.79995, 0.38129], [127.80344, 0.38069], [127.80655, 0.37365], [127.80138, 0.36806], [127.80073, 0.36193], [127.80398, 0.35383], [127.80583, 0.34556], [127.8071, 0.34299], [127.80723, 0.33998], [127.80674, 0.33819], [127.80389, 0.33528], [127.80306, 0.33204], [127.80195, 0.33099], [127.8012, 0.32466], [127.79927, 0.32093], [127.79856, 0.31743], [127.79969, 0.31521], [127.79921, 0.31371], [127.79951, 0.3109], [127.8005, 0.30895], [127.80241, 0.3072], [127.80204, 0.30095], [127.80358, 0.29693], [127.80715, 0.29274], [127.81215, 0.28428], [127.81732, 0.27958], [127.81754, 0.2767], [127.81952, 0.27259], [127.81538, 0.27225], [127.8116, 0.26958], [127.80964, 0.26225], [127.80734, 0.25679], [127.80475, 0.2564], [127.80253, 0.25345], [127.79732, 0.25], [127.79727, 0.24849], [127.79862, 0.24693], [127.79908, 0.24526], [127.79906, 0.24056], [127.80129, 0.23676], [127.80556, 0.23381], [127.81053, 0.23267], [127.81439, 0.23051], [127.81276, 0.22972], [127.81331, 0.22871], [127.81298, 0.22591], [127.81184, 0.22381], [127.81284, 0.22136], [127.81461, 0.22094], [127.81458, 0.21954], [127.8169, 0.21585], [127.81877, 0.21479], [127.81043, 0.20927], [127.79001, 0.20448], [127.78752, 0.2027], [127.78473, 0.20213], [127.78395, 0.20463], [127.78252, 0.20591], [127.78016, 0.2057], [127.77153, 0.20686], [127.76909, 0.2062], [127.76677, 0.20448], [127.76219, 0.20638], [127.75482, 0.20519], [127.75232, 0.20293], [127.75172, 0.19234], [127.75057, 0.18418], [127.74956, 0.18192], [127.74257, 0.18143], [127.73919, 0.17604], [127.73681, 0.1739], [127.73348, 0.17247], [127.72943, 0.17247], [127.72872, 0.16938], [127.72658, 0.16747], [127.72396, 0.16771], [127.72182, 0.1639], [127.71444, 0.15986], [127.70992, 0.15962], [127.70683, 0.16248], [127.70397, 0.16248], [127.69587, 0.15979], [127.69519, 0.16025], [127.69522, 0.16491], [127.69443, 0.16814], [127.69624, 0.17185], [127.69565, 0.17258], [127.69572, 0.17474], [127.69644, 0.17632], [127.69614, 0.18108], [127.69672, 0.183], [127.69598, 0.18523], [127.69689, 0.1854], [127.69701, 0.18757], [127.69983, 0.19059], [127.70004, 0.1935], [127.70141, 0.19528], [127.70025, 0.19884], [127.70457, 0.20365], [127.70695, 0.20751], [127.70796, 0.21067], [127.70869, 0.21326], [127.70852, 0.21598], [127.7065, 0.22233], [127.70796, 0.22665], [127.70851, 0.23075], [127.71222, 0.23558], [127.7148, 0.24244], [127.7173, 0.25664], [127.71676, 0.2617], [127.71588, 0.26419], [127.72097, 0.26912], [127.72439, 0.27503], [127.7274, 0.28399], [127.7278, 0.28706], [127.72984, 0.28958], [127.73045, 0.29361], [127.73256, 0.29777], [127.73277, 0.30071], [127.73397, 0.30196], [127.73433, 0.31098], [127.73174, 0.31939], [127.72879, 0.3238], [127.72526, 0.33392], [127.72293, 0.33693], [127.72311, 0.33847], [127.72243, 0.33876], [127.71981, 0.34405], [127.71662, 0.34771], [127.71037, 0.35028], [127.70938, 0.35123], [127.70968, 0.35272], [127.70914, 0.35288], [127.70734, 0.35254], [127.70705, 0.35165], [127.70382, 0.35086], [127.70034, 0.34799], [127.69737, 0.34731], [127.69554, 0.34542], [127.6943, 0.34506], [127.69153, 0.34465], [127.69201, 0.34547], [127.69055, 0.34665], [127.6903, 0.34825], [127.68802, 0.34923]]], [[[127.60808, 0.38906], [127.60909, 0.38766], [127.60817, 0.38631], [127.60369, 0.38462], [127.60249, 0.38309], [127.6005, 0.38417], [127.6017, 0.38756], [127.60292, 0.38866], [127.60808, 0.38906]]], [[[127.64219, 0.35738], [127.64343, 0.35684], [127.64503, 0.35732], [127.6458, 0.35649], [127.64572, 0.35539], [127.64176, 0.35387], [127.63892, 0.35442], [127.63765, 0.35528], [127.63853, 0.35765], [127.64219, 0.35738]]], [[[127.61951, 0.35276], [127.61903, 0.35346], [127.6197, 0.35728], [127.62268, 0.35697], [127.62398, 0.35477], [127.62176, 0.35309], [127.61951, 0.35276]]], [[[127.59057, 0.38055], [127.59111, 0.38247], [127.59468, 0.3844], [127.59539, 0.3829], [127.59485, 0.3814], [127.59281, 0.38019], [127.59114, 0.38004], [127.59057, 0.38055]]]]}}, {"type": "Feature", "properties": {"domain_id": "820401", "name": "PULAU MAKIAN"}, "geometry": {"type": "Polygon", "coordinates": [[[127.41454, 0.28124], [127.41383, 0.27984], [127.40626, 0.27921], [127.40184, 0.27692], [127.40006, 0.2776], [127.39794, 0.27647], [127.39597, 0.27707], [127.39505, 0.27592], [127.39385, 0.27561], [127.39258, 0.27573], [127.39092, 0.27692], [127.38439, 0.27809], [127.38335, 0.27962], [127.37988, 0.28163], [127.38144, 0.28452], [127.38573, 0.28978], [127.38905, 0.29067], [127.39326, 0.29352], [127.39392, 0.29528], [127.39594, 0.30495], [127.39628, 0.32458], [127.39701, 0.33177], [127.39766, 0.33238], [127.39374, 0.33677], [127.39289, 0.33913], [127.38343, 0.34627], [127.3819, 0.35038], [127.3819, 0.35498], [127.37962, 0.35756], [127.37939, 0.35977], [127.37637, 0.36362], [127.37937, 0.36579], [127.38371, 0.36627], [127.38503, 0.36717], [127.38824, 0.36775], [127.38809, 0.36856], [127.38981, 0.3684], [127.39328, 0.36984], [127.39818, 0.37022], [127.40309, 0.37348], [127.41099, 0.37438], [127.41483, 0.3755], [127.42022, 0.37325], [127.41935, 0.3726], [127.41926, 0.37168], [127.42143, 0.36892], [127.4223, 0.36671], [127.42417, 0.36495], [127.42404, 0.364], [127.42529, 0.36319], [127.42523, 0.36373], [127.42565, 0.36258], [127.42804, 0.36087], [127.42845, 0.35989], [127.43104, 0.35819], [127.43327, 0.35484], [127.43675, 0.3515], [127.43789, 0.34923], [127.43789, 0.347], [127.43906, 0.34537], [127.43935, 0.34276], [127.44257, 0.3374], [127.44229, 0.33636], [127.43834, 0.33232], [127.44028, 0.33052], [127.44012, 0.3297], [127.4411, 0.32933], [127.44207, 0.32627], [127.44318, 0.32501], [127.44035, 0.31838], [127.43985, 0.31487], [127.43477, 0.30861], [127.43194, 0.30648], [127.43189, 0.30418], [127.43029, 0.30312], [127.42963, 0.30183], [127.43002, 0.29909], [127.42948, 0.29783], [127.42937, 0.29179], [127.42817, 0.29129], [127.42597, 0.28822], [127.42441, 0.288], [127.42204, 0.28368], [127.41856, 0.28332], [127.41454, 0.28124]]]}}, {"type": "Feature", "properties": {"domain_id": "820201", "name": "WEDA"}, "geometry": {"type": "MultiPolygon", "coordinates": [[[[127.87019, 0.30216], [127.87246, 0.30263], [127.87449, 0.29978], [127.87408, 0.29774], [127.87097, 0.30014], [127.87164, 0.29767], [127.86737, 0.29671], [127.86537, 0.29772], [127.86482, 0.30121], [127.86338, 0.30019], [127.86352, 0.29784], [127.8643, 0.29661], [127.86269, 0.29679], [127.86345, 0.29512], [127.86755, 0.2952], [127.86928, 0.29455], [127.87031, 0.29558], [127.87255, 0.29559], [127.87413, 0.29194], [127.87439, 0.28892], [127.87559, 0.28903], [127.87463, 0.29053], [127.87497, 0.29175], [127.8777, 0.29201], [127.87912, 0.29297], [127.87865, 0.29384], [127.87635, 0.29405], [127.87571, 0.29512], [127.8761, 0.29778], [127.87695, 0.29792], [127.87763, 0.29968], [127.87601, 0.30053], [127.87557, 0.3018], [127.87766, 0.30242], [127.87905, 0.30191], [127.88015, 0.30061], [127.88081, 0.29749], [127.88024, 0.29682], [127.88021, 0.2949], [127.88247, 0.29201], [127.88061, 0.292], [127.87778, 0.29086], [127.87719, 0.28826], [127.8753, 0.28743], [127.87147, 0.28404], [127.87027, 0.28387], [127.869, 0.28239], [127.86469, 0.28411], [127.86135, 0.28419], [127.8584, 0.28751], [127.85445, 0.28981], [127.84862, 0.29062], [127.84577, 0.28954], [127.84267, 0.28621], [127.83907, 0.28495], [127.82996, 0.28454], [127.82706, 0.28478], [127.82578, 0.28548], [127.82203, 0.28461], [127.82034, 0.28328], [127.81947, 0.27965], [127.81754, 0.27895], [127.81215, 0.28428], [127.80715, 0.29274], [127.80358, 0.29693], [127.80204, 0.30095], [127.80241, 0.3072], [127.8005, 0.30895], [127.79951, 0.3109], [127.79921, 0.31371], [127.79969, 0.31521], [127.79856, 0.31743], [127.79927, 0.32093], [127.8012, 0.32466], [127.80195, 0.33099], [127.80306, 0.33204], [127.80389, 0.33528], [127.80674, 0.33819], [127.80723, 0.33998], [127.8071, 0.34299], [127.80583, 0.34556], [127.80398, 0.35383], [127.80073, 0.36193], [127.80138, 0.36806], [127.80655, 0.37365], [127.80344, 0.38069], [127.79995, 0.38129], [127.79855, 0.38567], [127.79224, 0.38855], [127.79078, 0.38764], [127.79021, 0.38794], [127.78891, 0.39045], [127.79105, 0.39377], [127.79013, 0.39744], [127.78633, 0.40161], [127.78313, 0.40368], [127.7751, 0.41285], [127.77503, 0.41867], [127.77381, 0.42054], [127.77229, 0.42963], [127.77231, 0.43279], [127.77471, 0.43653], [127.77434, 0.44395], [127.77372, 0.44543], [127.77222, 0.44659], [127.77351, 0.44843], [127.77107, 0.45016], [127.76958, 0.45007], [127.76919, 0.4513], [127.76979, 0.45289], [127.76862, 0.45408], [127.76981, 0.45613], [127.77261, 0.45843], [127.77312, 0.46005], [127.78157, 0.45716], [127.79676, 0.449], [127.80546, 0.44514], [127.83087, 0.43667], [127.84532, 0.43427], [127.85479, 0.43009], [127.86082, 0.42538], [127.87456, 0.39713], [127.87705, 0.39429], [127.87994, 0.39238], [127.88282, 0.39172], [127.90476, 0.39122], [127.90409, 0.39027], [127.90473, 0.38868], [127.90352, 0.38941], [127.90371, 0.38802], [127.90308, 0.3875], [127.90376, 0.38556], [127.90244, 0.38554], [127.90155, 0.38649], [127.90168, 0.38741], [127.9008, 0.38683], [127.90208, 0.38447], [127.89904, 0.38575], [127.89897, 0.38657], [127.89833, 0.38573], [127.89774, 0.38662], [127.89704, 0.3873], [127.89819, 0.3847], [127.90054, 0.38429], [127.90152, 0.38266], [127.89766, 0.38246], [127.89649, 0.38366], [127.89606, 0.38561], [127.89535, 0.38453], [127.89625, 0.38325], [127.89595, 0.38224], [127.89729, 0.382], [127.89758, 0.38132], [127.90049, 0.38183], [127.90211, 0.38035], [127.90072, 0.37943], [127.89991, 0.3802], [127.90003, 0.3811], [127.898, 0.38047], [127.89938, 0.37895], [127.89734, 0.37717], [127.89862, 0.377], [127.89908, 0.37794], [127.89968, 0.37712], [127.90111, 0.37751], [127.90082, 0.37572], [127.90217, 0.37661], [127.90316, 0.37586], [127.90225, 0.37505], [127.90308, 0.37402], [127.90387, 0.37514], [127.90505, 0.37381], [127.90467, 0.37267], [127.90533, 0.37136], [127.90265, 0.37093], [127.90508, 0.37013], [127.90548, 0.36843], [127.90444, 0.36636], [127.90627, 0.36479], [127.90548, 0.36381], [127.90554, 0.36276], [127.9049, 0.3625], [127.90477, 0.36431], [127.90337, 0.36457], [127.90372, 0.36289], [127.90264, 0.36273], [127.90262, 0.36169], [127.90203, 0.36156], [127.90105, 0.36262], [127.90103, 0.36466], [127.90286, 0.36675], [127.9004, 0.36668], [127.90115, 0.36607], [127.90097, 0.36539], [127.89879, 0.36415], [127.89801, 0.36438], [127.89762, 0.36589], [127.8966, 0.36414], [127.89557, 0.3658], [127.89457, 0.36592], [127.89233, 0.36837], [127.89184, 0.36739], [127.89445, 0.36404], [127.89189, 0.3662], [127.89157, 0.36495], [127.89062, 0.36529], [127.8908, 0.36619], [127.89028, 0.366], [127.89018, 0.36463], [127.89234, 0.36415], [127.89359, 0.36188], [127.89324, 0.36164], [127.89137, 0.36272], [127.89146, 0.3612], [127.89027, 0.3614], [127.88959, 0.36326], [127.88812, 0.36313], [127.88851, 0.36597], [127.88716, 0.36382], [127.88616, 0.3651], [127.88609, 0.3641], [127.88975, 0.35943], [127.89329, 0.35835], [127.89253, 0.35613], [127.89061, 0.35656], [127.88959, 0.35808], [127.88838, 0.35728], [127.88718, 0.35826], [127.88405, 0.35747], [127.88221, 0.3537], [127.8836, 0.35196], [127.88348, 0.3488], [127.88168, 0.35275], [127.88079, 0.35297], [127.88027, 0.35431], [127.87937, 0.35364], [127.87951, 0.35243], [127.88091, 0.35131], [127.8814, 0.34953], [127.8812, 0.34812], [127.88052, 0.34867], [127.87874, 0.34782], [127.87975, 0.34696], [127.87958, 0.34491], [127.88195, 0.3455], [127.88265, 0.34401], [127.88127, 0.34169], [127.879, 0.34065], [127.87818, 0.33885], [127.87709, 0.33948], [127.87688, 0.33772], [127.87847, 0.33666], [127.88133, 0.3364], [127.88224, 0.3352], [127.88181, 0.33544], [127.88171, 0.33441], [127.88112, 0.3344], [127.88105, 0.33206], [127.87892, 0.33014], [127.87608, 0.32562], [127.87445, 0.31949], [127.87286, 0.31795], [127.87251, 0.31663], [127.87438, 0.31521], [127.87416, 0.31241], [127.87238, 0.31174], [127.87182, 0.30976], [127.86977, 0.30968], [127.86956, 0.30879], [127.8718, 0.30806], [127.8728, 0.3047], [127.87123, 0.30365], [127.86989, 0.30388], [127.87019, 0.30216]]], [[[127.89525, 0.35531], [127.89568, 0.35445], [127.89523, 0.35424], [127.89716, 0.35338], [127.89833, 0.35067], [127.90014, 0.35037], [127.90111, 0.34691], [127.9003, 0.34546], [127.89896, 0.34516], [127.89927, 0.34025], [127.89775, 0.33736], [127.89384, 0.3364], [127.8931, 0.33894], [127.89553, 0.34534], [127.89396, 0.35069], [127.89497, 0.35437], [127.89327, 0.35507], [127.89317, 0.3557], [127.89525, 0.35531]]], [[[127.8807, 0.3375], [127.88018, 0.33665], [127.87869, 0.33673], [127.87721, 0.33771], [127.87707, 0.33873], [127.87844, 0.33885], [127.87926, 0.34063], [127.88035, 0.34054], [127.88096, 0.33933], [127.8807, 0.3375]]], [[[127.88643, 0.33305], [127.88788, 0.33182], [127.88827, 0.32977], [127.88516, 0.33046], [127.88447, 0.33124], [127.88497, 0.33329], [127.88643, 0.33305]]], [[[127.90515, 0.38467], [127.90429, 0.38372], [127.90481, 0.38287], [127.90402, 0.3818], [127.9033, 0.38181], [127.90275, 0.38276], [127.9035, 0.38525], [127.90498, 0.38555], [127.90515, 0.38467]]]]}}, {"type": "Feature", "properties": {"domain_id": "827101", "name": "PULAU TERNATE"}, "geometry": {"type": "Polygon", "coordinates": [[[127.32061, 0.76751], [127.32182, 0.76693], [127.32185, 0.76587], [127.32289, 0.765], [127.32265, 0.76142], [127.32409, 0.76117], [127.32469, 0.75746], [127.32406, 0.75461], [127.32288, 0.75456], [127.3162, 0.75738], [127.31482, 0.75687], [127.31338, 0.75763], [127.30581, 0.7652], [127.30249, 0.77267], [127.30269, 0.77424], [127.30169, 0.77605], [127.30161, 0.77836], [127.29916, 0.78152], [127.29709, 0.78795], [127.29578, 0.78845], [127.29555, 0.79033], [127.29396, 0.79112], [127.2935, 0.79408], [127.29414, 0.79512], [127.2936, 0.79686], [127.29263, 0.7976], [127.2941, 0.80041], [127.29506, 0.80556], [127.29352, 0.8072], [127.29332, 0.8084], [127.2979, 0.80893], [127.30633, 0.80757], [127.31306, 0.80862], [127.31597, 0.8075], [127.33178, 0.80442], [127.33348, 0.80463], [127.33551, 0.80632], [127.33669, 0.80657], [127.3374, 0.80603], [127.33835, 0.80356], [127.33731, 0.80119], [127.33345, 0.79819], [127.33294, 0.79607], [127.32873, 0.79], [127.32642, 0.78298], [127.32562, 0.77357], [127.32381, 0.77169], [127.32225, 0.77193], [127.32075, 0.77061], [127.32061, 0.76751]]]}}, {"type": "Feature", "properties": {"domain_id": "820110", "name": "LOLODA TENGAH"}, "geometry": {"type": "Polygon", "coordinates": [[[127.71243, 1.76484], [127.70261, 1.75883], [127.6989, 1.75724], [127.69666, 1.75497], [127.69662, 1.75257], [127.6952, 1.75087], [127.69316, 1.75106], [127.69121, 1.74943], [127.68837, 1.74921], [127.686, 1.74675], [127.68491, 1.74363], [127.68198, 1.74209], [127.68074, 1.73978], [127.67889, 1.73923], [127.67425, 1.74018], [127.67136, 1.73921], [127.6673, 1.73977], [127.66476, 1.73889], [127.66392, 1.73796], [127.66384, 1.7359], [127.66289, 1.73537], [127.66089, 1.73109], [127.6559, 1.7309], [127.6519, 1.72916], [127.64954, 1.72552], [127.64474, 1.72564], [127.64279, 1.72393], [127.64105, 1.72336], [127.63973, 1.72435], [127.6386, 1.72426], [127.63428, 1.72104], [127.63296, 1.71792], [127.62377, 1.71491], [127.61578, 1.70977], [127.61523, 1.70703], [127.61313, 1.70465], [127.61022, 1.70389], [127.60698, 1.70391], [127.60613, 1.70266], [127.60105, 1.70189], [127.60034, 1.70207], [127.59903, 1.70421], [127.60296, 1.70545], [127.60681, 1.70948], [127.61038, 1.70967], [127.61192, 1.7121], [127.6133, 1.71251], [127.61309, 1.71401], [127.61485, 1.71693], [127.61454, 1.72174], [127.61771, 1.7225], [127.61902, 1.72457], [127.6212, 1.72559], [127.62149, 1.72759], [127.62327, 1.73007], [127.62248, 1.73471], [127.62312, 1.73596], [127.62483, 1.73701], [127.62529, 1.73825], [127.62719, 1.73954], [127.63022, 1.7446], [127.63647, 1.74589], [127.63964, 1.74496], [127.645, 1.74467], [127.65023, 1.74215], [127.65409, 1.7427], [127.65494, 1.74698], [127.65668, 1.74931], [127.65604, 1.75272], [127.65637, 1.75381], [127.65842, 1.75486], [127.6616, 1.75481], [127.66301, 1.75666], [127.66584, 1.7569], [127.66658, 1.7575], [127.66682, 1.75909], [127.66497, 1.76339], [127.66494, 1.76509], [127.66754, 1.76682], [127.66894, 1.77338], [127.67468, 1.78021], [127.66984, 1.78142], [127.66702, 1.78303], [127.66554, 1.78285], [127.6644, 1.78367], [127.66092, 1.78383], [127.65745, 1.78305], [127.65605, 1.78491], [127.65652, 1.78954], [127.64909, 1.7889], [127.6474, 1.78809], [127.64515, 1.7887], [127.64445, 1.79131], [127.63924, 1.79191], [127.63879, 1.79423], [127.63651, 1.79455], [127.63647, 1.79728], [127.63754, 1.79874], [127.63724, 1.79967], [127.63361, 1.79975], [127.63039, 1.79758], [127.62779, 1.7983], [127.62658, 1.80182], [127.62707, 1.80247], [127.62638, 1.8055], [127.63734, 1.82013], [127.6399, 1.82124], [127.64199, 1.82073], [127.64441, 1.82184], [127.64644, 1.82404], [127.64586, 1.82574], [127.6465, 1.82692], [127.64584, 1.82985], [127.64633, 1.83306], [127.64475, 1.83541], [127.64249, 1.83596], [127.64212, 1.83727], [127.6431, 1.8372], [127.64324, 1.83798], [127.64355, 1.83747], [127.64419, 1.83779], [127.6451, 1.83949], [127.6448, 1.84067], [127.64543, 1.84031], [127.64619, 1.84119], [127.64598, 1.84399], [127.64693, 1.84593], [127.64659, 1.8473], [127.64733, 1.84739], [127.64769, 1.84592], [127.64893, 1.84506], [127.65026, 1.8463], [127.64976, 1.84635], [127.64897, 1.84857], [127.64982, 1.84822], [127.65108, 1.85072], [127.65194, 1.85026], [127.65204, 1.84889], [127.65261, 1.84855], [127.65471, 1.84891], [127.65404, 1.85065], [127.65576, 1.85311], [127.65454, 1.85407], [127.65617, 1.85498], [127.65749, 1.85819], [127.65702, 1.86118], [127.6549, 1.8624], [127.65789, 1.8623], [127.65982, 1.86479], [127.65999, 1.86607], [127.65819, 1.8684], [127.6578, 1.87067], [127.66179, 1.86718], [127.66297, 1.86732], [127.66456, 1.86879], [127.66561, 1.87269], [127.66471, 1.87516], [127.66319, 1.87549], [127.66182, 1.87796], [127.66267, 1.87768], [127.66617, 1.87894], [127.66581, 1.88421], [127.66689, 1.88435], [127.66875, 1.88676], [127.67029, 1.88693], [127.67095, 1.88591], [127.67561, 1.88594], [127.67865, 1.88958], [127.67909, 1.89343], [127.67765, 1.89554], [127.67512, 1.89629], [127.67576, 1.89821], [127.67506, 1.90031], [127.67524, 1.90201], [127.67435, 1.9024], [127.67551, 1.90428], [127.67785, 1.9036], [127.67755, 1.90527], [127.68246, 1.90712], [127.68156, 1.90785], [127.68216, 1.90985], [127.68338, 1.90824], [127.6842, 1.90858], [127.68498, 1.91054], [127.68803, 1.91298], [127.68974, 1.91772], [127.68942, 1.91895], [127.6901, 1.91912], [127.69065, 1.91825], [127.6921, 1.91857], [127.69462, 1.92114], [127.6962, 1.92747], [127.69527, 1.9296], [127.69472, 1.92974], [127.69466, 1.92913], [127.69319, 1.92962], [127.69366, 1.93184], [127.69428, 1.93107], [127.69485, 1.93192], [127.69538, 1.93118], [127.69758, 1.93162], [127.69795, 1.93251], [127.70082, 1.93453], [127.70478, 1.93962], [127.70554, 1.94162], [127.70522, 1.94362], [127.70656, 1.94535], [127.70762, 1.94567], [127.70894, 1.94432], [127.71053, 1.94498], [127.71057, 1.9463], [127.71198, 1.94703], [127.71244, 1.94646], [127.71316, 1.94675], [127.71257, 1.94581], [127.713, 1.94531], [127.71444, 1.94519], [127.71631, 1.9467], [127.71742, 1.94657], [127.72069, 1.9505], [127.72528, 1.95123], [127.72771, 1.95239], [127.72833, 1.95454], [127.73054, 1.95551], [127.73034, 1.95679], [127.7328, 1.9572], [127.73634, 1.95999], [127.73764, 1.96285], [127.73714, 1.96488], [127.73778, 1.96558], [127.73744, 1.96798], [127.73804, 1.96885], [127.73914, 1.96862], [127.74157, 1.97043], [127.74225, 1.96902], [127.74494, 1.96777], [127.74352, 1.96299], [127.74442, 1.95975], [127.74368, 1.95716], [127.74238, 1.95605], [127.74291, 1.95494], [127.74482, 1.9537], [127.74489, 1.95121], [127.74719, 1.94926], [127.74879, 1.94645], [127.75394, 1.94544], [127.75453, 1.94824], [127.75363, 1.9523], [127.75394, 1.95391], [127.75568, 1.95549], [127.7563, 1.95708], [127.75934, 1.95933], [127.76044, 1.96117], [127.76431, 1.96196], [127.76755, 1.95957], [127.77003, 1.95349], [127.77053, 1.94993], [127.77284, 1.94955], [127.77365, 1.94878], [127.77382, 1.94704], [127.77544, 1.94415], [127.77483, 1.94208], [127.77663, 1.9412], [127.77906, 1.93865], [127.78103, 1.9355], [127.78159, 1.93301], [127.78341, 1.93118], [127.78455, 1.9287], [127.78484, 1.92572], [127.78396, 1.9233], [127.78365, 1.91933], [127.7845, 1.91709], [127.78551, 1.91777], [127.78602, 1.91687], [127.78578, 1.91613], [127.78441, 1.91596], [127.78458, 1.91418], [127.78704, 1.9135], [127.78846, 1.91506], [127.79028, 1.91485], [127.79059, 1.91437], [127.78961, 1.91269], [127.79068, 1.91116], [127.78952, 1.91056], [127.79021, 1.9089], [127.78889, 1.9077], [127.78821, 1.90789], [127.788, 1.90649], [127.78695, 1.90543], [127.78549, 1.90628], [127.78553, 1.90535], [127.78445, 1.90458], [127.78226, 1.90561], [127.77918, 1.90487], [127.77819, 1.90528], [127.77759, 1.90446], [127.77808, 1.90317], [127.77639, 1.90362], [127.77564, 1.90297], [127.77463, 1.90311], [127.77198, 1.9008], [127.77304, 1.89798], [127.77244, 1.89546], [127.77048, 1.894], [127.7671, 1.8935], [127.76073, 1.88864], [127.75978, 1.88337], [127.76127, 1.8827], [127.76149, 1.88152], [127.76044, 1.88042], [127.76198, 1.87914], [127.76069, 1.87558], [127.75766, 1.87519], [127.75392, 1.87571], [127.75233, 1.8752], [127.75118, 1.87153], [127.74807, 1.86862], [127.74826, 1.86445], [127.74633, 1.86287], [127.74719, 1.86169], [127.74831, 1.86186], [127.74752, 1.8591], [127.7506, 1.85718], [127.74864, 1.85655], [127.74572, 1.85772], [127.74386, 1.85522], [127.74434, 1.85436], [127.74613, 1.85401], [127.74763, 1.85198], [127.74882, 1.84612], [127.74605, 1.84041], [127.74427, 1.83837], [127.7437, 1.83617], [127.74212, 1.83578], [127.74292, 1.83373], [127.74145, 1.83288], [127.74046, 1.83059], [127.74119, 1.8219], [127.73946, 1.81577], [127.73861, 1.81509], [127.73703, 1.81514], [127.73518, 1.81337], [127.73605, 1.81268], [127.73543, 1.80714], [127.73602, 1.80444], [127.73406, 1.80085], [127.73459, 1.79744], [127.73, 1.79569], [127.72805, 1.79413], [127.72717, 1.79202], [127.72606, 1.79104], [127.72394, 1.79083], [127.71997, 1.79272], [127.71672, 1.79019], [127.71711, 1.78725], [127.71918, 1.78381], [127.71894, 1.78256], [127.72007, 1.78212], [127.72043, 1.77977], [127.7218, 1.77857], [127.71771, 1.77758], [127.71834, 1.7693], [127.71243, 1.76484]]]}}, {"type": "Feature", "properties": {"domain_id": "820309", "name": "LOLODA UTARA"}, "geometry": {"type": "Polygon", "coordinates": [[[127.75355, 1.97706], [127.75421, 1.9783], [127.75507, 1.97723], [127.75703, 1.97765], [127.76114, 1.98232], [127.76272, 1.98486], [127.76301, 1.9875], [127.76251, 1.98825], [127.7638, 1.98914], [127.76472, 1.99085], [127.76397, 1.9925], [127.76575, 1.9926], [127.76868, 1.99446], [127.77114, 1.99795], [127.77457, 1.99914], [127.78463, 2.008], [127.78723, 2.01229], [127.78809, 2.01498], [127.78827, 2.01744], [127.78717, 2.01888], [127.78874, 2.02259], [127.78804, 2.02445], [127.79093, 2.0268], [127.79481, 2.03282], [127.79563, 2.0331], [127.79659, 2.03489], [127.79647, 2.0368], [127.7989, 2.03946], [127.80297, 2.0423], [127.80626, 2.0506], [127.81178, 2.05354], [127.81344, 2.0553], [127.81597, 2.0639], [127.81768, 2.06534], [127.82677, 2.07], [127.83003, 2.07602], [127.83595, 2.08064], [127.83753, 2.08545], [127.83722, 2.09044], [127.83947, 2.09207], [127.84178, 2.09237], [127.85058, 2.09586], [127.85115, 2.09727], [127.85061, 2.10044], [127.8527, 2.1021], [127.86347, 2.10404], [127.866, 2.10659], [127.86803, 2.10738], [127.86907, 2.10842], [127.87087, 2.11298], [127.8723, 2.11334], [127.87182, 2.11366], [127.87279, 2.11499], [127.87528, 2.11713], [127.87829, 2.1189], [127.87971, 2.11883], [127.88061, 2.12029], [127.88158, 2.12016], [127.88283, 2.12142], [127.88609, 2.1225], [127.88604, 2.12766], [127.88954, 2.12968], [127.8899, 2.13035], [127.88904, 2.13126], [127.88982, 2.13223], [127.89109, 2.13261], [127.89134, 2.13183], [127.89364, 2.1321], [127.90005, 2.13407], [127.903, 2.13737], [127.90283, 2.14054], [127.90478, 2.14373], [127.91027, 2.14768], [127.91117, 2.15215], [127.91065, 2.15434], [127.90971, 2.15543], [127.9113, 2.15742], [127.91365, 2.15802], [127.91745, 2.15658], [127.91931, 2.15683], [127.92803, 2.16059], [127.92993, 2.1629], [127.93034, 2.16487], [127.92905, 2.16799], [127.9306, 2.17425], [127.93211, 2.17584], [127.93281, 2.18005], [127.93646, 2.18105], [127.93726, 2.18445], [127.93874, 2.18544], [127.93994, 2.18566], [127.94099, 2.18482], [127.94247, 2.18516], [127.94452, 2.18771], [127.94652, 2.18755], [127.94726, 2.18846], [127.94819, 2.1885], [127.94806, 2.19005], [127.94929, 2.19178], [127.95057, 2.19107], [127.95864, 2.19548], [127.96014, 2.19823], [127.96046, 2.20709], [127.95945, 2.2107], [127.95814, 2.21135], [127.95622, 2.21468], [127.95594, 2.2185], [127.95411, 2.21951], [127.95439, 2.22086], [127.95616, 2.22102], [127.95917, 2.22038], [127.96074, 2.21914], [127.96235, 2.21925], [127.97306, 2.21202], [127.97691, 2.20839], [127.97785, 2.20628], [127.97818, 2.19936], [127.9789, 2.1983], [127.98012, 2.19806], [127.97971, 2.19452], [127.98065, 2.18804], [127.9793, 2.18665], [127.97966, 2.18211], [127.98023, 2.18087], [127.98341, 2.1802], [127.98607, 2.18046], [127.9877, 2.18253], [127.99074, 2.18291], [127.99608, 2.18644], [128.00923, 2.19135], [128.01176, 2.19282], [128.01276, 2.19268], [128.01465, 2.19426], [128.01791, 2.1954], [128.01874, 2.19643], [128.02067, 2.1962], [128.02574, 2.1976], [128.02827, 2.19766], [128.02933, 2.19837], [128.03478, 2.19837], [128.05012, 2.20094], [128.05289, 2.20105], [128.05795, 2.20002], [128.04294, 2.1892], [128.04112, 2.18864], [128.04017, 2.18608], [128.03493, 2.18394], [128.03339, 2.18138], [128.03148, 2.17972], [128.02326, 2.17622], [128.02303, 2.17545], [128.01693, 2.17358], [128.01665, 2.16903], [128.01522, 2.16539], [128.01358, 2.16425], [128.01322, 2.16286], [128.01158, 2.16239], [128.00979, 2.15732], [128.00986, 2.155], [128.00729, 2.15215], [128.00629, 2.14965], [127.99914, 2.1481], [127.99338, 2.14818], [127.98858, 2.14984], [127.98483, 2.14861], [127.98197, 2.14918], [127.98108, 2.14989], [127.98176, 2.15146], [127.98062, 2.15196], [127.97833, 2.14947], [127.97576, 2.14784], [127.97376, 2.14458], [127.97085, 2.14361], [127.96897, 2.14369], [127.96284, 2.1375], [127.96251, 2.13581], [127.96005, 2.13421], [127.9598, 2.13303], [127.95835, 2.13254], [127.95771, 2.13051], [127.95867, 2.12915], [127.95845, 2.12652], [127.95734, 2.1248], [127.95625, 2.11918], [127.955, 2.11738], [127.95485, 2.11327], [127.9521, 2.11106], [127.95014, 2.10628], [127.94147, 2.1036], [127.94033, 2.10192], [127.9364, 2.10092], [127.93615, 2.09796], [127.93429, 2.09589], [127.92976, 2.09289], [127.92683, 2.09282], [127.92362, 2.09079], [127.91756, 2.08507], [127.91555, 2.08513], [127.91359, 2.08396], [127.91231, 2.08079], [127.90974, 2.07986], [127.90839, 2.07734], [127.90531, 2.07608], [127.90267, 2.07401], [127.90089, 2.07062], [127.90078, 2.06866], [127.90367, 2.06459], [127.90431, 2.06284], [127.9036, 2.06095], [127.90108, 2.05886], [127.89973, 2.0563], [127.89789, 2.05449], [127.89739, 2.0526], [127.89161, 2.05099], [127.89022, 2.04903], [127.88675, 2.047], [127.88556, 2.04456], [127.87829, 2.04032], [127.87808, 2.03785], [127.87462, 2.03314], [127.87076, 2.03064], [127.87112, 2.02672], [127.87198, 2.02511], [127.87158, 2.0209], [127.8724, 2.01551], [127.87019, 2.01476], [127.87055, 2.01293], [127.86912, 2.01109], [127.86901, 2.00912], [127.86829, 2.00804], [127.86656, 2.00678], [127.86456, 2.00645], [127.86142, 2.0029], [127.85896, 2.00587], [127.85759, 2.0061], [127.85776, 2.00382], [127.85634, 2.00228], [127.85651, 2.00091], [127.85548, 1.99896], [127.85211, 1.99948], [127.85188, 2.00028], [127.84868, 2.00159], [127.84274, 2.00079], [127.83812, 1.99782], [127.83686, 1.99662], [127.83629, 1.99474], [127.83355, 1.9928], [127.83327, 1.992], [127.83395, 1.98948], [127.83532, 1.98777], [127.83452, 1.98546], [127.82875, 1.98395], [127.82653, 1.98474], [127.82527, 1.98697], [127.8231, 1.98726], [127.8199, 1.98617], [127.81882, 1.98452], [127.81705, 1.98355], [127.81596, 1.98092], [127.81151, 1.97709], [127.8084, 1.97318], [127.80745, 1.96858], [127.80774, 1.96322], [127.80871, 1.96013], [127.80791, 1.95631], [127.80406, 1.95466], [127.80054, 1.95539], [127.79893, 1.95492], [127.79883, 1.95164], [127.79615, 1.95027], [127.79356, 1.94342], [127.79279, 1.93935], [127.7947, 1.93778], [127.79501, 1.93605], [127.79428, 1.93216], [127.79714, 1.92662], [127.79597, 1.92442], [127.7955, 1.91662], [127.79244, 1.91218], [127.79084, 1.90799], [127.78954, 1.91017], [127.78968, 1.91093], [127.79065, 1.91096], [127.78961, 1.91269], [127.79046, 1.91476], [127.78866, 1.91514], [127.78704, 1.9135], [127.78458, 1.91418], [127.78441, 1.91596], [127.78578, 1.91613], [127.78602, 1.91687], [127.78551, 1.91777], [127.7845, 1.91709], [127.78365, 1.91933], [127.78396, 1.9233], [127.78484, 1.92572], [127.78455, 1.9287], [127.78341, 1.93118], [127.78159, 1.93301], [127.78103, 1.9355], [127.77906, 1.93865], [127.77663, 1.9412], [127.77483, 1.94208], [127.77544, 1.94415], [127.77382, 1.94704], [127.77365, 1.94878], [127.77284, 1.94955], [127.77053, 1.94993], [127.77003, 1.95349], [127.76755, 1.95957], [127.76431, 1.96196], [127.76094, 1.96134], [127.75818, 1.95822], [127.7563, 1.95708], [127.75374, 1.95335], [127.75453, 1.9484], [127.7539, 1.94539], [127.74843, 1.94665], [127.74719, 1.94926], [127.74489, 1.95121], [127.74506, 1.95324], [127.74291, 1.95494], [127.74238, 1.95619], [127.74368, 1.95716], [127.74442, 1.95975], [127.74352, 1.96299], [127.74494, 1.96777], [127.74705, 1.96762], [127.74995, 1.96891], [127.75267, 1.97221], [127.75293, 1.97321], [127.75229, 1.97375], [127.75355, 1.97706]]]}}, {"type": "Feature", "properties": {"domain_id": "820608", "name": "MABA TENGAH"}, "geometry": {"type": "Polygon", "coordinates": [[[128.51027, 0.97274], [128.50599, 0.9724], [128.5098, 0.97329], [128.50922, 0.97343], [128.50446, 0.97199], [128.49393, 0.96437], [128.49453, 0.96424], [128.49082, 0.961], [128.48567, 0.96012], [128.48007, 0.95719], [128.47941, 0.95768], [128.47855, 0.95671], [128.4778, 0.95751], [128.47768, 0.95657], [128.47012, 0.95378], [128.46289, 0.94964], [128.45562, 0.94484], [128.45102, 0.93929], [128.44745, 0.93333], [128.44115, 0.92967], [128.43507, 0.92903], [128.43082, 0.92905], [128.42739, 0.92997], [128.42389, 0.92974], [128.42107, 0.93114], [128.42541, 0.93764], [128.4257, 0.9385], [128.42505, 0.93983], [128.42156, 0.94066], [128.41335, 0.94486], [128.41235, 0.9468], [128.41301, 0.9501], [128.41265, 0.95142], [128.41104, 0.95363], [128.40997, 0.95692], [128.40688, 0.96039], [128.40605, 0.96231], [128.40611, 0.96524], [128.40706, 0.96643], [128.41045, 0.96727], [128.41217, 0.96985], [128.41187, 0.97781], [128.40973, 0.9805], [128.40601, 0.98269], [128.40364, 0.98281], [128.40031, 0.98533], [128.39733, 0.99322], [128.39495, 0.99598], [128.394, 1.00016], [128.39281, 1.00221], [128.3896, 1.00136], [128.38485, 1.00555], [128.38177, 1.00584], [128.37778, 1.00718], [128.37402, 1.01009], [128.37321, 1.01388], [128.37454, 1.01714], [128.37169, 1.02537], [128.36864, 1.02901], [128.36179, 1.03245], [128.36084, 1.03609], [128.35589, 1.04452], [128.35209, 1.04701], [128.35076, 1.04781], [128.34912, 1.04702], [128.34684, 1.04379], [128.34456, 1.04271], [128.3402, 1.04415], [128.33813, 1.04314], [128.33578, 1.04515], [128.334, 1.04522], [128.33207, 1.04372], [128.33057, 1.04379], [128.32382, 1.047], [128.32294, 1.04958], [128.32161, 1.05064], [128.3236, 1.06002], [128.32742, 1.06846], [128.32849, 1.07334], [128.33166, 1.0807], [128.33758, 1.08153], [128.34138, 1.09251], [128.35071, 1.09943], [128.35647, 1.10189], [128.36849, 1.10416], [128.37096, 1.10925], [128.37104, 1.11569], [128.36937, 1.12287], [128.36343, 1.12981], [128.36105, 1.13412], [128.36556, 1.14441], [128.36628, 1.1534], [128.36765, 1.1545], [128.36479, 1.1561], [128.36372, 1.15921], [128.36545, 1.16106], [128.36592, 1.16417], [128.36813, 1.1648], [128.37086, 1.16771], [128.37536, 1.16775], [128.38096, 1.16923], [128.38261, 1.17145], [128.3821, 1.17899], [128.38288, 1.18057], [128.38559, 1.18017], [128.39406, 1.18336], [128.39827, 1.1802], [128.40329, 1.17857], [128.40442, 1.17498], [128.40157, 1.17349], [128.40092, 1.17163], [128.40116, 1.16864], [128.40324, 1.1684], [128.40933, 1.16577], [128.41057, 1.16314], [128.41358, 1.1623], [128.41434, 1.16113], [128.41752, 1.16092], [128.42423, 1.15904], [128.42599, 1.16299], [128.42881, 1.17258], [128.43108, 1.17552], [128.43247, 1.17623], [128.43521, 1.1763], [128.43716, 1.17715], [128.44235, 1.17529], [128.44696, 1.17582], [128.44941, 1.17529], [128.45753, 1.17084], [128.46531, 1.16909], [128.46736, 1.16746], [128.4721, 1.16654], [128.47807, 1.16761], [128.48139, 1.16965], [128.49102, 1.17946], [128.49495, 1.18066], [128.50184, 1.17935], [128.50553, 1.17935], [128.50779, 1.18114], [128.50984, 1.18488], [128.5148, 1.18402], [128.51671, 1.18246], [128.51958, 1.17752], [128.5283, 1.17528], [128.53579, 1.17851], [128.53781, 1.18414], [128.53948, 1.18498], [128.54162, 1.18462], [128.54376, 1.18546], [128.54887, 1.18582], [128.55196, 1.18546], [128.56107, 1.18008], [128.56885, 1.17804], [128.57289, 1.17613], [128.57762, 1.17319], [128.5803, 1.16966], [128.58348, 1.17074], [128.58612, 1.16997], [128.5903, 1.16249], [128.59586, 1.16141], [128.59644, 1.16055], [128.59605, 1.15892], [128.59841, 1.15835], [128.59919, 1.15676], [128.60039, 1.15653], [128.60157, 1.15488], [128.60178, 1.15354], [128.59861, 1.1495], [128.60047, 1.14979], [128.60251, 1.15121], [128.6041, 1.15036], [128.60591, 1.15086], [128.61232, 1.148], [128.61355, 1.14638], [128.61555, 1.14552], [128.61774, 1.14532], [128.61927, 1.14616], [128.6212, 1.1447], [128.62088, 1.14126], [128.62343, 1.1387], [128.62279, 1.13578], [128.62337, 1.13028], [128.62316, 1.11906], [128.62092, 1.10814], [128.62121, 1.10603], [128.62307, 1.10417], [128.62497, 1.10129], [128.62582, 1.09857], [128.6272, 1.09737], [128.63248, 1.09861], [128.63577, 1.10034], [128.63824, 1.10182], [128.64411, 1.10738], [128.64573, 1.10608], [128.64711, 1.10245], [128.65091, 1.09929], [128.65229, 1.0946], [128.65434, 1.09115], [128.66147, 1.08746], [128.6629, 1.0873], [128.66424, 1.0844], [128.66707, 1.08174], [128.66952, 1.08055], [128.6699, 1.07915], [128.6736, 1.07533], [128.67975, 1.07647], [128.68359, 1.07252], [128.6909, 1.07157], [128.69347, 1.07047], [128.69947, 1.06583], [128.69833, 1.06414], [128.69621, 1.06352], [128.69247, 1.06503], [128.69101, 1.06632], [128.68336, 1.06796], [128.67628, 1.06213], [128.67404, 1.06227], [128.67277, 1.06161], [128.67054, 1.06232], [128.66705, 1.05914], [128.66484, 1.0582], [128.66278, 1.0587], [128.66007, 1.05614], [128.65613, 1.05651], [128.65169, 1.05469], [128.64801, 1.05574], [128.64425, 1.05075], [128.64432, 1.04879], [128.64356, 1.0481], [128.64052, 1.04653], [128.63341, 1.04479], [128.63151, 1.04387], [128.63078, 1.04263], [128.62933, 1.04258], [128.62928, 1.04325], [128.62808, 1.04338], [128.62628, 1.04728], [128.62368, 1.04683], [128.62192, 1.04559], [128.62081, 1.047], [128.61813, 1.04681], [128.61489, 1.044], [128.61354, 1.04143], [128.61302, 1.04314], [128.60999, 1.04344], [128.61056, 1.04287], [128.60908, 1.04173], [128.60312, 1.03371], [128.60233, 1.03426], [128.6013, 1.034], [128.60053, 1.03173], [128.59063, 1.02522], [128.58016, 1.01458], [128.57392, 1.00936], [128.56613, 1.0038], [128.5525, 0.99652], [128.55522, 0.99859], [128.55377, 0.99871], [128.54628, 0.98963], [128.54152, 0.98005], [128.53906, 0.97644], [128.53387, 0.97155], [128.53231, 0.97089], [128.52775, 0.97069], [128.5226, 0.96887], [128.51965, 0.97072], [128.51643, 0.97066], [128.5143, 0.97267], [128.51027, 0.97274]]]}}, {"type": "Feature", "properties": {"domain_id": "820321", "name": "KAO BARAT"}, "geometry": {"type": "Polygon", "coordinates": [[[127.816, 1.26441], [127.81491, 1.26378], [127.81364, 1.26159], [127.8107, 1.26249], [127.80737, 1.26063], [127.80552, 1.2604], [127.80408, 1.2573], [127.80275, 1.25724], [127.80248, 1.25671], [127.80304, 1.25474], [127.80522, 1.25503], [127.80588, 1.25419], [127.80569, 1.25349], [127.8041, 1.25349], [127.80533, 1.25052], [127.80392, 1.249], [127.80275, 1.24959], [127.80199, 1.24923], [127.80178, 1.24781], [127.8004, 1.24788], [127.79923, 1.24452], [127.8021, 1.24179], [127.80187, 1.23904], [127.80116, 1.23831], [127.80307, 1.23643], [127.80165, 1.23687], [127.80119, 1.23586], [127.80191, 1.23427], [127.80359, 1.23366], [127.80148, 1.23296], [127.80193, 1.23144], [127.80149, 1.23019], [127.80226, 1.23011], [127.80294, 1.23111], [127.80338, 1.2293], [127.80492, 1.22989], [127.8058, 1.2283], [127.80339, 1.22781], [127.80329, 1.22573], [127.80217, 1.223], [127.80023, 1.22122], [127.79763, 1.22084], [127.79507, 1.21832], [127.79377, 1.21852], [127.793, 1.21665], [127.79008, 1.21508], [127.78512, 1.2137], [127.7847, 1.21413], [127.78526, 1.21562], [127.7812, 1.21556], [127.77776, 1.21872], [127.77484, 1.22042], [127.77261, 1.21952], [127.76974, 1.21946], [127.76555, 1.221], [127.763, 1.21929], [127.76145, 1.22008], [127.7613, 1.22134], [127.75964, 1.22058], [127.75866, 1.22277], [127.75704, 1.22302], [127.75568, 1.22249], [127.75484, 1.2236], [127.75328, 1.22198], [127.75395, 1.22102], [127.75219, 1.22029], [127.75188, 1.21895], [127.7476, 1.22048], [127.74678, 1.21773], [127.74553, 1.21684], [127.74149, 1.21608], [127.73933, 1.21692], [127.73779, 1.21603], [127.73763, 1.21733], [127.73668, 1.21791], [127.73422, 1.21664], [127.73296, 1.2179], [127.73079, 1.21707], [127.72951, 1.21747], [127.72679, 1.2167], [127.72505, 1.2176], [127.724, 1.21492], [127.71724, 1.21431], [127.71515, 1.21624], [127.71502, 1.21811], [127.71035, 1.2208], [127.70875, 1.2193], [127.70705, 1.22005], [127.70612, 1.22108], [127.70623, 1.22235], [127.70521, 1.22288], [127.70188, 1.22164], [127.69863, 1.22202], [127.697, 1.22294], [127.69343, 1.22262], [127.69205, 1.21929], [127.6885, 1.21762], [127.68568, 1.21982], [127.68272, 1.21917], [127.68267, 1.22149], [127.68132, 1.22194], [127.67891, 1.22017], [127.67672, 1.21732], [127.67432, 1.21709], [127.66983, 1.21062], [127.66982, 1.20901], [127.66804, 1.20813], [127.668, 1.20759], [127.66608, 1.20761], [127.66285, 1.20935], [127.66143, 1.20922], [127.65863, 1.20772], [127.65844, 1.20635], [127.65585, 1.20569], [127.65544, 1.20315], [127.6536, 1.20363], [127.65126, 1.20253], [127.65011, 1.20357], [127.64901, 1.20329], [127.6461, 1.20621], [127.64395, 1.21051], [127.63711, 1.21451], [127.63511, 1.22181], [127.6339, 1.2236], [127.63205, 1.22437], [127.63104, 1.22576], [127.62857, 1.23001], [127.62746, 1.23486], [127.62388, 1.23779], [127.6268, 1.24252], [127.62893, 1.24371], [127.62908, 1.24514], [127.62742, 1.24812], [127.63253, 1.25], [127.63573, 1.24967], [127.63796, 1.24893], [127.64033, 1.24626], [127.64167, 1.24596], [127.64479, 1.25042], [127.64731, 1.25235], [127.64751, 1.26467], [127.6492, 1.26496], [127.64945, 1.27137], [127.64775, 1.27124], [127.64461, 1.27294], [127.64112, 1.27145], [127.63871, 1.27144], [127.63699, 1.27282], [127.63566, 1.27294], [127.63453, 1.27492], [127.63593, 1.27877], [127.63554, 1.28545], [127.63755, 1.28725], [127.63912, 1.29026], [127.63996, 1.29752], [127.64328, 1.29799], [127.64402, 1.29906], [127.64349, 1.30275], [127.64264, 1.30372], [127.63725, 1.30509], [127.63738, 1.30922], [127.63916, 1.30944], [127.64006, 1.31024], [127.64017, 1.31278], [127.64071, 1.31335], [127.64365, 1.31335], [127.64433, 1.31581], [127.64385, 1.32588], [127.64338, 1.32686], [127.6421, 1.3271], [127.6406, 1.32839], [127.6419, 1.33001], [127.64246, 1.33364], [127.64297, 1.33393], [127.64395, 1.33339], [127.64535, 1.33098], [127.64721, 1.33275], [127.64852, 1.33283], [127.64862, 1.33049], [127.65125, 1.32847], [127.65201, 1.32696], [127.65282, 1.32676], [127.65388, 1.32763], [127.65739, 1.33428], [127.65752, 1.3366], [127.65591, 1.34154], [127.65663, 1.34301], [127.65975, 1.34581], [127.66102, 1.35449], [127.66321, 1.3589], [127.66193, 1.36427], [127.66676, 1.36629], [127.67358, 1.37431], [127.67584, 1.37582], [127.67609, 1.377], [127.6758, 1.37836], [127.67115, 1.38454], [127.66761, 1.39319], [127.66341, 1.39495], [127.66126, 1.39663], [127.66028, 1.40155], [127.65706, 1.41113], [127.65753, 1.41683], [127.65967, 1.42262], [127.66123, 1.42431], [127.66692, 1.42806], [127.67355, 1.42944], [127.67502, 1.43203], [127.67576, 1.43742], [127.6775, 1.43999], [127.67743, 1.44137], [127.68168, 1.44265], [127.68334, 1.4441], [127.67888, 1.44564], [127.67483, 1.44892], [127.67472, 1.45358], [127.67313, 1.45666], [127.67111, 1.45744], [127.67057, 1.46222], [127.67371, 1.46372], [127.67798, 1.46734], [127.68024, 1.46797], [127.68047, 1.46886], [127.6795, 1.47156], [127.68051, 1.47376], [127.6806, 1.47621], [127.68427, 1.47992], [127.68762, 1.48034], [127.69994, 1.47935], [127.70227, 1.48192], [127.70299, 1.48453], [127.70574, 1.48844], [127.70835, 1.4898], [127.71098, 1.48824], [127.71179, 1.49204], [127.71133, 1.49409], [127.71413, 1.49641], [127.71368, 1.4989], [127.7202, 1.49597], [127.72296, 1.49682], [127.72528, 1.49543], [127.72709, 1.49599], [127.72833, 1.49535], [127.73143, 1.49572], [127.73163, 1.49372], [127.73331, 1.49372], [127.73442, 1.49204], [127.73632, 1.49221], [127.73755, 1.49359], [127.73975, 1.49425], [127.74188, 1.49379], [127.74249, 1.49281], [127.74382, 1.49284], [127.74392, 1.49202], [127.7427, 1.49088], [127.74385, 1.49014], [127.74413, 1.48767], [127.74577, 1.48381], [127.7503, 1.48345], [127.75251, 1.48172], [127.75057, 1.48067], [127.75015, 1.47951], [127.75179, 1.47976], [127.752, 1.47827], [127.75457, 1.47812], [127.75639, 1.47638], [127.75707, 1.47457], [127.75826, 1.4761], [127.76022, 1.47462], [127.76258, 1.4758], [127.7631, 1.47468], [127.76515, 1.47323], [127.76605, 1.4738], [127.76591, 1.47576], [127.76645, 1.47616], [127.76892, 1.47628], [127.7682, 1.47498], [127.76858, 1.47456], [127.77088, 1.47542], [127.77136, 1.47422], [127.77246, 1.47412], [127.77433, 1.47249], [127.77406, 1.47081], [127.77667, 1.46986], [127.77558, 1.4682], [127.77878, 1.46638], [127.7797, 1.4675], [127.77994, 1.46581], [127.7823, 1.46602], [127.78362, 1.46312], [127.78223, 1.46227], [127.78236, 1.46059], [127.78348, 1.46126], [127.78497, 1.46093], [127.78518, 1.46333], [127.78594, 1.46286], [127.78653, 1.46091], [127.78746, 1.46168], [127.78752, 1.46289], [127.78866, 1.46342], [127.79015, 1.46294], [127.79039, 1.46366], [127.78936, 1.46507], [127.79068, 1.46579], [127.79304, 1.46478], [127.79296, 1.46415], [127.79148, 1.4634], [127.79204, 1.46223], [127.7939, 1.46216], [127.79853, 1.45988], [127.7994, 1.46123], [127.80059, 1.46063], [127.80375, 1.46123], [127.80595, 1.46058], [127.80847, 1.46233], [127.81153, 1.46301], [127.81157, 1.45953], [127.8178, 1.45805], [127.81986, 1.45601], [127.82396, 1.45448], [127.82651, 1.45563], [127.82754, 1.45788], [127.82834, 1.45817], [127.82885, 1.45698], [127.82784, 1.45605], [127.82757, 1.4539], [127.82943, 1.45219], [127.8313, 1.45159], [127.82965, 1.45099], [127.83023, 1.44837], [127.8295, 1.44661], [127.83298, 1.44545], [127.83516, 1.44205], [127.83665, 1.44407], [127.83841, 1.44374], [127.83897, 1.44273], [127.8454, 1.44294], [127.84833, 1.44392], [127.84945, 1.44706], [127.84784, 1.4493], [127.84756, 1.4509], [127.8521, 1.45244], [127.8548, 1.45569], [127.85572, 1.45492], [127.85904, 1.45418], [127.87179, 1.45452], [127.87484, 1.45309], [127.87798, 1.45043], [127.88017, 1.45043], [127.8835, 1.45214], [127.88693, 1.45195], [127.88986, 1.456], [127.89275, 1.45847], [127.89418, 1.45867], [127.89646, 1.45837], [127.90028, 1.45624], [127.90233, 1.45377], [127.90394, 1.45309], [127.90971, 1.45484], [127.91511, 1.4541], [127.91835, 1.45244], [127.92336, 1.45232], [127.92507, 1.45048], [127.92646, 1.45124], [127.92911, 1.45026], [127.931, 1.45071], [127.93072, 1.44941], [127.93267, 1.44835], [127.93339, 1.44856], [127.93642, 1.4462], [127.93896, 1.44641], [127.94123, 1.44524], [127.93957, 1.44129], [127.94191, 1.43793], [127.94178, 1.43595], [127.93603, 1.43203], [127.93394, 1.4313], [127.93073, 1.43159], [127.92908, 1.43252], [127.92666, 1.4353], [127.92295, 1.43473], [127.9208, 1.43516], [127.91988, 1.43566], [127.9193, 1.43702], [127.91752, 1.43801], [127.91488, 1.43787], [127.9111, 1.43537], [127.90524, 1.43537], [127.90317, 1.4348], [127.90267, 1.43243], [127.90102, 1.43095], [127.90061, 1.42973], [127.90301, 1.42616], [127.90226, 1.42309], [127.90505, 1.41789], [127.90435, 1.4174], [127.8985, 1.41743], [127.89432, 1.41559], [127.89404, 1.41487], [127.89963, 1.40752], [127.89828, 1.40443], [127.89924, 1.40272], [127.90123, 1.39357], [127.9004, 1.39278], [127.89815, 1.39241], [127.89532, 1.39473], [127.89435, 1.39464], [127.89362, 1.39372], [127.89288, 1.38892], [127.88897, 1.37986], [127.88843, 1.37331], [127.89192, 1.3633], [127.89515, 1.36008], [127.89853, 1.35818], [127.90381, 1.34874], [127.92036, 1.33582], [127.9259, 1.33361], [127.93325, 1.32873], [127.93377, 1.32378], [127.93582, 1.31958], [127.93564, 1.31667], [127.93476, 1.31447], [127.93502, 1.30999], [127.93884, 1.3009], [127.93756, 1.30066], [127.93736, 1.3024], [127.93455, 1.30202], [127.93413, 1.30301], [127.9327, 1.30373], [127.93316, 1.30519], [127.93114, 1.30619], [127.93076, 1.30779], [127.92805, 1.30767], [127.92189, 1.30166], [127.92099, 1.3024], [127.91847, 1.30112], [127.91567, 1.30228], [127.91388, 1.30208], [127.91174, 1.30365], [127.90877, 1.30338], [127.90758, 1.30443], [127.90734, 1.30811], [127.90788, 1.30966], [127.90623, 1.31006], [127.90567, 1.31164], [127.90238, 1.31156], [127.89904, 1.31333], [127.89632, 1.31363], [127.89583, 1.31454], [127.89605, 1.31757], [127.89531, 1.3189], [127.89718, 1.32026], [127.89731, 1.3214], [127.89824, 1.32216], [127.89857, 1.32649], [127.89785, 1.3275], [127.89821, 1.32898], [127.89596, 1.33059], [127.89602, 1.33289], [127.89418, 1.33567], [127.8919, 1.33543], [127.89197, 1.33637], [127.89112, 1.337], [127.8875, 1.33569], [127.88317, 1.33626], [127.88086, 1.33586], [127.87773, 1.337], [127.87541, 1.33661], [127.87467, 1.33893], [127.86961, 1.34287], [127.867, 1.34281], [127.86458, 1.34426], [127.8632, 1.34407], [127.86093, 1.34245], [127.85782, 1.34256], [127.85583, 1.33875], [127.85456, 1.33783], [127.85555, 1.33739], [127.85465, 1.33656], [127.85534, 1.33265], [127.85475, 1.32906], [127.85602, 1.32752], [127.85553, 1.32661], [127.85696, 1.32221], [127.85585, 1.32161], [127.85372, 1.32227], [127.85179, 1.32203], [127.85015, 1.31995], [127.84968, 1.31816], [127.84794, 1.31749], [127.84938, 1.31261], [127.8484, 1.31057], [127.84894, 1.30386], [127.8487, 1.30165], [127.84693, 1.3], [127.84715, 1.29847], [127.84637, 1.29799], [127.84677, 1.29646], [127.84797, 1.29514], [127.84826, 1.29243], [127.85005, 1.29105], [127.85179, 1.28766], [127.85, 1.27952], [127.85037, 1.27739], [127.84683, 1.27076], [127.84879, 1.27], [127.84822, 1.26755], [127.84784, 1.26692], [127.84718, 1.26835], [127.84611, 1.26859], [127.84385, 1.26699], [127.84021, 1.26734], [127.83966, 1.26628], [127.83949, 1.26866], [127.83806, 1.26982], [127.82998, 1.26994], [127.82664, 1.26928], [127.82631, 1.26778], [127.82369, 1.26669], [127.82011, 1.26384], [127.81796, 1.26377], [127.81648, 1.26491], [127.816, 1.26441]]]}}, {"type": "Feature", "properties": {"domain_id": "820607", "name": "WASILE TIMUR"}, "geometry": {"type": "Polygon", "coordinates": [[[128.21133, 1.08255], [128.21099, 1.08004], [128.21, 1.07967], [128.20993, 1.0769], [128.20827, 1.07417], [128.2083, 1.07315], [128.20474, 1.07058], [128.20635, 1.0662], [128.19394, 1.06185], [128.19347, 1.06287], [128.19105, 1.06405], [128.18386, 1.07865], [128.18059, 1.09316], [128.19098, 1.10938], [128.19468, 1.10665], [128.19925, 1.11403], [128.19743, 1.11631], [128.19617, 1.11563], [128.19417, 1.11569], [128.19322, 1.11739], [128.19351, 1.11979], [128.19039, 1.12068], [128.18861, 1.12367], [128.18682, 1.12502], [128.18549, 1.12517], [128.1785, 1.12906], [128.17895, 1.1307], [128.17805, 1.131], [128.17746, 1.1298], [128.17597, 1.131], [128.17686, 1.13429], [128.17463, 1.13459], [128.17379, 1.13578], [128.17534, 1.13616], [128.17582, 1.13796], [128.17512, 1.13797], [128.177, 1.14069], [128.17815, 1.1455], [128.1777, 1.14589], [128.17842, 1.14823], [128.17807, 1.15054], [128.17996, 1.15071], [128.18029, 1.15147], [128.17858, 1.1528], [128.17929, 1.15274], [128.18065, 1.15462], [128.18097, 1.15618], [128.18337, 1.15628], [128.18849, 1.15877], [128.19031, 1.15824], [128.19075, 1.15992], [128.19026, 1.16136], [128.19187, 1.16142], [128.19192, 1.16228], [128.19431, 1.16427], [128.19534, 1.164], [128.19525, 1.16601], [128.19448, 1.16616], [128.1949, 1.1668], [128.19444, 1.16726], [128.19572, 1.16845], [128.19544, 1.1718], [128.19694, 1.17243], [128.1984, 1.18179], [128.19804, 1.18331], [128.19578, 1.18469], [128.19628, 1.18498], [128.19579, 1.18552], [128.19501, 1.18531], [128.19486, 1.18608], [128.19605, 1.18785], [128.19541, 1.18771], [128.19528, 1.18827], [128.1969, 1.19217], [128.19893, 1.19403], [128.19835, 1.19412], [128.19889, 1.19472], [128.20016, 1.19564], [128.20127, 1.19549], [128.20037, 1.19601], [128.20086, 1.19989], [128.20062, 1.20076], [128.19954, 1.20135], [128.19985, 1.20376], [128.19887, 1.20438], [128.19994, 1.20567], [128.1987, 1.20722], [128.19894, 1.20833], [128.20482, 1.20988], [128.21205, 1.21043], [128.21446, 1.21193], [128.21596, 1.21404], [128.21693, 1.21428], [128.21874, 1.2135], [128.22187, 1.21386], [128.22505, 1.21695], [128.22842, 1.21582], [128.23005, 1.21408], [128.23012, 1.20967], [128.22932, 1.2075], [128.23071, 1.20675], [128.23191, 1.20475], [128.23394, 1.2045], [128.23486, 1.20553], [128.23525, 1.20499], [128.23464, 1.20142], [128.23895, 1.19527], [128.23683, 1.19336], [128.23907, 1.19201], [128.23895, 1.19136], [128.23683, 1.191], [128.23545, 1.18782], [128.23597, 1.18701], [128.23804, 1.18633], [128.24133, 1.182], [128.2432, 1.17778], [128.24307, 1.17384], [128.2418, 1.1695], [128.24171, 1.16358], [128.24055, 1.16277], [128.24, 1.16009], [128.23589, 1.15584], [128.23526, 1.14791], [128.23332, 1.14585], [128.22972, 1.13817], [128.22972, 1.13355], [128.22656, 1.12927], [128.22951, 1.12474], [128.22773, 1.12377], [128.22658, 1.12222], [128.22676, 1.11807], [128.22598, 1.11613], [128.22675, 1.11502], [128.2234, 1.112], [128.22527, 1.10883], [128.22844, 1.10773], [128.23045, 1.10564], [128.23008, 1.10393], [128.23081, 1.10181], [128.23018, 1.09878], [128.22851, 1.09596], [128.22432, 1.09478], [128.21269, 1.09615], [128.21266, 1.09315], [128.21071, 1.09015], [128.21155, 1.08619], [128.21133, 1.08255]]]}}, {"type": "Feature", "properties": {"domain_id": "820210", "name": "PATANI TIMUR"}, "geometry": {"type": "MultiPolygon", "coordinates": [[[[128.66724, 0.36202], [128.66624, 0.3614], [128.66665, 0.35725], [128.66983, 0.34564], [128.67533, 0.33905], [128.67816, 0.33664], [128.67995, 0.3365], [128.6829, 0.33483], [128.68452, 0.33201], [128.68636, 0.33168], [128.68836, 0.33243], [128.69245, 0.33002], [128.69338, 0.32504], [128.69122, 0.32066], [128.69252, 0.31899], [128.69709, 0.3157], [128.69759, 0.31441], [128.69412, 0.31407], [128.69171, 0.31495], [128.68934, 0.31495], [128.68254, 0.31232], [128.67673, 0.31218], [128.66778, 0.31421], [128.66533, 0.3159], [128.65939, 0.31822], [128.64889, 0.32031], [128.64407, 0.32078], [128.6401, 0.32028], [128.63617, 0.32163], [128.6331, 0.32416], [128.63553, 0.32726], [128.63578, 0.32936], [128.63701, 0.33171], [128.64305, 0.33636], [128.64027, 0.33907], [128.64044, 0.34171], [128.63972, 0.34476], [128.63684, 0.34615], [128.63474, 0.34588], [128.63321, 0.34761], [128.62961, 0.34718], [128.62509, 0.35044], [128.62459, 0.35154], [128.62079, 0.35206], [128.62073, 0.35269], [128.61918, 0.3533], [128.61846, 0.35473], [128.6176, 0.35501], [128.60868, 0.35485], [128.6071, 0.35289], [128.60504, 0.35384], [128.60481, 0.35478], [128.60682, 0.35737], [128.60859, 0.35852], [128.60868, 0.36002], [128.60152, 0.36213], [128.59972, 0.36342], [128.59905, 0.36664], [128.5976, 0.36772], [128.59731, 0.3698], [128.59538, 0.3726], [128.59556, 0.37681], [128.59423, 0.37983], [128.59466, 0.38111], [128.5972, 0.38272], [128.59737, 0.38389], [128.59849, 0.38412], [128.60246, 0.38165], [128.60905, 0.38031], [128.61531, 0.38426], [128.62021, 0.38362], [128.62505, 0.38209], [128.62838, 0.38243], [128.6301, 0.38474], [128.63067, 0.3867], [128.62974, 0.39111], [128.6276, 0.39447], [128.62953, 0.39496], [128.634, 0.39985], [128.63228, 0.40225], [128.63304, 0.40411], [128.62821, 0.40474], [128.62879, 0.40603], [128.63236, 0.40782], [128.63162, 0.41083], [128.63268, 0.4167], [128.63183, 0.41906], [128.63306, 0.42114], [128.63168, 0.42312], [128.63059, 0.42666], [128.63212, 0.43128], [128.62422, 0.4326], [128.62394, 0.43535], [128.61811, 0.43773], [128.61805, 0.44152], [128.62082, 0.44309], [128.62348, 0.44718], [128.62396, 0.45272], [128.62638, 0.45595], [128.62626, 0.45724], [128.62478, 0.45905], [128.62531, 0.45971], [128.626, 0.45886], [128.6267, 0.45971], [128.62651, 0.46046], [128.62728, 0.46085], [128.62705, 0.46206], [128.62767, 0.46165], [128.62866, 0.46346], [128.62928, 0.46357], [128.62912, 0.46578], [128.62976, 0.4665], [128.62891, 0.46723], [128.62967, 0.46748], [128.62979, 0.46951], [128.63368, 0.47344], [128.6329, 0.47564], [128.63431, 0.4781], [128.63417, 0.48121], [128.63518, 0.48448], [128.63886, 0.48697], [128.64093, 0.48616], [128.64632, 0.4889], [128.64693, 0.4895], [128.64702, 0.49152], [128.6502, 0.49382], [128.65197, 0.49247], [128.6541, 0.49258], [128.65433, 0.49139], [128.65494, 0.49171], [128.65562, 0.49119], [128.65587, 0.49414], [128.65734, 0.49482], [128.658, 0.4932], [128.65969, 0.4947], [128.66215, 0.49472], [128.664, 0.49603], [128.66352, 0.49641], [128.664, 0.4971], [128.6631, 0.49787], [128.66432, 0.49762], [128.66514, 0.49861], [128.66736, 0.49672], [128.66858, 0.49707], [128.66863, 0.49394], [128.67032, 0.49278], [128.66928, 0.49183], [128.66996, 0.49069], [128.66844, 0.49148], [128.66847, 0.49008], [128.66947, 0.49006], [128.67386, 0.48555], [128.67879, 0.4793], [128.6847, 0.4677], [128.68771, 0.458], [128.68859, 0.44495], [128.68761, 0.43996], [128.6863, 0.44017], [128.68505, 0.43932], [128.68412, 0.43513], [128.68317, 0.43431], [128.68344, 0.43358], [128.68218, 0.43092], [128.68269, 0.42606], [128.68344, 0.42547], [128.68358, 0.42333], [128.68441, 0.42246], [128.68463, 0.41988], [128.68564, 0.41871], [128.68517, 0.41729], [128.68649, 0.41358], [128.68628, 0.41281], [128.68541, 0.41266], [128.68488, 0.41065], [128.68683, 0.40411], [128.68366, 0.3973], [128.67977, 0.39346], [128.67963, 0.38735], [128.67774, 0.38444], [128.67789, 0.38047], [128.67693, 0.37771], [128.67016, 0.36524], [128.66724, 0.36202]]], [[[128.81805, 0.56236], [128.82807, 0.55298], [128.83541, 0.54206], [128.84688, 0.52715], [128.84933, 0.52165], [128.85378, 0.51493], [128.85426, 0.51016], [128.85532, 0.50683], [128.86218, 0.49741], [128.86171, 0.49692], [128.86205, 0.49321], [128.86103, 0.49113], [128.85662, 0.49023], [128.85584, 0.49264], [128.85244, 0.49547], [128.84453, 0.49944], [128.84025, 0.50316], [128.83569, 0.50574], [128.83556, 0.50661], [128.83038, 0.50936], [128.82888, 0.51089], [128.82647, 0.51606], [128.82296, 0.51961], [128.82223, 0.52199], [128.8158, 0.53143], [128.80596, 0.55357], [128.80519, 0.55784], [128.80565, 0.56165], [128.80671, 0.56298], [128.80645, 0.56408], [128.80832, 0.5657], [128.81091, 0.56564], [128.81805, 0.56236]]], [[[128.87329, 0.45509], [128.86937, 0.45795], [128.86574, 0.46254], [128.8613, 0.47439], [128.86171, 0.47608], [128.86576, 0.47906], [128.86774, 0.47901], [128.86935, 0.47774], [128.87222, 0.47147], [128.87379, 0.46416], [128.87445, 0.45498], [128.87329, 0.45509]]]]}}, {"type": "Feature", "properties": {"domain_id": "820310", "name": "TOBELO UTARA"}, "geometry": {"type": "MultiPolygon", "coordinates": [[[[127.83546, 1.67267], [127.82147, 1.67338], [127.80676, 1.67854], [127.77984, 1.67639], [127.76483, 1.68099], [127.73478, 1.67972], [127.71371, 1.68136], [127.71135, 1.6831], [127.70921, 1.68646], [127.70841, 1.68921], [127.70702, 1.69023], [127.70661, 1.69179], [127.7057, 1.69257], [127.70575, 1.69755], [127.70376, 1.70135], [127.70324, 1.70574], [127.70438, 1.70688], [127.70416, 1.70824], [127.70517, 1.71055], [127.71363, 1.71256], [127.71678, 1.7122], [127.71875, 1.71073], [127.71939, 1.71096], [127.72153, 1.71505], [127.72309, 1.71569], [127.72368, 1.71671], [127.72727, 1.71848], [127.72988, 1.71864], [127.73694, 1.71214], [127.74081, 1.71141], [127.744, 1.71189], [127.74615, 1.71098], [127.74731, 1.70792], [127.7556, 1.69921], [127.75867, 1.69707], [127.76151, 1.69612], [127.76878, 1.69729], [127.77432, 1.70079], [127.77733, 1.70673], [127.78, 1.70945], [127.78342, 1.71494], [127.78495, 1.71917], [127.78722, 1.7302], [127.79143, 1.73577], [127.79417, 1.73637], [127.8027, 1.73052], [127.81216, 1.72969], [127.81585, 1.72703], [127.81968, 1.72564], [127.82365, 1.72316], [127.83116, 1.72266], [127.84062, 1.71908], [127.84185, 1.71644], [127.84348, 1.71552], [127.85126, 1.71409], [127.86059, 1.71144], [127.86843, 1.71564], [127.8707, 1.71799], [127.87491, 1.72034], [127.88057, 1.7224], [127.88536, 1.72815], [127.89363, 1.73197], [127.89703, 1.73688], [127.89703, 1.73908], [127.90072, 1.74123], [127.90298, 1.74384], [127.90619, 1.74491], [127.90713, 1.74585], [127.91079, 1.75404], [127.9134, 1.76221], [127.91622, 1.76394], [127.9166, 1.7649], [127.91574, 1.76899], [127.91403, 1.77175], [127.91593, 1.77965], [127.91583, 1.7827], [127.9146, 1.79107], [127.91269, 1.79688], [127.91225, 1.80348], [127.91173, 1.80394], [127.91638, 1.80504], [127.91858, 1.80695], [127.92417, 1.80827], [127.92493, 1.80777], [127.92822, 1.80975], [127.93013, 1.80675], [127.93183, 1.80707], [127.9328, 1.80881], [127.9358, 1.8069], [127.93595, 1.8064], [127.93452, 1.80528], [127.9357, 1.80322], [127.93719, 1.80337], [127.93813, 1.80489], [127.93918, 1.80503], [127.94507, 1.79762], [127.94353, 1.797], [127.94321, 1.79836], [127.94163, 1.79904], [127.94163, 1.80103], [127.93993, 1.80248], [127.93895, 1.80212], [127.93863, 1.80086], [127.94281, 1.79724], [127.94339, 1.7952], [127.94496, 1.79424], [127.94495, 1.79309], [127.9462, 1.79335], [127.9493, 1.79227], [127.95134, 1.79369], [127.95429, 1.79195], [127.95434, 1.78976], [127.95577, 1.78829], [127.9569, 1.78532], [127.95642, 1.78128], [127.9579, 1.77978], [127.95777, 1.7784], [127.95682, 1.77863], [127.95617, 1.77718], [127.95703, 1.77701], [127.95721, 1.77544], [127.95955, 1.77254], [127.96071, 1.76839], [127.96027, 1.76768], [127.96217, 1.76841], [127.96268, 1.76955], [127.96396, 1.76954], [127.96653, 1.77096], [127.9709, 1.77054], [127.9709, 1.76976], [127.97274, 1.76806], [127.97483, 1.76699], [127.98126, 1.76668], [127.98157, 1.76722], [127.98138, 1.76674], [127.98212, 1.76642], [127.9829, 1.76738], [127.98334, 1.76759], [127.98243, 1.76603], [127.98646, 1.76317], [127.98981, 1.76121], [127.99097, 1.76215], [127.99211, 1.76155], [127.99412, 1.75742], [127.98458, 1.74934], [127.97422, 1.74487], [127.96467, 1.74534], [127.95857, 1.74412], [127.94913, 1.7362], [127.94708, 1.73251], [127.94518, 1.73051], [127.93775, 1.72461], [127.93537, 1.71985], [127.93166, 1.71728], [127.92947, 1.71443], [127.92424, 1.71214], [127.92013, 1.70744], [127.91797, 1.70626], [127.91334, 1.7058], [127.90329, 1.70326], [127.88609, 1.68824], [127.85555, 1.67589], [127.83546, 1.67267]]], [[[128.01336, 1.77929], [128.01964, 1.77094], [128.01964, 1.76919], [128.01849, 1.76757], [128.01673, 1.76728], [128.0128, 1.76817], [128.01006, 1.7695], [128.00848, 1.77105], [128.00693, 1.77442], [128.00446, 1.77638], [128.00374, 1.77831], [128.00342, 1.78339], [128.0009, 1.78574], [128.00112, 1.78634], [127.99993, 1.78586], [127.99924, 1.78628], [127.99576, 1.79084], [127.99455, 1.79735], [127.99345, 1.79858], [127.99349, 1.80224], [127.994, 1.8023], [127.99879, 1.79578], [128.00623, 1.78994], [128.01336, 1.77929]]], [[[127.98375, 1.77365], [127.98488, 1.77223], [127.98014, 1.7711], [127.97926, 1.77308], [127.98017, 1.77447], [127.98375, 1.77365]]], [[[127.97441, 1.77607], [127.97454, 1.77494], [127.97193, 1.77256], [127.97161, 1.77415], [127.9707, 1.77478], [127.97196, 1.77504], [127.97297, 1.7761], [127.97441, 1.77607]]]]}}, {"type": "Feature", "properties": {"domain_id": "827204", "name": "TIDORE SELATAN"}, "geometry": {"type": "MultiPolygon", "coordinates": [[[[127.40902, 0.62275], [127.40731, 0.62301], [127.4072, 0.62259], [127.40709, 0.62307], [127.40567, 0.62214], [127.40166, 0.62202], [127.39364, 0.62472], [127.38853, 0.62524], [127.38527, 0.62721], [127.38338, 0.62675], [127.38219, 0.6288], [127.37849, 0.63064], [127.37347, 0.63863], [127.369, 0.64279], [127.36769, 0.64478], [127.36527, 0.65213], [127.36541, 0.65374], [127.36448, 0.65662], [127.36507, 0.65847], [127.37969, 0.65789], [127.38259, 0.65648], [127.40229, 0.66204], [127.41027, 0.65567], [127.4228, 0.6392], [127.43207, 0.63268], [127.43012, 0.63213], [127.42887, 0.62926], [127.4254, 0.62678], [127.42038, 0.62576], [127.41667, 0.62371], [127.41257, 0.62237], [127.40932, 0.62269], [127.40969, 0.62226], [127.40902, 0.62275]]], [[[127.40033, 0.5663], [127.39822, 0.56405], [127.3939, 0.56263], [127.3911, 0.56273], [127.39159, 0.562], [127.38832, 0.56272], [127.38541, 0.56489], [127.38439, 0.56397], [127.38482, 0.56326], [127.3842, 0.56376], [127.38302, 0.56265], [127.38206, 0.5584], [127.38003, 0.56105], [127.37968, 0.56506], [127.38173, 0.56841], [127.38189, 0.56976], [127.38277, 0.57115], [127.38524, 0.57264], [127.38595, 0.57665], [127.38714, 0.57723], [127.38771, 0.57909], [127.39143, 0.58259], [127.39312, 0.58668], [127.39403, 0.58684], [127.39521, 0.58517], [127.39831, 0.58598], [127.39968, 0.58355], [127.40179, 0.58547], [127.40413, 0.58568], [127.40818, 0.58472], [127.41058, 0.58138], [127.41025, 0.57902], [127.41091, 0.57736], [127.41082, 0.57373], [127.40893, 0.57322], [127.40809, 0.57088], [127.40602, 0.56801], [127.40296, 0.56888], [127.40099, 0.5676], [127.40033, 0.5663]]]]}}, {"type": "Feature", "properties": {"domain_id": "820202", "name": "PATANI"}, "geometry": {"type": "MultiPolygon", "coordinates": [[[[128.76936, 0.27702], [128.76118, 0.27915], [128.75461, 0.28229], [128.75145, 0.28218], [128.75096, 0.28103], [128.75035, 0.2812], [128.75037, 0.28201], [128.74917, 0.28241], [128.74599, 0.28127], [128.7422, 0.28219], [128.73903, 0.28171], [128.73655, 0.28237], [128.73575, 0.28324], [128.7309, 0.28285], [128.72735, 0.28477], [128.71961, 0.28656], [128.71918, 0.2875], [128.71795, 0.28758], [128.71793, 0.28823], [128.71253, 0.29223], [128.70638, 0.29419], [128.70073, 0.29498], [128.69844, 0.29666], [128.69699, 0.29664], [128.69632, 0.29726], [128.69312, 0.29712], [128.69092, 0.29781], [128.68985, 0.2969], [128.68598, 0.29695], [128.68581, 0.29569], [128.68107, 0.2962], [128.6792, 0.29507], [128.67745, 0.29499], [128.67498, 0.29527], [128.67215, 0.29651], [128.66896, 0.29913], [128.6647, 0.30043], [128.66352, 0.30164], [128.65905, 0.30081], [128.65625, 0.30116], [128.65367, 0.30365], [128.65231, 0.3038], [128.65182, 0.30294], [128.65098, 0.30302], [128.64876, 0.30497], [128.64765, 0.30737], [128.64499, 0.30892], [128.64648, 0.31317], [128.64664, 0.31786], [128.64801, 0.32034], [128.65387, 0.31947], [128.66023, 0.31794], [128.66533, 0.3159], [128.66778, 0.31421], [128.67673, 0.31218], [128.68254, 0.31232], [128.68934, 0.31495], [128.69171, 0.31495], [128.69412, 0.31407], [128.70091, 0.31412], [128.70383, 0.30788], [128.70553, 0.30565], [128.71186, 0.30556], [128.71345, 0.30476], [128.71598, 0.30459], [128.71653, 0.30393], [128.72259, 0.30621], [128.72893, 0.30594], [128.73111, 0.30692], [128.73596, 0.30682], [128.74409, 0.30401], [128.74621, 0.30153], [128.74952, 0.29983], [128.7661, 0.29873], [128.77236, 0.29458], [128.77964, 0.29129], [128.78296, 0.28996], [128.78548, 0.2897], [128.78818, 0.28807], [128.79227, 0.28717], [128.79338, 0.28618], [128.79908, 0.28486], [128.80644, 0.28132], [128.81242, 0.28081], [128.81548, 0.28185], [128.81648, 0.27986], [128.81764, 0.279], [128.82523, 0.2778], [128.82713, 0.27675], [128.83236, 0.27547], [128.83665, 0.27326], [128.83765, 0.27547], [128.83847, 0.27596], [128.8426, 0.27378], [128.84546, 0.27357], [128.84826, 0.27143], [128.84864, 0.2679], [128.8514, 0.26549], [128.85341, 0.26569], [128.85732, 0.26914], [128.85946, 0.26962], [128.8612, 0.2713], [128.86523, 0.26547], [128.86644, 0.26257], [128.86846, 0.2515], [128.86877, 0.23999], [128.87125, 0.2361], [128.87352, 0.2341], [128.87292, 0.23376], [128.87307, 0.23263], [128.87552, 0.2283], [128.87901, 0.22544], [128.88659, 0.22164], [128.89443, 0.2165], [128.90321, 0.20776], [128.89958, 0.21], [128.896, 0.20995], [128.89235, 0.21173], [128.88919, 0.2105], [128.88667, 0.21103], [128.8825, 0.21474], [128.88014, 0.21825], [128.87614, 0.22045], [128.8655, 0.22349], [128.86114, 0.22892], [128.85835, 0.23086], [128.85442, 0.23797], [128.85297, 0.23887], [128.85225, 0.24388], [128.85007, 0.24458], [128.84897, 0.24787], [128.85101, 0.25142], [128.84849, 0.25456], [128.84521, 0.26097], [128.84238, 0.26169], [128.84286, 0.25957], [128.84126, 0.25997], [128.83739, 0.25909], [128.83332, 0.2599], [128.83244, 0.25898], [128.82932, 0.2586], [128.82607, 0.25997], [128.82247, 0.26277], [128.8148, 0.26384], [128.81324, 0.26533], [128.81001, 0.26622], [128.80907, 0.26743], [128.80746, 0.26814], [128.80156, 0.26781], [128.80078, 0.2687], [128.79692, 0.26931], [128.79503, 0.27076], [128.79265, 0.27116], [128.79133, 0.2722], [128.78282, 0.27318], [128.77796, 0.27513], [128.77536, 0.27702], [128.76936, 0.27702]]], [[[128.94047, 0.19263], [128.94476, 0.19181], [128.94771, 0.18905], [128.95696, 0.18364], [128.96207, 0.18218], [128.96308, 0.18033], [128.96599, 0.17803], [128.96724, 0.17619], [128.97666, 0.16993], [128.97924, 0.16709], [128.97761, 0.16544], [128.97357, 0.16787], [128.97096, 0.1683], [128.96803, 0.17114], [128.96688, 0.17344], [128.96453, 0.17487], [128.95648, 0.17431], [128.95985, 0.1758], [128.96153, 0.17532], [128.96346, 0.17572], [128.96285, 0.17681], [128.96123, 0.17773], [128.95874, 0.17731], [128.95785, 0.17798], [128.95698, 0.17776], [128.95785, 0.17611], [128.95688, 0.17579], [128.94948, 0.18], [128.94483, 0.18422], [128.94237, 0.1881], [128.94034, 0.18993], [128.93903, 0.19269], [128.94047, 0.19263]]]]}}, {"type": "Feature", "properties": {"domain_id": "820314", "name": "GALELA BARAT"}, "geometry": {"type": "Polygon", "coordinates": [[[127.79052, 1.82172], [127.78414, 1.81838], [127.76802, 1.77425], [127.76667, 1.76666], [127.76585, 1.76617], [127.7654, 1.76397], [127.7604, 1.75936], [127.75829, 1.75811], [127.75446, 1.75788], [127.75235, 1.75538], [127.7504, 1.74803], [127.74901, 1.74536], [127.74876, 1.74116], [127.74789, 1.7406], [127.74094, 1.74082], [127.73746, 1.7364], [127.73583, 1.73063], [127.7347, 1.73089], [127.73292, 1.73326], [127.72929, 1.73373], [127.72783, 1.73691], [127.72699, 1.73732], [127.72456, 1.73405], [127.72026, 1.73402], [127.71815, 1.73032], [127.71603, 1.73043], [127.71404, 1.72813], [127.7103, 1.72727], [127.71056, 1.72876], [127.70936, 1.73369], [127.71222, 1.74223], [127.71343, 1.74406], [127.71194, 1.74919], [127.71073, 1.75058], [127.71141, 1.75478], [127.71252, 1.75768], [127.71433, 1.76008], [127.71422, 1.76268], [127.71671, 1.76383], [127.71768, 1.76503], [127.71843, 1.77034], [127.71771, 1.77758], [127.71804, 1.77788], [127.72151, 1.77836], [127.7218, 1.77857], [127.72043, 1.77977], [127.72007, 1.78212], [127.71894, 1.78256], [127.71918, 1.78381], [127.71711, 1.78725], [127.71663, 1.79002], [127.71997, 1.79272], [127.72394, 1.79083], [127.72606, 1.79104], [127.72717, 1.79202], [127.72805, 1.79413], [127.73, 1.79569], [127.73459, 1.79744], [127.73406, 1.80085], [127.73602, 1.80444], [127.73543, 1.80714], [127.73605, 1.81268], [127.73518, 1.81337], [127.73703, 1.81514], [127.73861, 1.81509], [127.73946, 1.81577], [127.74119, 1.8219], [127.74046, 1.83059], [127.74145, 1.83288], [127.74292, 1.83373], [127.74212, 1.83578], [127.7437, 1.83617], [127.74427, 1.83837], [127.74605, 1.84041], [127.74882, 1.84612], [127.74763, 1.85198], [127.74613, 1.85401], [127.74417, 1.85447], [127.74394, 1.85566], [127.74572, 1.85772], [127.74864, 1.85655], [127.7506, 1.85718], [127.74752, 1.8591], [127.74831, 1.86186], [127.74719, 1.86169], [127.74633, 1.86287], [127.74826, 1.86445], [127.74771, 1.86779], [127.75118, 1.87153], [127.7519, 1.87477], [127.75392, 1.87571], [127.75766, 1.87519], [127.76069, 1.87558], [127.76198, 1.87914], [127.76044, 1.88042], [127.76149, 1.88152], [127.76127, 1.8827], [127.75978, 1.88337], [127.76083, 1.88883], [127.7671, 1.8935], [127.77048, 1.894], [127.77244, 1.89546], [127.77304, 1.89798], [127.77198, 1.9008], [127.7733, 1.9015], [127.77421, 1.90294], [127.77639, 1.90362], [127.77808, 1.90317], [127.77759, 1.90446], [127.77839, 1.90534], [127.77918, 1.90487], [127.78226, 1.90561], [127.78445, 1.90458], [127.78553, 1.90535], [127.78549, 1.90628], [127.78695, 1.90543], [127.788, 1.90649], [127.78821, 1.90789], [127.78889, 1.9077], [127.78997, 1.90884], [127.79084, 1.90799], [127.79099, 1.9032], [127.79254, 1.90167], [127.79758, 1.90074], [127.80216, 1.89859], [127.80712, 1.89819], [127.82133, 1.9015], [127.8243, 1.90285], [127.82811, 1.90588], [127.82751, 1.9047], [127.82632, 1.8854], [127.81977, 1.88566], [127.81932, 1.87343], [127.81585, 1.87363], [127.80968, 1.86723], [127.80935, 1.86024], [127.80612, 1.8521], [127.81066, 1.85005], [127.81397, 1.85438], [127.8186, 1.85344], [127.82581, 1.83058], [127.82779, 1.82014], [127.80056, 1.8199], [127.79673, 1.82293], [127.79451, 1.82225], [127.7919, 1.82301], [127.79052, 1.82172]]]}}, {"type": "Feature", "properties": {"domain_id": "820316", "name": "GALELA SELATAN"}, "geometry": {"type": "Polygon", "coordinates": [[[127.78674, 1.72672], [127.78342, 1.71494], [127.78, 1.70945], [127.77733, 1.70673], [127.77432, 1.70079], [127.76878, 1.69729], [127.76151, 1.69612], [127.75867, 1.69707], [127.7556, 1.69921], [127.74731, 1.70792], [127.74615, 1.71098], [127.74523, 1.71164], [127.73928, 1.71148], [127.73694, 1.71214], [127.72988, 1.71864], [127.72727, 1.71848], [127.72368, 1.71671], [127.72309, 1.71569], [127.72153, 1.71505], [127.71939, 1.71096], [127.71875, 1.71073], [127.71678, 1.7122], [127.71363, 1.71256], [127.70517, 1.71055], [127.70333, 1.71431], [127.70471, 1.71541], [127.70514, 1.71781], [127.70695, 1.7186], [127.70733, 1.7228], [127.70954, 1.72382], [127.7103, 1.72727], [127.71404, 1.72813], [127.71603, 1.73043], [127.71815, 1.73032], [127.72026, 1.73402], [127.72456, 1.73405], [127.72728, 1.73735], [127.72929, 1.73373], [127.73292, 1.73326], [127.7347, 1.73089], [127.73583, 1.73063], [127.73746, 1.7364], [127.74094, 1.74082], [127.74789, 1.7406], [127.74876, 1.74116], [127.74901, 1.74536], [127.7504, 1.74803], [127.75235, 1.75538], [127.75446, 1.75788], [127.75829, 1.75811], [127.7604, 1.75936], [127.7654, 1.76397], [127.76585, 1.76617], [127.76667, 1.76666], [127.76802, 1.77425], [127.78428, 1.81854], [127.78976, 1.82111], [127.79228, 1.82307], [127.79451, 1.82225], [127.79673, 1.82293], [127.80056, 1.8199], [127.82833, 1.82014], [127.8275, 1.815], [127.8276, 1.81353], [127.82908, 1.81135], [127.82908, 1.80812], [127.83103, 1.80486], [127.8351, 1.7939], [127.83782, 1.77982], [127.84222, 1.77423], [127.84633, 1.75793], [127.85089, 1.74737], [127.85522, 1.74209], [127.85955, 1.73419], [127.86528, 1.72772], [127.86707, 1.72282], [127.87049, 1.71776], [127.86721, 1.71489], [127.86059, 1.71144], [127.85929, 1.71146], [127.85126, 1.71409], [127.84246, 1.71592], [127.84062, 1.71908], [127.83116, 1.72266], [127.82365, 1.72316], [127.81968, 1.72564], [127.81585, 1.72703], [127.81216, 1.72969], [127.8027, 1.73052], [127.79417, 1.73637], [127.79143, 1.73577], [127.78722, 1.7302], [127.78674, 1.72672]]]}}, {"type": "Feature", "properties": {"domain_id": "820609", "name": "MABA UTARA"}, "geometry": {"type": "Polygon", "coordinates": [[[128.69445, 1.20133], [128.69262, 1.19962], [128.69147, 1.19958], [128.69079, 1.19837], [128.69086, 1.19416], [128.69249, 1.18648], [128.69357, 1.18433], [128.69294, 1.18434], [128.69002, 1.17749], [128.69059, 1.17665], [128.69029, 1.17568], [128.69191, 1.17385], [128.69106, 1.17214], [128.69127, 1.1684], [128.69227, 1.16784], [128.69239, 1.1664], [128.69139, 1.1643], [128.69164, 1.16236], [128.6935, 1.16094], [128.69405, 1.15919], [128.69196, 1.15547], [128.69179, 1.15357], [128.69304, 1.15073], [128.69485, 1.14976], [128.69568, 1.14851], [128.69576, 1.14473], [128.6968, 1.1413], [128.69478, 1.13906], [128.69508, 1.11932], [128.69219, 1.1101], [128.68859, 1.10484], [128.68831, 1.09924], [128.6891, 1.09799], [128.68824, 1.09519], [128.68896, 1.08997], [128.69349, 1.07763], [128.69535, 1.0755], [128.69557, 1.076], [128.69701, 1.0757], [128.69917, 1.07095], [128.70013, 1.06758], [128.69947, 1.06583], [128.69347, 1.07047], [128.6909, 1.07157], [128.68359, 1.07252], [128.67975, 1.07647], [128.6736, 1.07533], [128.6699, 1.07915], [128.66952, 1.08055], [128.66707, 1.08174], [128.66424, 1.0844], [128.6629, 1.0873], [128.66147, 1.08746], [128.65434, 1.09115], [128.65229, 1.0946], [128.65091, 1.09929], [128.64711, 1.10245], [128.64573, 1.10608], [128.64411, 1.10738], [128.63824, 1.10182], [128.63577, 1.10034], [128.63248, 1.09861], [128.6272, 1.09737], [128.62582, 1.09857], [128.62497, 1.10129], [128.62307, 1.10417], [128.62121, 1.10603], [128.62092, 1.10814], [128.62316, 1.11906], [128.62337, 1.13028], [128.62279, 1.13578], [128.62343, 1.1387], [128.62088, 1.14126], [128.6212, 1.1447], [128.61927, 1.14616], [128.61774, 1.14532], [128.61555, 1.14552], [128.61355, 1.14638], [128.61232, 1.148], [128.60591, 1.15086], [128.6041, 1.15036], [128.60251, 1.15121], [128.60047, 1.14979], [128.59861, 1.1495], [128.60178, 1.15354], [128.60157, 1.15488], [128.60039, 1.15653], [128.59919, 1.15676], [128.59841, 1.15835], [128.59605, 1.15892], [128.59644, 1.16055], [128.59586, 1.16141], [128.5903, 1.16249], [128.58612, 1.16997], [128.58348, 1.17074], [128.5803, 1.16966], [128.57762, 1.17319], [128.57289, 1.17613], [128.56885, 1.17804], [128.56107, 1.18008], [128.55351, 1.18486], [128.54887, 1.18582], [128.54376, 1.18546], [128.54162, 1.18462], [128.53948, 1.18498], [128.53781, 1.18414], [128.53579, 1.17851], [128.5283, 1.17528], [128.51958, 1.17752], [128.51671, 1.18246], [128.5148, 1.18402], [128.50984, 1.18488], [128.50779, 1.18114], [128.50553, 1.17935], [128.50184, 1.17935], [128.49495, 1.18066], [128.49102, 1.17946], [128.48139, 1.16965], [128.47807, 1.16761], [128.4721, 1.16654], [128.46736, 1.16746], [128.46531, 1.16909], [128.45753, 1.17084], [128.44941, 1.17529], [128.44696, 1.17582], [128.44235, 1.17529], [128.43716, 1.17715], [128.43521, 1.1763], [128.43247, 1.17623], [128.43108, 1.17552], [128.42881, 1.17258], [128.42599, 1.16299], [128.42423, 1.15904], [128.41752, 1.16092], [128.41434, 1.16113], [128.41358, 1.1623], [128.41057, 1.16314], [128.40933, 1.16577], [128.40324, 1.1684], [128.40116, 1.16864], [128.40092, 1.17163], [128.40157, 1.17349], [128.40442, 1.17498], [128.40329, 1.17857], [128.39827, 1.1802], [128.39406, 1.18336], [128.39393, 1.18528], [128.3944, 1.19386], [128.39326, 1.20295], [128.39463, 1.208], [128.39301, 1.21235], [128.39415, 1.21656], [128.39638, 1.22015], [128.39739, 1.23189], [128.39864, 1.23698], [128.39826, 1.24248], [128.39918, 1.24553], [128.40334, 1.25064], [128.40562, 1.25225], [128.40682, 1.25426], [128.40785, 1.25823], [128.40755, 1.26182], [128.41347, 1.26897], [128.41468, 1.27433], [128.41832, 1.28063], [128.42211, 1.28636], [128.42494, 1.28902], [128.42722, 1.2935], [128.4331, 1.30045], [128.43292, 1.3074], [128.43757, 1.31509], [128.442, 1.3162], [128.44354, 1.31769], [128.44704, 1.33033], [128.45064, 1.33454], [128.45007, 1.34486], [128.45412, 1.35003], [128.45771, 1.35297], [128.45994, 1.35756], [128.46114, 1.36587], [128.46328, 1.36623], [128.46444, 1.36758], [128.46894, 1.36494], [128.47238, 1.36517], [128.47512, 1.36403], [128.47543, 1.36249], [128.48021, 1.36396], [128.48071, 1.36308], [128.48011, 1.36107], [128.48189, 1.35874], [128.48275, 1.35858], [128.48372, 1.35922], [128.4841, 1.36137], [128.48583, 1.36152], [128.48742, 1.36328], [128.48965, 1.36308], [128.48994, 1.36148], [128.49131, 1.36062], [128.49253, 1.36087], [128.49268, 1.36225], [128.49102, 1.36575], [128.49186, 1.36667], [128.49475, 1.36676], [128.49617, 1.37153], [128.49689, 1.37191], [128.49767, 1.37166], [128.49786, 1.37081], [128.49677, 1.36778], [128.4992, 1.36734], [128.50462, 1.36406], [128.50581, 1.36437], [128.50629, 1.36954], [128.50746, 1.36966], [128.50949, 1.36634], [128.51289, 1.36275], [128.51356, 1.36021], [128.51548, 1.36162], [128.51593, 1.36416], [128.51679, 1.36507], [128.5191, 1.36371], [128.52057, 1.36521], [128.52424, 1.36472], [128.52457, 1.36373], [128.52395, 1.36284], [128.5225, 1.36359], [128.52043, 1.36323], [128.52017, 1.36246], [128.521, 1.36191], [128.52925, 1.36174], [128.53171, 1.37094], [128.53129, 1.37453], [128.53824, 1.38919], [128.54507, 1.39455], [128.5522, 1.40281], [128.56006, 1.41008], [128.56521, 1.41981], [128.56882, 1.42937], [128.57049, 1.43839], [128.57233, 1.44096], [128.5699, 1.44497], [128.57204, 1.44856], [128.57088, 1.45141], [128.57128, 1.4538], [128.57348, 1.45502], [128.57744, 1.45487], [128.57782, 1.45533], [128.5768, 1.45967], [128.5787, 1.45862], [128.58035, 1.45904], [128.58107, 1.46025], [128.58231, 1.45832], [128.58309, 1.45847], [128.58299, 1.4605], [128.58415, 1.46161], [128.58269, 1.4636], [128.58452, 1.46632], [128.58633, 1.46694], [128.58578, 1.46914], [128.58776, 1.4708], [128.58702, 1.47278], [128.59006, 1.47412], [128.59126, 1.47805], [128.59641, 1.47688], [128.5995, 1.4778], [128.60095, 1.47942], [128.60269, 1.48688], [128.60155, 1.49627], [128.60117, 1.50622], [128.60356, 1.51785], [128.6049, 1.5192], [128.60487, 1.5212], [128.61167, 1.5248], [128.61373, 1.52719], [128.61676, 1.52641], [128.61789, 1.52743], [128.61926, 1.52749], [128.62199, 1.52967], [128.62196, 1.53045], [128.62339, 1.53006], [128.62496, 1.53144], [128.62401, 1.53317], [128.62211, 1.53303], [128.62345, 1.53389], [128.62541, 1.53862], [128.62343, 1.53825], [128.62337, 1.53952], [128.62118, 1.53984], [128.622, 1.5407], [128.62185, 1.54464], [128.61961, 1.54572], [128.619, 1.54541], [128.61908, 1.54616], [128.61803, 1.54661], [128.62012, 1.54724], [128.6194, 1.54861], [128.62011, 1.55028], [128.62097, 1.55027], [128.62043, 1.55145], [128.62166, 1.55235], [128.62034, 1.55318], [128.61924, 1.5526], [128.61871, 1.55293], [128.61904, 1.55464], [128.61825, 1.55555], [128.61814, 1.55723], [128.61527, 1.56181], [128.61529, 1.5637], [128.61442, 1.56482], [128.61379, 1.56925], [128.61455, 1.56994], [128.61502, 1.56965], [128.61331, 1.5719], [128.6138, 1.57276], [128.61286, 1.57457], [128.61498, 1.57623], [128.61667, 1.57642], [128.61659, 1.57725], [128.61737, 1.57717], [128.61726, 1.57794], [128.61812, 1.57777], [128.61947, 1.57866], [128.61955, 1.57945], [128.62218, 1.58007], [128.62658, 1.58244], [128.63445, 1.58312], [128.63652, 1.58228], [128.64008, 1.57866], [128.64254, 1.57885], [128.64539, 1.58051], [128.64879, 1.58083], [128.64983, 1.58252], [128.65149, 1.58323], [128.65834, 1.58462], [128.66192, 1.58704], [128.6637, 1.58685], [128.66656, 1.58902], [128.67025, 1.58992], [128.67352, 1.58958], [128.67638, 1.58831], [128.68063, 1.58479], [128.68194, 1.58279], [128.68363, 1.58186], [128.68618, 1.58161], [128.68964, 1.58243], [128.69078, 1.58189], [128.69836, 1.58199], [128.69905, 1.58058], [128.69811, 1.57883], [128.69911, 1.57808], [128.70753, 1.57674], [128.72183, 1.57295], [128.72507, 1.56788], [128.72589, 1.56388], [128.72349, 1.55838], [128.72342, 1.5569], [128.72422, 1.55553], [128.72363, 1.55416], [128.72461, 1.55395], [128.72369, 1.55397], [128.72369, 1.55047], [128.72706, 1.5408], [128.72771, 1.54049], [128.72973, 1.54138], [128.73092, 1.54001], [128.73134, 1.53863], [128.73088, 1.53682], [128.7316, 1.53623], [128.73129, 1.53359], [128.73051, 1.53282], [128.72877, 1.53315], [128.72776, 1.53102], [128.72544, 1.52995], [128.7255, 1.5288], [128.72467, 1.52795], [128.72368, 1.52849], [128.72244, 1.52692], [128.72091, 1.5285], [128.71907, 1.52827], [128.71752, 1.52899], [128.7165, 1.53132], [128.7154, 1.5314], [128.7152, 1.53081], [128.71515, 1.53282], [128.71359, 1.53394], [128.71285, 1.53653], [128.71203, 1.53644], [128.70869, 1.53858], [128.70655, 1.53764], [128.7057, 1.53647], [128.70431, 1.53739], [128.70349, 1.53544], [128.70175, 1.53508], [128.69648, 1.53685], [128.69678, 1.53287], [128.69594, 1.53043], [128.69789, 1.52703], [128.69762, 1.5251], [128.69588, 1.5249], [128.69647, 1.52453], [128.69634, 1.52336], [128.69705, 1.52112], [128.69774, 1.52095], [128.6976, 1.5202], [128.69909, 1.52279], [128.69783, 1.52049], [128.69942, 1.52125], [128.70023, 1.52101], [128.69975, 1.51947], [128.69856, 1.51914], [128.69855, 1.51852], [128.69749, 1.51893], [128.6972, 1.51608], [128.6966, 1.5159], [128.69756, 1.51443], [128.69604, 1.51178], [128.69547, 1.50751], [128.69605, 1.50708], [128.69565, 1.506], [128.69651, 1.50422], [128.69038, 1.50674], [128.6884, 1.50852], [128.68423, 1.50684], [128.68177, 1.50257], [128.68082, 1.49751], [128.67949, 1.49555], [128.67941, 1.49352], [128.68047, 1.49246], [128.68154, 1.48531], [128.6851, 1.47244], [128.68615, 1.46703], [128.68564, 1.46653], [128.68616, 1.46517], [128.68564, 1.46273], [128.68623, 1.46026], [128.68908, 1.45496], [128.69245, 1.44644], [128.71281, 1.41727], [128.72262, 1.40752], [128.73238, 1.40105], [128.73247, 1.40011], [128.73658, 1.39838], [128.74356, 1.39676], [128.74916, 1.39923], [128.75277, 1.39956], [128.75681, 1.39744], [128.75821, 1.39459], [128.7577, 1.38884], [128.75564, 1.38659], [128.75488, 1.38374], [128.7519, 1.38074], [128.74729, 1.38024], [128.74573, 1.3783], [128.74373, 1.37336], [128.74289, 1.373], [128.74171, 1.37029], [128.74133, 1.36292], [128.74571, 1.35477], [128.74624, 1.34903], [128.74741, 1.34485], [128.7448, 1.33961], [128.74427, 1.33535], [128.74669, 1.33241], [128.74631, 1.33004], [128.74264, 1.32329], [128.74276, 1.32081], [128.74191, 1.31832], [128.74122, 1.31909], [128.74043, 1.31861], [128.73831, 1.31482], [128.73889, 1.31293], [128.74151, 1.31056], [128.74046, 1.31026], [128.73598, 1.30578], [128.73449, 1.3029], [128.73247, 1.30205], [128.73204, 1.30258], [128.72814, 1.30029], [128.72373, 1.30211], [128.72014, 1.30071], [128.71368, 1.29499], [128.71029, 1.28909], [128.70967, 1.28114], [128.71221, 1.2711], [128.71058, 1.26987], [128.71181, 1.26859], [128.71131, 1.26863], [128.71168, 1.2663], [128.71362, 1.26277], [128.71707, 1.25781], [128.71968, 1.25638], [128.72082, 1.25485], [128.71974, 1.254], [128.71875, 1.25008], [128.71873, 1.24838], [128.71943, 1.24822], [128.71913, 1.24706], [128.71805, 1.24769], [128.71721, 1.24681], [128.71662, 1.24764], [128.7142, 1.2458], [128.71065, 1.24439], [128.71007, 1.24328], [128.71063, 1.24356], [128.71082, 1.24272], [128.70944, 1.24236], [128.71003, 1.2407], [128.70843, 1.24099], [128.70463, 1.23782], [128.70211, 1.2339], [128.70137, 1.23101], [128.70141, 1.22653], [128.69894, 1.22179], [128.69849, 1.21735], [128.69762, 1.21566], [128.69817, 1.21454], [128.69526, 1.20798], [128.69419, 1.20712], [128.69437, 1.20358], [128.69503, 1.20312], [128.69433, 1.20317], [128.69445, 1.20133]]]}}, {"type": "Feature", "properties": {"domain_id": "820209", "name": "WEDA TIMUR"}, "geometry": {"type": "MultiPolygon", "coordinates": [[[[128.40373, 0.50277], [128.40694, 0.50534], [128.40978, 0.50303], [128.41209, 0.50317], [128.41394, 0.50417], [128.41823, 0.50294], [128.42215, 0.50408], [128.42568, 0.50338], [128.42732, 0.50207], [128.43096, 0.50287], [128.43471, 0.50464], [128.43794, 0.50481], [128.4416, 0.50132], [128.44416, 0.50118], [128.44486, 0.50178], [128.447, 0.50191], [128.44875, 0.50063], [128.44992, 0.50065], [128.45137, 0.4989], [128.4554, 0.49845], [128.45833, 0.49604], [128.457, 0.49247], [128.45949, 0.49113], [128.46092, 0.49126], [128.46448, 0.49441], [128.46737, 0.49539], [128.4696, 0.49454], [128.47115, 0.49306], [128.47352, 0.49379], [128.4797, 0.49055], [128.48367, 0.4898], [128.48465, 0.48847], [128.48505, 0.48643], [128.48789, 0.48601], [128.48928, 0.48416], [128.48805, 0.48203], [128.48773, 0.479], [128.48875, 0.47622], [128.48901, 0.47224], [128.49051, 0.47295], [128.4959, 0.4781], [128.49552, 0.48038], [128.49659, 0.48146], [128.50246, 0.4792], [128.50459, 0.47653], [128.50155, 0.46915], [128.5026, 0.46632], [128.50305, 0.46232], [128.50261, 0.45981], [128.50119, 0.45847], [128.49962, 0.45482], [128.49858, 0.45421], [128.49677, 0.45456], [128.49361, 0.4531], [128.49237, 0.44867], [128.49233, 0.44583], [128.49122, 0.44424], [128.49153, 0.44174], [128.49024, 0.43982], [128.48946, 0.43419], [128.48564, 0.4321], [128.48795, 0.42717], [128.48736, 0.42583], [128.49058, 0.42078], [128.49064, 0.41951], [128.48973, 0.41803], [128.48839, 0.41743], [128.48445, 0.4178], [128.48055, 0.42264], [128.4771, 0.42365], [128.47162, 0.42682], [128.46827, 0.42384], [128.46797, 0.42147], [128.46301, 0.41862], [128.46334, 0.41663], [128.46524, 0.41528], [128.46557, 0.41264], [128.46701, 0.41023], [128.46502, 0.40837], [128.46228, 0.40401], [128.45974, 0.4023], [128.45849, 0.4025], [128.45829, 0.40351], [128.45769, 0.40358], [128.4571, 0.40195], [128.45543, 0.4006], [128.45446, 0.40147], [128.45074, 0.40182], [128.44971, 0.4034], [128.4457, 0.40326], [128.44366, 0.404], [128.4406, 0.40326], [128.43983, 0.40127], [128.43757, 0.40097], [128.43728, 0.40042], [128.43631, 0.40074], [128.43612, 0.39999], [128.43258, 0.39748], [128.42908, 0.39718], [128.4277, 0.39524], [128.42373, 0.39488], [128.42198, 0.3929], [128.41892, 0.39352], [128.4081, 0.39337], [128.40477, 0.3939], [128.39822, 0.3967], [128.39413, 0.40044], [128.39271, 0.40348], [128.39078, 0.40356], [128.38888, 0.40458], [128.38852, 0.40545], [128.37973, 0.40656], [128.37841, 0.40647], [128.37275, 0.40352], [128.36574, 0.40295], [128.36074, 0.40052], [128.35846, 0.40051], [128.35633, 0.39932], [128.3471, 0.40349], [128.33879, 0.40492], [128.32812, 0.40237], [128.31574, 0.39656], [128.31145, 0.39817], [128.3024, 0.39843], [128.29775, 0.40013], [128.29666, 0.39979], [128.29516, 0.39793], [128.29339, 0.39925], [128.29104, 0.3993], [128.28848, 0.39644], [128.28435, 0.39593], [128.2807, 0.39633], [128.27973, 0.39802], [128.28179, 0.40145], [128.28059, 0.40106], [128.28072, 0.40177], [128.27973, 0.40172], [128.27856, 0.39935], [128.27682, 0.40021], [128.27548, 0.40008], [128.27301, 0.40278], [128.26952, 0.40245], [128.26805, 0.40291], [128.26718, 0.40404], [128.26859, 0.40609], [128.2682, 0.4076], [128.26746, 0.40744], [128.26715, 0.40956], [128.26457, 0.40405], [128.26229, 0.40453], [128.26064, 0.40387], [128.25905, 0.40507], [128.25735, 0.40494], [128.25469, 0.40637], [128.25327, 0.40717], [128.25275, 0.40826], [128.25185, 0.4072], [128.2497, 0.40736], [128.24644, 0.41011], [128.24573, 0.41002], [128.24519, 0.41201], [128.24446, 0.41193], [128.24455, 0.41098], [128.24314, 0.41162], [128.24228, 0.41385], [128.2425, 0.41557], [128.24082, 0.41826], [128.24144, 0.4234], [128.23972, 0.4243], [128.23863, 0.42396], [128.23859, 0.42181], [128.23601, 0.42223], [128.23588, 0.4158], [128.23638, 0.41463], [128.23414, 0.4119], [128.23263, 0.41165], [128.23203, 0.41093], [128.22701, 0.41247], [128.22313, 0.41253], [128.22183, 0.41321], [128.21885, 0.41758], [128.2172, 0.41812], [128.21743, 0.42086], [128.21569, 0.42152], [128.2128, 0.421], [128.20956, 0.42243], [128.20681, 0.42254], [128.20558, 0.42756], [128.20567, 0.43117], [128.20706, 0.4332], [128.2072, 0.43528], [128.2098, 0.43623], [128.21454, 0.43627], [128.2153, 0.43936], [128.21682, 0.44083], [128.21609, 0.44164], [128.21424, 0.44012], [128.2125, 0.44139], [128.21285, 0.44223], [128.21478, 0.44333], [128.21376, 0.44381], [128.2119, 0.44315], [128.21105, 0.4439], [128.2109, 0.44954], [128.20955, 0.44885], [128.20987, 0.44647], [128.2081, 0.44469], [128.20744, 0.44477], [128.20691, 0.44924], [128.20927, 0.44995], [128.20742, 0.45341], [128.214, 0.45714], [128.21297, 0.45804], [128.21382, 0.46028], [128.21217, 0.46279], [128.21409, 0.46259], [128.21569, 0.46375], [128.21592, 0.46464], [128.21378, 0.46623], [128.21677, 0.46737], [128.21987, 0.46955], [128.21989, 0.4725], [128.21783, 0.47292], [128.21727, 0.47367], [128.21956, 0.47698], [128.21656, 0.479], [128.21619, 0.47797], [128.21522, 0.47754], [128.21632, 0.47997], [128.21744, 0.48057], [128.21716, 0.48164], [128.21558, 0.48115], [128.21416, 0.48456], [128.21067, 0.48629], [128.21128, 0.48783], [128.21245, 0.4883], [128.21138, 0.49691], [128.20938, 0.49499], [128.20799, 0.49599], [128.20612, 0.4956], [128.20532, 0.49322], [128.20388, 0.49479], [128.20385, 0.49577], [128.20256, 0.49606], [128.20235, 0.49257], [128.19729, 0.49527], [128.19427, 0.49508], [128.19443, 0.49693], [128.19136, 0.49805], [128.18959, 0.50158], [128.19004, 0.50349], [128.19139, 0.50517], [128.18985, 0.50877], [128.19212, 0.51093], [128.18844, 0.51527], [128.18753, 0.51881], [128.18687, 0.51931], [128.18902, 0.52149], [128.18983, 0.52329], [128.18913, 0.5238], [128.18922, 0.52455], [128.19139, 0.52561], [128.1894, 0.5267], [128.18921, 0.52792], [128.18753, 0.52845], [128.18809, 0.52932], [128.18778, 0.531], [128.18851, 0.5318], [128.18796, 0.53213], [128.18691, 0.53154], [128.18584, 0.53289], [128.18573, 0.53564], [128.18747, 0.53585], [128.18825, 0.53683], [128.18652, 0.53722], [128.18616, 0.53876], [128.18425, 0.53843], [128.18281, 0.54047], [128.18207, 0.53825], [128.18019, 0.53847], [128.18097, 0.53945], [128.17967, 0.54141], [128.18184, 0.54418], [128.18109, 0.54635], [128.18368, 0.54667], [128.18208, 0.54792], [128.18202, 0.54864], [128.18378, 0.55066], [128.1855, 0.55099], [128.18091, 0.55419], [128.18187, 0.55495], [128.1854, 0.5618], [128.18533, 0.56602], [128.18651, 0.56841], [128.18784, 0.57758], [128.18799, 0.58784], [128.18725, 0.59539], [128.18905, 0.59663], [128.19226, 0.59694], [128.19414, 0.59648], [128.19729, 0.59809], [128.20145, 0.5978], [128.20562, 0.60138], [128.21191, 0.60044], [128.21606, 0.59807], [128.21825, 0.59498], [128.22689, 0.59363], [128.23046, 0.59036], [128.23407, 0.58877], [128.23705, 0.5866], [128.24083, 0.58241], [128.24225, 0.57712], [128.24475, 0.57511], [128.25009, 0.5748], [128.25455, 0.57305], [128.26118, 0.57552], [128.26172, 0.57338], [128.26676, 0.56656], [128.26962, 0.55695], [128.27052, 0.55054], [128.27121, 0.54975], [128.2746, 0.54829], [128.27843, 0.54812], [128.28259, 0.55024], [128.28448, 0.55333], [128.28652, 0.55403], [128.29323, 0.55356], [128.29805, 0.55457], [128.30015, 0.55353], [128.30328, 0.5546], [128.30452, 0.55397], [128.30823, 0.55485], [128.31677, 0.55454], [128.31629, 0.552], [128.31749, 0.55064], [128.31788, 0.5483], [128.31895, 0.54677], [128.32245, 0.54422], [128.32629, 0.5425], [128.32831, 0.53934], [128.33732, 0.53724], [128.33817, 0.52973], [128.34165, 0.52324], [128.34442, 0.52025], [128.34686, 0.51976], [128.35012, 0.51753], [128.35333, 0.51302], [128.35483, 0.51302], [128.35867, 0.51058], [128.36068, 0.5108], [128.36503, 0.51298], [128.36853, 0.51261], [128.37019, 0.51312], [128.37243, 0.51178], [128.375, 0.5123], [128.3779, 0.51035], [128.38128, 0.5092], [128.38231, 0.50744], [128.38877, 0.50844], [128.39274, 0.50682], [128.39945, 0.509], [128.40149, 0.50548], [128.40174, 0.50337], [128.40274, 0.50234], [128.40373, 0.50277]]], [[[128.29472, 0.39311], [128.29283, 0.39483], [128.29411, 0.39713], [128.2955, 0.39788], [128.29708, 0.39378], [128.29591, 0.39288], [128.29472, 0.39311]]]]}}, {"type": "Feature", "properties": {"domain_id": "820424", "name": "GANE BARAT UTARA"}, "geometry": {"type": "MultiPolygon", "coordinates": [[[[127.67078, -0.22855], [127.67181, -0.22702], [127.67097, -0.22252], [127.66822, -0.2219], [127.66764, -0.22324], [127.66668, -0.22328], [127.66317, -0.22086], [127.66288, -0.21853], [127.66162, -0.21665], [127.66118, -0.20859], [127.66307, -0.20541], [127.66636, -0.20311], [127.66742, -0.20157], [127.66694, -0.1981], [127.66918, -0.19308], [127.66802, -0.18735], [127.67074, -0.18347], [127.67299, -0.17734], [127.67569, -0.17411], [127.67613, -0.17028], [127.67572, -0.16696], [127.67679, -0.16447], [127.67684, -0.16244], [127.67725, -0.16268], [127.67758, -0.16139], [127.68018, -0.15959], [127.68164, -0.15749], [127.68161, -0.15531], [127.68051, -0.15283], [127.68201, -0.15039], [127.68242, -0.14688], [127.68399, -0.14506], [127.68526, -0.14125], [127.68651, -0.13973], [127.68768, -0.13344], [127.6859, -0.12588], [127.68758, -0.12234], [127.68718, -0.12036], [127.68971, -0.11724], [127.68983, -0.11301], [127.69087, -0.1129], [127.68985, -0.11172], [127.68939, -0.10895], [127.69067, -0.10755], [127.6932, -0.10692], [127.69701, -0.10389], [127.69942, -0.10076], [127.70001, -0.09818], [127.69654, -0.08773], [127.69844, -0.07604], [127.69741, -0.07252], [127.69811, -0.06958], [127.69767, -0.06153], [127.6967, -0.06034], [127.69799, -0.05281], [127.69761, -0.05163], [127.6981, -0.04786], [127.69784, -0.04097], [127.69569, -0.03597], [127.69473, -0.0286], [127.69943, -0.02169], [127.70088, -0.018], [127.70058, -0.01196], [127.69935, -0.00966], [127.69883, -0.00531], [127.69738, -0.00347], [127.69793, 0.00265], [127.69754, 0.00478], [127.69808, 0.00628], [127.69761, 0.00706], [127.72688, -0.00071], [127.75889, -0.01062], [127.79651, -0.02432], [127.79804, -0.02388], [127.79742, -0.03246], [127.80091, -0.04222], [127.80138, -0.0455], [127.79947, -0.04947], [127.80144, -0.06166], [127.79576, -0.06371], [127.79361, -0.06514], [127.78512, -0.06626], [127.78443, -0.06736], [127.78259, -0.06748], [127.78145, -0.06902], [127.77976, -0.06883], [127.77789, -0.07003], [127.77939, -0.0849], [127.78111, -0.08967], [127.78103, -0.09587], [127.7826, -0.09823], [127.78321, -0.10118], [127.78478, -0.10407], [127.78394, -0.10673], [127.78302, -0.10716], [127.78264, -0.11397], [127.79804, -0.12742], [127.82387, -0.14326], [127.82326, -0.1452], [127.82426, -0.15034], [127.82824, -0.14959], [127.83154, -0.15022], [127.83462, -0.1494], [127.83856, -0.14939], [127.8439, -0.15053], [127.84631, -0.15009], [127.84773, -0.15154], [127.85139, -0.15142], [127.85322, -0.1528], [127.85234, -0.15434], [127.85273, -0.15821], [127.84963, -0.1603], [127.84863, -0.16325], [127.84715, -0.16482], [127.84644, -0.17006], [127.84336, -0.17216], [127.84378, -0.17724], [127.84255, -0.1894], [127.84507, -0.18697], [127.84948, -0.18581], [127.85351, -0.187], [127.85395, -0.18974], [127.85345, -0.19369], [127.85452, -0.19631], [127.85392, -0.19867], [127.85178, -0.20093], [127.85208, -0.20276], [127.85315, -0.2043], [127.85386, -0.21236], [127.85322, -0.21361], [127.85433, -0.2159], [127.85349, -0.21705], [127.85479, -0.21918], [127.85799, -0.22014], [127.85878, -0.22111], [127.86202, -0.22667], [127.86293, -0.23182], [127.86508, -0.23313], [127.86742, -0.23731], [127.87292, -0.2438], [127.87378, -0.2468], [127.87368, -0.24977], [127.87314, -0.25372], [127.87182, -0.25639], [127.86633, -0.26128], [127.86511, -0.26325], [127.86353, -0.26377], [127.85929, -0.26146], [127.85226, -0.26321], [127.84542, -0.25955], [127.84178, -0.2587], [127.84034, -0.25777], [127.8365, -0.25752], [127.83562, -0.25793], [127.83138, -0.26426], [127.82885, -0.26525], [127.82857, -0.26768], [127.82746, -0.26921], [127.81381, -0.27545], [127.80889, -0.27651], [127.79772, -0.27741], [127.79573, -0.27967], [127.78887, -0.27967], [127.78612, -0.2808], [127.78194, -0.28507], [127.77848, -0.28519], [127.77584, -0.28642], [127.77136, -0.2867], [127.76794, -0.28775], [127.7618, -0.29406], [127.75823, -0.29406], [127.75273, -0.2927], [127.74961, -0.29267], [127.74492, -0.29598], [127.7443, -0.2973], [127.74458, -0.30138], [127.74201, -0.3032], [127.7403, -0.30828], [127.73968, -0.30506], [127.73597, -0.30399], [127.73663, -0.3031], [127.73979, -0.3016], [127.73853, -0.29872], [127.73685, -0.29963], [127.73733, -0.30092], [127.73535, -0.3029], [127.73575, -0.30348], [127.73111, -0.30302], [127.72533, -0.29916], [127.72128, -0.29501], [127.71712, -0.29306], [127.71365, -0.29055], [127.71125, -0.28469], [127.7052, -0.27691], [127.70297, -0.27735], [127.70097, -0.27674], [127.6946, -0.27273], [127.69247, -0.27262], [127.68974, -0.27038], [127.68722, -0.26993], [127.68784, -0.26942], [127.68705, -0.26959], [127.68689, -0.26067], [127.68813, -0.25895], [127.6885, -0.2561], [127.68945, -0.25419], [127.68939, -0.24761], [127.68618, -0.24464], [127.68197, -0.2437], [127.67995, -0.24251], [127.67948, -0.23867], [127.67512, -0.23512], [127.6733, -0.23079], [127.67194, -0.23046], [127.67078, -0.22855]]], [[[127.74507, -0.32688], [127.74772, -0.32724], [127.74844, -0.32798], [127.74881, -0.32956], [127.748, -0.33194], [127.75057, -0.33426], [127.75069, -0.33579], [127.74905, -0.33702], [127.74939, -0.33786], [127.7489, -0.33884], [127.74937, -0.33869], [127.74931, -0.33947], [127.74992, -0.33924], [127.75, -0.34042], [127.74843, -0.3405], [127.74809, -0.34118], [127.74896, -0.3419], [127.74905, -0.34328], [127.75056, -0.34409], [127.75072, -0.34673], [127.75286, -0.3482], [127.75491, -0.35115], [127.75613, -0.35523], [127.75827, -0.35739], [127.75577, -0.35772], [127.75258, -0.35954], [127.75035, -0.36256], [127.74942, -0.36564], [127.75109, -0.36835], [127.75537, -0.36928], [127.75437, -0.36768], [127.75207, -0.36695], [127.75142, -0.36518], [127.75213, -0.36416], [127.75339, -0.36404], [127.75451, -0.36296], [127.75656, -0.36337], [127.75747, -0.36453], [127.75662, -0.36557], [127.75667, -0.36662], [127.75831, -0.36723], [127.75786, -0.3686], [127.75875, -0.36962], [127.75836, -0.37079], [127.7568, -0.37124], [127.75795, -0.37317], [127.7592, -0.37267], [127.75999, -0.3733], [127.7579, -0.37498], [127.75506, -0.37539], [127.75327, -0.37705], [127.74803, -0.37634], [127.74631, -0.3778], [127.74407, -0.38192], [127.74212, -0.38103], [127.73985, -0.38221], [127.73923, -0.38317], [127.73938, -0.38518], [127.73789, -0.38691], [127.73739, -0.38881], [127.73831, -0.3895], [127.73961, -0.38915], [127.7395, -0.39156], [127.7401, -0.39289], [127.73966, -0.39336], [127.73672, -0.39021], [127.73551, -0.39133], [127.73421, -0.39102], [127.73304, -0.39204], [127.73313, -0.39328], [127.7347, -0.39511], [127.7341, -0.39586], [127.73238, -0.39542], [127.73181, -0.39418], [127.7319, -0.3954], [127.72989, -0.39658], [127.72826, -0.39519], [127.72634, -0.39677], [127.72557, -0.39537], [127.72673, -0.39149], [127.72958, -0.38738], [127.73023, -0.38751], [127.73133, -0.38637], [127.7311, -0.38547], [127.7319, -0.384], [127.73345, -0.38372], [127.73319, -0.38057], [127.73464, -0.37881], [127.7346, -0.37633], [127.73906, -0.36901], [127.73935, -0.36583], [127.73847, -0.36313], [127.73902, -0.36164], [127.73775, -0.35891], [127.73906, -0.35329], [127.73663, -0.35018], [127.73631, -0.34737], [127.73728, -0.34514], [127.73721, -0.34329], [127.73911, -0.34128], [127.73982, -0.33922], [127.74388, -0.33827], [127.74401, -0.33685], [127.74242, -0.33327], [127.74304, -0.33052], [127.74258, -0.32923], [127.74342, -0.32632], [127.74507, -0.32688]]], [[[127.762, -0.37357], [127.76039, -0.37184], [127.76186, -0.37086], [127.7609, -0.36974], [127.76145, -0.36901], [127.76306, -0.37086], [127.76277, -0.37302], [127.762, -0.37357]]]]}}, {"type": "Feature", "properties": {"domain_id": "820205", "name": "WEDA SELATAN"}, "geometry": {"type": "Polygon", "coordinates": [[[127.88043, 0.13532], [127.87161, 0.1315], [127.86956, 0.12497], [127.85336, 0.13169], [127.85297, 0.13481], [127.8517, 0.13628], [127.84972, 0.13596], [127.84761, 0.13404], [127.84437, 0.13449], [127.83982, 0.12948], [127.83957, 0.12826], [127.8381, 0.12829], [127.83658, 0.12945], [127.83508, 0.12833], [127.83547, 0.12442], [127.83449, 0.12095], [127.83232, 0.12234], [127.8306, 0.12493], [127.82801, 0.12524], [127.82678, 0.12662], [127.824, 0.12536], [127.82125, 0.12935], [127.82076, 0.13162], [127.81736, 0.13587], [127.81792, 0.13763], [127.81581, 0.14105], [127.8148, 0.14477], [127.81074, 0.14771], [127.8087, 0.15002], [127.80047, 0.15078], [127.79864, 0.14753], [127.79671, 0.14929], [127.79144, 0.14991], [127.78795, 0.15319], [127.78771, 0.15465], [127.78836, 0.1565], [127.79058, 0.15888], [127.79057, 0.16267], [127.79201, 0.16549], [127.79399, 0.16744], [127.7942, 0.16935], [127.79533, 0.17075], [127.79547, 0.17374], [127.79678, 0.17467], [127.79821, 0.17473], [127.79864, 0.17884], [127.80057, 0.18032], [127.80122, 0.18235], [127.80257, 0.18327], [127.80282, 0.18622], [127.80382, 0.18733], [127.80506, 0.19072], [127.80954, 0.19592], [127.81116, 0.19597], [127.81287, 0.19766], [127.81776, 0.19918], [127.81951, 0.20073], [127.82217, 0.20172], [127.82211, 0.2035], [127.82289, 0.20501], [127.82163, 0.20768], [127.82365, 0.20943], [127.82066, 0.21349], [127.8169, 0.21585], [127.81458, 0.21954], [127.81461, 0.22094], [127.81284, 0.22136], [127.81184, 0.22381], [127.81298, 0.22591], [127.81331, 0.22871], [127.81276, 0.22972], [127.81439, 0.23051], [127.81053, 0.23267], [127.80556, 0.23381], [127.80129, 0.23676], [127.79906, 0.24056], [127.79908, 0.24526], [127.79862, 0.24693], [127.79727, 0.24849], [127.79732, 0.25], [127.80253, 0.25345], [127.80475, 0.2564], [127.80734, 0.25679], [127.80964, 0.26225], [127.8116, 0.26958], [127.81538, 0.27225], [127.81947, 0.27242], [127.81754, 0.2767], [127.81754, 0.27895], [127.81947, 0.27965], [127.82034, 0.28328], [127.82203, 0.28461], [127.82578, 0.28548], [127.82706, 0.28478], [127.82996, 0.28454], [127.83907, 0.28495], [127.84267, 0.28621], [127.84577, 0.28954], [127.84862, 0.29062], [127.85445, 0.28981], [127.8584, 0.28751], [127.86135, 0.28419], [127.86469, 0.28411], [127.869, 0.28239], [127.87027, 0.28387], [127.87147, 0.28404], [127.8753, 0.28743], [127.87719, 0.28826], [127.87778, 0.29086], [127.88061, 0.292], [127.88247, 0.29201], [127.88768, 0.2857], [127.89591, 0.28547], [127.89983, 0.28387], [127.90042, 0.28416], [127.90252, 0.28285], [127.9077, 0.28125], [127.90927, 0.27963], [127.92108, 0.27335], [127.92092, 0.27252], [127.91961, 0.27201], [127.91862, 0.27328], [127.91663, 0.27384], [127.91715, 0.27272], [127.91659, 0.27176], [127.91482, 0.27178], [127.91548, 0.27064], [127.9153, 0.26906], [127.91634, 0.2681], [127.91706, 0.26057], [127.91583, 0.25569], [127.91391, 0.25365], [127.91436, 0.25142], [127.91349, 0.25015], [127.91308, 0.24721], [127.91445, 0.24687], [127.91416, 0.24826], [127.91597, 0.24638], [127.91796, 0.24663], [127.91794, 0.24461], [127.91927, 0.2437], [127.91799, 0.24197], [127.91823, 0.23645], [127.92025, 0.22964], [127.92049, 0.22577], [127.91996, 0.22583], [127.92076, 0.22402], [127.92102, 0.22092], [127.92221, 0.21863], [127.92321, 0.21841], [127.92295, 0.21689], [127.92373, 0.21556], [127.9225, 0.21287], [127.92292, 0.21213], [127.92204, 0.21096], [127.92199, 0.20771], [127.92066, 0.20454], [127.92045, 0.20232], [127.92115, 0.20069], [127.92097, 0.1985], [127.92022, 0.19774], [127.92076, 0.19592], [127.91987, 0.19449], [127.92183, 0.18971], [127.92187, 0.18721], [127.9209, 0.1844], [127.92186, 0.17756], [127.92154, 0.17673], [127.90889, 0.17617], [127.89531, 0.16478], [127.89483, 0.14908], [127.88308, 0.13647], [127.88043, 0.13532]]]}}, {"type": "Feature", "properties": {"domain_id": "820208", "name": "PATANI BARAT"}, "geometry": {"type": "Polygon", "coordinates": [[[128.63562, 0.32828], [128.63521, 0.32669], [128.6331, 0.32415], [128.63617, 0.32163], [128.6401, 0.32028], [128.64407, 0.32078], [128.64801, 0.32034], [128.64664, 0.31786], [128.64648, 0.31317], [128.64495, 0.309], [128.64362, 0.30945], [128.64253, 0.30902], [128.64015, 0.3106], [128.63035, 0.31271], [128.62871, 0.31385], [128.62447, 0.31309], [128.62238, 0.31343], [128.61857, 0.31602], [128.61462, 0.31604], [128.61077, 0.31736], [128.6036, 0.31733], [128.59832, 0.31975], [128.59585, 0.31876], [128.58329, 0.31854], [128.57899, 0.31923], [128.57527, 0.31879], [128.57248, 0.31993], [128.57035, 0.31941], [128.56788, 0.31995], [128.56052, 0.31808], [128.55856, 0.31821], [128.5574, 0.3217], [128.55405, 0.32426], [128.55257, 0.32718], [128.5443, 0.32958], [128.53854, 0.33683], [128.53656, 0.33757], [128.53446, 0.34014], [128.53204, 0.34051], [128.53005, 0.33948], [128.52742, 0.34207], [128.5217, 0.34234], [128.51675, 0.34334], [128.51411, 0.34493], [128.51215, 0.34862], [128.50721, 0.35102], [128.5067, 0.35254], [128.50718, 0.3531], [128.50642, 0.35436], [128.50265, 0.35396], [128.50087, 0.35473], [128.50109, 0.35642], [128.49972, 0.35748], [128.50051, 0.35879], [128.49964, 0.36058], [128.50043, 0.36317], [128.4988, 0.36182], [128.49828, 0.36184], [128.49819, 0.36296], [128.49907, 0.36404], [128.50105, 0.36473], [128.49884, 0.36482], [128.49819, 0.36677], [128.5009, 0.36903], [128.496, 0.3693], [128.49301, 0.37349], [128.49305, 0.37488], [128.49436, 0.37574], [128.49226, 0.37664], [128.49213, 0.3779], [128.48993, 0.3779], [128.48676, 0.37946], [128.48523, 0.38411], [128.48577, 0.38588], [128.48685, 0.38632], [128.48702, 0.38727], [128.48505, 0.39021], [128.48383, 0.391], [128.48193, 0.39082], [128.47897, 0.393], [128.47886, 0.39477], [128.47694, 0.393], [128.47496, 0.393], [128.4727, 0.39142], [128.47093, 0.39322], [128.46877, 0.39196], [128.46777, 0.39222], [128.46618, 0.39511], [128.46415, 0.39465], [128.46302, 0.39509], [128.46303, 0.39816], [128.4579, 0.40051], [128.45809, 0.40113], [128.46052, 0.40176], [128.45974, 0.4023], [128.46295, 0.4046], [128.46502, 0.40837], [128.46698, 0.40982], [128.46557, 0.41264], [128.46524, 0.41528], [128.46334, 0.41663], [128.46301, 0.41862], [128.46797, 0.42147], [128.46827, 0.42384], [128.47181, 0.42685], [128.4771, 0.42365], [128.48055, 0.42264], [128.48445, 0.4178], [128.48839, 0.41743], [128.48973, 0.41803], [128.49064, 0.41951], [128.49058, 0.42078], [128.48736, 0.42583], [128.48795, 0.42717], [128.48613, 0.43015], [128.48573, 0.43242], [128.48946, 0.43419], [128.49024, 0.43982], [128.49153, 0.44174], [128.49122, 0.44424], [128.49233, 0.44583], [128.49237, 0.44867], [128.49361, 0.4531], [128.49677, 0.45456], [128.49858, 0.45421], [128.49962, 0.45482], [128.50119, 0.45847], [128.50236, 0.45946], [128.50227, 0.45517], [128.50464, 0.45169], [128.50854, 0.45026], [128.5101, 0.44328], [128.51404, 0.44261], [128.51985, 0.43958], [128.52175, 0.44051], [128.52362, 0.44039], [128.52401, 0.43783], [128.52962, 0.43525], [128.53315, 0.43197], [128.5391, 0.43159], [128.54221, 0.42684], [128.54274, 0.42398], [128.5444, 0.4218], [128.54639, 0.42161], [128.54824, 0.42346], [128.54908, 0.42228], [128.55131, 0.42249], [128.55342, 0.42081], [128.55891, 0.42223], [128.56012, 0.41774], [128.56202, 0.41593], [128.56648, 0.41849], [128.56941, 0.41814], [128.57253, 0.41879], [128.57705, 0.42152], [128.57903, 0.42432], [128.57874, 0.42735], [128.58074, 0.43012], [128.57984, 0.43306], [128.58122, 0.43448], [128.58542, 0.43392], [128.58888, 0.4361], [128.59072, 0.43646], [128.59239, 0.43814], [128.59474, 0.43872], [128.59619, 0.43879], [128.59619, 0.4377], [128.59741, 0.4368], [128.59935, 0.43791], [128.60505, 0.43825], [128.60709, 0.43984], [128.60952, 0.43932], [128.61603, 0.44167], [128.61805, 0.44152], [128.61811, 0.43773], [128.62394, 0.43535], [128.62422, 0.4326], [128.63212, 0.43128], [128.63059, 0.42666], [128.63168, 0.42312], [128.63306, 0.42114], [128.63183, 0.41906], [128.63268, 0.4167], [128.63162, 0.41083], [128.63236, 0.40782], [128.62879, 0.40603], [128.62821, 0.40474], [128.63304, 0.40411], [128.63228, 0.40225], [128.634, 0.39985], [128.62953, 0.39496], [128.62757, 0.3941], [128.62974, 0.39111], [128.63067, 0.3867], [128.6304, 0.38549], [128.62838, 0.38243], [128.62413, 0.38214], [128.62021, 0.38362], [128.61531, 0.38426], [128.60905, 0.38031], [128.60246, 0.38165], [128.59849, 0.38412], [128.59737, 0.38389], [128.59697, 0.38248], [128.59466, 0.38111], [128.59425, 0.37954], [128.59556, 0.37681], [128.59538, 0.3726], [128.59731, 0.3698], [128.5976, 0.36772], [128.59905, 0.36664], [128.59972, 0.36342], [128.60152, 0.36213], [128.60868, 0.36002], [128.60859, 0.35852], [128.60682, 0.35737], [128.60481, 0.35478], [128.60504, 0.35384], [128.6071, 0.35289], [128.60868, 0.35485], [128.6176, 0.35501], [128.61846, 0.35473], [128.61918, 0.3533], [128.62073, 0.35269], [128.62079, 0.35206], [128.62459, 0.35154], [128.62509, 0.35044], [128.62961, 0.34718], [128.63321, 0.34761], [128.63474, 0.34588], [128.63684, 0.34615], [128.63972, 0.34476], [128.64044, 0.34171], [128.64027, 0.33907], [128.64297, 0.33695], [128.64297, 0.33594], [128.63701, 0.33171], [128.63562, 0.32828]]]}}, {"type": "Feature", "properties": {"domain_id": "820304", "name": "GALELA"}, "geometry": {"type": "Polygon", "coordinates": [[[127.8556, 1.8212], [127.8556, 1.82085], [127.85583, 1.82062], [127.85688, 1.82135], [127.85698, 1.82217], [127.85744, 1.82175], [127.85691, 1.82061], [127.8577, 1.82132], [127.85774, 1.81999], [127.86001, 1.81856], [127.8581, 1.81773], [127.85803, 1.81675], [127.85662, 1.8172], [127.85723, 1.815], [127.85573, 1.81529], [127.8552, 1.8141], [127.85549, 1.81325], [127.85666, 1.81309], [127.85575, 1.81294], [127.85643, 1.81137], [127.85717, 1.8112], [127.85713, 1.8103], [127.85881, 1.81023], [127.85921, 1.80908], [127.85987, 1.80896], [127.86072, 1.80557], [127.86288, 1.80517], [127.86637, 1.80704], [127.86885, 1.8092], [127.87233, 1.81008], [127.87462, 1.80554], [127.87899, 1.80294], [127.88119, 1.80531], [127.88132, 1.80588], [127.88063, 1.80625], [127.88018, 1.80572], [127.88003, 1.80628], [127.88077, 1.80702], [127.88051, 1.80752], [127.88138, 1.80782], [127.88102, 1.80829], [127.88243, 1.80809], [127.88397, 1.80715], [127.88318, 1.80563], [127.88432, 1.80295], [127.88364, 1.79959], [127.88717, 1.79708], [127.88839, 1.79685], [127.89092, 1.79794], [127.89289, 1.7979], [127.89122, 1.79646], [127.89126, 1.79614], [127.89423, 1.79763], [127.89862, 1.7975], [127.89855, 1.79968], [127.89969, 1.80124], [127.90515, 1.80149], [127.90596, 1.80264], [127.91173, 1.80394], [127.91288, 1.79983], [127.91269, 1.79688], [127.91533, 1.78695], [127.91593, 1.77965], [127.91403, 1.77175], [127.91574, 1.76899], [127.9166, 1.7649], [127.91622, 1.76394], [127.9134, 1.76221], [127.91079, 1.75404], [127.90713, 1.74585], [127.90619, 1.74491], [127.90298, 1.74384], [127.90072, 1.74123], [127.89703, 1.73908], [127.89703, 1.73688], [127.89363, 1.73197], [127.88536, 1.72815], [127.88057, 1.7224], [127.87491, 1.72034], [127.87051, 1.71774], [127.86707, 1.72282], [127.86528, 1.72772], [127.85955, 1.73419], [127.85522, 1.74209], [127.85002, 1.74902], [127.84567, 1.75972], [127.84222, 1.77423], [127.83782, 1.77982], [127.8351, 1.7939], [127.83103, 1.80486], [127.82908, 1.80812], [127.82908, 1.81135], [127.8276, 1.81353], [127.82833, 1.82014], [127.82779, 1.82014], [127.82581, 1.83058], [127.8186, 1.85344], [127.81397, 1.85438], [127.81066, 1.85005], [127.80612, 1.8521], [127.80935, 1.86024], [127.80968, 1.86723], [127.81585, 1.87363], [127.81932, 1.87343], [127.81977, 1.88566], [127.82632, 1.8854], [127.82751, 1.9047], [127.82811, 1.90588], [127.84458, 1.90589], [127.8479, 1.90654], [127.84823, 1.90465], [127.84913, 1.90369], [127.85003, 1.89774], [127.84932, 1.88594], [127.8503, 1.88137], [127.85054, 1.87418], [127.8521, 1.86995], [127.85192, 1.86949], [127.85113, 1.86994], [127.85083, 1.86897], [127.85216, 1.86619], [127.85118, 1.86434], [127.85011, 1.86482], [127.84754, 1.85706], [127.84261, 1.84972], [127.84193, 1.84952], [127.84197, 1.84599], [127.84114, 1.84414], [127.84247, 1.84343], [127.84345, 1.83208], [127.84586, 1.82216], [127.84639, 1.82116], [127.84672, 1.82188], [127.84726, 1.82094], [127.84656, 1.8208], [127.84777, 1.81983], [127.84815, 1.82006], [127.84768, 1.82034], [127.84837, 1.82013], [127.84789, 1.81921], [127.84838, 1.81832], [127.84892, 1.81876], [127.84962, 1.81825], [127.85006, 1.81903], [127.84923, 1.81913], [127.85044, 1.8196], [127.84984, 1.81826], [127.85045, 1.8181], [127.8517, 1.82017], [127.853, 1.81924], [127.85269, 1.81862], [127.85357, 1.81908], [127.85263, 1.81958], [127.85261, 1.82013], [127.85319, 1.81965], [127.85338, 1.82021], [127.85247, 1.82214], [127.8535, 1.82087], [127.85399, 1.82145], [127.85435, 1.82132], [127.8539, 1.8212], [127.85399, 1.82059], [127.85497, 1.82218], [127.8556, 1.8212]]]}}, {"type": "Feature", "properties": {"domain_id": "820322", "name": "KAO TELUK"}, "geometry": {"type": "Polygon", "coordinates": [[[127.65256, 0.87584], [127.65377, 0.8754], [127.65385, 0.87431], [127.65577, 0.87442], [127.65564, 0.87328], [127.65737, 0.87296], [127.66108, 0.86887], [127.66106, 0.86823], [127.66177, 0.86884], [127.66119, 0.87051], [127.66169, 0.87202], [127.66484, 0.86956], [127.66491, 0.86889], [127.66562, 0.86914], [127.66853, 0.86748], [127.66878, 0.86558], [127.66981, 0.86469], [127.67232, 0.86556], [127.67426, 0.86411], [127.67547, 0.8651], [127.6753, 0.86564], [127.68179, 0.86799], [127.68252, 0.86778], [127.68386, 0.86928], [127.68486, 0.87184], [127.68313, 0.86885], [127.67996, 0.86854], [127.67738, 0.87017], [127.67528, 0.86981], [127.67585, 0.87154], [127.6772, 0.87263], [127.67671, 0.87341], [127.67534, 0.87293], [127.67403, 0.8741], [127.67262, 0.87353], [127.67121, 0.87472], [127.66971, 0.87358], [127.66709, 0.87393], [127.66922, 0.88032], [127.67166, 0.88015], [127.67192, 0.88089], [127.67391, 0.88079], [127.67413, 0.88325], [127.6752, 0.88336], [127.67662, 0.88262], [127.67649, 0.88173], [127.67843, 0.87943], [127.67867, 0.87818], [127.68107, 0.87656], [127.68183, 0.87722], [127.68148, 0.87836], [127.68262, 0.87902], [127.68678, 0.87755], [127.6883, 0.87854], [127.68865, 0.86761], [127.68751, 0.86465], [127.68801, 0.8614], [127.68752, 0.85748], [127.68502, 0.85687], [127.68406, 0.85577], [127.68255, 0.8562], [127.68183, 0.85412], [127.67576, 0.85454], [127.67495, 0.85348], [127.67291, 0.85315], [127.67179, 0.85446], [127.67235, 0.85636], [127.67183, 0.85952], [127.66851, 0.86354], [127.66544, 0.8659], [127.66662, 0.86654], [127.66633, 0.86726], [127.66009, 0.86706], [127.65609, 0.86937], [127.65427, 0.86891], [127.65138, 0.86676], [127.64953, 0.86663], [127.64932, 0.86504], [127.65084, 0.86234], [127.6497, 0.86086], [127.64772, 0.86223], [127.647, 0.86378], [127.6466, 0.86812], [127.64567, 0.86964], [127.64226, 0.87329], [127.64007, 0.87254], [127.6405, 0.87602], [127.638, 0.87892], [127.63837, 0.88111], [127.63792, 0.88244], [127.63841, 0.88454], [127.63952, 0.88572], [127.63913, 0.88853], [127.6431, 0.88921], [127.64352, 0.89103], [127.64848, 0.89258], [127.64865, 0.89072], [127.65004, 0.89158], [127.65131, 0.89532], [127.64952, 0.90048], [127.64228, 0.90634], [127.64073, 0.91001], [127.63858, 0.9107], [127.63674, 0.91453], [127.63431, 0.91425], [127.63263, 0.91918], [127.62845, 0.91967], [127.6297, 0.92112], [127.62968, 0.92353], [127.62793, 0.92621], [127.62418, 0.93574], [127.62411, 0.93805], [127.62542, 0.94092], [127.62202, 0.94058], [127.62089, 0.94346], [127.61674, 0.94924], [127.61364, 0.95053], [127.61153, 0.9501], [127.60781, 0.95208], [127.60606, 0.95113], [127.60421, 0.95102], [127.60209, 0.9535], [127.60103, 0.95618], [127.60355, 0.95823], [127.60286, 0.96095], [127.60157, 0.96201], [127.60191, 0.96321], [127.60263, 0.96345], [127.60191, 0.96471], [127.60389, 0.9663], [127.60522, 0.96654], [127.60297, 0.9694], [127.60251, 0.97131], [127.60501, 0.97079], [127.60489, 0.96993], [127.60589, 0.96977], [127.608, 0.9721], [127.61134, 0.97294], [127.61282, 0.97223], [127.61281, 0.97286], [127.61371, 0.97295], [127.6127, 0.97491], [127.61066, 0.97608], [127.6135, 0.98029], [127.6163, 0.98006], [127.61946, 0.98135], [127.62125, 0.98121], [127.62196, 0.98223], [127.62372, 0.98119], [127.62523, 0.98522], [127.62683, 0.98582], [127.62725, 0.99034], [127.6292, 0.98928], [127.62983, 0.98799], [127.63197, 0.98732], [127.63279, 0.98765], [127.63241, 0.9893], [127.63283, 0.99075], [127.63517, 0.99098], [127.63653, 0.99064], [127.63756, 0.99182], [127.63947, 0.99228], [127.63986, 0.99437], [127.64229, 0.99927], [127.64443, 0.99786], [127.64563, 0.99943], [127.64482, 1.00036], [127.64281, 1.00049], [127.6436, 1.00232], [127.64359, 1.00597], [127.64469, 1.01126], [127.64732, 1.01618], [127.64433, 1.01687], [127.6412, 1.01658], [127.64115, 1.01715], [127.6428, 1.01774], [127.64367, 1.01881], [127.64847, 1.01977], [127.64838, 1.02068], [127.65003, 1.0205], [127.65054, 1.02187], [127.64939, 1.02589], [127.64799, 1.02576], [127.64612, 1.02773], [127.64679, 1.03078], [127.64811, 1.03166], [127.64836, 1.0344], [127.64659, 1.0378], [127.64528, 1.03772], [127.64378, 1.03876], [127.64087, 1.03843], [127.63167, 1.04084], [127.62664, 1.04111], [127.62363, 1.04222], [127.61501, 1.0417], [127.61301, 1.04055], [127.61178, 1.04055], [127.6093, 1.04151], [127.6064, 1.04385], [127.60456, 1.04874], [127.60453, 1.05245], [127.60358, 1.05607], [127.60458, 1.05922], [127.60194, 1.06314], [127.60198, 1.07035], [127.60372, 1.07304], [127.61021, 1.0757], [127.61394, 1.07951], [127.61465, 1.08134], [127.6145, 1.08241], [127.61151, 1.08443], [127.61068, 1.08675], [127.61147, 1.08889], [127.61327, 1.09048], [127.61318, 1.09146], [127.60881, 1.09334], [127.60666, 1.10028], [127.61095, 1.09621], [127.61606, 1.09504], [127.61693, 1.09622], [127.61792, 1.09576], [127.61939, 1.09713], [127.61994, 1.09673], [127.6208, 1.09716], [127.6221, 1.09907], [127.62468, 1.0996], [127.62468, 1.10146], [127.62573, 1.10243], [127.62809, 1.10269], [127.62946, 1.10546], [127.63203, 1.10625], [127.63314, 1.10566], [127.63654, 1.10622], [127.63913, 1.10715], [127.63987, 1.10835], [127.64118, 1.10768], [127.64406, 1.10934], [127.64678, 1.10955], [127.64718, 1.10768], [127.64902, 1.10667], [127.64909, 1.10819], [127.65082, 1.10785], [127.65229, 1.10884], [127.65372, 1.10831], [127.65565, 1.10879], [127.65859, 1.10715], [127.65798, 1.10609], [127.66114, 1.10359], [127.66307, 1.10379], [127.66707, 1.10776], [127.67098, 1.10891], [127.67294, 1.10822], [127.6761, 1.10212], [127.68184, 1.09999], [127.68808, 1.10012], [127.69148, 1.09811], [127.69188, 1.09724], [127.69551, 1.09584], [127.69819, 1.09238], [127.69887, 1.0929], [127.70037, 1.09244], [127.69979, 1.0914], [127.70064, 1.0903], [127.70317, 1.08923], [127.70449, 1.08557], [127.70314, 1.08541], [127.70335, 1.0836], [127.70237, 1.08307], [127.70041, 1.07791], [127.70177, 1.07471], [127.70512, 1.07434], [127.70665, 1.07322], [127.70683, 1.07233], [127.70493, 1.07117], [127.70528, 1.07022], [127.71303, 1.07003], [127.71628, 1.06738], [127.71528, 1.06363], [127.71707, 1.06336], [127.72263, 1.06492], [127.72429, 1.06233], [127.72982, 1.05789], [127.7274, 1.05528], [127.72357, 1.05334], [127.72203, 1.05042], [127.70871, 1.04186], [127.70704, 1.04225], [127.70579, 1.0411], [127.70428, 1.04096], [127.70376, 1.04026], [127.69878, 1.03841], [127.69331, 1.038], [127.6908, 1.03875], [127.69036, 1.03806], [127.69023, 1.03853], [127.68861, 1.03866], [127.68793, 1.03811], [127.68727, 1.03917], [127.68521, 1.03839], [127.68384, 1.03707], [127.67471, 1.03598], [127.67388, 1.03552], [127.67389, 1.03471], [127.67235, 1.03535], [127.66967, 1.03334], [127.66973, 1.03233], [127.66716, 1.03034], [127.66197, 1.02858], [127.65603, 1.02754], [127.65336, 1.02518], [127.65202, 1.02218], [127.65095, 1.02229], [127.6518, 1.02015], [127.65162, 1.01806], [127.65032, 1.01704], [127.65116, 1.01609], [127.65076, 1.01521], [127.65006, 1.01531], [127.65035, 1.01404], [127.64825, 1.01181], [127.64727, 1.00936], [127.64639, 1.00434], [127.64729, 1.00353], [127.64804, 1.00382], [127.6489, 1.00233], [127.648, 1.00195], [127.64743, 1.00015], [127.64052, 0.99267], [127.63929, 0.99208], [127.63785, 0.99179], [127.63657, 0.99055], [127.63476, 0.99061], [127.63302, 0.98712], [127.6334, 0.98537], [127.63094, 0.98538], [127.62929, 0.98435], [127.62917, 0.98221], [127.63168, 0.97951], [127.63133, 0.97642], [127.62685, 0.97389], [127.62574, 0.97232], [127.62592, 0.97072], [127.62759, 0.97028], [127.62787, 0.96866], [127.62982, 0.96567], [127.62813, 0.96352], [127.62911, 0.96147], [127.63086, 0.9601], [127.63028, 0.95803], [127.63117, 0.95415], [127.63205, 0.95283], [127.6319, 0.95183], [127.62993, 0.95035], [127.6308, 0.94895], [127.62998, 0.94782], [127.63093, 0.94628], [127.6293, 0.94497], [127.62993, 0.94396], [127.62941, 0.94308], [127.63412, 0.94182], [127.63559, 0.94438], [127.63648, 0.94254], [127.63955, 0.94129], [127.63618, 0.93733], [127.63415, 0.93641], [127.63282, 0.93474], [127.63478, 0.93445], [127.63571, 0.93362], [127.64119, 0.93481], [127.63892, 0.93185], [127.63873, 0.92939], [127.63667, 0.92962], [127.63645, 0.92758], [127.63546, 0.92667], [127.6316, 0.92536], [127.63234, 0.92369], [127.63112, 0.92268], [127.63116, 0.92189], [127.63252, 0.9201], [127.63427, 0.92115], [127.63658, 0.92123], [127.63588, 0.91945], [127.63366, 0.91802], [127.63426, 0.91498], [127.63498, 0.91462], [127.63682, 0.91513], [127.63917, 0.9124], [127.64002, 0.91254], [127.64069, 0.9141], [127.63992, 0.91703], [127.64273, 0.91666], [127.64358, 0.91528], [127.64632, 0.91897], [127.64759, 0.91894], [127.64958, 0.9175], [127.64829, 0.91217], [127.65152, 0.90909], [127.65146, 0.90645], [127.65343, 0.90559], [127.65281, 0.90083], [127.6517, 0.89965], [127.65282, 0.89769], [127.6547, 0.89675], [127.65533, 0.8957], [127.65619, 0.89624], [127.65723, 0.89526], [127.65706, 0.89377], [127.65592, 0.89337], [127.65604, 0.89202], [127.65875, 0.89134], [127.65798, 0.89054], [127.65885, 0.88993], [127.65897, 0.88871], [127.65765, 0.88747], [127.6562, 0.88792], [127.65462, 0.88967], [127.65384, 0.8899], [127.65362, 0.88917], [127.6542, 0.88867], [127.65439, 0.88941], [127.65568, 0.88807], [127.65524, 0.88595], [127.65568, 0.88464], [127.65891, 0.88494], [127.6592, 0.88607], [127.66065, 0.88586], [127.66072, 0.8869], [127.66173, 0.88688], [127.6616, 0.88548], [127.66341, 0.88461], [127.66459, 0.88306], [127.66456, 0.88095], [127.66268, 0.88088], [127.66224, 0.88011], [127.66313, 0.87944], [127.6628, 0.87898], [127.66154, 0.87925], [127.66004, 0.87804], [127.65833, 0.87977], [127.65643, 0.87909], [127.65615, 0.87982], [127.65588, 0.87802], [127.65242, 0.87642], [127.65256, 0.87584]]]}}, {"type": "Feature", "properties": {"domain_id": "820306", "name": "TOBELO SELATAN"}, "geometry": {"type": "Polygon", "coordinates": [[[127.96887, 1.56514], [127.96844, 1.56197], [127.96487, 1.55927], [127.96273, 1.55956], [127.95889, 1.55769], [127.95576, 1.55724], [127.95448, 1.55803], [127.95221, 1.55823], [127.95144, 1.55648], [127.95079, 1.55683], [127.95118, 1.55864], [127.95059, 1.55896], [127.94989, 1.55671], [127.94892, 1.56001], [127.94825, 1.56029], [127.94831, 1.55914], [127.94772, 1.55891], [127.94684, 1.56135], [127.94553, 1.56194], [127.94596, 1.56307], [127.94428, 1.56272], [127.94291, 1.56361], [127.94297, 1.56464], [127.94172, 1.56551], [127.93937, 1.56299], [127.93798, 1.56279], [127.93597, 1.56474], [127.93719, 1.56695], [127.93549, 1.56611], [127.93352, 1.569], [127.9316, 1.5686], [127.9308, 1.5699], [127.93054, 1.56876], [127.92969, 1.56874], [127.929, 1.57006], [127.92938, 1.57105], [127.92887, 1.57127], [127.92647, 1.57089], [127.92774, 1.56963], [127.92708, 1.56798], [127.92633, 1.56985], [127.92482, 1.56943], [127.92543, 1.57157], [127.92408, 1.57188], [127.92318, 1.57429], [127.92167, 1.57252], [127.92192, 1.57417], [127.92069, 1.57575], [127.92086, 1.57751], [127.91965, 1.57696], [127.91839, 1.5783], [127.91653, 1.57798], [127.91637, 1.57953], [127.91526, 1.58009], [127.91508, 1.57884], [127.91366, 1.57849], [127.91224, 1.57706], [127.91235, 1.57871], [127.91111, 1.57976], [127.91214, 1.58058], [127.9114, 1.58085], [127.90936, 1.57955], [127.90807, 1.57974], [127.90803, 1.57801], [127.90635, 1.57793], [127.9055, 1.57615], [127.90442, 1.5759], [127.90356, 1.57433], [127.90114, 1.57348], [127.90026, 1.57115], [127.89749, 1.57446], [127.89596, 1.57507], [127.88893, 1.57395], [127.88888, 1.57307], [127.88742, 1.57379], [127.88427, 1.5733], [127.88507, 1.57224], [127.88647, 1.57273], [127.88639, 1.57098], [127.88536, 1.57141], [127.88419, 1.57101], [127.88393, 1.5719], [127.88299, 1.57207], [127.88256, 1.57349], [127.88147, 1.57347], [127.88112, 1.57224], [127.88025, 1.57209], [127.88014, 1.57305], [127.87922, 1.57334], [127.8807, 1.57512], [127.87807, 1.5766], [127.87758, 1.57788], [127.87548, 1.57781], [127.8748, 1.58027], [127.87384, 1.58084], [127.87423, 1.58311], [127.87267, 1.58229], [127.87221, 1.58315], [127.87109, 1.58343], [127.87149, 1.58446], [127.87005, 1.58523], [127.8696, 1.58509], [127.86972, 1.58385], [127.8675, 1.58767], [127.86506, 1.58788], [127.86188, 1.59378], [127.862, 1.59624], [127.85992, 1.60012], [127.8594, 1.60504], [127.85754, 1.60517], [127.85679, 1.60614], [127.85558, 1.60627], [127.85641, 1.60686], [127.85634, 1.60882], [127.8569, 1.60937], [127.85626, 1.61024], [127.85734, 1.61055], [127.85745, 1.61152], [127.85641, 1.6116], [127.85552, 1.61292], [127.85457, 1.61012], [127.8534, 1.61012], [127.85372, 1.61359], [127.85198, 1.61452], [127.85325, 1.61524], [127.85315, 1.61612], [127.85134, 1.61683], [127.85371, 1.61836], [127.85758, 1.62271], [127.86397, 1.62269], [127.87485, 1.63068], [127.87881, 1.63118], [127.89166, 1.63618], [127.89342, 1.63826], [127.90642, 1.64394], [127.91299, 1.64625], [127.9247, 1.64851], [127.92584, 1.65193], [127.92355, 1.65688], [127.92355, 1.65879], [127.92672, 1.65965], [127.92824, 1.66127], [127.93014, 1.66127], [127.93186, 1.66251], [127.93918, 1.66127], [127.94432, 1.66232], [127.94785, 1.66241], [127.94972, 1.6617], [127.95548, 1.66411], [127.96279, 1.66949], [127.96422, 1.67178], [127.96582, 1.67677], [127.97128, 1.68172], [127.97322, 1.68224], [127.97857, 1.68108], [127.98192, 1.68106], [127.98689, 1.68204], [127.98977, 1.68043], [127.99322, 1.6798], [127.99577, 1.67698], [127.99566, 1.67487], [127.9968, 1.67052], [127.99404, 1.66894], [127.99397, 1.66739], [127.99242, 1.66433], [127.99255, 1.66368], [127.99346, 1.6636], [127.99156, 1.66273], [127.99122, 1.66097], [127.9916, 1.66001], [127.99239, 1.66012], [127.99305, 1.65867], [127.9923, 1.65882], [127.99353, 1.65793], [127.99437, 1.65593], [127.9956, 1.6548], [127.99604, 1.65292], [127.99694, 1.65223], [127.99643, 1.65216], [127.99679, 1.64731], [127.99593, 1.64237], [127.99686, 1.64032], [127.99856, 1.63876], [127.9988, 1.636], [127.99737, 1.63488], [127.99686, 1.63324], [127.99867, 1.63117], [127.99833, 1.6295], [127.99986, 1.62356], [127.99955, 1.62207], [127.99834, 1.62158], [127.9964, 1.62196], [127.99464, 1.62341], [127.99269, 1.62336], [127.99273, 1.62236], [127.99252, 1.62233], [127.99265, 1.6235], [127.99155, 1.62371], [127.99055, 1.62529], [127.98925, 1.62398], [127.98893, 1.62291], [127.98964, 1.6226], [127.9897, 1.62225], [127.98896, 1.62281], [127.98807, 1.61886], [127.98699, 1.61764], [127.98773, 1.61692], [127.98767, 1.61447], [127.9887, 1.6113], [127.993, 1.60635], [127.99508, 1.60617], [127.99761, 1.60768], [127.99803, 1.6095], [127.99928, 1.60917], [128.00045, 1.60635], [127.99853, 1.60113], [127.99879, 1.59912], [128.00048, 1.59721], [128.00417, 1.59524], [128.00199, 1.59442], [128.00089, 1.59489], [128.00036, 1.59391], [127.99886, 1.59415], [127.99811, 1.59223], [127.99928, 1.59206], [127.9989, 1.59136], [127.99754, 1.5914], [127.99747, 1.59048], [127.99587, 1.59116], [127.99415, 1.58725], [127.99302, 1.58768], [127.9929, 1.5863], [127.9895, 1.58558], [127.98841, 1.58477], [127.98727, 1.58219], [127.98586, 1.58108], [127.98451, 1.58104], [127.98469, 1.57965], [127.98234, 1.57926], [127.98266, 1.57839], [127.98156, 1.57692], [127.9812, 1.57461], [127.97849, 1.57302], [127.97293, 1.56684], [127.97182, 1.56714], [127.97112, 1.56625], [127.97019, 1.56647], [127.96887, 1.56514]]]}}, {"type": "Feature", "properties": {"domain_id": "827207", "name": "OBA SELATAN"}, "geometry": {"type": "Polygon", "coordinates": [[[127.79672, -0.01131], [127.79651, -0.02432], [127.75889, -0.01062], [127.72688, -0.00071], [127.69762, 0.00707], [127.69897, 0.01188], [127.69876, 0.01387], [127.69998, 0.01507], [127.69908, 0.01476], [127.69982, 0.01639], [127.70799, 0.02764], [127.71012, 0.03248], [127.71049, 0.03551], [127.71283, 0.03976], [127.71112, 0.04066], [127.71104, 0.04208], [127.71206, 0.04243], [127.71322, 0.04123], [127.71602, 0.04235], [127.71563, 0.0426], [127.7168, 0.04503], [127.71505, 0.04786], [127.71643, 0.04899], [127.71629, 0.05015], [127.71765, 0.05143], [127.72043, 0.0594], [127.72142, 0.06594], [127.72145, 0.06386], [127.72187, 0.0658], [127.72135, 0.06608], [127.72208, 0.0723], [127.72112, 0.07664], [127.71656, 0.07829], [127.71734, 0.08002], [127.71668, 0.08033], [127.7166, 0.08534], [127.71721, 0.08544], [127.71555, 0.08752], [127.71409, 0.08809], [127.71217, 0.09071], [127.71267, 0.0913], [127.71209, 0.09628], [127.71291, 0.09938], [127.71364, 0.09997], [127.71324, 0.10262], [127.71218, 0.10366], [127.70824, 0.10478], [127.70447, 0.1017], [127.70232, 0.10135], [127.70014, 0.10215], [127.69651, 0.10061], [127.69491, 0.10102], [127.69358, 0.10035], [127.6914, 0.10038], [127.68949, 0.09943], [127.68822, 0.09772], [127.68468, 0.09855], [127.68995, 0.10433], [127.68898, 0.10888], [127.69023, 0.11199], [127.69564, 0.11621], [127.69674, 0.11582], [127.69749, 0.11713], [127.69651, 0.11803], [127.6964, 0.11913], [127.69738, 0.12007], [127.69964, 0.12061], [127.7018, 0.12511], [127.70128, 0.1302], [127.69977, 0.13307], [127.69855, 0.13409], [127.69841, 0.13804], [127.69529, 0.13921], [127.69355, 0.14076], [127.69181, 0.14592], [127.69181, 0.14839], [127.69319, 0.15004], [127.69587, 0.15979], [127.70397, 0.16248], [127.70683, 0.16248], [127.70992, 0.15962], [127.71444, 0.15986], [127.72182, 0.1639], [127.72396, 0.16771], [127.72658, 0.16747], [127.72872, 0.16938], [127.72943, 0.17247], [127.73348, 0.17247], [127.73681, 0.1739], [127.73919, 0.17604], [127.74257, 0.18143], [127.74956, 0.18192], [127.75057, 0.18418], [127.75172, 0.19234], [127.75232, 0.20293], [127.75482, 0.20519], [127.76219, 0.20638], [127.76677, 0.20448], [127.76909, 0.2062], [127.77153, 0.20686], [127.78016, 0.2057], [127.78252, 0.20591], [127.78395, 0.20463], [127.78473, 0.20213], [127.78752, 0.2027], [127.79001, 0.20448], [127.81043, 0.20927], [127.81877, 0.21479], [127.82137, 0.21274], [127.82365, 0.20943], [127.82163, 0.20768], [127.82289, 0.20501], [127.82211, 0.2035], [127.82217, 0.20172], [127.81951, 0.20073], [127.81776, 0.19918], [127.81287, 0.19766], [127.81116, 0.19597], [127.80954, 0.19592], [127.80506, 0.19072], [127.80382, 0.18733], [127.80282, 0.18622], [127.80257, 0.18327], [127.80122, 0.18235], [127.80057, 0.18032], [127.79864, 0.17884], [127.79821, 0.17473], [127.79678, 0.17467], [127.79547, 0.17374], [127.79538, 0.17096], [127.7942, 0.16935], [127.79399, 0.16744], [127.79201, 0.16549], [127.79047, 0.16241], [127.79058, 0.15888], [127.78854, 0.15688], [127.78771, 0.15465], [127.78806, 0.15298], [127.79657, 0.13987], [127.79914, 0.13167], [127.79754, 0.03341], [127.79654, 0.02423], [127.79717, 0.01555], [127.79672, -0.01131]]]}}, {"type": "Feature", "properties": {"domain_id": "820207", "name": "WEDA TENGAH"}, "geometry": {"type": "Polygon", "coordinates": [[[127.90656, 0.41218], [127.90743, 0.40802], [127.90846, 0.40746], [127.90934, 0.40567], [127.909, 0.40458], [127.91056, 0.40413], [127.91223, 0.40069], [127.91114, 0.39961], [127.91058, 0.40134], [127.90885, 0.40058], [127.90899, 0.39889], [127.91018, 0.39669], [127.90971, 0.39464], [127.90858, 0.39422], [127.9067, 0.39476], [127.90476, 0.39122], [127.88636, 0.39133], [127.87994, 0.39238], [127.87705, 0.39429], [127.87456, 0.39713], [127.86082, 0.42538], [127.85479, 0.43009], [127.84532, 0.43427], [127.83087, 0.43667], [127.80546, 0.44514], [127.79676, 0.449], [127.78157, 0.45716], [127.77312, 0.46005], [127.77599, 0.46667], [127.77829, 0.46691], [127.77956, 0.46791], [127.77895, 0.46948], [127.77667, 0.47053], [127.77705, 0.47424], [127.77538, 0.47624], [127.77755, 0.4793], [127.77706, 0.4808], [127.77771, 0.48354], [127.77946, 0.48551], [127.78448, 0.48835], [127.78597, 0.48777], [127.78684, 0.48652], [127.79312, 0.48673], [127.79439, 0.48569], [127.79471, 0.48322], [127.79563, 0.48226], [127.80028, 0.48095], [127.80109, 0.48154], [127.8014, 0.48492], [127.80421, 0.48866], [127.80604, 0.49007], [127.80503, 0.49653], [127.80561, 0.49846], [127.80527, 0.50045], [127.80629, 0.5015], [127.80636, 0.50256], [127.80358, 0.50812], [127.80609, 0.51284], [127.80862, 0.51486], [127.81159, 0.51541], [127.81277, 0.51823], [127.81228, 0.52166], [127.80697, 0.5251], [127.80666, 0.52649], [127.81053, 0.52902], [127.81179, 0.53132], [127.81387, 0.53299], [127.81594, 0.53723], [127.81966, 0.53762], [127.82587, 0.54244], [127.82532, 0.55072], [127.82144, 0.55652], [127.82118, 0.56055], [127.82315, 0.5625], [127.82276, 0.56725], [127.82965, 0.56966], [127.83161, 0.57274], [127.83137, 0.57612], [127.82896, 0.57724], [127.82841, 0.58075], [127.82494, 0.58284], [127.82335, 0.5864], [127.82163, 0.58843], [127.82071, 0.59206], [127.81022, 0.59785], [127.80983, 0.59909], [127.81106, 0.60422], [127.80891, 0.61], [127.80966, 0.61088], [127.80995, 0.61454], [127.8083, 0.61584], [127.80683, 0.61863], [127.79977, 0.62149], [127.79779, 0.62315], [127.79663, 0.62651], [127.79296, 0.62943], [127.79154, 0.63233], [127.79091, 0.63827], [127.79213, 0.64316], [127.79523, 0.64139], [127.79838, 0.64081], [127.80101, 0.6416], [127.80313, 0.64142], [127.80798, 0.64599], [127.81027, 0.64503], [127.81217, 0.64501], [127.81378, 0.64395], [127.81669, 0.64385], [127.8186, 0.6409], [127.82269, 0.64044], [127.82655, 0.63855], [127.82721, 0.63513], [127.82548, 0.63043], [127.82622, 0.62714], [127.82902, 0.62272], [127.8336, 0.62178], [127.83518, 0.6206], [127.8377, 0.61988], [127.8412, 0.61951], [127.84331, 0.61818], [127.84699, 0.61997], [127.84945, 0.61851], [127.85374, 0.61771], [127.85477, 0.62073], [127.85654, 0.62155], [127.85713, 0.62304], [127.8584, 0.62377], [127.85958, 0.62357], [127.86101, 0.62523], [127.86172, 0.6255], [127.86243, 0.62493], [127.86274, 0.62589], [127.86356, 0.62571], [127.86415, 0.62667], [127.86343, 0.6306], [127.86424, 0.63157], [127.86718, 0.63266], [127.86764, 0.63182], [127.86939, 0.63125], [127.87068, 0.6324], [127.87134, 0.63168], [127.87159, 0.63251], [127.87252, 0.63284], [127.87239, 0.63155], [127.87515, 0.63217], [127.87596, 0.63071], [127.87726, 0.63102], [127.87923, 0.63026], [127.87986, 0.63073], [127.88001, 0.62973], [127.88174, 0.63096], [127.88155, 0.63039], [127.88234, 0.62997], [127.88371, 0.63106], [127.88628, 0.63016], [127.88879, 0.63056], [127.89172, 0.62912], [127.89734, 0.62906], [127.90541, 0.62736], [127.91031, 0.62753], [127.91386, 0.62856], [127.91734, 0.62785], [127.92271, 0.62788], [127.92475, 0.62702], [127.92607, 0.62552], [127.92799, 0.62532], [127.9319, 0.62881], [127.9347, 0.63444], [127.93611, 0.63516], [127.94005, 0.63404], [127.9393, 0.63163], [127.94021, 0.63071], [127.94571, 0.63001], [127.94798, 0.62832], [127.94881, 0.63008], [127.95208, 0.63019], [127.95305, 0.63279], [127.95148, 0.63432], [127.95249, 0.63513], [127.95347, 0.63513], [127.95467, 0.6331], [127.95619, 0.63248], [127.9597, 0.636], [127.96072, 0.63621], [127.96419, 0.63319], [127.96528, 0.63484], [127.97037, 0.6372], [127.97014, 0.63851], [127.97092, 0.63891], [127.97521, 0.63861], [127.97795, 0.63767], [127.97958, 0.63977], [127.98128, 0.6405], [127.98246, 0.64272], [127.9865, 0.64542], [127.98547, 0.6461], [127.9861, 0.64731], [127.98509, 0.64916], [127.98311, 0.65049], [127.98314, 0.65161], [127.98873, 0.65045], [127.99202, 0.65374], [127.99537, 0.65293], [127.99478, 0.655], [127.99542, 0.65673], [127.99955, 0.65578], [128.00142, 0.65665], [128.00452, 0.65525], [128.00584, 0.65295], [128.00764, 0.65218], [128.0092, 0.64986], [128.01126, 0.64961], [128.01173, 0.65047], [128.0132, 0.65102], [128.0146, 0.6503], [128.01836, 0.65039], [128.02428, 0.64357], [128.02536, 0.64502], [128.02668, 0.64517], [128.02703, 0.6433], [128.0285, 0.64449], [128.02933, 0.64319], [128.0306, 0.64414], [128.03195, 0.64346], [128.03367, 0.64422], [128.03386, 0.64221], [128.0353, 0.642], [128.03539, 0.64025], [128.03744, 0.63927], [128.03794, 0.63967], [128.03866, 0.63701], [128.03965, 0.63699], [128.03987, 0.6377], [128.0469, 0.63419], [128.04937, 0.63201], [128.05365, 0.63068], [128.05517, 0.62858], [128.05932, 0.62537], [128.06321, 0.62387], [128.07165, 0.62236], [128.07425, 0.62338], [128.07605, 0.62307], [128.07606, 0.62406], [128.0771, 0.62229], [128.07868, 0.62121], [128.08169, 0.62241], [128.08185, 0.62003], [128.08357, 0.61586], [128.08486, 0.61441], [128.08112, 0.61472], [128.07873, 0.61577], [128.07669, 0.61478], [128.07423, 0.61491], [128.07518, 0.61171], [128.07434, 0.60979], [128.07545, 0.60836], [128.0746, 0.60641], [128.07455, 0.60405], [128.0736, 0.60281], [128.06999, 0.6017], [128.06909, 0.60105], [128.07059, 0.60152], [128.07104, 0.60059], [128.06938, 0.59578], [128.06835, 0.59525], [128.06825, 0.59366], [128.06585, 0.59313], [128.06533, 0.59201], [128.06397, 0.59271], [128.062, 0.5909], [128.06314, 0.59014], [128.05954, 0.58854], [128.0552, 0.58338], [128.05282, 0.58159], [128.05434, 0.57965], [128.05429, 0.57885], [128.05276, 0.57814], [128.05228, 0.57612], [128.04967, 0.57556], [128.04935, 0.5709], [128.04718, 0.56957], [128.04463, 0.56676], [128.04202, 0.55993], [128.04279, 0.55467], [128.04218, 0.55339], [128.04281, 0.55067], [128.04421, 0.54964], [128.03433, 0.54572], [128.03215, 0.54343], [128.02914, 0.5373], [128.02629, 0.53555], [128.02214, 0.53504], [128.0175, 0.53075], [128.0158, 0.53043], [128.01505, 0.52878], [128.0154, 0.52451], [128.01341, 0.52006], [128.01305, 0.51559], [128.01391, 0.5118], [128.0139, 0.5082], [128.01525, 0.5045], [128.01448, 0.49999], [128.0163, 0.49651], [128.0182, 0.4948], [128.01542, 0.49099], [128.01547, 0.48987], [128.01681, 0.48811], [128.01632, 0.48672], [128.00996, 0.48487], [128.00815, 0.48203], [128.00509, 0.47978], [128.00466, 0.47517], [127.99839, 0.47385], [127.99504, 0.47484], [127.99096, 0.47491], [127.98591, 0.47911], [127.98246, 0.47708], [127.97874, 0.4714], [127.97773, 0.47098], [127.97849, 0.47357], [127.9764, 0.4779], [127.97664, 0.48245], [127.97565, 0.48273], [127.97412, 0.48056], [127.97146, 0.47987], [127.97024, 0.48144], [127.9687, 0.48181], [127.96801, 0.48152], [127.96751, 0.47949], [127.96604, 0.47913], [127.96218, 0.47424], [127.95906, 0.47144], [127.95686, 0.4687], [127.95677, 0.46737], [127.95652, 0.46827], [127.95586, 0.4683], [127.95176, 0.46675], [127.94956, 0.46678], [127.94756, 0.46788], [127.94414, 0.46701], [127.93903, 0.46837], [127.93696, 0.46719], [127.93697, 0.46638], [127.9357, 0.46559], [127.93529, 0.4635], [127.93364, 0.46483], [127.93163, 0.46543], [127.92906, 0.46497], [127.92787, 0.46074], [127.9262, 0.45927], [127.92407, 0.45954], [127.92459, 0.45692], [127.92382, 0.45623], [127.92384, 0.45934], [127.92236, 0.45918], [127.91656, 0.45474], [127.91565, 0.4518], [127.91185, 0.44767], [127.90936, 0.44282], [127.90335, 0.43627], [127.90163, 0.43306], [127.90065, 0.43024], [127.90085, 0.42708], [127.90312, 0.42585], [127.90389, 0.42318], [127.90465, 0.42323], [127.90653, 0.41853], [127.90858, 0.41596], [127.90832, 0.41506], [127.90723, 0.41459], [127.90656, 0.41218]]]}}, {"type": "Feature", "properties": {"domain_id": "820605", "name": "WASILE TENGAH"}, "geometry": {"type": "Polygon", "coordinates": [[[128.11546, 1.24839], [128.1104, 1.24832], [128.10332, 1.23892], [128.09934, 1.23922], [128.09424, 1.2417], [128.09128, 1.24378], [128.08938, 1.246], [128.08669, 1.25325], [128.08634, 1.26027], [128.09086, 1.27496], [128.09365, 1.28088], [128.09382, 1.28452], [128.09704, 1.28641], [128.10207, 1.28764], [128.10316, 1.28867], [128.10495, 1.28896], [128.10823, 1.28716], [128.11091, 1.28651], [128.11589, 1.28772], [128.11957, 1.2899], [128.12285, 1.2962], [128.12747, 1.30209], [128.13524, 1.30892], [128.13742, 1.31169], [128.13885, 1.31587], [128.14198, 1.32164], [128.14243, 1.32416], [128.14364, 1.32545], [128.143, 1.32565], [128.14582, 1.33346], [128.14873, 1.33969], [128.14983, 1.33979], [128.15, 1.34191], [128.15589, 1.35185], [128.16207, 1.34762], [128.16911, 1.34944], [128.1713, 1.34801], [128.17463, 1.34906], [128.17434, 1.34791], [128.1751, 1.34753], [128.17767, 1.34763], [128.179, 1.34839], [128.18157, 1.34725], [128.1869, 1.34667], [128.19261, 1.3415], [128.20045, 1.34278], [128.20316, 1.34187], [128.21325, 1.34294], [128.21597, 1.34112], [128.21838, 1.34582], [128.22651, 1.34491], [128.22847, 1.34582], [128.22952, 1.34992], [128.23402, 1.35039], [128.23305, 1.34855], [128.23493, 1.34613], [128.23751, 1.34461], [128.24113, 1.34431], [128.24669, 1.34872], [128.24783, 1.35236], [128.24992, 1.35293], [128.25506, 1.34949], [128.25696, 1.35274], [128.25753, 1.35944], [128.27199, 1.36653], [128.27601, 1.36525], [128.27631, 1.36631], [128.27721, 1.36525], [128.27796, 1.36616], [128.28279, 1.36389], [128.28535, 1.36161], [128.28851, 1.36268], [128.29228, 1.36616], [128.29529, 1.36708], [128.29755, 1.36601], [128.29846, 1.3648], [128.30132, 1.36404], [128.30433, 1.3645], [128.31398, 1.36329], [128.3176, 1.36375], [128.32603, 1.37027], [128.3292, 1.37194], [128.33236, 1.37239], [128.33462, 1.37118], [128.33846, 1.37376], [128.34193, 1.37482], [128.3466, 1.37968], [128.34946, 1.38165], [128.35217, 1.38241], [128.35925, 1.39015], [128.37191, 1.38985], [128.38833, 1.39622], [128.3909, 1.39834], [128.3927, 1.39895], [128.39511, 1.40138], [128.39617, 1.40138], [128.39768, 1.4035], [128.4022, 1.40396], [128.40295, 1.40502], [128.40521, 1.40472], [128.40657, 1.40563], [128.40883, 1.40533], [128.41048, 1.40275], [128.41274, 1.40199], [128.41259, 1.39956], [128.41395, 1.39562], [128.42254, 1.39062], [128.42397, 1.38849], [128.42367, 1.38561], [128.42458, 1.38334], [128.43242, 1.38031], [128.43385, 1.37803], [128.43355, 1.36984], [128.43581, 1.36817], [128.43551, 1.36302], [128.43664, 1.3612], [128.44357, 1.35938], [128.44749, 1.35923], [128.449, 1.36075], [128.45035, 1.35832], [128.45321, 1.36044], [128.45442, 1.35923], [128.45638, 1.35862], [128.46073, 1.36315], [128.45994, 1.35756], [128.45771, 1.35297], [128.45412, 1.35003], [128.45007, 1.34486], [128.45064, 1.33454], [128.44704, 1.33033], [128.44354, 1.31769], [128.442, 1.3162], [128.43757, 1.31509], [128.43292, 1.3074], [128.4331, 1.30045], [128.42722, 1.2935], [128.42494, 1.28902], [128.42211, 1.28636], [128.41457, 1.27402], [128.41198, 1.2765], [128.40962, 1.27507], [128.4082, 1.27604], [128.40467, 1.27592], [128.40285, 1.27466], [128.40246, 1.27287], [128.40307, 1.27073], [128.39857, 1.26746], [128.39796, 1.26619], [128.3957, 1.26532], [128.39473, 1.26284], [128.39029, 1.26113], [128.38939, 1.26004], [128.38328, 1.2593], [128.38179, 1.25806], [128.38015, 1.25906], [128.37951, 1.26461], [128.37527, 1.26975], [128.37168, 1.26557], [128.36847, 1.26646], [128.36036, 1.26669], [128.35278, 1.26293], [128.34986, 1.26295], [128.34593, 1.26092], [128.34338, 1.2587], [128.34115, 1.25801], [128.33901, 1.25643], [128.33742, 1.25384], [128.33242, 1.25139], [128.32938, 1.24581], [128.32586, 1.24541], [128.3207, 1.24127], [128.31639, 1.23346], [128.31383, 1.23129], [128.31177, 1.22848], [128.30803, 1.22711], [128.30404, 1.22337], [128.30095, 1.22305], [128.29618, 1.22048], [128.29449, 1.21916], [128.29237, 1.21525], [128.28671, 1.21332], [128.28315, 1.21118], [128.28221, 1.20969], [128.28134, 1.20965], [128.27811, 1.21384], [128.27558, 1.21535], [128.2732, 1.21542], [128.27093, 1.21698], [128.26838, 1.2177], [128.26583, 1.21677], [128.26184, 1.21677], [128.25657, 1.21374], [128.25399, 1.21375], [128.25253, 1.21191], [128.2502, 1.21076], [128.24721, 1.21116], [128.24581, 1.21031], [128.24417, 1.21042], [128.2437, 1.21194], [128.24237, 1.21316], [128.23851, 1.20927], [128.23813, 1.20786], [128.23547, 1.20709], [128.23465, 1.20478], [128.23394, 1.2045], [128.23191, 1.20475], [128.23071, 1.20675], [128.22932, 1.2075], [128.23012, 1.20967], [128.22974, 1.21468], [128.22842, 1.21582], [128.22505, 1.21695], [128.22187, 1.21386], [128.21874, 1.2135], [128.21693, 1.21428], [128.21596, 1.21404], [128.21446, 1.21193], [128.21205, 1.21043], [128.20482, 1.20988], [128.19894, 1.20833], [128.19899, 1.20889], [128.19816, 1.20888], [128.19784, 1.21054], [128.19631, 1.21204], [128.19613, 1.21161], [128.1953, 1.21194], [128.19525, 1.21302], [128.19468, 1.21273], [128.19417, 1.21347], [128.1882, 1.22519], [128.18813, 1.22667], [128.18713, 1.22745], [128.18569, 1.23221], [128.18444, 1.23321], [128.17986, 1.24268], [128.17722, 1.24438], [128.17504, 1.24489], [128.17156, 1.24769], [128.16831, 1.24776], [128.16701, 1.24843], [128.16553, 1.24811], [128.16401, 1.24901], [128.16242, 1.24865], [128.16099, 1.25002], [128.15716, 1.25183], [128.15479, 1.2515], [128.15263, 1.25289], [128.14983, 1.25247], [128.14594, 1.25364], [128.14152, 1.25234], [128.14032, 1.25264], [128.13904, 1.25151], [128.13725, 1.25152], [128.13584, 1.25075], [128.13065, 1.25197], [128.12927, 1.2509], [128.1279, 1.2509], [128.12757, 1.25002], [128.12643, 1.25007], [128.12589, 1.24911], [128.12213, 1.24802], [128.11973, 1.24826], [128.11912, 1.24745], [128.11546, 1.24839]]]}}, {"type": "Feature", "properties": {"domain_id": "820411", "name": "KAYOA BARAT"}, "geometry": {"type": "Polygon", "coordinates": [[[127.12677, -0.23336], [127.12642, -0.23506], [127.12477, -0.23615], [127.12195, -0.23998], [127.11626, -0.24111], [127.11425, -0.24229], [127.11086, -0.24744], [127.10914, -0.25171], [127.10371, -0.25292], [127.09811, -0.25318], [127.09432, -0.2546], [127.09233, -0.25393], [127.09242, -0.25242], [127.0913, -0.25106], [127.09278, -0.24722], [127.09254, -0.24616], [127.09491, -0.24625], [127.09515, -0.2448], [127.09257, -0.24038], [127.09281, -0.23693], [127.09435, -0.23532], [127.09671, -0.23443], [127.09684, -0.23171], [127.09771, -0.23139], [127.09801, -0.22953], [127.0989, -0.23084], [127.10019, -0.2312], [127.10053, -0.23072], [127.09893, -0.22815], [127.0983, -0.22828], [127.09828, -0.22914], [127.0975, -0.22817], [127.09404, -0.22691], [127.09328, -0.22706], [127.09352, -0.22843], [127.09304, -0.22887], [127.09068, -0.22885], [127.09175, -0.23111], [127.08947, -0.2303], [127.08807, -0.23059], [127.08784, -0.22851], [127.08872, -0.22849], [127.08951, -0.22676], [127.08901, -0.22188], [127.09073, -0.21755], [127.09082, -0.21541], [127.09357, -0.21191], [127.09346, -0.21094], [127.09478, -0.21026], [127.09605, -0.21166], [127.09909, -0.2124], [127.10129, -0.21588], [127.10255, -0.21588], [127.10438, -0.21425], [127.10743, -0.21398], [127.10874, -0.21266], [127.10868, -0.21134], [127.11073, -0.21031], [127.11268, -0.20719], [127.11302, -0.20597], [127.11241, -0.20516], [127.11411, -0.19984], [127.11961, -0.19304], [127.11994, -0.19041], [127.12124, -0.19041], [127.12205, -0.19176], [127.12253, -0.19122], [127.12415, -0.1914], [127.12363, -0.19052], [127.12437, -0.19035], [127.12146, -0.18798], [127.12558, -0.18487], [127.12745, -0.18081], [127.1275, -0.1828], [127.12851, -0.18373], [127.13081, -0.18433], [127.1295, -0.18362], [127.12939, -0.18245], [127.12833, -0.18193], [127.12861, -0.17947], [127.12802, -0.17715], [127.12929, -0.17842], [127.13109, -0.17783], [127.13168, -0.17836], [127.13351, -0.17784], [127.13352, -0.17654], [127.13425, -0.17623], [127.13532, -0.17778], [127.1374, -0.17712], [127.13852, -0.17921], [127.13856, -0.18028], [127.1378, -0.18041], [127.13642, -0.17915], [127.13743, -0.18119], [127.13702, -0.18249], [127.13838, -0.18188], [127.13871, -0.18096], [127.14033, -0.18115], [127.14011, -0.17999], [127.14094, -0.17961], [127.14128, -0.18053], [127.1424, -0.18088], [127.14317, -0.18282], [127.14377, -0.18234], [127.1435, -0.18162], [127.14465, -0.18155], [127.14465, -0.17995], [127.14679, -0.18087], [127.14753, -0.18243], [127.14908, -0.18341], [127.15166, -0.18281], [127.15248, -0.18375], [127.14924, -0.18775], [127.1474, -0.1883], [127.14517, -0.19144], [127.14348, -0.19264], [127.14255, -0.19207], [127.1433, -0.19361], [127.14252, -0.19514], [127.14156, -0.19561], [127.14056, -0.19769], [127.13741, -0.19942], [127.13565, -0.20233], [127.13172, -0.20434], [127.12764, -0.20401], [127.1274, -0.20509], [127.12933, -0.20776], [127.12949, -0.20895], [127.13169, -0.21102], [127.1305, -0.21451], [127.1318, -0.21734], [127.13101, -0.21879], [127.13221, -0.22031], [127.13249, -0.22193], [127.13211, -0.22397], [127.13098, -0.22456], [127.13065, -0.22723], [127.12883, -0.22844], [127.12677, -0.23336]]]}}, {"type": "Feature", "properties": {"domain_id": "820313", "name": "TOBELO BARAT"}, "geometry": {"type": "Polygon", "coordinates": [[[127.99244, 1.51], [127.98672, 1.49839], [127.98629, 1.49618], [127.98725, 1.49289], [127.98715, 1.49023], [127.98643, 1.49119], [127.98484, 1.49156], [127.9834, 1.49119], [127.98228, 1.49186], [127.97875, 1.49182], [127.97784, 1.49026], [127.97602, 1.49066], [127.97346, 1.48955], [127.97298, 1.48597], [127.97146, 1.48661], [127.97027, 1.48555], [127.96908, 1.48544], [127.96617, 1.48722], [127.96567, 1.48619], [127.96552, 1.48677], [127.9622, 1.48643], [127.95741, 1.4878], [127.95599, 1.48705], [127.95492, 1.48746], [127.95385, 1.48702], [127.9533, 1.48754], [127.95242, 1.48643], [127.9506, 1.4866], [127.94959, 1.48557], [127.95058, 1.48315], [127.95033, 1.48057], [127.95143, 1.47955], [127.95175, 1.4781], [127.95678, 1.4754], [127.95879, 1.47265], [127.95898, 1.47015], [127.96188, 1.46276], [127.96239, 1.45902], [127.95991, 1.45095], [127.96063, 1.44806], [127.96252, 1.44729], [127.96171, 1.44611], [127.95767, 1.44553], [127.95711, 1.44426], [127.95454, 1.44481], [127.95343, 1.44624], [127.94965, 1.44576], [127.94821, 1.4471], [127.94653, 1.44544], [127.94443, 1.44665], [127.94103, 1.44517], [127.93896, 1.44641], [127.93642, 1.4462], [127.93339, 1.44856], [127.93267, 1.44835], [127.93072, 1.44941], [127.931, 1.45071], [127.92911, 1.45026], [127.92646, 1.45124], [127.92507, 1.45048], [127.92336, 1.45232], [127.91835, 1.45244], [127.91511, 1.4541], [127.9117, 1.45474], [127.90767, 1.45457], [127.90394, 1.45309], [127.90233, 1.45377], [127.90028, 1.45624], [127.89646, 1.45837], [127.89418, 1.45867], [127.89275, 1.45847], [127.88986, 1.456], [127.88693, 1.45195], [127.8835, 1.45214], [127.88017, 1.45043], [127.87798, 1.45043], [127.87484, 1.45309], [127.87179, 1.45452], [127.85904, 1.45418], [127.85572, 1.45492], [127.8548, 1.45569], [127.8521, 1.45244], [127.84756, 1.4509], [127.84784, 1.4493], [127.84945, 1.44706], [127.84833, 1.44392], [127.8454, 1.44294], [127.83897, 1.44273], [127.83841, 1.44374], [127.83665, 1.44407], [127.8353, 1.44203], [127.83298, 1.44545], [127.8295, 1.44661], [127.83023, 1.44837], [127.82965, 1.45099], [127.8313, 1.45159], [127.82943, 1.45219], [127.82757, 1.4539], [127.82784, 1.45605], [127.82885, 1.45698], [127.82834, 1.45817], [127.82754, 1.45788], [127.82651, 1.45563], [127.82396, 1.45448], [127.81986, 1.45601], [127.8178, 1.45805], [127.81157, 1.45953], [127.81153, 1.46301], [127.80847, 1.46233], [127.80595, 1.46058], [127.80375, 1.46123], [127.80059, 1.46063], [127.7994, 1.46123], [127.79853, 1.45988], [127.7939, 1.46216], [127.79204, 1.46223], [127.79148, 1.4634], [127.79296, 1.46415], [127.79304, 1.46478], [127.79068, 1.46579], [127.78936, 1.46507], [127.79039, 1.46366], [127.79015, 1.46294], [127.78866, 1.46342], [127.78752, 1.46289], [127.78746, 1.46168], [127.78653, 1.46091], [127.78594, 1.46286], [127.78518, 1.46333], [127.78497, 1.46093], [127.78348, 1.46126], [127.78236, 1.46059], [127.78223, 1.46227], [127.78362, 1.46312], [127.7823, 1.46602], [127.77994, 1.46581], [127.7797, 1.4675], [127.77878, 1.46638], [127.77558, 1.4682], [127.77667, 1.46986], [127.77406, 1.47081], [127.77433, 1.47249], [127.77246, 1.47412], [127.77136, 1.47422], [127.77088, 1.47542], [127.76858, 1.47456], [127.7682, 1.47498], [127.76892, 1.47628], [127.76645, 1.47616], [127.76591, 1.47576], [127.76605, 1.4738], [127.76515, 1.47323], [127.7631, 1.47468], [127.76258, 1.4758], [127.76022, 1.47462], [127.75826, 1.4761], [127.75707, 1.47457], [127.75639, 1.47638], [127.75457, 1.47812], [127.752, 1.47827], [127.75179, 1.47976], [127.75015, 1.47951], [127.75057, 1.48067], [127.75251, 1.48172], [127.7503, 1.48345], [127.74577, 1.48381], [127.74413, 1.48767], [127.74385, 1.49014], [127.7427, 1.49088], [127.74392, 1.49202], [127.74382, 1.49284], [127.74249, 1.49281], [127.74188, 1.49379], [127.73975, 1.49425], [127.73755, 1.49359], [127.73632, 1.49221], [127.73442, 1.49204], [127.73331, 1.49372], [127.73163, 1.49372], [127.73143, 1.49572], [127.72833, 1.49535], [127.72709, 1.49599], [127.72528, 1.49543], [127.72296, 1.49682], [127.7202, 1.49597], [127.71368, 1.4989], [127.71334, 1.50669], [127.7121, 1.50955], [127.71238, 1.51035], [127.71462, 1.5107], [127.71725, 1.51288], [127.72156, 1.51399], [127.72147, 1.51489], [127.71852, 1.51789], [127.7191, 1.52108], [127.72004, 1.52212], [127.72676, 1.52437], [127.72661, 1.526], [127.72512, 1.52706], [127.72546, 1.5318], [127.72831, 1.53495], [127.72955, 1.53858], [127.72931, 1.5414], [127.72642, 1.549], [127.72601, 1.55193], [127.72591, 1.55925], [127.72855, 1.57221], [127.72672, 1.5811], [127.72681, 1.59143], [127.72741, 1.59408], [127.72878, 1.59553], [127.73143, 1.59548], [127.73182, 1.59603], [127.73163, 1.59918], [127.73495, 1.60234], [127.73483, 1.60556], [127.73833, 1.60237], [127.74169, 1.60142], [127.74325, 1.59976], [127.74718, 1.59841], [127.75668, 1.60253], [127.7639, 1.60789], [127.77447, 1.61998], [127.77998, 1.62151], [127.78356, 1.62157], [127.79187, 1.62047], [127.79539, 1.62123], [127.80017, 1.62089], [127.80466, 1.61947], [127.80819, 1.61497], [127.81057, 1.61394], [127.81306, 1.61467], [127.8178, 1.6184], [127.82427, 1.62054], [127.82697, 1.62077], [127.82944, 1.62072], [127.83285, 1.61929], [127.83725, 1.61943], [127.83875, 1.61889], [127.84054, 1.62017], [127.84168, 1.62022], [127.84528, 1.61674], [127.8467, 1.61715], [127.84998, 1.61517], [127.85112, 1.6155], [127.85152, 1.6166], [127.85291, 1.61664], [127.85329, 1.61531], [127.85198, 1.61452], [127.85372, 1.61359], [127.8534, 1.61012], [127.85457, 1.61012], [127.85552, 1.61292], [127.85641, 1.6116], [127.85745, 1.61152], [127.85734, 1.61055], [127.85626, 1.61024], [127.8569, 1.60937], [127.85634, 1.60882], [127.85641, 1.60686], [127.85558, 1.60627], [127.85679, 1.60614], [127.85754, 1.60517], [127.8594, 1.60504], [127.85992, 1.60012], [127.862, 1.59624], [127.86188, 1.59378], [127.86506, 1.58788], [127.8675, 1.58767], [127.86972, 1.58385], [127.8696, 1.58509], [127.87005, 1.58523], [127.87149, 1.58446], [127.87109, 1.58343], [127.87221, 1.58315], [127.87267, 1.58229], [127.87423, 1.58311], [127.87384, 1.58084], [127.8748, 1.58027], [127.87548, 1.57781], [127.87758, 1.57788], [127.87807, 1.5766], [127.8807, 1.57512], [127.87922, 1.57334], [127.88014, 1.57305], [127.88025, 1.57209], [127.88112, 1.57224], [127.88147, 1.57347], [127.88256, 1.57349], [127.88299, 1.57207], [127.88393, 1.5719], [127.88419, 1.57101], [127.88536, 1.57141], [127.88639, 1.57098], [127.88647, 1.57273], [127.88507, 1.57224], [127.88427, 1.5733], [127.88742, 1.57379], [127.88888, 1.57307], [127.88893, 1.57395], [127.89596, 1.57507], [127.89749, 1.57446], [127.90026, 1.57115], [127.90114, 1.57348], [127.90356, 1.57433], [127.90442, 1.5759], [127.9055, 1.57615], [127.90635, 1.57793], [127.90803, 1.57801], [127.9082, 1.57984], [127.90936, 1.57955], [127.91083, 1.58083], [127.91214, 1.58058], [127.91111, 1.57976], [127.91235, 1.57871], [127.91224, 1.57706], [127.91366, 1.57849], [127.91508, 1.57884], [127.91526, 1.58009], [127.91637, 1.57953], [127.91653, 1.57798], [127.91839, 1.5783], [127.91965, 1.57696], [127.92077, 1.57758], [127.92069, 1.57575], [127.92192, 1.57417], [127.92167, 1.57252], [127.92318, 1.57429], [127.92408, 1.57188], [127.92543, 1.57157], [127.92482, 1.56943], [127.92633, 1.56985], [127.92708, 1.56798], [127.92774, 1.56963], [127.92647, 1.57089], [127.92928, 1.57114], [127.929, 1.57006], [127.92969, 1.56874], [127.93054, 1.56876], [127.9308, 1.5699], [127.9316, 1.5686], [127.93352, 1.569], [127.93549, 1.56611], [127.93719, 1.56695], [127.93597, 1.56474], [127.93798, 1.56279], [127.93937, 1.56299], [127.94112, 1.56525], [127.94204, 1.56545], [127.94297, 1.56464], [127.94291, 1.56361], [127.94428, 1.56272], [127.94596, 1.56307], [127.94545, 1.56209], [127.94684, 1.56135], [127.94772, 1.55891], [127.94831, 1.55914], [127.94825, 1.56029], [127.94892, 1.56001], [127.94971, 1.55676], [127.95032, 1.55688], [127.95001, 1.558], [127.95059, 1.55896], [127.95118, 1.55864], [127.95074, 1.55705], [127.95131, 1.55648], [127.95221, 1.55823], [127.95471, 1.55792], [127.95688, 1.55545], [127.95678, 1.55375], [127.95868, 1.5516], [127.95896, 1.54903], [127.96405, 1.53637], [127.96865, 1.53168], [127.97522, 1.52733], [127.97552, 1.52635], [127.97477, 1.52372], [127.97588, 1.521], [127.99244, 1.51]]]}}, {"type": "Feature", "properties": {"domain_id": "820410", "name": "MAKIAN BARAT"}, "geometry": {"type": "Polygon", "coordinates": [[[127.39613, 0.30843], [127.39558, 0.3017], [127.39326, 0.29352], [127.38905, 0.29067], [127.38573, 0.28978], [127.38144, 0.28452], [127.37987, 0.28163], [127.37406, 0.28593], [127.37208, 0.28923], [127.37007, 0.29021], [127.37001, 0.29086], [127.36734, 0.29299], [127.36713, 0.2941], [127.36587, 0.29433], [127.36503, 0.29665], [127.36265, 0.2971], [127.35834, 0.30076], [127.35626, 0.30336], [127.35381, 0.30491], [127.35215, 0.30803], [127.34916, 0.31034], [127.3483, 0.3119], [127.3486, 0.31303], [127.34768, 0.31405], [127.34776, 0.31636], [127.34459, 0.32828], [127.34487, 0.33046], [127.34438, 0.33079], [127.34585, 0.33589], [127.34786, 0.33782], [127.34927, 0.34044], [127.35072, 0.34117], [127.3526, 0.3445], [127.3562, 0.34792], [127.35716, 0.35047], [127.36098, 0.35251], [127.36623, 0.3575], [127.37134, 0.35971], [127.37446, 0.36296], [127.37637, 0.36362], [127.37939, 0.35977], [127.37962, 0.35756], [127.3819, 0.35498], [127.3819, 0.35038], [127.38343, 0.34627], [127.39289, 0.33913], [127.39374, 0.33677], [127.39766, 0.33238], [127.39701, 0.33177], [127.39628, 0.32458], [127.39613, 0.30843]]]}}, {"type": "Feature", "properties": {"domain_id": "820311", "name": "TOBELO TENGAH"}, "geometry": {"type": "MultiPolygon", "coordinates": [[[[127.89342, 1.63826], [127.89166, 1.63618], [127.87881, 1.63118], [127.87485, 1.63068], [127.86397, 1.62269], [127.85758, 1.62271], [127.85371, 1.61836], [127.85134, 1.61683], [127.85121, 1.61561], [127.85052, 1.6152], [127.8467, 1.61715], [127.84528, 1.61674], [127.84168, 1.62022], [127.84054, 1.62017], [127.83875, 1.61889], [127.83725, 1.61943], [127.83285, 1.61929], [127.82944, 1.62072], [127.82697, 1.62077], [127.82427, 1.62054], [127.8178, 1.6184], [127.81306, 1.61467], [127.81057, 1.61394], [127.80819, 1.61497], [127.80466, 1.61947], [127.80017, 1.62089], [127.79539, 1.62123], [127.79187, 1.62047], [127.78356, 1.62157], [127.77759, 1.62095], [127.77447, 1.61998], [127.77276, 1.61861], [127.7639, 1.60789], [127.75668, 1.60253], [127.74718, 1.59841], [127.74325, 1.59976], [127.74169, 1.60142], [127.73833, 1.60237], [127.73483, 1.60556], [127.73005, 1.60617], [127.73131, 1.61172], [127.7311, 1.6135], [127.72941, 1.61674], [127.7287, 1.62104], [127.73159, 1.6244], [127.73082, 1.63029], [127.72981, 1.63133], [127.72641, 1.63233], [127.72403, 1.63437], [127.71828, 1.64232], [127.71778, 1.64623], [127.7187, 1.64926], [127.72598, 1.64543], [127.73786, 1.64233], [127.74521, 1.64146], [127.76162, 1.64169], [127.76905, 1.64021], [127.77835, 1.6417], [127.78862, 1.64096], [127.80436, 1.64253], [127.81169, 1.6419], [127.84133, 1.64906], [127.85643, 1.6544], [127.85718, 1.65515], [127.86442, 1.65771], [127.86683, 1.66148], [127.86864, 1.66314], [127.87407, 1.66616], [127.87799, 1.66917], [127.88085, 1.66827], [127.88266, 1.66616], [127.88437, 1.66575], [127.88823, 1.66801], [127.89169, 1.66827], [127.8955, 1.67446], [127.90454, 1.6737], [127.91035, 1.67874], [127.91311, 1.67789], [127.91406, 1.68055], [127.9152, 1.68141], [127.91701, 1.6816], [127.91844, 1.68331], [127.92605, 1.68179], [127.92643, 1.68388], [127.92853, 1.68683], [127.92986, 1.6875], [127.93562, 1.68782], [127.95344, 1.69563], [127.96749, 1.70401], [127.9708, 1.70715], [127.97319, 1.7072], [127.97628, 1.70903], [127.97829, 1.709], [127.97908, 1.71083], [127.9808, 1.71078], [127.98054, 1.70916], [127.98101, 1.7088], [127.98204, 1.70955], [127.98324, 1.70946], [127.98334, 1.71044], [127.98406, 1.71053], [127.98385, 1.70781], [127.98557, 1.70786], [127.98615, 1.70914], [127.988, 1.70917], [127.98842, 1.70703], [127.9909, 1.70768], [127.99304, 1.70655], [127.99593, 1.70755], [127.99718, 1.70961], [128.00108, 1.70982], [128.00381, 1.71126], [128.00986, 1.711], [128.01354, 1.71386], [128.01644, 1.71492], [128.01727, 1.71275], [128.01796, 1.71293], [128.01736, 1.71261], [128.01775, 1.71131], [128.02055, 1.70681], [128.02191, 1.70327], [128.02226, 1.6992], [128.02145, 1.68888], [128.01886, 1.6861], [128.01382, 1.68373], [128.01131, 1.68359], [128.00965, 1.68177], [128.00844, 1.68151], [128.00872, 1.68042], [128.00735, 1.67878], [128.00729, 1.67684], [128.005, 1.67354], [128.00422, 1.67374], [128.00446, 1.67291], [128.00255, 1.67209], [128.00252, 1.67101], [128.00178, 1.67085], [128.00121, 1.6693], [128.00091, 1.66998], [127.99851, 1.6695], [127.9968, 1.67052], [127.99566, 1.67487], [127.99577, 1.67698], [127.99322, 1.6798], [127.98977, 1.68043], [127.98689, 1.68204], [127.98192, 1.68106], [127.97857, 1.68108], [127.97322, 1.68224], [127.97128, 1.68172], [127.96582, 1.67677], [127.96422, 1.67178], [127.96279, 1.66949], [127.95548, 1.66411], [127.94972, 1.6617], [127.94785, 1.66241], [127.94432, 1.66232], [127.93918, 1.66127], [127.93186, 1.66251], [127.93014, 1.66127], [127.92824, 1.66127], [127.92672, 1.65965], [127.92355, 1.65879], [127.92355, 1.65688], [127.92584, 1.65193], [127.9247, 1.64851], [127.91299, 1.64625], [127.89342, 1.63826]]], [[[128.05583, 1.67078], [128.05587, 1.66819], [128.05421, 1.66601], [128.0531, 1.66661], [128.05187, 1.66522], [128.05117, 1.6654], [128.05094, 1.66755], [128.05187, 1.6678], [128.05185, 1.6702], [128.05086, 1.67166], [128.05026, 1.6714], [128.04818, 1.673], [128.04869, 1.67424], [128.0509, 1.67586], [128.05143, 1.67766], [128.05452, 1.67645], [128.05583, 1.67078]]], [[[128.05065, 1.66411], [128.05023, 1.66277], [128.05101, 1.66174], [128.04995, 1.65895], [128.05008, 1.65678], [128.04935, 1.65623], [128.04795, 1.65687], [128.04565, 1.65643], [128.04393, 1.65732], [128.04434, 1.65829], [128.0459, 1.65802], [128.04691, 1.65875], [128.04689, 1.66149], [128.04855, 1.66123], [128.04807, 1.662], [128.04899, 1.66159], [128.04951, 1.66235], [128.04954, 1.66362], [128.04758, 1.66472], [128.04851, 1.66642], [128.04914, 1.6666], [128.05065, 1.66411]]], [[[128.03591, 1.68599], [128.03497, 1.68211], [128.03336, 1.68358], [128.03214, 1.68371], [128.03168, 1.68457], [128.03253, 1.68681], [128.03331, 1.68695], [128.03365, 1.68637], [128.0351, 1.68785], [128.03591, 1.68599]]], [[[128.02306, 1.66638], [128.02229, 1.66488], [128.0213, 1.66509], [128.02045, 1.66417], [128.0189, 1.66583], [128.02283, 1.66711], [128.02306, 1.66638]]]]}}, {"type": "Feature", "properties": {"domain_id": "820412", "name": "KAYOA SELATAN"}, "geometry": {"type": "MultiPolygon", "coordinates": [[[[127.41562, -0.0542], [127.41602, -0.06132], [127.41671, -0.06287], [127.41615, -0.06972], [127.41463, -0.07468], [127.41425, -0.08076], [127.41291, -0.08192], [127.41131, -0.08499], [127.41094, -0.08987], [127.4096, -0.09474], [127.41029, -0.09588], [127.41297, -0.09736], [127.41333, -0.10057], [127.41065, -0.10371], [127.40896, -0.101], [127.40731, -0.09514], [127.40294, -0.0881], [127.40429, -0.0814], [127.40383, -0.07914], [127.4044, -0.07687], [127.40263, -0.07128], [127.40352, -0.06898], [127.40373, -0.06338], [127.40604, -0.0581], [127.40831, -0.04768], [127.40756, -0.04538], [127.40884, -0.04127], [127.4094, -0.03587], [127.41283, -0.02905], [127.41327, -0.01939], [127.41412, -0.01722], [127.4167, -0.01561], [127.41727, -0.01592], [127.41752, -0.01788], [127.41944, -0.01662], [127.42077, -0.01643], [127.42191, -0.01702], [127.42382, -0.02119], [127.42393, -0.02227], [127.42299, -0.02343], [127.4238, -0.02373], [127.42387, -0.02442], [127.42307, -0.0279], [127.42403, -0.02797], [127.42449, -0.02879], [127.42414, -0.03326], [127.42615, -0.03813], [127.42593, -0.0411], [127.42637, -0.042], [127.42771, -0.04261], [127.42809, -0.04561], [127.42721, -0.04703], [127.4225, -0.0474], [127.41917, -0.04964], [127.41881, -0.04883], [127.41801, -0.04896], [127.41562, -0.0542]]], [[[127.46307, -0.01831], [127.46457, -0.01849], [127.46571, -0.02279], [127.46623, -0.03102], [127.46752, -0.03495], [127.46769, -0.03872], [127.46681, -0.04076], [127.46336, -0.03754], [127.46183, -0.0336], [127.46005, -0.03486], [127.46182, -0.03793], [127.46184, -0.03919], [127.4605, -0.04013], [127.45849, -0.03991], [127.45493, -0.03698], [127.4538, -0.03366], [127.45367, -0.03082], [127.44919, -0.02649], [127.44834, -0.02514], [127.44845, -0.02398], [127.44718, -0.02273], [127.4501, -0.0207], [127.45215, -0.01669], [127.45259, -0.0152], [127.45064, -0.01415], [127.45208, -0.0124], [127.45394, -0.01271], [127.46099, -0.01644], [127.4616, -0.01768], [127.46307, -0.01831]]], [[[127.42113, -0.05881], [127.4307, -0.0613], [127.4338, -0.06277], [127.43581, -0.06799], [127.4361, -0.07169], [127.43564, -0.07335], [127.43073, -0.07409], [127.42626, -0.07113], [127.42217, -0.06977], [127.42048, -0.06842], [127.41904, -0.06325], [127.41963, -0.06002], [127.41793, -0.05845], [127.4206, -0.05669], [127.42113, -0.05881]]], [[[127.47011, -0.04807], [127.46957, -0.04923], [127.46995, -0.05], [127.46872, -0.0499], [127.46774, -0.05158], [127.46846, -0.05339], [127.46757, -0.05416], [127.46832, -0.05587], [127.46817, -0.05942], [127.46676, -0.0594], [127.46597, -0.05719], [127.46323, -0.05668], [127.46294, -0.05406], [127.46224, -0.05346], [127.46529, -0.05088], [127.46341, -0.04715], [127.46713, -0.04366], [127.46681, -0.04141], [127.46798, -0.04008], [127.46954, -0.04116], [127.47191, -0.04508], [127.47162, -0.04742], [127.47011, -0.04807]]], [[[127.4236, -0.08467], [127.42065, -0.0788], [127.42092, -0.07682], [127.42203, -0.07551], [127.42331, -0.07566], [127.4247, -0.07681], [127.42615, -0.08024], [127.42579, -0.08464], [127.42466, -0.0851], [127.4236, -0.08467]]], [[[127.46935, -0.06087], [127.47003, -0.06437], [127.47146, -0.06638], [127.46987, -0.06655], [127.46919, -0.06835], [127.46778, -0.06766], [127.46786, -0.06618], [127.46653, -0.06478], [127.46675, -0.06149], [127.46607, -0.06036], [127.46848, -0.05977], [127.46935, -0.06087]]], [[[127.43644, -0.07941], [127.43514, -0.07842], [127.43414, -0.07601], [127.43535, -0.07421], [127.4371, -0.07398], [127.43925, -0.07566], [127.43944, -0.07838], [127.43839, -0.07969], [127.43644, -0.07941]]], [[[127.44574, -0.09196], [127.4447, -0.09253], [127.44296, -0.09224], [127.44205, -0.09157], [127.44171, -0.09013], [127.44412, -0.08827], [127.44612, -0.08805], [127.44651, -0.09148], [127.44574, -0.09196]]], [[[127.43688, -0.08586], [127.43646, -0.08499], [127.43732, -0.08347], [127.43926, -0.08444], [127.43931, -0.08567], [127.43688, -0.08586]]], [[[127.42944, -0.08227], [127.42964, -0.08], [127.43122, -0.08042], [127.43101, -0.08237], [127.43026, -0.08275], [127.42944, -0.08227]]]]}}, {"type": "Feature", "properties": {"domain_id": "820610", "name": "KOTA MABA"}, "geometry": {"type": "MultiPolygon", "coordinates": [[[[128.2945, 0.69941], [128.29551, 0.69443], [128.31128, 0.66464], [128.3118, 0.66026], [128.31281, 0.66017], [128.31529, 0.65776], [128.31989, 0.65559], [128.3211, 0.65702], [128.32341, 0.65495], [128.32416, 0.65331], [128.32369, 0.65214], [128.32464, 0.6517], [128.32537, 0.65197], [128.32598, 0.65453], [128.3271, 0.65414], [128.32776, 0.65559], [128.32836, 0.65714], [128.32827, 0.66029], [128.32909, 0.66003], [128.32869, 0.65984], [128.32854, 0.65709], [128.3273, 0.6537], [128.32815, 0.65386], [128.32885, 0.65536], [128.33108, 0.65492], [128.3316, 0.65719], [128.3327, 0.65837], [128.33376, 0.65821], [128.3344, 0.65918], [128.33651, 0.65843], [128.33749, 0.65914], [128.33943, 0.65763], [128.34078, 0.65748], [128.34151, 0.65644], [128.34306, 0.65675], [128.34341, 0.65607], [128.34457, 0.6565], [128.34589, 0.65456], [128.34781, 0.65629], [128.35233, 0.65545], [128.35439, 0.65544], [128.3549, 0.65601], [128.35607, 0.65566], [128.35556, 0.6552], [128.35693, 0.65353], [128.35859, 0.65322], [128.35937, 0.65371], [128.36129, 0.65245], [128.36292, 0.65241], [128.36261, 0.65138], [128.35979, 0.64989], [128.35777, 0.65065], [128.35765, 0.65004], [128.35206, 0.64799], [128.3497, 0.64793], [128.34826, 0.64513], [128.35133, 0.64296], [128.35524, 0.6421], [128.35378, 0.63721], [128.35468, 0.62967], [128.35525, 0.62577], [128.357, 0.62515], [128.35834, 0.62362], [128.3591, 0.62161], [128.35847, 0.61965], [128.3558, 0.62048], [128.35396, 0.62013], [128.35104, 0.61707], [128.34944, 0.61617], [128.34745, 0.616], [128.34638, 0.61202], [128.34489, 0.60998], [128.34484, 0.60807], [128.34301, 0.60871], [128.34116, 0.60848], [128.33942, 0.6071], [128.33833, 0.60495], [128.33795, 0.60093], [128.33854, 0.59839], [128.33839, 0.59465], [128.3372, 0.59076], [128.34419, 0.58223], [128.34642, 0.5779], [128.34791, 0.57326], [128.35118, 0.57102], [128.35311, 0.56802], [128.35311, 0.56488], [128.34583, 0.55905], [128.34345, 0.55501], [128.34211, 0.55426], [128.34078, 0.54813], [128.34152, 0.54289], [128.3387, 0.54094], [128.33822, 0.53792], [128.3374, 0.53706], [128.32831, 0.53934], [128.32629, 0.5425], [128.32245, 0.54422], [128.31895, 0.54677], [128.31788, 0.5483], [128.31749, 0.55064], [128.31629, 0.552], [128.31701, 0.55371], [128.31639, 0.55462], [128.30823, 0.55485], [128.30452, 0.55397], [128.30328, 0.5546], [128.30015, 0.55353], [128.29805, 0.55457], [128.29323, 0.55356], [128.28652, 0.55403], [128.28448, 0.55333], [128.28259, 0.55024], [128.27843, 0.54812], [128.2746, 0.54829], [128.27121, 0.54975], [128.27052, 0.55054], [128.26962, 0.55695], [128.26676, 0.56656], [128.26172, 0.57338], [128.26118, 0.57552], [128.25455, 0.57305], [128.25009, 0.5748], [128.24475, 0.57511], [128.24225, 0.57712], [128.24083, 0.58241], [128.23705, 0.5866], [128.23407, 0.58877], [128.23046, 0.59036], [128.22689, 0.59363], [128.21825, 0.59498], [128.21606, 0.59807], [128.21107, 0.60075], [128.20562, 0.60138], [128.20212, 0.59804], [128.19729, 0.59809], [128.19414, 0.59648], [128.19226, 0.59694], [128.18905, 0.59663], [128.18535, 0.59387], [128.18447, 0.59406], [128.18244, 0.5965], [128.18112, 0.5925], [128.17861, 0.58999], [128.17609, 0.59175], [128.17229, 0.59273], [128.16828, 0.58924], [128.16395, 0.59015], [128.16117, 0.58993], [128.15593, 0.59206], [128.15203, 0.59532], [128.14836, 0.59432], [128.14477, 0.59466], [128.14154, 0.59119], [128.13794, 0.59079], [128.1354, 0.58914], [128.12789, 0.59096], [128.12517, 0.59271], [128.12061, 0.59429], [128.11872, 0.59373], [128.11697, 0.59114], [128.11043, 0.59827], [128.10674, 0.6003], [128.10524, 0.60511], [128.1026, 0.60526], [128.09998, 0.60663], [128.09876, 0.60407], [128.09495, 0.60284], [128.09118, 0.60893], [128.08357, 0.61586], [128.08185, 0.62003], [128.08169, 0.62241], [128.07868, 0.62121], [128.0771, 0.62229], [128.07606, 0.62406], [128.07605, 0.62307], [128.07425, 0.62338], [128.07165, 0.62236], [128.06321, 0.62387], [128.05932, 0.62537], [128.05517, 0.62858], [128.05365, 0.63068], [128.04937, 0.63201], [128.0469, 0.63419], [128.03987, 0.6377], [128.03965, 0.63699], [128.03866, 0.63701], [128.03794, 0.63967], [128.03744, 0.63927], [128.03539, 0.64025], [128.0353, 0.642], [128.03386, 0.64221], [128.03365, 0.64423], [128.03195, 0.64346], [128.0306, 0.64414], [128.02933, 0.64319], [128.0285, 0.64449], [128.02703, 0.6433], [128.02668, 0.64517], [128.02536, 0.64502], [128.02428, 0.64357], [128.01836, 0.65039], [128.0146, 0.6503], [128.0132, 0.65102], [128.01173, 0.65047], [128.01126, 0.64961], [128.0092, 0.64986], [128.00764, 0.65218], [128.00584, 0.65295], [128.00452, 0.65525], [128.00156, 0.65663], [127.99955, 0.65578], [127.99542, 0.65673], [127.99478, 0.655], [127.99537, 0.65293], [127.99202, 0.65374], [127.98873, 0.65045], [127.98357, 0.65161], [127.9838, 0.65295], [127.98165, 0.65477], [127.9805, 0.6573], [127.98065, 0.66112], [127.97487, 0.66593], [127.97341, 0.6703], [127.9721, 0.67897], [127.96987, 0.68081], [127.96594, 0.6827], [127.96941, 0.68695], [127.97114, 0.68777], [127.97123, 0.68943], [127.97253, 0.68984], [127.97298, 0.69194], [127.97442, 0.69199], [127.97438, 0.69316], [127.97621, 0.69385], [127.97579, 0.69542], [127.98058, 0.696], [127.98069, 0.69717], [127.98436, 0.697], [127.98567, 0.69958], [127.98817, 0.70242], [127.98796, 0.70357], [127.99153, 0.71038], [127.99183, 0.71278], [127.99007, 0.71541], [127.98974, 0.71811], [127.98785, 0.72088], [127.98861, 0.72574], [127.98838, 0.72806], [127.98338, 0.73108], [127.9817, 0.73782], [127.97837, 0.74251], [127.97513, 0.74543], [127.9718, 0.75064], [127.97154, 0.75223], [127.97618, 0.75648], [127.98212, 0.76022], [127.9826, 0.76165], [127.9814, 0.76236], [127.97978, 0.76628], [127.97978, 0.76781], [127.98064, 0.76853], [127.98382, 0.77505], [127.98438, 0.77821], [127.98679, 0.78163], [127.9927, 0.78659], [127.99392, 0.79031], [127.99554, 0.78929], [128.00335, 0.79019], [128.00545, 0.78949], [128.00707, 0.79041], [128.00829, 0.79332], [128.00973, 0.79481], [128.01275, 0.79499], [128.01587, 0.79867], [128.01989, 0.80024], [128.02155, 0.7997], [128.02832, 0.80357], [128.03402, 0.80247], [128.0349, 0.8031], [128.03309, 0.80577], [128.03273, 0.80792], [128.0343, 0.81676], [128.03961, 0.82906], [128.03988, 0.83418], [128.0408, 0.83764], [128.04434, 0.84169], [128.04711, 0.84657], [128.04873, 0.85492], [128.05272, 0.85647], [128.05683, 0.85662], [128.05906, 0.85915], [128.05952, 0.86038], [128.05913, 0.86122], [128.05995, 0.86274], [128.05913, 0.86534], [128.061, 0.87056], [128.06222, 0.87181], [128.06446, 0.87126], [128.06538, 0.87205], [128.06659, 0.87514], [128.06793, 0.87555], [128.06767, 0.87629], [128.06857, 0.87754], [128.06804, 0.88105], [128.06901, 0.88128], [128.06834, 0.8828], [128.06958, 0.88291], [128.07268, 0.88998], [128.07411, 0.89208], [128.07461, 0.89202], [128.07058, 0.90132], [128.07061, 0.9055], [128.06915, 0.91189], [128.07211, 0.92381], [128.07371, 0.92457], [128.07453, 0.92683], [128.07898, 0.93036], [128.08243, 0.92719], [128.08499, 0.91724], [128.11592, 0.90327], [128.13246, 0.90051], [128.13695, 0.90125], [128.13997, 0.90406], [128.1466, 0.89741], [128.16671, 0.89758], [128.17721, 0.89419], [128.17749, 0.88828], [128.18337, 0.88254], [128.18686, 0.88104], [128.19241, 0.88077], [128.19865, 0.87526], [128.20784, 0.87268], [128.21477, 0.88087], [128.23686, 0.87158], [128.24673, 0.86619], [128.25029, 0.86619], [128.25621, 0.86277], [128.25907, 0.85906], [128.25918, 0.85597], [128.25804, 0.85217], [128.25868, 0.84937], [128.26025, 0.84894], [128.2641, 0.84527], [128.26945, 0.84219], [128.27679, 0.84339], [128.27988, 0.83944], [128.28035, 0.83477], [128.28416, 0.83083], [128.29415, 0.82736], [128.29592, 0.82489], [128.29913, 0.82245], [128.30266, 0.82288], [128.30551, 0.82191], [128.31079, 0.82335], [128.31333, 0.82323], [128.31312, 0.81842], [128.3125, 0.81657], [128.31157, 0.8158], [128.30303, 0.81764], [128.29641, 0.81774], [128.29348, 0.81676], [128.29372, 0.81741], [128.29529, 0.81792], [128.29524, 0.81918], [128.29401, 0.82197], [128.29231, 0.8236], [128.28793, 0.82248], [128.2864, 0.82006], [128.28222, 0.82029], [128.27636, 0.82564], [128.27288, 0.82726], [128.2724, 0.82873], [128.26886, 0.83242], [128.26862, 0.8339], [128.26747, 0.8337], [128.26632, 0.83473], [128.26427, 0.83452], [128.26271, 0.83696], [128.26076, 0.83778], [128.25754, 0.83726], [128.25583, 0.83905], [128.25242, 0.83933], [128.25036, 0.84034], [128.24952, 0.84183], [128.24681, 0.83774], [128.24573, 0.8323], [128.24706, 0.8298], [128.24697, 0.82787], [128.2484, 0.82686], [128.25084, 0.82659], [128.25164, 0.82563], [128.2513, 0.82482], [128.24832, 0.82673], [128.24708, 0.82651], [128.24615, 0.82715], [128.24449, 0.82537], [128.24297, 0.82651], [128.24272, 0.82334], [128.24349, 0.82258], [128.24226, 0.82214], [128.24105, 0.82039], [128.24081, 0.81938], [128.24152, 0.81802], [128.24067, 0.81776], [128.23966, 0.81616], [128.23499, 0.81508], [128.23234, 0.81582], [128.23181, 0.81481], [128.22848, 0.81383], [128.22721, 0.81524], [128.22707, 0.81373], [128.22485, 0.81362], [128.22348, 0.81424], [128.21955, 0.81228], [128.21581, 0.8077], [128.21352, 0.80865], [128.2096, 0.80766], [128.20744, 0.80837], [128.20561, 0.80763], [128.2039, 0.80298], [128.20263, 0.80259], [128.20213, 0.80142], [128.20381, 0.79841], [128.20301, 0.79542], [128.19832, 0.78947], [128.19958, 0.78774], [128.20049, 0.78814], [128.20151, 0.7873], [128.2012, 0.78618], [128.20255, 0.78628], [128.2023, 0.78558], [128.20334, 0.78534], [128.20263, 0.78362], [128.20524, 0.78261], [128.20668, 0.7806], [128.2084, 0.78001], [128.20957, 0.77798], [128.21062, 0.77289], [128.21183, 0.77108], [128.21139, 0.77091], [128.21132, 0.76835], [128.21226, 0.76716], [128.21293, 0.76455], [128.21549, 0.76104], [128.21835, 0.76009], [128.21819, 0.75628], [128.21899, 0.75548], [128.21833, 0.75485], [128.22212, 0.75445], [128.22489, 0.75157], [128.22825, 0.74962], [128.22806, 0.74809], [128.22934, 0.74681], [128.23133, 0.74622], [128.23248, 0.74474], [128.23378, 0.74445], [128.23496, 0.74291], [128.23567, 0.74043], [128.2362, 0.74041], [128.23595, 0.73844], [128.23765, 0.73616], [128.23935, 0.7347], [128.24192, 0.73427], [128.2445, 0.73238], [128.24621, 0.72999], [128.24892, 0.72867], [128.24996, 0.72937], [128.25027, 0.73098], [128.24957, 0.73112], [128.24978, 0.73229], [128.2476, 0.73118], [128.24768, 0.73396], [128.24673, 0.73214], [128.24613, 0.7328], [128.24758, 0.73483], [128.24904, 0.74002], [128.25242, 0.7407], [128.25327, 0.74187], [128.2553, 0.74154], [128.25673, 0.73998], [128.25825, 0.74168], [128.25694, 0.73974], [128.26064, 0.73785], [128.26971, 0.72507], [128.28365, 0.70994], [128.2844, 0.7084], [128.28396, 0.70714], [128.28453, 0.70696], [128.28506, 0.70766], [128.28968, 0.70265], [128.29368, 0.70122], [128.2936, 0.69992], [128.2945, 0.69941]]], [[[128.24583, 0.81396], [128.24728, 0.81344], [128.24873, 0.81154], [128.25485, 0.81023], [128.25437, 0.80884], [128.2518, 0.80608], [128.25188, 0.80451], [128.25349, 0.80216], [128.25772, 0.80275], [128.25818, 0.80098], [128.25576, 0.79973], [128.25549, 0.79797], [128.2563, 0.79674], [128.25901, 0.79538], [128.26, 0.79355], [128.26278, 0.79419], [128.26612, 0.79225], [128.26656, 0.79105], [128.26564, 0.7895], [128.26444, 0.78927], [128.26217, 0.79147], [128.25891, 0.7901], [128.2569, 0.79049], [128.25559, 0.79202], [128.25314, 0.79219], [128.25191, 0.7935], [128.25293, 0.79495], [128.25203, 0.79639], [128.24999, 0.79717], [128.24967, 0.79828], [128.24746, 0.79814], [128.2466, 0.79881], [128.24619, 0.80107], [128.2472, 0.80309], [128.24668, 0.80387], [128.24482, 0.80393], [128.24528, 0.80608], [128.24405, 0.80682], [128.24395, 0.80892], [128.24247, 0.80978], [128.2428, 0.81104], [128.24156, 0.81238], [128.24126, 0.81443], [128.24218, 0.81507], [128.24583, 0.81396]]], [[[128.30222, 0.7091], [128.30386, 0.70759], [128.30461, 0.70584], [128.3038, 0.70518], [128.2979, 0.70406], [128.29913, 0.70755], [128.30031, 0.70907], [128.30222, 0.7091]]], [[[128.21059, 0.78935], [128.21025, 0.79084], [128.20732, 0.79349], [128.2079, 0.79425], [128.20945, 0.79438], [128.21117, 0.79307], [128.21121, 0.78968], [128.21088, 0.78894], [128.21059, 0.78935]]]]}}, {"type": "Feature", "properties": {"domain_id": "820417", "name": "BACAN SELATAN"}, "geometry": {"type": "Polygon", "coordinates": [[[127.51001, -0.75916], [127.51037, -0.76683], [127.50811, -0.77486], [127.50879, -0.77898], [127.50827, -0.78383], [127.50684, -0.78777], [127.50199, -0.79197], [127.50279, -0.8001], [127.49937, -0.80116], [127.49643, -0.80533], [127.49548, -0.80867], [127.49391, -0.81037], [127.48502, -0.81697], [127.4745, -0.82335], [127.47363, -0.81908], [127.47256, -0.81728], [127.46783, -0.81409], [127.46369, -0.81418], [127.46294, -0.81318], [127.46297, -0.80981], [127.46038, -0.79904], [127.45992, -0.79246], [127.46071, -0.79138], [127.46118, -0.78862], [127.45332, -0.77897], [127.44838, -0.77], [127.44762, -0.76565], [127.44856, -0.76081], [127.44577, -0.75307], [127.44383, -0.75093], [127.44298, -0.74494], [127.44341, -0.74269], [127.4422, -0.73883], [127.44232, -0.73532], [127.44401, -0.72825], [127.44748, -0.71605], [127.45048, -0.70919], [127.4542, -0.69319], [127.45591, -0.69122], [127.45653, -0.69223], [127.45866, -0.69155], [127.46084, -0.68926], [127.46267, -0.68469], [127.46354, -0.68393], [127.46408, -0.68081], [127.46748, -0.67617], [127.46957, -0.67508], [127.4705, -0.67291], [127.4743, -0.66956], [127.47635, -0.66244], [127.47839, -0.65951], [127.47855, -0.65423], [127.47782, -0.65147], [127.47838, -0.64592], [127.48059, -0.64844], [127.48132, -0.64565], [127.4922, -0.64976], [127.49334, -0.64779], [127.4977, -0.65156], [127.49959, -0.64966], [127.49996, -0.65052], [127.51385, -0.64973], [127.51608, -0.64849], [127.5224, -0.64725], [127.52355, -0.6464], [127.53021, -0.64463], [127.53271, -0.6557], [127.5348, -0.66003], [127.53469, -0.66773], [127.5354, -0.66854], [127.53588, -0.67567], [127.53645, -0.67724], [127.53838, -0.67746], [127.54059, -0.68303], [127.5423, -0.68403], [127.54446, -0.68665], [127.54423, -0.68793], [127.54207, -0.69088], [127.54129, -0.6967], [127.54209, -0.70095], [127.54331, -0.70284], [127.53564, -0.70655], [127.53707, -0.71226], [127.53713, -0.7158], [127.53533, -0.71694], [127.53556, -0.7238], [127.53453, -0.72699], [127.53488, -0.73105], [127.53162, -0.73299], [127.5282, -0.73411], [127.52561, -0.73681], [127.5232, -0.73773], [127.52306, -0.7412], [127.51963, -0.74415], [127.50944, -0.74814], [127.50853, -0.75036], [127.51001, -0.75916]]]}}, {"type": "Feature", "properties": {"domain_id": "820804", "name": "TALIABU UTARA"}, "geometry": {"type": "MultiPolygon", "coordinates": [[[[124.51409, -1.81678], [124.48911, -1.74279], [124.48929, -1.73918], [124.48641, -1.72989], [124.48598, -1.72647], [124.48455, -1.72528], [124.48481, -1.72324], [124.4766, -1.70954], [124.47595, -1.70596], [124.47681, -1.70493], [124.48186, -1.70499], [124.48268, -1.70428], [124.4813, -1.69971], [124.47811, -1.69611], [124.47824, -1.69174], [124.47768, -1.68965], [124.47937, -1.68708], [124.47897, -1.68425], [124.48039, -1.68146], [124.48192, -1.66019], [124.49488, -1.65698], [124.49616, -1.65752], [124.4979, -1.65626], [124.50656, -1.65348], [124.51047, -1.64942], [124.50887, -1.6408], [124.51236, -1.63558], [124.52023, -1.63544], [124.52245, -1.63482], [124.52748, -1.63075], [124.52924, -1.63004], [124.53115, -1.63043], [124.53156, -1.63173], [124.5296, -1.63364], [124.52559, -1.63561], [124.52443, -1.64002], [124.52456, -1.64425], [124.52359, -1.64403], [124.52192, -1.64511], [124.52046, -1.64471], [124.51965, -1.64528], [124.52146, -1.64734], [124.52373, -1.64745], [124.52343, -1.64841], [124.52395, -1.64826], [124.52405, -1.64984], [124.52248, -1.65134], [124.52324, -1.6518], [124.52199, -1.65249], [124.5224, -1.65327], [124.52108, -1.65508], [124.52005, -1.65531], [124.52127, -1.65645], [124.52311, -1.65462], [124.52362, -1.65475], [124.52267, -1.65689], [124.52311, -1.65772], [124.52152, -1.66008], [124.52332, -1.66388], [124.52619, -1.66531], [124.52854, -1.66447], [124.52966, -1.66289], [124.52933, -1.66223], [124.53091, -1.66072], [124.53081, -1.65979], [124.53207, -1.65831], [124.53223, -1.65603], [124.53355, -1.65544], [124.53493, -1.65112], [124.53727, -1.64767], [124.53705, -1.64633], [124.53633, -1.64611], [124.54046, -1.64395], [124.54133, -1.64249], [124.54651, -1.64282], [124.54885, -1.64117], [124.55206, -1.64055], [124.55361, -1.6388], [124.55716, -1.63818], [124.56156, -1.63986], [124.56314, -1.63944], [124.56374, -1.63856], [124.56455, -1.64139], [124.56791, -1.64415], [124.57234, -1.64619], [124.57797, -1.64722], [124.5866, -1.64232], [124.58803, -1.63968], [124.59232, -1.64366], [124.59756, -1.64491], [124.60089, -1.64337], [124.601, -1.64247], [124.60356, -1.64084], [124.60396, -1.63915], [124.60597, -1.63815], [124.60842, -1.63918], [124.61032, -1.63855], [124.61542, -1.63861], [124.62494, -1.6406], [124.62814, -1.63913], [124.63675, -1.64036], [124.64314, -1.63953], [124.64957, -1.64209], [124.6585, -1.64222], [124.65846, -1.6434], [124.66137, -1.6446], [124.66585, -1.64311], [124.672, -1.64396], [124.68035, -1.64717], [124.68362, -1.64955], [124.68822, -1.65127], [124.69057, -1.65127], [124.69231, -1.6522], [124.6959, -1.65262], [124.70101, -1.65489], [124.70784, -1.6569], [124.71305, -1.65397], [124.7152, -1.65389], [124.7171, -1.65638], [124.7194, -1.65666], [124.72062, -1.658], [124.72854, -1.66179], [124.73571, -1.66207], [124.73855, -1.66416], [124.74128, -1.66424], [124.7447, -1.66593], [124.74597, -1.66562], [124.7477, -1.66907], [124.75125, -1.67072], [124.76283, -1.67124], [124.76688, -1.67087], [124.76951, -1.67004], [124.77129, -1.66797], [124.77598, -1.66574], [124.77864, -1.66548], [124.78094, -1.66667], [124.78328, -1.67492], [124.78671, -1.67797], [124.79041, -1.67921], [124.8014, -1.6812], [124.80354, -1.68223], [124.80443, -1.68345], [124.80423, -1.68412], [124.80662, -1.68361], [124.80823, -1.6845], [124.80974, -1.68706], [124.81191, -1.68671], [124.81126, -1.68431], [124.81308, -1.68517], [124.8145, -1.68411], [124.81363, -1.68313], [124.81037, -1.68197], [124.80996, -1.68269], [124.80934, -1.68257], [124.80799, -1.68064], [124.805, -1.67975], [124.80284, -1.67527], [124.8058, -1.67343], [124.81219, -1.67394], [124.81622, -1.67537], [124.81988, -1.67771], [124.82374, -1.67726], [124.825, -1.67793], [124.82618, -1.68082], [124.82778, -1.68197], [124.83548, -1.68396], [124.85261, -1.68417], [124.85801, -1.6828], [124.86457, -1.68336], [124.87052, -1.68046], [124.87099, -1.68114], [124.86983, -1.68114], [124.87017, -1.68152], [124.86961, -1.68203], [124.87236, -1.68509], [124.87612, -1.68694], [124.87983, -1.68692], [124.87845, -1.68893], [124.87789, -1.69109], [124.88106, -1.69633], [124.88617, -1.69971], [124.892, -1.69979], [124.89394, -1.70208], [124.89333, -1.70341], [124.89377, -1.70528], [124.89632, -1.70694], [124.8981, -1.70906], [124.902, -1.70856], [124.90328, -1.7052], [124.90414, -1.70447], [124.90419, -1.7031], [124.90676, -1.70205], [124.90725, -1.70312], [124.90972, -1.70327], [124.91018, -1.70192], [124.91203, -1.70146], [124.91287, -1.69905], [124.91202, -1.69905], [124.91153, -1.69798], [124.9114, -1.69554], [124.91373, -1.69711], [124.91369, -1.69978], [124.91595, -1.70338], [124.91936, -1.70477], [124.9261, -1.70602], [124.93002, -1.70559], [124.93228, -1.70448], [124.93384, -1.70196], [124.93401, -1.69877], [124.93514, -1.69958], [124.93643, -1.69958], [124.93932, -1.69719], [124.94037, -1.69738], [124.94235, -1.69943], [124.94218, -1.70082], [124.94371, -1.7027], [124.94714, -1.70454], [124.94756, -1.70593], [124.95001, -1.70593], [124.94971, -1.70434], [124.95215, -1.7036], [124.94905, -1.70081], [124.94956, -1.69879], [124.95206, -1.69924], [124.95145, -1.69776], [124.952, -1.69705], [124.95272, -1.69715], [124.95296, -1.69807], [124.95603, -1.69628], [124.95929, -1.69666], [124.95659, -1.70485], [124.95571, -1.71041], [124.95605, -1.73902], [124.94564, -1.75559], [124.94332, -1.75852], [124.93932, -1.76167], [124.93895, -1.76982], [124.93759, -1.77728], [124.93879, -1.78206], [124.9387, -1.78427], [124.9302, -1.79257], [124.92557, -1.79905], [124.92328, -1.80038], [124.90208, -1.79908], [124.81359, -1.80195], [124.80909, -1.80388], [124.80652, -1.80265], [124.80527, -1.80488], [124.80169, -1.80608], [124.80053, -1.80597], [124.79865, -1.80397], [124.79754, -1.80395], [124.79542, -1.80641], [124.79137, -1.80377], [124.7834, -1.80544], [124.77865, -1.80318], [124.7777, -1.80415], [124.77833, -1.80545], [124.77808, -1.80684], [124.77486, -1.80749], [124.77372, -1.81043], [124.77195, -1.81158], [124.77174, -1.81373], [124.76717, -1.81492], [124.76568, -1.816], [124.76405, -1.81847], [124.75555, -1.81992], [124.75382, -1.81851], [124.7539, -1.81742], [124.75266, -1.81594], [124.75329, -1.81426], [124.75068, -1.8124], [124.7509, -1.80693], [124.7192, -1.80724], [124.70141, -1.80885], [124.69693, -1.81006], [124.67435, -1.81006], [124.65898, -1.80849], [124.62322, -1.80693], [124.60189, -1.81006], [124.58526, -1.81508], [124.517, -1.82537], [124.51409, -1.81678]]], [[[124.47598, -1.5786], [124.48041, -1.58025], [124.4815, -1.58151], [124.4803, -1.58284], [124.48229, -1.58926], [124.4814, -1.59344], [124.48166, -1.5995], [124.47985, -1.60412], [124.4784, -1.60276], [124.47787, -1.60011], [124.47829, -1.59239], [124.47703, -1.59045], [124.47388, -1.58796], [124.47201, -1.58316], [124.47218, -1.58013], [124.47313, -1.57806], [124.47424, -1.57772], [124.47598, -1.5786]]], [[[124.96528, -1.66399], [124.96972, -1.66475], [124.97007, -1.6654], [124.9684, -1.66749], [124.96156, -1.66837], [124.95969, -1.6679], [124.95602, -1.66959], [124.95433, -1.67187], [124.95092, -1.6686], [124.95003, -1.6668], [124.95026, -1.66555], [124.95198, -1.6646], [124.96528, -1.66399]]], [[[124.4915, -1.62921], [124.48884, -1.63646], [124.48799, -1.63722], [124.48679, -1.63721], [124.48594, -1.63282], [124.48674, -1.62991], [124.48868, -1.62856], [124.49113, -1.62852], [124.4915, -1.62921]]], [[[124.89361, -1.66071], [124.89149, -1.66242], [124.88879, -1.66337], [124.88627, -1.66166], [124.88711, -1.66048], [124.88897, -1.65976], [124.89396, -1.65952], [124.89361, -1.66071]]], [[[124.96575, -1.68633], [124.96745, -1.68658], [124.96888, -1.69095], [124.96756, -1.69074], [124.96523, -1.68905], [124.96451, -1.68681], [124.96487, -1.68619], [124.96575, -1.68633]]], [[[124.8797, -1.65719], [124.88056, -1.65747], [124.88103, -1.65875], [124.8807, -1.66046], [124.87985, -1.66117], [124.87855, -1.65852], [124.87905, -1.65723], [124.8797, -1.65719]]]]}}, {"type": "Feature", "properties": {"domain_id": "820407", "name": "BACAN TIMUR"}, "geometry": {"type": "MultiPolygon", "coordinates": [[[[127.60169, -0.6231], [127.60523, -0.62813], [127.60973, -0.62944], [127.6116, -0.63116], [127.61808, -0.62977], [127.62318, -0.63038], [127.62593, -0.62854], [127.63208, -0.62797], [127.63329, -0.62932], [127.63431, -0.62939], [127.6418, -0.62643], [127.64311, -0.62655], [127.64254, -0.62974], [127.64491, -0.62873], [127.64708, -0.62895], [127.64579, -0.63182], [127.64564, -0.63615], [127.64697, -0.63845], [127.63913, -0.64228], [127.62659, -0.64434], [127.61175, -0.6489], [127.59823, -0.6548], [127.58834, -0.6633], [127.58259, -0.66526], [127.58103, -0.66688], [127.57641, -0.66788], [127.57491, -0.67026], [127.57291, -0.671], [127.57143, -0.67353], [127.5605, -0.68369], [127.5584, -0.68754], [127.55422, -0.68994], [127.55354, -0.69137], [127.55132, -0.69275], [127.55052, -0.69473], [127.54331, -0.70284], [127.54209, -0.70095], [127.54129, -0.6967], [127.54207, -0.69088], [127.54423, -0.68793], [127.54446, -0.68665], [127.5423, -0.68403], [127.54059, -0.68303], [127.53838, -0.67746], [127.53645, -0.67724], [127.53588, -0.67567], [127.5354, -0.66854], [127.53469, -0.66773], [127.5348, -0.66003], [127.53271, -0.6557], [127.52972, -0.64194], [127.52905, -0.63411], [127.52999, -0.63168], [127.52932, -0.63014], [127.52998, -0.62571], [127.52885, -0.62377], [127.52744, -0.60615], [127.52528, -0.59986], [127.52413, -0.58851], [127.52514, -0.58506], [127.52663, -0.58268], [127.52583, -0.58128], [127.52507, -0.57173], [127.5263, -0.56759], [127.52598, -0.56278], [127.52686, -0.56216], [127.5251, -0.55639], [127.52594, -0.55448], [127.52605, -0.55085], [127.52829, -0.54311], [127.52843, -0.54032], [127.52936, -0.53804], [127.53314, -0.53381], [127.54228, -0.53131], [127.54373, -0.52885], [127.54325, -0.52746], [127.54027, -0.52529], [127.53788, -0.52497], [127.5366, -0.52614], [127.53679, -0.52505], [127.53585, -0.52446], [127.53611, -0.52232], [127.53512, -0.5223], [127.53417, -0.52329], [127.5328, -0.51929], [127.53109, -0.51966], [127.53093, -0.5173], [127.53168, -0.51652], [127.53075, -0.51393], [127.5322, -0.51326], [127.53151, -0.5121], [127.53229, -0.51077], [127.5324, -0.50696], [127.53138, -0.50556], [127.53118, -0.50358], [127.53001, -0.50332], [127.52862, -0.5045], [127.52675, -0.50435], [127.52637, -0.50163], [127.52552, -0.50185], [127.52465, -0.50343], [127.52388, -0.50344], [127.52328, -0.48729], [127.52519, -0.48317], [127.52295, -0.48203], [127.52283, -0.47833], [127.52782, -0.4537], [127.52436, -0.44789], [127.52496, -0.44261], [127.52865, -0.43738], [127.52978, -0.43477], [127.53184, -0.42634], [127.53017, -0.42277], [127.53088, -0.41325], [127.53883, -0.40945], [127.54109, -0.40628], [127.5423, -0.40311], [127.54185, -0.4001], [127.53914, -0.39769], [127.54907, -0.34723], [127.55033, -0.34474], [127.55382, -0.34364], [127.55584, -0.3409], [127.56238, -0.33537], [127.56262, -0.33299], [127.56179, -0.32865], [127.56256, -0.3246], [127.56179, -0.32044], [127.56434, -0.31595], [127.56438, -0.3143], [127.56581, -0.31396], [127.56898, -0.3155], [127.56961, -0.31822], [127.57027, -0.31873], [127.56934, -0.32031], [127.5695, -0.32225], [127.57016, -0.32307], [127.57207, -0.323], [127.57308, -0.32504], [127.57406, -0.3251], [127.57429, -0.32955], [127.57696, -0.32777], [127.57884, -0.33179], [127.58131, -0.33314], [127.58062, -0.33483], [127.58117, -0.33665], [127.57836, -0.33864], [127.57618, -0.34156], [127.57857, -0.34313], [127.57832, -0.34737], [127.58263, -0.34954], [127.58423, -0.34921], [127.58694, -0.35013], [127.58797, -0.35236], [127.58796, -0.35651], [127.59005, -0.35834], [127.59289, -0.35851], [127.59242, -0.36213], [127.59129, -0.36269], [127.59131, -0.36362], [127.59309, -0.36542], [127.59514, -0.36623], [127.59453, -0.36789], [127.59566, -0.36972], [127.59407, -0.37073], [127.59494, -0.37223], [127.59345, -0.37427], [127.59344, -0.37665], [127.59208, -0.37841], [127.59226, -0.37938], [127.59392, -0.3793], [127.59591, -0.37776], [127.59764, -0.37753], [127.59885, -0.37638], [127.59966, -0.37384], [127.60114, -0.37277], [127.60091, -0.37175], [127.60169, -0.37082], [127.60397, -0.37], [127.6082, -0.37222], [127.61034, -0.37666], [127.61238, -0.37887], [127.61285, -0.38099], [127.61405, -0.38264], [127.6138, -0.38416], [127.61476, -0.38497], [127.61527, -0.38696], [127.61516, -0.38903], [127.61423, -0.39091], [127.61523, -0.39488], [127.61394, -0.39628], [127.61448, -0.39674], [127.61574, -0.39646], [127.61602, -0.39705], [127.61454, -0.40156], [127.61763, -0.40356], [127.61974, -0.40237], [127.6206, -0.40482], [127.62025, -0.40634], [127.61894, -0.40763], [127.61928, -0.40931], [127.61878, -0.41067], [127.6168, -0.4101], [127.615, -0.41174], [127.61496, -0.41247], [127.61749, -0.41298], [127.61927, -0.41512], [127.62089, -0.41576], [127.62385, -0.41397], [127.62676, -0.41369], [127.62692, -0.41147], [127.62817, -0.40998], [127.62887, -0.41043], [127.63246, -0.40986], [127.63576, -0.4113], [127.63728, -0.41069], [127.63743, -0.40993], [127.63975, -0.41], [127.64182, -0.41162], [127.645, -0.41175], [127.64928, -0.41446], [127.6523, -0.41782], [127.65223, -0.41924], [127.64975, -0.42225], [127.64989, -0.42298], [127.65166, -0.4242], [127.65756, -0.42611], [127.65723, -0.42801], [127.65798, -0.42791], [127.65903, -0.43186], [127.65873, -0.4333], [127.65724, -0.43491], [127.65741, -0.43792], [127.66231, -0.44105], [127.67136, -0.44302], [127.67416, -0.44496], [127.6798, -0.44568], [127.68015, -0.44687], [127.68269, -0.44809], [127.68249, -0.44895], [127.67913, -0.45015], [127.68066, -0.45235], [127.68233, -0.4526], [127.68464, -0.45512], [127.69072, -0.45511], [127.69263, -0.45606], [127.69242, -0.45849], [127.69138, -0.4604], [127.69086, -0.46519], [127.68933, -0.46987], [127.68798, -0.47088], [127.68634, -0.46992], [127.68403, -0.47491], [127.68164, -0.47748], [127.67754, -0.48035], [127.67625, -0.48355], [127.67441, -0.4859], [127.67383, -0.48894], [127.67465, -0.49274], [127.67391, -0.49353], [127.67453, -0.4939], [127.67481, -0.49604], [127.67569, -0.49678], [127.67558, -0.49828], [127.67393, -0.50024], [127.673, -0.49984], [127.67186, -0.50048], [127.6643, -0.51021], [127.66381, -0.51595], [127.66317, -0.51709], [127.65906, -0.52073], [127.65342, -0.5221], [127.64905, -0.52874], [127.64752, -0.52982], [127.64465, -0.53033], [127.64109, -0.53464], [127.63731, -0.53677], [127.63535, -0.5419], [127.63097, -0.54701], [127.62911, -0.54824], [127.62464, -0.55658], [127.62225, -0.55925], [127.62097, -0.56245], [127.61638, -0.56771], [127.61373, -0.56872], [127.61304, -0.57056], [127.61174, -0.57088], [127.61183, -0.57265], [127.61085, -0.57396], [127.61029, -0.57426], [127.60902, -0.5731], [127.60832, -0.57407], [127.60695, -0.5738], [127.60432, -0.57486], [127.60176, -0.57484], [127.6001, -0.57667], [127.60016, -0.57788], [127.60105, -0.57882], [127.60045, -0.5822], [127.60097, -0.58313], [127.59988, -0.58429], [127.60097, -0.58362], [127.60122, -0.58535], [127.60367, -0.58739], [127.60159, -0.58835], [127.59852, -0.58601], [127.59912, -0.58794], [127.59853, -0.589], [127.5996, -0.58966], [127.59883, -0.59047], [127.59894, -0.59197], [127.59681, -0.59396], [127.59588, -0.59836], [127.59635, -0.59878], [127.59705, -0.59827], [127.59854, -0.59945], [127.60018, -0.61048], [127.59873, -0.61258], [127.59861, -0.61562], [127.59834, -0.61647], [127.59739, -0.61681], [127.59699, -0.6193], [127.59859, -0.62022], [127.60042, -0.61987], [127.6017, -0.6213], [127.60169, -0.6231]]], [[[127.7282, -0.41167], [127.72975, -0.41315], [127.73166, -0.41319], [127.73355, -0.41612], [127.73474, -0.41625], [127.73632, -0.41532], [127.73687, -0.41574], [127.73777, -0.41783], [127.73592, -0.41826], [127.73527, -0.41996], [127.7365, -0.42125], [127.73615, -0.42214], [127.73675, -0.42199], [127.73767, -0.42404], [127.73965, -0.42442], [127.74047, -0.42535], [127.7418, -0.42453], [127.74209, -0.42593], [127.74304, -0.42535], [127.74359, -0.42697], [127.74462, -0.4266], [127.74602, -0.42436], [127.74644, -0.42668], [127.74479, -0.42788], [127.74256, -0.42738], [127.74135, -0.42776], [127.74034, -0.42893], [127.7408, -0.43041], [127.74022, -0.43118], [127.73821, -0.43096], [127.73815, -0.43023], [127.73661, -0.42942], [127.73388, -0.42955], [127.72805, -0.42282], [127.72854, -0.42247], [127.72834, -0.42087], [127.72549, -0.41287], [127.72645, -0.41176], [127.7282, -0.41167]]], [[[127.61368, -0.58268], [127.61212, -0.58371], [127.60667, -0.58506], [127.60444, -0.57871], [127.60518, -0.57551], [127.60672, -0.57479], [127.60912, -0.5753], [127.61317, -0.57786], [127.61417, -0.57985], [127.61368, -0.58268]]], [[[127.68149, -0.48951], [127.68137, -0.49421], [127.68048, -0.4947], [127.67871, -0.4944], [127.67806, -0.48981], [127.67748, -0.48904], [127.67652, -0.48912], [127.67605, -0.48762], [127.67866, -0.48504], [127.68045, -0.48459], [127.68149, -0.48951]]], [[[127.70588, -0.4514], [127.70928, -0.4527], [127.71128, -0.45459], [127.71198, -0.45614], [127.71159, -0.45738], [127.70983, -0.45824], [127.70995, -0.45601], [127.70893, -0.45515], [127.70731, -0.45603], [127.70674, -0.45551], [127.7073, -0.45478], [127.70655, -0.45436], [127.70412, -0.45586], [127.70373, -0.45481], [127.70197, -0.45414], [127.70223, -0.45265], [127.70486, -0.45112], [127.70588, -0.4514]]], [[[127.72898, -0.40027], [127.72911, -0.40165], [127.72774, -0.4017], [127.72611, -0.40426], [127.72504, -0.40485], [127.72332, -0.40457], [127.72253, -0.40609], [127.72115, -0.40235], [127.72206, -0.40259], [127.72496, -0.40019], [127.72592, -0.40057], [127.72812, -0.39983], [127.72818, -0.39924], [127.72898, -0.40027]]], [[[127.58542, -0.34722], [127.58389, -0.34628], [127.58424, -0.34524], [127.58367, -0.34305], [127.58546, -0.34346], [127.58585, -0.34493], [127.58681, -0.34546], [127.58614, -0.3472], [127.58542, -0.34722]]], [[[127.7262, -0.41986], [127.7268, -0.42089], [127.72597, -0.42118], [127.72576, -0.42213], [127.72715, -0.42193], [127.72798, -0.42262], [127.72485, -0.42284], [127.72503, -0.41917], [127.72444, -0.41783], [127.72565, -0.41817], [127.72527, -0.41996], [127.7262, -0.41986]]], [[[127.65816, -0.42291], [127.65854, -0.42349], [127.65808, -0.424], [127.65717, -0.42364], [127.65582, -0.4242], [127.65477, -0.42341], [127.6567, -0.42222], [127.65816, -0.42291]]]]}}, {"type": "Feature", "properties": {"domain_id": "820803", "name": "LEDE"}, "geometry": {"type": "MultiPolygon", "coordinates": [[[[124.42691, -1.7397], [124.37209, -1.73836], [124.37118, -1.7372], [124.37161, -1.73406], [124.36899, -1.73211], [124.36882, -1.73113], [124.36703, -1.72997], [124.3668, -1.72892], [124.36818, -1.72712], [124.3681, -1.72626], [124.3671, -1.72547], [124.36873, -1.72004], [124.36751, -1.7167], [124.36903, -1.71535], [124.37103, -1.71785], [124.37239, -1.71785], [124.37207, -1.71705], [124.37039, -1.71642], [124.37006, -1.71384], [124.37318, -1.71394], [124.37479, -1.71298], [124.37463, -1.71031], [124.37363, -1.70905], [124.37363, -1.7078], [124.37571, -1.70288], [124.37584, -1.70017], [124.37518, -1.69988], [124.37663, -1.6997], [124.37708, -1.69905], [124.37657, -1.69842], [124.37264, -1.69819], [124.37071, -1.70225], [124.36989, -1.70166], [124.36797, -1.70215], [124.3698, -1.70318], [124.36862, -1.7044], [124.3693, -1.70648], [124.37017, -1.70552], [124.37239, -1.70576], [124.37196, -1.70913], [124.37298, -1.71198], [124.37135, -1.71197], [124.36956, -1.71126], [124.36931, -1.71056], [124.36916, -1.71202], [124.36617, -1.71152], [124.36514, -1.71236], [124.36472, -1.71465], [124.36233, -1.71587], [124.36204, -1.71814], [124.36022, -1.71711], [124.3614, -1.71454], [124.36086, -1.71237], [124.36114, -1.70847], [124.36284, -1.70255], [124.3653, -1.69923], [124.3674, -1.69435], [124.37189, -1.6893], [124.37308, -1.68503], [124.37532, -1.68167], [124.37924, -1.67674], [124.38313, -1.67603], [124.38567, -1.67482], [124.38886, -1.67049], [124.39149, -1.66815], [124.39271, -1.66539], [124.39492, -1.66402], [124.39662, -1.66202], [124.40038, -1.66021], [124.40043, -1.65951], [124.40797, -1.66194], [124.41839, -1.66415], [124.42388, -1.66464], [124.4379, -1.66457], [124.44812, -1.6633], [124.46453, -1.66333], [124.48192, -1.66019], [124.48039, -1.68146], [124.47897, -1.68425], [124.47937, -1.68708], [124.47768, -1.68965], [124.47824, -1.69174], [124.47811, -1.69611], [124.4813, -1.69971], [124.48268, -1.70428], [124.48186, -1.70499], [124.47646, -1.70502], [124.47595, -1.70596], [124.47643, -1.70887], [124.48205, -1.71932], [124.48481, -1.72324], [124.48455, -1.72528], [124.48598, -1.72647], [124.48641, -1.72989], [124.48929, -1.73918], [124.48911, -1.74279], [124.51699, -1.82537], [124.49662, -1.82733], [124.42691, -1.7397]]], [[[124.34846, -1.70516], [124.3455, -1.70685], [124.3445, -1.70877], [124.34375, -1.70838], [124.34425, -1.70686], [124.34829, -1.70501], [124.34524, -1.70536], [124.34381, -1.70711], [124.34349, -1.70806], [124.34461, -1.70991], [124.34401, -1.71044], [124.34431, -1.71279], [124.34391, -1.71055], [124.34163, -1.70593], [124.34137, -1.70256], [124.34344, -1.69909], [124.34361, -1.69621], [124.34497, -1.6947], [124.3484, -1.69308], [124.34953, -1.69402], [124.3509, -1.69711], [124.35068, -1.70192], [124.34846, -1.70516]]], [[[124.33925, -1.70819], [124.34008, -1.7101], [124.33991, -1.71189], [124.33899, -1.70785], [124.33654, -1.70927], [124.33723, -1.71094], [124.33836, -1.71072], [124.33847, -1.71154], [124.33721, -1.71512], [124.3365, -1.71503], [124.33682, -1.71605], [124.33617, -1.71765], [124.3372, -1.72006], [124.33603, -1.72024], [124.33685, -1.72155], [124.33725, -1.72171], [124.33733, -1.72094], [124.33803, -1.72151], [124.33658, -1.72258], [124.33421, -1.72233], [124.33088, -1.7176], [124.33144, -1.71085], [124.33233, -1.70932], [124.33663, -1.70555], [124.33701, -1.70416], [124.33925, -1.70819]]], [[[124.35851, -1.73653], [124.35627, -1.73616], [124.35612, -1.73299], [124.3583, -1.73099], [124.36084, -1.73073], [124.3615, -1.7316], [124.36094, -1.7338], [124.35965, -1.73606], [124.35851, -1.73653]]], [[[124.36446, -1.71875], [124.36577, -1.72047], [124.36634, -1.7235], [124.3652, -1.72469], [124.36349, -1.72509], [124.36229, -1.72418], [124.36198, -1.7226], [124.36336, -1.72067], [124.36281, -1.71993], [124.36314, -1.71919], [124.36446, -1.71875]]], [[[124.33405, -1.72631], [124.33345, -1.72752], [124.33234, -1.72712], [124.33208, -1.72634], [124.33389, -1.72456], [124.33463, -1.72547], [124.33405, -1.72631]]]]}}, {"type": "Feature", "properties": {"domain_id": "820425", "name": "KEPULAUAN JORONGA"}, "geometry": {"type": "MultiPolygon", "coordinates": [[[[128.31699, -0.93818], [128.3251, -0.93998], [128.32736, -0.94175], [128.32827, -0.94147], [128.32978, -0.94245], [128.32968, -0.94398], [128.32659, -0.94557], [128.32586, -0.94502], [128.32272, -0.94808], [128.32263, -0.94884], [128.32552, -0.94676], [128.32866, -0.94604], [128.33262, -0.94293], [128.3351, -0.94536], [128.33545, -0.94673], [128.3377, -0.94852], [128.33606, -0.95073], [128.33122, -0.95166], [128.32816, -0.95303], [128.3287, -0.95372], [128.32998, -0.95381], [128.33279, -0.95233], [128.33219, -0.954], [128.33389, -0.95445], [128.3342, -0.95535], [128.33565, -0.95394], [128.33727, -0.95391], [128.33894, -0.95293], [128.33921, -0.95216], [128.3383, -0.95253], [128.33791, -0.95194], [128.33853, -0.94995], [128.34059, -0.95038], [128.33882, -0.95733], [128.33692, -0.95782], [128.33357, -0.9606], [128.33347, -0.96278], [128.33235, -0.9635], [128.33296, -0.96389], [128.33436, -0.96261], [128.33585, -0.96247], [128.3382, -0.95887], [128.33907, -0.95985], [128.33727, -0.96381], [128.33767, -0.9649], [128.33856, -0.96521], [128.33939, -0.96386], [128.34005, -0.96381], [128.3421, -0.9654], [128.34133, -0.96624], [128.34244, -0.96704], [128.34393, -0.9669], [128.34286, -0.9662], [128.34296, -0.96556], [128.34583, -0.96567], [128.34667, -0.96635], [128.34555, -0.96574], [128.34526, -0.96617], [128.34636, -0.96905], [128.34276, -0.97421], [128.34202, -0.98047], [128.34288, -0.97982], [128.34433, -0.97507], [128.34548, -0.97478], [128.34754, -0.96979], [128.34895, -0.97008], [128.34985, -0.96954], [128.35012, -0.97017], [128.35182, -0.97026], [128.35184, -0.971], [128.3536, -0.97083], [128.35271, -0.97169], [128.35251, -0.97376], [128.35085, -0.97468], [128.34972, -0.97657], [128.34932, -0.98211], [128.35019, -0.98154], [128.35219, -0.97509], [128.35311, -0.97506], [128.35307, -0.97586], [128.35376, -0.97593], [128.35394, -0.97798], [128.35454, -0.97523], [128.35504, -0.97527], [128.3561, -0.97309], [128.35653, -0.97324], [128.35724, -0.97515], [128.35606, -0.97688], [128.35581, -0.98], [128.35624, -0.98202], [128.3572, -0.98225], [128.35866, -0.9799], [128.35958, -0.97977], [128.36009, -0.97893], [128.35889, -0.97737], [128.35817, -0.97456], [128.36108, -0.97523], [128.36189, -0.97487], [128.36223, -0.97788], [128.36106, -0.98055], [128.36159, -0.9833], [128.36303, -0.98505], [128.36294, -0.98592], [128.36484, -0.98543], [128.36709, -0.98894], [128.3722, -0.99182], [128.37363, -0.99326], [128.37365, -0.99566], [128.3761, -0.9962], [128.38041, -0.99902], [128.38212, -0.99922], [128.38255, -0.99888], [128.38177, -0.99682], [128.38638, -0.99812], [128.38786, -0.99732], [128.38719, -0.996], [128.38866, -0.99596], [128.39109, -0.997], [128.39286, -0.99573], [128.39656, -0.99574], [128.39963, -0.99438], [128.40151, -0.99663], [128.40333, -0.99612], [128.40417, -0.99751], [128.40694, -0.99804], [128.40682, -0.99872], [128.40801, -0.99875], [128.40974, -0.99989], [128.40929, -0.99883], [128.40982, -0.9987], [128.4117, -1.00238], [128.41221, -1.00213], [128.41236, -1.00456], [128.41339, -1.006], [128.41396, -1.00862], [128.41539, -1.01058], [128.41708, -1.01068], [128.41714, -1.00907], [128.41571, -1.00888], [128.41571, -1.00771], [128.4165, -1.00698], [128.41555, -1.00693], [128.41636, -1.00538], [128.41568, -1.003], [128.41264, -1.00124], [128.41244, -1.00013], [128.41179, -1.00008], [128.41137, -0.99876], [128.41021, -0.99778], [128.40798, -0.99634], [128.40698, -0.99639], [128.40739, -0.99484], [128.40288, -0.99124], [128.40159, -0.9911], [128.40086, -0.99179], [128.39981, -0.99109], [128.39835, -0.99146], [128.39779, -0.99054], [128.39875, -0.9906], [128.39715, -0.99044], [128.39786, -0.99236], [128.39896, -0.99254], [128.39917, -0.99327], [128.39823, -0.99354], [128.39921, -0.99362], [128.39882, -0.99423], [128.39701, -0.99346], [128.39647, -0.99397], [128.3967, -0.99306], [128.39512, -0.99422], [128.3926, -0.99416], [128.39094, -0.9953], [128.38547, -0.9947], [128.38709, -0.99327], [128.39472, -0.9909], [128.39542, -0.98999], [128.40478, -0.99053], [128.40903, -0.9961], [128.41368, -0.99902], [128.41461, -1.00116], [128.41645, -1.00212], [128.41945, -1.01223], [128.41914, -1.01407], [128.41999, -1.01659], [128.4192, -1.02108], [128.41421, -1.02808], [128.40458, -1.03596], [128.40032, -1.03814], [128.3987, -1.0372], [128.39734, -1.03767], [128.39665, -1.03697], [128.39807, -1.03547], [128.40142, -1.0354], [128.39981, -1.03412], [128.39667, -1.03411], [128.39458, -1.03276], [128.39176, -1.03238], [128.38911, -1.03275], [128.386, -1.03475], [128.38986, -1.03634], [128.39037, -1.0388], [128.3897, -1.03825], [128.38462, -1.03852], [128.3802, -1.03741], [128.38147, -1.03674], [128.38153, -1.03595], [128.38347, -1.03642], [128.38292, -1.03379], [128.3806, -1.03543], [128.3803, -1.03503], [128.38152, -1.0345], [128.37953, -1.034], [128.3736, -1.03538], [128.37028, -1.03522], [128.36626, -1.03645], [128.36348, -1.03492], [128.36228, -1.03713], [128.35904, -1.03773], [128.35865, -1.03749], [128.35937, -1.0372], [128.35848, -1.03683], [128.35715, -1.0376], [128.3569, -1.03673], [128.35571, -1.03714], [128.35594, -1.03695], [128.35588, -1.03583], [128.35553, -1.03647], [128.3546, -1.03576], [128.35579, -1.0355], [128.35505, -1.0348], [128.35426, -1.03531], [128.35357, -1.03449], [128.35288, -1.03465], [128.35164, -1.03382], [128.3521, -1.03335], [128.35166, -1.0328], [128.34755, -1.03122], [128.34508, -1.02955], [128.34384, -1.02773], [128.34423, -1.02649], [128.34044, -1.02375], [128.34073, -1.02199], [128.33656, -1.0224], [128.33547, -1.02117], [128.33522, -1.02265], [128.33462, -1.02265], [128.33354, -1.02172], [128.33455, -1.02125], [128.33386, -1.01979], [128.33363, -1.02112], [128.33243, -1.02143], [128.33298, -1.02074], [128.32873, -1.01683], [128.32958, -1.01418], [128.33093, -1.01415], [128.33142, -1.01277], [128.33305, -1.01302], [128.33342, -1.01117], [128.33292, -1.00944], [128.33349, -1.00877], [128.33281, -1.00809], [128.33515, -1.00621], [128.3342, -1.00522], [128.33446, -1.00431], [128.33227, -1.00478], [128.33161, -1.00381], [128.33384, -1.00075], [128.334, -0.99914], [128.33566, -0.99761], [128.33384, -0.99535], [128.33419, -0.9895], [128.33635, -0.98806], [128.33897, -0.98391], [128.33866, -0.98134], [128.33916, -0.97928], [128.33794, -0.97686], [128.33857, -0.97249], [128.33277, -0.97361], [128.33185, -0.97277], [128.32994, -0.97252], [128.32906, -0.97049], [128.32649, -0.96941], [128.32391, -0.97047], [128.32148, -0.97041], [128.32051, -0.96942], [128.31937, -0.96976], [128.31752, -0.96843], [128.31466, -0.96851], [128.31303, -0.96759], [128.31081, -0.96747], [128.30765, -0.9654], [128.30751, -0.96185], [128.30922, -0.96125], [128.30937, -0.9604], [128.30854, -0.95808], [128.30781, -0.95718], [128.30664, -0.95733], [128.30561, -0.95524], [128.3066, -0.95256], [128.30595, -0.95034], [128.30757, -0.94717], [128.3077, -0.94486], [128.30848, -0.94423], [128.30876, -0.94473], [128.31209, -0.94499], [128.31245, -0.94667], [128.31259, -0.94511], [128.31021, -0.94305], [128.31156, -0.94349], [128.31393, -0.94585], [128.31434, -0.94405], [128.31734, -0.94184], [128.31727, -0.94311], [128.31845, -0.9424], [128.32195, -0.94216], [128.32209, -0.94131], [128.32118, -0.94182], [128.31951, -0.94125], [128.31942, -0.93998], [128.31879, -0.94125], [128.31735, -0.9408], [128.31355, -0.94432], [128.31292, -0.94423], [128.31254, -0.94251], [128.31385, -0.9412], [128.31356, -0.9404], [128.31451, -0.93955], [128.31452, -0.93827], [128.31699, -0.93818]]], [[[128.36468, -1.12093], [128.36274, -1.11942], [128.36009, -1.11905], [128.3597, -1.11829], [128.36079, -1.11522], [128.3604, -1.1131], [128.36218, -1.11073], [128.36117, -1.10908], [128.36184, -1.10727], [128.361, -1.10667], [128.36139, -1.10375], [128.35809, -1.10589], [128.35664, -1.10502], [128.35593, -1.10367], [128.35727, -1.099], [128.35617, -1.09602], [128.3576, -1.09595], [128.35832, -1.09405], [128.35524, -1.0932], [128.35437, -1.09384], [128.34593, -1.09515], [128.34562, -1.09258], [128.34452, -1.0913], [128.34388, -1.09156], [128.34365, -1.09005], [128.34393, -1.08891], [128.34863, -1.08359], [128.35151, -1.07832], [128.35323, -1.0771], [128.35886, -1.07434], [128.36806, -1.0731], [128.37062, -1.0737], [128.37678, -1.07777], [128.38497, -1.07929], [128.3945, -1.08286], [128.40047, -1.08384], [128.41189, -1.08916], [128.41268, -1.09035], [128.41269, -1.09238], [128.41558, -1.09397], [128.41758, -1.09389], [128.42023, -1.09559], [128.43245, -1.10903], [128.43499, -1.11563], [128.43702, -1.11833], [128.44077, -1.12033], [128.44955, -1.1222], [128.45383, -1.12421], [128.45389, -1.12566], [128.45301, -1.13058], [128.45205, -1.13098], [128.45035, -1.12963], [128.4488, -1.12522], [128.4475, -1.12411], [128.43972, -1.12325], [128.43669, -1.12081], [128.43326, -1.1199], [128.43229, -1.11844], [128.42941, -1.11725], [128.4298, -1.11668], [128.42902, -1.1175], [128.42739, -1.11722], [128.42746, -1.11651], [128.42661, -1.11722], [128.42595, -1.11548], [128.42509, -1.115], [128.42498, -1.11302], [128.42572, -1.1125], [128.42671, -1.1128], [128.42812, -1.1117], [128.42854, -1.11255], [128.43167, -1.11202], [128.43237, -1.11092], [128.43194, -1.10978], [128.43081, -1.11156], [128.43008, -1.11011], [128.43002, -1.10776], [128.42685, -1.10578], [128.42682, -1.10476], [128.42424, -1.10291], [128.42152, -1.10167], [128.4207, -1.10324], [128.4221, -1.10295], [128.42213, -1.10346], [128.41939, -1.10403], [128.41551, -1.10065], [128.41337, -1.10088], [128.41244, -1.09926], [128.40928, -1.09967], [128.40735, -1.10152], [128.40384, -1.09915], [128.39739, -1.10089], [128.39748, -1.10211], [128.39428, -1.10608], [128.39178, -1.10679], [128.38968, -1.10653], [128.38806, -1.1073], [128.38722, -1.10682], [128.38724, -1.10749], [128.38513, -1.10846], [128.38509, -1.10919], [128.38342, -1.10952], [128.38329, -1.1111], [128.38184, -1.11272], [128.3797, -1.11182], [128.37971, -1.11274], [128.37818, -1.11292], [128.37843, -1.11472], [128.38041, -1.11512], [128.37859, -1.11894], [128.37663, -1.12061], [128.36914, -1.12252], [128.36468, -1.12093]]], [[[128.37212, -0.86001], [128.37519, -0.86097], [128.37555, -0.86172], [128.38026, -0.86436], [128.38026, -0.86515], [128.38261, -0.86729], [128.38282, -0.86832], [128.38431, -0.86798], [128.38793, -0.86872], [128.39029, -0.87038], [128.39069, -0.87151], [128.39612, -0.87177], [128.39681, -0.87341], [128.39981, -0.87527], [128.40418, -0.87621], [128.4061, -0.87849], [128.41168, -0.8815], [128.41186, -0.88251], [128.4148, -0.88323], [128.41682, -0.8845], [128.41867, -0.88784], [128.42087, -0.88911], [128.42208, -0.89123], [128.42895, -0.89352], [128.42942, -0.89664], [128.43037, -0.89738], [128.43614, -0.89816], [128.44049, -0.89995], [128.44278, -0.90211], [128.44471, -0.9023], [128.44507, -0.90364], [128.44771, -0.90477], [128.44866, -0.90606], [128.45033, -0.9064], [128.45181, -0.90947], [128.45606, -0.91028], [128.45584, -0.9109], [128.45375, -0.91336], [128.45082, -0.91396], [128.44832, -0.91231], [128.44399, -0.90674], [128.44026, -0.90506], [128.43852, -0.90285], [128.43375, -0.90272], [128.42635, -0.90104], [128.42431, -0.9012], [128.41993, -0.89883], [128.41987, -0.89761], [128.42068, -0.89684], [128.42004, -0.89526], [128.41806, -0.89414], [128.41545, -0.89501], [128.41287, -0.89305], [128.41133, -0.89455], [128.41021, -0.89423], [128.40916, -0.89205], [128.40637, -0.89003], [128.40601, -0.88909], [128.40264, -0.88773], [128.4004, -0.8849], [128.39896, -0.88556], [128.39829, -0.88377], [128.39575, -0.88379], [128.39534, -0.88262], [128.39404, -0.88212], [128.38148, -0.87989], [128.37923, -0.87783], [128.37759, -0.87749], [128.37365, -0.87832], [128.37225, -0.87783], [128.37034, -0.88044], [128.36923, -0.88065], [128.3664, -0.87929], [128.36347, -0.87905], [128.36204, -0.87783], [128.35828, -0.88146], [128.35453, -0.88189], [128.35427, -0.88387], [128.35325, -0.88531], [128.35307, -0.88872], [128.35161, -0.88911], [128.34633, -0.88624], [128.34249, -0.88233], [128.34253, -0.88157], [128.33982, -0.88032], [128.33745, -0.88016], [128.33712, -0.87973], [128.33805, -0.87902], [128.33631, -0.87754], [128.33542, -0.87859], [128.33313, -0.87667], [128.32829, -0.87476], [128.32617, -0.87126], [128.32735, -0.86974], [128.33066, -0.8681], [128.33246, -0.86625], [128.33314, -0.86409], [128.33463, -0.86212], [128.33399, -0.8581], [128.33435, -0.85652], [128.34015, -0.85486], [128.34148, -0.85334], [128.34193, -0.85135], [128.34309, -0.85051], [128.34554, -0.85083], [128.34708, -0.85216], [128.35054, -0.85305], [128.35577, -0.85352], [128.36071, -0.85498], [128.36351, -0.85688], [128.36303, -0.85988], [128.37126, -0.86069], [128.37212, -0.86001]]], [[[128.34247, -1.03475], [128.34412, -1.03556], [128.34753, -1.03543], [128.35025, -1.03704], [128.35222, -1.03925], [128.35812, -1.04159], [128.36015, -1.04375], [128.35543, -1.05073], [128.35227, -1.05323], [128.35089, -1.05375], [128.3497, -1.05256], [128.35195, -1.05295], [128.35199, -1.05082], [128.35356, -1.05041], [128.35372, -1.04734], [128.35554, -1.04619], [128.3576, -1.04685], [128.35931, -1.04431], [128.3588, -1.04311], [128.35727, -1.04412], [128.35649, -1.0441], [128.35601, -1.04304], [128.3538, -1.0432], [128.35338, -1.04378], [128.35437, -1.04405], [128.35416, -1.04501], [128.35224, -1.04761], [128.34988, -1.04721], [128.34678, -1.04855], [128.3453, -1.0485], [128.34438, -1.04993], [128.34368, -1.04915], [128.3444, -1.05026], [128.34422, -1.05113], [128.34474, -1.05019], [128.34581, -1.05114], [128.3479, -1.0514], [128.34648, -1.05332], [128.34812, -1.05365], [128.34859, -1.05255], [128.34932, -1.05332], [128.34775, -1.05492], [128.34502, -1.05519], [128.3455, -1.05395], [128.34344, -1.05406], [128.34245, -1.05345], [128.34205, -1.05421], [128.3393, -1.05431], [128.33867, -1.05372], [128.33911, -1.05266], [128.33825, -1.05247], [128.33686, -1.05044], [128.33686, -1.04742], [128.33494, -1.04303], [128.33471, -1.03903], [128.33663, -1.03887], [128.3378, -1.0371], [128.33868, -1.03855], [128.33974, -1.0384], [128.3394, -1.03569], [128.34078, -1.03441], [128.34247, -1.03475]]], [[[128.36749, -1.13079], [128.37166, -1.13208], [128.37576, -1.13215], [128.37821, -1.13346], [128.38234, -1.13339], [128.38463, -1.1356], [128.38364, -1.13639], [128.3818, -1.13656], [128.38504, -1.13771], [128.38624, -1.13929], [128.38704, -1.13858], [128.38776, -1.13957], [128.38717, -1.13982], [128.38746, -1.14035], [128.38851, -1.13956], [128.38928, -1.14053], [128.38903, -1.14261], [128.38956, -1.14241], [128.38929, -1.14151], [128.39037, -1.14258], [128.39042, -1.14168], [128.39099, -1.14174], [128.39165, -1.14268], [128.39217, -1.14234], [128.39188, -1.14312], [128.39383, -1.14308], [128.39524, -1.14459], [128.39576, -1.14395], [128.39579, -1.14501], [128.39699, -1.14516], [128.39688, -1.14673], [128.39877, -1.14584], [128.39848, -1.14716], [128.39905, -1.14813], [128.40091, -1.14912], [128.40523, -1.1497], [128.40581, -1.15183], [128.40559, -1.1541], [128.40276, -1.15505], [128.40103, -1.15456], [128.39355, -1.14765], [128.39029, -1.14581], [128.38746, -1.14321], [128.3835, -1.14205], [128.37363, -1.14083], [128.37274, -1.13988], [128.37185, -1.14004], [128.36507, -1.13621], [128.36302, -1.13387], [128.36345, -1.13254], [128.36592, -1.13067], [128.36749, -1.13079]]], [[[128.39725, -1.12193], [128.4014, -1.12186], [128.4031, -1.12562], [128.4018, -1.12936], [128.40239, -1.13197], [128.40052, -1.13302], [128.40143, -1.13516], [128.40018, -1.1379], [128.39848, -1.13722], [128.39483, -1.13733], [128.39228, -1.13639], [128.39201, -1.13475], [128.39035, -1.13359], [128.38938, -1.13023], [128.38726, -1.12893], [128.38751, -1.12761], [128.38674, -1.12629], [128.38432, -1.12601], [128.38717, -1.12568], [128.38676, -1.12515], [128.38762, -1.12521], [128.38899, -1.1238], [128.38892, -1.12471], [128.38993, -1.1238], [128.39037, -1.12205], [128.39725, -1.12193]]], [[[128.34088, -1.10941], [128.34243, -1.10958], [128.34339, -1.11104], [128.3453, -1.11132], [128.3468, -1.11293], [128.34764, -1.1195], [128.3464, -1.12128], [128.34411, -1.12203], [128.34093, -1.12129], [128.33915, -1.11881], [128.33587, -1.11933], [128.33512, -1.11798], [128.32922, -1.11579], [128.32863, -1.11425], [128.32916, -1.11173], [128.33195, -1.10927], [128.33765, -1.10802], [128.34088, -1.10941]]], [[[128.43173, -1.14835], [128.43304, -1.14875], [128.43371, -1.1497], [128.43334, -1.1504], [128.43459, -1.1516], [128.43519, -1.1548], [128.43453, -1.15634], [128.42547, -1.15555], [128.42176, -1.15639], [128.41983, -1.15835], [128.41645, -1.16023], [128.41369, -1.15936], [128.40931, -1.15617], [128.41073, -1.15269], [128.41182, -1.15246], [128.41491, -1.15344], [128.41632, -1.15313], [128.41686, -1.15211], [128.4184, -1.15352], [128.42183, -1.15222], [128.42498, -1.14866], [128.42623, -1.14578], [128.4283, -1.14624], [128.43173, -1.14835]]], [[[128.2311, -1.03986], [128.23282, -1.04405], [128.23206, -1.04838], [128.23426, -1.04963], [128.23291, -1.05551], [128.23371, -1.0582], [128.23391, -1.06321], [128.23504, -1.06442], [128.2379, -1.06449], [128.23983, -1.06367], [128.24311, -1.06056], [128.24413, -1.06115], [128.24377, -1.06301], [128.2421, -1.0653], [128.24, -1.06728], [128.23758, -1.06808], [128.23572, -1.06798], [128.23208, -1.06545], [128.22907, -1.06041], [128.22645, -1.04046], [128.22841, -1.03848], [128.23031, -1.03852], [128.2311, -1.03986]]], [[[128.24379, -1.04348], [128.24931, -1.04494], [128.25046, -1.04579], [128.25058, -1.04951], [128.24875, -1.0527], [128.24607, -1.05198], [128.24557, -1.0481], [128.24042, -1.04569], [128.23929, -1.04563], [128.23826, -1.04737], [128.23604, -1.04879], [128.23424, -1.04812], [128.23547, -1.04398], [128.23742, -1.04264], [128.23978, -1.04272], [128.23822, -1.04227], [128.23889, -1.04048], [128.24049, -1.04056], [128.24379, -1.04348]]], [[[128.34094, -1.09861], [128.33741, -1.10264], [128.33706, -1.10189], [128.3353, -1.10201], [128.33441, -1.10127], [128.33441, -1.09998], [128.33381, -1.09952], [128.33554, -1.09671], [128.33933, -1.09432], [128.34163, -1.09681], [128.34094, -1.09861]]], [[[128.34365, -1.10285], [128.34423, -1.10399], [128.34291, -1.10572], [128.3432, -1.10694], [128.34547, -1.10818], [128.34462, -1.10967], [128.342, -1.10752], [128.33787, -1.10642], [128.33667, -1.10528], [128.33623, -1.10575], [128.3361, -1.10505], [128.33544, -1.10541], [128.33528, -1.10434], [128.3359, -1.10358], [128.33682, -1.10365], [128.33673, -1.10462], [128.33716, -1.1036], [128.33735, -1.10426], [128.34098, -1.10149], [128.34365, -1.10285]]], [[[128.1754, -1.03119], [128.17775, -1.03267], [128.17888, -1.03461], [128.1796, -1.03781], [128.17846, -1.04025], [128.17567, -1.03969], [128.17488, -1.03856], [128.17586, -1.03786], [128.17459, -1.03444], [128.17481, -1.03334], [128.17408, -1.03268], [128.17464, -1.03191], [128.17397, -1.0312], [128.1754, -1.03119]]], [[[128.35685, -0.95426], [128.35408, -0.95259], [128.35319, -0.95057], [128.35498, -0.94924], [128.3581, -0.94897], [128.35878, -0.94974], [128.35923, -0.95435], [128.35685, -0.95426]]], [[[128.36839, -0.97489], [128.37034, -0.97713], [128.36992, -0.97882], [128.37088, -0.97984], [128.3705, -0.98069], [128.36978, -0.98029], [128.369, -0.978], [128.36663, -0.97792], [128.36643, -0.97604], [128.36501, -0.97419], [128.36637, -0.9735], [128.36839, -0.97489]]], [[[128.44266, -1.15617], [128.44287, -1.15689], [128.44042, -1.15518], [128.43684, -1.1555], [128.43633, -1.15386], [128.43725, -1.15237], [128.43692, -1.15166], [128.43865, -1.15181], [128.44266, -1.15617]]], [[[128.45933, -0.9183], [128.45895, -0.91766], [128.45943, -0.91554], [128.46056, -0.91413], [128.46153, -0.91421], [128.46239, -0.91804], [128.46113, -0.91893], [128.45933, -0.9183]]], [[[128.17254, -0.99805], [128.17405, -1.0], [128.1747, -1.00243], [128.17328, -1.00219], [128.17219, -1.001], [128.16992, -1.0], [128.16964, -0.99832], [128.17254, -0.99805]]], [[[128.31673, -1.08835], [128.3173, -1.09022], [128.3169, -1.09169], [128.31616, -1.09211], [128.3144, -1.09091], [128.31408, -1.08838], [128.31245, -1.08857], [128.31414, -1.08752], [128.31673, -1.08835]]], [[[128.34531, -0.95277], [128.34651, -0.95275], [128.34726, -0.95388], [128.3466, -0.95626], [128.34429, -0.95604], [128.3439, -0.9553], [128.34374, -0.95229], [128.34531, -0.95277]]], [[[128.45251, -1.14525], [128.45222, -1.14759], [128.45161, -1.14783], [128.45015, -1.14426], [128.45084, -1.14219], [128.45226, -1.14215], [128.45251, -1.14525]]], [[[128.1356, -1.02156], [128.13486, -1.02206], [128.13417, -1.0216], [128.13356, -1.02226], [128.13316, -1.02353], [128.13361, -1.02512], [128.13909, -1.02921], [128.14018, -1.02977], [128.14103, -1.02935], [128.14069, -1.03044], [128.13878, -1.02978], [128.13287, -1.02517], [128.13268, -1.02244], [128.13384, -1.02092], [128.135, -1.02079], [128.1356, -1.02156]]], [[[128.31003, -1.11873], [128.31037, -1.11878], [128.31023, -1.11931], [128.30819, -1.11995], [128.30809, -1.11904], [128.30736, -1.11872], [128.30769, -1.12006], [128.30652, -1.1171], [128.30751, -1.11626], [128.30868, -1.11635], [128.31003, -1.11873]]], [[[128.37438, -0.99154], [128.37229, -0.98999], [128.37328, -0.98812], [128.37662, -0.9908], [128.37606, -0.99166], [128.37438, -0.99154]]], [[[128.33364, -1.12297], [128.33358, -1.1221], [128.33525, -1.12048], [128.33645, -1.12065], [128.33731, -1.12237], [128.33593, -1.12348], [128.33364, -1.12297]]], [[[128.36693, -1.04029], [128.36267, -1.04134], [128.36258, -1.04047], [128.36133, -1.03944], [128.3646, -1.04019], [128.36675, -1.03777], [128.36615, -1.03979], [128.3672, -1.03988], [128.37441, -1.03759], [128.36693, -1.04029]]], [[[128.37545, -0.98294], [128.37675, -0.98478], [128.37657, -0.9854], [128.37743, -0.98487], [128.37794, -0.98526], [128.3775, -0.98661], [128.37544, -0.98562], [128.37622, -0.98489], [128.37337, -0.98487], [128.37462, -0.98294], [128.37545, -0.98294]]], [[[128.38112, -0.99271], [128.38107, -0.99543], [128.38049, -0.99584], [128.37937, -0.99507], [128.37904, -0.99351], [128.37967, -0.99239], [128.38112, -0.99271]]], [[[128.40343, -0.99527], [128.40187, -0.99623], [128.40057, -0.99472], [128.40157, -0.99463], [128.40141, -0.99417], [128.40279, -0.99347], [128.40372, -0.99414], [128.40343, -0.99527]]], [[[128.36875, -0.98553], [128.36845, -0.98654], [128.36705, -0.98587], [128.36669, -0.98367], [128.36766, -0.98353], [128.36875, -0.98553]]], [[[128.41216, -1.10182], [128.41242, -1.1029], [128.41444, -1.10349], [128.41518, -1.10301], [128.41539, -1.10143], [128.4156, -1.10225], [128.41638, -1.10224], [128.41547, -1.10375], [128.41414, -1.10389], [128.41169, -1.10282], [128.41158, -1.10207], [128.41208, -1.10093], [128.41181, -1.1024], [128.41216, -1.10182]]], [[[128.31723, -1.11401], [128.3177, -1.11309], [128.31968, -1.11258], [128.31914, -1.11456], [128.31772, -1.11494], [128.31723, -1.11401]]]]}}, {"type": "Feature", "properties": {"domain_id": "820427", "name": "GANE TIMUR TENGAH"}, "geometry": {"type": "MultiPolygon", "coordinates": [[[[128.09812, -0.50634], [128.1001, -0.50814], [128.10158, -0.51118], [128.1028, -0.5121], [128.10233, -0.51286], [128.10368, -0.51165], [128.1044, -0.51177], [128.10759, -0.51686], [128.10989, -0.51797], [128.11793, -0.53235], [128.11656, -0.53315], [128.11539, -0.53531], [128.11255, -0.53673], [128.11197, -0.53948], [128.11011, -0.54111], [128.10633, -0.54301], [128.10605, -0.54368], [128.10324, -0.54441], [128.09835, -0.54745], [128.09707, -0.54971], [128.09388, -0.55097], [128.09025, -0.55745], [128.07975, -0.56312], [128.07047, -0.56439], [128.06349, -0.56448], [128.05736, -0.56348], [128.0499, -0.56413], [128.04851, -0.56227], [128.04782, -0.55958], [128.04749, -0.55714], [128.04801, -0.55458], [128.04713, -0.55222], [128.0443, -0.55119], [128.04222, -0.54646], [128.03781, -0.54321], [128.03725, -0.53935], [128.03517, -0.53717], [128.03336, -0.53165], [128.03012, -0.52669], [128.03027, -0.52509], [128.0293, -0.5218], [128.02857, -0.52133], [128.02877, -0.52034], [128.02656, -0.51983], [128.02593, -0.51897], [128.02549, -0.51527], [128.02625, -0.51141], [128.02511, -0.50861], [128.02254, -0.50708], [128.02178, -0.50504], [128.01731, -0.49947], [128.0124, -0.4906], [128.0112, -0.48638], [128.00995, -0.48501], [128.00932, -0.48267], [128.00578, -0.47673], [128.00149, -0.47467], [127.99668, -0.46942], [127.99507, -0.4647], [127.99388, -0.45626], [127.99311, -0.45453], [127.98608, -0.44996], [127.98013, -0.44163], [127.97896, -0.43931], [127.97857, -0.43452], [127.97725, -0.43381], [127.97878, -0.43269], [127.97689, -0.43301], [127.97607, -0.43244], [127.97662, -0.43175], [127.97848, -0.43205], [127.97711, -0.42978], [127.97882, -0.42943], [127.979, -0.42807], [127.97775, -0.42803], [127.97739, -0.42649], [127.97213, -0.42415], [127.97084, -0.42273], [127.96656, -0.41195], [127.96277, -0.40877], [127.96099, -0.40577], [127.96028, -0.4006], [127.95798, -0.39732], [127.95554, -0.39148], [127.95508, -0.38954], [127.95587, -0.38594], [127.95537, -0.38388], [127.95154, -0.38017], [127.94737, -0.36692], [127.94435, -0.36127], [127.94452, -0.35767], [127.94029, -0.35516], [127.93555, -0.35464], [127.93196, -0.35504], [127.92801, -0.35367], [127.92419, -0.34779], [127.92396, -0.34579], [127.92465, -0.34271], [127.92385, -0.33894], [127.92036, -0.33169], [127.91756, -0.33032], [127.91581, -0.33034], [127.91287, -0.32623], [127.9102, -0.31778], [127.90872, -0.31043], [127.90911, -0.30404], [127.90859, -0.29923], [127.90332, -0.29856], [127.90423, -0.29744], [127.90719, -0.29659], [127.90765, -0.28962], [127.90851, -0.28857], [127.91008, -0.28824], [127.91189, -0.28605], [127.91413, -0.28614], [127.91555, -0.28546], [127.91708, -0.28343], [127.92107, -0.2818], [127.92497, -0.27905], [127.93373, -0.27813], [127.93605, -0.27371], [127.9414, -0.27054], [127.9488, -0.26949], [127.95009, -0.26391], [127.95297, -0.26298], [127.95402, -0.26166], [127.95673, -0.26069], [127.95801, -0.25944], [127.96951, -0.25877], [127.97058, -0.25655], [127.98074, -0.25488], [127.98162, -0.26119], [127.98439, -0.27046], [127.98587, -0.2723], [127.9879, -0.27846], [127.99164, -0.28511], [127.99649, -0.2915], [127.99596, -0.29211], [127.99786, -0.29307], [128.00211, -0.2999], [128.00205, -0.30225], [128.00312, -0.30674], [128.00254, -0.30687], [128.00731, -0.31546], [128.00756, -0.317], [128.00815, -0.31688], [128.01223, -0.32238], [128.01541, -0.32269], [128.0179, -0.32763], [128.02247, -0.34002], [128.02241, -0.34273], [128.02315, -0.34284], [128.0239, -0.34445], [128.03129, -0.36561], [128.03162, -0.36673], [128.03111, -0.36649], [128.03112, -0.36708], [128.03221, -0.36782], [128.03509, -0.3745], [128.03569, -0.37469], [128.03835, -0.38288], [128.03766, -0.38336], [128.03865, -0.38358], [128.04329, -0.39821], [128.04365, -0.40214], [128.04369, -0.40041], [128.04923, -0.41728], [128.05051, -0.41881], [128.05216, -0.41935], [128.05428, -0.41785], [128.05617, -0.41787], [128.06019, -0.42472], [128.06457, -0.42679], [128.06377, -0.43288], [128.06431, -0.43547], [128.06669, -0.44055], [128.07229, -0.44901], [128.08017, -0.45869], [128.07918, -0.45957], [128.08045, -0.45983], [128.0827, -0.46628], [128.0828, -0.46723], [128.08223, -0.46741], [128.08293, -0.46738], [128.08315, -0.47103], [128.08384, -0.47097], [128.08328, -0.47294], [128.08409, -0.47638], [128.09886, -0.50642], [128.09818, -0.50593], [128.09812, -0.50634]]], [[[128.12503, -0.43584], [128.12695, -0.43683], [128.12683, -0.43838], [128.12573, -0.43809], [128.12455, -0.43686], [128.12366, -0.4353], [128.12503, -0.43584]]]]}}, {"type": "Feature", "properties": {"domain_id": "820406", "name": "OBI"}, "geometry": {"type": "MultiPolygon", "coordinates": [[[[127.44563, -1.41335], [127.44714, -1.41358], [127.4477, -1.41595], [127.44459, -1.41539], [127.44341, -1.41657], [127.44148, -1.41628], [127.44086, -1.41724], [127.43836, -1.41746], [127.43731, -1.41838], [127.43563, -1.41809], [127.43524, -1.41862], [127.4352, -1.41968], [127.43433, -1.42058], [127.43447, -1.42196], [127.43636, -1.42329], [127.43729, -1.42608], [127.43978, -1.4272], [127.44102, -1.42587], [127.44251, -1.42589], [127.44404, -1.42697], [127.4455, -1.42655], [127.44598, -1.42759], [127.44794, -1.42863], [127.44741, -1.43086], [127.44821, -1.43228], [127.45176, -1.43281], [127.45316, -1.43236], [127.45561, -1.43333], [127.45443, -1.43487], [127.45748, -1.43745], [127.45806, -1.43867], [127.46318, -1.43702], [127.46435, -1.43738], [127.46395, -1.43828], [127.46481, -1.43907], [127.46889, -1.43812], [127.47142, -1.44063], [127.47348, -1.43832], [127.47407, -1.43942], [127.47616, -1.43948], [127.48005, -1.44087], [127.48207, -1.44076], [127.48298, -1.44277], [127.48449, -1.44411], [127.48338, -1.44554], [127.48519, -1.4465], [127.48812, -1.44537], [127.48882, -1.44267], [127.48808, -1.44093], [127.49011, -1.44028], [127.49175, -1.43866], [127.49322, -1.43859], [127.49425, -1.4412], [127.49332, -1.4416], [127.49339, -1.44281], [127.49171, -1.44304], [127.49132, -1.444], [127.49309, -1.44661], [127.49327, -1.44977], [127.49442, -1.4506], [127.49729, -1.45084], [127.5011, -1.45351], [127.50365, -1.45339], [127.50589, -1.45206], [127.50822, -1.44875], [127.50563, -1.44616], [127.5062, -1.44334], [127.50531, -1.44301], [127.50569, -1.44174], [127.50498, -1.44074], [127.50538, -1.43892], [127.50649, -1.43784], [127.50725, -1.4345], [127.51064, -1.43401], [127.51566, -1.43602], [127.51715, -1.43584], [127.51649, -1.43358], [127.51726, -1.43299], [127.51676, -1.43128], [127.5155, -1.43056], [127.5163, -1.4301], [127.51624, -1.42929], [127.51537, -1.42809], [127.51459, -1.42833], [127.51332, -1.42462], [127.51392, -1.42246], [127.51301, -1.41718], [127.51464, -1.4166], [127.51892, -1.41775], [127.52118, -1.41657], [127.52189, -1.41542], [127.52169, -1.41237], [127.52343, -1.41173], [127.52929, -1.40696], [127.53326, -1.40895], [127.53747, -1.40684], [127.53969, -1.40492], [127.54037, -1.40315], [127.54284, -1.40211], [127.545, -1.39984], [127.54763, -1.39835], [127.55101, -1.39242], [127.5541, -1.39283], [127.55866, -1.38956], [127.55968, -1.38557], [127.55918, -1.38403], [127.5615, -1.38154], [127.56104, -1.38071], [127.56144, -1.37985], [127.56964, -1.37564], [127.57394, -1.37643], [127.57677, -1.37497], [127.57872, -1.37171], [127.57892, -1.36782], [127.58141, -1.36404], [127.58743, -1.36289], [127.58998, -1.35984], [127.59186, -1.36012], [127.59599, -1.35841], [127.59908, -1.3581], [127.60787, -1.35404], [127.61166, -1.35485], [127.61484, -1.35242], [127.61665, -1.35306], [127.62068, -1.35186], [127.626, -1.34706], [127.62925, -1.34085], [127.63244, -1.33726], [127.63565, -1.33493], [127.63661, -1.33479], [127.6369, -1.33533], [127.64176, -1.33076], [127.6449, -1.33086], [127.64812, -1.33225], [127.65056, -1.33159], [127.65196, -1.33207], [127.65401, -1.33462], [127.65511, -1.33834], [127.65489, -1.33901], [127.65366, -1.33868], [127.65425, -1.34166], [127.65774, -1.34386], [127.65989, -1.34653], [127.66086, -1.34681], [127.66369, -1.34593], [127.66799, -1.34751], [127.66869, -1.3489], [127.66953, -1.3451], [127.66594, -1.34044], [127.66558, -1.33729], [127.66846, -1.33257], [127.67224, -1.33173], [127.67455, -1.33222], [127.67742, -1.3371], [127.67867, -1.33725], [127.6802, -1.33861], [127.68144, -1.34112], [127.68133, -1.34222], [127.6801, -1.34288], [127.68005, -1.34353], [127.68089, -1.34486], [127.68264, -1.34563], [127.68299, -1.34712], [127.68406, -1.34672], [127.6841, -1.34478], [127.68519, -1.34533], [127.68501, -1.34601], [127.68679, -1.34784], [127.68744, -1.34736], [127.68952, -1.34818], [127.69014, -1.34746], [127.69103, -1.34779], [127.6901, -1.34904], [127.6907, -1.35026], [127.69151, -1.35011], [127.69192, -1.35076], [127.69085, -1.35112], [127.6906, -1.3526], [127.6924, -1.35262], [127.69229, -1.35125], [127.69313, -1.35075], [127.69336, -1.34953], [127.69441, -1.34978], [127.69582, -1.35143], [127.69638, -1.34947], [127.69854, -1.3525], [127.69971, -1.35236], [127.70063, -1.35341], [127.70194, -1.35301], [127.70236, -1.35208], [127.7017, -1.35087], [127.70253, -1.34977], [127.70231, -1.3489], [127.70331, -1.3491], [127.70416, -1.34834], [127.70336, -1.34727], [127.70188, -1.34678], [127.70177, -1.34377], [127.69968, -1.34431], [127.6979, -1.34157], [127.69929, -1.34064], [127.69976, -1.33932], [127.70249, -1.33935], [127.70667, -1.3361], [127.70763, -1.33685], [127.71364, -1.33832], [127.71596, -1.34039], [127.7231, -1.34338], [127.73218, -1.34404], [127.73706, -1.35047], [127.74716, -1.35424], [127.75087, -1.35713], [127.7521, -1.35696], [127.75719, -1.353], [127.75906, -1.35264], [127.76067, -1.35378], [127.76215, -1.35606], [127.76249, -1.3589], [127.76481, -1.36045], [127.76611, -1.36332], [127.76873, -1.36257], [127.77131, -1.3641], [127.77243, -1.36568], [127.77389, -1.36605], [127.77494, -1.36848], [127.7749, -1.37049], [127.77982, -1.37239], [127.77983, -1.37556], [127.77657, -1.3796], [127.7784, -1.37975], [127.77922, -1.37906], [127.78438, -1.37415], [127.78596, -1.37121], [127.78977, -1.37132], [127.79243, -1.37246], [127.79375, -1.3752], [127.79359, -1.38117], [127.79009, -1.38651], [127.78884, -1.38965], [127.79255, -1.38966], [127.79364, -1.39096], [127.79471, -1.39735], [127.79824, -1.40641], [127.79801, -1.40849], [127.80092, -1.41386], [127.80296, -1.41428], [127.80413, -1.41555], [127.80641, -1.41641], [127.80859, -1.41635], [127.81043, -1.41705], [127.81201, -1.41671], [127.81464, -1.41475], [127.8171, -1.41459], [127.81932, -1.41584], [127.82082, -1.41764], [127.82409, -1.41782], [127.83167, -1.42401], [127.83508, -1.42522], [127.83951, -1.42559], [127.83972, -1.4277], [127.83905, -1.42973], [127.837, -1.43106], [127.83611, -1.43053], [127.83458, -1.4318], [127.83531, -1.43327], [127.83621, -1.43351], [127.8358, -1.43423], [127.83496, -1.43366], [127.83514, -1.43597], [127.83586, -1.43616], [127.83744, -1.43478], [127.84234, -1.43504], [127.84596, -1.43814], [127.84836, -1.4391], [127.84214, -1.51049], [127.84311, -1.54777], [127.73035, -1.53669], [127.69858, -1.53323], [127.69727, -1.53231], [127.69489, -1.53219], [127.69133, -1.53468], [127.68918, -1.5348], [127.68264, -1.53349], [127.6805, -1.53517], [127.58227, -1.54455], [127.54881, -1.56762], [127.45561, -1.62129], [127.40759, -1.65676], [127.40348, -1.65158], [127.40358, -1.64368], [127.40178, -1.63997], [127.40108, -1.63512], [127.39849, -1.62802], [127.39689, -1.62497], [127.39406, -1.62229], [127.39371, -1.62116], [127.39208, -1.6209], [127.39176, -1.61921], [127.39222, -1.61742], [127.39733, -1.61163], [127.40048, -1.60495], [127.40245, -1.59811], [127.40802, -1.58393], [127.41151, -1.56959], [127.41159, -1.56777], [127.41077, -1.56746], [127.41131, -1.56604], [127.41209, -1.56607], [127.41186, -1.56485], [127.41229, -1.56476], [127.41195, -1.56182], [127.41, -1.55695], [127.41114, -1.54991], [127.41049, -1.54498], [127.40857, -1.54206], [127.40629, -1.54121], [127.4052, -1.5396], [127.40263, -1.53776], [127.40507, -1.53215], [127.40845, -1.52911], [127.40799, -1.52741], [127.40634, -1.52591], [127.40623, -1.52466], [127.40738, -1.52294], [127.4106, -1.52138], [127.41172, -1.51893], [127.41144, -1.51684], [127.41426, -1.51416], [127.41766, -1.50879], [127.41774, -1.50723], [127.42419, -1.50315], [127.42824, -1.50245], [127.42956, -1.50047], [127.43134, -1.49939], [127.43109, -1.49801], [127.43227, -1.49541], [127.43101, -1.49435], [127.42898, -1.49775], [127.42761, -1.49866], [127.42696, -1.49828], [127.42768, -1.49693], [127.42624, -1.49621], [127.42489, -1.49652], [127.42459, -1.49513], [127.42235, -1.49524], [127.42091, -1.49624], [127.41875, -1.49471], [127.41896, -1.49208], [127.41743, -1.48986], [127.41658, -1.48985], [127.41624, -1.4881], [127.41856, -1.4848], [127.41873, -1.48191], [127.41683, -1.48154], [127.41619, -1.47976], [127.4194, -1.47226], [127.42159, -1.47158], [127.42315, -1.47205], [127.42563, -1.47024], [127.42744, -1.47025], [127.42943, -1.46937], [127.43162, -1.46991], [127.43251, -1.46933], [127.43234, -1.46665], [127.42835, -1.46516], [127.42896, -1.46298], [127.42844, -1.4582], [127.43161, -1.45728], [127.43235, -1.45692], [127.43207, -1.45659], [127.43407, -1.45662], [127.43438, -1.45508], [127.43281, -1.45454], [127.43292, -1.45351], [127.43487, -1.45159], [127.43853, -1.45239], [127.43888, -1.4513], [127.43627, -1.4474], [127.43954, -1.44534], [127.43924, -1.44257], [127.44101, -1.44084], [127.44113, -1.43863], [127.44271, -1.43686], [127.44415, -1.43331], [127.44319, -1.43287], [127.44207, -1.43423], [127.4411, -1.4341], [127.44054, -1.43517], [127.43656, -1.43725], [127.4352, -1.43669], [127.43319, -1.43707], [127.43166, -1.43468], [127.43014, -1.43467], [127.42948, -1.43346], [127.43179, -1.43161], [127.43118, -1.4285], [127.43194, -1.42721], [127.43138, -1.42616], [127.43, -1.42619], [127.42919, -1.42443], [127.42692, -1.42523], [127.42618, -1.42412], [127.42396, -1.42417], [127.42266, -1.42546], [127.42362, -1.42718], [127.42013, -1.42802], [127.41564, -1.42282], [127.41467, -1.41975], [127.41522, -1.41897], [127.42027, -1.41812], [127.42177, -1.41681], [127.42262, -1.41781], [127.42445, -1.41736], [127.42643, -1.41574], [127.42648, -1.41386], [127.42788, -1.41427], [127.43005, -1.41365], [127.4312, -1.41288], [127.43129, -1.41192], [127.43321, -1.41144], [127.43509, -1.41134], [127.43587, -1.4151], [127.43739, -1.41473], [127.43793, -1.41297], [127.44021, -1.41026], [127.44041, -1.40884], [127.44384, -1.41204], [127.4437, -1.41325], [127.44563, -1.41335]]], [[[127.57955, -1.23051], [127.5926, -1.23973], [127.60397, -1.24286], [127.6173, -1.24838], [127.62606, -1.25114], [127.63615, -1.25628], [127.63791, -1.25839], [127.6538, -1.26491], [127.65499, -1.28478], [127.63833, -1.28318], [127.62995, -1.27852], [127.628, -1.27668], [127.62634, -1.27365], [127.62346, -1.27102], [127.61767, -1.26783], [127.6129, -1.264], [127.60077, -1.25985], [127.59489, -1.25855], [127.59095, -1.25875], [127.58575, -1.25721], [127.58358, -1.25644], [127.58218, -1.25487], [127.57861, -1.25311], [127.57613, -1.2536], [127.57117, -1.25243], [127.5659, -1.24999], [127.56252, -1.24922], [127.56133, -1.24806], [127.56032, -1.24894], [127.55182, -1.24897], [127.54611, -1.25023], [127.5354, -1.24951], [127.53064, -1.25039], [127.52659, -1.25372], [127.52637, -1.25637], [127.52493, -1.25902], [127.52018, -1.26396], [127.51576, -1.26752], [127.51074, -1.26891], [127.50685, -1.25017], [127.50752, -1.24525], [127.52188, -1.23932], [127.52559, -1.23656], [127.53016, -1.22733], [127.53244, -1.2258], [127.5353, -1.22561], [127.53921, -1.22815], [127.54028, -1.22796], [127.54128, -1.22678], [127.54673, -1.22483], [127.55931, -1.22348], [127.57005, -1.22708], [127.57295, -1.22878], [127.57955, -1.23051]]], [[[127.39602, -1.48406], [127.39574, -1.48591], [127.39539, -1.48431], [127.39465, -1.48462], [127.39364, -1.4866], [127.39391, -1.48805], [127.396, -1.48791], [127.39786, -1.49039], [127.40101, -1.49023], [127.40203, -1.4915], [127.4077, -1.49352], [127.40778, -1.49589], [127.40992, -1.49825], [127.41049, -1.50087], [127.40992, -1.50145], [127.40814, -1.50122], [127.40763, -1.50059], [127.40456, -1.50333], [127.40282, -1.50193], [127.40065, -1.50146], [127.40014, -1.49983], [127.39888, -1.49931], [127.39972, -1.50206], [127.40453, -1.50748], [127.40454, -1.50975], [127.40439, -1.51042], [127.40353, -1.51038], [127.39878, -1.50675], [127.39754, -1.5068], [127.39599, -1.50847], [127.39672, -1.51016], [127.39637, -1.51211], [127.39809, -1.51406], [127.39909, -1.51653], [127.39816, -1.5176], [127.39817, -1.51918], [127.39625, -1.52183], [127.39557, -1.5239], [127.39586, -1.52524], [127.39402, -1.52371], [127.38934, -1.52329], [127.38539, -1.5219], [127.37804, -1.52176], [127.3772, -1.51585], [127.37955, -1.51226], [127.37819, -1.50657], [127.38162, -1.50191], [127.38107, -1.49421], [127.38497, -1.49202], [127.38668, -1.48813], [127.38944, -1.48646], [127.39116, -1.48362], [127.39408, -1.48286], [127.39602, -1.48406]]], [[[127.84502, -1.42819], [127.84669, -1.43063], [127.84611, -1.43317], [127.84496, -1.43374], [127.84295, -1.43309], [127.84195, -1.43139], [127.84286, -1.42833], [127.84398, -1.42781], [127.84502, -1.42819]]]]}}, {"type": "Feature", "properties": {"domain_id": "820420", "name": "MANDIOLI UTARA"}, "geometry": {"type": "MultiPolygon", "coordinates": [[[[127.29065, -0.70839], [127.29112, -0.71081], [127.29268, -0.70968], [127.29496, -0.71016], [127.29542, -0.7122], [127.29421, -0.71299], [127.29188, -0.71312], [127.29132, -0.71253], [127.29058, -0.71295], [127.29106, -0.71413], [127.2928, -0.71476], [127.29232, -0.71602], [127.2949, -0.71518], [127.2956, -0.7156], [127.29397, -0.72831], [127.29431, -0.73102], [127.28629, -0.7355], [127.27911, -0.73799], [127.26567, -0.73922], [127.26107, -0.73833], [127.26096, -0.73111], [127.25971, -0.7248], [127.2531, -0.70379], [127.24624, -0.6897], [127.23825, -0.68685], [127.21231, -0.68153], [127.20718, -0.67539], [127.20844, -0.6735], [127.21195, -0.67235], [127.21215, -0.67089], [127.21168, -0.66966], [127.20803, -0.66749], [127.20626, -0.66381], [127.20722, -0.65975], [127.20827, -0.65878], [127.20745, -0.65319], [127.20846, -0.65278], [127.21179, -0.64905], [127.21505, -0.64924], [127.21564, -0.64861], [127.21495, -0.64665], [127.21578, -0.64528], [127.21426, -0.64269], [127.21576, -0.64056], [127.21666, -0.63749], [127.21633, -0.63659], [127.21443, -0.63545], [127.21277, -0.63633], [127.2121, -0.63516], [127.209, -0.6347], [127.20889, -0.63538], [127.20874, -0.63468], [127.20554, -0.63436], [127.20217, -0.6324], [127.19912, -0.62766], [127.19923, -0.62636], [127.20022, -0.62598], [127.19918, -0.6257], [127.1988, -0.6249], [127.19783, -0.6253], [127.19643, -0.621], [127.19264, -0.61773], [127.19262, -0.61611], [127.19418, -0.61416], [127.19678, -0.61388], [127.20083, -0.61544], [127.20156, -0.61642], [127.20274, -0.61587], [127.20657, -0.61728], [127.2078, -0.61632], [127.2083, -0.61417], [127.21517, -0.61049], [127.21651, -0.60628], [127.21898, -0.60393], [127.22346, -0.60314], [127.22836, -0.60364], [127.23136, -0.60528], [127.23126, -0.60615], [127.23193, -0.60518], [127.23332, -0.6054], [127.23431, -0.60385], [127.23618, -0.60486], [127.23686, -0.60352], [127.23921, -0.60345], [127.24001, -0.60397], [127.24113, -0.60275], [127.24242, -0.60254], [127.24291, -0.60308], [127.24426, -0.60214], [127.24437, -0.60379], [127.24557, -0.60426], [127.24961, -0.60267], [127.25777, -0.60511], [127.25844, -0.6057], [127.25776, -0.60712], [127.25936, -0.60908], [127.26172, -0.6109], [127.26358, -0.61138], [127.26844, -0.61527], [127.26946, -0.61695], [127.27067, -0.61752], [127.27035, -0.61975], [127.27152, -0.62117], [127.26952, -0.6238], [127.26541, -0.62738], [127.26306, -0.62681], [127.25493, -0.62905], [127.25151, -0.62705], [127.24964, -0.6265], [127.2484, -0.62684], [127.24664, -0.62872], [127.248, -0.63126], [127.24843, -0.63375], [127.24767, -0.63587], [127.25084, -0.63878], [127.24998, -0.64084], [127.25112, -0.64306], [127.25059, -0.64427], [127.2524, -0.64366], [127.25286, -0.64834], [127.25634, -0.6484], [127.25891, -0.64982], [127.26027, -0.64886], [127.26127, -0.64934], [127.26069, -0.65048], [127.26118, -0.65213], [127.26422, -0.65447], [127.26485, -0.65935], [127.26365, -0.66071], [127.26384, -0.66233], [127.26669, -0.66255], [127.2687, -0.66439], [127.26967, -0.66449], [127.2702, -0.66346], [127.27036, -0.66394], [127.27197, -0.66243], [127.27364, -0.66242], [127.2783, -0.66494], [127.28387, -0.66663], [127.28545, -0.66822], [127.28669, -0.66787], [127.28778, -0.66881], [127.28893, -0.66874], [127.28997, -0.67207], [127.28929, -0.67368], [127.29031, -0.67375], [127.2917, -0.67543], [127.29364, -0.67591], [127.2957, -0.67836], [127.29769, -0.67879], [127.29737, -0.67964], [127.29838, -0.67941], [127.30175, -0.68071], [127.30349, -0.68275], [127.30423, -0.68544], [127.30318, -0.68846], [127.30136, -0.68826], [127.30114, -0.68759], [127.29792, -0.68787], [127.29738, -0.68695], [127.29608, -0.68733], [127.29469, -0.68648], [127.29352, -0.68673], [127.29331, -0.68773], [127.29143, -0.68817], [127.293, -0.69005], [127.29289, -0.69174], [127.2965, -0.69303], [127.29946, -0.69182], [127.30025, -0.69262], [127.3005, -0.69484], [127.29969, -0.69721], [127.29796, -0.69767], [127.29744, -0.69894], [127.29825, -0.70108], [127.29794, -0.70297], [127.29708, -0.70406], [127.2928, -0.7053], [127.2894, -0.70453], [127.29065, -0.70839]]], [[[127.29695, -0.6222], [127.29816, -0.62447], [127.2979, -0.62707], [127.29655, -0.62836], [127.2955, -0.62807], [127.29376, -0.62899], [127.29318, -0.62772], [127.29358, -0.62381], [127.29514, -0.62182], [127.29695, -0.6222]]], [[[127.16982, -0.58545], [127.17112, -0.5867], [127.17125, -0.58719], [127.17078, -0.58672], [127.17018, -0.58886], [127.16879, -0.58924], [127.16688, -0.58531], [127.16927, -0.58479], [127.16982, -0.58545]]], [[[127.27708, -0.65003], [127.27624, -0.64868], [127.2766, -0.64766], [127.2787, -0.64779], [127.2789, -0.64994], [127.27803, -0.65043], [127.27708, -0.65003]]]]}}, {"type": "Feature", "properties": {"domain_id": "820414", "name": "BACAN BARAT UTARA"}, "geometry": {"type": "MultiPolygon", "coordinates": [[[[127.44416, -0.41588], [127.45171, -0.4189], [127.45366, -0.41851], [127.45676, -0.41665], [127.45848, -0.41312], [127.45857, -0.41106], [127.45772, -0.41026], [127.45745, -0.40837], [127.45278, -0.40524], [127.45244, -0.40312], [127.45674, -0.40194], [127.45731, -0.4021], [127.45736, -0.40296], [127.46014, -0.40339], [127.46191, -0.40236], [127.46261, -0.40071], [127.46362, -0.40088], [127.46362, -0.4016], [127.46523, -0.40285], [127.46755, -0.40265], [127.47076, -0.39936], [127.47103, -0.39688], [127.47357, -0.39357], [127.47464, -0.39094], [127.47859, -0.38863], [127.47958, -0.38677], [127.47941, -0.38345], [127.47619, -0.38012], [127.47508, -0.37599], [127.47557, -0.37441], [127.47832, -0.37209], [127.47869, -0.37028], [127.47819, -0.36882], [127.47582, -0.36752], [127.475, -0.36595], [127.47604, -0.36323], [127.47857, -0.36279], [127.48051, -0.36135], [127.48072, -0.3566], [127.48148, -0.35586], [127.48165, -0.35422], [127.48082, -0.35095], [127.48369, -0.35062], [127.48483, -0.34935], [127.48379, -0.3448], [127.48503, -0.34248], [127.4848, -0.33962], [127.48581, -0.33902], [127.48882, -0.34084], [127.49292, -0.34115], [127.49764, -0.33779], [127.50182, -0.33283], [127.50623, -0.33096], [127.51487, -0.32532], [127.5166, -0.32226], [127.51851, -0.32095], [127.51906, -0.31922], [127.51765, -0.31773], [127.51468, -0.31701], [127.51343, -0.31599], [127.5133, -0.31512], [127.51649, -0.30682], [127.51851, -0.30506], [127.51847, -0.30363], [127.52098, -0.3009], [127.52376, -0.30113], [127.52563, -0.29982], [127.52682, -0.30327], [127.52774, -0.30389], [127.52885, -0.30251], [127.53119, -0.30229], [127.53192, -0.30472], [127.53331, -0.30583], [127.53401, -0.30762], [127.53567, -0.30744], [127.53796, -0.3092], [127.53725, -0.31252], [127.53761, -0.3135], [127.53955, -0.31366], [127.5414, -0.31251], [127.54235, -0.31344], [127.54553, -0.31376], [127.54675, -0.31468], [127.54926, -0.31376], [127.55344, -0.31535], [127.55635, -0.31428], [127.56287, -0.31475], [127.56438, -0.3143], [127.56434, -0.31595], [127.56179, -0.32044], [127.56256, -0.3246], [127.56179, -0.32865], [127.56262, -0.33299], [127.56238, -0.33537], [127.55584, -0.3409], [127.55382, -0.34364], [127.55033, -0.34474], [127.54907, -0.34723], [127.53914, -0.39769], [127.54185, -0.4001], [127.5423, -0.40311], [127.54109, -0.40628], [127.53883, -0.40945], [127.53088, -0.41325], [127.53017, -0.42277], [127.53184, -0.42634], [127.52978, -0.43477], [127.52865, -0.43738], [127.52496, -0.44261], [127.52436, -0.44789], [127.52782, -0.4537], [127.52283, -0.47833], [127.52295, -0.48203], [127.52519, -0.48317], [127.51967, -0.4928], [127.5187, -0.4935], [127.51381, -0.49416], [127.50512, -0.49423], [127.50076, -0.49717], [127.49816, -0.49976], [127.49546, -0.50024], [127.49253, -0.50249], [127.48968, -0.50278], [127.46939, -0.4953], [127.44398, -0.49354], [127.43519, -0.48908], [127.42772, -0.48054], [127.42439, -0.47974], [127.41798, -0.48081], [127.4021, -0.48717], [127.40144, -0.48225], [127.39852, -0.47976], [127.39566, -0.47441], [127.39269, -0.46465], [127.39245, -0.4593], [127.39471, -0.44645], [127.3964, -0.4438], [127.39056, -0.40069], [127.38877, -0.39694], [127.38427, -0.39062], [127.38494, -0.38605], [127.38378, -0.38166], [127.37941, -0.37984], [127.37665, -0.37556], [127.37651, -0.37145], [127.37561, -0.37142], [127.37565, -0.37002], [127.37202, -0.36904], [127.36964, -0.36376], [127.36961, -0.36201], [127.37045, -0.36038], [127.37048, -0.35581], [127.37405, -0.35106], [127.37533, -0.35145], [127.37762, -0.34988], [127.37962, -0.34686], [127.37998, -0.34478], [127.38452, -0.34327], [127.385, -0.3394], [127.38688, -0.33604], [127.38819, -0.33635], [127.38852, -0.33789], [127.3898, -0.33874], [127.39331, -0.34513], [127.39434, -0.34514], [127.39717, -0.34343], [127.39978, -0.34355], [127.4026, -0.34492], [127.40272, -0.34663], [127.40124, -0.34764], [127.40194, -0.34882], [127.40154, -0.34968], [127.40497, -0.35159], [127.40724, -0.35191], [127.40869, -0.3559], [127.41245, -0.35822], [127.41182, -0.36083], [127.41233, -0.36147], [127.41164, -0.36311], [127.41459, -0.36636], [127.41479, -0.36786], [127.41335, -0.36887], [127.41313, -0.37035], [127.41196, -0.37096], [127.41258, -0.37234], [127.41089, -0.37548], [127.41186, -0.37569], [127.41163, -0.37727], [127.41224, -0.37676], [127.41444, -0.37777], [127.41471, -0.37914], [127.4136, -0.37984], [127.4137, -0.38107], [127.41447, -0.38111], [127.41527, -0.38016], [127.41663, -0.3804], [127.4147, -0.38353], [127.41534, -0.38515], [127.41785, -0.38738], [127.41702, -0.38879], [127.41776, -0.39138], [127.41737, -0.39322], [127.41879, -0.39388], [127.41977, -0.39555], [127.4229, -0.3952], [127.42281, -0.39597], [127.42177, -0.39664], [127.42199, -0.39841], [127.42469, -0.40084], [127.42597, -0.40325], [127.42598, -0.4057], [127.42781, -0.40721], [127.43173, -0.40715], [127.43385, -0.40852], [127.43737, -0.41273], [127.43925, -0.41316], [127.44022, -0.41443], [127.44416, -0.41588]]], [[[127.5483, -0.29873], [127.55112, -0.29768], [127.55391, -0.29801], [127.55593, -0.2999], [127.5554, -0.30184], [127.55436, -0.30198], [127.55428, -0.30341], [127.55484, -0.30376], [127.55599, -0.30281], [127.55722, -0.30386], [127.55925, -0.30284], [127.55909, -0.30003], [127.55967, -0.29962], [127.56328, -0.30019], [127.56469, -0.30184], [127.56435, -0.30296], [127.56543, -0.30246], [127.56675, -0.30341], [127.56663, -0.30527], [127.5687, -0.309], [127.56554, -0.30858], [127.56363, -0.30671], [127.56287, -0.308], [127.56194, -0.30827], [127.56288, -0.30924], [127.56269, -0.31029], [127.56364, -0.30848], [127.56517, -0.30939], [127.56485, -0.31044], [127.56288, -0.31178], [127.5593, -0.31099], [127.55913, -0.30988], [127.55904, -0.31102], [127.55845, -0.31083], [127.55808, -0.31035], [127.55923, -0.309], [127.55873, -0.30813], [127.5562, -0.31017], [127.55376, -0.31038], [127.5534, -0.3095], [127.55249, -0.30921], [127.5507, -0.31038], [127.54778, -0.30914], [127.54642, -0.30982], [127.54471, -0.3081], [127.54507, -0.30633], [127.54308, -0.30445], [127.54253, -0.29948], [127.54313, -0.29959], [127.54463, -0.29737], [127.54432, -0.2965], [127.54571, -0.29569], [127.54661, -0.29606], [127.5472, -0.29842], [127.5483, -0.29873]]], [[[127.40661, -0.31961], [127.40958, -0.3205], [127.41033, -0.32314], [127.40996, -0.32586], [127.40769, -0.33086], [127.40707, -0.3358], [127.40598, -0.33771], [127.40713, -0.34077], [127.40439, -0.34029], [127.39999, -0.3358], [127.39898, -0.33007], [127.39988, -0.32249], [127.40548, -0.31915], [127.40661, -0.31961]]], [[[127.43271, -0.3512], [127.43325, -0.3543], [127.4311, -0.35873], [127.42957, -0.35902], [127.4279, -0.35904], [127.42716, -0.35812], [127.42459, -0.35775], [127.42246, -0.35521], [127.41963, -0.35416], [127.41834, -0.35277], [127.41869, -0.35205], [127.4241, -0.35266], [127.42609, -0.3516], [127.42641, -0.35082], [127.42892, -0.35064], [127.4321, -0.34933], [127.43295, -0.34977], [127.43271, -0.3512]]], [[[127.41105, -0.34189], [127.411, -0.34311], [127.40975, -0.34477], [127.40851, -0.34427], [127.40824, -0.34167], [127.41096, -0.34117], [127.41105, -0.34189]]]]}}, {"type": "Feature", "properties": {"domain_id": "820404", "name": "GANE BARAT"}, "geometry": {"type": "MultiPolygon", "coordinates": [[[[127.82921, -0.34976], [127.82657, -0.34755], [127.82557, -0.34347], [127.82438, -0.34181], [127.82314, -0.34106], [127.82053, -0.34108], [127.81823, -0.33739], [127.81118, -0.33643], [127.80265, -0.34026], [127.80197, -0.33982], [127.8013, -0.34033], [127.79839, -0.33937], [127.79719, -0.33778], [127.79633, -0.33863], [127.7945, -0.33776], [127.79294, -0.33799], [127.78849, -0.33535], [127.78709, -0.33356], [127.78638, -0.33078], [127.78496, -0.33022], [127.78338, -0.3275], [127.78118, -0.32738], [127.77897, -0.3284], [127.77102, -0.32716], [127.76611, -0.32532], [127.76472, -0.3245], [127.76483, -0.32379], [127.76432, -0.32436], [127.75829, -0.32192], [127.7558, -0.31983], [127.75065, -0.31994], [127.7503, -0.31808], [127.75178, -0.3166], [127.75186, -0.31497], [127.74935, -0.31299], [127.74683, -0.31372], [127.74542, -0.31257], [127.74492, -0.3117], [127.74695, -0.30945], [127.7464, -0.30799], [127.74248, -0.30587], [127.74146, -0.3064], [127.74114, -0.3081], [127.7403, -0.30828], [127.74201, -0.3032], [127.74458, -0.30138], [127.7443, -0.2973], [127.74492, -0.29598], [127.74961, -0.29267], [127.75273, -0.2927], [127.75823, -0.29406], [127.7618, -0.29406], [127.76794, -0.28775], [127.77136, -0.2867], [127.77584, -0.28642], [127.77848, -0.28519], [127.78194, -0.28507], [127.78612, -0.2808], [127.78887, -0.27967], [127.79573, -0.27967], [127.79772, -0.27741], [127.80889, -0.27651], [127.81381, -0.27545], [127.82462, -0.27091], [127.82836, -0.26821], [127.82885, -0.26525], [127.83138, -0.26426], [127.83562, -0.25793], [127.8365, -0.25752], [127.84034, -0.25777], [127.84178, -0.2587], [127.84542, -0.25955], [127.85226, -0.26321], [127.85929, -0.26146], [127.86353, -0.26377], [127.86511, -0.26325], [127.86633, -0.26128], [127.87182, -0.25639], [127.87314, -0.25372], [127.87368, -0.24977], [127.87558, -0.25377], [127.89077, -0.26072], [127.89355, -0.26386], [127.89462, -0.26722], [127.89476, -0.27], [127.89384, -0.27336], [127.89032, -0.28089], [127.89096, -0.28612], [127.89459, -0.29094], [127.90276, -0.29623], [127.90332, -0.29856], [127.90859, -0.29923], [127.90911, -0.30404], [127.90872, -0.31043], [127.91186, -0.32408], [127.91581, -0.33034], [127.91756, -0.33032], [127.92036, -0.33169], [127.92385, -0.33894], [127.92465, -0.34271], [127.92396, -0.34579], [127.92419, -0.34779], [127.92579, -0.35088], [127.92801, -0.35367], [127.93196, -0.35504], [127.93555, -0.35464], [127.94029, -0.35516], [127.94452, -0.35767], [127.94435, -0.36127], [127.94737, -0.36692], [127.95154, -0.38017], [127.95537, -0.38388], [127.95587, -0.38594], [127.95508, -0.38954], [127.95554, -0.39148], [127.95798, -0.39732], [127.96028, -0.4006], [127.96099, -0.40577], [127.96277, -0.40877], [127.96656, -0.41195], [127.97084, -0.42273], [127.97213, -0.42415], [127.97739, -0.42649], [127.97775, -0.42803], [127.979, -0.42807], [127.97882, -0.42943], [127.97711, -0.42978], [127.97848, -0.43205], [127.97662, -0.43175], [127.97607, -0.43244], [127.97689, -0.43301], [127.97878, -0.43269], [127.97725, -0.43381], [127.97857, -0.43452], [127.97896, -0.43931], [127.98013, -0.44163], [127.98608, -0.44996], [127.99311, -0.45453], [127.99388, -0.45626], [127.99507, -0.4647], [127.99668, -0.46942], [128.00149, -0.47467], [128.00578, -0.47673], [128.00932, -0.48267], [128.00995, -0.48501], [128.0112, -0.48638], [128.0124, -0.4906], [128.01731, -0.49947], [128.02178, -0.50504], [128.02254, -0.50708], [128.02511, -0.50861], [128.02625, -0.51141], [128.02549, -0.51527], [128.02593, -0.51897], [128.02656, -0.51983], [128.02877, -0.52034], [128.02857, -0.52133], [128.0293, -0.5218], [128.03027, -0.52509], [128.03012, -0.52669], [128.03336, -0.53165], [128.03517, -0.53717], [128.03725, -0.53935], [128.03781, -0.54321], [128.04222, -0.54646], [128.0443, -0.55119], [128.04713, -0.55222], [128.04801, -0.55458], [128.04749, -0.55714], [128.04782, -0.55958], [128.04901, -0.56334], [128.0499, -0.56413], [128.05736, -0.56348], [128.05811, -0.56926], [128.05879, -0.56955], [128.05886, -0.57109], [128.06054, -0.57333], [128.06058, -0.57533], [128.06367, -0.58155], [128.06522, -0.58807], [128.06764, -0.59125], [128.07205, -0.59184], [128.07501, -0.59477], [128.07508, -0.59755], [128.07616, -0.60002], [128.07893, -0.60058], [128.07961, -0.60136], [128.07951, -0.60601], [128.08309, -0.60722], [128.08412, -0.60926], [128.0861, -0.61023], [128.08654, -0.61129], [128.08374, -0.61236], [128.08063, -0.61737], [128.07539, -0.62135], [128.0736, -0.62355], [128.06999, -0.62546], [128.06787, -0.62823], [128.06704, -0.63114], [128.06472, -0.63241], [128.06373, -0.63597], [128.06116, -0.63908], [128.05357, -0.6383], [128.05184, -0.63939], [128.05071, -0.64185], [128.0524, -0.64553], [128.05107, -0.64816], [128.05066, -0.65125], [128.04767, -0.65432], [128.04609, -0.65507], [128.04377, -0.6606], [128.03974, -0.66529], [128.03686, -0.66657], [128.03017, -0.66707], [128.02651, -0.66836], [128.02291, -0.67144], [128.01674, -0.67405], [128.01452, -0.67334], [128.01337, -0.67409], [128.01267, -0.67371], [128.01215, -0.67436], [128.01111, -0.67421], [128.01027, -0.6758], [128.00876, -0.67188], [128.0023, -0.66731], [128.00165, -0.66517], [128.00215, -0.66148], [128.00065, -0.65944], [127.9973, -0.65906], [127.99642, -0.65742], [127.9982, -0.65347], [127.99818, -0.65144], [127.99619, -0.65031], [127.99405, -0.64784], [127.99288, -0.64404], [127.9933, -0.63702], [127.99564, -0.62919], [127.99261, -0.62621], [127.99085, -0.62277], [127.98915, -0.6174], [127.98918, -0.61386], [127.98826, -0.61107], [127.98661, -0.60948], [127.98652, -0.6084], [127.98486, -0.60615], [127.98272, -0.60529], [127.98076, -0.60299], [127.98054, -0.60062], [127.97833, -0.59923], [127.97542, -0.59589], [127.97636, -0.59089], [127.97471, -0.5865], [127.97082, -0.58502], [127.97036, -0.58192], [127.96889, -0.57999], [127.96473, -0.57803], [127.96428, -0.57602], [127.95898, -0.5678], [127.95666, -0.56043], [127.95535, -0.55896], [127.95404, -0.55046], [127.95464, -0.54725], [127.9538, -0.54466], [127.95382, -0.54115], [127.95104, -0.5394], [127.9509, -0.53335], [127.94889, -0.53276], [127.94889, -0.53215], [127.9469, -0.53047], [127.94593, -0.52683], [127.94615, -0.5235], [127.94146, -0.51623], [127.94124, -0.51078], [127.93847, -0.50362], [127.93765, -0.50285], [127.93581, -0.50277], [127.93403, -0.5012], [127.93324, -0.49906], [127.93351, -0.49717], [127.93245, -0.49563], [127.93009, -0.49459], [127.9272, -0.4952], [127.92668, -0.49479], [127.92645, -0.49529], [127.92496, -0.49439], [127.92302, -0.49179], [127.92223, -0.4917], [127.92221, -0.49054], [127.92172, -0.49052], [127.92211, -0.48991], [127.9215, -0.48959], [127.92159, -0.48749], [127.91914, -0.4864], [127.91895, -0.48393], [127.91368, -0.48177], [127.91059, -0.47696], [127.9059, -0.47294], [127.90598, -0.4676], [127.9054, -0.46542], [127.90633, -0.46209], [127.90563, -0.46131], [127.90567, -0.4557], [127.90481, -0.45378], [127.90496, -0.44581], [127.90389, -0.44413], [127.90179, -0.4434], [127.89995, -0.44143], [127.89943, -0.44003], [127.90011, -0.43881], [127.89974, -0.43304], [127.89547, -0.42987], [127.89499, -0.42413], [127.8936, -0.42247], [127.88988, -0.42111], [127.88695, -0.41729], [127.88607, -0.41306], [127.88335, -0.40974], [127.88251, -0.40716], [127.88252, -0.40318], [127.88063, -0.3985], [127.88175, -0.39409], [127.88101, -0.38916], [127.87854, -0.38751], [127.8776, -0.38759], [127.87654, -0.3864], [127.87622, -0.38457], [127.87671, -0.38365], [127.87495, -0.38109], [127.87208, -0.37985], [127.86888, -0.3801], [127.86763, -0.37775], [127.86717, -0.37376], [127.86369, -0.36523], [127.8584, -0.3636], [127.85358, -0.36456], [127.85046, -0.36385], [127.84616, -0.36059], [127.84445, -0.35465], [127.83955, -0.35306], [127.83764, -0.3515], [127.83305, -0.35168], [127.82921, -0.34976]]], [[[127.77641, -0.35181], [127.77208, -0.35161], [127.77045, -0.34789], [127.77149, -0.34587], [127.77263, -0.34593], [127.77474, -0.34822], [127.77641, -0.35181]]]]}}, {"type": "Feature", "properties": {"domain_id": "820421", "name": "BACAN TIMUR SELATAN"}, "geometry": {"type": "Polygon", "coordinates": [[[127.77702, -0.77842], [127.78138, -0.77969], [127.78587, -0.77893], [127.79062, -0.78047], [127.79544, -0.78087], [127.80912, -0.78032], [127.81133, -0.78071], [127.81591, -0.78034], [127.81804, -0.77938], [127.82466, -0.77932], [127.82967, -0.77815], [127.8351, -0.77823], [127.84269, -0.77675], [127.84983, -0.77642], [127.85415, -0.77524], [127.85887, -0.77525], [127.87243, -0.77298], [127.87589, -0.7733], [127.88026, -0.77205], [127.88812, -0.77448], [127.89564, -0.77479], [127.90313, -0.77394], [127.90257, -0.77629], [127.90346, -0.77846], [127.90512, -0.77991], [127.90607, -0.78372], [127.90564, -0.78496], [127.90494, -0.78518], [127.90253, -0.78249], [127.90112, -0.78271], [127.89864, -0.78138], [127.89714, -0.78165], [127.89574, -0.78067], [127.89178, -0.78023], [127.88788, -0.77826], [127.88614, -0.77819], [127.88546, -0.77674], [127.8837, -0.77654], [127.88072, -0.7743], [127.88011, -0.77442], [127.87882, -0.77652], [127.88128, -0.78066], [127.88212, -0.78092], [127.8817, -0.78187], [127.88034, -0.78195], [127.88179, -0.78431], [127.88393, -0.78603], [127.88361, -0.78755], [127.88583, -0.78843], [127.88594, -0.78899], [127.88698, -0.78834], [127.88904, -0.78867], [127.88958, -0.78929], [127.88863, -0.78969], [127.88907, -0.79021], [127.89116, -0.79002], [127.89245, -0.79072], [127.89447, -0.78975], [127.89446, -0.79133], [127.89563, -0.79253], [127.89714, -0.79328], [127.89912, -0.79264], [127.8986, -0.79443], [127.89947, -0.79637], [127.89759, -0.79872], [127.89581, -0.79977], [127.89103, -0.80045], [127.88957, -0.7998], [127.88833, -0.80005], [127.88648, -0.79784], [127.88409, -0.79669], [127.88347, -0.79502], [127.88465, -0.79447], [127.88332, -0.79368], [127.87972, -0.79521], [127.87889, -0.79631], [127.87889, -0.79787], [127.87671, -0.80034], [127.87717, -0.80283], [127.87602, -0.80502], [127.87868, -0.80799], [127.88027, -0.81125], [127.87517, -0.81778], [127.87146, -0.82076], [127.87171, -0.82434], [127.87037, -0.82646], [127.86714, -0.82733], [127.86273, -0.82612], [127.86053, -0.82747], [127.85924, -0.82669], [127.85888, -0.82522], [127.85798, -0.82488], [127.85513, -0.82679], [127.8515, -0.82716], [127.85068, -0.82884], [127.85081, -0.8313], [127.84726, -0.83139], [127.84464, -0.83465], [127.84421, -0.83764], [127.84726, -0.84035], [127.84469, -0.84038], [127.843, -0.84302], [127.84106, -0.84426], [127.83571, -0.84442], [127.83362, -0.84383], [127.83215, -0.84443], [127.83071, -0.84607], [127.83154, -0.84786], [127.83079, -0.85101], [127.82851, -0.85259], [127.82767, -0.85408], [127.82621, -0.85444], [127.82398, -0.85333], [127.82216, -0.85355], [127.82002, -0.85199], [127.81853, -0.85167], [127.81642, -0.85309], [127.81176, -0.85461], [127.80909, -0.85655], [127.80626, -0.85575], [127.80142, -0.85613], [127.7994, -0.85738], [127.79625, -0.85793], [127.79165, -0.86225], [127.79144, -0.86421], [127.78978, -0.86438], [127.78671, -0.863], [127.7851, -0.8605], [127.78368, -0.85955], [127.78014, -0.85878], [127.77796, -0.86049], [127.77477, -0.86144], [127.77272, -0.86121], [127.77083, -0.86237], [127.77002, -0.86365], [127.77004, -0.86844], [127.7694, -0.86969], [127.76704, -0.86901], [127.76318, -0.86611], [127.75937, -0.86555], [127.75526, -0.86649], [127.75233, -0.86956], [127.74976, -0.86893], [127.74577, -0.86914], [127.74323, -0.8694], [127.74107, -0.8705], [127.73764, -0.86992], [127.73248, -0.87126], [127.72921, -0.86868], [127.72632, -0.86947], [127.72494, -0.86734], [127.72633, -0.86653], [127.72805, -0.86706], [127.72825, -0.86609], [127.73129, -0.86342], [127.73478, -0.86451], [127.73588, -0.8627], [127.73881, -0.8614], [127.73988, -0.86212], [127.7413, -0.86113], [127.74251, -0.86141], [127.74355, -0.86485], [127.74546, -0.86369], [127.74648, -0.8648], [127.74734, -0.86369], [127.74806, -0.86514], [127.74947, -0.86245], [127.75086, -0.86305], [127.75801, -0.86078], [127.76076, -0.86242], [127.7621, -0.8624], [127.76445, -0.86171], [127.7652, -0.86084], [127.76416, -0.86061], [127.76149, -0.86184], [127.75788, -0.86046], [127.75346, -0.86127], [127.75187, -0.86124], [127.75088, -0.8605], [127.74998, -0.86092], [127.74971, -0.85909], [127.74758, -0.85714], [127.74547, -0.85639], [127.74409, -0.85672], [127.74147, -0.85517], [127.7398, -0.85536], [127.73763, -0.85366], [127.73622, -0.85362], [127.73384, -0.8511], [127.72986, -0.84922], [127.72392, -0.85268], [127.71886, -0.85445], [127.71744, -0.85422], [127.7127, -0.85005], [127.70775, -0.84887], [127.70205, -0.84514], [127.69455, -0.84501], [127.69103, -0.84299], [127.68759, -0.84198], [127.68554, -0.83998], [127.68173, -0.83791], [127.68222, -0.83664], [127.68556, -0.83372], [127.68604, -0.83238], [127.68547, -0.82788], [127.68264, -0.82239], [127.6789, -0.81963], [127.67601, -0.81956], [127.66836, -0.82403], [127.66604, -0.82153], [127.6654, -0.81903], [127.66995, -0.81503], [127.67034, -0.814], [127.66494, -0.8157], [127.66243, -0.81574], [127.66064, -0.81483], [127.65821, -0.81169], [127.65765, -0.80774], [127.65919, -0.80647], [127.6594, -0.80807], [127.66037, -0.80816], [127.66239, -0.80614], [127.66131, -0.80558], [127.65947, -0.80578], [127.66085, -0.80419], [127.65836, -0.80053], [127.65945, -0.79613], [127.65702, -0.79347], [127.65593, -0.79362], [127.65515, -0.79155], [127.65639, -0.7903], [127.65941, -0.78991], [127.6592, -0.78735], [127.66447, -0.78074], [127.66431, -0.77703], [127.66482, -0.77561], [127.66248, -0.77248], [127.66138, -0.76978], [127.65961, -0.76827], [127.65562, -0.75876], [127.65434, -0.75721], [127.65408, -0.75443], [127.65461, -0.7538], [127.65377, -0.75329], [127.65412, -0.75224], [127.65156, -0.74812], [127.64974, -0.74858], [127.64843, -0.74687], [127.64753, -0.74729], [127.64492, -0.74643], [127.6412, -0.74367], [127.6362, -0.74169], [127.62958, -0.74085], [127.62449, -0.74395], [127.62353, -0.74553], [127.62324, -0.74788], [127.6199, -0.7529], [127.61892, -0.75327], [127.62095, -0.74975], [127.61982, -0.7494], [127.61807, -0.75368], [127.61559, -0.75394], [127.61451, -0.75634], [127.61444, -0.7581], [127.61235, -0.75911], [127.61148, -0.76069], [127.61255, -0.76124], [127.61596, -0.75663], [127.61603, -0.75561], [127.61668, -0.75587], [127.61621, -0.75543], [127.61682, -0.75545], [127.61678, -0.75467], [127.6177, -0.75463], [127.61769, -0.75536], [127.6186, -0.75349], [127.6195, -0.75321], [127.61485, -0.75971], [127.61262, -0.76173], [127.60836, -0.76382], [127.59871, -0.76649], [127.59383, -0.76849], [127.58827, -0.76812], [127.58085, -0.7695], [127.57186, -0.77001], [127.56612, -0.77289], [127.5622, -0.77642], [127.55986, -0.77709], [127.55637, -0.777], [127.55259, -0.77846], [127.55041, -0.78024], [127.54839, -0.78339], [127.54494, -0.78604], [127.54369, -0.78653], [127.53828, -0.78631], [127.53294, -0.78824], [127.52751, -0.79312], [127.52129, -0.79558], [127.5195, -0.79542], [127.51639, -0.79679], [127.5111, -0.79736], [127.50279, -0.8001], [127.50185, -0.79322], [127.50241, -0.79134], [127.50534, -0.78955], [127.50684, -0.78777], [127.50827, -0.78383], [127.50879, -0.77898], [127.50811, -0.77486], [127.51037, -0.76683], [127.51001, -0.75916], [127.50853, -0.75036], [127.50944, -0.74814], [127.51963, -0.74415], [127.52306, -0.7412], [127.5232, -0.73773], [127.52561, -0.73681], [127.5282, -0.73411], [127.53162, -0.73299], [127.53488, -0.73105], [127.53453, -0.72699], [127.53556, -0.7238], [127.53533, -0.71694], [127.53713, -0.7158], [127.53707, -0.71226], [127.53564, -0.70655], [127.54407, -0.70234], [127.55052, -0.69473], [127.55132, -0.69275], [127.55354, -0.69137], [127.55422, -0.68994], [127.5584, -0.68754], [127.5605, -0.68369], [127.57143, -0.67353], [127.57291, -0.671], [127.57491, -0.67026], [127.57641, -0.66788], [127.57738, -0.66875], [127.57706, -0.67257], [127.57407, -0.67605], [127.574, -0.67758], [127.57508, -0.67941], [127.58026, -0.68125], [127.58446, -0.68155], [127.58744, -0.6841], [127.59088, -0.68528], [127.59353, -0.68831], [127.59387, -0.6896], [127.5984, -0.69419], [127.59954, -0.69768], [127.60388, -0.69954], [127.60624, -0.70136], [127.60871, -0.70454], [127.61118, -0.70517], [127.61528, -0.7088], [127.6167, -0.70915], [127.61831, -0.71207], [127.62161, -0.71144], [127.63234, -0.70483], [127.63432, -0.70492], [127.6399, -0.70655], [127.64729, -0.70979], [127.64908, -0.71162], [127.65243, -0.71248], [127.65335, -0.71368], [127.65788, -0.71639], [127.66106, -0.71723], [127.67027, -0.72338], [127.6732, -0.72429], [127.67416, -0.72571], [127.67359, -0.73079], [127.67084, -0.73536], [127.66979, -0.74205], [127.66811, -0.74278], [127.67031, -0.74652], [127.67303, -0.74891], [127.67565, -0.75022], [127.6769, -0.75258], [127.6792, -0.75314], [127.68016, -0.75526], [127.68649, -0.7624], [127.68859, -0.76324], [127.68937, -0.76819], [127.69143, -0.77005], [127.69565, -0.77107], [127.7082, -0.77662], [127.72297, -0.7807], [127.73666, -0.78363], [127.74922, -0.78261], [127.76168, -0.77778], [127.7671, -0.77814], [127.76931, -0.77678], [127.77089, -0.77678], [127.77482, -0.77867], [127.77702, -0.77842]]]}}, {"type": "Feature", "properties": {"domain_id": "820418", "name": "KEPULAUAN BOTANGLOMANG"}, "geometry": {"type": "MultiPolygon", "coordinates": [[[[127.3953, -0.65522], [127.3917, -0.65491], [127.39034, -0.65532], [127.38978, -0.65659], [127.38469, -0.65615], [127.38327, -0.65684], [127.38302, -0.65754], [127.38503, -0.65959], [127.38566, -0.66225], [127.38215, -0.66565], [127.3777, -0.66744], [127.37652, -0.66677], [127.37613, -0.66549], [127.37687, -0.6644], [127.37765, -0.65962], [127.3788, -0.65844], [127.37644, -0.65258], [127.37361, -0.65113], [127.37263, -0.64892], [127.37137, -0.65047], [127.36855, -0.65047], [127.36854, -0.6514], [127.37006, -0.6528], [127.37149, -0.65248], [127.3744, -0.65523], [127.37492, -0.66104], [127.37351, -0.66394], [127.37051, -0.66213], [127.37057, -0.66122], [127.37233, -0.6596], [127.37033, -0.65732], [127.36959, -0.65765], [127.36956, -0.65944], [127.36795, -0.66066], [127.36833, -0.6643], [127.36701, -0.66504], [127.36502, -0.66427], [127.363, -0.66117], [127.36124, -0.6606], [127.35741, -0.66111], [127.35213, -0.65842], [127.34832, -0.65825], [127.34669, -0.65661], [127.34587, -0.65466], [127.34338, -0.65267], [127.34371, -0.65115], [127.34311, -0.65066], [127.34258, -0.64785], [127.34354, -0.64739], [127.34339, -0.64512], [127.34519, -0.64176], [127.34441, -0.63995], [127.34332, -0.64067], [127.34217, -0.64364], [127.34084, -0.64519], [127.33989, -0.64481], [127.3395, -0.64531], [127.33743, -0.64528], [127.33592, -0.64344], [127.33538, -0.64041], [127.33714, -0.63053], [127.33557, -0.62799], [127.3356, -0.62453], [127.33365, -0.61675], [127.3315, -0.6131], [127.33252, -0.61079], [127.33317, -0.61118], [127.33476, -0.61025], [127.33398, -0.60906], [127.33183, -0.6087], [127.33181, -0.60818], [127.33311, -0.60752], [127.33629, -0.60908], [127.33575, -0.61135], [127.33763, -0.61224], [127.34071, -0.61088], [127.34323, -0.61064], [127.34425, -0.6122], [127.34667, -0.61134], [127.34741, -0.6114], [127.3478, -0.61226], [127.34947, -0.61218], [127.35149, -0.61482], [127.35326, -0.61334], [127.35801, -0.61605], [127.36221, -0.61557], [127.36413, -0.61712], [127.36648, -0.61676], [127.36718, -0.61754], [127.36802, -0.61692], [127.36735, -0.61702], [127.36792, -0.61554], [127.37071, -0.61543], [127.37044, -0.61424], [127.3691, -0.61322], [127.36963, -0.61202], [127.37274, -0.61432], [127.37441, -0.61405], [127.37479, -0.61269], [127.37408, -0.61134], [127.37431, -0.60983], [127.37606, -0.60815], [127.38086, -0.60914], [127.38171, -0.61], [127.38312, -0.61009], [127.3861, -0.61168], [127.38623, -0.61295], [127.38931, -0.61727], [127.39102, -0.6173], [127.39225, -0.61919], [127.39474, -0.61993], [127.39598, -0.62125], [127.39723, -0.62089], [127.39819, -0.62203], [127.39962, -0.62243], [127.40063, -0.62483], [127.40192, -0.62444], [127.4012, -0.62676], [127.40184, -0.62744], [127.40172, -0.62864], [127.40468, -0.63074], [127.40653, -0.63437], [127.40749, -0.63486], [127.40756, -0.63616], [127.41041, -0.63637], [127.41089, -0.63721], [127.41416, -0.63587], [127.41488, -0.63723], [127.41468, -0.64084], [127.41562, -0.64348], [127.41427, -0.64513], [127.41379, -0.64865], [127.41206, -0.6508], [127.41226, -0.65165], [127.41383, -0.65277], [127.41459, -0.65573], [127.4116, -0.65914], [127.41149, -0.66005], [127.40117, -0.65559], [127.3953, -0.65522]]], [[[127.31803, -0.61895], [127.31871, -0.61893], [127.31922, -0.61977], [127.32089, -0.61925], [127.32595, -0.61999], [127.32601, -0.62061], [127.32733, -0.62019], [127.32856, -0.62182], [127.32809, -0.62368], [127.32852, -0.62583], [127.3279, -0.62636], [127.32881, -0.62616], [127.3304, -0.63103], [127.33005, -0.63702], [127.32863, -0.63769], [127.32735, -0.63701], [127.3265, -0.63484], [127.32517, -0.63442], [127.32466, -0.63498], [127.32498, -0.63755], [127.32281, -0.63656], [127.32215, -0.63728], [127.32376, -0.63898], [127.32525, -0.63891], [127.32702, -0.63981], [127.32852, -0.63908], [127.33043, -0.64581], [127.33382, -0.65424], [127.3338, -0.65597], [127.33305, -0.65731], [127.33172, -0.65763], [127.33038, -0.65688], [127.32854, -0.65216], [127.32296, -0.6484], [127.32235, -0.64631], [127.31555, -0.63718], [127.31306, -0.63077], [127.30883, -0.62525], [127.30882, -0.62394], [127.30957, -0.62404], [127.3095, -0.62327], [127.31142, -0.62057], [127.31403, -0.61884], [127.31494, -0.61932], [127.31686, -0.61845], [127.31803, -0.61895]]], [[[127.32384, -0.65586], [127.32438, -0.65771], [127.32369, -0.66008], [127.32258, -0.66135], [127.32097, -0.66174], [127.31511, -0.65658], [127.31239, -0.65518], [127.31265, -0.65424], [127.31316, -0.6548], [127.31268, -0.65324], [127.31, -0.64956], [127.30707, -0.64869], [127.30243, -0.64541], [127.3013, -0.64314], [127.30206, -0.6421], [127.30109, -0.6362], [127.30154, -0.63326], [127.30324, -0.63143], [127.30618, -0.63035], [127.30976, -0.63251], [127.31027, -0.63492], [127.31331, -0.63869], [127.31557, -0.64299], [127.31586, -0.64688], [127.32384, -0.65586]]], [[[127.38992, -0.59344], [127.39078, -0.59524], [127.39218, -0.59598], [127.39202, -0.59809], [127.39469, -0.60194], [127.39235, -0.60377], [127.38865, -0.60436], [127.38839, -0.60536], [127.38531, -0.6052], [127.38294, -0.60136], [127.3842, -0.60085], [127.38339, -0.5991], [127.38099, -0.59875], [127.38037, -0.59797], [127.38211, -0.59432], [127.38529, -0.59234], [127.38813, -0.59139], [127.38992, -0.59344]]], [[[127.33632, -0.60018], [127.33655, -0.60288], [127.33849, -0.6035], [127.33814, -0.60522], [127.33881, -0.60613], [127.33677, -0.60832], [127.33565, -0.60716], [127.33253, -0.60605], [127.33014, -0.60733], [127.33004, -0.60938], [127.3288, -0.61062], [127.32772, -0.61027], [127.32413, -0.60667], [127.3242, -0.60522], [127.32552, -0.60523], [127.32698, -0.6039], [127.32793, -0.60384], [127.33179, -0.59974], [127.33455, -0.59924], [127.33632, -0.60018]]], [[[127.30777, -0.65584], [127.30646, -0.65564], [127.30534, -0.65354], [127.30562, -0.65138], [127.30649, -0.65044], [127.30848, -0.65061], [127.31081, -0.65388], [127.31009, -0.65562], [127.30917, -0.65611], [127.30777, -0.65584]]], [[[127.31118, -0.66116], [127.31185, -0.66179], [127.31201, -0.66391], [127.31123, -0.66534], [127.30935, -0.66655], [127.30838, -0.66165], [127.30966, -0.66078], [127.31118, -0.66116]]], [[[127.3023, -0.65181], [127.30028, -0.64934], [127.30089, -0.6483], [127.30358, -0.64913], [127.30457, -0.65036], [127.30421, -0.65247], [127.3023, -0.65181]]], [[[127.33974, -0.65114], [127.33825, -0.64916], [127.33787, -0.64698], [127.33943, -0.647], [127.34069, -0.64846], [127.34084, -0.65057], [127.33974, -0.65114]]], [[[127.42119, -0.64508], [127.42124, -0.6423], [127.42247, -0.64161], [127.42359, -0.64302], [127.42322, -0.64555], [127.42202, -0.64617], [127.42119, -0.64508]]], [[[127.30009, -0.64663], [127.29863, -0.64497], [127.29938, -0.64305], [127.30017, -0.64334], [127.30149, -0.64601], [127.30131, -0.64679], [127.30009, -0.64663]]], [[[127.33252, -0.61033], [127.33114, -0.61231], [127.32894, -0.6106], [127.33051, -0.60893], [127.33252, -0.61033]]], [[[127.31333, -0.66869], [127.31272, -0.66878], [127.31254, -0.66805], [127.31302, -0.66614], [127.31357, -0.66595], [127.31471, -0.6673], [127.31408, -0.6686], [127.31333, -0.66869]]]]}}, {"type": "Feature", "properties": {"domain_id": "820428", "name": "OBI BARAT"}, "geometry": {"type": "MultiPolygon", "coordinates": [[[[127.35401, -1.4297], [127.35273, -1.43264], [127.35149, -1.43352], [127.34486, -1.43374], [127.34058, -1.43575], [127.33874, -1.43921], [127.33831, -1.4419], [127.33791, -1.44154], [127.33512, -1.44309], [127.33458, -1.4447], [127.33332, -1.4448], [127.33107, -1.44684], [127.3308, -1.4491], [127.32951, -1.45026], [127.33065, -1.45262], [127.33239, -1.45366], [127.32785, -1.45394], [127.327, -1.45493], [127.32596, -1.45442], [127.3248, -1.45018], [127.32483, -1.44611], [127.32422, -1.44518], [127.32122, -1.44429], [127.32058, -1.44356], [127.31823, -1.43746], [127.31531, -1.43591], [127.31113, -1.43507], [127.3067, -1.43487], [127.30355, -1.43571], [127.30002, -1.43375], [127.29883, -1.43366], [127.29774, -1.43446], [127.2937, -1.43268], [127.29368, -1.43161], [127.29444, -1.43086], [127.2931, -1.4266], [127.29209, -1.42615], [127.29084, -1.42375], [127.2883, -1.42152], [127.2861, -1.41829], [127.28323, -1.41777], [127.28312, -1.41644], [127.28152, -1.41471], [127.2844, -1.41242], [127.28456, -1.40881], [127.28542, -1.40691], [127.28705, -1.40742], [127.29006, -1.40714], [127.29358, -1.40467], [127.29877, -1.40463], [127.30052, -1.40296], [127.30137, -1.40084], [127.30719, -1.39662], [127.30963, -1.39636], [127.31036, -1.39701], [127.31457, -1.39709], [127.32029, -1.39283], [127.32052, -1.38918], [127.31505, -1.3798], [127.31567, -1.37849], [127.31877, -1.37673], [127.31843, -1.37359], [127.31967, -1.37068], [127.31967, -1.36861], [127.32076, -1.36662], [127.32224, -1.36585], [127.32679, -1.36517], [127.32762, -1.36589], [127.32753, -1.36847], [127.32498, -1.37062], [127.32569, -1.37256], [127.32719, -1.37319], [127.32723, -1.3743], [127.32767, -1.37367], [127.32807, -1.37419], [127.32794, -1.37565], [127.32705, -1.37626], [127.32676, -1.38116], [127.32763, -1.38174], [127.32958, -1.38013], [127.33034, -1.3802], [127.33105, -1.3822], [127.33414, -1.38432], [127.33477, -1.38828], [127.33632, -1.38885], [127.33857, -1.3884], [127.34023, -1.38641], [127.34137, -1.38684], [127.34173, -1.38395], [127.33999, -1.38353], [127.33917, -1.38063], [127.33751, -1.37886], [127.33828, -1.37512], [127.34044, -1.37471], [127.34168, -1.37297], [127.34166, -1.36992], [127.34077, -1.36842], [127.34259, -1.36448], [127.34713, -1.36508], [127.34967, -1.3699], [127.35151, -1.37068], [127.35173, -1.37212], [127.34981, -1.374], [127.34966, -1.37514], [127.34856, -1.37474], [127.34996, -1.37628], [127.34912, -1.37967], [127.34743, -1.38247], [127.34808, -1.38406], [127.34962, -1.38372], [127.35115, -1.38208], [127.35238, -1.37879], [127.3539, -1.37676], [127.3548, -1.37794], [127.35773, -1.37855], [127.3575, -1.37965], [127.35814, -1.38017], [127.35993, -1.37906], [127.36037, -1.37759], [127.35933, -1.37479], [127.35843, -1.37475], [127.3601, -1.37146], [127.35869, -1.37034], [127.35826, -1.36916], [127.36078, -1.36508], [127.36262, -1.36586], [127.36329, -1.36887], [127.36436, -1.37014], [127.36398, -1.37302], [127.36479, -1.37554], [127.36642, -1.37589], [127.3675, -1.37759], [127.36927, -1.37593], [127.37267, -1.37481], [127.37313, -1.37309], [127.37469, -1.37135], [127.37485, -1.3698], [127.37736, -1.36994], [127.38105, -1.36777], [127.38113, -1.36932], [127.38407, -1.37343], [127.3833, -1.37509], [127.38355, -1.37815], [127.38303, -1.37935], [127.38266, -1.3798], [127.37727, -1.37914], [127.3719, -1.38036], [127.37172, -1.38223], [127.37254, -1.38475], [127.37317, -1.38449], [127.37263, -1.38521], [127.37328, -1.38557], [127.37394, -1.38469], [127.37481, -1.38499], [127.3766, -1.38617], [127.37749, -1.38832], [127.38227, -1.38962], [127.38434, -1.38912], [127.3853, -1.3895], [127.38873, -1.38747], [127.39257, -1.388], [127.39308, -1.39026], [127.39223, -1.39312], [127.39926, -1.40109], [127.39913, -1.40537], [127.39548, -1.40623], [127.39402, -1.40777], [127.39331, -1.41057], [127.39432, -1.41222], [127.39166, -1.41436], [127.38743, -1.41577], [127.38603, -1.41803], [127.38275, -1.4204], [127.37704, -1.4228], [127.37512, -1.42557], [127.36589, -1.42552], [127.35643, -1.42819], [127.35401, -1.4297]]], [[[127.44096, -1.18373], [127.44357, -1.18564], [127.44415, -1.19175], [127.4437, -1.19233], [127.44367, -1.20327], [127.44183, -1.20932], [127.44009, -1.21306], [127.43607, -1.21703], [127.42949, -1.22065], [127.42739, -1.22115], [127.42556, -1.22074], [127.42106, -1.21698], [127.41795, -1.21295], [127.41553, -1.21182], [127.41301, -1.20791], [127.41155, -1.20293], [127.4087, -1.20152], [127.40726, -1.19923], [127.40781, -1.19784], [127.4096, -1.19679], [127.4079, -1.1932], [127.4092, -1.19006], [127.40855, -1.18787], [127.40899, -1.18511], [127.40736, -1.18097], [127.43984, -1.1824], [127.44096, -1.18373]]], [[[127.41355, -1.31384], [127.41759, -1.31576], [127.4225, -1.31586], [127.42676, -1.31691], [127.43444, -1.31674], [127.43467, -1.31722], [127.43444, -1.3181], [127.43158, -1.32044], [127.42173, -1.3315], [127.41742, -1.33252], [127.41276, -1.33195], [127.41218, -1.32968], [127.41049, -1.32846], [127.41384, -1.32815], [127.41663, -1.32938], [127.41868, -1.3284], [127.41923, -1.32671], [127.41781, -1.32363], [127.41431, -1.32792], [127.41282, -1.32763], [127.41479, -1.32377], [127.41454, -1.3225], [127.41233, -1.32301], [127.4096, -1.32236], [127.40926, -1.32114], [127.40794, -1.3214], [127.40841, -1.32444], [127.40672, -1.32476], [127.40606, -1.32377], [127.40679, -1.32567], [127.40914, -1.32468], [127.4091, -1.32559], [127.40765, -1.32659], [127.41006, -1.32805], [127.40999, -1.32907], [127.40903, -1.3294], [127.40367, -1.32815], [127.39364, -1.3273], [127.39373, -1.32616], [127.39932, -1.32567], [127.40169, -1.32399], [127.40423, -1.32519], [127.40583, -1.32479], [127.40125, -1.32136], [127.40022, -1.32118], [127.39335, -1.32391], [127.39301, -1.32469], [127.39354, -1.3261], [127.39299, -1.32747], [127.39008, -1.32692], [127.38563, -1.3278], [127.38167, -1.32406], [127.3768, -1.32094], [127.37581, -1.31851], [127.37657, -1.31722], [127.38018, -1.31513], [127.39023, -1.31232], [127.40186, -1.31281], [127.4084, -1.31203], [127.41219, -1.31278], [127.41355, -1.31384]]], [[[127.39334, -1.37558], [127.39414, -1.377], [127.39518, -1.37739], [127.39607, -1.37702], [127.39548, -1.37654], [127.39695, -1.37684], [127.39699, -1.37926], [127.39159, -1.38023], [127.39084, -1.37947], [127.39057, -1.37656], [127.39198, -1.37419], [127.39193, -1.37304], [127.39055, -1.37143], [127.39117, -1.37034], [127.39235, -1.37179], [127.39215, -1.37447], [127.39334, -1.37558]]], [[[127.38195, -1.33161], [127.38225, -1.33269], [127.3812, -1.33393], [127.37708, -1.33447], [127.37644, -1.33342], [127.37443, -1.33273], [127.37378, -1.33093], [127.37472, -1.33044], [127.38021, -1.33034], [127.38195, -1.33161]]], [[[127.28198, -1.42003], [127.28126, -1.42164], [127.27949, -1.42177], [127.27929, -1.42114], [127.28052, -1.41964], [127.2819, -1.41917], [127.28198, -1.42003]]]]}}, {"type": "Feature", "properties": {"domain_id": "820801", "name": "TALIABU BARAT"}, "geometry": {"type": "MultiPolygon", "coordinates": [[[[124.44204, -2.02519], [124.42559, -2.0257], [124.41735, -2.02237], [124.41384, -2.02379], [124.41052, -2.0262], [124.40508, -2.03132], [124.40456, -2.03322], [124.40309, -2.03243], [124.40248, -2.0309], [124.40098, -2.03059], [124.39938, -2.0292], [124.39732, -2.02914], [124.39595, -2.02804], [124.39551, -2.02709], [124.39679, -2.02246], [124.39597, -2.02135], [124.39529, -2.02176], [124.39275, -2.02019], [124.39218, -2.01876], [124.39558, -2.0084], [124.39589, -2.00315], [124.39682, -2.00098], [124.39714, -1.99528], [124.39782, -1.99372], [124.39721, -1.9879], [124.39473, -1.98164], [124.39542, -1.97719], [124.39428, -1.97556], [124.39291, -1.97037], [124.3917, -1.96794], [124.38973, -1.96662], [124.38843, -1.96316], [124.38637, -1.96194], [124.3826, -1.95626], [124.38285, -1.94954], [124.37887, -1.94228], [124.3713, -1.9388], [124.37013, -1.9376], [124.36998, -1.93532], [124.36848, -1.93263], [124.36722, -1.93283], [124.36507, -1.92996], [124.36105, -1.92896], [124.35897, -1.92732], [124.35376, -1.92058], [124.35049, -1.91442], [124.34766, -1.9124], [124.34864, -1.91083], [124.34818, -1.90969], [124.34465, -1.90721], [124.34384, -1.9074], [124.34403, -1.90681], [124.34276, -1.90512], [124.34244, -1.90145], [124.34097, -1.89951], [124.34162, -1.89881], [124.34135, -1.89691], [124.33729, -1.89044], [124.33716, -1.88676], [124.33851, -1.88189], [124.33897, -1.88133], [124.34127, -1.88286], [124.34382, -1.88343], [124.35028, -1.88061], [124.35195, -1.87844], [124.35511, -1.87651], [124.35533, -1.8747], [124.35796, -1.87325], [124.36462, -1.87238], [124.3678, -1.8732], [124.36922, -1.87112], [124.44381, -1.871], [124.49662, -1.82733], [124.517, -1.82537], [124.58526, -1.81508], [124.59943, -1.8108], [124.60338, -1.81522], [124.60326, -1.81709], [124.60438, -1.81947], [124.60453, -1.82193], [124.60237, -1.83228], [124.60237, -1.83607], [124.60029, -1.83972], [124.59954, -1.84292], [124.59456, -1.84605], [124.59387, -1.8506], [124.5921, -1.85205], [124.58752, -1.8534], [124.58682, -1.856], [124.58485, -1.85566], [124.58099, -1.8627], [124.58159, -1.86498], [124.58404, -1.86742], [124.58492, -1.86934], [124.58361, -1.87429], [124.58441, -1.88189], [124.58264, -1.88845], [124.58392, -1.8933], [124.5832, -1.89722], [124.58435, -1.90108], [124.58577, -1.90286], [124.58642, -1.905], [124.58649, -1.90743], [124.58841, -1.91458], [124.58734, -1.91921], [124.58392, -1.91842], [124.58256, -1.91907], [124.58171, -1.92085], [124.58278, -1.92335], [124.58492, -1.92585], [124.58513, -1.92763], [124.58399, -1.93134], [124.58406, -1.93327], [124.5852, -1.93598], [124.58376, -1.93962], [124.58486, -1.94197], [124.58293, -1.94525], [124.58175, -1.94602], [124.58187, -1.94884], [124.58502, -1.95354], [124.58473, -1.95702], [124.58562, -1.96353], [124.58717, -1.96541], [124.5886, -1.97546], [124.58982, -1.97704], [124.59271, -1.97874], [124.59366, -1.98179], [124.59527, -1.9849], [124.59628, -1.98565], [124.59649, -1.9909], [124.59549, -1.99316], [124.59742, -1.99554], [124.59766, -1.99715], [124.59042, -1.99927], [124.58016, -2.00332], [124.56869, -2.00432], [124.54818, -2.00919], [124.52386, -2.0181], [124.51482, -2.01365], [124.50855, -2.01332], [124.4968, -2.0156], [124.48894, -2.01979], [124.48449, -2.02122], [124.4844, -2.02329], [124.48093, -2.02496], [124.47949, -2.02144], [124.47176, -2.01758], [124.46321, -2.01849], [124.4541, -2.02206], [124.44969, -2.02498], [124.44542, -2.024], [124.44204, -2.02519]]], [[[124.3334, -1.96632], [124.33331, -1.96729], [124.33541, -1.96781], [124.33537, -1.96879], [124.3376, -1.96909], [124.33777, -1.96994], [124.33684, -1.96996], [124.33548, -1.97207], [124.33654, -1.97294], [124.33668, -1.97403], [124.33866, -1.97507], [124.34268, -1.97326], [124.3428, -1.97113], [124.34425, -1.97031], [124.34246, -1.97001], [124.3429, -1.96872], [124.34524, -1.96849], [124.34631, -1.96908], [124.34862, -1.9685], [124.34946, -1.96898], [124.35071, -1.9684], [124.35173, -1.96855], [124.35222, -1.96967], [124.35557, -1.9726], [124.35769, -1.97192], [124.36026, -1.97003], [124.36179, -1.97101], [124.36633, -1.97023], [124.36686, -1.97214], [124.37057, -1.97688], [124.36917, -1.97952], [124.37098, -1.98252], [124.37008, -1.98519], [124.37117, -1.98647], [124.3741, -1.9874], [124.37539, -1.99006], [124.37239, -1.99425], [124.37208, -1.99736], [124.36937, -1.99902], [124.36991, -2.00175], [124.36786, -2.00421], [124.36776, -2.00682], [124.37007, -2.00915], [124.36944, -2.01296], [124.36739, -2.01382], [124.36586, -2.01568], [124.36527, -2.01546], [124.36537, -2.01674], [124.36453, -2.01717], [124.36559, -2.01823], [124.36545, -2.01891], [124.36614, -2.01876], [124.36568, -2.0193], [124.36787, -2.0207], [124.36755, -2.02131], [124.36826, -2.02263], [124.36605, -2.025], [124.36649, -2.02514], [124.36543, -2.02563], [124.36717, -2.02572], [124.36786, -2.02638], [124.37, -2.03103], [124.36839, -2.03184], [124.36534, -2.02782], [124.36542, -2.02717], [124.3649, -2.02718], [124.36412, -2.03051], [124.36468, -2.03246], [124.3632, -2.03293], [124.36246, -2.03642], [124.36427, -2.03733], [124.36459, -2.03831], [124.36679, -2.03915], [124.36724, -2.04002], [124.36872, -2.039], [124.36895, -2.037], [124.37331, -2.03896], [124.37027, -2.04054], [124.36679, -2.04102], [124.36363, -2.04278], [124.36336, -2.0438], [124.36066, -2.0431], [124.35879, -2.04144], [124.35266, -2.02938], [124.34735, -2.02494], [124.33489, -2.0208], [124.33387, -2.01957], [124.33417, -2.01827], [124.33365, -2.01756], [124.3286, -2.01512], [124.32132, -2.01363], [124.31716, -2.0156], [124.31798, -2.0139], [124.31679, -2.01307], [124.31576, -2.01335], [124.31578, -2.01286], [124.31697, -2.01171], [124.32084, -2.0104], [124.31977, -2.00936], [124.31668, -2.01011], [124.31527, -2.01145], [124.31386, -2.0108], [124.31496, -2.00933], [124.31444, -2.00768], [124.31594, -2.00516], [124.31633, -2.00578], [124.31717, -2.00519], [124.31919, -2.00146], [124.31892, -2.00034], [124.3166, -2.00063], [124.31612, -1.99957], [124.31526, -1.99974], [124.31545, -1.99764], [124.31106, -1.99901], [124.30978, -1.99888], [124.30992, -2.00048], [124.30906, -2.00104], [124.31047, -2.00537], [124.30892, -2.01028], [124.30837, -2.01058], [124.30877, -2.01006], [124.30835, -2.00954], [124.3072, -2.0097], [124.30646, -2.00792], [124.30506, -2.00794], [124.30542, -2.00535], [124.30415, -2.00335], [124.30488, -2.00062], [124.30598, -2.00007], [124.30537, -1.99934], [124.30439, -1.99989], [124.30396, -1.99707], [124.30512, -1.99439], [124.3056, -1.99057], [124.30723, -1.98949], [124.30859, -1.98689], [124.30891, -1.98786], [124.3098, -1.98811], [124.31179, -1.98682], [124.31216, -1.98762], [124.31114, -1.98911], [124.31189, -1.98902], [124.3123, -1.98991], [124.31221, -1.99306], [124.31288, -1.99083], [124.31553, -1.98854], [124.3159, -1.9873], [124.31476, -1.98249], [124.3126, -1.98232], [124.31147, -1.98084], [124.30781, -1.98077], [124.30785, -1.98017], [124.31138, -1.97876], [124.31136, -1.97672], [124.31044, -1.9757], [124.31177, -1.97529], [124.31395, -1.97305], [124.31657, -1.97237], [124.3167, -1.97155], [124.31748, -1.97244], [124.31931, -1.97239], [124.32144, -1.97087], [124.32262, -1.96904], [124.32384, -1.97003], [124.32567, -1.96949], [124.32557, -1.96893], [124.3266, -1.96828], [124.32756, -1.96874], [124.32888, -1.96834], [124.33234, -1.96582], [124.33346, -1.96554], [124.3334, -1.96632]]], [[[124.39281, -2.03264], [124.39588, -2.03535], [124.39766, -2.03601], [124.40275, -2.04135], [124.40472, -2.04283], [124.40517, -2.04232], [124.40488, -2.04658], [124.4056, -2.04691], [124.40404, -2.0523], [124.40314, -2.05336], [124.40299, -2.05574], [124.40177, -2.05746], [124.40056, -2.05693], [124.39942, -2.05851], [124.39674, -2.05857], [124.39535, -2.05744], [124.39672, -2.0568], [124.39725, -2.05504], [124.3966, -2.05622], [124.39561, -2.05656], [124.39467, -2.05446], [124.39312, -2.05324], [124.39103, -2.05335], [124.39002, -2.05442], [124.3887, -2.0569], [124.38863, -2.06122], [124.38926, -2.06179], [124.39021, -2.06133], [124.39036, -2.05864], [124.39104, -2.05834], [124.39137, -2.05943], [124.39416, -2.06134], [124.3946, -2.0634], [124.3938, -2.06456], [124.39305, -2.06455], [124.39361, -2.06583], [124.39305, -2.06704], [124.38952, -2.0704], [124.3889, -2.07305], [124.38778, -2.07342], [124.38684, -2.07238], [124.38612, -2.06855], [124.3856, -2.06875], [124.38307, -2.0659], [124.37979, -2.06389], [124.37467, -2.05935], [124.37315, -2.05439], [124.37415, -2.04944], [124.37346, -2.04731], [124.37711, -2.04139], [124.37899, -2.03693], [124.38216, -2.03683], [124.38236, -2.03926], [124.38183, -2.03887], [124.38238, -2.03961], [124.38135, -2.04007], [124.38059, -2.04209], [124.3804, -2.04224], [124.37985, -2.04229], [124.37937, -2.04253], [124.38058, -2.04268], [124.38154, -2.04172], [124.38148, -2.04239], [124.38432, -2.04077], [124.38542, -2.03908], [124.38594, -2.03926], [124.38518, -2.03609], [124.38349, -2.03771], [124.38534, -2.03493], [124.39031, -2.03273], [124.39281, -2.03264]]], [[[124.2928, -1.7448], [124.29155, -1.7447], [124.2908, -1.74613], [124.29012, -1.74835], [124.29052, -1.75053], [124.28864, -1.75027], [124.28807, -1.75128], [124.28896, -1.75134], [124.28967, -1.75363], [124.29278, -1.7531], [124.29444, -1.75447], [124.29721, -1.75491], [124.30124, -1.75937], [124.30338, -1.76054], [124.30353, -1.76231], [124.30231, -1.76411], [124.30206, -1.76702], [124.30695, -1.7688], [124.30777, -1.77223], [124.31003, -1.7733], [124.31061, -1.77543], [124.31284, -1.77783], [124.31413, -1.78372], [124.3124, -1.78496], [124.30986, -1.78579], [124.30763, -1.7852], [124.30589, -1.7842], [124.30439, -1.77988], [124.30293, -1.77955], [124.29944, -1.78028], [124.29719, -1.77726], [124.29573, -1.77717], [124.29571, -1.77788], [124.29474, -1.77735], [124.28993, -1.7727], [124.2875, -1.76656], [124.28519, -1.76348], [124.28353, -1.75903], [124.2832, -1.75467], [124.285, -1.75122], [124.28902, -1.74816], [124.29035, -1.74534], [124.29337, -1.74296], [124.29366, -1.74352], [124.2928, -1.7448]]], [[[124.3174, -1.71899], [124.31954, -1.72274], [124.31827, -1.72708], [124.31954, -1.73071], [124.31845, -1.73201], [124.31883, -1.73301], [124.31835, -1.73336], [124.31663, -1.7314], [124.3166, -1.73006], [124.31484, -1.7296], [124.31485, -1.72845], [124.31594, -1.72778], [124.31435, -1.72794], [124.31336, -1.72711], [124.31437, -1.72432], [124.31301, -1.72671], [124.3129, -1.72929], [124.31537, -1.73168], [124.31459, -1.73277], [124.31402, -1.73108], [124.31374, -1.73141], [124.31503, -1.735], [124.31476, -1.73546], [124.31461, -1.7348], [124.31428, -1.73506], [124.31528, -1.73678], [124.31405, -1.73594], [124.31243, -1.73023], [124.31146, -1.72335], [124.31166, -1.72054], [124.31329, -1.71876], [124.31611, -1.71822], [124.3174, -1.71899]]], [[[124.31616, -1.78916], [124.31586, -1.79231], [124.31368, -1.79289], [124.31489, -1.79382], [124.31387, -1.79402], [124.31288, -1.79582], [124.30989, -1.79762], [124.30826, -1.80069], [124.30654, -1.80112], [124.30522, -1.79998], [124.30452, -1.7984], [124.30479, -1.79675], [124.30587, -1.79573], [124.3076, -1.79644], [124.30975, -1.79589], [124.31104, -1.79362], [124.31029, -1.7923], [124.31076, -1.78744], [124.31153, -1.78583], [124.31321, -1.78509], [124.31455, -1.78534], [124.31616, -1.78916]]], [[[124.33539, -1.89642], [124.33967, -1.90136], [124.33851, -1.90136], [124.33748, -1.90044], [124.33666, -1.90099], [124.33735, -1.90219], [124.33706, -1.90383], [124.33364, -1.9012], [124.3316, -1.89773], [124.3319, -1.89578], [124.33299, -1.89589], [124.33422, -1.89503], [124.33539, -1.89642]]], [[[124.31843, -1.73872], [124.31821, -1.73941], [124.31829, -1.73822], [124.3178, -1.73977], [124.31694, -1.7402], [124.31597, -1.73876], [124.31796, -1.73681], [124.31906, -1.73806], [124.31843, -1.73872]]], [[[124.34115, -1.90613], [124.34168, -1.90587], [124.34327, -1.90794], [124.34302, -1.90877], [124.34227, -1.90874], [124.34004, -1.9067], [124.33973, -1.9053], [124.34115, -1.90613]]], [[[124.31932, -1.73919], [124.3206, -1.74111], [124.31956, -1.74297], [124.31972, -1.74243], [124.31846, -1.74179], [124.31912, -1.73995], [124.3186, -1.73888], [124.31932, -1.73919]]]]}}, {"type": "Feature", "properties": {"domain_id": "820503", "name": "SULABESI BARAT"}, "geometry": {"type": "Polygon", "coordinates": [[[125.95582, -2.24073], [125.95766, -2.24287], [125.9598, -2.24697], [125.96267, -2.24961], [125.96468, -2.25257], [125.96671, -2.25405], [125.96706, -2.25709], [125.96961, -2.26034], [125.96645, -2.26144], [125.96287, -2.26143], [125.96087, -2.263], [125.95809, -2.26357], [125.95673, -2.26471], [125.95252, -2.26614], [125.94788, -2.26635], [125.94445, -2.26899], [125.93806, -2.27035], [125.93687, -2.27211], [125.93354, -2.27281], [125.93229, -2.27428], [125.92881, -2.27444], [125.9266, -2.27521], [125.92398, -2.27156], [125.92335, -2.26855], [125.92236, -2.26699], [125.91899, -2.2649], [125.91555, -2.26045], [125.90555, -2.24284], [125.9004, -2.23902], [125.89215, -2.22873], [125.88827, -2.22491], [125.88498, -2.21858], [125.88354, -2.21717], [125.88067, -2.21218], [125.87917, -2.20577], [125.88015, -2.20002], [125.87941, -2.19694], [125.87989, -2.19337], [125.88173, -2.18993], [125.88335, -2.18855], [125.8836, -2.18528], [125.88737, -2.17832], [125.88747, -2.17471], [125.88632, -2.17169], [125.88666, -2.16947], [125.88534, -2.16428], [125.88175, -2.15685], [125.8808, -2.15137], [125.88145, -2.14801], [125.88099, -2.14142], [125.87948, -2.13612], [125.8765, -2.13056], [125.87619, -2.12831], [125.87464, -2.1261], [125.87447, -2.12373], [125.87085, -2.11672], [125.86804, -2.11274], [125.86787, -2.11066], [125.8662, -2.10833], [125.86275, -2.10541], [125.86118, -2.10286], [125.86005, -2.09917], [125.86004, -2.09596], [125.85689, -2.09385], [125.8558, -2.0918], [125.8567, -2.09063], [125.85647, -2.0843], [125.85772, -2.08186], [125.85723, -2.08001], [125.85847, -2.06981], [125.85792, -2.06348], [125.85831, -2.06028], [125.86202, -2.05027], [125.86831, -2.05119], [125.8702, -2.05064], [125.87087, -2.05159], [125.87229, -2.05197], [125.87782, -2.05226], [125.88134, -2.05492], [125.88381, -2.05521], [125.88895, -2.05397], [125.89276, -2.05473], [125.89504, -2.05588], [125.89761, -2.05835], [125.89961, -2.05911], [125.90266, -2.05768], [125.90387, -2.05642], [125.91618, -2.05822], [125.91542, -2.06801], [125.91652, -2.07367], [125.91465, -2.07531], [125.91332, -2.09027], [125.91243, -2.09332], [125.91257, -2.09627], [125.9139, -2.0997], [125.91243, -2.10022], [125.91197, -2.10533], [125.91435, -2.1058], [125.91586, -2.10849], [125.91704, -2.11869], [125.91683, -2.12848], [125.91742, -2.13068], [125.91714, -2.13434], [125.91776, -2.13942], [125.91578, -2.14366], [125.91593, -2.14982], [125.91507, -2.15201], [125.91531, -2.15891], [125.91631, -2.16134], [125.91773, -2.16201], [125.91959, -2.16771], [125.9205, -2.16862], [125.92071, -2.17087], [125.92643, -2.18493], [125.92935, -2.19504], [125.93036, -2.19641], [125.93286, -2.19748], [125.93286, -2.19903], [125.93095, -2.20105], [125.93363, -2.2048], [125.93464, -2.20754], [125.9395, -2.21239], [125.93988, -2.2142], [125.93898, -2.21705], [125.93928, -2.21854], [125.94477, -2.222], [125.94917, -2.23138], [125.95261, -2.23395], [125.95287, -2.23684], [125.95582, -2.24073]]]}}, {"type": "Feature", "properties": {"domain_id": "820805", "name": "TALIABU TIMUR"}, "geometry": {"type": "MultiPolygon", "coordinates": [[[[125.31416, -1.82601], [125.2976, -1.82722], [125.25755, -1.8265], [125.18977, -1.82235], [125.1446, -1.82402], [125.07768, -1.81231], [125.01995, -1.80522], [125.02, -1.80394], [125.01601, -1.80083], [125.01534, -1.79881], [125.01368, -1.79784], [125.01257, -1.79802], [125.01077, -1.79966], [125.00743, -1.80049], [125.00403, -1.79933], [125.00326, -1.79745], [125.00212, -1.79672], [125.00037, -1.79769], [124.9974, -1.80081], [124.9928, -1.79706], [124.98945, -1.79613], [124.98699, -1.79745], [124.98463, -1.80006], [124.98106, -1.80124], [124.97808, -1.80139], [124.97401, -1.80269], [124.97045, -1.80271], [124.96406, -1.80465], [124.96234, -1.80394], [124.95454, -1.80682], [124.95046, -1.80704], [124.9466, -1.80695], [124.94467, -1.8062], [124.94394, -1.80447], [124.94265, -1.8042], [124.94139, -1.8027], [124.93996, -1.80293], [124.93845, -1.80499], [124.93699, -1.80522], [124.93491, -1.80479], [124.93344, -1.80229], [124.93263, -1.80195], [124.93073, -1.80207], [124.92927, -1.80338], [124.92789, -1.80371], [124.92635, -1.80094], [124.92394, -1.80107], [124.92328, -1.80038], [124.92557, -1.79905], [124.9302, -1.79257], [124.9387, -1.78427], [124.93879, -1.78206], [124.93759, -1.77728], [124.93895, -1.76982], [124.93932, -1.76167], [124.94332, -1.75852], [124.94564, -1.75559], [124.95605, -1.73902], [124.95571, -1.71041], [124.95659, -1.70485], [124.95921, -1.69791], [124.96074, -1.69863], [124.96137, -1.69993], [124.96397, -1.70086], [124.96268, -1.70277], [124.96453, -1.7054], [124.96468, -1.7074], [124.96324, -1.70798], [124.96152, -1.70642], [124.9597, -1.70617], [124.96135, -1.70782], [124.96081, -1.7099], [124.96211, -1.71007], [124.96349, -1.70924], [124.9636, -1.71005], [124.96552, -1.7094], [124.96644, -1.71082], [124.96714, -1.70947], [124.96632, -1.70567], [124.96758, -1.70351], [124.97196, -1.70563], [124.97175, -1.70758], [124.97277, -1.70676], [124.9729, -1.70529], [124.97398, -1.7047], [124.97588, -1.70564], [124.97602, -1.70683], [124.9774, -1.70786], [124.97916, -1.70405], [124.98026, -1.70481], [124.98002, -1.70564], [124.98095, -1.70696], [124.98246, -1.70792], [124.98328, -1.70989], [124.98255, -1.71093], [124.97996, -1.71016], [124.97949, -1.71083], [124.9784, -1.71082], [124.97757, -1.70892], [124.97673, -1.71131], [124.97682, -1.71586], [124.97929, -1.71743], [124.98144, -1.71462], [124.98724, -1.7143], [124.98714, -1.71521], [124.98785, -1.71444], [124.98915, -1.71599], [124.99325, -1.71332], [124.99601, -1.71428], [124.99798, -1.71414], [125.00041, -1.71584], [125.0012, -1.71533], [125.00108, -1.72005], [124.99593, -1.72439], [124.99847, -1.72433], [124.9995, -1.72683], [125.00063, -1.72671], [125.00084, -1.72766], [125.00157, -1.72771], [125.00249, -1.72638], [125.00452, -1.72732], [125.00529, -1.72699], [125.00508, -1.72615], [125.00634, -1.72643], [125.00765, -1.72264], [125.00837, -1.72349], [125.00929, -1.72278], [125.00965, -1.725], [125.01147, -1.72687], [125.01102, -1.72362], [125.0114, -1.72301], [125.0121, -1.72349], [125.01192, -1.72283], [125.01293, -1.7222], [125.01298, -1.72044], [125.0144, -1.71933], [125.01679, -1.72097], [125.01871, -1.71908], [125.02019, -1.71972], [125.01832, -1.72499], [125.01882, -1.7257], [125.02172, -1.72557], [125.02386, -1.7234], [125.02449, -1.72387], [125.02475, -1.72307], [125.02637, -1.72354], [125.02672, -1.72432], [125.02589, -1.72647], [125.02386, -1.72815], [125.02297, -1.73103], [125.02028, -1.73495], [125.02139, -1.73546], [125.02158, -1.73754], [125.01993, -1.73896], [125.01849, -1.73899], [125.01857, -1.74028], [125.01801, -1.74018], [125.01504, -1.74325], [125.01367, -1.74655], [125.01433, -1.75062], [125.01654, -1.75579], [125.01919, -1.75869], [125.02296, -1.76111], [125.02514, -1.76103], [125.02694, -1.7589], [125.02958, -1.75861], [125.03128, -1.75746], [125.03257, -1.75757], [125.03684, -1.75191], [125.0362, -1.75535], [125.03672, -1.75876], [125.04055, -1.76108], [125.0412, -1.76215], [125.0401, -1.7641], [125.04049, -1.76554], [125.04202, -1.76697], [125.04498, -1.76766], [125.04508, -1.76858], [125.04404, -1.76954], [125.04515, -1.77126], [125.04736, -1.77166], [125.05018, -1.77014], [125.05024, -1.76929], [125.05232, -1.76957], [125.05623, -1.76849], [125.05864, -1.76639], [125.05924, -1.76512], [125.0587, -1.76326], [125.05989, -1.76214], [125.05846, -1.75798], [125.05856, -1.75713], [125.06012, -1.75738], [125.06017, -1.75672], [125.0592, -1.75393], [125.05811, -1.75293], [125.05726, -1.74968], [125.05865, -1.74559], [125.0606, -1.7448], [125.06225, -1.74716], [125.0622, -1.74873], [125.06318, -1.75098], [125.0643, -1.75144], [125.06622, -1.75089], [125.06773, -1.7535], [125.06769, -1.75533], [125.0663, -1.75673], [125.06747, -1.75723], [125.06727, -1.75904], [125.06814, -1.7594], [125.06715, -1.76005], [125.06818, -1.76122], [125.06801, -1.76005], [125.06869, -1.76172], [125.06862, -1.76318], [125.06834, -1.76182], [125.06792, -1.76219], [125.06835, -1.76447], [125.06765, -1.77138], [125.06849, -1.77306], [125.07089, -1.77369], [125.07244, -1.77257], [125.0758, -1.76704], [125.07613, -1.76767], [125.07727, -1.76705], [125.07749, -1.76583], [125.08012, -1.7661], [125.08091, -1.76554], [125.08073, -1.76432], [125.07836, -1.7641], [125.07751, -1.76295], [125.07797, -1.76087], [125.07911, -1.7599], [125.08628, -1.76016], [125.08886, -1.75886], [125.08934, -1.75797], [125.09074, -1.75838], [125.09155, -1.75779], [125.09345, -1.75887], [125.0938, -1.7604], [125.09579, -1.76126], [125.09845, -1.75794], [125.10079, -1.75858], [125.10154, -1.76049], [125.10329, -1.76089], [125.10342, -1.7591], [125.10458, -1.75828], [125.10408, -1.75762], [125.10524, -1.75741], [125.10523, -1.75588], [125.10394, -1.75363], [125.10761, -1.7538], [125.10933, -1.75047], [125.10974, -1.74782], [125.11184, -1.74536], [125.10955, -1.74635], [125.10796, -1.74798], [125.10657, -1.74778], [125.10652, -1.74698], [125.10502, -1.74773], [125.10543, -1.74981], [125.10491, -1.75088], [125.09976, -1.75206], [125.09763, -1.7515], [125.09635, -1.75029], [125.09668, -1.74942], [125.09887, -1.7483], [125.0989, -1.7475], [125.09475, -1.74891], [125.09316, -1.74875], [125.09164, -1.74747], [125.09065, -1.74518], [125.08856, -1.7463], [125.0881, -1.74509], [125.08985, -1.74254], [125.0918, -1.74165], [125.09438, -1.74194], [125.0969, -1.74483], [125.09791, -1.74416], [125.0989, -1.74466], [125.10004, -1.74351], [125.10381, -1.74342], [125.10534, -1.74215], [125.10631, -1.73813], [125.10513, -1.73692], [125.10995, -1.73378], [125.11125, -1.73369], [125.11473, -1.73023], [125.11357, -1.72951], [125.11143, -1.731], [125.10942, -1.73098], [125.10789, -1.73031], [125.10737, -1.72865], [125.1067, -1.72844], [125.10598, -1.72889], [125.10524, -1.73115], [125.10272, -1.73179], [125.10192, -1.73105], [125.10251, -1.72644], [125.10622, -1.72375], [125.1066, -1.72108], [125.10848, -1.71726], [125.10864, -1.70993], [125.10697, -1.70837], [125.10658, -1.7057], [125.10743, -1.7024], [125.10707, -1.69818], [125.10814, -1.69549], [125.10793, -1.69188], [125.10948, -1.69049], [125.11364, -1.6894], [125.11509, -1.68807], [125.11968, -1.68717], [125.1259, -1.68495], [125.12678, -1.68378], [125.12817, -1.68352], [125.137, -1.6869], [125.13778, -1.68787], [125.13852, -1.69113], [125.14158, -1.69231], [125.14371, -1.6999], [125.14131, -1.70142], [125.13933, -1.70747], [125.14012, -1.70869], [125.14223, -1.70958], [125.14485, -1.70915], [125.14578, -1.70813], [125.14745, -1.70881], [125.14798, -1.71019], [125.14798, -1.7158], [125.14902, -1.71626], [125.15004, -1.71486], [125.15093, -1.71061], [125.15087, -1.70754], [125.15492, -1.70585], [125.15691, -1.70358], [125.15977, -1.70239], [125.16014, -1.70092], [125.16177, -1.7003], [125.16356, -1.69717], [125.1647, -1.69678], [125.16928, -1.69856], [125.17017, -1.70094], [125.17221, -1.70075], [125.17487, -1.69894], [125.17759, -1.70013], [125.18059, -1.70274], [125.18407, -1.70332], [125.18435, -1.7043], [125.18262, -1.70813], [125.18265, -1.70989], [125.18073, -1.71407], [125.1811, -1.71545], [125.18324, -1.71682], [125.18726, -1.71481], [125.18865, -1.71281], [125.19177, -1.71178], [125.19488, -1.7142], [125.19819, -1.7211], [125.20096, -1.72218], [125.20301, -1.72408], [125.20502, -1.72845], [125.20077, -1.7314], [125.19783, -1.73574], [125.19883, -1.73902], [125.19734, -1.74151], [125.19701, -1.74354], [125.19509, -1.74499], [125.19235, -1.74454], [125.19128, -1.74555], [125.1913, -1.74613], [125.19364, -1.74678], [125.1933, -1.74995], [125.19257, -1.7502], [125.19297, -1.75082], [125.19171, -1.75134], [125.19341, -1.75191], [125.19433, -1.75338], [125.19362, -1.75404], [125.1939, -1.75571], [125.19341, -1.75617], [125.19389, -1.75687], [125.19238, -1.75918], [125.19183, -1.76181], [125.19028, -1.76384], [125.19003, -1.76754], [125.18674, -1.76907], [125.18688, -1.7724], [125.18555, -1.77643], [125.18086, -1.77831], [125.18096, -1.77958], [125.1803, -1.78009], [125.18123, -1.78314], [125.18344, -1.78554], [125.18991, -1.78936], [125.19694, -1.79222], [125.20173, -1.7924], [125.20861, -1.79367], [125.21284, -1.79296], [125.21348, -1.79199], [125.21365, -1.78855], [125.2156, -1.78718], [125.21594, -1.78554], [125.2151, -1.78274], [125.21663, -1.78068], [125.21705, -1.77868], [125.21922, -1.77809], [125.22093, -1.78038], [125.22219, -1.77993], [125.22185, -1.77876], [125.22319, -1.77409], [125.22311, -1.77181], [125.22534, -1.76738], [125.22866, -1.76387], [125.22963, -1.762], [125.2289, -1.75929], [125.22765, -1.75779], [125.22651, -1.7518], [125.2238, -1.74895], [125.22191, -1.74527], [125.22141, -1.74002], [125.22185, -1.7377], [125.22334, -1.73556], [125.22491, -1.73636], [125.22734, -1.74004], [125.22863, -1.74042], [125.23188, -1.73972], [125.2327, -1.73895], [125.23462, -1.73106], [125.23656, -1.72857], [125.24178, -1.72495], [125.24734, -1.72452], [125.25022, -1.72336], [125.25698, -1.72352], [125.26051, -1.72477], [125.26242, -1.72614], [125.27233, -1.72647], [125.27493, -1.72764], [125.27728, -1.72779], [125.29346, -1.73234], [125.29362, -1.73326], [125.29629, -1.73537], [125.29787, -1.74057], [125.29773, -1.74447], [125.29681, -1.74738], [125.29498, -1.74933], [125.29486, -1.75083], [125.29617, -1.7533], [125.29595, -1.75601], [125.29666, -1.75957], [125.29491, -1.76863], [125.29347, -1.77032], [125.29047, -1.77217], [125.2894, -1.77385], [125.28437, -1.77604], [125.28284, -1.77841], [125.28045, -1.77993], [125.27165, -1.78383], [125.27051, -1.78325], [125.26961, -1.78372], [125.2698, -1.79091], [125.27328, -1.79633], [125.27522, -1.79708], [125.27675, -1.79551], [125.27997, -1.7946], [125.28057, -1.79267], [125.28303, -1.79183], [125.2865, -1.78648], [125.29158, -1.7832], [125.29364, -1.78086], [125.29525, -1.77972], [125.29834, -1.77959], [125.29975, -1.7783], [125.3054, -1.77822], [125.30616, -1.77896], [125.31016, -1.7786], [125.31283, -1.77913], [125.31412, -1.78055], [125.31787, -1.78148], [125.31989, -1.78267], [125.32105, -1.78398], [125.32155, -1.78694], [125.3227, -1.78863], [125.32263, -1.79201], [125.32394, -1.79705], [125.32148, -1.80382], [125.31717, -1.81021], [125.31758, -1.81245], [125.31645, -1.81643], [125.31709, -1.81758], [125.3168, -1.81974], [125.31537, -1.82403], [125.31409, -1.82484], [125.31416, -1.82601]]], [[[125.00052, -1.6602], [125.00353, -1.6595], [125.00696, -1.65967], [125.01193, -1.66164], [125.01835, -1.66277], [125.02257, -1.66502], [125.02176, -1.66568], [125.00786, -1.66724], [124.99955, -1.67019], [124.9981, -1.66767], [124.99168, -1.6632], [124.99125, -1.66], [124.99243, -1.65753], [124.99432, -1.65685], [124.99666, -1.65737], [124.99919, -1.65991], [125.00052, -1.6602]]], [[[124.96243, -1.69482], [124.96294, -1.69463], [124.96462, -1.69605], [124.96673, -1.69624], [124.96772, -1.69727], [124.96773, -1.69866], [124.96318, -1.69849], [124.96075, -1.69599], [124.96159, -1.69473], [124.96243, -1.69482]]]]}}, {"type": "Feature", "properties": {"domain_id": "820506", "name": "MANGOLI BARAT"}, "geometry": {"type": "MultiPolygon", "coordinates": [[[[125.46306, -1.89355], [125.46259, -1.89897], [125.46592, -1.90468], [125.46478, -1.9083], [125.46573, -1.91011], [125.46535, -1.91306], [125.46297, -1.91544], [125.46297, -1.91782], [125.46451, -1.91936], [125.46563, -1.94264], [125.46218, -1.94365], [125.45456, -1.94438], [125.45288, -1.94561], [125.44676, -1.94693], [125.44109, -1.94589], [125.43757, -1.94623], [125.43606, -1.94672], [125.43553, -1.94841], [125.43357, -1.94948], [125.43251, -1.94889], [125.43173, -1.9494], [125.43042, -1.94872], [125.42653, -1.94887], [125.4241, -1.94935], [125.42271, -1.95037], [125.41958, -1.94929], [125.41826, -1.94794], [125.41806, -1.94411], [125.41894, -1.94415], [125.41964, -1.94282], [125.42249, -1.94085], [125.42375, -1.93916], [125.42617, -1.93899], [125.42628, -1.93822], [125.42831, -1.93665], [125.43156, -1.9354], [125.43395, -1.93259], [125.43533, -1.93233], [125.44019, -1.92826], [125.44095, -1.9266], [125.44079, -1.92493], [125.43812, -1.92328], [125.43772, -1.9206], [125.43591, -1.91943], [125.4335, -1.91496], [125.43352, -1.91255], [125.43508, -1.90989], [125.43442, -1.90916], [125.43552, -1.90657], [125.43823, -1.90298], [125.43887, -1.9005], [125.43828, -1.89853], [125.4369, -1.89818], [125.43639, -1.8957], [125.43566, -1.89552], [125.43616, -1.89408], [125.43559, -1.89386], [125.43567, -1.89278], [125.43662, -1.89265], [125.43675, -1.89194], [125.4349, -1.88849], [125.4354, -1.88865], [125.43594, -1.88784], [125.43344, -1.8856], [125.43059, -1.88382], [125.42722, -1.88306], [125.42444, -1.88336], [125.42358, -1.88217], [125.42305, -1.88281], [125.42218, -1.88271], [125.42055, -1.8806], [125.42028, -1.87761], [125.41737, -1.87764], [125.4155, -1.87596], [125.41454, -1.87633], [125.41382, -1.87882], [125.41249, -1.87962], [125.41069, -1.87899], [125.41061, -1.87741], [125.40929, -1.87823], [125.40791, -1.8781], [125.40704, -1.8766], [125.40579, -1.87592], [125.40663, -1.87474], [125.40516, -1.87316], [125.40639, -1.87144], [125.4064, -1.87009], [125.40406, -1.86856], [125.40323, -1.86875], [125.40323, -1.86938], [125.40243, -1.86813], [125.40154, -1.86841], [125.40203, -1.87069], [125.40141, -1.87178], [125.39967, -1.87137], [125.40007, -1.87366], [125.39663, -1.87294], [125.39616, -1.87469], [125.39486, -1.87434], [125.3945, -1.8732], [125.39544, -1.87271], [125.39766, -1.86669], [125.39612, -1.86622], [125.3935, -1.86412], [125.39379, -1.85946], [125.39293, -1.85887], [125.39107, -1.85924], [125.38942, -1.86216], [125.38864, -1.86618], [125.38944, -1.86697], [125.38873, -1.86751], [125.38813, -1.86675], [125.38524, -1.86722], [125.38383, -1.86471], [125.38158, -1.86311], [125.38098, -1.86345], [125.37867, -1.85785], [125.37754, -1.85908], [125.37702, -1.86178], [125.37575, -1.86144], [125.37552, -1.86237], [125.37453, -1.86283], [125.37256, -1.85729], [125.37303, -1.85443], [125.37453, -1.85264], [125.37406, -1.85071], [125.37463, -1.84861], [125.37371, -1.84805], [125.37337, -1.84647], [125.37138, -1.84566], [125.36937, -1.84595], [125.36789, -1.84692], [125.36783, -1.85053], [125.36563, -1.85169], [125.36532, -1.85251], [125.36529, -1.85664], [125.36625, -1.85964], [125.36603, -1.86086], [125.36685, -1.86199], [125.36608, -1.86379], [125.36392, -1.86444], [125.36472, -1.86585], [125.36327, -1.8662], [125.36391, -1.8683], [125.36351, -1.87112], [125.36178, -1.87274], [125.36217, -1.87421], [125.3608, -1.8759], [125.36103, -1.8791], [125.35951, -1.88352], [125.35812, -1.88566], [125.35641, -1.88681], [125.35316, -1.88756], [125.34522, -1.88799], [125.34316, -1.88619], [125.34297, -1.88432], [125.34067, -1.8815], [125.33568, -1.87854], [125.33264, -1.87583], [125.3333, -1.87434], [125.33243, -1.87146], [125.33248, -1.86893], [125.32903, -1.8581], [125.32899, -1.84942], [125.32986, -1.84638], [125.32909, -1.84424], [125.32949, -1.83849], [125.32771, -1.83279], [125.3304, -1.82923], [125.33178, -1.82607], [125.33543, -1.82462], [125.33772, -1.82205], [125.33897, -1.81806], [125.34033, -1.81682], [125.34122, -1.81361], [125.34704, -1.81115], [125.34729, -1.80912], [125.34656, -1.80795], [125.34935, -1.80534], [125.35269, -1.80451], [125.35604, -1.80604], [125.35921, -1.80847], [125.36384, -1.80928], [125.3667, -1.81209], [125.36788, -1.81024], [125.36779, -1.80712], [125.37203, -1.80655], [125.37567, -1.80682], [125.37535, -1.80535], [125.37634, -1.80293], [125.37338, -1.79884], [125.37101, -1.7992], [125.36859, -1.79863], [125.36553, -1.79692], [125.36352, -1.79707], [125.36139, -1.79639], [125.35984, -1.79709], [125.36004, -1.79925], [125.35683, -1.79654], [125.35701, -1.79444], [125.36005, -1.78893], [125.36299, -1.78644], [125.36573, -1.78142], [125.37003, -1.77932], [125.37654, -1.77886], [125.38152, -1.7798], [125.38306, -1.77925], [125.38704, -1.78083], [125.38868, -1.78301], [125.39137, -1.78454], [125.39206, -1.78393], [125.39261, -1.78031], [125.39481, -1.77801], [125.4031, -1.77495], [125.40881, -1.77647], [125.40988, -1.77802], [125.40928, -1.78197], [125.41106, -1.7877], [125.41066, -1.79145], [125.41232, -1.79761], [125.41359, -1.79825], [125.41445, -1.79723], [125.41528, -1.798], [125.41512, -1.79886], [125.41735, -1.79863], [125.41847, -1.79992], [125.41934, -1.79991], [125.42026, -1.80097], [125.41924, -1.80264], [125.42002, -1.80615], [125.42278, -1.80849], [125.4266, -1.8096], [125.42994, -1.80857], [125.42936, -1.80708], [125.43027, -1.80576], [125.43208, -1.80507], [125.43363, -1.80555], [125.43533, -1.80374], [125.44134, -1.80049], [125.44322, -1.79848], [125.44439, -1.7991], [125.44554, -1.80127], [125.44908, -1.80097], [125.45022, -1.79981], [125.45069, -1.79752], [125.453, -1.79379], [125.45263, -1.78933], [125.45415, -1.78544], [125.45385, -1.78297], [125.45595, -1.77964], [125.45818, -1.77834], [125.46581, -1.7803], [125.46009, -1.81181], [125.46099, -1.84676], [125.45945, -1.84938], [125.46146, -1.85642], [125.46306, -1.89355]]], [[[125.3852, -1.88026], [125.38648, -1.87982], [125.38701, -1.88062], [125.3865, -1.88452], [125.38751, -1.88806], [125.38639, -1.89016], [125.37782, -1.88963], [125.37662, -1.8901], [125.37621, -1.88917], [125.37444, -1.88915], [125.3738, -1.88835], [125.37304, -1.88618], [125.37498, -1.88372], [125.37525, -1.88209], [125.37864, -1.88138], [125.38135, -1.88227], [125.38279, -1.88076], [125.38295, -1.87942], [125.3852, -1.88026]]], [[[125.41909, -1.88423], [125.42061, -1.88414], [125.4217, -1.88504], [125.42122, -1.88697], [125.4196, -1.88908], [125.41951, -1.89147], [125.41864, -1.89193], [125.4185, -1.89288], [125.41677, -1.89324], [125.41709, -1.89449], [125.41615, -1.89588], [125.4127, -1.89533], [125.41128, -1.89312], [125.41201, -1.89059], [125.41675, -1.88568], [125.41734, -1.88424], [125.41909, -1.88423]]], [[[125.42266, -1.76778], [125.42409, -1.76877], [125.42441, -1.77011], [125.42293, -1.77169], [125.42101, -1.77258], [125.41913, -1.77522], [125.41659, -1.77279], [125.41624, -1.77062], [125.42017, -1.76785], [125.42266, -1.76778]]], [[[125.41754, -1.79771], [125.4172, -1.79832], [125.41615, -1.79697], [125.41637, -1.79447], [125.41702, -1.79396], [125.41759, -1.79424], [125.41754, -1.79771]]]]}}, {"type": "Feature", "properties": {"domain_id": "820423", "name": "GANE BARAT SELATAN"}, "geometry": {"type": "MultiPolygon", "coordinates": [[[[128.14937, -0.68209], [128.15406, -0.68281], [128.15589, -0.68443], [128.1568, -0.68719], [128.15827, -0.68834], [128.16008, -0.68861], [128.1626, -0.69014], [128.1652, -0.69052], [128.16648, -0.69175], [128.16646, -0.6933], [128.16718, -0.69385], [128.16788, -0.69699], [128.17102, -0.69762], [128.17275, -0.69906], [128.17457, -0.69952], [128.17601, -0.70103], [128.17658, -0.70771], [128.17771, -0.71031], [128.17778, -0.71387], [128.18377, -0.71627], [128.18412, -0.71958], [128.18625, -0.71946], [128.18845, -0.721], [128.18834, -0.72735], [128.19148, -0.72695], [128.194, -0.72809], [128.19959, -0.72837], [128.19975, -0.73007], [128.20089, -0.7314], [128.20436, -0.7324], [128.21244, -0.73083], [128.21324, -0.73151], [128.21359, -0.73629], [128.21713, -0.73537], [128.21897, -0.73617], [128.21936, -0.74036], [128.22268, -0.74202], [128.22328, -0.74341], [128.22596, -0.7434], [128.22738, -0.7424], [128.22924, -0.7424], [128.23743, -0.74397], [128.24466, -0.74825], [128.24699, -0.75082], [128.24975, -0.7502], [128.25289, -0.75149], [128.25361, -0.75239], [128.25565, -0.75273], [128.25565, -0.75406], [128.25422, -0.75601], [128.25417, -0.75715], [128.25646, -0.75848], [128.25689, -0.75958], [128.26312, -0.76144], [128.26242, -0.76385], [128.26288, -0.76631], [128.26438, -0.76682], [128.26466, -0.76771], [128.26427, -0.76946], [128.26502, -0.77124], [128.26512, -0.77395], [128.26584, -0.77467], [128.26619, -0.77826], [128.26957, -0.77917], [128.27002, -0.7818], [128.27152, -0.78221], [128.27252, -0.78413], [128.27894, -0.78706], [128.27977, -0.78906], [128.27936, -0.79213], [128.28113, -0.79289], [128.28334, -0.7968], [128.2833, -0.79769], [128.28634, -0.8003], [128.28751, -0.80212], [128.29005, -0.80317], [128.29084, -0.80472], [128.29611, -0.80651], [128.29615, -0.80776], [128.29849, -0.81265], [128.30036, -0.81368], [128.29997, -0.81636], [128.30216, -0.81666], [128.30415, -0.81808], [128.3059, -0.82087], [128.30955, -0.82424], [128.31058, -0.8306], [128.31333, -0.83109], [128.31622, -0.83413], [128.31772, -0.83488], [128.32004, -0.83452], [128.3219, -0.83496], [128.32229, -0.83602], [128.32555, -0.83791], [128.32559, -0.83865], [128.32864, -0.83943], [128.33171, -0.84228], [128.33413, -0.84318], [128.3367, -0.84296], [128.34134, -0.84464], [128.34391, -0.8471], [128.34309, -0.85051], [128.34193, -0.85135], [128.34083, -0.85437], [128.33435, -0.85652], [128.33399, -0.8581], [128.33463, -0.86212], [128.33314, -0.86409], [128.33246, -0.86625], [128.33066, -0.8681], [128.32933, -0.86832], [128.32637, -0.87096], [128.32336, -0.86805], [128.3228, -0.86825], [128.321, -0.86537], [128.31647, -0.86357], [128.31567, -0.8621], [128.31435, -0.86162], [128.31267, -0.86308], [128.31261, -0.86571], [128.3134, -0.86757], [128.31197, -0.86915], [128.31252, -0.86964], [128.31136, -0.87109], [128.31135, -0.87174], [128.31211, -0.87196], [128.31189, -0.87432], [128.30875, -0.87544], [128.30829, -0.87771], [128.30681, -0.87881], [128.30766, -0.87899], [128.30592, -0.87982], [128.30547, -0.87938], [128.30663, -0.87885], [128.30505, -0.87872], [128.30365, -0.87933], [128.30413, -0.87986], [128.29988, -0.88042], [128.29988, -0.88127], [128.29887, -0.88117], [128.29883, -0.88055], [128.29268, -0.88102], [128.29173, -0.88067], [128.29163, -0.87989], [128.29094, -0.88081], [128.29067, -0.8801], [128.29011, -0.88036], [128.28757, -0.87892], [128.28545, -0.87879], [128.28223, -0.87623], [128.28301, -0.87534], [128.28143, -0.87564], [128.27743, -0.86981], [128.27741, -0.8689], [128.2719, -0.86755], [128.27028, -0.86604], [128.26582, -0.86842], [128.26418, -0.86733], [128.26472, -0.86676], [128.2634, -0.86654], [128.26362, -0.86589], [128.26157, -0.86613], [128.26019, -0.86349], [128.25709, -0.86308], [128.25604, -0.8615], [128.25449, -0.86176], [128.25294, -0.86114], [128.249, -0.85786], [128.24877, -0.85842], [128.24707, -0.85695], [128.24653, -0.85727], [128.24383, -0.8564], [128.24058, -0.85343], [128.23754, -0.85192], [128.23735, -0.85102], [128.23223, -0.84812], [128.23029, -0.84622], [128.23061, -0.84543], [128.22981, -0.84598], [128.22803, -0.84151], [128.22914, -0.84069], [128.22867, -0.84016], [128.22792, -0.8408], [128.22695, -0.84016], [128.22692, -0.83898], [128.22554, -0.83677], [128.22558, -0.8335], [128.22643, -0.83209], [128.22879, -0.82946], [128.232, -0.82722], [128.23451, -0.82686], [128.23678, -0.82836], [128.23664, -0.82783], [128.23851, -0.82645], [128.24116, -0.82697], [128.24135, -0.82774], [128.23977, -0.82902], [128.24052, -0.82946], [128.24318, -0.82899], [128.24583, -0.82751], [128.24897, -0.82732], [128.25064, -0.82407], [128.24181, -0.82614], [128.24065, -0.82581], [128.242, -0.82205], [128.2449, -0.82157], [128.24599, -0.82203], [128.2485, -0.82041], [128.25269, -0.82113], [128.25386, -0.82198], [128.2551, -0.82198], [128.25711, -0.82355], [128.26132, -0.82492], [128.26329, -0.82637], [128.26474, -0.82875], [128.26696, -0.82891], [128.27515, -0.83484], [128.27611, -0.83759], [128.28122, -0.83899], [128.28345, -0.8356], [128.28265, -0.83493], [128.28325, -0.83433], [128.28224, -0.83334], [128.28349, -0.8331], [128.28348, -0.83208], [128.28121, -0.83096], [128.28121, -0.82781], [128.27954, -0.82615], [128.27726, -0.82659], [128.27502, -0.82566], [128.27381, -0.82726], [128.2711, -0.82489], [128.27095, -0.82374], [128.27208, -0.82267], [128.27092, -0.82218], [128.27167, -0.821], [128.27085, -0.82074], [128.27122, -0.82003], [128.26945, -0.82074], [128.26765, -0.8192], [128.26723, -0.81656], [128.2663, -0.81627], [128.26516, -0.81433], [128.26575, -0.81252], [128.26484, -0.81162], [128.26503, -0.81085], [128.2639, -0.81054], [128.26289, -0.80787], [128.26189, -0.80819], [128.26059, -0.80678], [128.26039, -0.80412], [128.25871, -0.80322], [128.25567, -0.79644], [128.25166, -0.79532], [128.24879, -0.79342], [128.24916, -0.7909], [128.24802, -0.78891], [128.24644, -0.78844], [128.24505, -0.78638], [128.24201, -0.78704], [128.23427, -0.78335], [128.22912, -0.77833], [128.22842, -0.77616], [128.22733, -0.77525], [128.22715, -0.77279], [128.22976, -0.77059], [128.23138, -0.77097], [128.23278, -0.77293], [128.23511, -0.7716], [128.23552, -0.77345], [128.23471, -0.77714], [128.23584, -0.77742], [128.23645, -0.77389], [128.23708, -0.7735], [128.23837, -0.77581], [128.2377, -0.7768], [128.23792, -0.77785], [128.23947, -0.77896], [128.23892, -0.77645], [128.23974, -0.77546], [128.23862, -0.77133], [128.24031, -0.77123], [128.24152, -0.76972], [128.24333, -0.77008], [128.24361, -0.77126], [128.24451, -0.77144], [128.2468, -0.77025], [128.24741, -0.76897], [128.24634, -0.76774], [128.24445, -0.76729], [128.24751, -0.76388], [128.24684, -0.76259], [128.24362, -0.76367], [128.2434, -0.76269], [128.24481, -0.76144], [128.24358, -0.76093], [128.24401, -0.75885], [128.24348, -0.75861], [128.24096, -0.76328], [128.24184, -0.76517], [128.24154, -0.76681], [128.23979, -0.76889], [128.23761, -0.76904], [128.23224, -0.76763], [128.23057, -0.76766], [128.22656, -0.76921], [128.22452, -0.76894], [128.2241, -0.76649], [128.22607, -0.76404], [128.22627, -0.76018], [128.22779, -0.75721], [128.23128, -0.75452], [128.2314, -0.75358], [128.23401, -0.75338], [128.23459, -0.75105], [128.2337, -0.74968], [128.2324, -0.74978], [128.2317, -0.75164], [128.22975, -0.75101], [128.22958, -0.75204], [128.23066, -0.75275], [128.22724, -0.7558], [128.22617, -0.75594], [128.22561, -0.75504], [128.22493, -0.75546], [128.22511, -0.75793], [128.22308, -0.76245], [128.22184, -0.76474], [128.21935, -0.76592], [128.22028, -0.76652], [128.22073, -0.76794], [128.22062, -0.77011], [128.21843, -0.77235], [128.21682, -0.77238], [128.20797, -0.7662], [128.20649, -0.76644], [128.20373, -0.76538], [128.20056, -0.76219], [128.1874, -0.76094], [128.18164, -0.7582], [128.18022, -0.75624], [128.17754, -0.75644], [128.17645, -0.75555], [128.1746, -0.75529], [128.17306, -0.75355], [128.17018, -0.75284], [128.16927, -0.75167], [128.16656, -0.75023], [128.16471, -0.75038], [128.16371, -0.75116], [128.16219, -0.75092], [128.15889, -0.75001], [128.15555, -0.7479], [128.15339, -0.74807], [128.15145, -0.74915], [128.14866, -0.74748], [128.14744, -0.74487], [128.13332, -0.73855], [128.1316, -0.73817], [128.13065, -0.73962], [128.12853, -0.739], [128.12561, -0.73681], [128.12319, -0.7376], [128.12122, -0.73669], [128.11816, -0.73673], [128.11501, -0.73359], [128.11178, -0.73434], [128.10968, -0.73272], [128.10619, -0.73121], [128.10325, -0.73086], [128.09979, -0.72842], [128.09631, -0.72699], [128.09442, -0.72692], [128.09023, -0.72488], [128.08802, -0.72479], [128.0859, -0.72305], [128.08138, -0.72205], [128.07786, -0.72208], [128.06903, -0.71789], [128.06522, -0.71746], [128.06074, -0.71219], [128.05731, -0.70979], [128.05531, -0.70935], [128.05272, -0.70668], [128.04713, -0.70365], [128.04488, -0.70333], [128.04214, -0.70124], [128.03542, -0.69887], [128.03336, -0.69554], [128.03137, -0.69456], [128.03041, -0.69288], [128.02643, -0.69086], [128.02364, -0.68778], [128.01948, -0.68617], [128.01824, -0.68244], [128.016, -0.68133], [128.01431, -0.67927], [128.01212, -0.67865], [128.0113, -0.67658], [128.01027, -0.6758], [128.01111, -0.67421], [128.01215, -0.67436], [128.01267, -0.67371], [128.01337, -0.67409], [128.01452, -0.67334], [128.01674, -0.67405], [128.02291, -0.67144], [128.02651, -0.66836], [128.03017, -0.66707], [128.03686, -0.66657], [128.03974, -0.66529], [128.04377, -0.6606], [128.04609, -0.65507], [128.04767, -0.65432], [128.05066, -0.65125], [128.05107, -0.64816], [128.0524, -0.64553], [128.05071, -0.64185], [128.05184, -0.63939], [128.05357, -0.6383], [128.06116, -0.63908], [128.06373, -0.63597], [128.06472, -0.63241], [128.06704, -0.63114], [128.06787, -0.62823], [128.06999, -0.62546], [128.0736, -0.62355], [128.07539, -0.62135], [128.08063, -0.61737], [128.08374, -0.61236], [128.08654, -0.61129], [128.08722, -0.61273], [128.08705, -0.61568], [128.08945, -0.61669], [128.09192, -0.61957], [128.0933, -0.62468], [128.09413, -0.62564], [128.09663, -0.62625], [128.0982, -0.6317], [128.10015, -0.63285], [128.09994, -0.63361], [128.10079, -0.63577], [128.10161, -0.63631], [128.10215, -0.63926], [128.10395, -0.63988], [128.10446, -0.64161], [128.10966, -0.6443], [128.10988, -0.64541], [128.10894, -0.64749], [128.11444, -0.65587], [128.11684, -0.65759], [128.11668, -0.65875], [128.1176, -0.6607], [128.12116, -0.66206], [128.12077, -0.66728], [128.12188, -0.6686], [128.12538, -0.6706], [128.12524, -0.67235], [128.12698, -0.6731], [128.12827, -0.67674], [128.12812, -0.67902], [128.13466, -0.67992], [128.13847, -0.67967], [128.14268, -0.68236], [128.14937, -0.68209]]], [[[128.09648, -0.84017], [128.09822, -0.84432], [128.09997, -0.84283], [128.10187, -0.84344], [128.10224, -0.84623], [128.10423, -0.84815], [128.10339, -0.84933], [128.107, -0.84907], [128.1071, -0.84985], [128.10923, -0.85005], [128.11148, -0.85257], [128.11148, -0.85435], [128.10942, -0.85636], [128.10721, -0.85645], [128.10718, -0.85559], [128.10608, -0.8554], [128.10429, -0.85859], [128.10574, -0.85812], [128.10607, -0.85928], [128.10526, -0.86047], [128.10378, -0.86066], [128.10307, -0.86148], [128.1026, -0.86082], [128.10077, -0.86062], [128.10081, -0.86], [128.09835, -0.86023], [128.09751, -0.85787], [128.09536, -0.85817], [128.0903, -0.85454], [128.08686, -0.85587], [128.0837, -0.85491], [128.07983, -0.8512], [128.07966, -0.84954], [128.08136, -0.84703], [128.08104, -0.8446], [128.08484, -0.83892], [128.08937, -0.83933], [128.09399, -0.83788], [128.09542, -0.8385], [128.09648, -0.84017]]], [[[128.11884, -0.84131], [128.1227, -0.84299], [128.12328, -0.84414], [128.12304, -0.84502], [128.12152, -0.84556], [128.12184, -0.84682], [128.11975, -0.84722], [128.11939, -0.8479], [128.12013, -0.84893], [128.11949, -0.84977], [128.12005, -0.85002], [128.11983, -0.8508], [128.12088, -0.85071], [128.12177, -0.85208], [128.11761, -0.85416], [128.11686, -0.85515], [128.11452, -0.85571], [128.11261, -0.8506], [128.11463, -0.84844], [128.11411, -0.84696], [128.11507, -0.84464], [128.11787, -0.84138], [128.11884, -0.84131]]], [[[128.14004, -0.80531], [128.14068, -0.80649], [128.14445, -0.80634], [128.14679, -0.80554], [128.14785, -0.8061], [128.1485, -0.80466], [128.1506, -0.80467], [128.1524, -0.80529], [128.15252, -0.80607], [128.15079, -0.80761], [128.1497, -0.80775], [128.14889, -0.80701], [128.14631, -0.8084], [128.14202, -0.80816], [128.14005, -0.80868], [128.13713, -0.81093], [128.13586, -0.80854], [128.1357, -0.80595], [128.13905, -0.80457], [128.13983, -0.80452], [128.14004, -0.80531]]], [[[128.15712, -0.7944], [128.16138, -0.79336], [128.16102, -0.79518], [128.15957, -0.79592], [128.15881, -0.79777], [128.15618, -0.7991], [128.15459, -0.79941], [128.1538, -0.79801], [128.15411, -0.7972], [128.15283, -0.79801], [128.1528, -0.79722], [128.15145, -0.79663], [128.15323, -0.79541], [128.15461, -0.79579], [128.15524, -0.79311], [128.15644, -0.79286], [128.15641, -0.7943], [128.15712, -0.7944]]], [[[128.15835, -0.78725], [128.1611, -0.78991], [128.16103, -0.7914], [128.157, -0.7911], [128.15685, -0.79024], [128.15628, -0.79025], [128.15657, -0.78771], [128.15784, -0.78664], [128.15835, -0.78725]]], [[[128.14668, -0.81237], [128.14572, -0.81368], [128.1426, -0.814], [128.1416, -0.81553], [128.13921, -0.81653], [128.1395, -0.81728], [128.13865, -0.81701], [128.13902, -0.81652], [128.13821, -0.81552], [128.13912, -0.81483], [128.13935, -0.81366], [128.14137, -0.81352], [128.14487, -0.81207], [128.1464, -0.81188], [128.14668, -0.81237]]], [[[128.13762, -0.8224], [128.13924, -0.82335], [128.13827, -0.82544], [128.13646, -0.82643], [128.13542, -0.82599], [128.13421, -0.8264], [128.13595, -0.82393], [128.13553, -0.82189], [128.13725, -0.82115], [128.13762, -0.8224]]]]}}, {"type": "Feature", "properties": {"domain_id": "820408", "name": "BACAN"}, "geometry": {"type": "MultiPolygon", "coordinates": [[[[127.47129, -0.62683], [127.46507, -0.62894], [127.46337, -0.62816], [127.46265, -0.62561], [127.45997, -0.62469], [127.45874, -0.62554], [127.45891, -0.62959], [127.45737, -0.63143], [127.45146, -0.62959], [127.44991, -0.62739], [127.4486, -0.62684], [127.44441, -0.6277], [127.44194, -0.62517], [127.43101, -0.62037], [127.43002, -0.61503], [127.4304, -0.61371], [127.43086, -0.61595], [127.4316, -0.61361], [127.43023, -0.61191], [127.42996, -0.61019], [127.42597, -0.60952], [127.42495, -0.60819], [127.42336, -0.6083], [127.42118, -0.60698], [127.4154, -0.60747], [127.41424, -0.61132], [127.41533, -0.61227], [127.4158, -0.61495], [127.41736, -0.61474], [127.41788, -0.61539], [127.41805, -0.61782], [127.42004, -0.61863], [127.41992, -0.62045], [127.419, -0.62104], [127.41743, -0.6201], [127.41654, -0.6208], [127.41644, -0.6201], [127.4156, -0.62045], [127.41564, -0.62001], [127.41435, -0.61975], [127.4132, -0.62077], [127.41259, -0.62039], [127.4125, -0.61837], [127.41196, -0.61796], [127.4096, -0.62084], [127.40791, -0.6204], [127.40776, -0.61942], [127.40942, -0.61565], [127.40851, -0.61358], [127.40641, -0.61323], [127.40669, -0.61053], [127.40548, -0.61032], [127.40446, -0.60851], [127.40227, -0.60782], [127.40256, -0.60542], [127.40083, -0.60457], [127.39945, -0.6013], [127.4008, -0.5992], [127.40065, -0.59772], [127.399, -0.59731], [127.39746, -0.59495], [127.39488, -0.59547], [127.39337, -0.59198], [127.39143, -0.59019], [127.39005, -0.58772], [127.3865, -0.58672], [127.38566, -0.58458], [127.38326, -0.58416], [127.38317, -0.58594], [127.38456, -0.58638], [127.38453, -0.58775], [127.3819, -0.58778], [127.3789, -0.59096], [127.37559, -0.59158], [127.37402, -0.59041], [127.37271, -0.58722], [127.36886, -0.58352], [127.36007, -0.57882], [127.36027, -0.57121], [127.35953, -0.57067], [127.359, -0.56693], [127.36013, -0.56583], [127.36017, -0.56516], [127.35944, -0.56504], [127.36071, -0.56327], [127.35934, -0.56198], [127.36227, -0.55847], [127.3617, -0.55654], [127.36101, -0.55628], [127.35766, -0.55836], [127.35537, -0.55843], [127.35343, -0.55956], [127.35279, -0.55848], [127.35164, -0.55846], [127.35132, -0.55756], [127.35036, -0.5574], [127.35032, -0.55583], [127.34791, -0.55247], [127.34849, -0.55156], [127.34814, -0.55028], [127.34552, -0.54873], [127.3447, -0.54723], [127.34235, -0.54634], [127.34505, -0.54425], [127.34524, -0.54182], [127.34846, -0.54087], [127.34646, -0.54037], [127.34577, -0.5385], [127.34419, -0.53828], [127.34258, -0.53925], [127.34019, -0.53954], [127.33549, -0.53697], [127.33506, -0.5353], [127.33558, -0.53353], [127.33416, -0.53279], [127.33333, -0.53046], [127.33153, -0.5293], [127.32851, -0.52968], [127.3256, -0.52891], [127.32316, -0.52477], [127.31807, -0.52058], [127.31651, -0.51636], [127.31309, -0.51559], [127.31217, -0.51636], [127.30957, -0.51617], [127.31026, -0.51517], [127.30957, -0.51405], [127.30807, -0.51267], [127.30663, -0.51272], [127.30653, -0.51059], [127.30519, -0.50899], [127.30641, -0.5083], [127.30652, -0.507], [127.3049, -0.5057], [127.32775, -0.50513], [127.3537, -0.50128], [127.3869, -0.49256], [127.40216, -0.48744], [127.41798, -0.48081], [127.42257, -0.47973], [127.42772, -0.48054], [127.43519, -0.48908], [127.44482, -0.49383], [127.46939, -0.4953], [127.48968, -0.50278], [127.49253, -0.50249], [127.49546, -0.50024], [127.49816, -0.49976], [127.50076, -0.49717], [127.50512, -0.49423], [127.5187, -0.4935], [127.52124, -0.49084], [127.52328, -0.48729], [127.52388, -0.50344], [127.52465, -0.50343], [127.52552, -0.50185], [127.52637, -0.50163], [127.52675, -0.50435], [127.52862, -0.5045], [127.53001, -0.50332], [127.53089, -0.50336], [127.53138, -0.50556], [127.53232, -0.50653], [127.53229, -0.51077], [127.53151, -0.5121], [127.5322, -0.51326], [127.53075, -0.51393], [127.53168, -0.51652], [127.53093, -0.5173], [127.53109, -0.51966], [127.5328, -0.51929], [127.53417, -0.52329], [127.53512, -0.5223], [127.53611, -0.52232], [127.53585, -0.52446], [127.53679, -0.52505], [127.5366, -0.52614], [127.53788, -0.52497], [127.54027, -0.52529], [127.54325, -0.52746], [127.54373, -0.52885], [127.54228, -0.53131], [127.53314, -0.53381], [127.52936, -0.53804], [127.5251, -0.55639], [127.52686, -0.56216], [127.52598, -0.56278], [127.5263, -0.56759], [127.52507, -0.57173], [127.52583, -0.58128], [127.52663, -0.58268], [127.52514, -0.58506], [127.52413, -0.58851], [127.52528, -0.59986], [127.52744, -0.60615], [127.52885, -0.62377], [127.52998, -0.62571], [127.52932, -0.63014], [127.52999, -0.63168], [127.52905, -0.63422], [127.53021, -0.64463], [127.52355, -0.6464], [127.5224, -0.64725], [127.51608, -0.64849], [127.51385, -0.64973], [127.49996, -0.65052], [127.49959, -0.64966], [127.4977, -0.65156], [127.49334, -0.64779], [127.4922, -0.64976], [127.48132, -0.64565], [127.48059, -0.64844], [127.47837, -0.64531], [127.47856, -0.64201], [127.47988, -0.63892], [127.47951, -0.63613], [127.48076, -0.62996], [127.47881, -0.62835], [127.47529, -0.62697], [127.47129, -0.62683]]], [[[127.42811, -0.62999], [127.4288, -0.63042], [127.42864, -0.63151], [127.42922, -0.63226], [127.42971, -0.63175], [127.42899, -0.63074], [127.4317, -0.63063], [127.43359, -0.6318], [127.43296, -0.63426], [127.43061, -0.63416], [127.42984, -0.63315], [127.43013, -0.63398], [127.42934, -0.63438], [127.42682, -0.63443], [127.42567, -0.63161], [127.42586, -0.63043], [127.4264, -0.62967], [127.42811, -0.62999]]]]}}, {"type": "Feature", "properties": {"domain_id": "820808", "name": "TABONA"}, "geometry": {"type": "Polygon", "coordinates": [[[124.93741, -1.80499], [124.93845, -1.80499], [124.93996, -1.80293], [124.94139, -1.8027], [124.94265, -1.8042], [124.94394, -1.80447], [124.94435, -1.80596], [124.9466, -1.80695], [124.95252, -1.80671], [124.92685, -1.9118], [124.92335, -1.91343], [124.92024, -1.91768], [124.91896, -1.92114], [124.91919, -1.92585], [124.91848, -1.9253], [124.91656, -1.92555], [124.91637, -1.92649], [124.91561, -1.92651], [124.91634, -1.9255], [124.9157, -1.92444], [124.91303, -1.92337], [124.90932, -1.92612], [124.90266, -1.92703], [124.89358, -1.9259], [124.88852, -1.92402], [124.8837, -1.91815], [124.88302, -1.91639], [124.87798, -1.91178], [124.87775, -1.90978], [124.87604, -1.90794], [124.87642, -1.90655], [124.87516, -1.90336], [124.87217, -1.90097], [124.87066, -1.89854], [124.86812, -1.89676], [124.86756, -1.89538], [124.86638, -1.89526], [124.86491, -1.89273], [124.86234, -1.89164], [124.84599, -1.8942], [124.83527, -1.89864], [124.83432, -1.89677], [124.83334, -1.89046], [124.83165, -1.88775], [124.83101, -1.88194], [124.83156, -1.88011], [124.83073, -1.87845], [124.82826, -1.87725], [124.82511, -1.87704], [124.82173, -1.87566], [124.82128, -1.87423], [124.8233, -1.87252], [124.81683, -1.867], [124.81835, -1.86288], [124.82373, -1.86008], [124.82687, -1.85472], [124.82347, -1.85024], [124.82404, -1.8475], [124.82186, -1.84557], [124.82058, -1.84311], [124.82246, -1.83923], [124.8224, -1.83834], [124.82032, -1.83632], [124.82094, -1.83352], [124.82025, -1.83092], [124.82035, -1.82707], [124.82097, -1.82504], [124.81937, -1.81938], [124.81989, -1.81672], [124.81672, -1.81022], [124.81727, -1.80681], [124.81359, -1.80195], [124.90208, -1.79908], [124.92328, -1.80038], [124.92394, -1.80107], [124.92547, -1.8007], [124.92669, -1.80134], [124.92789, -1.80371], [124.92927, -1.80338], [124.93073, -1.80207], [124.93263, -1.80195], [124.93344, -1.80229], [124.93513, -1.80493], [124.93741, -1.80499]]]}}, {"type": "Feature", "properties": {"domain_id": "820405", "name": "OBI SELATAN"}, "geometry": {"type": "MultiPolygon", "coordinates": [[[[127.66378, -1.72633], [127.66013, -1.72799], [127.6569, -1.72802], [127.65215, -1.73055], [127.64559, -1.73025], [127.63957, -1.72602], [127.63523, -1.72431], [127.6314, -1.72068], [127.62953, -1.7207], [127.62753, -1.71913], [127.62601, -1.71884], [127.62132, -1.72071], [127.61935, -1.71838], [127.61702, -1.71734], [127.61252, -1.71952], [127.60952, -1.72282], [127.6087, -1.7245], [127.60863, -1.72778], [127.6077, -1.73106], [127.60589, -1.73407], [127.60082, -1.7366], [127.59568, -1.73787], [127.59138, -1.73633], [127.58959, -1.73455], [127.58742, -1.73443], [127.5826, -1.73283], [127.57521, -1.73314], [127.56616, -1.73495], [127.55436, -1.73354], [127.54951, -1.73154], [127.54015, -1.7292], [127.53104, -1.7257], [127.52547, -1.72465], [127.52339, -1.72461], [127.51719, -1.72615], [127.51451, -1.72515], [127.50562, -1.72573], [127.4994, -1.72472], [127.49705, -1.72349], [127.49625, -1.72182], [127.49663, -1.72136], [127.49592, -1.71696], [127.49283, -1.71354], [127.49137, -1.71085], [127.48602, -1.70571], [127.48282, -1.70396], [127.48228, -1.70308], [127.47062, -1.69693], [127.45866, -1.69255], [127.45377, -1.6894], [127.45085, -1.68851], [127.4491, -1.68693], [127.44439, -1.68545], [127.44128, -1.68293], [127.43387, -1.6793], [127.43116, -1.67485], [127.42673, -1.67138], [127.42458, -1.66867], [127.42365, -1.66411], [127.42426, -1.66184], [127.42289, -1.65872], [127.42019, -1.65831], [127.41779, -1.66061], [127.41643, -1.66305], [127.41139, -1.66362], [127.40848, -1.66202], [127.40772, -1.66004], [127.40759, -1.65676], [127.45561, -1.62129], [127.54881, -1.56762], [127.58227, -1.54455], [127.6805, -1.53517], [127.68264, -1.53349], [127.68918, -1.5348], [127.69133, -1.53468], [127.69489, -1.53219], [127.69727, -1.53231], [127.69858, -1.53323], [127.73035, -1.53669], [127.86975, -1.55046], [127.90534, -1.55732], [127.98527, -1.58736], [127.96718, -1.69719], [127.96303, -1.69566], [127.96128, -1.696], [127.9583, -1.69527], [127.95593, -1.69619], [127.95269, -1.69622], [127.94175, -1.69208], [127.92605, -1.68907], [127.92425, -1.688], [127.92136, -1.68802], [127.91599, -1.68651], [127.91233, -1.68639], [127.90541, -1.68429], [127.90291, -1.68529], [127.90089, -1.68526], [127.89168, -1.68277], [127.88694, -1.68296], [127.88258, -1.68469], [127.87242, -1.69217], [127.86519, -1.69319], [127.85541, -1.69774], [127.84854, -1.69778], [127.84363, -1.69409], [127.8395, -1.69334], [127.83611, -1.69432], [127.83085, -1.69781], [127.82872, -1.69855], [127.82475, -1.69854], [127.8164, -1.70072], [127.81355, -1.69902], [127.7979, -1.69544], [127.79108, -1.69571], [127.78561, -1.69407], [127.78004, -1.69096], [127.77282, -1.68861], [127.77166, -1.68901], [127.76938, -1.6886], [127.76378, -1.68973], [127.7577, -1.68711], [127.7537, -1.68653], [127.74712, -1.68743], [127.7451, -1.6891], [127.74166, -1.69431], [127.73822, -1.69554], [127.73569, -1.69562], [127.73264, -1.69374], [127.72893, -1.68763], [127.71964, -1.68614], [127.71005, -1.68789], [127.70483, -1.69006], [127.70285, -1.69234], [127.69813, -1.69513], [127.69181, -1.70335], [127.68473, -1.70518], [127.68112, -1.70347], [127.67943, -1.70343], [127.67384, -1.70601], [127.67113, -1.70855], [127.67022, -1.71043], [127.6705, -1.71585], [127.66856, -1.72341], [127.66378, -1.72633]]], [[[127.60299, -1.84737], [127.6018, -1.84725], [127.60216, -1.84837], [127.60127, -1.84846], [127.60156, -1.84722], [127.60045, -1.84521], [127.59363, -1.84666], [127.59038, -1.84845], [127.59007, -1.84925], [127.59136, -1.84951], [127.59205, -1.85069], [127.59014, -1.85317], [127.59321, -1.85211], [127.59461, -1.85319], [127.59607, -1.85291], [127.59393, -1.8539], [127.5932, -1.85534], [127.59414, -1.85583], [127.59347, -1.85653], [127.58901, -1.85919], [127.58248, -1.8615], [127.57986, -1.86378], [127.57979, -1.86497], [127.57811, -1.86632], [127.57686, -1.86656], [127.57725, -1.86577], [127.57662, -1.86537], [127.57292, -1.86568], [127.5715, -1.86521], [127.57211, -1.86264], [127.57493, -1.86352], [127.57741, -1.86045], [127.57665, -1.85959], [127.57432, -1.86123], [127.57251, -1.86045], [127.57297, -1.85749], [127.57239, -1.8552], [127.57319, -1.85313], [127.57179, -1.85226], [127.57269, -1.85128], [127.57217, -1.8503], [127.57289, -1.84937], [127.5716, -1.84715], [127.57225, -1.84427], [127.57189, -1.84287], [127.5742, -1.83804], [127.57946, -1.83501], [127.58059, -1.83235], [127.58055, -1.8304], [127.58322, -1.82764], [127.58409, -1.8276], [127.58341, -1.82956], [127.5839, -1.83152], [127.58493, -1.8319], [127.58756, -1.82993], [127.58725, -1.82958], [127.58795, -1.82987], [127.58826, -1.82913], [127.58969, -1.82905], [127.5941, -1.82606], [127.60192, -1.82256], [127.60547, -1.82284], [127.60713, -1.82226], [127.60855, -1.82272], [127.61312, -1.82209], [127.61589, -1.82237], [127.618, -1.8237], [127.62624, -1.82239], [127.62846, -1.82093], [127.631, -1.82044], [127.64153, -1.82204], [127.6446, -1.82646], [127.64501, -1.82892], [127.64387, -1.83204], [127.6419, -1.83246], [127.64217, -1.83307], [127.64527, -1.8335], [127.64501, -1.83439], [127.64076, -1.83805], [127.63753, -1.83985], [127.64119, -1.84069], [127.64099, -1.84117], [127.63952, -1.84205], [127.63666, -1.84131], [127.63703, -1.84219], [127.6387, -1.84261], [127.63602, -1.8459], [127.62928, -1.84846], [127.62861, -1.84974], [127.62567, -1.85026], [127.62541, -1.84926], [127.62455, -1.84904], [127.62247, -1.85104], [127.61935, -1.85131], [127.61867, -1.85077], [127.61898, -1.84958], [127.61852, -1.84917], [127.61177, -1.84772], [127.6101, -1.84794], [127.60876, -1.84656], [127.60299, -1.84737]]], [[[127.64518, -1.84188], [127.64572, -1.84208], [127.64305, -1.84332], [127.64269, -1.844], [127.64331, -1.84442], [127.63976, -1.84704], [127.6395, -1.8464], [127.63864, -1.84642], [127.63837, -1.84433], [127.64169, -1.8435], [127.64162, -1.84273], [127.6425, -1.84225], [127.64518, -1.84188]]], [[[127.63827, -1.84703], [127.63812, -1.84786], [127.63945, -1.84839], [127.6353, -1.85095], [127.63331, -1.85091], [127.63478, -1.84948], [127.63702, -1.84859], [127.63653, -1.84821], [127.63742, -1.84695], [127.63823, -1.84658], [127.63827, -1.84703]]]]}}, {"type": "Feature", "properties": {"domain_id": "820416", "name": "KASIRUTA TIMUR"}, "geometry": {"type": "MultiPolygon", "coordinates": [[[[127.22793, -0.50889], [127.22845, -0.51135], [127.22683, -0.51176], [127.22589, -0.51071], [127.22361, -0.51048], [127.22094, -0.51262], [127.22101, -0.51415], [127.2167, -0.51758], [127.21263, -0.51668], [127.21139, -0.51613], [127.21135, -0.51495], [127.20995, -0.51425], [127.20861, -0.5147], [127.2079, -0.51409], [127.2057, -0.51578], [127.20439, -0.51521], [127.20305, -0.51632], [127.20322, -0.51705], [127.20185, -0.51884], [127.19988, -0.51904], [127.20101, -0.51716], [127.20015, -0.51267], [127.19893, -0.50948], [127.19619, -0.50755], [127.19501, -0.50077], [127.19379, -0.49988], [127.19292, -0.49783], [127.19489, -0.49661], [127.19535, -0.4934], [127.19056, -0.48409], [127.18796, -0.48286], [127.19026, -0.47653], [127.19975, -0.46759], [127.20162, -0.45221], [127.20288, -0.44727], [127.20469, -0.44405], [127.20451, -0.43649], [127.2065, -0.4314], [127.20745, -0.42435], [127.20921, -0.42126], [127.20943, -0.4152], [127.21083, -0.41133], [127.21259, -0.40868], [127.21143, -0.39807], [127.21448, -0.38827], [127.21409, -0.37232], [127.21598, -0.37134], [127.22095, -0.36033], [127.2224, -0.3587], [127.22566, -0.35698], [127.22686, -0.35264], [127.22564, -0.34865], [127.22582, -0.34331], [127.22379, -0.33712], [127.22463, -0.33332], [127.22617, -0.33171], [127.22683, -0.32757], [127.22429, -0.32153], [127.2076, -0.32304], [127.20549, -0.32227], [127.1996, -0.30737], [127.19931, -0.3053], [127.19707, -0.30521], [127.19667, -0.30438], [127.19385, -0.3047], [127.19249, -0.30373], [127.19185, -0.29977], [127.19083, -0.29785], [127.17938, -0.29812], [127.17039, -0.29498], [127.15973, -0.29365], [127.15692, -0.29127], [127.15477, -0.2855], [127.15109, -0.28321], [127.14902, -0.28085], [127.14771, -0.28048], [127.14281, -0.27405], [127.14079, -0.27271], [127.14048, -0.27138], [127.13895, -0.27016], [127.14076, -0.27094], [127.14178, -0.27035], [127.14213, -0.26921], [127.14066, -0.26744], [127.14255, -0.26704], [127.14273, -0.26539], [127.14391, -0.26488], [127.14476, -0.26521], [127.14485, -0.26346], [127.14686, -0.26303], [127.14725, -0.26188], [127.14684, -0.2608], [127.14779, -0.25819], [127.14882, -0.25879], [127.14979, -0.25843], [127.15061, -0.2575], [127.15051, -0.25616], [127.15208, -0.25866], [127.15073, -0.26202], [127.15127, -0.26259], [127.15436, -0.26282], [127.15532, -0.26426], [127.15751, -0.26409], [127.15913, -0.26264], [127.15969, -0.26167], [127.15936, -0.2604], [127.16251, -0.25969], [127.16299, -0.25848], [127.16143, -0.25702], [127.1635, -0.25585], [127.16594, -0.25774], [127.16579, -0.26011], [127.16705, -0.26063], [127.16956, -0.25982], [127.17078, -0.26008], [127.17091, -0.26299], [127.17266, -0.26352], [127.17374, -0.26272], [127.17395, -0.26368], [127.17542, -0.26411], [127.18341, -0.26163], [127.18413, -0.26053], [127.18374, -0.25742], [127.18493, -0.25785], [127.18806, -0.25668], [127.18779, -0.25556], [127.18888, -0.25597], [127.18925, -0.25475], [127.19157, -0.25575], [127.19217, -0.25722], [127.19376, -0.25716], [127.1945, -0.25593], [127.19364, -0.25481], [127.19491, -0.25441], [127.1948, -0.2527], [127.19535, -0.25237], [127.19646, -0.2526], [127.19626, -0.25446], [127.19863, -0.25588], [127.19927, -0.25697], [127.20128, -0.25685], [127.20324, -0.25489], [127.20423, -0.25584], [127.20509, -0.25494], [127.20552, -0.25571], [127.20627, -0.25562], [127.20649, -0.25478], [127.20741, -0.25539], [127.20733, -0.25598], [127.2085, -0.25604], [127.20975, -0.25775], [127.21268, -0.25659], [127.2151, -0.25781], [127.22065, -0.25718], [127.22154, -0.25685], [127.22179, -0.25596], [127.22349, -0.25573], [127.22496, -0.2544], [127.22547, -0.2552], [127.22698, -0.25455], [127.23076, -0.25195], [127.23082, -0.25026], [127.23211, -0.25022], [127.2384, -0.2475], [127.23984, -0.24581], [127.23985, -0.24497], [127.24111, -0.24549], [127.24215, -0.24716], [127.24585, -0.24715], [127.24531, -0.24836], [127.24312, -0.24949], [127.24065, -0.25231], [127.24074, -0.25455], [127.24176, -0.2543], [127.2409, -0.25363], [127.24173, -0.25341], [127.24249, -0.25441], [127.24366, -0.25419], [127.24345, -0.25568], [127.24573, -0.25523], [127.24628, -0.25624], [127.24969, -0.25497], [127.24941, -0.25604], [127.24787, -0.25635], [127.24925, -0.25648], [127.24918, -0.25746], [127.24994, -0.25664], [127.25003, -0.25987], [127.25111, -0.26047], [127.25116, -0.26121], [127.25178, -0.2611], [127.25088, -0.26199], [127.25142, -0.26349], [127.25299, -0.26338], [127.25263, -0.26416], [127.25293, -0.2648], [127.25373, -0.26461], [127.25343, -0.26511], [127.25436, -0.26737], [127.25532, -0.26788], [127.25467, -0.26714], [127.25553, -0.26733], [127.25769, -0.26977], [127.25702, -0.26855], [127.25825, -0.26846], [127.25907, -0.26953], [127.2579, -0.26994], [127.25777, -0.27065], [127.25889, -0.27077], [127.25933, -0.27177], [127.25812, -0.27181], [127.25732, -0.27412], [127.25888, -0.27393], [127.26003, -0.27533], [127.26144, -0.27463], [127.26115, -0.27961], [127.26326, -0.28017], [127.2625, -0.27873], [127.26471, -0.2761], [127.26481, -0.27745], [127.26678, -0.27774], [127.26659, -0.27814], [127.26554, -0.27773], [127.26535, -0.27858], [127.26752, -0.27829], [127.26868, -0.27675], [127.27012, -0.27831], [127.27179, -0.27792], [127.27036, -0.27896], [127.26879, -0.27856], [127.26807, -0.27982], [127.26747, -0.27907], [127.26599, -0.2799], [127.2671, -0.28014], [127.26733, -0.28101], [127.26661, -0.28158], [127.26601, -0.28117], [127.26598, -0.28374], [127.26681, -0.28213], [127.26925, -0.28005], [127.26858, -0.28177], [127.26959, -0.28263], [127.27077, -0.2808], [127.27024, -0.28024], [127.2712, -0.28017], [127.27094, -0.27952], [127.27177, -0.28037], [127.27205, -0.27964], [127.27309, -0.28084], [127.27287, -0.28186], [127.27402, -0.28158], [127.275, -0.2824], [127.2756, -0.2811], [127.27646, -0.28114], [127.27553, -0.28021], [127.27585, -0.27976], [127.27748, -0.28062], [127.27858, -0.28024], [127.27871, -0.28141], [127.28097, -0.28092], [127.28227, -0.28037], [127.28248, -0.27871], [127.28453, -0.2792], [127.28533, -0.27875], [127.28591, -0.27698], [127.28654, -0.27735], [127.28608, -0.27912], [127.2866, -0.27918], [127.28676, -0.27843], [127.28975, -0.27632], [127.29028, -0.27379], [127.29298, -0.27013], [127.30032, -0.26823], [127.30155, -0.26949], [127.30469, -0.26976], [127.30534, -0.27031], [127.30595, -0.27927], [127.30503, -0.28067], [127.30538, -0.27929], [127.3046, -0.27824], [127.30471, -0.27917], [127.30268, -0.28104], [127.3029, -0.28718], [127.30235, -0.2871], [127.30158, -0.28488], [127.30037, -0.28679], [127.2992, -0.28696], [127.29853, -0.2887], [127.29647, -0.28818], [127.29578, -0.28911], [127.29439, -0.28912], [127.28905, -0.29219], [127.28716, -0.29235], [127.28475, -0.29069], [127.28404, -0.29147], [127.28546, -0.29311], [127.28416, -0.29375], [127.28297, -0.29287], [127.28299, -0.2941], [127.28375, -0.2946], [127.2824, -0.29431], [127.28136, -0.29563], [127.2814, -0.29387], [127.28086, -0.29344], [127.28133, -0.29249], [127.28038, -0.29189], [127.27996, -0.29283], [127.27961, -0.29259], [127.28046, -0.29124], [127.28216, -0.29198], [127.28307, -0.2914], [127.28313, -0.28869], [127.28234, -0.28943], [127.28205, -0.28848], [127.28135, -0.28913], [127.28237, -0.28976], [127.28155, -0.29064], [127.2797, -0.28962], [127.27569, -0.29033], [127.26906, -0.28777], [127.26643, -0.28858], [127.26546, -0.28657], [127.26567, -0.28766], [127.26472, -0.28877], [127.26626, -0.28965], [127.26694, -0.29087], [127.2659, -0.29095], [127.2658, -0.29174], [127.26785, -0.29148], [127.2675, -0.29259], [127.26805, -0.29283], [127.26751, -0.29344], [127.26533, -0.293], [127.26419, -0.28971], [127.26402, -0.29088], [127.26349, -0.28999], [127.26255, -0.29121], [127.26218, -0.2901], [127.26071, -0.29046], [127.26039, -0.28999], [127.2594, -0.29011], [127.25866, -0.29129], [127.25816, -0.2909], [127.25714, -0.29146], [127.25499, -0.29438], [127.25683, -0.2953], [127.258, -0.29831], [127.26112, -0.30014], [127.26158, -0.30205], [127.26024, -0.30478], [127.25661, -0.30715], [127.25577, -0.30918], [127.25345, -0.31107], [127.25384, -0.31252], [127.25247, -0.31189], [127.25299, -0.31424], [127.2524, -0.31629], [127.25326, -0.31671], [127.25377, -0.31846], [127.25327, -0.31966], [127.2505, -0.31994], [127.25043, -0.32115], [127.2513, -0.32209], [127.25243, -0.32158], [127.25345, -0.32498], [127.254, -0.32522], [127.25304, -0.32572], [127.25289, -0.32693], [127.25382, -0.33155], [127.25363, -0.33328], [127.25296, -0.33333], [127.25354, -0.33455], [127.25291, -0.33625], [127.25412, -0.33818], [127.25589, -0.33867], [127.26083, -0.33677], [127.26322, -0.33463], [127.26368, -0.33329], [127.26643, -0.33586], [127.26758, -0.33547], [127.26786, -0.33698], [127.26971, -0.3386], [127.26993, -0.34128], [127.26793, -0.34442], [127.26731, -0.34505], [127.26561, -0.34513], [127.26514, -0.34635], [127.26419, -0.34667], [127.26533, -0.34809], [127.26543, -0.34993], [127.26686, -0.35077], [127.26663, -0.35284], [127.2679, -0.35271], [127.27233, -0.35414], [127.27316, -0.35593], [127.27618, -0.35883], [127.27452, -0.36065], [127.2745, -0.36154], [127.27724, -0.36297], [127.27942, -0.36332], [127.28531, -0.36958], [127.28553, -0.37075], [127.28676, -0.37161], [127.28798, -0.37388], [127.28804, -0.37601], [127.28657, -0.37717], [127.28671, -0.37881], [127.28444, -0.38066], [127.28461, -0.38156], [127.28357, -0.38189], [127.2837, -0.38395], [127.28447, -0.3847], [127.28377, -0.38642], [127.28397, -0.38777], [127.28648, -0.38924], [127.28744, -0.39089], [127.2864, -0.39303], [127.28624, -0.39607], [127.28691, -0.39885], [127.28545, -0.39964], [127.28287, -0.39919], [127.28273, -0.39777], [127.28382, -0.3974], [127.28254, -0.39748], [127.28082, -0.3961], [127.28051, -0.395], [127.27991, -0.39508], [127.27921, -0.39879], [127.27359, -0.39864], [127.26632, -0.40404], [127.26465, -0.40427], [127.26313, -0.40611], [127.26349, -0.40948], [127.26254, -0.4125], [127.26381, -0.41314], [127.26397, -0.41469], [127.26449, -0.4139], [127.26552, -0.41431], [127.26699, -0.41762], [127.26698, -0.41918], [127.26569, -0.42123], [127.26668, -0.42298], [127.26652, -0.42469], [127.26726, -0.42681], [127.26678, -0.42892], [127.26777, -0.4297], [127.26747, -0.43126], [127.26934, -0.4343], [127.27293, -0.43783], [127.27584, -0.44315], [127.27535, -0.44658], [127.27344, -0.44778], [127.27177, -0.44686], [127.27136, -0.44833], [127.26976, -0.44939], [127.26992, -0.45033], [127.27327, -0.45074], [127.27617, -0.44947], [127.27837, -0.45028], [127.27873, -0.45107], [127.27822, -0.45409], [127.27559, -0.45473], [127.27575, -0.45532], [127.27768, -0.45536], [127.27708, -0.45687], [127.27343, -0.45883], [127.27264, -0.45806], [127.27138, -0.45986], [127.26926, -0.46137], [127.26766, -0.46081], [127.26679, -0.46125], [127.26766, -0.46198], [127.26563, -0.46317], [127.26528, -0.46453], [127.26632, -0.46563], [127.26564, -0.46649], [127.26387, -0.46686], [127.26353, -0.46605], [127.26284, -0.46631], [127.26242, -0.46818], [127.2594, -0.46933], [127.25682, -0.47255], [127.2567, -0.47337], [127.2584, -0.4748], [127.25754, -0.47629], [127.26034, -0.47456], [127.26098, -0.47478], [127.25972, -0.4769], [127.25982, -0.47803], [127.25809, -0.47846], [127.25881, -0.47898], [127.25855, -0.48288], [127.26009, -0.48474], [127.26454, -0.48708], [127.26491, -0.49033], [127.26329, -0.48954], [127.26314, -0.49081], [127.26401, -0.49103], [127.26401, -0.49163], [127.26133, -0.49167], [127.25852, -0.49377], [127.24953, -0.49449], [127.24793, -0.49527], [127.2454, -0.49482], [127.2455, -0.494], [127.24418, -0.49392], [127.24364, -0.49316], [127.23821, -0.49295], [127.23652, -0.49231], [127.23638, -0.49167], [127.23336, -0.49151], [127.23259, -0.49304], [127.23149, -0.49372], [127.22748, -0.49268], [127.22536, -0.49666], [127.22595, -0.49629], [127.22675, -0.49705], [127.22675, -0.49842], [127.22729, -0.49857], [127.22699, -0.49979], [127.22831, -0.49984], [127.22822, -0.50141], [127.22722, -0.50086], [127.22694, -0.50088], [127.22765, -0.50223], [127.22844, -0.50229], [127.2306, -0.50475], [127.22981, -0.50608], [127.23044, -0.50563], [127.23001, -0.50753], [127.23099, -0.50713], [127.2311, -0.50528], [127.23144, -0.50673], [127.23124, -0.50748], [127.23005, -0.50802], [127.22774, -0.5073], [127.2274, -0.50804], [127.22793, -0.50889]]], [[[127.26227, -0.50134], [127.26456, -0.50181], [127.26461, -0.50107], [127.26532, -0.5016], [127.26541, -0.5011], [127.26651, -0.50157], [127.26783, -0.50107], [127.26803, -0.50365], [127.26446, -0.50507], [127.26465, -0.50561], [127.26708, -0.50604], [127.26775, -0.50729], [127.26753, -0.50814], [127.26635, -0.50874], [127.26722, -0.51065], [127.26688, -0.51608], [127.26791, -0.51774], [127.26698, -0.51896], [127.26805, -0.51926], [127.2694, -0.52132], [127.26897, -0.52497], [127.26804, -0.52551], [127.26906, -0.5261], [127.26986, -0.52533], [127.27124, -0.52581], [127.27223, -0.52744], [127.2734, -0.5277], [127.26974, -0.52977], [127.26751, -0.52993], [127.26681, -0.53146], [127.26446, -0.52988], [127.26442, -0.5277], [127.2626, -0.52747], [127.263, -0.52706], [127.26067, -0.52371], [127.26097, -0.52219], [127.26349, -0.5215], [127.26312, -0.52], [127.26523, -0.51905], [127.26502, -0.51659], [127.26548, -0.51619], [127.26161, -0.51383], [127.25993, -0.51367], [127.25833, -0.51491], [127.25661, -0.51431], [127.25587, -0.5147], [127.25353, -0.51365], [127.25251, -0.51149], [127.25302, -0.5101], [127.2552, -0.50993], [127.25801, -0.50787], [127.25661, -0.50541], [127.25725, -0.50378], [127.25858, -0.50352], [127.25842, -0.50197], [127.26061, -0.50076], [127.26107, -0.50149], [127.2613, -0.50098], [127.26227, -0.50134]]], [[[127.29089, -0.33359], [127.29277, -0.33404], [127.29347, -0.33501], [127.29496, -0.33492], [127.29541, -0.33672], [127.29748, -0.33744], [127.29779, -0.33894], [127.29886, -0.3398], [127.29888, -0.34127], [127.30081, -0.34245], [127.3023, -0.3447], [127.30199, -0.34563], [127.30108, -0.34495], [127.29984, -0.34522], [127.29774, -0.34361], [127.2952, -0.34588], [127.29328, -0.34644], [127.29291, -0.34738], [127.29208, -0.3472], [127.29155, -0.34817], [127.29103, -0.34786], [127.29006, -0.34918], [127.28913, -0.34853], [127.28867, -0.35004], [127.28618, -0.34869], [127.28524, -0.34741], [127.28079, -0.34686], [127.28141, -0.34282], [127.28338, -0.33964], [127.28681, -0.33701], [127.28661, -0.33638], [127.28775, -0.3353], [127.28722, -0.3339], [127.28928, -0.33412], [127.28967, -0.33329], [127.29027, -0.33388], [127.29089, -0.33359]]], [[[127.30979, -0.2266], [127.31362, -0.22835], [127.31322, -0.22902], [127.31495, -0.23028], [127.31465, -0.23072], [127.31613, -0.23312], [127.31642, -0.23515], [127.315, -0.23609], [127.31478, -0.23527], [127.31394, -0.23541], [127.31252, -0.23398], [127.30976, -0.2345], [127.30911, -0.23505], [127.30889, -0.23967], [127.30622, -0.24199], [127.30518, -0.24183], [127.30475, -0.24025], [127.30364, -0.23912], [127.30359, -0.23821], [127.30435, -0.23762], [127.30327, -0.23665], [127.30243, -0.23711], [127.30215, -0.23651], [127.30268, -0.23507], [127.30345, -0.2351], [127.30254, -0.23348], [127.303, -0.23169], [127.30164, -0.23218], [127.30029, -0.23071], [127.29999, -0.23222], [127.30242, -0.2349], [127.30168, -0.23545], [127.30031, -0.23394], [127.30057, -0.23545], [127.29989, -0.23662], [127.2997, -0.23041], [127.29898, -0.23044], [127.2993, -0.22904], [127.29813, -0.22828], [127.29806, -0.22743], [127.30043, -0.22822], [127.30709, -0.22634], [127.30979, -0.2266]]], [[[127.27136, -0.47919], [127.27251, -0.48084], [127.27343, -0.48071], [127.27613, -0.483], [127.26968, -0.48513], [127.26865, -0.48411], [127.26555, -0.48422], [127.2635, -0.48243], [127.2639, -0.48079], [127.26694, -0.47785], [127.26935, -0.47924], [127.27136, -0.47919]]], [[[127.25642, -0.49532], [127.25745, -0.49535], [127.25758, -0.49602], [127.25671, -0.49554], [127.2571, -0.49645], [127.25766, -0.49665], [127.25792, -0.49605], [127.25916, -0.49755], [127.25583, -0.49813], [127.25461, -0.49717], [127.25413, -0.4954], [127.25642, -0.49532]]], [[[127.26638, -0.49477], [127.26499, -0.49518], [127.26207, -0.49316], [127.26473, -0.49287], [127.26638, -0.49477]]], [[[127.26227, -0.30711], [127.26116, -0.30773], [127.26014, -0.30558], [127.26239, -0.30474], [127.26285, -0.30665], [127.26227, -0.30711]]]]}}, {"type": "Feature", "properties": {"domain_id": "820430", "name": "OBI UTARA"}, "geometry": {"type": "MultiPolygon", "coordinates": [[[[127.65529, -1.22435], [127.66373, -1.22455], [127.66662, -1.22551], [127.67093, -1.22324], [127.68798, -1.22677], [127.69451, -1.22675], [127.69607, -1.22808], [127.69473, -1.23298], [127.69551, -1.23259], [127.69621, -1.23325], [127.69483, -1.23432], [127.6952, -1.23741], [127.6932, -1.23379], [127.69267, -1.23367], [127.69654, -1.24689], [127.69703, -1.25683], [127.69521, -1.26544], [127.69212, -1.27397], [127.69217, -1.27544], [127.69117, -1.27687], [127.69141, -1.27977], [127.69332, -1.28152], [127.69358, -1.28295], [127.69271, -1.28356], [127.69207, -1.2832], [127.69322, -1.28234], [127.69083, -1.28032], [127.69017, -1.28146], [127.69101, -1.28222], [127.69006, -1.28275], [127.68982, -1.28187], [127.68851, -1.28186], [127.68818, -1.28263], [127.69069, -1.28315], [127.69024, -1.28405], [127.69102, -1.2846], [127.69199, -1.28412], [127.69304, -1.28527], [127.68919, -1.28513], [127.68614, -1.2822], [127.68562, -1.28384], [127.68444, -1.2842], [127.68167, -1.28387], [127.6798, -1.28239], [127.67792, -1.28307], [127.67717, -1.28232], [127.67581, -1.28366], [127.67757, -1.2847], [127.67554, -1.28562], [127.67434, -1.28482], [127.6741, -1.28631], [127.67263, -1.28606], [127.6721, -1.28499], [127.6701, -1.2844], [127.6694, -1.28632], [127.67093, -1.2869], [127.67102, -1.28753], [127.67682, -1.28594], [127.6796, -1.28616], [127.67855, -1.28757], [127.67564, -1.288], [127.67834, -1.29139], [127.67783, -1.29246], [127.6764, -1.29303], [127.66972, -1.29165], [127.66345, -1.28702], [127.6581, -1.28499], [127.65499, -1.28478], [127.6538, -1.26491], [127.63791, -1.25839], [127.63615, -1.25628], [127.62606, -1.25114], [127.6173, -1.24838], [127.60397, -1.24286], [127.5926, -1.23973], [127.57955, -1.23051], [127.57295, -1.22878], [127.57005, -1.22708], [127.55931, -1.22348], [127.54673, -1.22483], [127.54128, -1.22678], [127.54028, -1.22796], [127.53921, -1.22815], [127.5353, -1.22561], [127.53244, -1.2258], [127.53016, -1.22733], [127.52559, -1.23656], [127.52188, -1.23932], [127.50752, -1.24525], [127.50685, -1.25017], [127.51074, -1.26891], [127.4988, -1.26935], [127.49444, -1.27143], [127.49043, -1.27076], [127.48762, -1.26877], [127.48595, -1.26253], [127.48433, -1.25999], [127.4775, -1.25703], [127.47528, -1.25723], [127.47239, -1.25599], [127.46981, -1.25611], [127.46801, -1.25551], [127.46535, -1.24955], [127.46553, -1.24053], [127.46644, -1.23805], [127.4706, -1.23395], [127.48045, -1.21699], [127.48474, -1.21346], [127.48874, -1.21241], [127.49175, -1.21252], [127.50138, -1.20926], [127.50484, -1.20723], [127.50894, -1.20291], [127.51004, -1.19891], [127.50892, -1.19154], [127.50943, -1.18815], [127.50861, -1.18324], [127.50958, -1.1818], [127.50942, -1.17949], [127.51005, -1.17839], [127.51288, -1.17707], [127.5195, -1.17843], [127.5222, -1.17682], [127.52721, -1.17644], [127.53054, -1.17788], [127.5339, -1.17782], [127.5395, -1.17923], [127.5464, -1.17211], [127.54839, -1.17116], [127.55448, -1.17546], [127.5602, -1.18134], [127.5622, -1.18217], [127.56533, -1.18905], [127.57077, -1.19153], [127.57677, -1.19681], [127.58149, -1.19818], [127.58409, -1.20129], [127.58655, -1.20263], [127.59126, -1.20158], [127.59295, -1.20188], [127.59624, -1.20814], [127.59879, -1.21053], [127.60289, -1.21029], [127.6088, -1.20788], [127.61234, -1.20835], [127.61788, -1.21075], [127.62506, -1.21215], [127.63098, -1.21551], [127.63336, -1.21768], [127.64151, -1.22125], [127.64714, -1.2206], [127.64934, -1.22237], [127.64984, -1.22195], [127.65115, -1.22314], [127.65249, -1.22284], [127.65283, -1.22356], [127.65529, -1.22435]]], [[[127.40745, -1.1806], [127.40956, -1.179], [127.40948, -1.1779], [127.40751, -1.17585], [127.40888, -1.1744], [127.40853, -1.17337], [127.40949, -1.17227], [127.4094, -1.1633], [127.40617, -1.15997], [127.40435, -1.15942], [127.40607, -1.15617], [127.40526, -1.15221], [127.4025, -1.1493], [127.40094, -1.14853], [127.3985, -1.14848], [127.39695, -1.14961], [127.3971, -1.14914], [127.39617, -1.14869], [127.39581, -1.14519], [127.39721, -1.14252], [127.40407, -1.13984], [127.40709, -1.13694], [127.41166, -1.13642], [127.415, -1.13736], [127.41769, -1.13891], [127.42513, -1.14637], [127.42607, -1.14981], [127.42882, -1.15277], [127.43178, -1.15952], [127.43194, -1.16091], [127.43119, -1.16205], [127.43175, -1.16346], [127.43153, -1.16732], [127.43199, -1.16713], [127.43202, -1.16844], [127.43437, -1.17235], [127.43495, -1.17691], [127.43729, -1.17821], [127.44018, -1.18188], [127.43984, -1.1824], [127.40745, -1.1806]]], [[[127.70253, -1.27111], [127.70349, -1.27115], [127.70357, -1.27181], [127.70224, -1.27274], [127.70163, -1.27409], [127.70345, -1.27506], [127.70213, -1.27582], [127.70245, -1.27831], [127.70178, -1.28155], [127.70114, -1.28165], [127.70073, -1.27996], [127.70017, -1.28025], [127.69948, -1.27962], [127.69906, -1.27742], [127.69949, -1.27589], [127.69846, -1.27561], [127.69827, -1.27419], [127.6974, -1.27332], [127.69918, -1.2707], [127.70211, -1.27097], [127.70162, -1.27179], [127.70253, -1.27111]]], [[[127.70438, -1.2854], [127.70618, -1.2871], [127.70493, -1.28826], [127.70122, -1.28552], [127.70048, -1.28322], [127.70337, -1.28546], [127.70438, -1.2854]]], [[[127.70111, -1.26905], [127.70059, -1.26966], [127.69874, -1.26967], [127.69873, -1.26796], [127.70023, -1.26698], [127.69955, -1.26412], [127.70048, -1.26472], [127.70111, -1.26905]]], [[[127.69662, -1.27664], [127.69522, -1.27743], [127.69399, -1.27683], [127.69613, -1.27473], [127.6974, -1.27585], [127.69662, -1.27664]]]]}}, {"type": "Feature", "properties": {"domain_id": "820511", "name": "MANGOLI TENGAH"}, "geometry": {"type": "MultiPolygon", "coordinates": [[[[125.84054, -1.89545], [125.8273, -1.89905], [125.81686, -1.90309], [125.8068, -1.90852], [125.80467, -1.91153], [125.80213, -1.91281], [125.80194, -1.91378], [125.79533, -1.91243], [125.79234, -1.91303], [125.79039, -1.91413], [125.78729, -1.91662], [125.7872, -1.91803], [125.78485, -1.92205], [125.78473, -1.92296], [125.78584, -1.92348], [125.78617, -1.92475], [125.78404, -1.92779], [125.78382, -1.93107], [125.78535, -1.93214], [125.78438, -1.93308], [125.78283, -1.93004], [125.77927, -1.92759], [125.77623, -1.92699], [125.77569, -1.92838], [125.77411, -1.92911], [125.77388, -1.92726], [125.77463, -1.92699], [125.77502, -1.92548], [125.77475, -1.9235], [125.77254, -1.92177], [125.76827, -1.92065], [125.76544, -1.92106], [125.76476, -1.92505], [125.76207, -1.92802], [125.76044, -1.92884], [125.75847, -1.92897], [125.75414, -1.92716], [125.74872, -1.92657], [125.74482, -1.92726], [125.74169, -1.9292], [125.7371, -1.9295], [125.73488, -1.92902], [125.73614, -1.92781], [125.73675, -1.92566], [125.7364, -1.92315], [125.73741, -1.92373], [125.73777, -1.92258], [125.73718, -1.92164], [125.73746, -1.91968], [125.73669, -1.91943], [125.73706, -1.91773], [125.73599, -1.91596], [125.73691, -1.91388], [125.73586, -1.91306], [125.73495, -1.91418], [125.7346, -1.91217], [125.73342, -1.9125], [125.73193, -1.91061], [125.73294, -1.90836], [125.73661, -1.9051], [125.73687, -1.90381], [125.73844, -1.90299], [125.73873, -1.90107], [125.74404, -1.89917], [125.74761, -1.89607], [125.75059, -1.89096], [125.75237, -1.89048], [125.7532, -1.88893], [125.75439, -1.88822], [125.75784, -1.88691], [125.75915, -1.88406], [125.76355, -1.88263], [125.76772, -1.87906], [125.76891, -1.8768], [125.77307, -1.8743], [125.77505, -1.8703], [125.77796, -1.8683], [125.78031, -1.86567], [125.78249, -1.86542], [125.78329, -1.86473], [125.78546, -1.86016], [125.79106, -1.86051], [125.79386, -1.85971], [125.7958, -1.85331], [125.79757, -1.85034], [125.79797, -1.84606], [125.7986, -1.84492], [125.79848, -1.84332], [125.79694, -1.84016], [125.79573, -1.83109], [125.79942, -1.82777], [125.80264, -1.82676], [125.8048, -1.8253], [125.80584, -1.82167], [125.80982, -1.82099], [125.81134, -1.81974], [125.81375, -1.81919], [125.81356, -1.81667], [125.81433, -1.81508], [125.816, -1.81461], [125.81715, -1.81498], [125.81805, -1.81429], [125.81849, -1.81258], [125.81729, -1.81186], [125.81766, -1.81082], [125.82267, -1.81024], [125.82364, -1.80861], [125.82346, -1.8071], [125.82605, -1.80456], [125.82799, -1.80355], [125.83039, -1.80347], [125.83145, -1.80262], [125.83432, -1.80297], [125.83752, -1.80492], [125.83995, -1.80293], [125.84199, -1.80243], [125.84327, -1.80322], [125.8436, -1.80511], [125.84512, -1.80555], [125.84614, -1.80461], [125.84741, -1.80472], [125.84811, -1.8063], [125.84963, -1.80743], [125.85226, -1.80602], [125.85201, -1.80366], [125.85304, -1.80268], [125.85748, -1.80289], [125.86193, -1.80477], [125.86389, -1.80646], [125.87389, -1.80709], [125.87611, -1.8063], [125.8769, -1.80531], [125.87796, -1.80027], [125.87883, -1.80014], [125.88025, -1.80159], [125.88265, -1.80103], [125.88374, -1.7959], [125.88477, -1.7945], [125.88744, -1.79555], [125.90697, -1.79721], [125.90915, -1.7961], [125.91004, -1.79381], [125.91356, -1.79308], [125.95226, -1.79786], [125.95345, -1.79765], [125.95513, -1.79623], [125.95762, -1.79582], [125.96608, -1.79713], [125.98606, -1.79788], [125.99471, -1.79914], [126.00029, -1.79796], [126.00896, -1.79883], [126.00963, -1.79949], [126.01625, -1.7989], [126.03169, -1.79996], [126.03636, -1.80115], [126.05073, -1.80239], [126.05729, -1.80185], [126.06012, -1.80316], [126.067, -1.80383], [126.07467, -1.80579], [126.0898, -1.80826], [126.1139, -1.81002], [126.12976, -1.81164], [126.12995, -1.81209], [126.13338, -1.81145], [126.13464, -1.81064], [126.1382, -1.81109], [126.13987, -1.81033], [126.14471, -1.81059], [126.14812, -1.80886], [126.14802, -1.81071], [126.14461, -1.81165], [126.14199, -1.81366], [126.13302, -1.81735], [126.12199, -1.82021], [126.10626, -1.81924], [126.10156, -1.81675], [126.09461, -1.81694], [126.08852, -1.82075], [126.08595, -1.8217], [126.08214, -1.8218], [126.07019, -1.82512], [126.0693, -1.82769], [126.06633, -1.82995], [126.06347, -1.83019], [126.06098, -1.8315], [126.04908, -1.83221], [126.04789, -1.834], [126.04091, -1.83327], [126.00777, -1.84266], [125.99625, -1.84994], [125.99102, -1.85184], [125.98721, -1.85637], [125.98237, -1.85567], [125.97921, -1.85746], [125.97048, -1.86562], [125.96948, -1.86803], [125.96984, -1.86957], [125.96865, -1.87445], [125.96734, -1.87576], [125.96592, -1.88468], [125.96639, -1.88861], [125.96568, -1.89432], [125.96449, -1.89634], [125.96211, -1.89789], [125.96044, -1.90086], [125.9608, -1.90622], [125.96247, -1.91133], [125.96116, -1.91407], [125.95794, -1.9157], [125.95742, -1.91796], [125.94713, -1.92139], [125.92836, -1.93465], [125.92038, -1.93858], [125.91772, -1.93895], [125.91103, -1.93784], [125.90481, -1.93575], [125.90035, -1.93255], [125.89519, -1.92674], [125.88674, -1.92074], [125.87872, -1.91276], [125.86644, -1.90716], [125.86412, -1.90468], [125.8533, -1.89853], [125.84331, -1.89519], [125.84054, -1.89545]]], [[[125.80731, -1.91468], [125.80598, -1.91705], [125.80203, -1.92032], [125.79949, -1.92025], [125.79817, -1.92131], [125.79589, -1.92108], [125.79577, -1.91966], [125.79851, -1.91694], [125.80064, -1.9162], [125.80236, -1.91394], [125.80638, -1.91261], [125.80705, -1.91294], [125.80731, -1.91468]]], [[[125.78464, -1.94107], [125.78559, -1.94212], [125.7846, -1.9433], [125.78229, -1.94145], [125.78286, -1.94087], [125.78464, -1.94107]]]]}}, {"type": "Feature", "properties": {"domain_id": "820513", "name": "MANGOLI UTARA"}, "geometry": {"type": "MultiPolygon", "coordinates": [[[[125.52708, -1.8549], [125.51035, -1.85425], [125.51032, -1.84866], [125.49434, -1.8479], [125.49235, -1.84726], [125.46089, -1.8448], [125.46009, -1.81181], [125.46581, -1.7803], [125.46966, -1.77961], [125.47399, -1.78191], [125.47762, -1.78005], [125.48017, -1.77974], [125.48416, -1.78244], [125.48698, -1.78328], [125.48723, -1.78532], [125.48663, -1.78682], [125.48558, -1.78843], [125.4818, -1.79089], [125.4812, -1.7923], [125.48154, -1.79317], [125.48037, -1.79518], [125.47831, -1.79724], [125.47569, -1.79866], [125.47378, -1.79887], [125.47305, -1.80038], [125.47152, -1.80083], [125.4715, -1.80202], [125.47238, -1.80363], [125.47418, -1.80338], [125.47629, -1.80425], [125.47744, -1.8026], [125.4809, -1.80311], [125.48202, -1.8043], [125.48138, -1.80688], [125.48399, -1.80972], [125.48513, -1.80982], [125.48684, -1.80864], [125.48765, -1.80935], [125.48725, -1.81208], [125.48599, -1.81382], [125.48551, -1.81629], [125.48596, -1.81808], [125.48847, -1.81989], [125.49085, -1.8186], [125.49201, -1.81706], [125.49273, -1.81377], [125.49588, -1.80827], [125.49693, -1.80766], [125.49791, -1.80997], [125.49742, -1.81055], [125.4978, -1.81271], [125.49657, -1.81626], [125.49701, -1.81735], [125.49822, -1.81714], [125.4977, -1.82036], [125.5, -1.82203], [125.50129, -1.82193], [125.50201, -1.82116], [125.50324, -1.81341], [125.50533, -1.81437], [125.50828, -1.80956], [125.50955, -1.80934], [125.51116, -1.81069], [125.5124, -1.81078], [125.51353, -1.81259], [125.51322, -1.81614], [125.51437, -1.81781], [125.5168, -1.81824], [125.51697, -1.81047], [125.51469, -1.80493], [125.51591, -1.80493], [125.51596, -1.8034], [125.5174, -1.80416], [125.51717, -1.80324], [125.51822, -1.80278], [125.51814, -1.80119], [125.52099, -1.80195], [125.52211, -1.80324], [125.52211, -1.80601], [125.52412, -1.8106], [125.52485, -1.81157], [125.52641, -1.81137], [125.52626, -1.81018], [125.52699, -1.8089], [125.52573, -1.80842], [125.5256, -1.80719], [125.52718, -1.80344], [125.52685, -1.80066], [125.52585, -1.7992], [125.52614, -1.79806], [125.52911, -1.79532], [125.52984, -1.79539], [125.53143, -1.79338], [125.5316, -1.79217], [125.53262, -1.79228], [125.53259, -1.78997], [125.53472, -1.78895], [125.53563, -1.78779], [125.53888, -1.7865], [125.54068, -1.78811], [125.54311, -1.79305], [125.54235, -1.79713], [125.53909, -1.80296], [125.53932, -1.80455], [125.54073, -1.80382], [125.54143, -1.80427], [125.53988, -1.80824], [125.54097, -1.8108], [125.54063, -1.81181], [125.54126, -1.81242], [125.54323, -1.81227], [125.54352, -1.80928], [125.54678, -1.80667], [125.5483, -1.80338], [125.54941, -1.80241], [125.55081, -1.80238], [125.5549, -1.80426], [125.56273, -1.80292], [125.56383, -1.80446], [125.58365, -1.80981], [125.58613, -1.80934], [125.5873, -1.80827], [125.58752, -1.80585], [125.58841, -1.80517], [125.58872, -1.80623], [125.58757, -1.80843], [125.58801, -1.80986], [125.58716, -1.8115], [125.58786, -1.81274], [125.59019, -1.81422], [125.59326, -1.81418], [125.59421, -1.81323], [125.59441, -1.81075], [125.5969, -1.80844], [125.5977, -1.80854], [125.59912, -1.81168], [125.60171, -1.81252], [125.60076, -1.8148], [125.59948, -1.8153], [125.59934, -1.81653], [125.60081, -1.81843], [125.60365, -1.81978], [125.61077, -1.82079], [125.61655, -1.8201], [125.61792, -1.81927], [125.61881, -1.81437], [125.62093, -1.81282], [125.62286, -1.81275], [125.62414, -1.81759], [125.6285, -1.8224], [125.62887, -1.82814], [125.63054, -1.82908], [125.63513, -1.82982], [125.64001, -1.82984], [125.64153, -1.82926], [125.64235, -1.82833], [125.6425, -1.82671], [125.64779, -1.82122], [125.64878, -1.82139], [125.64997, -1.8229], [125.65218, -1.82195], [125.65396, -1.82332], [125.67003, -1.82568], [125.68102, -1.82558], [125.68379, -1.82384], [125.68877, -1.82288], [125.69016, -1.82364], [125.69194, -1.8293], [125.69697, -1.8303], [125.69896, -1.82725], [125.70209, -1.8252], [125.70286, -1.82189], [125.70516, -1.81938], [125.70724, -1.81878], [125.70915, -1.81939], [125.71117, -1.81777], [125.715, -1.8168], [125.71724, -1.81804], [125.71717, -1.82047], [125.71844, -1.82278], [125.72085, -1.82339], [125.72274, -1.82259], [125.72488, -1.82586], [125.72766, -1.82712], [125.73057, -1.82545], [125.7321, -1.82337], [125.73189, -1.82174], [125.73073, -1.82116], [125.72982, -1.81945], [125.73008, -1.81581], [125.73143, -1.81514], [125.7332, -1.81544], [125.73587, -1.81424], [125.74252, -1.8098], [125.74343, -1.80755], [125.74533, -1.8062], [125.74726, -1.80605], [125.74884, -1.80684], [125.7486, -1.8104], [125.74941, -1.81182], [125.74868, -1.8135], [125.75053, -1.81528], [125.75245, -1.81534], [125.75421, -1.81433], [125.755, -1.81295], [125.7542, -1.81152], [125.75489, -1.80772], [125.75547, -1.80669], [125.75706, -1.80628], [125.76244, -1.80856], [125.76544, -1.8055], [125.76639, -1.80552], [125.7674, -1.80794], [125.76914, -1.80618], [125.77006, -1.80759], [125.7693, -1.81001], [125.77157, -1.81286], [125.77297, -1.81225], [125.77301, -1.81131], [125.77498, -1.80917], [125.77397, -1.80777], [125.77471, -1.80546], [125.77566, -1.80567], [125.77614, -1.80786], [125.77727, -1.80951], [125.77933, -1.80935], [125.78094, -1.80738], [125.78101, -1.80513], [125.77879, -1.7995], [125.78025, -1.79787], [125.78491, -1.79911], [125.78424, -1.80264], [125.78338, -1.80387], [125.78416, -1.80535], [125.78995, -1.80551], [125.79213, -1.80798], [125.79398, -1.80649], [125.79687, -1.80659], [125.79988, -1.80923], [125.80176, -1.8098], [125.81462, -1.81137], [125.81755, -1.81056], [125.81721, -1.81169], [125.81849, -1.81258], [125.81736, -1.81491], [125.81572, -1.81463], [125.81421, -1.81522], [125.81354, -1.81682], [125.81375, -1.81919], [125.81134, -1.81974], [125.80982, -1.82099], [125.80584, -1.82167], [125.8048, -1.8253], [125.80264, -1.82676], [125.79942, -1.82777], [125.79573, -1.83109], [125.79694, -1.84016], [125.79848, -1.84332], [125.7986, -1.84492], [125.79797, -1.84606], [125.79757, -1.85034], [125.7958, -1.85331], [125.79386, -1.85971], [125.79106, -1.86051], [125.78546, -1.86016], [125.78329, -1.86473], [125.77995, -1.8661], [125.76975, -1.86715], [125.76518, -1.86474], [125.75745, -1.86557], [125.75352, -1.86676], [125.74734, -1.87248], [125.73496, -1.87105], [125.72806, -1.87319], [125.72081, -1.87307], [125.71593, -1.87176], [125.71319, -1.87176], [125.70994, -1.87314], [125.7001, -1.87343], [125.69844, -1.87283], [125.69356, -1.87355], [125.68607, -1.87283], [125.68037, -1.87402], [125.66481, -1.87448], [125.63919, -1.87067], [125.63062, -1.86653], [125.62491, -1.86665], [125.62265, -1.86821], [125.61503, -1.86708], [125.57125, -1.86388], [125.52708, -1.8549]]], [[[125.54554, -1.77064], [125.54626, -1.77279], [125.55136, -1.7752], [125.55208, -1.77663], [125.55146, -1.77847], [125.54531, -1.78147], [125.53827, -1.78156], [125.53348, -1.78], [125.53227, -1.77862], [125.5336, -1.77595], [125.52753, -1.77357], [125.52715, -1.77196], [125.52601, -1.77234], [125.52628, -1.77332], [125.52513, -1.77463], [125.52161, -1.77702], [125.51771, -1.77688], [125.51732, -1.77823], [125.51441, -1.77965], [125.50874, -1.77982], [125.5077, -1.77911], [125.50707, -1.77755], [125.50696, -1.77606], [125.50847, -1.77399], [125.51512, -1.77084], [125.51698, -1.76573], [125.52192, -1.76124], [125.52333, -1.76107], [125.52512, -1.76259], [125.5266, -1.76738], [125.52671, -1.76979], [125.5279, -1.76994], [125.53109, -1.76183], [125.53329, -1.76079], [125.53426, -1.75926], [125.53683, -1.75788], [125.53814, -1.75642], [125.54104, -1.75656], [125.54258, -1.75745], [125.54295, -1.75912], [125.54214, -1.76648], [125.54554, -1.77064]]], [[[125.69412, -1.76179], [125.69298, -1.75995], [125.68787, -1.75571], [125.68746, -1.75469], [125.6881, -1.75368], [125.69202, -1.75234], [125.69521, -1.75255], [125.69858, -1.75426], [125.70068, -1.75646], [125.70037, -1.75772], [125.69774, -1.76006], [125.69726, -1.7612], [125.69472, -1.76238], [125.69412, -1.76179]]], [[[125.62205, -1.81109], [125.62129, -1.81084], [125.62039, -1.80784], [125.62082, -1.80673], [125.62253, -1.80567], [125.62359, -1.80633], [125.62421, -1.80954], [125.62325, -1.811], [125.62205, -1.81109]]], [[[125.79753, -1.80446], [125.79679, -1.80485], [125.79596, -1.80201], [125.79718, -1.80027], [125.7985, -1.80079], [125.79912, -1.80217], [125.79877, -1.80382], [125.79753, -1.80446]]], [[[125.74995, -1.80158], [125.74944, -1.80359], [125.7478, -1.80206], [125.74824, -1.80085], [125.74948, -1.80084], [125.74995, -1.80158]]]]}}, {"type": "Feature", "properties": {"domain_id": "820415", "name": "KASIRUTA BARAT"}, "geometry": {"type": "MultiPolygon", "coordinates": [[[[127.19288, -0.4892], [127.19535, -0.4934], [127.1954, -0.49518], [127.19489, -0.49661], [127.19292, -0.49783], [127.19379, -0.49988], [127.19501, -0.50077], [127.19619, -0.50755], [127.19893, -0.50948], [127.20015, -0.51267], [127.20101, -0.51716], [127.20069, -0.51827], [127.19988, -0.51904], [127.1992, -0.51845], [127.1977, -0.51874], [127.19592, -0.52052], [127.19331, -0.52087], [127.19314, -0.52145], [127.18926, -0.52162], [127.18851, -0.52108], [127.18822, -0.51832], [127.18695, -0.51769], [127.18494, -0.52014], [127.18591, -0.52155], [127.18575, -0.52242], [127.18409, -0.52242], [127.18023, -0.5239], [127.17584, -0.52291], [127.17116, -0.52506], [127.1704, -0.5261], [127.17101, -0.52696], [127.17227, -0.5274], [127.17377, -0.52668], [127.17159, -0.5305], [127.16515, -0.53009], [127.16402, -0.53071], [127.16352, -0.53036], [127.16375, -0.5284], [127.16197, -0.52801], [127.16083, -0.52868], [127.16054, -0.52663], [127.15973, -0.52614], [127.1591, -0.52657], [127.15781, -0.52599], [127.15696, -0.52649], [127.15529, -0.52623], [127.15301, -0.52409], [127.15103, -0.5237], [127.14986, -0.5243], [127.14973, -0.52609], [127.14924, -0.52631], [127.14567, -0.524], [127.14395, -0.52449], [127.13956, -0.52254], [127.13848, -0.52267], [127.13652, -0.51976], [127.13677, -0.51654], [127.13404, -0.51421], [127.13301, -0.51394], [127.13044, -0.51502], [127.12901, -0.51728], [127.12911, -0.51857], [127.12785, -0.51824], [127.12814, -0.51591], [127.12627, -0.51464], [127.12593, -0.5135], [127.1266, -0.51403], [127.12653, -0.51249], [127.12536, -0.51189], [127.12535, -0.51258], [127.12337, -0.50907], [127.1241, -0.50819], [127.1246, -0.5086], [127.12441, -0.50722], [127.1255, -0.50762], [127.12525, -0.50626], [127.12728, -0.50577], [127.1285, -0.50475], [127.13313, -0.50455], [127.13665, -0.50315], [127.13696, -0.50263], [127.13649, -0.50248], [127.13757, -0.50173], [127.13697, -0.49885], [127.13624, -0.49843], [127.13439, -0.49949], [127.13249, -0.49902], [127.13171, -0.49964], [127.13071, -0.49735], [127.12929, -0.49666], [127.12727, -0.49739], [127.12439, -0.49744], [127.12237, -0.49905], [127.11895, -0.49918], [127.1182, -0.49878], [127.11829, -0.49706], [127.12079, -0.49329], [127.12052, -0.4911], [127.11935, -0.49077], [127.11957, -0.4894], [127.11892, -0.48773], [127.11684, -0.48607], [127.11608, -0.4865], [127.11379, -0.48596], [127.11171, -0.48696], [127.11123, -0.4865], [127.11185, -0.48447], [127.11394, -0.484], [127.11531, -0.48259], [127.1174, -0.48288], [127.12064, -0.48107], [127.12055, -0.48037], [127.11983, -0.48062], [127.12047, -0.47908], [127.1196, -0.47673], [127.11815, -0.47566], [127.12092, -0.47289], [127.12301, -0.47271], [127.12475, -0.47345], [127.12843, -0.47307], [127.12993, -0.474], [127.13251, -0.47324], [127.13841, -0.47419], [127.13914, -0.47501], [127.14099, -0.47479], [127.14172, -0.47585], [127.14248, -0.47514], [127.14377, -0.47573], [127.14404, -0.47481], [127.14444, -0.47561], [127.14655, -0.47525], [127.14764, -0.47626], [127.14993, -0.47425], [127.1545, -0.47492], [127.1561, -0.47445], [127.1565, -0.47368], [127.15613, -0.47219], [127.15378, -0.47105], [127.15407, -0.47025], [127.15266, -0.47016], [127.15283, -0.46829], [127.15183, -0.4672], [127.14876, -0.4682], [127.14731, -0.46669], [127.14819, -0.46596], [127.14815, -0.46466], [127.14965, -0.46222], [127.1487, -0.45996], [127.14419, -0.45768], [127.14017, -0.45446], [127.13854, -0.45402], [127.13736, -0.45238], [127.13305, -0.44946], [127.12683, -0.44741], [127.12705, -0.44585], [127.12374, -0.44402], [127.12417, -0.44234], [127.12238, -0.44143], [127.12404, -0.44066], [127.12623, -0.43663], [127.12543, -0.43451], [127.12424, -0.43445], [127.12285, -0.43314], [127.12092, -0.43309], [127.12081, -0.43382], [127.12087, -0.43286], [127.12393, -0.43113], [127.12296, -0.42723], [127.12083, -0.42803], [127.1179, -0.42588], [127.11608, -0.42583], [127.11372, -0.4247], [127.11045, -0.42522], [127.106, -0.42325], [127.10414, -0.42582], [127.10323, -0.42503], [127.10444, -0.4247], [127.10471, -0.42148], [127.10429, -0.42076], [127.10337, -0.42094], [127.10399, -0.42024], [127.10314, -0.41928], [127.10385, -0.41514], [127.10334, -0.41466], [127.10431, -0.41447], [127.10483, -0.41595], [127.10704, -0.41717], [127.1096, -0.41686], [127.1101, -0.41788], [127.11198, -0.41778], [127.11378, -0.41895], [127.11604, -0.41921], [127.11672, -0.41809], [127.11452, -0.41621], [127.11375, -0.41508], [127.11409, -0.41453], [127.11906, -0.41394], [127.12048, -0.41296], [127.12127, -0.4108], [127.12282, -0.41014], [127.1224, -0.40778], [127.12084, -0.40782], [127.12031, -0.40669], [127.11905, -0.40761], [127.1184, -0.40668], [127.11719, -0.40722], [127.11657, -0.40681], [127.11855, -0.40573], [127.11987, -0.40243], [127.11533, -0.39956], [127.11717, -0.39783], [127.11784, -0.39614], [127.11734, -0.39567], [127.11774, -0.39493], [127.1164, -0.3954], [127.11628, -0.39439], [127.11752, -0.39372], [127.1189, -0.39407], [127.11903, -0.39248], [127.11999, -0.39167], [127.11931, -0.39133], [127.11962, -0.39062], [127.11842, -0.39014], [127.11752, -0.38881], [127.11547, -0.38895], [127.11552, -0.39023], [127.11338, -0.39009], [127.11283, -0.38968], [127.11315, -0.3886], [127.11069, -0.38871], [127.10927, -0.388], [127.11165, -0.38663], [127.11371, -0.38752], [127.116, -0.3871], [127.1168, -0.38539], [127.11785, -0.38506], [127.11823, -0.38369], [127.11791, -0.38276], [127.1168, -0.38288], [127.11716, -0.3817], [127.11824, -0.38137], [127.11895, -0.37919], [127.12065, -0.37715], [127.11995, -0.37565], [127.1202, -0.37457], [127.11873, -0.37439], [127.11884, -0.37329], [127.12018, -0.37305], [127.12178, -0.36998], [127.12388, -0.37143], [127.12856, -0.37027], [127.13219, -0.36687], [127.13209, -0.36479], [127.13087, -0.36462], [127.13118, -0.36362], [127.13352, -0.36421], [127.13515, -0.36189], [127.13585, -0.35957], [127.13317, -0.3576], [127.13455, -0.35636], [127.13386, -0.35203], [127.13571, -0.34925], [127.13633, -0.34149], [127.13399, -0.33851], [127.13166, -0.33944], [127.13098, -0.33918], [127.12951, -0.33645], [127.13026, -0.33351], [127.13222, -0.33269], [127.13173, -0.3318], [127.13066, -0.33203], [127.1309, -0.33097], [127.13175, -0.33067], [127.13189, -0.32895], [127.13329, -0.32813], [127.13222, -0.32723], [127.13336, -0.32542], [127.13283, -0.32488], [127.13376, -0.32408], [127.13356, -0.32281], [127.13687, -0.32261], [127.13816, -0.32367], [127.13979, -0.32281], [127.13985, -0.32083], [127.13899, -0.31883], [127.13946, -0.31759], [127.13809, -0.31722], [127.13702, -0.31542], [127.1357, -0.31639], [127.13437, -0.31645], [127.13499, -0.31502], [127.13719, -0.31525], [127.13766, -0.31482], [127.13686, -0.31473], [127.13705, -0.31392], [127.13917, -0.31378], [127.14013, -0.31294], [127.13969, -0.31073], [127.13829, -0.30936], [127.13688, -0.30981], [127.13685, -0.30826], [127.13602, -0.30708], [127.13061, -0.30654], [127.1307, -0.30554], [127.13009, -0.30532], [127.1281, -0.30572], [127.12775, -0.3067], [127.12654, -0.30736], [127.12492, -0.3076], [127.12418, -0.30689], [127.12287, -0.3076], [127.12298, -0.3085], [127.12222, -0.30913], [127.12105, -0.30846], [127.12255, -0.30568], [127.12076, -0.30584], [127.12018, -0.30504], [127.11919, -0.30536], [127.11865, -0.30349], [127.11708, -0.30375], [127.11523, -0.30235], [127.11497, -0.3027], [127.115, -0.29932], [127.11323, -0.29925], [127.11438, -0.29772], [127.11562, -0.298], [127.1167, -0.29952], [127.12002, -0.29881], [127.11929, -0.29697], [127.12206, -0.29648], [127.12227, -0.29574], [127.12154, -0.29475], [127.12212, -0.29412], [127.12198, -0.29276], [127.12095, -0.29044], [127.11964, -0.29026], [127.11965, -0.28895], [127.11696, -0.28718], [127.11606, -0.28852], [127.11468, -0.28802], [127.11363, -0.28931], [127.11283, -0.28812], [127.11208, -0.28824], [127.11158, -0.29123], [127.11056, -0.29198], [127.10999, -0.29094], [127.11074, -0.29053], [127.11055, -0.28954], [127.1096, -0.2885], [127.11004, -0.28801], [127.10856, -0.28699], [127.11001, -0.2845], [127.10943, -0.28278], [127.10999, -0.28089], [127.11085, -0.28048], [127.11268, -0.28647], [127.11336, -0.28397], [127.11436, -0.28411], [127.1153, -0.28525], [127.11777, -0.28515], [127.11824, -0.28566], [127.11978, -0.28372], [127.12109, -0.28353], [127.12077, -0.28275], [127.12208, -0.28301], [127.1231, -0.28408], [127.12394, -0.28166], [127.12288, -0.28122], [127.12244, -0.27998], [127.12438, -0.27995], [127.12457, -0.27858], [127.12526, -0.27875], [127.12644, -0.27753], [127.12568, -0.27588], [127.12839, -0.27777], [127.12967, -0.27693], [127.12934, -0.27581], [127.13101, -0.27522], [127.13145, -0.27328], [127.13175, -0.27406], [127.13252, -0.27415], [127.1335, -0.27302], [127.13391, -0.27346], [127.13321, -0.27378], [127.1333, -0.27515], [127.13542, -0.27564], [127.13702, -0.27429], [127.13724, -0.27279], [127.13831, -0.27293], [127.13966, -0.27086], [127.14771, -0.28048], [127.14902, -0.28085], [127.15109, -0.28321], [127.15405, -0.28468], [127.15587, -0.2876], [127.15692, -0.29127], [127.15973, -0.29365], [127.17039, -0.29498], [127.17938, -0.29812], [127.19083, -0.29785], [127.19185, -0.29977], [127.19249, -0.30373], [127.19385, -0.3047], [127.19667, -0.30438], [127.19707, -0.30521], [127.19931, -0.3053], [127.1996, -0.30737], [127.20549, -0.32227], [127.2076, -0.32304], [127.22429, -0.32153], [127.22683, -0.32757], [127.22617, -0.33171], [127.22463, -0.33332], [127.22379, -0.33712], [127.22582, -0.34331], [127.22564, -0.34865], [127.22686, -0.35264], [127.22566, -0.35698], [127.2224, -0.3587], [127.22095, -0.36033], [127.21598, -0.37134], [127.21409, -0.37232], [127.21448, -0.38827], [127.21143, -0.39807], [127.21259, -0.40868], [127.21083, -0.41133], [127.20943, -0.4152], [127.20921, -0.42126], [127.20745, -0.42435], [127.2065, -0.4314], [127.20451, -0.43649], [127.20469, -0.44405], [127.20288, -0.44727], [127.20162, -0.45221], [127.19975, -0.46759], [127.19026, -0.47653], [127.18796, -0.48286], [127.19056, -0.48409], [127.19288, -0.4892]]], [[[127.03154, -0.25566], [127.03126, -0.25699], [127.03351, -0.26068], [127.03598, -0.26186], [127.03896, -0.2619], [127.03857, -0.26355], [127.04024, -0.26537], [127.039, -0.26772], [127.0395, -0.27062], [127.04203, -0.27217], [127.04188, -0.27332], [127.04116, -0.27344], [127.04323, -0.27425], [127.04574, -0.26934], [127.04712, -0.26932], [127.04684, -0.2668], [127.04523, -0.2661], [127.04296, -0.26366], [127.04339, -0.26253], [127.04268, -0.26097], [127.04302, -0.25779], [127.03913, -0.25636], [127.03943, -0.25494], [127.04437, -0.24926], [127.04504, -0.2456], [127.04451, -0.24409], [127.04502, -0.24106], [127.0444, -0.23949], [127.04728, -0.24135], [127.04805, -0.24072], [127.04955, -0.24235], [127.05214, -0.24215], [127.05325, -0.24041], [127.05322, -0.23929], [127.05642, -0.23481], [127.05554, -0.23238], [127.0567, -0.23099], [127.05586, -0.22974], [127.05818, -0.2307], [127.05927, -0.23006], [127.05958, -0.22817], [127.06064, -0.22874], [127.06097, -0.2279], [127.06145, -0.22891], [127.06642, -0.2292], [127.0704, -0.23155], [127.07233, -0.23158], [127.07374, -0.23318], [127.07328, -0.23384], [127.07388, -0.23505], [127.07616, -0.23707], [127.07624, -0.23901], [127.07733, -0.23956], [127.07772, -0.24347], [127.08397, -0.24706], [127.08476, -0.24657], [127.08479, -0.24536], [127.08384, -0.24379], [127.08231, -0.24343], [127.082, -0.24246], [127.08393, -0.24074], [127.08464, -0.23819], [127.08663, -0.23734], [127.08739, -0.23797], [127.08838, -0.23979], [127.08729, -0.24031], [127.08734, -0.24182], [127.08913, -0.24396], [127.09032, -0.24422], [127.0908, -0.24587], [127.09107, -0.24729], [127.09003, -0.24834], [127.08964, -0.2506], [127.0905, -0.25293], [127.09133, -0.25297], [127.09072, -0.25353], [127.09076, -0.25521], [127.09174, -0.25723], [127.09101, -0.2583], [127.08867, -0.25886], [127.08649, -0.26035], [127.08405, -0.26071], [127.07871, -0.26421], [127.07527, -0.26559], [127.07094, -0.26937], [127.06589, -0.27129], [127.06368, -0.27288], [127.06281, -0.27228], [127.06338, -0.27156], [127.06165, -0.27164], [127.05779, -0.27324], [127.05592, -0.27198], [127.05528, -0.27348], [127.05631, -0.27385], [127.05614, -0.27667], [127.0543, -0.27699], [127.05198, -0.27892], [127.0496, -0.2791], [127.04902, -0.28004], [127.04786, -0.28019], [127.04789, -0.28113], [127.04577, -0.28027], [127.04505, -0.27884], [127.04425, -0.27874], [127.04321, -0.27991], [127.04468, -0.2826], [127.04359, -0.28332], [127.04146, -0.28338], [127.04058, -0.2841], [127.04086, -0.28517], [127.03956, -0.28508], [127.03769, -0.28611], [127.03758, -0.28732], [127.03922, -0.28814], [127.03952, -0.28926], [127.03837, -0.29135], [127.03707, -0.29158], [127.03642, -0.29005], [127.03549, -0.29049], [127.03641, -0.28878], [127.03623, -0.28776], [127.03509, -0.28682], [127.03469, -0.28496], [127.03329, -0.28346], [127.02934, -0.28209], [127.02605, -0.28282], [127.02632, -0.28193], [127.02792, -0.28144], [127.02791, -0.28012], [127.03238, -0.27627], [127.03269, -0.27384], [127.03197, -0.2737], [127.03248, -0.27293], [127.03091, -0.27189], [127.03225, -0.26961], [127.03163, -0.26892], [127.0276, -0.26829], [127.02596, -0.26619], [127.02495, -0.26653], [127.02529, -0.26543], [127.02406, -0.26332], [127.0209, -0.26191], [127.02133, -0.26096], [127.02224, -0.26136], [127.02324, -0.26005], [127.02686, -0.25771], [127.02802, -0.25648], [127.02782, -0.25593], [127.02975, -0.25604], [127.03052, -0.25569], [127.03052, -0.25496], [127.03154, -0.25566]]], [[[127.06195, -0.27554], [127.06267, -0.27517], [127.06348, -0.27581], [127.06296, -0.27805], [127.0613, -0.28004], [127.06218, -0.28185], [127.06115, -0.28425], [127.06229, -0.28573], [127.06169, -0.28895], [127.06492, -0.28682], [127.0663, -0.28774], [127.06483, -0.28453], [127.06532, -0.28336], [127.06706, -0.28301], [127.06723, -0.28029], [127.06803, -0.2797], [127.06818, -0.278], [127.06908, -0.27939], [127.06827, -0.28538], [127.06696, -0.28659], [127.06773, -0.28809], [127.06872, -0.28768], [127.06922, -0.29048], [127.06759, -0.29135], [127.06714, -0.29313], [127.06777, -0.2937], [127.06507, -0.29363], [127.06394, -0.29285], [127.06131, -0.29327], [127.06018, -0.29444], [127.06032, -0.29536], [127.05886, -0.29652], [127.05706, -0.2956], [127.05652, -0.29449], [127.05722, -0.29223], [127.05638, -0.29119], [127.05747, -0.29082], [127.05772, -0.29002], [127.05589, -0.28852], [127.05665, -0.28571], [127.0558, -0.28152], [127.05687, -0.28178], [127.0579, -0.27924], [127.0572, -0.27721], [127.05857, -0.27674], [127.05954, -0.27791], [127.06046, -0.27688], [127.05962, -0.27524], [127.06001, -0.27453], [127.06195, -0.27554]]], [[[127.12274, -0.3123], [127.12326, -0.31292], [127.12139, -0.31458], [127.12146, -0.31593], [127.12069, -0.31601], [127.11995, -0.31734], [127.11812, -0.31748], [127.11618, -0.31878], [127.11675, -0.31679], [127.11627, -0.31604], [127.11732, -0.31472], [127.11852, -0.31494], [127.12182, -0.31236], [127.12274, -0.3123]]], [[[127.13126, -0.32595], [127.13063, -0.32712], [127.12908, -0.32782], [127.12919, -0.32915], [127.12758, -0.33066], [127.12611, -0.33002], [127.1253, -0.33095], [127.12376, -0.32991], [127.12177, -0.33082], [127.12041, -0.33022], [127.12336, -0.3292], [127.12365, -0.3279], [127.12491, -0.3284], [127.12531, -0.3277], [127.12763, -0.32813], [127.1284, -0.32734], [127.129, -0.32751], [127.12891, -0.32685], [127.12994, -0.32666], [127.13011, -0.32602], [127.13091, -0.32626], [127.13089, -0.32545], [127.13126, -0.32595]]], [[[127.06841, -0.30467], [127.07073, -0.30704], [127.07007, -0.30893], [127.06642, -0.30841], [127.06527, -0.30696], [127.06613, -0.30676], [127.06729, -0.30397], [127.06811, -0.30382], [127.06841, -0.30467]]], [[[127.11817, -0.43267], [127.1199, -0.4329], [127.11935, -0.43301], [127.11875, -0.43534], [127.11643, -0.43346], [127.117, -0.43249], [127.11817, -0.43267]]]]}}, {"type": "Feature", "properties": {"domain_id": "820512", "name": "MANGOLI SELATAN"}, "geometry": {"type": "Polygon", "coordinates": [[[125.70191, -1.92899], [125.69073, -1.92883], [125.68338, -1.92967], [125.67939, -1.93095], [125.67098, -1.93167], [125.66777, -1.93097], [125.66252, -1.93142], [125.64889, -1.93068], [125.64181, -1.93109], [125.62529, -1.93062], [125.61368, -1.92888], [125.60198, -1.92794], [125.59818, -1.92839], [125.59339, -1.93023], [125.57775, -1.92897], [125.57359, -1.93188], [125.57346, -1.9347], [125.57265, -1.93531], [125.56261, -1.93516], [125.55637, -1.93802], [125.55489, -1.93949], [125.54613, -1.94142], [125.54374, -1.94117], [125.53898, -1.94273], [125.53641, -1.9446], [125.53239, -1.94599], [125.52954, -1.94785], [125.52189, -1.94831], [125.51964, -1.94688], [125.51711, -1.94923], [125.515, -1.94861], [125.51374, -1.94701], [125.51127, -1.94851], [125.50999, -1.94842], [125.5077, -1.94701], [125.5054, -1.94433], [125.50542, -1.94216], [125.50175, -1.94074], [125.49887, -1.93747], [125.4981, -1.93563], [125.49363, -1.93409], [125.48894, -1.93415], [125.48659, -1.9357], [125.48568, -1.9388], [125.4755, -1.93959], [125.47144, -1.94122], [125.46832, -1.94135], [125.46778, -1.94228], [125.46563, -1.94264], [125.46451, -1.91936], [125.46297, -1.91782], [125.46297, -1.91544], [125.46535, -1.91306], [125.46573, -1.91011], [125.46478, -1.9083], [125.46592, -1.90468], [125.46249, -1.89821], [125.46313, -1.891], [125.46146, -1.85642], [125.45945, -1.84938], [125.46099, -1.84676], [125.46089, -1.8448], [125.49235, -1.84726], [125.49434, -1.8479], [125.51032, -1.84866], [125.51035, -1.85425], [125.52708, -1.8549], [125.57125, -1.86388], [125.61503, -1.86708], [125.62265, -1.86821], [125.62491, -1.86665], [125.63062, -1.86653], [125.63919, -1.87067], [125.66481, -1.87448], [125.68037, -1.87402], [125.68607, -1.87283], [125.69356, -1.87355], [125.69844, -1.87283], [125.7001, -1.87343], [125.70994, -1.87314], [125.71319, -1.87176], [125.71593, -1.87176], [125.72081, -1.87307], [125.72806, -1.87319], [125.73496, -1.87105], [125.74734, -1.87248], [125.75352, -1.86676], [125.75745, -1.86557], [125.76518, -1.86474], [125.76975, -1.86715], [125.77995, -1.8661], [125.7745, -1.87085], [125.77307, -1.8743], [125.76891, -1.8768], [125.76772, -1.87906], [125.76355, -1.88263], [125.75915, -1.88406], [125.75784, -1.88691], [125.75439, -1.88822], [125.7532, -1.88893], [125.75237, -1.89048], [125.75059, -1.89096], [125.74761, -1.89607], [125.74535, -1.89821], [125.73873, -1.90107], [125.73844, -1.90299], [125.73687, -1.90381], [125.73661, -1.9051], [125.73294, -1.90836], [125.73193, -1.91061], [125.73342, -1.9125], [125.7346, -1.91217], [125.73495, -1.91418], [125.73586, -1.91306], [125.73691, -1.91388], [125.73599, -1.91596], [125.73706, -1.91773], [125.73669, -1.91943], [125.73746, -1.91968], [125.73718, -1.92164], [125.73777, -1.92258], [125.73741, -1.92373], [125.7364, -1.92315], [125.73675, -1.92566], [125.73614, -1.92781], [125.73493, -1.92842], [125.73478, -1.92935], [125.72805, -1.93018], [125.72255, -1.92934], [125.70191, -1.92899]]]}}, {"type": "Feature", "properties": {"domain_id": "820409", "name": "BACAN BARAT"}, "geometry": {"type": "MultiPolygon", "coordinates": [[[[127.39423, -0.45026], [127.39245, -0.4593], [127.39269, -0.46465], [127.39566, -0.47441], [127.39852, -0.47976], [127.40144, -0.48225], [127.4021, -0.48717], [127.4044, -0.4864], [127.3869, -0.49256], [127.3537, -0.50128], [127.32775, -0.50513], [127.3049, -0.5057], [127.30497, -0.50457], [127.30732, -0.5034], [127.30826, -0.50192], [127.30698, -0.49845], [127.30857, -0.4952], [127.30522, -0.49185], [127.30446, -0.48862], [127.30246, -0.48802], [127.30147, -0.4861], [127.29993, -0.48547], [127.3004, -0.48425], [127.29998, -0.48358], [127.2974, -0.48349], [127.29523, -0.48151], [127.29499, -0.48023], [127.29727, -0.48014], [127.29748, -0.47844], [127.29539, -0.47813], [127.29568, -0.47594], [127.29432, -0.47545], [127.29369, -0.47456], [127.29395, -0.47294], [127.29245, -0.4727], [127.29111, -0.47031], [127.29165, -0.46714], [127.29293, -0.46664], [127.29135, -0.4659], [127.29179, -0.46273], [127.29118, -0.45681], [127.29153, -0.45534], [127.29331, -0.45371], [127.29274, -0.45123], [127.2935, -0.4502], [127.29343, -0.44813], [127.29516, -0.44667], [127.2941, -0.44527], [127.29595, -0.44223], [127.29517, -0.43723], [127.29584, -0.43616], [127.30124, -0.43233], [127.3024, -0.43344], [127.30293, -0.43347], [127.30314, -0.43227], [127.30448, -0.43283], [127.30412, -0.43342], [127.30636, -0.43328], [127.30694, -0.43213], [127.31209, -0.43351], [127.31334, -0.43109], [127.31585, -0.43104], [127.31866, -0.42843], [127.31869, -0.42339], [127.32207, -0.41888], [127.32372, -0.4178], [127.32454, -0.41823], [127.3254, -0.4155], [127.32865, -0.41624], [127.3288, -0.41573], [127.32625, -0.41425], [127.32696, -0.41358], [127.3273, -0.411], [127.33108, -0.40597], [127.33103, -0.40298], [127.33227, -0.39891], [127.33117, -0.39719], [127.33101, -0.3949], [127.33338, -0.39361], [127.33384, -0.39109], [127.33315, -0.38849], [127.3358, -0.38843], [127.33684, -0.38689], [127.33678, -0.38479], [127.33866, -0.38401], [127.33818, -0.38115], [127.3366, -0.37754], [127.33773, -0.37598], [127.33562, -0.37383], [127.33722, -0.37106], [127.33552, -0.37015], [127.3355, -0.36691], [127.33612, -0.36605], [127.33436, -0.36434], [127.33513, -0.36323], [127.3352, -0.36162], [127.33328, -0.35981], [127.33338, -0.3568], [127.33163, -0.35704], [127.33046, -0.35562], [127.32993, -0.35335], [127.32995, -0.35225], [127.33153, -0.35001], [127.32869, -0.34893], [127.32702, -0.3497], [127.32697, -0.34895], [127.3279, -0.349], [127.32866, -0.34774], [127.3265, -0.34879], [127.32583, -0.34809], [127.32746, -0.34648], [127.32692, -0.34487], [127.32479, -0.34509], [127.32368, -0.34362], [127.32047, -0.34157], [127.32066, -0.33022], [127.32224, -0.3296], [127.32227, -0.33166], [127.32285, -0.33085], [127.3245, -0.33214], [127.32314, -0.32985], [127.32371, -0.32779], [127.32423, -0.32956], [127.32569, -0.33114], [127.33181, -0.33418], [127.33457, -0.33736], [127.33711, -0.33836], [127.33848, -0.33826], [127.33985, -0.33729], [127.34068, -0.3342], [127.3462, -0.33559], [127.34783, -0.33491], [127.3498, -0.33072], [127.35092, -0.33064], [127.35278, -0.33226], [127.35667, -0.33104], [127.35696, -0.32747], [127.3607, -0.32136], [127.36296, -0.31989], [127.36478, -0.31751], [127.36881, -0.31658], [127.3697, -0.3152], [127.37042, -0.31639], [127.37171, -0.31674], [127.37235, -0.31628], [127.37326, -0.31923], [127.37436, -0.32056], [127.37385, -0.32218], [127.37441, -0.32346], [127.38016, -0.32502], [127.38224, -0.32858], [127.38614, -0.33184], [127.3854, -0.33257], [127.38553, -0.33404], [127.38688, -0.33604], [127.385, -0.3394], [127.38452, -0.34327], [127.37998, -0.34478], [127.37962, -0.34686], [127.37762, -0.34988], [127.37533, -0.35145], [127.37405, -0.35106], [127.37048, -0.35581], [127.37045, -0.36038], [127.36961, -0.36201], [127.36964, -0.36376], [127.37202, -0.36904], [127.37565, -0.37002], [127.37561, -0.37142], [127.37651, -0.37145], [127.37665, -0.37556], [127.37941, -0.37984], [127.38378, -0.38166], [127.38494, -0.38605], [127.38427, -0.39062], [127.38877, -0.39694], [127.39056, -0.40069], [127.3964, -0.4438], [127.39471, -0.44645], [127.39423, -0.45026]]], [[[127.28744, -0.48913], [127.28702, -0.49054], [127.28747, -0.4903], [127.28761, -0.49103], [127.28883, -0.49028], [127.29103, -0.49263], [127.29259, -0.49231], [127.29631, -0.4935], [127.29841, -0.49655], [127.29958, -0.49707], [127.29988, -0.49819], [127.29936, -0.49903], [127.29884, -0.49768], [127.29719, -0.49765], [127.29447, -0.49631], [127.29365, -0.49653], [127.29364, -0.49753], [127.29202, -0.49939], [127.29082, -0.49886], [127.29021, -0.49755], [127.28932, -0.49764], [127.28929, -0.49925], [127.28741, -0.50098], [127.2888, -0.50209], [127.28943, -0.50368], [127.29289, -0.50596], [127.29438, -0.50593], [127.29607, -0.50746], [127.29343, -0.50808], [127.2936, -0.50925], [127.29829, -0.51347], [127.29806, -0.51406], [127.2963, -0.51407], [127.29424, -0.51569], [127.29242, -0.51569], [127.28971, -0.51718], [127.28949, -0.51782], [127.29055, -0.51837], [127.29339, -0.5176], [127.29516, -0.5188], [127.29633, -0.51857], [127.29555, -0.52083], [127.29483, -0.52069], [127.29466, -0.51958], [127.29447, -0.52047], [127.29268, -0.52069], [127.29108, -0.51974], [127.29068, -0.51878], [127.28948, -0.51997], [127.28909, -0.5216], [127.29048, -0.52246], [127.29133, -0.52584], [127.29067, -0.52721], [127.28996, -0.52715], [127.28946, -0.52588], [127.2869, -0.52488], [127.28366, -0.51911], [127.28349, -0.51779], [127.28222, -0.51682], [127.28157, -0.51289], [127.28027, -0.51146], [127.2808, -0.50908], [127.27967, -0.50851], [127.27708, -0.50943], [127.27638, -0.51173], [127.27563, -0.51212], [127.27316, -0.51047], [127.27391, -0.50778], [127.27522, -0.50747], [127.27573, -0.50651], [127.2753, -0.50538], [127.27403, -0.5054], [127.27416, -0.50182], [127.27487, -0.50011], [127.27394, -0.49785], [127.27441, -0.49606], [127.27682, -0.49276], [127.27869, -0.49167], [127.28051, -0.49101], [127.2824, -0.49211], [127.2849, -0.48867], [127.28748, -0.48855], [127.28744, -0.48913]]], [[[127.24347, -0.54077], [127.24407, -0.54135], [127.24469, -0.54104], [127.24571, -0.54241], [127.24678, -0.5423], [127.24842, -0.54323], [127.24762, -0.54489], [127.24508, -0.54512], [127.24506, -0.54783], [127.24378, -0.54583], [127.243, -0.54574], [127.24352, -0.54802], [127.24155, -0.54748], [127.24127, -0.54914], [127.24516, -0.55099], [127.24926, -0.55022], [127.25071, -0.55035], [127.25039, -0.55108], [127.24058, -0.55211], [127.23846, -0.55053], [127.23775, -0.55061], [127.2374, -0.54956], [127.23665, -0.54984], [127.2365, -0.5487], [127.23553, -0.54818], [127.23425, -0.54912], [127.23382, -0.54668], [127.23264, -0.54569], [127.23193, -0.54581], [127.23144, -0.54768], [127.22936, -0.5477], [127.22789, -0.54654], [127.22715, -0.54704], [127.22727, -0.54793], [127.22488, -0.54769], [127.22461, -0.54433], [127.22406, -0.54391], [127.22453, -0.54271], [127.22815, -0.5445], [127.23065, -0.54253], [127.23037, -0.5393], [127.22887, -0.53765], [127.22956, -0.53603], [127.23256, -0.53265], [127.23403, -0.5327], [127.2355, -0.53443], [127.23493, -0.53696], [127.23387, -0.53696], [127.23387, -0.53864], [127.23485, -0.53994], [127.23659, -0.53946], [127.23825, -0.53799], [127.2394, -0.53949], [127.24168, -0.53922], [127.24337, -0.54005], [127.24347, -0.54077]]], [[[127.27907, -0.53125], [127.28057, -0.53237], [127.28331, -0.53113], [127.28385, -0.5342], [127.28621, -0.53375], [127.28625, -0.53639], [127.28738, -0.53727], [127.28571, -0.53808], [127.28487, -0.53691], [127.28388, -0.53678], [127.28254, -0.53899], [127.28147, -0.53848], [127.28037, -0.54041], [127.27852, -0.54189], [127.27852, -0.54015], [127.27705, -0.53844], [127.27698, -0.53736], [127.27755, -0.53569], [127.27723, -0.5327], [127.27803, -0.53125], [127.27907, -0.53125]]], [[[127.25894, -0.53752], [127.25762, -0.53902], [127.25928, -0.54167], [127.25724, -0.54275], [127.25667, -0.54177], [127.25615, -0.54209], [127.25538, -0.54138], [127.25458, -0.53909], [127.25533, -0.53758], [127.25625, -0.53744], [127.25613, -0.53663], [127.25466, -0.53676], [127.25767, -0.53347], [127.2587, -0.53119], [127.26044, -0.53198], [127.26107, -0.53371], [127.25894, -0.53752]]], [[[127.31786, -0.34234], [127.31818, -0.34281], [127.31708, -0.34425], [127.31533, -0.34257], [127.31262, -0.3425], [127.3115, -0.34073], [127.3126, -0.33827], [127.31335, -0.33775], [127.31513, -0.33877], [127.31796, -0.34138], [127.31786, -0.34234]]], [[[127.2673, -0.55142], [127.26799, -0.55058], [127.27002, -0.55209], [127.26967, -0.55278], [127.26714, -0.5535], [127.26558, -0.55168], [127.26644, -0.55032], [127.2673, -0.55142]]], [[[127.24756, -0.53544], [127.24828, -0.53617], [127.24905, -0.53745], [127.24791, -0.53787], [127.24607, -0.5366], [127.24638, -0.5339], [127.24747, -0.53425], [127.24756, -0.53544]]]]}}, {"type": "Feature", "properties": {"domain_id": "820806", "name": "TALIABU TIMUR SELATAN"}, "geometry": {"type": "Polygon", "coordinates": [[[125.01792, -1.91776], [125.01831, -1.91949], [125.01956, -1.92001], [125.02004, -1.92102], [125.01974, -1.92883], [125.01471, -1.93655], [125.01354, -1.93743], [125.01366, -1.93878], [125.01202, -1.94133], [125.0087, -1.94292], [124.99931, -1.94042], [124.99749, -1.9389], [124.996, -1.93651], [124.9961, -1.93313], [124.99284, -1.93122], [124.98889, -1.93189], [124.98779, -1.93347], [124.98797, -1.93458], [124.9856, -1.9367], [124.97848, -1.93806], [124.97625, -1.93733], [124.97421, -1.93513], [124.97437, -1.93417], [124.97249, -1.93173], [124.96913, -1.93174], [124.96789, -1.93082], [124.96113, -1.93062], [124.95788, -1.92716], [124.9556, -1.92775], [124.95461, -1.92916], [124.94885, -1.92987], [124.94849, -1.92911], [124.94653, -1.92897], [124.94289, -1.92653], [124.93917, -1.92817], [124.92607, -1.92641], [124.92171, -1.92817], [124.91966, -1.92722], [124.91896, -1.92114], [124.92024, -1.91768], [124.92335, -1.91343], [124.92685, -1.9118], [124.95252, -1.80671], [124.95454, -1.80682], [124.96234, -1.80394], [124.96406, -1.80465], [124.97045, -1.80271], [124.97401, -1.80269], [124.97808, -1.80139], [124.98106, -1.80124], [124.98463, -1.80006], [124.98699, -1.79745], [124.98945, -1.79613], [124.9928, -1.79706], [124.9974, -1.80081], [125.00037, -1.79769], [125.0024, -1.79673], [125.00403, -1.79933], [125.00743, -1.80049], [125.01077, -1.79966], [125.01257, -1.79802], [125.01415, -1.79796], [125.01534, -1.79881], [125.01601, -1.80083], [125.02, -1.80394], [125.01995, -1.80522], [125.07768, -1.81231], [125.1446, -1.82402], [125.18977, -1.82235], [125.25755, -1.8265], [125.2976, -1.82722], [125.3142, -1.826], [125.31481, -1.82672], [125.31491, -1.82978], [125.31617, -1.8315], [125.31717, -1.83184], [125.3173, -1.83666], [125.31488, -1.84024], [125.31436, -1.84789], [125.31534, -1.85085], [125.31813, -1.85465], [125.31928, -1.85931], [125.32078, -1.86135], [125.32257, -1.86962], [125.32214, -1.87122], [125.32254, -1.87515], [125.32686, -1.88452], [125.32443, -1.88795], [125.31762, -1.89194], [125.30772, -1.89239], [125.30511, -1.8901], [125.3032, -1.88961], [125.29864, -1.88942], [125.29753, -1.89022], [125.29454, -1.88957], [125.29251, -1.88807], [125.28794, -1.8882], [125.29091, -1.88752], [125.29037, -1.88595], [125.28709, -1.88637], [125.28436, -1.8856], [125.28207, -1.88635], [125.28009, -1.88601], [125.28633, -1.8878], [125.2812, -1.88709], [125.27437, -1.88428], [125.26433, -1.88559], [125.2583, -1.88458], [125.25715, -1.88496], [125.24741, -1.88244], [125.24504, -1.8826], [125.24342, -1.88148], [125.2426, -1.88224], [125.24104, -1.88215], [125.23896, -1.88138], [125.23634, -1.87901], [125.23478, -1.87705], [125.23423, -1.87306], [125.23263, -1.8723], [125.22989, -1.87252], [125.22843, -1.87346], [125.22778, -1.87527], [125.22839, -1.87637], [125.22667, -1.8775], [125.22839, -1.87792], [125.22877, -1.87874], [125.2266, -1.88016], [125.22532, -1.88023], [125.22555, -1.87826], [125.22363, -1.87741], [125.22151, -1.87853], [125.22064, -1.87977], [125.21878, -1.87904], [125.21794, -1.8799], [125.21427, -1.88071], [125.2135, -1.88022], [125.2119, -1.88165], [125.20943, -1.88213], [125.2031, -1.88222], [125.20154, -1.8805], [125.19923, -1.88051], [125.19588, -1.88104], [125.19426, -1.88256], [125.19274, -1.88271], [125.19143, -1.88433], [125.18787, -1.88514], [125.17925, -1.88464], [125.17649, -1.88388], [125.17216, -1.88035], [125.17098, -1.87739], [125.17086, -1.87528], [125.16857, -1.87451], [125.16145, -1.87536], [125.16068, -1.87728], [125.15915, -1.87861], [125.15775, -1.87717], [125.15778, -1.87557], [125.15674, -1.87436], [125.14961, -1.87374], [125.12711, -1.87741], [125.1252, -1.881], [125.12168, -1.88159], [125.11919, -1.88313], [125.1172, -1.88596], [125.11431, -1.88855], [125.11282, -1.89207], [125.11136, -1.89387], [125.10117, -1.89939], [125.09603, -1.89918], [125.09288, -1.89782], [125.08991, -1.89306], [125.08395, -1.89093], [125.08216, -1.88912], [125.07866, -1.8893], [125.07625, -1.89023], [125.07417, -1.88969], [125.06964, -1.89031], [125.06803, -1.88946], [125.06363, -1.889], [125.05997, -1.88568], [125.05842, -1.88503], [125.04378, -1.88672], [125.02787, -1.89035], [125.01848, -1.89507], [125.01442, -1.89865], [125.01267, -1.9011], [125.0127, -1.9056], [125.01367, -1.90691], [125.01489, -1.90631], [125.01717, -1.91057], [125.01675, -1.91415], [125.01768, -1.91495], [125.01792, -1.91776]]]}}, {"type": "Feature", "properties": {"domain_id": "820502", "name": "SANANA"}, "geometry": {"type": "Polygon", "coordinates": [[[125.95921, -2.13006], [125.95947, -2.13445], [125.95697, -2.14817], [125.95786, -2.15872], [125.95649, -2.15874], [125.9549, -2.1598], [125.95315, -2.15899], [125.94475, -2.15959], [125.93881, -2.16139], [125.93448, -2.16054], [125.9317, -2.16162], [125.91835, -2.16392], [125.91773, -2.16201], [125.91631, -2.16134], [125.91531, -2.15891], [125.91507, -2.15201], [125.91593, -2.14982], [125.91578, -2.14366], [125.91776, -2.13942], [125.91714, -2.13434], [125.91742, -2.13068], [125.91683, -2.12848], [125.91704, -2.11869], [125.91586, -2.10849], [125.91435, -2.1058], [125.91197, -2.10533], [125.91243, -2.10022], [125.9139, -2.0997], [125.91257, -2.09627], [125.91243, -2.09332], [125.91332, -2.09027], [125.91465, -2.07531], [125.91652, -2.07367], [125.91542, -2.06801], [125.91662, -2.05347], [125.91598, -2.05112], [125.91712, -2.04836], [125.91785, -2.04082], [125.92671, -2.04047], [125.96172, -2.03226], [125.99128, -2.04463], [125.99265, -2.04407], [125.99292, -2.04461], [125.99257, -2.0462], [125.98802, -2.05364], [125.9858, -2.05477], [125.98233, -2.05482], [125.98119, -2.05608], [125.9817, -2.05846], [125.98352, -2.05999], [125.98393, -2.06209], [125.98336, -2.06504], [125.9817, -2.06957], [125.97826, -2.07328], [125.97843, -2.07621], [125.96976, -2.09438], [125.9678, -2.10074], [125.96221, -2.11373], [125.96035, -2.12038], [125.95921, -2.13006]]]}}, {"type": "Feature", "properties": {"domain_id": "820422", "name": "BACAN TIMUR TENGAH"}, "geometry": {"type": "MultiPolygon", "coordinates": [[[[127.87328, -0.73077], [127.87592, -0.7306], [127.87688, -0.73485], [127.87558, -0.7376], [127.8757, -0.7396], [127.87301, -0.74745], [127.87304, -0.74892], [127.87209, -0.7505], [127.87366, -0.75321], [127.87559, -0.75503], [127.877, -0.75954], [127.87779, -0.75993], [127.87798, -0.75919], [127.87723, -0.7573], [127.87797, -0.75425], [127.87609, -0.75172], [127.87842, -0.75], [127.87938, -0.74996], [127.88025, -0.75101], [127.88181, -0.75096], [127.88233, -0.75192], [127.88594, -0.75406], [127.88774, -0.75641], [127.88917, -0.75689], [127.89051, -0.75973], [127.89198, -0.75953], [127.89314, -0.75801], [127.89402, -0.75849], [127.89332, -0.76106], [127.89116, -0.7619], [127.89055, -0.76364], [127.89464, -0.76672], [127.89638, -0.76926], [127.89748, -0.76939], [127.8987, -0.7686], [127.90141, -0.76936], [127.90303, -0.77166], [127.90313, -0.77394], [127.89226, -0.77482], [127.88812, -0.77448], [127.8816, -0.77214], [127.87901, -0.77211], [127.87589, -0.7733], [127.87243, -0.77298], [127.85887, -0.77525], [127.85415, -0.77524], [127.84983, -0.77642], [127.84269, -0.77675], [127.8351, -0.77823], [127.82967, -0.77815], [127.82466, -0.77932], [127.81804, -0.77938], [127.81591, -0.78034], [127.81133, -0.78071], [127.80912, -0.78032], [127.79544, -0.78087], [127.79062, -0.78047], [127.78587, -0.77893], [127.78138, -0.77969], [127.7775, -0.77842], [127.77482, -0.77867], [127.77089, -0.77678], [127.76931, -0.77678], [127.7671, -0.77814], [127.76168, -0.77778], [127.74922, -0.78261], [127.73666, -0.78363], [127.72297, -0.7807], [127.7082, -0.77662], [127.69565, -0.77107], [127.69143, -0.77005], [127.68937, -0.76819], [127.68859, -0.76324], [127.68649, -0.7624], [127.68016, -0.75526], [127.6792, -0.75314], [127.6769, -0.75258], [127.67565, -0.75022], [127.67303, -0.74891], [127.67031, -0.74652], [127.66811, -0.74278], [127.66979, -0.74205], [127.67084, -0.73536], [127.67359, -0.73079], [127.67416, -0.72571], [127.6732, -0.72429], [127.67027, -0.72338], [127.66106, -0.71723], [127.65788, -0.71639], [127.65335, -0.71368], [127.65243, -0.71248], [127.64908, -0.71162], [127.64729, -0.70979], [127.6399, -0.70655], [127.63432, -0.70492], [127.63234, -0.70483], [127.62161, -0.71144], [127.61831, -0.71207], [127.6167, -0.70915], [127.61528, -0.7088], [127.61118, -0.70517], [127.60871, -0.70454], [127.60624, -0.70136], [127.60388, -0.69954], [127.59954, -0.69768], [127.5984, -0.69419], [127.59387, -0.6896], [127.59353, -0.68831], [127.59088, -0.68528], [127.58744, -0.6841], [127.58446, -0.68155], [127.58026, -0.68125], [127.57697, -0.67967], [127.57552, -0.67969], [127.574, -0.67758], [127.57407, -0.67605], [127.57706, -0.67257], [127.57738, -0.66875], [127.57683, -0.66791], [127.58103, -0.66688], [127.58259, -0.66526], [127.58834, -0.6633], [127.59823, -0.6548], [127.61175, -0.6489], [127.62659, -0.64434], [127.63913, -0.64228], [127.64697, -0.63845], [127.65012, -0.64083], [127.651, -0.64388], [127.65533, -0.64675], [127.65504, -0.64993], [127.65386, -0.65338], [127.65269, -0.65489], [127.65334, -0.65713], [127.65226, -0.65809], [127.65189, -0.65983], [127.64633, -0.66473], [127.64738, -0.66666], [127.65154, -0.67008], [127.6501, -0.67469], [127.65059, -0.67679], [127.64905, -0.67901], [127.64796, -0.68265], [127.65068, -0.68304], [127.65151, -0.68216], [127.65178, -0.67996], [127.65285, -0.67955], [127.6521, -0.68348], [127.65256, -0.68568], [127.65548, -0.68977], [127.65611, -0.69359], [127.6576, -0.69505], [127.6591, -0.69553], [127.66179, -0.69922], [127.66282, -0.69978], [127.66359, -0.70088], [127.66338, -0.7027], [127.66395, -0.70369], [127.66576, -0.70479], [127.669, -0.70524], [127.66974, -0.70694], [127.66938, -0.70811], [127.67051, -0.70806], [127.67013, -0.70889], [127.67148, -0.70979], [127.67338, -0.70973], [127.67495, -0.70822], [127.67603, -0.70823], [127.67634, -0.71013], [127.67757, -0.71119], [127.67956, -0.71051], [127.68418, -0.71149], [127.68546, -0.71068], [127.69095, -0.70982], [127.69697, -0.70482], [127.69895, -0.70078], [127.70138, -0.70119], [127.70372, -0.7], [127.70861, -0.69446], [127.71553, -0.68976], [127.71689, -0.68981], [127.71848, -0.69113], [127.71988, -0.6909], [127.72126, -0.69184], [127.72789, -0.69178], [127.73383, -0.68994], [127.73472, -0.68847], [127.73591, -0.68834], [127.73767, -0.68633], [127.74371, -0.68571], [127.74571, -0.68645], [127.74674, -0.68779], [127.74723, -0.68742], [127.74805, -0.6884], [127.74866, -0.68822], [127.74883, -0.68892], [127.75206, -0.68893], [127.75352, -0.69051], [127.75676, -0.69179], [127.75882, -0.69359], [127.7613, -0.69332], [127.76465, -0.69152], [127.76503, -0.68947], [127.76678, -0.68674], [127.77025, -0.68489], [127.77223, -0.68264], [127.7801, -0.68014], [127.78504, -0.67942], [127.78649, -0.67987], [127.78849, -0.68168], [127.78853, -0.68359], [127.78726, -0.68536], [127.78898, -0.68509], [127.79034, -0.68593], [127.79087, -0.68535], [127.79016, -0.68299], [127.78974, -0.6831], [127.79038, -0.68201], [127.79511, -0.67977], [127.79532, -0.67913], [127.79843, -0.67867], [127.80181, -0.68037], [127.80558, -0.68386], [127.81409, -0.6876], [127.8158, -0.68925], [127.81783, -0.68996], [127.82122, -0.69499], [127.82442, -0.69607], [127.82511, -0.69789], [127.82692, -0.69975], [127.82944, -0.69861], [127.83064, -0.6989], [127.83161, -0.70032], [127.83682, -0.70029], [127.83851, -0.70137], [127.8387, -0.70282], [127.84043, -0.70289], [127.84403, -0.70533], [127.8437, -0.70621], [127.84482, -0.70966], [127.84732, -0.71003], [127.84987, -0.70869], [127.85131, -0.70917], [127.85168, -0.71538], [127.85399, -0.71428], [127.8548, -0.71584], [127.85709, -0.71519], [127.85883, -0.71664], [127.85998, -0.71511], [127.85906, -0.71283], [127.85998, -0.7116], [127.86084, -0.71207], [127.86076, -0.71138], [127.85975, -0.71077], [127.85558, -0.7134], [127.85479, -0.71147], [127.85629, -0.7084], [127.85699, -0.70762], [127.85862, -0.70756], [127.86311, -0.7091], [127.86807, -0.71347], [127.86795, -0.71448], [127.86934, -0.71665], [127.87385, -0.71793], [127.86932, -0.72582], [127.86984, -0.72735], [127.87166, -0.72853], [127.87202, -0.73016], [127.87328, -0.73077]]], [[[127.66728, -0.67314], [127.66622, -0.67466], [127.66333, -0.6753], [127.66094, -0.67385], [127.66045, -0.67222], [127.66175, -0.67194], [127.66344, -0.67013], [127.6651, -0.67], [127.66726, -0.67158], [127.66728, -0.67314]]], [[[127.87995, -0.73278], [127.87761, -0.73222], [127.87834, -0.73017], [127.8798, -0.73071], [127.87995, -0.73278]]]]}}, {"type": "Feature", "properties": {"domain_id": "820419", "name": "MANDIOLI SELATAN"}, "geometry": {"type": "MultiPolygon", "coordinates": [[[[127.33107, -0.78749], [127.31204, -0.79629], [127.30113, -0.7987], [127.29538, -0.79853], [127.28833, -0.795], [127.28323, -0.78993], [127.2808, -0.78721], [127.27897, -0.78133], [127.27749, -0.77955], [127.27068, -0.77655], [127.26623, -0.77636], [127.2584, -0.77046], [127.24841, -0.76731], [127.2466, -0.7654], [127.24539, -0.76499], [127.24229, -0.76504], [127.2374, -0.76717], [127.23445, -0.7676], [127.23214, -0.76927], [127.22984, -0.77225], [127.22794, -0.77828], [127.22566, -0.78016], [127.20954, -0.78028], [127.20058, -0.77893], [127.19948, -0.77718], [127.20241, -0.77684], [127.20008, -0.77548], [127.19838, -0.77559], [127.19392, -0.77406], [127.1913, -0.77201], [127.18942, -0.77161], [127.18095, -0.76716], [127.18045, -0.76541], [127.17133, -0.75376], [127.16971, -0.75047], [127.16972, -0.75107], [127.16735, -0.75219], [127.1654, -0.75069], [127.16581, -0.74855], [127.16466, -0.74768], [127.16493, -0.74536], [127.16843, -0.73611], [127.16952, -0.73594], [127.16987, -0.73698], [127.17108, -0.7372], [127.17202, -0.73579], [127.17172, -0.73437], [127.16952, -0.73424], [127.16904, -0.73343], [127.16939, -0.72998], [127.16836, -0.72428], [127.16936, -0.72357], [127.16962, -0.72227], [127.16915, -0.72151], [127.16795, -0.72124], [127.16762, -0.71824], [127.16903, -0.71713], [127.16911, -0.71658], [127.16826, -0.71632], [127.16892, -0.71599], [127.17052, -0.71639], [127.17075, -0.71548], [127.17104, -0.7163], [127.17248, -0.71658], [127.17484, -0.71588], [127.17486, -0.71225], [127.17578, -0.7117], [127.17267, -0.71112], [127.1696, -0.71258], [127.16761, -0.71047], [127.16792, -0.70781], [127.16925, -0.70756], [127.1708, -0.70828], [127.17321, -0.70775], [127.17381, -0.70644], [127.17299, -0.70553], [127.1747, -0.70388], [127.17607, -0.70402], [127.17562, -0.70323], [127.1774, -0.70184], [127.17805, -0.69957], [127.17936, -0.69796], [127.18152, -0.6973], [127.18498, -0.69815], [127.18683, -0.69739], [127.1902, -0.69282], [127.19236, -0.68858], [127.19378, -0.68259], [127.19357, -0.67995], [127.19056, -0.68026], [127.18801, -0.67913], [127.18833, -0.67844], [127.18761, -0.67908], [127.18725, -0.67808], [127.1932, -0.67614], [127.19616, -0.6772], [127.1975, -0.67659], [127.19545, -0.67562], [127.1951, -0.67447], [127.19797, -0.67295], [127.20126, -0.67237], [127.20276, -0.67309], [127.20465, -0.67547], [127.20718, -0.67539], [127.21231, -0.68153], [127.23825, -0.68685], [127.24624, -0.6897], [127.2531, -0.70379], [127.25971, -0.7248], [127.26096, -0.73111], [127.26107, -0.73833], [127.26567, -0.73922], [127.27911, -0.73799], [127.28629, -0.7355], [127.29431, -0.73102], [127.30184, -0.74101], [127.30394, -0.74684], [127.30396, -0.74911], [127.30644, -0.74973], [127.31175, -0.75319], [127.31554, -0.75775], [127.31876, -0.76325], [127.32155, -0.76542], [127.32681, -0.77167], [127.32774, -0.77722], [127.3319, -0.78154], [127.3346, -0.78592], [127.33308, -0.78707], [127.33107, -0.78749]]], [[[127.16388, -0.75183], [127.16581, -0.75453], [127.16757, -0.75602], [127.1682, -0.75588], [127.1693, -0.75806], [127.171, -0.7588], [127.17188, -0.75807], [127.17352, -0.75869], [127.17632, -0.7613], [127.17858, -0.76594], [127.18051, -0.76813], [127.18563, -0.77012], [127.18645, -0.77175], [127.18939, -0.77286], [127.19002, -0.77448], [127.19118, -0.77525], [127.19002, -0.77548], [127.18975, -0.77477], [127.18704, -0.77408], [127.18481, -0.7717], [127.18401, -0.77203], [127.17847, -0.77043], [127.17544, -0.7674], [127.17487, -0.76405], [127.17345, -0.76204], [127.16999, -0.76084], [127.16961, -0.76008], [127.16694, -0.75924], [127.1649, -0.75934], [127.16256, -0.75814], [127.16033, -0.75527], [127.16041, -0.75249], [127.16342, -0.75067], [127.16388, -0.75183]]], [[[127.16832, -0.70524], [127.1646, -0.7066], [127.16298, -0.70512], [127.16455, -0.70399], [127.16886, -0.70312], [127.16955, -0.70444], [127.16832, -0.70524]]], [[[127.17462, -0.69002], [127.17391, -0.68942], [127.1741, -0.68855], [127.17634, -0.68763], [127.17697, -0.68933], [127.17556, -0.69017], [127.17462, -0.69002]]]]}}, {"type": "Feature", "properties": {"domain_id": "820807", "name": "TALIABU SELATAN"}, "geometry": {"type": "Polygon", "coordinates": [[[124.76337, -1.92763], [124.75474, -1.93275], [124.74761, -1.93502], [124.73935, -1.93863], [124.73112, -1.94022], [124.70628, -1.95058], [124.70017, -1.95486], [124.69501, -1.96056], [124.69285, -1.9651], [124.69312, -1.96809], [124.69393, -1.96829], [124.69349, -1.96986], [124.68654, -1.97146], [124.68149, -1.97545], [124.67796, -1.97574], [124.67368, -1.97403], [124.66975, -1.97462], [124.64912, -1.98075], [124.63259, -1.9886], [124.61715, -1.99101], [124.59766, -1.99715], [124.59742, -1.99554], [124.59549, -1.99316], [124.59649, -1.9909], [124.59628, -1.98565], [124.59527, -1.9849], [124.59366, -1.98179], [124.59271, -1.97874], [124.58982, -1.97704], [124.5886, -1.97546], [124.58717, -1.96541], [124.58562, -1.96353], [124.58473, -1.95702], [124.58502, -1.95354], [124.58187, -1.94884], [124.58175, -1.94602], [124.58293, -1.94525], [124.58486, -1.94197], [124.58376, -1.93962], [124.5852, -1.93598], [124.58406, -1.93327], [124.58399, -1.93134], [124.58513, -1.92763], [124.58492, -1.92585], [124.58278, -1.92335], [124.58171, -1.92085], [124.58256, -1.91907], [124.58392, -1.91842], [124.58734, -1.91921], [124.58841, -1.91458], [124.58649, -1.90743], [124.58642, -1.905], [124.58577, -1.90286], [124.58435, -1.90108], [124.5832, -1.89722], [124.58392, -1.8933], [124.58264, -1.88845], [124.58441, -1.88189], [124.58361, -1.87429], [124.58492, -1.86934], [124.58404, -1.86742], [124.58159, -1.86498], [124.58099, -1.8627], [124.58485, -1.85566], [124.58682, -1.856], [124.58752, -1.8534], [124.5921, -1.85205], [124.59387, -1.8506], [124.59456, -1.84605], [124.59954, -1.84292], [124.60029, -1.83972], [124.60237, -1.83607], [124.60237, -1.83228], [124.60453, -1.82193], [124.60438, -1.81947], [124.60326, -1.81709], [124.60338, -1.81522], [124.59943, -1.8108], [124.62322, -1.80693], [124.65898, -1.80849], [124.67435, -1.81006], [124.69693, -1.81006], [124.70141, -1.80885], [124.7192, -1.80724], [124.7509, -1.80693], [124.75068, -1.8124], [124.75329, -1.81426], [124.75266, -1.81594], [124.7539, -1.81742], [124.75382, -1.81851], [124.75555, -1.81992], [124.76405, -1.81847], [124.76568, -1.816], [124.76717, -1.81492], [124.77174, -1.81373], [124.77195, -1.81158], [124.77372, -1.81043], [124.77486, -1.80749], [124.77808, -1.80684], [124.77833, -1.80545], [124.7777, -1.80415], [124.77865, -1.80318], [124.7834, -1.80544], [124.79137, -1.80377], [124.79542, -1.80641], [124.79754, -1.80395], [124.79902, -1.80417], [124.80031, -1.80581], [124.80136, -1.80612], [124.80527, -1.80488], [124.80652, -1.80265], [124.80909, -1.80388], [124.8105, -1.80287], [124.81379, -1.80209], [124.81727, -1.80681], [124.81672, -1.81022], [124.81989, -1.81672], [124.81937, -1.81938], [124.82097, -1.82504], [124.82035, -1.82707], [124.82025, -1.83092], [124.82094, -1.83352], [124.82032, -1.83632], [124.8224, -1.83834], [124.82246, -1.83923], [124.82058, -1.84311], [124.82186, -1.84557], [124.82404, -1.8475], [124.82347, -1.85024], [124.82687, -1.85472], [124.82373, -1.86008], [124.81835, -1.86288], [124.81683, -1.867], [124.8233, -1.87252], [124.82128, -1.87423], [124.82173, -1.87566], [124.82511, -1.87704], [124.82826, -1.87725], [124.83073, -1.87845], [124.83156, -1.88011], [124.83101, -1.88194], [124.83165, -1.88775], [124.83334, -1.89046], [124.83432, -1.89677], [124.83527, -1.89864], [124.83214, -1.89931], [124.82415, -1.89958], [124.8137, -1.90187], [124.78676, -1.91096], [124.7829, -1.91176], [124.77038, -1.9178], [124.7665, -1.92145], [124.7658, -1.92429], [124.76337, -1.92763]]]}}, {"type": "Feature", "properties": {"domain_id": "820518", "name": "SANANA UTARA"}, "geometry": {"type": "Polygon", "coordinates": [[[125.91712, -2.04474], [125.91712, -2.04836], [125.91598, -2.05112], [125.91662, -2.05347], [125.91618, -2.05822], [125.90387, -2.05642], [125.90266, -2.05768], [125.89961, -2.05911], [125.89761, -2.05835], [125.89504, -2.05588], [125.89276, -2.05473], [125.88895, -2.05397], [125.88381, -2.05521], [125.88134, -2.05492], [125.87782, -2.05226], [125.87229, -2.05197], [125.87087, -2.05159], [125.8702, -2.05064], [125.86831, -2.05119], [125.86202, -2.05027], [125.86514, -2.04399], [125.86775, -2.03685], [125.86862, -2.03249], [125.87175, -2.02609], [125.87354, -2.02459], [125.87511, -2.02181], [125.87706, -2.02193], [125.87955, -2.02041], [125.88297, -2.0119], [125.88395, -2.01059], [125.88486, -2.01045], [125.88588, -2.00676], [125.88781, -2.0048], [125.88968, -1.99943], [125.89229, -1.99882], [125.89744, -1.99555], [125.89808, -1.99239], [125.89682, -1.98952], [125.8992, -1.98326], [125.90186, -1.9832], [125.90309, -1.9821], [125.90376, -1.98235], [125.90357, -1.98126], [125.90688, -1.97626], [125.91018, -1.97445], [125.91375, -1.97409], [125.91516, -1.97478], [125.91569, -1.9764], [125.91323, -1.97772], [125.9134, -1.97904], [125.91426, -1.97861], [125.91492, -1.98063], [125.91646, -1.98069], [125.91658, -1.97973], [125.9207, -1.97658], [125.92265, -1.97742], [125.92191, -1.97893], [125.92299, -1.98026], [125.92432, -1.97979], [125.9261, -1.97762], [125.92594, -1.97955], [125.9287, -1.98084], [125.92919, -1.98226], [125.93027, -1.98192], [125.93145, -1.97992], [125.93152, -1.98061], [125.93378, -1.979], [125.93452, -1.9794], [125.93493, -1.98077], [125.93741, -1.98107], [125.93699, -1.97973], [125.93823, -1.97956], [125.93847, -1.97886], [125.9371, -1.97786], [125.93582, -1.97822], [125.93575, -1.97737], [125.93773, -1.97713], [125.94211, -1.97872], [125.94275, -1.9797], [125.94471, -1.98054], [125.94342, -1.98201], [125.9448, -1.98315], [125.94463, -1.98459], [125.94307, -1.98475], [125.94231, -1.98413], [125.94279, -1.98513], [125.94525, -1.98505], [125.94541, -1.98438], [125.94727, -1.9837], [125.94695, -1.98601], [125.94767, -1.98581], [125.9495, -1.98833], [125.95113, -1.9887], [125.95209, -1.98992], [125.95338, -1.9896], [125.95333, -1.98792], [125.95515, -1.98849], [125.95635, -1.98789], [125.95755, -1.98923], [125.95714, -1.99196], [125.95975, -1.99571], [125.96206, -1.99603], [125.96583, -1.99864], [125.96987, -2.00028], [125.97098, -2.00322], [125.96988, -2.00446], [125.97018, -2.00582], [125.97213, -2.00454], [125.97241, -2.00539], [125.9718, -2.00663], [125.9743, -2.01002], [125.97755, -2.00911], [125.97565, -2.00731], [125.97448, -2.00787], [125.97531, -2.00585], [125.97411, -2.00414], [125.97593, -2.00529], [125.97709, -2.00814], [125.98099, -2.01098], [125.98282, -2.01099], [125.98479, -2.01493], [125.9873, -2.01542], [125.98899, -2.02145], [125.99266, -2.02892], [125.99257, -2.03374], [125.99311, -2.03564], [125.99212, -2.04111], [125.99265, -2.04407], [125.99128, -2.04463], [125.96172, -2.03226], [125.92671, -2.04047], [125.91785, -2.04082], [125.91712, -2.04474]]]}}, {"type": "Feature", "properties": {"domain_id": "820510", "name": "MANGOLI UTARA TIMUR"}, "geometry": {"type": "MultiPolygon", "coordinates": [[[[126.19806, -1.80489], [126.19877, -1.80501], [126.20048, -1.80761], [126.20195, -1.80721], [126.20243, -1.80784], [126.2035, -1.8077], [126.20366, -1.8067], [126.20526, -1.80629], [126.20523, -1.80718], [126.20415, -1.80813], [126.205, -1.81031], [126.20515, -1.81328], [126.20803, -1.81508], [126.21731, -1.81625], [126.22155, -1.81785], [126.22472, -1.81827], [126.23171, -1.81776], [126.2383, -1.81806], [126.24377, -1.81675], [126.24912, -1.81667], [126.25336, -1.81831], [126.26106, -1.81759], [126.26165, -1.81662], [126.26367, -1.81692], [126.26724, -1.81526], [126.26823, -1.81628], [126.26878, -1.81589], [126.26971, -1.81641], [126.26998, -1.81718], [126.27307, -1.81822], [126.27524, -1.82107], [126.27752, -1.82148], [126.27964, -1.82075], [126.28297, -1.8209], [126.28328, -1.81982], [126.28423, -1.81989], [126.28454, -1.82124], [126.28643, -1.82187], [126.28792, -1.82341], [126.28812, -1.8256], [126.28972, -1.82665], [126.29169, -1.82588], [126.29355, -1.82656], [126.29752, -1.82318], [126.2975, -1.82242], [126.2987, -1.82219], [126.30095, -1.82352], [126.30328, -1.82766], [126.30485, -1.8286], [126.30857, -1.82701], [126.30929, -1.82609], [126.3143, -1.82472], [126.31529, -1.82383], [126.31526, -1.81941], [126.3127, -1.81537], [126.31401, -1.816], [126.31456, -1.81766], [126.31556, -1.81721], [126.31713, -1.81848], [126.31853, -1.81789], [126.32395, -1.81761], [126.32739, -1.81586], [126.32831, -1.81419], [126.32686, -1.81205], [126.3284, -1.81193], [126.32887, -1.81106], [126.32957, -1.81214], [126.3327, -1.81152], [126.33701, -1.81234], [126.34005, -1.81143], [126.3419, -1.81203], [126.34334, -1.81174], [126.34462, -1.81294], [126.3466, -1.81213], [126.34695, -1.81237], [126.34606, -1.81302], [126.34617, -1.81373], [126.34863, -1.81569], [126.35327, -1.81485], [126.34421, -1.82026], [126.34333, -1.81996], [126.34341, -1.819], [126.34278, -1.81862], [126.34083, -1.8194], [126.33895, -1.81839], [126.33734, -1.81928], [126.3339, -1.82371], [126.3343, -1.82448], [126.32605, -1.83223], [126.32366, -1.83697], [126.32398, -1.83771], [126.32312, -1.84028], [126.32011, -1.84338], [126.31555, -1.84476], [126.31242, -1.84655], [126.30379, -1.84707], [126.29968, -1.84949], [126.29544, -1.85335], [126.29105, -1.85506], [126.28579, -1.85621], [126.27955, -1.85582], [126.27399, -1.85725], [126.26696, -1.86345], [126.25767, -1.86984], [126.25236, -1.87513], [126.24534, -1.87925], [126.24193, -1.87944], [126.23752, -1.87796], [126.23073, -1.87922], [126.23059, -1.87779], [126.22738, -1.87611], [126.22685, -1.87494], [126.22265, -1.87332], [126.21927, -1.87021], [126.21059, -1.86879], [126.20631, -1.867], [126.19709, -1.86866], [126.18699, -1.87561], [126.18226, -1.87654], [126.17947, -1.87805], [126.17719, -1.87815], [126.1658, -1.88375], [126.15149, -1.88816], [126.14573, -1.88859], [126.14162, -1.89069], [126.13868, -1.89106], [126.14565, -1.88135], [126.14696, -1.87707], [126.14398, -1.87064], [126.14243, -1.86184], [126.14552, -1.85662], [126.14719, -1.8453], [126.14684, -1.84161], [126.14333, -1.83686], [126.14255, -1.82615], [126.14648, -1.81788], [126.15439, -1.80997], [126.15673, -1.80934], [126.15709, -1.80698], [126.15816, -1.80705], [126.15874, -1.80619], [126.16082, -1.80669], [126.16092, -1.80825], [126.16217, -1.80897], [126.17544, -1.81017], [126.17886, -1.80926], [126.17967, -1.80701], [126.18033, -1.80764], [126.18109, -1.80727], [126.18346, -1.80812], [126.18548, -1.80769], [126.18706, -1.80847], [126.18889, -1.8081], [126.18996, -1.80683], [126.19467, -1.80634], [126.19586, -1.80453], [126.19806, -1.80489]]], [[[126.45647, -1.80117], [126.45334, -1.80293], [126.45348, -1.80359], [126.45271, -1.80422], [126.44965, -1.80456], [126.44796, -1.80556], [126.44655, -1.80682], [126.44673, -1.80779], [126.45479, -1.80691], [126.46447, -1.8045], [126.46697, -1.8051], [126.46772, -1.80423], [126.47566, -1.80573], [126.47749, -1.80491], [126.47897, -1.80631], [126.47086, -1.80865], [126.4634, -1.80711], [126.45711, -1.80867], [126.45619, -1.81024], [126.45857, -1.81167], [126.46099, -1.81113], [126.45994, -1.8101], [126.46048, -1.80971], [126.46398, -1.80928], [126.46641, -1.80987], [126.46718, -1.81075], [126.46936, -1.81002], [126.4706, -1.812], [126.47264, -1.81272], [126.47529, -1.81122], [126.47736, -1.81152], [126.4761, -1.81317], [126.47304, -1.81445], [126.46891, -1.81386], [126.46707, -1.81642], [126.46358, -1.81941], [126.46272, -1.82157], [126.45906, -1.82458], [126.45244, -1.82477], [126.45101, -1.82558], [126.45571, -1.82561], [126.45826, -1.82625], [126.46186, -1.82559], [126.4614, -1.82374], [126.46654, -1.8238], [126.46743, -1.82324], [126.4674, -1.82251], [126.46629, -1.82256], [126.4649, -1.82137], [126.46323, -1.82131], [126.4636, -1.82035], [126.46624, -1.82151], [126.47242, -1.82084], [126.4756, -1.82143], [126.47636, -1.82042], [126.48079, -1.82045], [126.4836, -1.81928], [126.48584, -1.82017], [126.48671, -1.81979], [126.48498, -1.82155], [126.48524, -1.82252], [126.48369, -1.82258], [126.4822, -1.82912], [126.48032, -1.83123], [126.48042, -1.83207], [126.47636, -1.83378], [126.47247, -1.83446], [126.46598, -1.83764], [126.45891, -1.83903], [126.45309, -1.83909], [126.44921, -1.83833], [126.44296, -1.83578], [126.43983, -1.83356], [126.4337, -1.83248], [126.43045, -1.83092], [126.42652, -1.83066], [126.42465, -1.82936], [126.42116, -1.82966], [126.41815, -1.82857], [126.41445, -1.82849], [126.41283, -1.8276], [126.40089, -1.83199], [126.39744, -1.83537], [126.3929, -1.83732], [126.38957, -1.83705], [126.38615, -1.83826], [126.38336, -1.8382], [126.3823, -1.83712], [126.38269, -1.83525], [126.38217, -1.83442], [126.38336, -1.83029], [126.37991, -1.83], [126.37614, -1.83104], [126.3759, -1.82966], [126.37802, -1.82835], [126.37871, -1.82721], [126.37841, -1.82674], [126.37345, -1.82697], [126.36588, -1.82904], [126.36301, -1.82872], [126.35617, -1.83008], [126.35092, -1.82798], [126.35129, -1.82702], [126.34959, -1.82556], [126.35269, -1.8247], [126.35274, -1.82329], [126.35749, -1.82418], [126.36617, -1.82263], [126.3709, -1.82246], [126.37706, -1.82107], [126.37922, -1.82011], [126.38024, -1.81785], [126.3827, -1.81582], [126.38256, -1.81504], [126.38354, -1.81596], [126.38928, -1.81695], [126.39008, -1.81611], [126.39365, -1.81561], [126.39352, -1.81506], [126.39432, -1.81464], [126.39563, -1.81483], [126.39749, -1.81393], [126.4004, -1.81411], [126.4008, -1.81334], [126.40491, -1.81268], [126.40836, -1.81313], [126.42519, -1.81218], [126.42764, -1.81125], [126.4292, -1.80976], [126.43152, -1.80912], [126.43324, -1.8068], [126.43844, -1.80438], [126.43896, -1.80197], [126.44029, -1.80113], [126.442, -1.80169], [126.44276, -1.80111], [126.4456, -1.80249], [126.44652, -1.80197], [126.45023, -1.80195], [126.45741, -1.79998], [126.45609, -1.80066], [126.45647, -1.80117]]]]}}, {"type": "Feature", "properties": {"domain_id": "820509", "name": "SULABESI SELATAN"}, "geometry": {"type": "Polygon", "coordinates": [[[126.01093, -2.36688], [126.01345, -2.3699], [126.01387, -2.37228], [126.01325, -2.37424], [126.01589, -2.38132], [126.01922, -2.38334], [126.01875, -2.38555], [126.01621, -2.38852], [126.01542, -2.3929], [126.01662, -2.39872], [126.01862, -2.40329], [126.01822, -2.40682], [125.99055, -2.43186], [125.98879, -2.43633], [125.97933, -2.4222], [125.97834, -2.41912], [125.97619, -2.41733], [125.9739, -2.4119], [125.97343, -2.40325], [125.96726, -2.39667], [125.96379, -2.38648], [125.96357, -2.382], [125.96165, -2.37674], [125.96081, -2.37044], [125.96202, -2.36724], [125.96148, -2.3649], [125.9596, -2.36241], [125.95985, -2.35608], [125.96168, -2.34802], [125.96184, -2.34436], [125.96081, -2.33944], [125.95892, -2.33454], [125.95878, -2.32561], [125.9547, -2.31778], [125.95156, -2.31475], [125.95097, -2.31243], [125.94633, -2.30398], [125.93996, -2.29661], [125.93703, -2.29432], [125.93452, -2.2898], [125.93208, -2.28846], [125.93079, -2.28688], [125.9266, -2.27521], [125.92881, -2.27444], [125.93229, -2.27428], [125.93354, -2.27281], [125.93687, -2.27211], [125.93806, -2.27035], [125.94445, -2.26899], [125.94788, -2.26635], [125.95173, -2.26635], [125.95673, -2.26471], [125.95809, -2.26357], [125.96087, -2.263], [125.96287, -2.26143], [125.96645, -2.26144], [125.96961, -2.26034], [125.97116, -2.26243], [125.97383, -2.26389], [125.97633, -2.26839], [125.9769, -2.27317], [125.9764, -2.27639], [125.97897, -2.28317], [125.98129, -2.28541], [125.9834, -2.29025], [125.98497, -2.2912], [125.9876, -2.29458], [125.99087, -2.29625], [125.992, -2.29785], [125.99224, -2.30125], [125.99372, -2.30595], [125.9923, -2.31362], [125.99424, -2.31781], [125.995, -2.32555], [125.99852, -2.33407], [126.00127, -2.33832], [126.00218, -2.33878], [126.00225, -2.34036], [126.00417, -2.34319], [126.00221, -2.34628], [126.00471, -2.34985], [126.00483, -2.35884], [126.00679, -2.36217], [126.00859, -2.36357], [126.01093, -2.36688]]]}}, {"type": "Feature", "properties": {"domain_id": "820508", "name": "SULABESI TIMUR"}, "geometry": {"type": "Polygon", "coordinates": [[[126.07361, -2.43091], [126.07322, -2.43819], [126.07372, -2.44132], [126.07037, -2.45127], [126.06543, -2.45998], [126.06016, -2.46641], [126.05777, -2.47087], [126.05439, -2.47382], [126.05013, -2.47597], [126.04986, -2.4771], [126.04742, -2.4771], [126.04692, -2.47641], [126.04576, -2.47666], [126.0426, -2.47548], [126.04124, -2.47315], [126.0356, -2.46926], [126.01767, -2.45977], [126.01433, -2.45702], [125.99898, -2.44723], [125.99152, -2.4409], [125.98879, -2.43633], [125.99055, -2.43186], [126.01822, -2.40682], [126.01867, -2.40375], [126.01662, -2.39872], [126.01542, -2.3929], [126.01621, -2.38852], [126.01875, -2.38555], [126.01922, -2.38334], [126.01589, -2.38132], [126.0151, -2.37972], [126.01325, -2.37424], [126.01387, -2.37133], [126.01298, -2.36889], [126.00679, -2.36217], [126.00483, -2.35884], [126.00471, -2.34985], [126.00221, -2.34628], [126.00417, -2.34319], [126.00225, -2.34036], [126.00218, -2.33878], [126.00101, -2.33775], [126.00698, -2.33772], [126.00932, -2.33849], [126.01025, -2.33956], [126.01046, -2.34156], [126.01139, -2.3422], [126.01389, -2.3427], [126.01832, -2.34527], [126.0206, -2.34541], [126.02231, -2.3447], [126.02503, -2.34106], [126.02731, -2.33941], [126.03155, -2.33759], [126.03272, -2.33758], [126.03437, -2.33896], [126.03903, -2.34865], [126.04001, -2.354], [126.03925, -2.35748], [126.03948, -2.35937], [126.04133, -2.36037], [126.04659, -2.36704], [126.04919, -2.37465], [126.05465, -2.38508], [126.05917, -2.39155], [126.06078, -2.3983], [126.06247, -2.39971], [126.06484, -2.40718], [126.06926, -2.4129], [126.07204, -2.41981], [126.07361, -2.43091]]]}}, {"type": "Feature", "properties": {"domain_id": "820507", "name": "SULABESI TENGAH"}, "geometry": {"type": "Polygon", "coordinates": [[[126.02287, -2.31435], [126.02515, -2.31993], [126.03245, -2.33211], [126.03316, -2.33562], [126.03272, -2.33758], [126.02731, -2.33941], [126.02503, -2.34106], [126.02231, -2.3447], [126.0206, -2.34541], [126.01832, -2.34527], [126.01389, -2.3427], [126.01139, -2.3422], [126.01046, -2.34156], [126.01025, -2.33956], [126.00932, -2.33849], [126.00698, -2.33772], [126.00101, -2.33775], [125.99852, -2.33407], [125.995, -2.32555], [125.99424, -2.31781], [125.9923, -2.31362], [125.99372, -2.30595], [125.99158, -2.2969], [125.9876, -2.29458], [125.98497, -2.2912], [125.9834, -2.29025], [125.98129, -2.28541], [125.97897, -2.28317], [125.9764, -2.27639], [125.9769, -2.27317], [125.97633, -2.26839], [125.97412, -2.26425], [125.97116, -2.26243], [125.96849, -2.25923], [125.96706, -2.25709], [125.96671, -2.25405], [125.96468, -2.25257], [125.96267, -2.24961], [125.9598, -2.24697], [125.95766, -2.24287], [125.95287, -2.23684], [125.95261, -2.23395], [125.94917, -2.23138], [125.94477, -2.222], [125.93928, -2.21854], [125.93898, -2.21705], [125.93988, -2.2142], [125.9395, -2.21239], [125.93464, -2.20754], [125.93363, -2.2048], [125.93095, -2.20105], [125.93286, -2.19903], [125.93286, -2.19748], [125.93036, -2.19641], [125.92935, -2.19504], [125.92643, -2.18493], [125.92506, -2.18255], [125.92465, -2.18005], [125.92319, -2.17786], [125.92071, -2.17087], [125.92083, -2.16948], [125.91959, -2.16771], [125.91835, -2.16392], [125.9317, -2.16162], [125.93448, -2.16054], [125.93881, -2.16139], [125.94475, -2.15959], [125.95315, -2.15899], [125.9549, -2.1598], [125.95649, -2.15874], [125.95786, -2.15872], [125.96308, -2.18307], [125.96729, -2.19356], [125.97362, -2.20398], [125.978, -2.21718], [125.98053, -2.22089], [125.98434, -2.23057], [125.98655, -2.23292], [125.98931, -2.23897], [125.99077, -2.24045], [125.99643, -2.25042], [125.99961, -2.25446], [126.00019, -2.25972], [126.00139, -2.26293], [126.00548, -2.26615], [126.00592, -2.26868], [126.01058, -2.27995], [126.0131, -2.28378], [126.01412, -2.28765], [126.01998, -2.29881], [126.02076, -2.30266], [126.02126, -2.31202], [126.02287, -2.31435]]]}}, {"type": "Feature", "properties": {"domain_id": "820426", "name": "GANE TIMUR SELATAN"}, "geometry": {"type": "MultiPolygon", "coordinates": [[[[128.20971, -0.68215], [128.20934, -0.68715], [128.21095, -0.69298], [128.21035, -0.69346], [128.21127, -0.69386], [128.21311, -0.69766], [128.21446, -0.69775], [128.21641, -0.701], [128.21848, -0.70196], [128.22049, -0.70559], [128.22011, -0.70652], [128.2207, -0.70614], [128.22268, -0.70782], [128.22528, -0.70851], [128.22673, -0.70977], [128.22593, -0.7114], [128.22626, -0.71227], [128.22791, -0.71182], [128.23326, -0.71552], [128.23327, -0.71833], [128.23451, -0.7208], [128.23879, -0.72169], [128.23971, -0.72386], [128.2423, -0.72451], [128.246, -0.7276], [128.24665, -0.72892], [128.2517, -0.73175], [128.25242, -0.73294], [128.25469, -0.73231], [128.2564, -0.73335], [128.26634, -0.74232], [128.28555, -0.75294], [128.29236, -0.75938], [128.29461, -0.76251], [128.2992, -0.76463], [128.30407, -0.77157], [128.30542, -0.77584], [128.30692, -0.7777], [128.30636, -0.77942], [128.3077, -0.78327], [128.30736, -0.7853], [128.30884, -0.78855], [128.30862, -0.78988], [128.31064, -0.79003], [128.31247, -0.79163], [128.31503, -0.79183], [128.31683, -0.79359], [128.31865, -0.79414], [128.32584, -0.8033], [128.33315, -0.809], [128.34565, -0.81455], [128.35046, -0.81931], [128.35234, -0.82207], [128.35359, -0.8243], [128.35292, -0.82558], [128.3532, -0.82673], [128.3558, -0.82672], [128.3654, -0.83869], [128.37717, -0.85017], [128.38592, -0.85671], [128.38656, -0.85778], [128.39487, -0.86183], [128.41775, -0.87583], [128.42152, -0.87716], [128.4288, -0.87802], [128.4326, -0.88025], [128.44051, -0.88937], [128.45011, -0.89693], [128.45384, -0.90089], [128.45648, -0.90538], [128.45606, -0.91028], [128.45181, -0.90947], [128.45033, -0.9064], [128.44866, -0.90606], [128.44771, -0.90477], [128.44507, -0.90364], [128.44471, -0.9023], [128.44278, -0.90211], [128.44049, -0.89995], [128.43614, -0.89816], [128.43037, -0.89738], [128.42942, -0.89664], [128.42895, -0.89352], [128.42208, -0.89123], [128.42087, -0.88911], [128.41867, -0.88784], [128.41682, -0.8845], [128.4148, -0.88323], [128.41186, -0.88251], [128.41168, -0.8815], [128.4061, -0.87849], [128.40418, -0.87621], [128.39981, -0.87527], [128.39681, -0.87341], [128.39612, -0.87177], [128.39155, -0.87187], [128.38793, -0.86872], [128.38431, -0.86798], [128.38282, -0.86832], [128.38261, -0.86729], [128.38026, -0.86515], [128.38026, -0.86436], [128.37433, -0.86061], [128.37212, -0.86001], [128.37126, -0.86069], [128.36303, -0.85988], [128.36351, -0.85688], [128.36071, -0.85498], [128.35577, -0.85352], [128.35054, -0.85305], [128.34708, -0.85216], [128.34554, -0.85083], [128.34309, -0.85051], [128.34391, -0.8471], [128.34134, -0.84464], [128.3367, -0.84296], [128.33413, -0.84318], [128.33171, -0.84228], [128.32864, -0.83943], [128.32559, -0.83865], [128.32555, -0.83791], [128.32229, -0.83602], [128.3219, -0.83496], [128.32004, -0.83452], [128.31772, -0.83488], [128.31622, -0.83413], [128.31333, -0.83109], [128.31058, -0.8306], [128.30955, -0.82424], [128.3059, -0.82087], [128.30415, -0.81808], [128.30216, -0.81666], [128.29997, -0.81636], [128.30036, -0.81368], [128.29849, -0.81265], [128.29615, -0.80776], [128.29611, -0.80651], [128.29084, -0.80472], [128.29005, -0.80317], [128.28751, -0.80212], [128.28634, -0.8003], [128.2833, -0.79769], [128.28334, -0.7968], [128.28113, -0.79289], [128.27936, -0.79213], [128.27977, -0.78906], [128.27894, -0.78706], [128.27252, -0.78413], [128.27152, -0.78221], [128.27002, -0.7818], [128.26957, -0.77917], [128.26619, -0.77826], [128.26584, -0.77467], [128.26512, -0.77395], [128.26502, -0.77124], [128.26427, -0.76946], [128.26466, -0.76771], [128.26438, -0.76682], [128.26288, -0.76631], [128.26242, -0.76385], [128.26312, -0.76144], [128.25689, -0.75958], [128.25646, -0.75848], [128.25417, -0.75715], [128.25422, -0.75601], [128.25565, -0.75406], [128.25565, -0.75273], [128.25361, -0.75239], [128.25289, -0.75149], [128.24975, -0.7502], [128.24699, -0.75082], [128.24466, -0.74825], [128.23743, -0.74397], [128.22924, -0.7424], [128.22738, -0.7424], [128.22596, -0.7434], [128.22328, -0.74341], [128.22268, -0.74202], [128.21936, -0.74036], [128.21897, -0.73617], [128.21713, -0.73537], [128.21359, -0.73629], [128.21324, -0.73151], [128.21244, -0.73083], [128.20436, -0.7324], [128.20089, -0.7314], [128.19975, -0.73007], [128.19959, -0.72837], [128.194, -0.72809], [128.19148, -0.72695], [128.18834, -0.72735], [128.18845, -0.721], [128.18625, -0.71946], [128.18412, -0.71958], [128.18377, -0.71627], [128.17778, -0.71387], [128.17771, -0.71031], [128.17658, -0.70771], [128.17601, -0.70103], [128.17457, -0.69952], [128.17275, -0.69906], [128.17102, -0.69762], [128.16788, -0.69699], [128.16718, -0.69385], [128.16646, -0.6933], [128.16648, -0.69175], [128.1652, -0.69052], [128.1626, -0.69014], [128.16008, -0.68861], [128.15827, -0.68834], [128.1568, -0.68719], [128.15589, -0.68443], [128.15406, -0.68281], [128.15016, -0.68207], [128.14268, -0.68236], [128.13847, -0.67967], [128.13466, -0.67992], [128.12812, -0.67902], [128.12827, -0.67674], [128.12698, -0.6731], [128.12524, -0.67235], [128.12538, -0.6706], [128.12188, -0.6686], [128.12077, -0.66728], [128.12116, -0.66206], [128.1176, -0.6607], [128.11668, -0.65875], [128.11684, -0.65759], [128.11444, -0.65587], [128.10894, -0.64749], [128.10988, -0.64541], [128.10966, -0.6443], [128.10446, -0.64161], [128.10395, -0.63988], [128.10215, -0.63926], [128.10161, -0.63631], [128.10079, -0.63577], [128.09994, -0.63361], [128.10015, -0.63285], [128.0982, -0.6317], [128.09663, -0.62625], [128.09413, -0.62564], [128.0933, -0.62468], [128.09192, -0.61957], [128.08945, -0.61669], [128.08705, -0.61568], [128.08707, -0.61172], [128.0861, -0.61023], [128.08412, -0.60926], [128.08309, -0.60722], [128.07951, -0.60601], [128.07961, -0.60136], [128.07893, -0.60058], [128.07616, -0.60002], [128.07508, -0.59755], [128.07501, -0.59477], [128.07205, -0.59184], [128.06764, -0.59125], [128.06522, -0.58807], [128.06367, -0.58155], [128.06058, -0.57533], [128.06054, -0.57333], [128.05886, -0.57109], [128.05879, -0.56955], [128.05811, -0.56926], [128.05736, -0.56348], [128.06349, -0.56448], [128.0756, -0.56408], [128.07975, -0.56312], [128.08486, -0.5606], [128.09025, -0.55745], [128.09388, -0.55097], [128.09707, -0.54971], [128.09835, -0.54745], [128.11011, -0.54111], [128.11197, -0.53948], [128.11255, -0.53673], [128.11539, -0.53531], [128.11656, -0.53315], [128.11793, -0.53235], [128.12131, -0.53665], [128.12336, -0.53664], [128.12593, -0.53867], [128.13631, -0.55605], [128.14987, -0.57542], [128.14905, -0.57572], [128.14997, -0.57593], [128.15043, -0.57809], [128.15376, -0.58509], [128.16498, -0.60342], [128.17567, -0.61773], [128.17466, -0.61728], [128.17633, -0.61823], [128.18014, -0.62396], [128.18148, -0.62451], [128.1823, -0.62617], [128.18542, -0.62901], [128.18561, -0.63016], [128.18499, -0.63089], [128.18612, -0.63325], [128.18526, -0.63614], [128.18685, -0.63953], [128.18665, -0.64273], [128.188, -0.64588], [128.18774, -0.64852], [128.18934, -0.6514], [128.19226, -0.65381], [128.19308, -0.65901], [128.19842, -0.67036], [128.20357, -0.6763], [128.20822, -0.67879], [128.20971, -0.68215]]], [[[128.38408, -0.53943], [128.39035, -0.5433], [128.39126, -0.5448], [128.39281, -0.54555], [128.3928, -0.54689], [128.39351, -0.54659], [128.39358, -0.54724], [128.39573, -0.54602], [128.40216, -0.54829], [128.40378, -0.54993], [128.40448, -0.55233], [128.40081, -0.55288], [128.39952, -0.55465], [128.39875, -0.5546], [128.39845, -0.55785], [128.39804, -0.55635], [128.39701, -0.55546], [128.39356, -0.55478], [128.39321, -0.55446], [128.39353, -0.55387], [128.39426, -0.55416], [128.39366, -0.55466], [128.39581, -0.55397], [128.39505, -0.55338], [128.3956, -0.55116], [128.39391, -0.55359], [128.39167, -0.55371], [128.39169, -0.55217], [128.39319, -0.54912], [128.3918, -0.55083], [128.39149, -0.55013], [128.39319, -0.54794], [128.39283, -0.547], [128.39121, -0.54935], [128.39111, -0.54815], [128.39233, -0.5469], [128.39089, -0.548], [128.39104, -0.55204], [128.39054, -0.55329], [128.38883, -0.55152], [128.39021, -0.54689], [128.38757, -0.55104], [128.38874, -0.55153], [128.38849, -0.55224], [128.38648, -0.55015], [128.38567, -0.55045], [128.38344, -0.54879], [128.38227, -0.54904], [128.38173, -0.548], [128.37963, -0.54862], [128.377, -0.54503], [128.37897, -0.54142], [128.37758, -0.54223], [128.3765, -0.54455], [128.37567, -0.54488], [128.3753, -0.54346], [128.37694, -0.54007], [128.37567, -0.54202], [128.37576, -0.5396], [128.37415, -0.54352], [128.37444, -0.54444], [128.3755, -0.5447], [128.37487, -0.54472], [128.37413, -0.54437], [128.37118, -0.54209], [128.37062, -0.54128], [128.37068, -0.54059], [128.37201, -0.54113], [128.37274, -0.53985], [128.37153, -0.54072], [128.36896, -0.54005], [128.36856, -0.53878], [128.36891, -0.53952], [128.36973, -0.5392], [128.3695, -0.53807], [128.36844, -0.53714], [128.36653, -0.53686], [128.36062, -0.53938], [128.35789, -0.54186], [128.35728, -0.54219], [128.35868, -0.54071], [128.3586, -0.53981], [128.35761, -0.53931], [128.35776, -0.54119], [128.35669, -0.54054], [128.3569, -0.54248], [128.35434, -0.54568], [128.35373, -0.54605], [128.35421, -0.54437], [128.35142, -0.54715], [128.35101, -0.547], [128.35078, -0.54562], [128.35046, -0.54554], [128.35049, -0.54686], [128.34934, -0.54767], [128.35232, -0.54739], [128.35336, -0.54604], [128.35845, -0.54762], [128.36197, -0.54762], [128.36511, -0.54908], [128.36775, -0.5494], [128.36687, -0.5516], [128.36681, -0.55095], [128.36595, -0.55133], [128.36677, -0.55071], [128.36609, -0.54998], [128.3657, -0.55031], [128.36535, -0.54941], [128.35592, -0.54891], [128.35057, -0.54902], [128.34947, -0.5496], [128.34844, -0.55136], [128.34318, -0.55178], [128.34164, -0.55138], [128.33884, -0.5485], [128.33891, -0.54768], [128.33765, -0.54717], [128.33617, -0.54773], [128.33614, -0.54835], [128.33523, -0.54807], [128.33579, -0.54634], [128.342, -0.54155], [128.34595, -0.53946], [128.35679, -0.5362], [128.36065, -0.53248], [128.36074, -0.53142], [128.3619, -0.53121], [128.36504, -0.5283], [128.36771, -0.52707], [128.37062, -0.52761], [128.37257, -0.52894], [128.37859, -0.53612], [128.38408, -0.53943]]], [[[128.5935, -0.62834], [128.59401, -0.62846], [128.59347, -0.63032], [128.59416, -0.63031], [128.59457, -0.62884], [128.59554, -0.62818], [128.59638, -0.62916], [128.59753, -0.62905], [128.5972, -0.63154], [128.59807, -0.63207], [128.60007, -0.63184], [128.60092, -0.63255], [128.60569, -0.63978], [128.60667, -0.64411], [128.60646, -0.64666], [128.60332, -0.65088], [128.60106, -0.65243], [128.59645, -0.65388], [128.59466, -0.65382], [128.59326, -0.6524], [128.59295, -0.64749], [128.59482, -0.64426], [128.59652, -0.64363], [128.59579, -0.64421], [128.59711, -0.64623], [128.59802, -0.64555], [128.5997, -0.64596], [128.59829, -0.6475], [128.59768, -0.65017], [128.59832, -0.65098], [128.59877, -0.65], [128.59982, -0.6497], [128.59932, -0.64922], [128.6001, -0.64896], [128.60031, -0.64799], [128.60056, -0.64899], [128.60085, -0.64712], [128.60337, -0.64569], [128.60388, -0.64226], [128.60313, -0.64084], [128.60261, -0.64138], [128.60326, -0.64239], [128.60268, -0.64242], [128.60281, -0.64439], [128.60183, -0.64496], [128.6009, -0.638], [128.60017, -0.63814], [128.59942, -0.63677], [128.6004, -0.63928], [128.60017, -0.64393], [128.59773, -0.64321], [128.59749, -0.64098], [128.59813, -0.64005], [128.5985, -0.64077], [128.59898, -0.63943], [128.59812, -0.63792], [128.59527, -0.63677], [128.59555, -0.6354], [128.59401, -0.6351], [128.59371, -0.63341], [128.59137, -0.63327], [128.5914, -0.63453], [128.59279, -0.63445], [128.5942, -0.63633], [128.59327, -0.63778], [128.59248, -0.63793], [128.59233, -0.63964], [128.59138, -0.63927], [128.59095, -0.64027], [128.59031, -0.6392], [128.58958, -0.64103], [128.5886, -0.64071], [128.58846, -0.63869], [128.58727, -0.63963], [128.58637, -0.6393], [128.58542, -0.63785], [128.58688, -0.63721], [128.58586, -0.63615], [128.58518, -0.6363], [128.58538, -0.63552], [128.58471, -0.63516], [128.5843, -0.63632], [128.58391, -0.63571], [128.5833, -0.63623], [128.58245, -0.63513], [128.5827, -0.6363], [128.58195, -0.63687], [128.57814, -0.63681], [128.5789, -0.63523], [128.58139, -0.6335], [128.58437, -0.63219], [128.59249, -0.63024], [128.59228, -0.62841], [128.5935, -0.62834]]], [[[128.44123, -0.572], [128.44116, -0.57479], [128.43952, -0.57966], [128.43441, -0.5878], [128.4291, -0.59076], [128.42636, -0.59134], [128.42345, -0.59067], [128.42604, -0.58896], [128.42801, -0.58605], [128.42831, -0.58416], [128.4278, -0.58278], [128.42994, -0.57887], [128.427, -0.57783], [128.42682, -0.57713], [128.42883, -0.57517], [128.42987, -0.57335], [128.43, -0.57165], [128.4326, -0.57006], [128.43682, -0.56925], [128.43988, -0.57011], [128.44123, -0.572]]], [[[128.35068, -0.56759], [128.35022, -0.56917], [128.34872, -0.56954], [128.34884, -0.56849], [128.35006, -0.56865], [128.35041, -0.56726], [128.34942, -0.5677], [128.34854, -0.56706], [128.34869, -0.56795], [128.34672, -0.56829], [128.34302, -0.57093], [128.34371, -0.57032], [128.34364, -0.56912], [128.3422, -0.57052], [128.34264, -0.57217], [128.34111, -0.57151], [128.33911, -0.57284], [128.34257, -0.57302], [128.34323, -0.57485], [128.34625, -0.57678], [128.35013, -0.57742], [128.35362, -0.57568], [128.35527, -0.57394], [128.3549, -0.57275], [128.35633, -0.57333], [128.35673, -0.57254], [128.35563, -0.57149], [128.35708, -0.57126], [128.35693, -0.56998], [128.36086, -0.57306], [128.3614, -0.57458], [128.35893, -0.57751], [128.35481, -0.57985], [128.35401, -0.5814], [128.34752, -0.58313], [128.34407, -0.57987], [128.34193, -0.57882], [128.3329, -0.57919], [128.33117, -0.57863], [128.32959, -0.57721], [128.32993, -0.57575], [128.33831, -0.57289], [128.3464, -0.56657], [128.34958, -0.56646], [128.35067, -0.56705], [128.35068, -0.56759]]], [[[128.33166, -0.54846], [128.33435, -0.54959], [128.33468, -0.55053], [128.33372, -0.55039], [128.3338, -0.55172], [128.33618, -0.5513], [128.33762, -0.55021], [128.33751, -0.54941], [128.33557, -0.5499], [128.33686, -0.54897], [128.33741, -0.54903], [128.33855, -0.5502], [128.33812, -0.55077], [128.34023, -0.551], [128.34054, -0.55145], [128.33962, -0.55141], [128.3417, -0.55253], [128.34047, -0.55432], [128.33446, -0.55591], [128.33038, -0.55493], [128.32444, -0.55569], [128.31714, -0.55429], [128.31569, -0.55129], [128.31599, -0.54962], [128.32125, -0.54854], [128.33004, -0.54755], [128.33166, -0.54846]]], [[[128.50579, -0.59797], [128.50709, -0.59725], [128.5085, -0.59826], [128.5082, -0.60339], [128.50604, -0.60406], [128.50357, -0.60674], [128.50456, -0.6026], [128.50423, -0.60157], [128.50241, -0.60584], [128.50109, -0.60444], [128.50216, -0.60339], [128.50187, -0.60221], [128.50076, -0.60511], [128.50242, -0.60891], [128.49783, -0.60355], [128.49457, -0.59808], [128.49794, -0.59571], [128.5045, -0.5984], [128.50579, -0.59797]]], [[[128.48517, -0.59235], [128.47908, -0.5919], [128.4755, -0.59079], [128.47456, -0.58771], [128.47626, -0.5844], [128.47732, -0.58345], [128.47873, -0.58327], [128.48623, -0.58772], [128.48705, -0.58877], [128.48692, -0.59147], [128.48754, -0.5923], [128.48517, -0.59235]]], [[[128.36989, -0.55288], [128.37149, -0.55491], [128.37296, -0.55555], [128.37354, -0.55519], [128.37546, -0.55585], [128.38062, -0.55412], [128.3815, -0.55525], [128.38238, -0.55519], [128.38163, -0.55603], [128.38482, -0.5555], [128.38231, -0.55788], [128.37929, -0.55872], [128.36914, -0.55777], [128.36745, -0.5554], [128.36843, -0.55579], [128.36908, -0.55515], [128.36719, -0.55246], [128.36947, -0.55345], [128.36785, -0.55195], [128.36859, -0.55165], [128.36989, -0.55288]]], [[[128.40988, -0.5514], [128.41012, -0.55263], [128.4109, -0.55285], [128.40534, -0.56003], [128.40349, -0.56052], [128.40156, -0.55839], [128.40229, -0.55509], [128.40187, -0.55541], [128.40171, -0.55441], [128.4016, -0.5566], [128.39912, -0.55724], [128.39918, -0.55605], [128.40147, -0.55354], [128.40231, -0.55356], [128.40218, -0.55412], [128.40317, -0.55469], [128.40284, -0.55548], [128.40644, -0.55153], [128.40902, -0.55149], [128.40975, -0.55082], [128.40988, -0.5514]]], [[[128.41157, -0.58518], [128.41285, -0.58873], [128.41276, -0.59568], [128.4132, -0.5963], [128.41254, -0.59767], [128.41232, -0.59554], [128.41175, -0.59518], [128.41098, -0.59603], [128.41136, -0.59755], [128.41098, -0.59735], [128.40946, -0.60027], [128.40959, -0.60212], [128.4108, -0.6022], [128.41109, -0.60285], [128.41207, -0.60175], [128.41193, -0.60109], [128.41109, -0.60092], [128.41135, -0.59867], [128.41335, -0.59948], [128.41645, -0.59868], [128.41691, -0.59816], [128.41551, -0.59759], [128.41326, -0.5979], [128.41312, -0.59666], [128.4154, -0.59746], [128.41801, -0.59605], [128.4189, -0.59453], [128.42048, -0.59378], [128.42074, -0.59466], [128.41876, -0.59871], [128.41335, -0.60186], [128.41337, -0.60338], [128.4126, -0.6025], [128.41242, -0.60371], [128.40979, -0.60393], [128.40885, -0.60263], [128.4087, -0.6003], [128.41, -0.59778], [128.41001, -0.59612], [128.4124, -0.59257], [128.41179, -0.59125], [128.4125, -0.58952], [128.41081, -0.58565], [128.41101, -0.58426], [128.41157, -0.58518]]], [[[128.51325, -0.61055], [128.51432, -0.60953], [128.51348, -0.61092], [128.5148, -0.61029], [128.51402, -0.61097], [128.51487, -0.611], [128.51413, -0.61158], [128.51501, -0.61178], [128.51445, -0.61448], [128.51568, -0.61629], [128.51318, -0.61913], [128.51143, -0.61833], [128.51197, -0.617], [128.51107, -0.6154], [128.51182, -0.61349], [128.51115, -0.61245], [128.51055, -0.61271], [128.5108, -0.61159], [128.51304, -0.6095], [128.51325, -0.61055]]], [[[128.54888, -0.69894], [128.54801, -0.69779], [128.54759, -0.69502], [128.54808, -0.69348], [128.54909, -0.69295], [128.55192, -0.69425], [128.5534, -0.69637], [128.55236, -0.69853], [128.55036, -0.6994], [128.54888, -0.69894]]], [[[128.5281, -0.64136], [128.52997, -0.6424], [128.53211, -0.6419], [128.5343, -0.64346], [128.53669, -0.64336], [128.53947, -0.64691], [128.52886, -0.64398], [128.52851, -0.6427], [128.52696, -0.64129], [128.5281, -0.64136]]], [[[128.56843, -0.65511], [128.56405, -0.65438], [128.55797, -0.65022], [128.56041, -0.65007], [128.56935, -0.65352], [128.57078, -0.65484], [128.56843, -0.65511]]], [[[128.51959, -0.63887], [128.52045, -0.63955], [128.52001, -0.6404], [128.51577, -0.6404], [128.5138, -0.6366], [128.51386, -0.63322], [128.51775, -0.63772], [128.51959, -0.63887]]], [[[128.41299, -0.5671], [128.40873, -0.56797], [128.4084, -0.5657], [128.40725, -0.56449], [128.41275, -0.56199], [128.41251, -0.56653], [128.41299, -0.5671]]], [[[128.51041, -0.60471], [128.5106, -0.60652], [128.50886, -0.60968], [128.5078, -0.60899], [128.50979, -0.60673], [128.50893, -0.60679], [128.50623, -0.60985], [128.50685, -0.60807], [128.50643, -0.60698], [128.50615, -0.60805], [128.50459, -0.60743], [128.50874, -0.6044], [128.50888, -0.60522], [128.50938, -0.6051], [128.50927, -0.60666], [128.51023, -0.60519], [128.50935, -0.60452], [128.5103, -0.60316], [128.51041, -0.60471]]], [[[128.54808, -0.61892], [128.55089, -0.61916], [128.55134, -0.6208], [128.55089, -0.62192], [128.55004, -0.62117], [128.5475, -0.62312], [128.54689, -0.62147], [128.54607, -0.62102], [128.54606, -0.61984], [128.5471, -0.61884], [128.54808, -0.61892]]], [[[128.42455, -0.57094], [128.42331, -0.57551], [128.41921, -0.57283], [128.41923, -0.57228], [128.42054, -0.57222], [128.4223, -0.57057], [128.42402, -0.5702], [128.42455, -0.57094]]], [[[128.5525, -0.62744], [128.55248, -0.62927], [128.55124, -0.62945], [128.54805, -0.62656], [128.54909, -0.62653], [128.55142, -0.6241], [128.55259, -0.62497], [128.5525, -0.62744]]], [[[128.42636, -0.57526], [128.42638, -0.5763], [128.4255, -0.57723], [128.4236, -0.57529], [128.42628, -0.57111], [128.42745, -0.57219], [128.42636, -0.57526]]], [[[128.56698, -0.62314], [128.56757, -0.62366], [128.56761, -0.62587], [128.56451, -0.6272], [128.56381, -0.62564], [128.56247, -0.62563], [128.56387, -0.62392], [128.56698, -0.62314]]], [[[128.57371, -0.65451], [128.5763, -0.65516], [128.57905, -0.65452], [128.58056, -0.65829], [128.57173, -0.65434], [128.57371, -0.65451]]], [[[128.5678, -0.63159], [128.56907, -0.63333], [128.5692, -0.63516], [128.56674, -0.63447], [128.56511, -0.63298], [128.56506, -0.63149], [128.5678, -0.63159]]], [[[128.50875, -0.61719], [128.50501, -0.61345], [128.5029, -0.60937], [128.5087, -0.61528], [128.50856, -0.616], [128.50969, -0.61739], [128.50875, -0.61719]]], [[[128.42073, -0.56913], [128.41934, -0.572], [128.41698, -0.57103], [128.41845, -0.56893], [128.42073, -0.56913]]], [[[128.55668, -0.65001], [128.55366, -0.64881], [128.55339, -0.64819], [128.55599, -0.6479], [128.55793, -0.65013], [128.55668, -0.65001]]], [[[128.40628, -0.57092], [128.40694, -0.57141], [128.40709, -0.5758], [128.40638, -0.57539], [128.40495, -0.57134], [128.40519, -0.57064], [128.40628, -0.57092]]], [[[128.53393, -0.6215], [128.53423, -0.6231], [128.53055, -0.62202], [128.53266, -0.62072], [128.53393, -0.6215]]], [[[128.51559, -0.60094], [128.51475, -0.60189], [128.51389, -0.60152], [128.51305, -0.60206], [128.51402, -0.59948], [128.51534, -0.59967], [128.51559, -0.60094]]], [[[128.49542, -0.59496], [128.49593, -0.5954], [128.49494, -0.59632], [128.49466, -0.59789], [128.49231, -0.5952], [128.49264, -0.59484], [128.49471, -0.59571], [128.49542, -0.59496]]], [[[128.3545, -0.56844], [128.35526, -0.56842], [128.35628, -0.56944], [128.3553, -0.56887], [128.35479, -0.56986], [128.35211, -0.56839], [128.35137, -0.56885], [128.35062, -0.56845], [128.35158, -0.56747], [128.3545, -0.56844]]], [[[128.54362, -0.64721], [128.53988, -0.64679], [128.53965, -0.64641], [128.54035, -0.64548], [128.54184, -0.64556], [128.54362, -0.64721]]], [[[128.51751, -0.6029], [128.51828, -0.60438], [128.51797, -0.60485], [128.51849, -0.60451], [128.51767, -0.60532], [128.5155, -0.60348], [128.51702, -0.60252], [128.51751, -0.6029]]], [[[128.39229, -0.55982], [128.39384, -0.5602], [128.39325, -0.56097], [128.39123, -0.56085], [128.39051, -0.56025], [128.39004, -0.55816], [128.39082, -0.55849], [128.39133, -0.55982], [128.39229, -0.55982]]]]}}, {"type": "Feature", "properties": {"domain_id": "820802", "name": "TALIABU BARAT LAUT"}, "geometry": {"type": "MultiPolygon", "coordinates": [[[[124.39706, -1.87092], [124.36922, -1.87112], [124.3678, -1.8732], [124.36462, -1.87238], [124.35796, -1.87325], [124.35533, -1.8747], [124.35511, -1.87651], [124.35195, -1.87844], [124.35028, -1.88061], [124.34382, -1.88343], [124.34127, -1.88286], [124.33897, -1.88134], [124.34129, -1.87702], [124.34174, -1.87403], [124.34099, -1.87053], [124.34126, -1.86746], [124.34309, -1.86239], [124.34327, -1.85942], [124.34498, -1.85289], [124.34562, -1.83622], [124.34229, -1.82914], [124.34253, -1.82578], [124.34297, -1.82538], [124.343, -1.82621], [124.34422, -1.82564], [124.34393, -1.82454], [124.34466, -1.82243], [124.34334, -1.82001], [124.34229, -1.81507], [124.344, -1.81244], [124.34578, -1.81112], [124.34647, -1.80677], [124.34582, -1.8066], [124.34587, -1.80557], [124.34709, -1.80486], [124.34926, -1.80504], [124.34866, -1.80332], [124.3475, -1.80413], [124.34691, -1.80306], [124.34819, -1.79773], [124.34767, -1.79639], [124.34834, -1.79488], [124.34767, -1.79476], [124.34728, -1.79361], [124.34785, -1.79185], [124.34845, -1.79165], [124.34778, -1.78889], [124.35431, -1.78099], [124.35594, -1.77572], [124.35782, -1.77202], [124.35961, -1.77015], [124.3607, -1.76996], [124.36087, -1.76647], [124.36004, -1.76357], [124.36071, -1.76167], [124.36147, -1.76107], [124.36297, -1.76259], [124.36425, -1.76281], [124.36492, -1.76549], [124.3658, -1.76421], [124.36539, -1.76047], [124.36445, -1.76085], [124.36323, -1.75976], [124.36351, -1.75725], [124.36458, -1.75546], [124.3644, -1.75407], [124.36252, -1.75297], [124.36216, -1.75155], [124.36264, -1.75057], [124.36441, -1.7507], [124.36535, -1.74994], [124.36403, -1.75051], [124.36322, -1.75009], [124.36537, -1.74538], [124.36684, -1.74491], [124.3689, -1.74231], [124.37081, -1.74196], [124.37206, -1.74244], [124.37221, -1.73964], [124.37302, -1.73845], [124.3725, -1.73884], [124.37209, -1.73836], [124.42691, -1.7397], [124.49662, -1.82733], [124.44381, -1.871], [124.39706, -1.87092]]], [[[124.34429, -1.77769], [124.34195, -1.77359], [124.34152, -1.77122], [124.3423, -1.76985], [124.34395, -1.76917], [124.34493, -1.76948], [124.34579, -1.7714], [124.3455, -1.76908], [124.3431, -1.76691], [124.34234, -1.7637], [124.34499, -1.75698], [124.34723, -1.75742], [124.34919, -1.76051], [124.3501, -1.76356], [124.34934, -1.76488], [124.35047, -1.76857], [124.34917, -1.77222], [124.34902, -1.77566], [124.34471, -1.77809], [124.34429, -1.77769]]], [[[124.36897, -1.73568], [124.36729, -1.74122], [124.36617, -1.74157], [124.36343, -1.74069], [124.36285, -1.73821], [124.36511, -1.73509], [124.36755, -1.73483], [124.36897, -1.73568]]], [[[124.34027, -1.82462], [124.33964, -1.82702], [124.34093, -1.82727], [124.34098, -1.82776], [124.33787, -1.82735], [124.33681, -1.82421], [124.33784, -1.82191], [124.34066, -1.82032], [124.34078, -1.82406], [124.34027, -1.82462]]], [[[124.35923, -1.74158], [124.35712, -1.74004], [124.35722, -1.73823], [124.35893, -1.73827], [124.35987, -1.7394], [124.35995, -1.74055], [124.35923, -1.74158]]], [[[124.35519, -1.73885], [124.35534, -1.74079], [124.35437, -1.74242], [124.35239, -1.74042], [124.35315, -1.73904], [124.35437, -1.73847], [124.35519, -1.73885]]]]}}, {"type": "Feature", "properties": {"domain_id": "820501", "name": "MANGOLI TIMUR"}, "geometry": {"type": "Polygon", "coordinates": [[[125.97869, -1.91798], [125.96858, -1.91917], [125.96209, -1.91781], [125.95742, -1.91796], [125.95794, -1.9157], [125.96116, -1.91407], [125.96247, -1.91133], [125.9608, -1.90622], [125.96044, -1.90086], [125.96211, -1.89789], [125.96449, -1.89634], [125.96568, -1.89432], [125.96639, -1.88861], [125.96592, -1.88468], [125.96734, -1.87576], [125.96865, -1.87445], [125.96984, -1.86957], [125.96948, -1.86803], [125.97048, -1.86562], [125.97921, -1.85746], [125.98237, -1.85567], [125.98721, -1.85637], [125.99102, -1.85184], [125.99625, -1.84994], [126.00777, -1.84266], [126.04091, -1.83327], [126.04789, -1.834], [126.04908, -1.83221], [126.06098, -1.8315], [126.06347, -1.83019], [126.06633, -1.82995], [126.0693, -1.82769], [126.07019, -1.82512], [126.08214, -1.8218], [126.08595, -1.8217], [126.08852, -1.82075], [126.09461, -1.81694], [126.10156, -1.81675], [126.10626, -1.81924], [126.12199, -1.82021], [126.13302, -1.81735], [126.14199, -1.81366], [126.14461, -1.81165], [126.14802, -1.81071], [126.14838, -1.80875], [126.14983, -1.8084], [126.15088, -1.80892], [126.15261, -1.8076], [126.15358, -1.80859], [126.15465, -1.80746], [126.15632, -1.80778], [126.15709, -1.80698], [126.15673, -1.80934], [126.15439, -1.80997], [126.14648, -1.81788], [126.14255, -1.82615], [126.14333, -1.83686], [126.14684, -1.84161], [126.14719, -1.8453], [126.14552, -1.85662], [126.14243, -1.86184], [126.14398, -1.87064], [126.14696, -1.87707], [126.14565, -1.88135], [126.13868, -1.89106], [126.13397, -1.88894], [126.12423, -1.88788], [126.12116, -1.8856], [126.11749, -1.8858], [126.11394, -1.88389], [126.10842, -1.88273], [126.10569, -1.88149], [126.10064, -1.8811], [126.09808, -1.87856], [126.09431, -1.87844], [126.09098, -1.87929], [126.08907, -1.87872], [126.07993, -1.88289], [126.07453, -1.88379], [126.07134, -1.88297], [126.06803, -1.88353], [126.06587, -1.88318], [126.05498, -1.88598], [126.04912, -1.88863], [126.03879, -1.89521], [126.03321, -1.89476], [126.02971, -1.89536], [126.02345, -1.89861], [126.01594, -1.90433], [126.00887, -1.90774], [126.00292, -1.90819], [125.99968, -1.90916], [125.99433, -1.91133], [125.98639, -1.91585], [125.97869, -1.91798]]]}}, {"type": "Feature", "properties": {"domain_id": "820429", "name": "OBI TIMUR"}, "geometry": {"type": "MultiPolygon", "coordinates": [[[[128.16141, -1.66757], [128.15991, -1.66974], [128.15907, -1.67643], [128.15705, -1.68169], [128.15513, -1.68419], [128.14806, -1.68764], [128.14147, -1.68819], [128.13248, -1.69146], [128.1284, -1.69358], [128.12378, -1.69715], [128.11027, -1.70156], [128.10653, -1.70579], [128.10063, -1.71435], [128.09296, -1.71964], [128.08666, -1.72185], [128.08417, -1.72078], [128.08047, -1.71612], [128.07538, -1.71531], [128.07186, -1.71544], [128.06719, -1.7181], [128.06424, -1.71885], [128.06024, -1.71829], [128.05646, -1.71887], [128.05362, -1.71769], [128.04437, -1.71839], [128.03892, -1.71764], [128.03054, -1.72167], [128.027, -1.72397], [128.02497, -1.72631], [128.02356, -1.72663], [128.02075, -1.72574], [128.01564, -1.72253], [128.01235, -1.719], [128.00893, -1.72001], [128.00309, -1.7117], [127.98777, -1.7018], [127.97573, -1.6976], [127.97103, -1.69749], [127.96938, -1.69678], [127.96718, -1.69719], [127.98527, -1.58736], [127.90534, -1.55732], [127.86975, -1.55046], [127.84311, -1.54777], [127.84214, -1.51049], [127.84836, -1.4391], [127.84994, -1.43805], [127.85436, -1.43798], [127.85614, -1.43878], [127.8596, -1.43583], [127.86102, -1.43536], [127.86985, -1.43575], [127.87392, -1.4385], [127.87855, -1.43926], [127.88099, -1.43694], [127.8817, -1.43466], [127.88376, -1.43173], [127.8851, -1.42715], [127.88695, -1.42548], [127.89022, -1.42543], [127.89356, -1.42642], [127.89678, -1.43139], [127.90605, -1.43574], [127.90835, -1.43609], [127.91079, -1.43769], [127.91102, -1.43876], [127.91219, -1.43825], [127.91823, -1.44175], [127.92248, -1.44228], [127.93551, -1.44861], [127.94136, -1.45551], [127.94542, -1.45892], [127.94597, -1.46083], [127.94993, -1.46289], [127.9497, -1.4638], [127.95088, -1.46459], [127.95475, -1.47255], [127.95773, -1.47453], [127.9608, -1.4755], [127.96069, -1.47608], [127.96343, -1.47605], [127.96643, -1.47706], [127.97814, -1.48414], [127.98186, -1.49065], [127.98219, -1.49534], [127.98386, -1.49658], [127.98403, -1.49813], [127.9868, -1.50036], [127.98732, -1.50254], [127.98999, -1.50463], [127.99039, -1.50603], [127.9894, -1.50791], [127.99024, -1.51043], [127.99168, -1.51232], [127.99219, -1.51261], [127.99378, -1.51171], [127.99401, -1.51248], [127.99523, -1.51242], [127.99617, -1.51495], [127.99866, -1.51728], [127.99841, -1.51512], [127.99678, -1.51354], [127.99769, -1.51014], [128.00072, -1.50898], [128.00121, -1.50958], [128.00086, -1.5109], [128.00376, -1.51448], [128.00362, -1.51243], [128.00187, -1.51015], [128.00323, -1.50911], [128.00307, -1.50995], [128.00472, -1.51087], [128.00544, -1.51059], [128.00736, -1.51234], [128.00737, -1.51318], [128.00949, -1.51405], [128.01193, -1.51632], [128.01515, -1.5207], [128.01692, -1.52462], [128.01343, -1.52971], [128.0121, -1.53038], [128.01621, -1.52901], [128.01826, -1.52695], [128.01935, -1.52685], [128.02329, -1.52933], [128.02485, -1.53131], [128.02802, -1.53274], [128.0288, -1.53458], [128.03229, -1.53624], [128.03773, -1.5402], [128.04091, -1.54427], [128.04515, -1.54594], [128.0456, -1.54696], [128.04526, -1.55072], [128.04644, -1.55195], [128.04815, -1.5511], [128.04804, -1.55188], [128.05103, -1.55339], [128.0517, -1.55439], [128.05127, -1.55749], [128.05223, -1.5575], [128.05305, -1.55852], [128.05269, -1.55992], [128.05443, -1.5594], [128.05478, -1.56064], [128.05595, -1.5603], [128.05648, -1.56237], [128.0575, -1.56259], [128.05859, -1.56442], [128.05844, -1.56611], [128.05927, -1.56577], [128.05986, -1.5666], [128.06311, -1.56514], [128.0675, -1.56583], [128.07094, -1.56489], [128.07638, -1.56537], [128.07798, -1.56648], [128.08119, -1.57106], [128.08115, -1.57418], [128.07909, -1.57431], [128.07691, -1.57577], [128.07507, -1.57478], [128.07354, -1.57626], [128.07319, -1.57786], [128.07177, -1.57949], [128.07392, -1.57915], [128.07581, -1.58087], [128.07783, -1.58138], [128.07891, -1.58036], [128.08042, -1.57702], [128.08108, -1.57684], [128.08228, -1.57822], [128.08356, -1.57864], [128.08313, -1.58021], [128.0839, -1.58165], [128.08521, -1.58164], [128.08598, -1.58262], [128.08688, -1.58215], [128.08747, -1.58301], [128.09001, -1.58369], [128.09323, -1.58079], [128.09367, -1.57949], [128.09547, -1.57932], [128.09622, -1.57829], [128.09954, -1.57898], [128.10103, -1.5782], [128.10031, -1.57674], [128.10057, -1.576], [128.10423, -1.57302], [128.10548, -1.57087], [128.10587, -1.5683], [128.10774, -1.56656], [128.10828, -1.56443], [128.11093, -1.56036], [128.11406, -1.56152], [128.11853, -1.56513], [128.1205, -1.56562], [128.12564, -1.57025], [128.13225, -1.57964], [128.14097, -1.58962], [128.14557, -1.59268], [128.15437, -1.60182], [128.15831, -1.60493], [128.16268, -1.61106], [128.16535, -1.6166], [128.16741, -1.62998], [128.1669, -1.6303], [128.16773, -1.63136], [128.16798, -1.63722], [128.16141, -1.66757]]], [[[128.35112, -1.60214], [128.35521, -1.60406], [128.36059, -1.60857], [128.3637, -1.61336], [128.36527, -1.61764], [128.36512, -1.62832], [128.36289, -1.64134], [128.36093, -1.64729], [128.35752, -1.6507], [128.3533, -1.65363], [128.34422, -1.65768], [128.34164, -1.65812], [128.33741, -1.65753], [128.33334, -1.66117], [128.3287, -1.66386], [128.32191, -1.66475], [128.31877, -1.66418], [128.31659, -1.66307], [128.31005, -1.65774], [128.30235, -1.65258], [128.29526, -1.64586], [128.29457, -1.64418], [128.295, -1.64129], [128.29911, -1.63115], [128.30568, -1.62121], [128.31385, -1.61349], [128.32237, -1.60784], [128.32977, -1.6047], [128.34225, -1.60179], [128.34809, -1.60161], [128.35112, -1.60214]]], [[[128.92473, -1.37883], [128.92595, -1.37905], [128.9282, -1.38088], [128.92962, -1.38363], [128.93027, -1.3862], [128.92952, -1.38912], [128.92805, -1.39135], [128.92224, -1.39682], [128.91996, -1.39823], [128.91647, -1.39845], [128.91254, -1.39426], [128.9107, -1.39052], [128.91061, -1.38842], [128.91178, -1.38423], [128.91345, -1.38298], [128.91511, -1.37953], [128.91603, -1.37906], [128.91682, -1.37882], [128.91777, -1.38048], [128.91944, -1.38097], [128.92137, -1.37925], [128.92473, -1.37883]]], [[[128.72894, -1.5214], [128.72455, -1.52001], [128.72257, -1.5136], [128.72348, -1.50856], [128.7257, -1.50579], [128.72865, -1.50487], [128.73231, -1.50533], [128.73488, -1.50664], [128.73682, -1.51081], [128.73764, -1.51496], [128.73612, -1.51876], [128.7327, -1.52056], [128.72894, -1.5214]]], [[[128.10189, -1.56109], [128.10367, -1.56247], [128.10001, -1.56257], [128.09715, -1.56473], [128.09839, -1.56545], [128.09841, -1.56647], [128.09682, -1.56691], [128.09853, -1.56986], [128.09886, -1.57302], [128.09471, -1.57772], [128.09307, -1.57772], [128.09132, -1.57663], [128.08937, -1.57636], [128.08442, -1.57221], [128.08396, -1.5674], [128.08529, -1.5662], [128.08755, -1.56735], [128.08693, -1.56467], [128.08873, -1.56248], [128.09136, -1.56092], [128.09249, -1.5618], [128.10013, -1.56104], [128.10042, -1.56041], [128.10189, -1.56109]]], [[[128.64482, -1.4996], [128.64675, -1.50269], [128.64678, -1.50434], [128.64625, -1.50682], [128.64494, -1.50861], [128.64037, -1.51135], [128.63681, -1.51236], [128.63161, -1.51213], [128.63026, -1.51086], [128.62954, -1.50836], [128.62967, -1.50596], [128.63105, -1.50334], [128.63363, -1.50078], [128.63716, -1.49895], [128.63968, -1.49841], [128.64482, -1.4996]]], [[[127.98896, -1.48697], [127.99085, -1.48739], [127.9924, -1.48861], [127.99643, -1.49539], [127.99872, -1.50148], [127.99835, -1.50289], [127.99729, -1.50382], [127.99372, -1.50481], [127.9908, -1.50207], [127.98906, -1.5013], [127.98913, -1.49798], [127.98587, -1.49332], [127.98496, -1.48849], [127.98756, -1.48668], [127.98896, -1.48697]]], [[[128.03927, -1.52653], [128.04358, -1.52744], [128.04604, -1.52946], [128.04682, -1.53128], [128.04679, -1.53463], [128.04635, -1.5371], [128.04548, -1.5381], [128.04202, -1.53847], [128.03748, -1.53582], [128.0314, -1.52873], [128.03198, -1.52755], [128.0334, -1.52798], [128.0355, -1.52667], [128.03927, -1.52653]]], [[[127.87737, -1.42046], [127.8791, -1.42221], [127.87831, -1.42392], [127.87131, -1.42612], [127.8688, -1.4318], [127.86695, -1.43091], [127.86535, -1.42814], [127.86552, -1.42628], [127.86903, -1.42024], [127.87053, -1.41917], [127.8733, -1.41844], [127.87737, -1.42046]]], [[[128.71287, -1.50892], [128.71449, -1.51069], [128.71559, -1.51394], [128.71506, -1.51618], [128.71348, -1.51811], [128.71129, -1.51828], [128.7089, -1.51759], [128.70565, -1.51535], [128.70442, -1.51171], [128.70702, -1.50906], [128.70999, -1.50712], [128.71287, -1.50892]]], [[[128.06621, -1.53594], [128.06756, -1.53678], [128.06898, -1.53972], [128.06821, -1.54241], [128.06726, -1.54321], [128.05947, -1.5451], [128.05728, -1.54104], [128.0572, -1.53932], [128.05821, -1.53714], [128.06036, -1.53606], [128.06621, -1.53594]]], [[[128.09198, -1.53999], [128.08508, -1.53993], [128.0834, -1.54057], [128.08072, -1.53836], [128.07864, -1.53498], [128.07874, -1.53365], [128.07956, -1.53331], [128.0813, -1.53492], [128.08624, -1.53563], [128.09201, -1.53774], [128.0932, -1.53908], [128.09198, -1.53999]]], [[[127.96478, -1.46939], [127.96634, -1.4714], [127.96847, -1.47177], [127.96927, -1.47278], [127.96907, -1.47363], [127.9646, -1.47246], [127.96441, -1.47178], [127.96416, -1.47234], [127.95942, -1.47013], [127.95684, -1.46789], [127.95666, -1.46667], [127.95929, -1.46698], [127.96478, -1.46939]]], [[[128.7497, -1.52378], [128.74886, -1.52359], [128.74846, -1.52231], [128.75187, -1.5178], [128.75177, -1.52307], [128.7497, -1.52378]]]]}}, {"type": "Feature", "properties": {"domain_id": "820703", "name": "MOROTAI JAYA"}, "geometry": {"type": "Polygon", "coordinates": [[[128.43456, 2.41847], [128.43305, 2.41351], [128.43185, 2.39505], [128.42796, 2.39031], [128.43155, 2.37829], [128.42822, 2.36704], [128.42752, 2.36016], [128.41469, 2.36878], [128.41274, 2.37197], [128.41136, 2.37606], [128.40622, 2.38039], [128.40338, 2.38516], [128.38488, 2.40434], [128.37851, 2.40841], [128.373, 2.41664], [128.3582, 2.43198], [128.35662, 2.43754], [128.35687, 2.43944], [128.3559, 2.44137], [128.35427, 2.4422], [128.35323, 2.44184], [128.34984, 2.44413], [128.35101, 2.44641], [128.34896, 2.44802], [128.35012, 2.45013], [128.34938, 2.4521], [128.34841, 2.45261], [128.34733, 2.45143], [128.34673, 2.45256], [128.34476, 2.45374], [128.34263, 2.45309], [128.3386, 2.45369], [128.33417, 2.45754], [128.32826, 2.45894], [128.326, 2.46156], [128.3235, 2.46644], [128.323, 2.46791], [128.32344, 2.46905], [128.32433, 2.46911], [128.32269, 2.47073], [128.32496, 2.47283], [128.32605, 2.47234], [128.32833, 2.47258], [128.32853, 2.47337], [128.32929, 2.47327], [128.33009, 2.47413], [128.33319, 2.4732], [128.33421, 2.47474], [128.33399, 2.47806], [128.33492, 2.47813], [128.33675, 2.4806], [128.34113, 2.48059], [128.34306, 2.48313], [128.34267, 2.48399], [128.34614, 2.48499], [128.35243, 2.48855], [128.35273, 2.48994], [128.35144, 2.48971], [128.35004, 2.49112], [128.35038, 2.49205], [128.34955, 2.493], [128.34944, 2.49445], [128.35347, 2.4967], [128.35618, 2.50049], [128.36143, 2.50431], [128.36213, 2.50558], [128.36137, 2.5065], [128.36175, 2.50707], [128.36296, 2.50693], [128.36424, 2.50769], [128.36583, 2.50647], [128.36873, 2.50614], [128.37287, 2.50728], [128.37382, 2.50535], [128.37556, 2.50568], [128.37739, 2.50889], [128.37612, 2.51029], [128.37697, 2.5116], [128.37673, 2.51232], [128.37818, 2.51236], [128.37853, 2.51326], [128.38051, 2.51382], [128.38107, 2.51658], [128.38199, 2.51796], [128.38573, 2.51763], [128.38951, 2.52115], [128.39225, 2.52157], [128.39281, 2.52234], [128.39413, 2.52224], [128.39782, 2.52563], [128.39969, 2.52625], [128.40243, 2.52588], [128.40354, 2.52805], [128.40618, 2.52771], [128.40678, 2.52618], [128.4084, 2.52582], [128.41036, 2.52664], [128.41233, 2.52851], [128.41334, 2.52818], [128.41251, 2.53162], [128.41055, 2.53221], [128.4111, 2.53298], [128.41348, 2.53247], [128.41417, 2.53426], [128.41612, 2.53436], [128.41661, 2.53497], [128.41641, 2.5359], [128.4154, 2.53637], [128.41728, 2.53871], [128.41663, 2.53926], [128.41692, 2.54225], [128.42007, 2.54467], [128.41935, 2.54671], [128.42071, 2.54814], [128.42036, 2.55024], [128.42457, 2.55228], [128.4262, 2.55189], [128.42776, 2.55312], [128.42799, 2.55544], [128.42696, 2.55674], [128.43045, 2.56518], [128.42993, 2.56808], [128.43342, 2.56973], [128.43373, 2.57313], [128.4357, 2.57167], [128.43582, 2.56957], [128.43719, 2.56936], [128.4397, 2.56673], [128.4432, 2.56738], [128.44572, 2.56879], [128.44761, 2.57079], [128.44774, 2.57325], [128.44566, 2.57763], [128.44724, 2.57796], [128.44819, 2.58095], [128.45226, 2.58202], [128.45272, 2.58619], [128.45428, 2.58404], [128.45577, 2.5844], [128.45719, 2.58893], [128.45888, 2.59024], [128.46039, 2.59435], [128.46175, 2.59593], [128.46734, 2.59695], [128.46848, 2.59565], [128.46816, 2.59478], [128.46923, 2.59336], [128.46891, 2.59044], [128.47481, 2.58681], [128.47602, 2.58732], [128.4769, 2.58895], [128.47627, 2.59261], [128.47549, 2.59341], [128.47638, 2.59416], [128.4784, 2.59326], [128.48023, 2.58938], [128.48449, 2.58505], [128.48619, 2.58546], [128.48626, 2.5866], [128.4853, 2.58758], [128.48485, 2.58953], [128.48689, 2.58993], [128.48899, 2.58829], [128.48925, 2.58652], [128.49715, 2.58365], [128.49906, 2.58124], [128.4997, 2.57784], [128.50342, 2.57536], [128.5064, 2.57766], [128.50721, 2.57978], [128.5118, 2.58073], [128.51534, 2.57771], [128.51595, 2.57859], [128.51939, 2.57613], [128.52169, 2.57582], [128.52652, 2.57701], [128.52738, 2.57835], [128.53069, 2.5805], [128.53061, 2.5826], [128.52886, 2.58222], [128.52879, 2.58254], [128.53017, 2.58303], [128.5311, 2.58723], [128.53535, 2.59075], [128.5386, 2.59522], [128.54106, 2.59751], [128.54245, 2.60079], [128.54668, 2.60628], [128.54641, 2.60905], [128.54519, 2.60994], [128.54364, 2.61526], [128.54818, 2.62597], [128.55065, 2.62981], [128.55874, 2.64007], [128.56166, 2.64275], [128.56732, 2.64525], [128.57183, 2.6436], [128.58004, 2.63694], [128.58608, 2.6294], [128.59349, 2.61526], [128.59366, 2.61352], [128.59177, 2.61189], [128.59436, 2.61243], [128.59832, 2.60824], [128.60116, 2.60318], [128.61105, 2.5814], [128.61031, 2.58053], [128.60788, 2.58052], [128.60668, 2.5788], [128.60611, 2.57745], [128.60682, 2.57245], [128.61024, 2.56898], [128.61199, 2.56857], [128.612, 2.56921], [128.61311, 2.56728], [128.61516, 2.56551], [128.62386, 2.56185], [128.6254, 2.56163], [128.62856, 2.56423], [128.62957, 2.56431], [128.63122, 2.56025], [128.63105, 2.55447], [128.63161, 2.55263], [128.6128, 2.53215], [128.60641, 2.52772], [128.60011, 2.51779], [128.58683, 2.5036], [128.58675, 2.49707], [128.58279, 2.49068], [128.58201, 2.49001], [128.57662, 2.48901], [128.56971, 2.48554], [128.54261, 2.45619], [128.54, 2.45589], [128.53948, 2.45527], [128.51934, 2.45298], [128.51599, 2.45366], [128.5132, 2.45529], [128.50871, 2.45654], [128.50139, 2.45589], [128.49981, 2.45449], [128.49858, 2.45014], [128.496, 2.44896], [128.49498, 2.44743], [128.49249, 2.44765], [128.48469, 2.44484], [128.47862, 2.44141], [128.47327, 2.44105], [128.4663, 2.43783], [128.46025, 2.43593], [128.45935, 2.43411], [128.45689, 2.43293], [128.45363, 2.43225], [128.45037, 2.43309], [128.44639, 2.43039], [128.4423, 2.4294], [128.43874, 2.42949], [128.43598, 2.42848], [128.43458, 2.42602], [128.43396, 2.41999], [128.43456, 2.41847]]]}}, {"type": "Feature", "properties": {"domain_id": "820706", "name": "PULAU RAO"}, "geometry": {"type": "MultiPolygon", "coordinates": [[[[128.16955, 2.29105], [128.16254, 2.28811], [128.16083, 2.28809], [128.15995, 2.28844], [128.1587, 2.29152], [128.1567, 2.29201], [128.15435, 2.29159], [128.1531, 2.29244], [128.15168, 2.29179], [128.1467, 2.29518], [128.14396, 2.29522], [128.14079, 2.29745], [128.13973, 2.29912], [128.13879, 2.29907], [128.1357, 2.30674], [128.13414, 2.30827], [128.13314, 2.31077], [128.12957, 2.31579], [128.13089, 2.32079], [128.13062, 2.32343], [128.1257, 2.32705], [128.12493, 2.33135], [128.12586, 2.33577], [128.12826, 2.34182], [128.12931, 2.34186], [128.13075, 2.33964], [128.1318, 2.33942], [128.13494, 2.34009], [128.13631, 2.34239], [128.13667, 2.34523], [128.13563, 2.34752], [128.13111, 2.34919], [128.13088, 2.35082], [128.13204, 2.35336], [128.13183, 2.35476], [128.1363, 2.36203], [128.13722, 2.36454], [128.14137, 2.36614], [128.14384, 2.37099], [128.14495, 2.37665], [128.14149, 2.37987], [128.14099, 2.38193], [128.14298, 2.38875], [128.14656, 2.39435], [128.14996, 2.39784], [128.15228, 2.40171], [128.15383, 2.40607], [128.16026, 2.41042], [128.16605, 2.41264], [128.17012, 2.40588], [128.17369, 2.39265], [128.17496, 2.39204], [128.17779, 2.38736], [128.17821, 2.38222], [128.17595, 2.37654], [128.17626, 2.37453], [128.17751, 2.37292], [128.17996, 2.37176], [128.1809, 2.36853], [128.18215, 2.36683], [128.18277, 2.36657], [128.18315, 2.36723], [128.1836, 2.36623], [128.18467, 2.36631], [128.18339, 2.35938], [128.18209, 2.35661], [128.18196, 2.35011], [128.18134, 2.34874], [128.17958, 2.34744], [128.18067, 2.3455], [128.18068, 2.34278], [128.18168, 2.34004], [128.18047, 2.33623], [128.17796, 2.33251], [128.17793, 2.3305], [128.17915, 2.32879], [128.17946, 2.32685], [128.17772, 2.325], [128.17855, 2.32366], [128.17961, 2.32336], [128.17818, 2.32086], [128.17898, 2.31822], [128.17704, 2.3162], [128.17654, 2.31416], [128.18142, 2.30916], [128.18637, 2.30991], [128.1864, 2.30842], [128.18671, 2.30871], [128.18847, 2.30637], [128.18769, 2.30612], [128.18805, 2.30567], [128.18628, 2.30331], [128.18487, 2.29969], [128.17956, 2.29195], [128.17736, 2.29105], [128.1713, 2.2916], [128.16955, 2.29105]]], [[[128.15902, 2.2868], [128.16011, 2.28498], [128.15875, 2.28372], [128.15295, 2.28251], [128.1509, 2.28283], [128.15258, 2.28579], [128.15732, 2.28745], [128.15902, 2.2868]]]]}}, {"type": "Feature", "properties": {"domain_id": "820702", "name": "MOROTAI SELATAN BARAT"}, "geometry": {"type": "MultiPolygon", "coordinates": [[[[128.24774, 2.13765], [128.24809, 2.13961], [128.24723, 2.14043], [128.2473, 2.1414], [128.24827, 2.14306], [128.2468, 2.14436], [128.2457, 2.14732], [128.2466, 2.14856], [128.24548, 2.1485], [128.24486, 2.1493], [128.24337, 2.15807], [128.24359, 2.16043], [128.24436, 2.1616], [128.2436, 2.16339], [128.24578, 2.16703], [128.24613, 2.16824], [128.24564, 2.1686], [128.24725, 2.16971], [128.24736, 2.17245], [128.24827, 2.17393], [128.24794, 2.1784], [128.24922, 2.17967], [128.24815, 2.18442], [128.24911, 2.18754], [128.24917, 2.19027], [128.24865, 2.19181], [128.24745, 2.19263], [128.24863, 2.19692], [128.24744, 2.19727], [128.24787, 2.19908], [128.24613, 2.19915], [128.24455, 2.20087], [128.24221, 2.20201], [128.23973, 2.205], [128.24074, 2.20713], [128.24445, 2.21145], [128.24491, 2.21305], [128.24514, 2.21692], [128.24412, 2.21846], [128.24453, 2.22038], [128.24408, 2.22161], [128.24515, 2.22378], [128.24433, 2.22429], [128.24628, 2.23238], [128.24587, 2.23402], [128.24673, 2.23532], [128.24808, 2.23492], [128.24951, 2.23805], [128.24954, 2.24093], [128.2488, 2.24285], [128.24558, 2.24336], [128.24916, 2.24751], [128.24762, 2.2475], [128.24723, 2.24683], [128.24546, 2.24743], [128.24598, 2.25004], [128.241, 2.2499], [128.23795, 2.25099], [128.23665, 2.25066], [128.23653, 2.25211], [128.23516, 2.2517], [128.23539, 2.25328], [128.23392, 2.25462], [128.23438, 2.25569], [128.23358, 2.25694], [128.23399, 2.25889], [128.23066, 2.25865], [128.22829, 2.26333], [128.22873, 2.26506], [128.22658, 2.2659], [128.2259, 2.26727], [128.225, 2.26797], [128.22463, 2.26736], [128.2247, 2.26819], [128.22259, 2.2693], [128.22449, 2.27333], [128.22438, 2.27397], [128.22316, 2.2744], [128.22319, 2.27595], [128.22197, 2.27641], [128.22202, 2.27778], [128.22074, 2.27772], [128.2194, 2.27899], [128.21866, 2.27778], [128.21758, 2.27856], [128.21712, 2.28001], [128.21429, 2.28031], [128.21163, 2.27827], [128.20759, 2.27752], [128.20613, 2.278], [128.20434, 2.2772], [128.20152, 2.27746], [128.19894, 2.27899], [128.19722, 2.27898], [128.19743, 2.28084], [128.20094, 2.2863], [128.19988, 2.28673], [128.2002, 2.28726], [128.20101, 2.28653], [128.20299, 2.29053], [128.20867, 2.29467], [128.21116, 2.2974], [128.213, 2.30084], [128.21676, 2.30467], [128.21983, 2.30656], [128.22374, 2.30779], [128.22724, 2.30789], [128.2285, 2.30862], [128.22848, 2.3093], [128.23123, 2.31197], [128.23136, 2.31496], [128.23206, 2.31603], [128.24081, 2.31845], [128.24178, 2.31972], [128.24197, 2.32168], [128.24435, 2.32379], [128.2462, 2.32403], [128.24596, 2.32456], [128.24892, 2.32681], [128.24989, 2.32865], [128.2484, 2.33085], [128.249, 2.33239], [128.25016, 2.33281], [128.25142, 2.33519], [128.25507, 2.33804], [128.25508, 2.33875], [128.25663, 2.33893], [128.26207, 2.34195], [128.26247, 2.34158], [128.26287, 2.34237], [128.26197, 2.34454], [128.2647, 2.34737], [128.26553, 2.34992], [128.26854, 2.35216], [128.26863, 2.35307], [128.271, 2.3554], [128.27509, 2.35843], [128.27596, 2.36027], [128.27545, 2.36115], [128.27567, 2.36312], [128.28452, 2.37187], [128.2851, 2.37447], [128.28831, 2.38025], [128.28747, 2.38344], [128.28605, 2.38403], [128.28718, 2.38773], [128.28679, 2.38977], [128.29194, 2.39804], [128.29419, 2.40392], [128.29637, 2.40741], [128.29761, 2.40743], [128.29845, 2.40979], [128.2977, 2.41049], [128.29855, 2.41335], [128.29631, 2.41517], [128.29654, 2.41664], [128.29579, 2.41889], [128.29734, 2.42281], [128.29567, 2.42601], [128.29395, 2.42638], [128.29359, 2.42714], [128.29381, 2.42825], [128.29884, 2.43417], [128.29894, 2.43548], [128.29668, 2.43788], [128.29681, 2.43973], [128.29835, 2.44226], [128.3052, 2.44529], [128.3066, 2.44817], [128.30801, 2.44827], [128.30915, 2.4499], [128.30924, 2.45132], [128.31052, 2.4513], [128.31004, 2.45295], [128.3108, 2.4554], [128.31236, 2.45637], [128.31204, 2.45741], [128.31306, 2.45884], [128.31419, 2.45963], [128.31473, 2.45934], [128.31447, 2.46007], [128.31794, 2.46384], [128.3199, 2.46316], [128.31908, 2.46425], [128.32007, 2.46394], [128.32121, 2.46463], [128.32115, 2.46653], [128.323, 2.46791], [128.326, 2.46156], [128.32826, 2.45894], [128.33417, 2.45754], [128.3386, 2.45369], [128.34263, 2.45309], [128.34476, 2.45374], [128.34673, 2.45256], [128.34733, 2.45143], [128.34841, 2.45261], [128.34938, 2.4521], [128.35012, 2.45013], [128.34896, 2.44802], [128.35101, 2.44641], [128.3499, 2.444], [128.35323, 2.44184], [128.35427, 2.4422], [128.35576, 2.44157], [128.35687, 2.43944], [128.35662, 2.43754], [128.3582, 2.43198], [128.373, 2.41664], [128.37851, 2.40841], [128.38488, 2.40434], [128.40338, 2.38516], [128.40622, 2.38039], [128.41136, 2.37606], [128.41274, 2.37197], [128.41469, 2.36878], [128.42684, 2.36085], [128.43018, 2.3574], [128.42987, 2.3532], [128.43208, 2.35142], [128.43178, 2.34986], [128.43482, 2.34545], [128.43961, 2.34594], [128.44186, 2.3453], [128.45385, 2.33123], [128.46313, 2.32324], [128.47916, 2.30655], [128.46685, 2.29779], [128.46597, 2.29651], [128.46154, 2.29485], [128.4611, 2.2929], [128.45785, 2.29139], [128.45051, 2.28617], [128.4479, 2.28386], [128.4453, 2.2785], [128.44107, 2.27516], [128.44603, 2.27086], [128.45803, 2.26249], [128.4585, 2.25848], [128.45922, 2.25714], [128.4633, 2.25587], [128.47825, 2.24277], [128.48054, 2.2388], [128.48454, 2.23694], [128.49701, 2.2263], [128.48953, 2.2239], [128.48403, 2.22376], [128.48059, 2.22117], [128.47012, 2.2176], [128.40424, 2.19747], [128.40115, 2.19443], [128.39775, 2.19267], [128.39681, 2.18824], [128.39726, 2.18425], [128.39856, 2.18132], [128.39747, 2.17884], [128.39743, 2.17429], [128.39818, 2.17301], [128.40097, 2.17095], [128.40137, 2.16957], [128.40071, 2.16834], [128.39771, 2.16591], [128.39729, 2.1606], [128.39195, 2.16026], [128.37909, 2.15522], [128.37713, 2.15544], [128.36626, 2.15959], [128.34768, 2.1589], [128.34616, 2.15818], [128.34366, 2.1587], [128.31707, 2.15745], [128.31675, 2.1569], [128.31629, 2.15738], [128.31611, 2.15674], [128.31553, 2.1569], [128.31551, 2.15615], [128.31274, 2.15578], [128.3122, 2.15664], [128.30968, 2.15594], [128.30757, 2.15441], [128.30698, 2.15546], [128.30572, 2.15503], [128.30205, 2.1566], [128.29426, 2.15616], [128.28208, 2.14248], [128.27986, 2.14111], [128.27945, 2.13775], [128.27495, 2.13581], [128.27171, 2.13043], [128.26767, 2.12785], [128.2618, 2.1221], [128.26131, 2.11988], [128.25882, 2.11872], [128.25693, 2.11609], [128.25434, 2.1148], [128.24965, 2.11021], [128.25088, 2.11789], [128.2459, 2.12425], [128.24597, 2.12576], [128.24675, 2.1262], [128.24612, 2.12703], [128.24679, 2.12718], [128.24636, 2.12855], [128.24698, 2.12918], [128.24644, 2.12969], [128.24663, 2.13402], [128.24774, 2.13765]]], [[[128.21085, 2.19197], [128.20703, 2.19389], [128.20598, 2.19614], [128.20526, 2.20096], [128.20626, 2.20494], [128.20814, 2.20761], [128.2105, 2.20944], [128.21271, 2.20572], [128.21294, 2.20274], [128.21429, 2.20106], [128.21351, 2.1999], [128.21404, 2.19796], [128.21239, 2.19388], [128.21085, 2.19197]]], [[[128.22491, 2.1409], [128.22634, 2.14026], [128.22841, 2.13803], [128.23198, 2.13252], [128.23049, 2.13114], [128.23031, 2.13018], [128.2285, 2.12929], [128.22685, 2.12737], [128.22466, 2.12661], [128.22198, 2.12912], [128.22134, 2.13544], [128.2218, 2.13935], [128.22491, 2.1409]]], [[[128.22617, 2.12416], [128.22682, 2.12167], [128.22605, 2.11954], [128.22628, 2.1175], [128.22549, 2.11637], [128.22325, 2.11721], [128.22271, 2.12003], [128.22349, 2.12272], [128.22529, 2.12434], [128.22617, 2.12416]]], [[[128.23584, 2.20719], [128.2365, 2.20718], [128.23636, 2.20479], [128.23529, 2.20371], [128.2333, 2.2071], [128.23386, 2.20816], [128.23584, 2.20719]]], [[[128.21929, 2.17116], [128.21787, 2.17188], [128.21766, 2.17422], [128.22131, 2.17191], [128.21929, 2.17116]]]]}}, {"type": "Feature", "properties": {"domain_id": "820704", "name": "MOROTAI UTARA"}, "geometry": {"type": "MultiPolygon", "coordinates": [[[[128.64745, 2.29891], [128.64758, 2.29545], [128.64839, 2.29429], [128.64841, 2.29277], [128.64683, 2.29135], [128.64561, 2.28785], [128.64372, 2.28733], [128.64138, 2.2803], [128.64086, 2.27669], [128.63944, 2.27654], [128.63815, 2.2749], [128.63415, 2.26588], [128.63022, 2.26084], [128.62863, 2.2546], [128.62911, 2.25392], [128.6283, 2.25412], [128.62793, 2.25353], [128.62683, 2.24895], [128.62753, 2.24849], [128.62685, 2.24751], [128.61134, 2.24749], [128.60271, 2.24905], [128.58658, 2.25649], [128.58379, 2.25946], [128.5823, 2.26333], [128.57962, 2.26583], [128.57647, 2.26678], [128.56785, 2.266], [128.56148, 2.26815], [128.5547, 2.27647], [128.55018, 2.27987], [128.54548, 2.28242], [128.53537, 2.2851], [128.51675, 2.29521], [128.51193, 2.29652], [128.50771, 2.29521], [128.50574, 2.29539], [128.48873, 2.30322], [128.47916, 2.30655], [128.46313, 2.32324], [128.45385, 2.33123], [128.44186, 2.3453], [128.43961, 2.34594], [128.43482, 2.34545], [128.43178, 2.34986], [128.43208, 2.35142], [128.42987, 2.3532], [128.43018, 2.3574], [128.42752, 2.36016], [128.42822, 2.36704], [128.43155, 2.37829], [128.42796, 2.39031], [128.43185, 2.39505], [128.43305, 2.41351], [128.43335, 2.41567], [128.43464, 2.41794], [128.43396, 2.41999], [128.43458, 2.42602], [128.43598, 2.42848], [128.43874, 2.42949], [128.4423, 2.4294], [128.44639, 2.43039], [128.45037, 2.43309], [128.45363, 2.43225], [128.45689, 2.43293], [128.45935, 2.43411], [128.46025, 2.43593], [128.4663, 2.43783], [128.47327, 2.44105], [128.47862, 2.44141], [128.48469, 2.44484], [128.49249, 2.44765], [128.49498, 2.44743], [128.496, 2.44896], [128.49858, 2.45014], [128.49981, 2.45449], [128.50139, 2.45589], [128.50871, 2.45654], [128.5132, 2.45529], [128.51599, 2.45366], [128.51934, 2.45298], [128.53948, 2.45527], [128.54, 2.45589], [128.54261, 2.45619], [128.56971, 2.48554], [128.57662, 2.48901], [128.58201, 2.49001], [128.58279, 2.49068], [128.58675, 2.49707], [128.58683, 2.5036], [128.60011, 2.51779], [128.60641, 2.52772], [128.6128, 2.53215], [128.63161, 2.55263], [128.63182, 2.55097], [128.63311, 2.54968], [128.63581, 2.54243], [128.63502, 2.5402], [128.63341, 2.53944], [128.63221, 2.53757], [128.63077, 2.5371], [128.63249, 2.53362], [128.63417, 2.5337], [128.63577, 2.53087], [128.63732, 2.53009], [128.63974, 2.53151], [128.63984, 2.53281], [128.6436, 2.533], [128.64404, 2.53376], [128.65106, 2.52515], [128.65165, 2.52355], [128.65316, 2.5237], [128.65348, 2.52639], [128.6559, 2.52662], [128.65883, 2.52446], [128.66097, 2.52182], [128.66149, 2.51853], [128.66099, 2.51395], [128.6596, 2.51378], [128.65901, 2.51318], [128.66132, 2.51349], [128.66158, 2.51224], [128.66383, 2.51172], [128.66547, 2.50885], [128.66733, 2.50757], [128.66843, 2.50412], [128.66946, 2.50376], [128.66972, 2.49923], [128.67143, 2.49842], [128.67382, 2.49884], [128.67505, 2.50066], [128.67524, 2.50218], [128.67735, 2.50516], [128.67854, 2.50559], [128.67987, 2.50553], [128.68465, 2.5024], [128.68752, 2.50209], [128.69021, 2.49125], [128.69005, 2.48623], [128.6923, 2.47325], [128.69253, 2.45918], [128.69224, 2.45868], [128.69005, 2.4594], [128.68963, 2.45879], [128.68876, 2.46012], [128.68736, 2.45687], [128.68743, 2.45569], [128.68973, 2.45141], [128.69058, 2.44771], [128.69192, 2.44569], [128.69218, 2.44183], [128.69149, 2.44018], [128.69202, 2.43997], [128.69054, 2.43902], [128.68997, 2.43761], [128.69028, 2.43651], [128.6894, 2.43552], [128.68767, 2.43524], [128.68853, 2.43214], [128.68686, 2.43176], [128.68732, 2.43056], [128.68803, 2.43087], [128.68923, 2.42983], [128.68966, 2.4307], [128.69034, 2.43132], [128.69077, 2.43148], [128.68949, 2.42955], [128.69306, 2.42684], [128.69373, 2.42455], [128.69332, 2.42203], [128.69086, 2.41893], [128.68855, 2.41745], [128.68901, 2.41482], [128.68694, 2.41352], [128.68862, 2.41207], [128.68753, 2.41086], [128.68661, 2.41084], [128.68668, 2.40965], [128.68547, 2.40793], [128.68473, 2.40826], [128.68328, 2.40747], [128.68413, 2.40675], [128.68374, 2.40601], [128.68225, 2.4059], [128.68197, 2.40445], [128.68054, 2.4044], [128.68066, 2.4039], [128.67876, 2.40264], [128.67803, 2.40285], [128.67652, 2.40007], [128.67513, 2.39957], [128.67406, 2.40004], [128.67289, 2.39886], [128.66867, 2.39867], [128.66547, 2.39615], [128.66368, 2.3917], [128.664, 2.38978], [128.66634, 2.38961], [128.66667, 2.38904], [128.6663, 2.3895], [128.66434, 2.38922], [128.66567, 2.38086], [128.6651, 2.37939], [128.66324, 2.3774], [128.65706, 2.37665], [128.65285, 2.37219], [128.65112, 2.37116], [128.64994, 2.36997], [128.65036, 2.36907], [128.64795, 2.36248], [128.64687, 2.35671], [128.64714, 2.3522], [128.64587, 2.35011], [128.64506, 2.34643], [128.64401, 2.34531], [128.64546, 2.34444], [128.64505, 2.34051], [128.64251, 2.33801], [128.64085, 2.33323], [128.64311, 2.32289], [128.64404, 2.32252], [128.64601, 2.31823], [128.64835, 2.31552], [128.65152, 2.31365], [128.65401, 2.31105], [128.65341, 2.30884], [128.65185, 2.3071], [128.65109, 2.30733], [128.64958, 2.30415], [128.64902, 2.30425], [128.64745, 2.29891]]], [[[128.68327, 2.38089], [128.68128, 2.38034], [128.68087, 2.38066], [128.68198, 2.38235], [128.68381, 2.38284], [128.68405, 2.38161], [128.68327, 2.38089]]]]}}, {"type": "Feature", "properties": {"domain_id": "820705", "name": "MOROTAI TIMUR"}, "geometry": {"type": "Polygon", "coordinates": [[[128.54417, 2.09785], [128.54428, 2.09621], [128.54259, 2.0918], [128.54083, 2.08993], [128.5375, 2.08815], [128.53316, 2.08179], [128.53121, 2.08088], [128.52746, 2.08185], [128.52477, 2.07954], [128.52351, 2.08065], [128.52138, 2.08117], [128.52273, 2.08256], [128.52192, 2.0849], [128.52016, 2.08532], [128.52118, 2.08796], [128.52069, 2.0889], [128.51989, 2.08815], [128.51859, 2.08851], [128.51845, 2.08996], [128.51599, 2.09036], [128.51411, 2.09281], [128.51584, 2.09456], [128.51561, 2.0959], [128.51623, 2.09654], [128.51396, 2.09856], [128.51417, 2.1023], [128.51273, 2.10257], [128.51267, 2.10337], [128.5114, 2.10442], [128.51166, 2.1064], [128.51005, 2.10617], [128.50933, 2.10669], [128.51113, 2.10865], [128.50935, 2.11365], [128.50648, 2.11597], [128.50516, 2.11553], [128.50447, 2.11591], [128.5049, 2.11829], [128.5045, 2.11854], [128.50354, 2.11754], [128.50331, 2.11888], [128.50405, 2.12189], [128.50205, 2.12126], [128.50045, 2.12283], [128.49727, 2.12255], [128.49548, 2.12312], [128.49608, 2.12492], [128.49773, 2.12581], [128.49713, 2.12693], [128.49832, 2.12809], [128.49707, 2.12799], [128.49763, 2.12965], [128.49592, 2.12919], [128.49746, 2.1319], [128.49579, 2.1321], [128.4956, 2.13263], [128.49781, 2.13348], [128.49699, 2.13428], [128.49743, 2.13693], [128.49577, 2.13696], [128.49621, 2.13877], [128.49509, 2.13843], [128.49444, 2.13916], [128.49418, 2.14105], [128.49527, 2.14082], [128.4956, 2.14221], [128.49374, 2.14347], [128.49355, 2.14259], [128.49232, 2.14268], [128.49231, 2.1434], [128.49036, 2.14488], [128.4903, 2.1456], [128.48798, 2.14592], [128.48739, 2.14792], [128.48479, 2.14803], [128.48477, 2.14974], [128.48344, 2.14946], [128.48413, 2.1507], [128.48222, 2.15003], [128.48201, 2.14898], [128.48119, 2.14873], [128.48082, 2.15056], [128.48145, 2.15146], [128.47944, 2.15392], [128.47844, 2.1541], [128.47743, 2.15323], [128.4775, 2.15442], [128.47855, 2.15533], [128.47723, 2.15546], [128.47613, 2.15798], [128.47508, 2.15856], [128.47384, 2.15815], [128.47314, 2.1608], [128.47153, 2.16156], [128.47165, 2.16301], [128.47299, 2.16517], [128.4729, 2.16771], [128.4723, 2.16772], [128.4718, 2.16662], [128.47106, 2.1669], [128.47218, 2.16867], [128.47099, 2.1698], [128.47132, 2.1719], [128.47233, 2.1734], [128.47024, 2.17484], [128.4692, 2.17428], [128.46751, 2.17445], [128.4675, 2.1762], [128.46555, 2.17477], [128.46619, 2.17617], [128.46387, 2.17814], [128.4649, 2.17942], [128.46314, 2.17981], [128.46314, 2.1808], [128.46214, 2.18131], [128.46254, 2.18311], [128.46201, 2.18443], [128.45707, 2.19012], [128.45635, 2.19176], [128.44991, 2.19359], [128.44759, 2.1958], [128.44554, 2.19588], [128.44143, 2.20004], [128.43739, 2.2019], [128.43161, 2.20585], [128.48059, 2.22117], [128.48403, 2.22376], [128.48953, 2.2239], [128.49701, 2.2263], [128.48454, 2.23694], [128.48054, 2.2388], [128.47825, 2.24277], [128.4633, 2.25587], [128.45922, 2.25714], [128.4585, 2.25848], [128.45803, 2.26249], [128.44603, 2.27086], [128.44107, 2.27516], [128.4453, 2.2785], [128.4479, 2.28386], [128.45051, 2.28617], [128.45785, 2.29139], [128.4611, 2.2929], [128.46154, 2.29485], [128.46597, 2.29651], [128.46685, 2.29779], [128.47916, 2.30655], [128.48873, 2.30322], [128.50574, 2.29539], [128.50771, 2.29521], [128.51193, 2.29652], [128.51675, 2.29521], [128.53537, 2.2851], [128.54548, 2.28242], [128.55018, 2.27987], [128.5547, 2.27647], [128.56148, 2.26815], [128.56785, 2.266], [128.57647, 2.26678], [128.57962, 2.26583], [128.5823, 2.26333], [128.58379, 2.25946], [128.58658, 2.25649], [128.60271, 2.24905], [128.61134, 2.24749], [128.62685, 2.24751], [128.62458, 2.24134], [128.62461, 2.23673], [128.62383, 2.23303], [128.62216, 2.23212], [128.62161, 2.23057], [128.62176, 2.22341], [128.62255, 2.22313], [128.62318, 2.2205], [128.62451, 2.219], [128.62348, 2.21517], [128.61898, 2.20816], [128.61802, 2.20804], [128.61142, 2.20134], [128.61004, 2.19765], [128.60709, 2.19647], [128.60484, 2.19635], [128.60238, 2.19429], [128.60182, 2.19186], [128.60109, 2.19127], [128.60171, 2.18962], [128.60097, 2.18742], [128.59839, 2.18467], [128.59279, 2.17458], [128.59332, 2.17414], [128.59388, 2.16826], [128.59087, 2.16486], [128.5862, 2.16121], [128.58517, 2.15874], [128.58515, 2.15315], [128.58373, 2.14922], [128.58293, 2.14829], [128.57985, 2.147], [128.57994, 2.1463], [128.57729, 2.14289], [128.57537, 2.13844], [128.5748, 2.13666], [128.57569, 2.13266], [128.5784, 2.12987], [128.57937, 2.12737], [128.57891, 2.12035], [128.57949, 2.11719], [128.57894, 2.11618], [128.57856, 2.11656], [128.57772, 2.11172], [128.57609, 2.11055], [128.57331, 2.10662], [128.56879, 2.10408], [128.56555, 2.10368], [128.56522, 2.10474], [128.56212, 2.1056], [128.56095, 2.10423], [128.56148, 2.10576], [128.56099, 2.10608], [128.55597, 2.10497], [128.5518, 2.10549], [128.54982, 2.10483], [128.54539, 2.10121], [128.54417, 2.09785]]]}}, {"type": "Feature", "properties": {"domain_id": "820701", "name": "MOROTAI SELATAN"}, "geometry": {"type": "MultiPolygon", "coordinates": [[[[128.29416, 2.01706], [128.29389, 2.01281], [128.29151, 2.0129], [128.29115, 2.01373], [128.29039, 2.01329], [128.29053, 2.01237], [128.29182, 2.01151], [128.29169, 2.00984], [128.2924, 2.00896], [128.2918, 2.00814], [128.29078, 2.00831], [128.28427, 2.00131], [128.28086, 1.99915], [128.27875, 1.99668], [128.27887, 1.99582], [128.2769, 1.99311], [128.27343, 1.98982], [128.27248, 1.99014], [128.27095, 1.98913], [128.26951, 1.98699], [128.26985, 1.98661], [128.26541, 1.98482], [128.25984, 1.98055], [128.2704, 1.99705], [128.27406, 2.00116], [128.27562, 2.00174], [128.27805, 2.00565], [128.27992, 2.01364], [128.28113, 2.0163], [128.28243, 2.01679], [128.28343, 2.01867], [128.28422, 2.02186], [128.2876, 2.0295], [128.28764, 2.03715], [128.28998, 2.04099], [128.29174, 2.0456], [128.29048, 2.0509], [128.29206, 2.05377], [128.29263, 2.05353], [128.29313, 2.05448], [128.29111, 2.06011], [128.29148, 2.06222], [128.2901, 2.06304], [128.28449, 2.07008], [128.28489, 2.07239], [128.2841, 2.07432], [128.28461, 2.07562], [128.28604, 2.07679], [128.28209, 2.08145], [128.28124, 2.08455], [128.27908, 2.08645], [128.279, 2.08781], [128.27505, 2.08671], [128.27487, 2.086], [128.27203, 2.08394], [128.27157, 2.08244], [128.27019, 2.08241], [128.26836, 2.08295], [128.26645, 2.08534], [128.26432, 2.08562], [128.2632, 2.08694], [128.2611, 2.08767], [128.25818, 2.09127], [128.25752, 2.09074], [128.25473, 2.09215], [128.25319, 2.09428], [128.2545, 2.09793], [128.25442, 2.10211], [128.25217, 2.10695], [128.24965, 2.11021], [128.25434, 2.1148], [128.25693, 2.11609], [128.25882, 2.11872], [128.26131, 2.11988], [128.2618, 2.1221], [128.26767, 2.12785], [128.27171, 2.13043], [128.27495, 2.13581], [128.27945, 2.13775], [128.27986, 2.14111], [128.28208, 2.14248], [128.29426, 2.15616], [128.30205, 2.1566], [128.30572, 2.15503], [128.30698, 2.15546], [128.30757, 2.15441], [128.30968, 2.15594], [128.3122, 2.15664], [128.31274, 2.15578], [128.31551, 2.15615], [128.31553, 2.1569], [128.31611, 2.15674], [128.31629, 2.15738], [128.31675, 2.1569], [128.31707, 2.15745], [128.34366, 2.1587], [128.34616, 2.15818], [128.34768, 2.1589], [128.36626, 2.15959], [128.37713, 2.15544], [128.37909, 2.15522], [128.39195, 2.16026], [128.39729, 2.1606], [128.39771, 2.16591], [128.40071, 2.16834], [128.40137, 2.16957], [128.40097, 2.17095], [128.39818, 2.17301], [128.39743, 2.17429], [128.39747, 2.17884], [128.39856, 2.18132], [128.39672, 2.18706], [128.39775, 2.19267], [128.40046, 2.19393], [128.40424, 2.19747], [128.40672, 2.1986], [128.42882, 2.20516], [128.43161, 2.20585], [128.43282, 2.20529], [128.43739, 2.2019], [128.44143, 2.20004], [128.44554, 2.19588], [128.44759, 2.1958], [128.44991, 2.19359], [128.45635, 2.19176], [128.45707, 2.19012], [128.46201, 2.18443], [128.46254, 2.18311], [128.46214, 2.18131], [128.46314, 2.1808], [128.46314, 2.17981], [128.4649, 2.17942], [128.46387, 2.17814], [128.46619, 2.17617], [128.46555, 2.17477], [128.4675, 2.1762], [128.46751, 2.17445], [128.4692, 2.17428], [128.47024, 2.17484], [128.47233, 2.1734], [128.47132, 2.1719], [128.47099, 2.1698], [128.47218, 2.16867], [128.47106, 2.1669], [128.4718, 2.16662], [128.4723, 2.16772], [128.4729, 2.16771], [128.47299, 2.16517], [128.47165, 2.16301], [128.4716, 2.16142], [128.47314, 2.1608], [128.47384, 2.15815], [128.47508, 2.15856], [128.47613, 2.15798], [128.47723, 2.15546], [128.47855, 2.15533], [128.4775, 2.15442], [128.47735, 2.15334], [128.47802, 2.15326], [128.47844, 2.1541], [128.47944, 2.15392], [128.48145, 2.15146], [128.48082, 2.15056], [128.48119, 2.14873], [128.48201, 2.14898], [128.48222, 2.15003], [128.48413, 2.1507], [128.48344, 2.14946], [128.48477, 2.14974], [128.48479, 2.14803], [128.48739, 2.14792], [128.48798, 2.14592], [128.4903, 2.1456], [128.49036, 2.14488], [128.49231, 2.1434], [128.49232, 2.14268], [128.49355, 2.14259], [128.49374, 2.14347], [128.4956, 2.14221], [128.49527, 2.14082], [128.49418, 2.14105], [128.49444, 2.13916], [128.49509, 2.13843], [128.49621, 2.13877], [128.49577, 2.13696], [128.49743, 2.13693], [128.49699, 2.13428], [128.49781, 2.13348], [128.4956, 2.13263], [128.49579, 2.1321], [128.49746, 2.1319], [128.49592, 2.12919], [128.49763, 2.12965], [128.49707, 2.12799], [128.49832, 2.12809], [128.49713, 2.12693], [128.49773, 2.12581], [128.49608, 2.12492], [128.49548, 2.12312], [128.49727, 2.12255], [128.50045, 2.12283], [128.50205, 2.12126], [128.50405, 2.12189], [128.50333, 2.11974], [128.50354, 2.11754], [128.50475, 2.11858], [128.50464, 2.11566], [128.50648, 2.11597], [128.50935, 2.11365], [128.51113, 2.10865], [128.50933, 2.10669], [128.51005, 2.10617], [128.51166, 2.1064], [128.5114, 2.10442], [128.51267, 2.10337], [128.51273, 2.10257], [128.51417, 2.1023], [128.51396, 2.09856], [128.51613, 2.09687], [128.51584, 2.09456], [128.51411, 2.09281], [128.51599, 2.09036], [128.51845, 2.08996], [128.51859, 2.08851], [128.51989, 2.08815], [128.52069, 2.0889], [128.52118, 2.08796], [128.52016, 2.08532], [128.52192, 2.0849], [128.52273, 2.08256], [128.52121, 2.08134], [128.52351, 2.08065], [128.52477, 2.07954], [128.52396, 2.07781], [128.52465, 2.07456], [128.52252, 2.06853], [128.52022, 2.06665], [128.5193, 2.06672], [128.51841, 2.06577], [128.51293, 2.06332], [128.51004, 2.06069], [128.50859, 2.06069], [128.50233, 2.05841], [128.49893, 2.05872], [128.49481, 2.0575], [128.48918, 2.06218], [128.48793, 2.06258], [128.48314, 2.06196], [128.48014, 2.0593], [128.47911, 2.05672], [128.47608, 2.05551], [128.47448, 2.05565], [128.47113, 2.05415], [128.46994, 2.05511], [128.46674, 2.0555], [128.46302, 2.05481], [128.46235, 2.05526], [128.46172, 2.0546], [128.46026, 2.05507], [128.4598, 2.05464], [128.45856, 2.05545], [128.45808, 2.05481], [128.45785, 2.05539], [128.45615, 2.05488], [128.45316, 2.0562], [128.45194, 2.05819], [128.44974, 2.05986], [128.4479, 2.06092], [128.44578, 2.06118], [128.43977, 2.06045], [128.43506, 2.06113], [128.43309, 2.06075], [128.43141, 2.05926], [128.42982, 2.05991], [128.42681, 2.05947], [128.42557, 2.05798], [128.41873, 2.05832], [128.41343, 2.05687], [128.41155, 2.0576], [128.40069, 2.05738], [128.38305, 2.0521], [128.37406, 2.04749], [128.36368, 2.04469], [128.361, 2.04462], [128.3561, 2.04186], [128.34587, 2.03793], [128.33814, 2.03849], [128.33343, 2.0381], [128.32357, 2.03468], [128.31238, 2.03498], [128.30912, 2.0343], [128.30043, 2.03602], [128.29528, 2.03353], [128.29317, 2.0306], [128.29276, 2.02398], [128.29416, 2.01706]]], [[[128.24905, 2.06051], [128.25142, 2.05869], [128.25288, 2.06015], [128.25509, 2.05911], [128.25646, 2.05575], [128.25523, 2.05348], [128.25407, 2.05318], [128.25276, 2.05376], [128.25299, 2.0544], [128.25219, 2.05513], [128.25146, 2.05767], [128.24961, 2.05657], [128.24862, 2.05498], [128.24521, 2.0568], [128.24415, 2.05956], [128.24479, 2.06148], [128.2476, 2.06246], [128.24905, 2.06051]]], [[[128.18937, 2.09433], [128.19327, 2.09049], [128.19337, 2.0881], [128.19464, 2.08544], [128.19365, 2.08257], [128.19135, 2.08685], [128.19042, 2.08727], [128.18978, 2.08652], [128.18592, 2.08859], [128.18495, 2.09213], [128.18367, 2.09221], [128.18335, 2.09296], [128.18376, 2.09419], [128.18488, 2.09241], [128.18791, 2.09269], [128.18863, 2.09321], [128.18842, 2.09443], [128.18937, 2.09433]]], [[[128.27027, 2.05432], [128.27166, 2.05231], [128.27344, 2.04671], [128.27273, 2.04399], [128.27135, 2.04404], [128.27017, 2.04569], [128.26813, 2.05191], [128.26824, 2.05507], [128.26924, 2.0552], [128.27027, 2.05432]]], [[[128.27841, 2.05928], [128.28015, 2.05817], [128.27971, 2.057], [128.28036, 2.05722], [128.28061, 2.05641], [128.27997, 2.05472], [128.27847, 2.0536], [128.27559, 2.05493], [128.27412, 2.05761], [128.27434, 2.05883], [128.27628, 2.06079], [128.27841, 2.05928]]], [[[128.22795, 1.96287], [128.22712, 1.96478], [128.23047, 1.96834], [128.23258, 1.96883], [128.23416, 1.96766], [128.23464, 1.96605], [128.23398, 1.96517], [128.22991, 1.96277], [128.22795, 1.96287]]], [[[128.26854, 2.06786], [128.2724, 2.06522], [128.27324, 2.06323], [128.27085, 2.0619], [128.26844, 2.06333], [128.26677, 2.06707], [128.26747, 2.06797], [128.26854, 2.06786]]], [[[128.19439, 2.12586], [128.1924, 2.12159], [128.19004, 2.12295], [128.18768, 2.12561], [128.19125, 2.12591], [128.19396, 2.12704], [128.1959, 2.12681], [128.19439, 2.12586]]], [[[128.20974, 2.05448], [128.2089, 2.05694], [128.20952, 2.05804], [128.21046, 2.05799], [128.21397, 2.05381], [128.21332, 2.05324], [128.21139, 2.05343], [128.20974, 2.05448]]], [[[128.27139, 2.07812], [128.27322, 2.07749], [128.27374, 2.07532], [128.27187, 2.0753], [128.27016, 2.07629], [128.26958, 2.07787], [128.27139, 2.07812]]], [[[128.22449, 2.01909], [128.22319, 2.01683], [128.22219, 2.01634], [128.22123, 2.01712], [128.22121, 2.01893], [128.22216, 2.01959], [128.22454, 2.01989], [128.22449, 2.01909]]], [[[128.28089, 2.08302], [128.28147, 2.08161], [128.28102, 2.08017], [128.27914, 2.08], [128.27851, 2.08176], [128.28089, 2.08302]]], [[[128.20741, 2.12357], [128.2108, 2.12158], [128.21357, 2.12098], [128.20959, 2.12133], [128.20665, 2.12353], [128.20741, 2.12357]]]]}}, {"type": "Feature", "properties": {"domain_id": "820319", "name": "LOLODA KEPULAUAN"}, "geometry": {"type": "MultiPolygon", "coordinates": [[[[127.7774, 2.2936], [127.77823, 2.29381], [127.77778, 2.29311], [127.77816, 2.29194], [127.77962, 2.29224], [127.7801, 2.2917], [127.78019, 2.28707], [127.78066, 2.28584], [127.78128, 2.28582], [127.7796, 2.28093], [127.77746, 2.27835], [127.77734, 2.27683], [127.77856, 2.27518], [127.77997, 2.27471], [127.78019, 2.27539], [127.78112, 2.2744], [127.78376, 2.27428], [127.7854, 2.27522], [127.78526, 2.2757], [127.78586, 2.27486], [127.78794, 2.27431], [127.78869, 2.27515], [127.79171, 2.27258], [127.79232, 2.27366], [127.79415, 2.27321], [127.79553, 2.27383], [127.79646, 2.27326], [127.79591, 2.27435], [127.79634, 2.27466], [127.80098, 2.27212], [127.80709, 2.27259], [127.80822, 2.27166], [127.81226, 2.27125], [127.81447, 2.27213], [127.81538, 2.27168], [127.81551, 2.27084], [127.81592, 2.27166], [127.8178, 2.27167], [127.81832, 2.27071], [127.81842, 2.27117], [127.81951, 2.27025], [127.81991, 2.2714], [127.82207, 2.27011], [127.82481, 2.26951], [127.82501, 2.26751], [127.82438, 2.26764], [127.8233, 2.26553], [127.82446, 2.26458], [127.82462, 2.26312], [127.82319, 2.2616], [127.82404, 2.26054], [127.82184, 2.25741], [127.82045, 2.25659], [127.82032, 2.25483], [127.81887, 2.25397], [127.8187, 2.25293], [127.82025, 2.25165], [127.81915, 2.25124], [127.81881, 2.24825], [127.82024, 2.24689], [127.82054, 2.24503], [127.82291, 2.2442], [127.82205, 2.24286], [127.82255, 2.24071], [127.82071, 2.23929], [127.81973, 2.23757], [127.8177, 2.23767], [127.81594, 2.2341], [127.81651, 2.22962], [127.81565, 2.22893], [127.81456, 2.22946], [127.81356, 2.22752], [127.81203, 2.22642], [127.81214, 2.22586], [127.81145, 2.22609], [127.80969, 2.22466], [127.80858, 2.2248], [127.80737, 2.22362], [127.80725, 2.22235], [127.8064, 2.22424], [127.80397, 2.22383], [127.80411, 2.22299], [127.79869, 2.22448], [127.79854, 2.22498], [127.7957, 2.22429], [127.79471, 2.2229], [127.79574, 2.22261], [127.7955, 2.22172], [127.79467, 2.22149], [127.79422, 2.21868], [127.79513, 2.21756], [127.79462, 2.2171], [127.79354, 2.21756], [127.78712, 2.21666], [127.78483, 2.21866], [127.78192, 2.21952], [127.78062, 2.21956], [127.77873, 2.21834], [127.7726, 2.21967], [127.7721, 2.22074], [127.77264, 2.22245], [127.77119, 2.22642], [127.77217, 2.22679], [127.77176, 2.2285], [127.77311, 2.22788], [127.77385, 2.22953], [127.77286, 2.23124], [127.7714, 2.23221], [127.77306, 2.23619], [127.77355, 2.24016], [127.77329, 2.24162], [127.76992, 2.24712], [127.77079, 2.24793], [127.7727, 2.24709], [127.77307, 2.24789], [127.77164, 2.25083], [127.76941, 2.25238], [127.76916, 2.25496], [127.7697, 2.25687], [127.77136, 2.25827], [127.77003, 2.2597], [127.76873, 2.25972], [127.76781, 2.26149], [127.76637, 2.25975], [127.76609, 2.25871], [127.76665, 2.25753], [127.76513, 2.25689], [127.76497, 2.25566], [127.76249, 2.25581], [127.76001, 2.25724], [127.7597, 2.25839], [127.75889, 2.25879], [127.7593, 2.25944], [127.75824, 2.26043], [127.75839, 2.26159], [127.75683, 2.26313], [127.75784, 2.26691], [127.759, 2.26739], [127.75978, 2.26889], [127.75903, 2.27073], [127.76136, 2.27031], [127.76228, 2.27098], [127.76198, 2.27206], [127.76301, 2.2721], [127.76259, 2.27252], [127.76301, 2.2746], [127.7636, 2.27455], [127.76401, 2.27691], [127.76514, 2.27648], [127.76656, 2.27807], [127.76667, 2.2791], [127.7677, 2.27914], [127.76761, 2.28112], [127.7691, 2.28116], [127.77026, 2.28269], [127.7694, 2.28533], [127.7706, 2.28648], [127.77021, 2.28803], [127.77214, 2.28714], [127.77368, 2.28845], [127.77458, 2.29003], [127.77412, 2.29099], [127.77508, 2.29255], [127.77512, 2.2946], [127.77707, 2.29394], [127.77781, 2.29465], [127.7774, 2.2936]]], [[[127.75773, 2.18376], [127.75875, 2.1848], [127.75818, 2.18734], [127.75853, 2.19014], [127.76372, 2.1844], [127.76283, 2.18319], [127.76297, 2.18083], [127.76517, 2.17694], [127.76705, 2.17572], [127.76679, 2.17473], [127.76772, 2.17366], [127.76752, 2.17287], [127.76888, 2.16943], [127.77124, 2.16852], [127.77256, 2.16913], [127.77341, 2.16859], [127.77424, 2.16709], [127.77498, 2.16696], [127.77459, 2.16255], [127.77759, 2.16098], [127.77659, 2.15868], [127.77518, 2.15886], [127.77453, 2.15794], [127.77342, 2.1587], [127.77189, 2.15815], [127.77155, 2.15709], [127.77214, 2.15656], [127.77171, 2.15573], [127.77228, 2.15566], [127.77217, 2.15408], [127.77103, 2.15218], [127.7702, 2.15187], [127.76954, 2.15326], [127.76491, 2.1565], [127.76344, 2.15879], [127.76133, 2.1597], [127.76026, 2.16423], [127.75344, 2.16667], [127.75247, 2.16864], [127.7516, 2.16786], [127.74986, 2.1678], [127.74747, 2.17041], [127.74691, 2.16935], [127.7458, 2.16952], [127.74269, 2.17252], [127.74184, 2.17201], [127.74214, 2.17102], [127.74158, 2.17047], [127.73955, 2.17162], [127.73714, 2.17479], [127.73627, 2.17365], [127.73535, 2.17409], [127.73519, 2.17496], [127.73618, 2.1766], [127.73502, 2.17708], [127.73344, 2.17552], [127.7325, 2.17583], [127.7314, 2.17648], [127.73085, 2.17822], [127.72879, 2.18032], [127.72791, 2.18059], [127.72749, 2.1799], [127.72601, 2.18066], [127.72177, 2.18661], [127.72166, 2.18713], [127.72246, 2.18702], [127.72267, 2.18927], [127.71994, 2.19184], [127.71966, 2.19357], [127.72076, 2.19275], [127.72064, 2.19455], [127.72105, 2.19457], [127.72235, 2.19261], [127.72346, 2.19246], [127.72382, 2.19335], [127.72443, 2.1933], [127.72858, 2.19068], [127.73171, 2.19063], [127.73275, 2.18919], [127.73504, 2.18959], [127.73515, 2.18856], [127.7392, 2.1879], [127.74022, 2.1885], [127.74048, 2.18781], [127.73939, 2.18744], [127.73956, 2.18556], [127.7403, 2.18353], [127.74108, 2.18301], [127.74234, 2.18598], [127.74191, 2.18699], [127.74293, 2.18746], [127.74319, 2.19091], [127.74425, 2.1905], [127.74421, 2.19172], [127.74628, 2.19037], [127.7489, 2.18989], [127.74934, 2.19101], [127.75344, 2.18926], [127.75226, 2.18844], [127.7543, 2.18503], [127.75771, 2.18311], [127.75773, 2.18376]]], [[[127.77413, 2.12831], [127.77542, 2.12857], [127.77764, 2.12739], [127.77796, 2.12565], [127.78161, 2.124], [127.78258, 2.12265], [127.78183, 2.122], [127.78038, 2.12384], [127.78062, 2.12292], [127.78005, 2.12282], [127.78242, 2.12135], [127.78204, 2.1211], [127.78364, 2.12103], [127.78379, 2.1217], [127.78466, 2.12059], [127.78478, 2.11925], [127.7839, 2.11881], [127.78321, 2.11711], [127.78344, 2.1165], [127.78437, 2.11646], [127.78549, 2.11404], [127.78689, 2.11311], [127.7853, 2.11007], [127.78857, 2.10673], [127.786, 2.10611], [127.78378, 2.10353], [127.78345, 2.10417], [127.78252, 2.10403], [127.78397, 2.10618], [127.78324, 2.10703], [127.78425, 2.10818], [127.7826, 2.11033], [127.78239, 2.10826], [127.78068, 2.10978], [127.77965, 2.11186], [127.7793, 2.11146], [127.77986, 2.10938], [127.78112, 2.10787], [127.78101, 2.10685], [127.78024, 2.10675], [127.78111, 2.10492], [127.78023, 2.10567], [127.78005, 2.10791], [127.77982, 2.10689], [127.77937, 2.10723], [127.77887, 2.11066], [127.77859, 2.11014], [127.77777, 2.11045], [127.77733, 2.11277], [127.77709, 2.11213], [127.77568, 2.11209], [127.77477, 2.11486], [127.77384, 2.11405], [127.77231, 2.11429], [127.77118, 2.11346], [127.7711, 2.11437], [127.77002, 2.1136], [127.7693, 2.11433], [127.76712, 2.11441], [127.76813, 2.11563], [127.76751, 2.11666], [127.76778, 2.12051], [127.7664, 2.12182], [127.7682, 2.12378], [127.77145, 2.12532], [127.77159, 2.12608], [127.7735, 2.12747], [127.77363, 2.12867], [127.77413, 2.12831]]], [[[127.76497, 2.21094], [127.76667, 2.21003], [127.76913, 2.2107], [127.77016, 2.20969], [127.77261, 2.20914], [127.77392, 2.20334], [127.77176, 2.19941], [127.76976, 2.19912], [127.76986, 2.19853], [127.76954, 2.19886], [127.76835, 2.19803], [127.76684, 2.19849], [127.7655, 2.19786], [127.7634, 2.19923], [127.76214, 2.20154], [127.75973, 2.20218], [127.75989, 2.20356], [127.75938, 2.20372], [127.75845, 2.20259], [127.75791, 2.20329], [127.75414, 2.20444], [127.75553, 2.20529], [127.75773, 2.20453], [127.76063, 2.20742], [127.76122, 2.20727], [127.76244, 2.20867], [127.76371, 2.20905], [127.76312, 2.21046], [127.76376, 2.21108], [127.76348, 2.21208], [127.76488, 2.21173], [127.76497, 2.21094]]], [[[127.78946, 2.12272], [127.78883, 2.12229], [127.79006, 2.12087], [127.78997, 2.11934], [127.78891, 2.11975], [127.78876, 2.12066], [127.78811, 2.11953], [127.78651, 2.11963], [127.7869, 2.1225], [127.78788, 2.12153], [127.78749, 2.12251], [127.788, 2.12348], [127.78893, 2.12317], [127.78903, 2.12431], [127.78946, 2.12272]]], [[[127.77713, 2.11113], [127.77693, 2.10931], [127.77561, 2.10888], [127.77508, 2.11019], [127.77566, 2.11182], [127.7772, 2.11187], [127.77713, 2.11113]]]]}}]}