{"type": "FeatureCollection", "features": [{"type": "Feature", "properties": {"domain_id": "747208", "name": "BATUPOARO"}, "geometry": {"type": "Polygon", "coordinates": [[[122.59243, -5.46745], [122.58794, -5.47043], [122.58689, -5.46865], [122.58478, -5.46925], [122.58395, -5.46838], [122.5865, -5.46704], [122.58827, -5.46481], [122.5926, -5.45671], [122.59399, -5.45663], [122.59321, -5.45612], [122.59339, -5.45555], [122.59469, -5.45505], [122.59372, -5.45554], [122.59433, -5.45613], [122.59448, -5.45573], [122.59431, -5.45629], [122.59504, -5.4558], [122.59471, -5.45515], [122.59736, -5.45449], [122.59841, -5.45504], [122.60236, -5.45435], [122.60371, -5.45766], [122.60652, -5.45986], [122.60582, -5.46231], [122.60211, -5.46203], [122.59243, -5.46745]]]}}, {"type": "Feature", "properties": {"domain_id": "740316", "name": "KATOBU"}, "geometry": {"type": "Polygon", "coordinates": [[[122.71592, -4.85133], [122.70327, -4.8531], [122.70334, -4.84819], [122.70412, -4.84559], [122.70568, -4.84396], [122.70485, -4.83882], [122.70832, -4.83333], [122.7088, -4.82812], [122.70839, -4.82617], [122.70902, -4.82358], [122.71759, -4.82282], [122.72083, -4.82179], [122.72402, -4.82303], [122.73469, -4.82538], [122.73293, -4.83163], [122.73181, -4.83162], [122.72918, -4.84084], [122.72982, -4.84125], [122.73003, -4.84035], [122.73347, -4.83949], [122.73119, -4.84052], [122.73132, -4.84146], [122.73055, -4.84151], [122.7306, -4.84218], [122.72891, -4.84164], [122.73071, -4.84581], [122.73068, -4.84864], [122.72934, -4.84951], [122.7265, -4.84996], [122.72483, -4.85158], [122.72109, -4.85115], [122.72122, -4.85061], [122.71592, -4.85133]]]}}, {"type": "Feature", "properties": {"domain_id": "740701", "name": "WANGI-WANGI"}, "geometry": {"type": "Polygon", "coordinates": [[[123.53487, -5.32421], [123.5315, -5.31976], [123.53062, -5.32015], [123.53062, -5.32146], [123.52935, -5.32107], [123.52979, -5.31949], [123.53059, -5.31957], [123.5278, -5.31076], [123.52675, -5.30406], [123.52776, -5.29661], [123.52757, -5.2914], [123.52197, -5.27615], [123.51937, -5.26793], [123.51886, -5.26424], [123.52061, -5.25918], [123.52228, -5.25651], [123.52612, -5.25214], [123.53141, -5.24817], [123.53298, -5.24776], [123.54492, -5.24856], [123.55449, -5.25058], [123.5598, -5.2508], [123.57015, -5.248], [123.57449, -5.24755], [123.57578, -5.2447], [123.57892, -5.24502], [123.58758, -5.24879], [123.58985, -5.24878], [123.60135, -5.25627], [123.6045, -5.25689], [123.60916, -5.25982], [123.62406, -5.26717], [123.63134, -5.27588], [123.59504, -5.29542], [123.58264, -5.30047], [123.57688, -5.30473], [123.5704, -5.31408], [123.56556, -5.31953], [123.53696, -5.3299], [123.53644, -5.32739], [123.53562, -5.32659], [123.53614, -5.32636], [123.53487, -5.32421]]]}}, {"type": "Feature", "properties": {"domain_id": "740805", "name": "KODEOHA"}, "geometry": {"type": "Polygon", "coordinates": [[[121.13884, -3.46017], [121.13698, -3.46043], [121.13494, -3.46199], [121.13245, -3.46627], [121.13212, -3.4689], [121.12895, -3.46749], [121.12664, -3.46833], [121.12438, -3.46781], [121.12291, -3.47027], [121.12376, -3.47217], [121.10531, -3.46888], [121.08781, -3.46447], [121.0744, -3.46203], [121.05341, -3.4569], [121.04394, -3.45361], [121.01777, -3.44847], [121.01119, -3.44573], [121.00529, -3.44509], [120.9927, -3.44105], [120.98421, -3.43962], [120.97981, -3.43525], [120.97156, -3.43447], [120.96112, -3.43195], [120.95871, -3.42883], [120.9545, -3.42611], [120.94789, -3.42301], [120.94286, -3.41861], [120.93753, -3.41271], [120.93627, -3.41286], [120.93482, -3.41039], [120.93354, -3.4105], [120.93209, -3.4093], [120.93112, -3.40964], [120.92885, -3.40717], [120.92761, -3.40707], [120.92731, -3.40607], [120.92445, -3.40339], [120.92249, -3.40323], [120.92216, -3.40228], [120.91787, -3.40047], [120.91718, -3.39732], [120.91571, -3.39712], [120.91085, -3.393], [120.90938, -3.39301], [120.90783, -3.39072], [120.90677, -3.39071], [120.90613, -3.38974], [120.90398, -3.39028], [120.89877, -3.38741], [120.89654, -3.38686], [120.89615, -3.38582], [120.89921, -3.38154], [120.90184, -3.37965], [120.90238, -3.37959], [120.90189, -3.38021], [120.90251, -3.37997], [120.90459, -3.37734], [120.9055, -3.37796], [120.90636, -3.37751], [120.90596, -3.37692], [120.90902, -3.37478], [120.91054, -3.3728], [120.9114, -3.37354], [120.91121, -3.37196], [120.91372, -3.36934], [120.91462, -3.3694], [120.91415, -3.36729], [120.91574, -3.36497], [120.91762, -3.35838], [120.91939, -3.35706], [120.92081, -3.35312], [120.92174, -3.35303], [120.92356, -3.35084], [120.92533, -3.35044], [120.92976, -3.34717], [120.93135, -3.34254], [120.93451, -3.33984], [120.93794, -3.33551], [120.94572, -3.33341], [120.94714, -3.33683], [120.94946, -3.3383], [120.95354, -3.34357], [120.95026, -3.34715], [120.95224, -3.34855], [120.9523, -3.34969], [120.94889, -3.35349], [120.95166, -3.35568], [120.9535, -3.35499], [120.95575, -3.35573], [120.96234, -3.36349], [120.97462, -3.36855], [120.98716, -3.37627], [121.00169, -3.38323], [121.04023, -3.40526], [121.07081, -3.42528], [121.10942, -3.4434], [121.14626, -3.45616], [121.14533, -3.4575], [121.14533, -3.45864], [121.14353, -3.46027], [121.13884, -3.46017]]]}}, {"type": "Feature", "properties": {"domain_id": "740203", "name": "WAWOTOBI"}, "geometry": {"type": "Polygon", "coordinates": [[[122.11886, -3.89984], [122.11817, -3.89929], [122.11781, -3.89624], [122.11497, -3.89616], [122.11109, -3.89317], [122.10887, -3.88971], [122.10576, -3.889], [122.10197, -3.88644], [122.0989, -3.88292], [122.10048, -3.88079], [122.10011, -3.87846], [122.09898, -3.87805], [122.09704, -3.87935], [122.09626, -3.87802], [122.09758, -3.87678], [122.09904, -3.87655], [122.09941, -3.87523], [122.09469, -3.87296], [122.08637, -3.87028], [122.08687, -3.8669], [122.08892, -3.86787], [122.08921, -3.86721], [122.09091, -3.85412], [122.09319, -3.85468], [122.09514, -3.85699], [122.10163, -3.85232], [122.10359, -3.84854], [122.10717, -3.84664], [122.11233, -3.83844], [122.11333, -3.83221], [122.11259, -3.83186], [122.1128, -3.83109], [122.11073, -3.82958], [122.11073, -3.82878], [122.10964, -3.82832], [122.10787, -3.82581], [122.10599, -3.82507], [122.10433, -3.82529], [122.10399, -3.82449], [122.10273, -3.82501], [122.10359, -3.8225], [122.10319, -3.82004], [122.10365, -3.81906], [122.10305, -3.81709], [122.10602, -3.81495], [122.10789, -3.8145], [122.10811, -3.81298], [122.11094, -3.81188], [122.11161, -3.81018], [122.11367, -3.81128], [122.11495, -3.81103], [122.1135, -3.80759], [122.11355, -3.80613], [122.11521, -3.80601], [122.11535, -3.80697], [122.1179, -3.80745], [122.12018, -3.80091], [122.12398, -3.80066], [122.12885, -3.79542], [122.13264, -3.79917], [122.13617, -3.80492], [122.13649, -3.80644], [122.14358, -3.81625], [122.1453, -3.81643], [122.14652, -3.81763], [122.15398, -3.81701], [122.15762, -3.81903], [122.15969, -3.8224], [122.16648, -3.8263], [122.16656, -3.8289], [122.16462, -3.83152], [122.16203, -3.83354], [122.16154, -3.83473], [122.16173, -3.838], [122.16344, -3.84454], [122.16328, -3.84803], [122.16224, -3.84939], [122.16381, -3.85051], [122.16417, -3.85323], [122.16529, -3.85324], [122.16439, -3.85502], [122.16354, -3.85526], [122.16473, -3.85658], [122.16414, -3.85687], [122.165, -3.85775], [122.16448, -3.85819], [122.16572, -3.85909], [122.16525, -3.86008], [122.16463, -3.86], [122.16671, -3.86181], [122.16717, -3.86042], [122.16815, -3.8608], [122.16797, -3.86198], [122.16957, -3.86096], [122.1721, -3.86461], [122.17188, -3.86649], [122.17046, -3.86806], [122.1736, -3.87361], [122.17361, -3.87461], [122.17466, -3.87498], [122.17586, -3.87991], [122.172, -3.88005], [122.17226, -3.88432], [122.17725, -3.88422], [122.17908, -3.88592], [122.18154, -3.88594], [122.18196, -3.88677], [122.18374, -3.88738], [122.18438, -3.88632], [122.1858, -3.88799], [122.18449, -3.8886], [122.18551, -3.89025], [122.1856, -3.89634], [122.18909, -3.89944], [122.18925, -3.90059], [122.18781, -3.90473], [122.18352, -3.90419], [122.17872, -3.906], [122.17766, -3.90571], [122.17473, -3.89978], [122.17397, -3.89979], [122.1715, -3.90235], [122.17018, -3.90185], [122.17003, -3.90079], [122.17116, -3.89806], [122.17039, -3.8961], [122.16696, -3.89749], [122.16338, -3.89756], [122.16251, -3.89382], [122.1633, -3.8905], [122.15867, -3.88678], [122.15314, -3.88718], [122.15319, -3.89119], [122.15263, -3.89249], [122.14309, -3.9012], [122.13317, -3.90651], [122.12206, -3.91034], [122.12023, -3.90913], [122.12059, -3.90686], [122.11886, -3.89984]]]}}, {"type": "Feature", "properties": {"domain_id": "740802", "name": "PAKUE"}, "geometry": {"type": "Polygon", "coordinates": [[[121.02873, -3.27099], [121.02919, -3.27267], [121.02862, -3.27352], [121.02915, -3.27412], [121.02692, -3.27625], [121.02726, -3.27722], [121.02434, -3.27836], [121.02237, -3.2718], [121.01856, -3.26853], [121.01518, -3.26234], [121.013, -3.25978], [121.01347, -3.25936], [121.01305, -3.25618], [121.01391, -3.25575], [121.01473, -3.25389], [121.01468, -3.25241], [121.00913, -3.25009], [121.01129, -3.24933], [121.01272, -3.24773], [121.01393, -3.24774], [121.01787, -3.2448], [121.02053, -3.24414], [121.02123, -3.24007], [121.02234, -3.23949], [121.02139, -3.23758], [121.02197, -3.23572], [121.02152, -3.2342], [121.02192, -3.23117], [121.0237, -3.2264], [121.02453, -3.22562], [121.02504, -3.22319], [121.02788, -3.22111], [121.02994, -3.2179], [121.03072, -3.2113], [121.03316, -3.20767], [121.03524, -3.20599], [121.03625, -3.20616], [121.03644, -3.20504], [121.04972, -3.19935], [121.05216, -3.20023], [121.05348, -3.20253], [121.05552, -3.20389], [121.05544, -3.20553], [121.06023, -3.2068], [121.06081, -3.20804], [121.06321, -3.20765], [121.06444, -3.20624], [121.0658, -3.20691], [121.06566, -3.20609], [121.06861, -3.20571], [121.06951, -3.20418], [121.0687, -3.20161], [121.06571, -3.20124], [121.06519, -3.20027], [121.06809, -3.20019], [121.06999, -3.19833], [121.07422, -3.19702], [121.07968, -3.19806], [121.09292, -3.2087], [121.10438, -3.21372], [121.1186, -3.2215], [121.13044, -3.22967], [121.14858, -3.23973], [121.16802, -3.25301], [121.19163, -3.27081], [121.19129, -3.27266], [121.18869, -3.27297], [121.1842, -3.27602], [121.18098, -3.28065], [121.18044, -3.2844], [121.1753, -3.28962], [121.17437, -3.2928], [121.17283, -3.29417], [121.17112, -3.29448], [121.17013, -3.29616], [121.16824, -3.29633], [121.16557, -3.29363], [121.16281, -3.29335], [121.16163, -3.29219], [121.16014, -3.2929], [121.15716, -3.29841], [121.15733, -3.29984], [121.15862, -3.3012], [121.15921, -3.3048], [121.15813, -3.30735], [121.15838, -3.31264], [121.15753, -3.31772], [121.1585, -3.32041], [121.15754, -3.32215], [121.15604, -3.32237], [121.15158, -3.32142], [121.14986, -3.31914], [121.14782, -3.31796], [121.14221, -3.32135], [121.14018, -3.32158], [121.13842, -3.31997], [121.13727, -3.31736], [121.13534, -3.31598], [121.13213, -3.31588], [121.12612, -3.31702], [121.12341, -3.31671], [121.11341, -3.31157], [121.112, -3.31146], [121.10595, -3.30752], [121.09528, -3.30296], [121.07943, -3.29126], [121.07794, -3.29206], [121.07317, -3.29162], [121.07328, -3.29021], [121.07036, -3.28927], [121.07002, -3.28743], [121.0678, -3.28584], [121.06621, -3.28579], [121.05963, -3.28033], [121.0562, -3.2814], [121.05479, -3.28027], [121.0532, -3.27757], [121.05276, -3.27477], [121.05024, -3.27375], [121.04994, -3.27213], [121.04827, -3.27026], [121.04151, -3.26785], [121.0404, -3.26829], [121.03819, -3.26528], [121.03717, -3.26753], [121.03582, -3.26687], [121.03483, -3.26839], [121.0334, -3.26814], [121.02873, -3.27099]]]}}, {"type": "Feature", "properties": {"domain_id": "740508", "name": "RANOMEETO"}, "geometry": {"type": "Polygon", "coordinates": [[[122.36443, -4.1612], [122.3582, -4.1511], [122.34364, -4.1037], [122.34144, -4.0912], [122.34172, -4.08795], [122.34058, -4.08204], [122.35103, -4.08204], [122.3498, -4.07954], [122.35143, -4.07824], [122.35043, -4.07513], [122.35189, -4.0723], [122.34984, -4.07107], [122.35136, -4.06973], [122.35192, -4.0679], [122.35336, -4.06694], [122.35415, -4.06457], [122.37089, -4.066], [122.36694, -4.08381], [122.36743, -4.08777], [122.37317, -4.09075], [122.38022, -4.09226], [122.38205, -4.08272], [122.38634, -4.08208], [122.39114, -4.08408], [122.39404, -4.07765], [122.3978, -4.07139], [122.40065, -4.06787], [122.40148, -4.06775], [122.40139, -4.0664], [122.4059, -4.06038], [122.40934, -4.0535], [122.42594, -4.03009], [122.42759, -4.02563], [122.42132, -4.01228], [122.42451, -4.01229], [122.42923, -4.01107], [122.43126, -4.01134], [122.43446, -4.01367], [122.43718, -4.01177], [122.43873, -4.01254], [122.44067, -4.01152], [122.44294, -4.01156], [122.44436, -4.01466], [122.44803, -4.01909], [122.44964, -4.02019], [122.45378, -4.02219], [122.46453, -4.02531], [122.4662, -4.02669], [122.47206, -4.03624], [122.47934, -4.05104], [122.47568, -4.05437], [122.47368, -4.05536], [122.47179, -4.05288], [122.46899, -4.05168], [122.44736, -4.06432], [122.44179, -4.06843], [122.43692, -4.07331], [122.43242, -4.08346], [122.41442, -4.11165], [122.40092, -4.12857], [122.3908, -4.13533], [122.3745, -4.15055], [122.36443, -4.1612]]]}}, {"type": "Feature", "properties": {"domain_id": "740221", "name": "BONDOALA"}, "geometry": {"type": "Polygon", "coordinates": [[[122.44946, -3.92868], [122.4456, -3.93147], [122.44473, -3.93445], [122.44281, -3.9348], [122.44136, -3.93405], [122.44048, -3.93147], [122.43839, -3.9292], [122.43744, -3.9271], [122.43474, -3.9266], [122.43598, -3.92089], [122.4399, -3.91347], [122.42973, -3.91169], [122.42815, -3.91066], [122.42635, -3.90744], [122.4254, -3.90988], [122.42428, -3.90985], [122.42373, -3.90278], [122.41886, -3.89786], [122.41889, -3.8959], [122.42846, -3.89539], [122.42919, -3.89174], [122.43303, -3.89183], [122.4275, -3.88577], [122.42638, -3.88266], [122.43706, -3.88229], [122.44667, -3.88495], [122.45482, -3.88587], [122.46082, -3.88176], [122.45984, -3.8806], [122.45778, -3.88164], [122.45631, -3.87979], [122.45259, -3.87722], [122.43785, -3.8613], [122.43858, -3.86148], [122.44214, -3.85917], [122.4426, -3.85931], [122.44293, -3.86351], [122.44579, -3.8655], [122.44898, -3.87041], [122.452, -3.86874], [122.45565, -3.86785], [122.4562, -3.8666], [122.46768, -3.88052], [122.46707, -3.88255], [122.46928, -3.88512], [122.46761, -3.88623], [122.46812, -3.88678], [122.47054, -3.88671], [122.46974, -3.89085], [122.47029, -3.89345], [122.47503, -3.89525], [122.4768, -3.89708], [122.47863, -3.89643], [122.48021, -3.89738], [122.48073, -3.90251], [122.48191, -3.90355], [122.4823, -3.90714], [122.48342, -3.90901], [122.48274, -3.91], [122.47885, -3.91184], [122.47948, -3.91498], [122.47747, -3.91636], [122.47701, -3.91765], [122.46977, -3.9222], [122.46284, -3.92974], [122.46105, -3.93073], [122.454, -3.92724], [122.44946, -3.92868]]]}}, {"type": "Feature", "properties": {"domain_id": "740519", "name": "LAEYA"}, "geometry": {"type": "Polygon", "coordinates": [[[122.46436, -4.43857], [122.462, -4.43981], [122.46109, -4.43707], [122.459, -4.43692], [122.45759, -4.43795], [122.45644, -4.43638], [122.45452, -4.43945], [122.45323, -4.44003], [122.45407, -4.44227], [122.45496, -4.44264], [122.45435, -4.44373], [122.45573, -4.44448], [122.45504, -4.44499], [122.45317, -4.4446], [122.45472, -4.44535], [122.45485, -4.44758], [122.45158, -4.45139], [122.45023, -4.45198], [122.44976, -4.45045], [122.45036, -4.449], [122.44888, -4.44704], [122.44625, -4.44637], [122.44351, -4.44429], [122.44314, -4.44152], [122.44465, -4.4409], [122.44406, -4.43851], [122.44529, -4.43635], [122.44363, -4.43546], [122.44311, -4.43609], [122.44156, -4.43539], [122.44144, -4.43176], [122.44311, -4.42183], [122.44317, -4.41302], [122.4462, -4.40134], [122.44575, -4.38865], [122.44861, -4.38698], [122.44814, -4.38349], [122.45058, -4.38255], [122.45036, -4.37821], [122.45092, -4.37579], [122.44337, -4.37164], [122.44282, -4.36853], [122.44051, -4.36471], [122.43833, -4.3453], [122.43881, -4.34021], [122.43778, -4.3382], [122.43749, -4.33456], [122.43811, -4.33267], [122.43671, -4.3274], [122.43747, -4.32596], [122.43607, -4.32579], [122.43683, -4.32488], [122.43572, -4.32387], [122.43314, -4.32519], [122.43183, -4.32515], [122.43221, -4.32422], [122.43048, -4.32349], [122.43037, -4.32111], [122.42794, -4.3207], [122.42842, -4.31915], [122.42761, -4.31848], [122.42756, -4.31693], [122.42667, -4.31556], [122.42494, -4.31578], [122.42447, -4.31468], [122.42229, -4.31393], [122.4223, -4.31483], [122.42118, -4.31508], [122.42031, -4.31462], [122.42069, -4.31343], [122.41755, -4.31257], [122.4167, -4.30513], [122.41515, -4.30373], [122.41487, -4.30194], [122.41252, -4.3006], [122.41226, -4.29716], [122.40552, -4.27732], [122.40183, -4.27788], [122.39895, -4.27974], [122.39851, -4.27727], [122.39758, -4.2773], [122.3973, -4.27517], [122.39568, -4.27444], [122.39691, -4.27246], [122.39635, -4.27174], [122.39704, -4.27131], [122.39669, -4.27069], [122.39857, -4.26948], [122.39765, -4.26849], [122.39819, -4.26718], [122.39698, -4.2666], [122.39702, -4.26342], [122.39482, -4.26202], [122.39579, -4.26095], [122.39535, -4.26018], [122.39578, -4.25916], [122.39497, -4.25819], [122.39603, -4.25699], [122.39529, -4.2558], [122.3969, -4.25239], [122.39713, -4.24921], [122.39621, -4.24202], [122.40061, -4.2332], [122.40897, -4.22129], [122.4207, -4.20738], [122.42372, -4.20594], [122.4239, -4.20493], [122.42296, -4.2039], [122.42384, -4.20253], [122.42742, -4.20655], [122.43218, -4.21934], [122.43802, -4.22733], [122.44173, -4.23373], [122.44278, -4.24012], [122.44543, -4.24545], [122.4502, -4.25025], [122.45418, -4.24859], [122.45623, -4.24898], [122.46076, -4.24753], [122.46576, -4.24759], [122.46745, -4.2463], [122.46795, -4.24462], [122.46871, -4.24596], [122.4697, -4.24494], [122.47004, -4.24737], [122.47064, -4.24795], [122.47182, -4.24747], [122.47203, -4.24906], [122.47328, -4.24941], [122.47393, -4.25086], [122.47533, -4.25084], [122.47566, -4.2516], [122.47703, -4.25083], [122.47839, -4.25213], [122.47906, -4.25115], [122.48098, -4.25064], [122.48054, -4.24729], [122.48202, -4.24706], [122.48408, -4.24835], [122.48443, -4.25057], [122.48538, -4.25042], [122.48753, -4.25184], [122.48796, -4.25088], [122.49106, -4.25248], [122.49123, -4.25396], [122.49045, -4.25463], [122.49223, -4.25619], [122.4923, -4.25761], [122.49112, -4.25811], [122.49212, -4.25945], [122.49848, -4.25814], [122.50142, -4.26064], [122.50439, -4.26072], [122.50536, -4.26137], [122.50395, -4.25875], [122.50581, -4.25654], [122.50692, -4.25617], [122.50746, -4.25628], [122.50827, -4.25871], [122.51394, -4.25878], [122.51419, -4.25821], [122.51324, -4.25754], [122.51314, -4.25606], [122.51562, -4.25716], [122.51669, -4.25578], [122.51749, -4.25601], [122.51793, -4.25782], [122.52129, -4.2585], [122.51982, -4.25599], [122.52067, -4.2542], [122.51895, -4.25273], [122.51907, -4.25221], [122.52106, -4.25212], [122.52106, -4.25115], [122.52168, -4.25093], [122.52241, -4.25126], [122.52278, -4.25253], [122.52458, -4.25275], [122.52476, -4.25421], [122.52701, -4.25427], [122.529, -4.2515], [122.53312, -4.24881], [122.53296, -4.24791], [122.53441, -4.24802], [122.53359, -4.24647], [122.53439, -4.2458], [122.53577, -4.24626], [122.53652, -4.24443], [122.53611, -4.24287], [122.53978, -4.24502], [122.54125, -4.24436], [122.54246, -4.24522], [122.54348, -4.24498], [122.54572, -4.24575], [122.54601, -4.24474], [122.54686, -4.24467], [122.54769, -4.24603], [122.55006, -4.2472], [122.55082, -4.24708], [122.55077, -4.24576], [122.55289, -4.24742], [122.55308, -4.24879], [122.55524, -4.25141], [122.55689, -4.25082], [122.55662, -4.2519], [122.56058, -4.25298], [122.56376, -4.25245], [122.56977, -4.24926], [122.57883, -4.2783], [122.57329, -4.28624], [122.56265, -4.29597], [122.55608, -4.30444], [122.54251, -4.31555], [122.54231, -4.31814], [122.54309, -4.31949], [122.54151, -4.31937], [122.54025, -4.32127], [122.53972, -4.32349], [122.54032, -4.32497], [122.53927, -4.32653], [122.5404, -4.32777], [122.5373, -4.32934], [122.53842, -4.33049], [122.53824, -4.33113], [122.53629, -4.33154], [122.53526, -4.3335], [122.53169, -4.33385], [122.52966, -4.33608], [122.52775, -4.33595], [122.52785, -4.3372], [122.52617, -4.34143], [122.52252, -4.34573], [122.52157, -4.34777], [122.52065, -4.34821], [122.52007, -4.35403], [122.51741, -4.36291], [122.51586, -4.37398], [122.51517, -4.37603], [122.51159, -4.37787], [122.51132, -4.37886], [122.51121, -4.38067], [122.51196, -4.38175], [122.51549, -4.38277], [122.5143, -4.38421], [122.51301, -4.38309], [122.51238, -4.38449], [122.51046, -4.38536], [122.51206, -4.38628], [122.51427, -4.38586], [122.51464, -4.38756], [122.51675, -4.39019], [122.52189, -4.38826], [122.52224, -4.3889], [122.52138, -4.39066], [122.52155, -4.39189], [122.52266, -4.39213], [122.52457, -4.39104], [122.52564, -4.39136], [122.527, -4.39463], [122.52898, -4.39714], [122.52607, -4.39843], [122.52563, -4.3997], [122.52445, -4.39979], [122.52483, -4.40269], [122.52329, -4.40453], [122.52426, -4.40647], [122.52406, -4.40764], [122.51832, -4.40593], [122.51644, -4.40735], [122.51437, -4.41073], [122.51456, -4.4132], [122.51636, -4.41449], [122.52422, -4.41624], [122.52547, -4.41768], [122.52506, -4.41929], [122.51985, -4.42274], [122.51857, -4.4228], [122.51414, -4.42105], [122.51296, -4.42158], [122.51251, -4.4226], [122.51353, -4.42981], [122.51421, -4.43113], [122.51598, -4.43252], [122.52033, -4.43228], [122.52209, -4.43317], [122.52384, -4.43528], [122.52498, -4.43833], [122.5213, -4.44252], [122.51927, -4.44372], [122.517, -4.44299], [122.51145, -4.44314], [122.50876, -4.4449], [122.50806, -4.44465], [122.50755, -4.44569], [122.50674, -4.44531], [122.50742, -4.44775], [122.50685, -4.44932], [122.50721, -4.45099], [122.50471, -4.45573], [122.5037, -4.45544], [122.50257, -4.45148], [122.50255, -4.44844], [122.50147, -4.44768], [122.50164, -4.44861], [122.50038, -4.4498], [122.4958, -4.44933], [122.49369, -4.45269], [122.48948, -4.456], [122.48825, -4.45293], [122.4874, -4.45294], [122.48697, -4.452], [122.48556, -4.45151], [122.48312, -4.45254], [122.47777, -4.45107], [122.47492, -4.45116], [122.4724, -4.45276], [122.47013, -4.45282], [122.47028, -4.44766], [122.47306, -4.44581], [122.47218, -4.44398], [122.4725, -4.44256], [122.46925, -4.44404], [122.46758, -4.44258], [122.46797, -4.44218], [122.46743, -4.43947], [122.46809, -4.43831], [122.46918, -4.43865], [122.46929, -4.43732], [122.46764, -4.43666], [122.46514, -4.43921], [122.46436, -4.43857]]]}}, {"type": "Feature", "properties": {"domain_id": "740324", "name": "KABAWO"}, "geometry": {"type": "Polygon", "coordinates": [[[122.42107, -5.05272], [122.4168, -5.05373], [122.41223, -5.0536], [122.40805, -5.05154], [122.4002, -5.05068], [122.40005, -5.05154], [122.3987, -5.05157], [122.39614, -5.05026], [122.3949, -5.05177], [122.39589, -5.05297], [122.39461, -5.05339], [122.39319, -5.05239], [122.3919, -5.0538], [122.3915, -5.0531], [122.39004, -5.05308], [122.39039, -5.05405], [122.38871, -5.05531], [122.38879, -5.05665], [122.38598, -5.05754], [122.3855, -5.05538], [122.38416, -5.05521], [122.38352, -5.05352], [122.38365, -5.04668], [122.38421, -5.04488], [122.3853, -5.04423], [122.37963, -5.04117], [122.37688, -5.04192], [122.37552, -5.03927], [122.37465, -5.03928], [122.37378, -5.04045], [122.37304, -5.0403], [122.37268, -5.03917], [122.37383, -5.03674], [122.37268, -5.03538], [122.37566, -5.03297], [122.37712, -5.03307], [122.37661, -5.03221], [122.37897, -5.02736], [122.38, -5.01973], [122.38007, -4.99773], [122.3843, -4.99202], [122.38817, -4.99567], [122.39143, -5.00015], [122.39336, -5.0], [122.39569, -4.99743], [122.39717, -4.99723], [122.3982, -4.99787], [122.3978, -5.00048], [122.40094, -5.00025], [122.40337, -4.99861], [122.40442, -4.99906], [122.40499, -5.00019], [122.40667, -5.0005], [122.40747, -5.00027], [122.40738, -4.99934], [122.4086, -4.99775], [122.41073, -4.99726], [122.41103, -4.99616], [122.41204, -4.99628], [122.41327, -4.99525], [122.41835, -4.99491], [122.4214, -4.99564], [122.43136, -4.99281], [122.43353, -4.99275], [122.43608, -4.99074], [122.43866, -4.99072], [122.43962, -4.98925], [122.43967, -4.98755], [122.44281, -4.9874], [122.44431, -4.98657], [122.44495, -4.98542], [122.44259, -4.98468], [122.44252, -4.98273], [122.44074, -4.98203], [122.43657, -4.98195], [122.43584, -4.98068], [122.43746, -4.97903], [122.436, -4.97616], [122.43488, -4.97609], [122.43368, -4.9783], [122.43043, -4.97881], [122.42832, -4.97617], [122.427, -4.97253], [122.4256, -4.97154], [122.42498, -4.96729], [122.42832, -4.96702], [122.4407, -4.96936], [122.44708, -4.96946], [122.44785, -4.96865], [122.4484, -4.96967], [122.44708, -4.97301], [122.45147, -4.97492], [122.45948, -4.9747], [122.46397, -4.97328], [122.46598, -4.97346], [122.46847, -4.97202], [122.47687, -4.9739], [122.47846, -4.9737], [122.48158, -4.97469], [122.48349, -4.97604], [122.4862, -4.97608], [122.48871, -4.97532], [122.48934, -4.97428], [122.49464, -4.97483], [122.5541, -4.97344], [122.55439, -4.96691], [122.57572, -4.99005], [122.58409, -5.00295], [122.58481, -5.00191], [122.58263, -5.00987], [122.57965, -5.01734], [122.57632, -5.0244], [122.57294, -5.02928], [122.55856, -5.04247], [122.5509, -5.04707], [122.54314, -5.04535], [122.5392, -5.04377], [122.52694, -5.04188], [122.52397, -5.04086], [122.52168, -5.03971], [122.52196, -5.03706], [122.50967, -5.0365], [122.50408, -5.03903], [122.49545, -5.04089], [122.48732, -5.04036], [122.47494, -5.04166], [122.46882, -5.04356], [122.46014, -5.04741], [122.44522, -5.05136], [122.42107, -5.05272]]]}}, {"type": "Feature", "properties": {"domain_id": "740124", "name": "TOARI"}, "geometry": {"type": "Polygon", "coordinates": [[[121.49634, -4.58602], [121.49472, -4.58736], [121.49503, -4.5887], [121.49431, -4.58961], [121.49473, -4.59061], [121.49287, -4.59072], [121.49159, -4.59208], [121.48881, -4.59147], [121.48734, -4.58983], [121.48573, -4.58962], [121.48636, -4.59109], [121.48605, -4.59236], [121.48297, -4.59172], [121.48258, -4.59348], [121.48004, -4.59173], [121.4778, -4.59275], [121.47764, -4.59195], [121.47876, -4.58983], [121.47764, -4.58903], [121.47665, -4.59063], [121.47524, -4.59062], [121.47336, -4.59178], [121.47048, -4.59155], [121.47084, -4.58808], [121.47253, -4.58473], [121.47391, -4.58468], [121.47501, -4.58298], [121.47782, -4.57554], [121.47844, -4.56473], [121.47672, -4.55316], [121.47699, -4.54959], [121.48044, -4.54492], [121.48361, -4.5467], [121.48502, -4.54415], [121.48674, -4.54478], [121.4877, -4.54316], [121.48904, -4.54386], [121.48979, -4.54245], [121.49091, -4.54303], [121.49118, -4.54119], [121.4923, -4.54152], [121.49631, -4.53867], [121.49613, -4.53646], [121.4978, -4.53364], [121.50155, -4.53053], [121.50058, -4.52551], [121.50177, -4.52238], [121.50462, -4.51962], [121.50671, -4.51931], [121.5075, -4.51788], [121.51008, -4.51851], [121.51208, -4.5171], [121.52033, -4.51882], [121.52106, -4.52026], [121.52288, -4.52142], [121.52276, -4.52216], [121.52511, -4.52213], [121.52769, -4.52454], [121.52655, -4.52625], [121.52846, -4.5279], [121.53045, -4.52818], [121.53126, -4.52645], [121.53339, -4.52506], [121.53481, -4.52487], [121.53616, -4.52358], [121.53801, -4.52368], [121.54268, -4.52616], [121.54334, -4.5301], [121.54585, -4.52955], [121.54853, -4.53077], [121.54866, -4.53197], [121.55229, -4.53192], [121.55412, -4.5356], [121.5539, -4.53823], [121.55331, -4.53812], [121.55283, -4.53931], [121.55427, -4.53879], [121.55642, -4.54101], [121.554, -4.54358], [121.55434, -4.54501], [121.55367, -4.54586], [121.55407, -4.54742], [121.55316, -4.55116], [121.57677, -4.54994], [121.57747, -4.55404], [121.57732, -4.55889], [121.57608, -4.56307], [121.5781, -4.56265], [121.57853, -4.56147], [121.57783, -4.55985], [121.58051, -4.55842], [121.58086, -4.55911], [121.58575, -4.55778], [121.58658, -4.54788], [121.58982, -4.54706], [121.59222, -4.54735], [121.59638, -4.55108], [121.59976, -4.55279], [121.60062, -4.55137], [121.60389, -4.54934], [121.60531, -4.54995], [121.60852, -4.54969], [121.60903, -4.54859], [121.61099, -4.5476], [121.61112, -4.5463], [121.61383, -4.54456], [121.61422, -4.54246], [121.61544, -4.54191], [121.61923, -4.54296], [121.62182, -4.54007], [121.62232, -4.53861], [121.62539, -4.53702], [121.62633, -4.53802], [121.62689, -4.5413], [121.62852, -4.54257], [121.62836, -4.54343], [121.63141, -4.54258], [121.63528, -4.54285], [121.63842, -4.54158], [121.63901, -4.542], [121.6387, -4.54647], [121.63965, -4.54641], [121.64002, -4.54729], [121.642, -4.54634], [121.64481, -4.54808], [121.64527, -4.54757], [121.64446, -4.54609], [121.64524, -4.54527], [121.64568, -4.54611], [121.64588, -4.54515], [121.64686, -4.54519], [121.64803, -4.5478], [121.64915, -4.54798], [121.64938, -4.54873], [121.65129, -4.54737], [121.65394, -4.54739], [121.65602, -4.54588], [121.65826, -4.54534], [121.661, -4.54842], [121.66379, -4.54775], [121.66806, -4.55092], [121.66919, -4.55199], [121.66887, -4.55389], [121.66996, -4.55439], [121.67062, -4.55317], [121.67283, -4.55236], [121.67343, -4.55317], [121.6744, -4.5529], [121.67445, -4.55179], [121.67531, -4.55183], [121.67659, -4.55321], [121.67677, -4.55254], [121.67991, -4.5508], [121.67912, -4.5504], [121.68038, -4.54978], [121.68034, -4.5489], [121.68114, -4.54928], [121.68165, -4.54807], [121.68288, -4.5491], [121.68355, -4.54867], [121.68443, -4.55027], [121.68531, -4.5499], [121.68327, -4.55522], [121.68103, -4.55717], [121.67918, -4.55694], [121.67752, -4.55792], [121.67673, -4.56125], [121.67345, -4.56366], [121.67391, -4.56415], [121.67365, -4.56624], [121.67473, -4.56621], [121.67609, -4.56728], [121.67811, -4.56745], [121.67984, -4.5667], [121.68338, -4.56361], [121.69011, -4.56169], [121.69274, -4.56182], [121.68974, -4.56711], [121.69006, -4.56889], [121.68844, -4.56947], [121.68694, -4.57166], [121.6878, -4.57308], [121.68621, -4.57494], [121.68626, -4.57953], [121.67653, -4.59887], [121.66958, -4.61523], [121.65753, -4.60473], [121.65677, -4.60021], [121.65478, -4.59835], [121.65485, -4.59735], [121.65681, -4.5958], [121.65785, -4.59273], [121.65772, -4.59011], [121.6559, -4.5881], [121.65537, -4.58572], [121.656, -4.5838], [121.65378, -4.58274], [121.65298, -4.57772], [121.6534, -4.57588], [121.65145, -4.5749], [121.65091, -4.57106], [121.64981, -4.57045], [121.65015, -4.56841], [121.64894, -4.56738], [121.64718, -4.56724], [121.64637, -4.56633], [121.64581, -4.5639], [121.64451, -4.56584], [121.64293, -4.56554], [121.64202, -4.5661], [121.64146, -4.56512], [121.64046, -4.56755], [121.63989, -4.56764], [121.63935, -4.56627], [121.638, -4.5675], [121.63648, -4.5652], [121.6342, -4.56461], [121.63174, -4.5624], [121.63019, -4.56295], [121.62874, -4.56219], [121.62793, -4.56281], [121.62702, -4.56159], [121.62296, -4.56117], [121.62227, -4.55975], [121.62024, -4.56067], [121.62009, -4.56204], [121.61846, -4.56315], [121.6165, -4.56852], [121.61466, -4.57069], [121.61344, -4.57091], [121.61284, -4.57269], [121.61225, -4.57271], [121.61153, -4.57147], [121.61147, -4.57073], [121.61227, -4.57009], [121.61159, -4.56952], [121.60863, -4.57161], [121.6075, -4.57042], [121.60506, -4.57187], [121.60386, -4.57131], [121.60261, -4.572], [121.60073, -4.57187], [121.59979, -4.5735], [121.59824, -4.57299], [121.59782, -4.57051], [121.59685, -4.57034], [121.59628, -4.5714], [121.59638, -4.57422], [121.59537, -4.57422], [121.59391, -4.573], [121.59324, -4.57323], [121.59458, -4.57627], [121.59281, -4.57734], [121.59163, -4.57689], [121.5907, -4.57416], [121.58977, -4.57425], [121.58978, -4.57646], [121.58578, -4.57343], [121.58533, -4.57677], [121.58308, -4.57618], [121.58134, -4.57757], [121.58153, -4.57596], [121.57915, -4.57523], [121.58011, -4.57316], [121.57793, -4.57449], [121.57814, -4.57266], [121.57756, -4.57167], [121.57873, -4.57181], [121.57915, -4.57123], [121.57735, -4.57058], [121.5741, -4.5724], [121.57385, -4.57324], [121.57488, -4.57481], [121.57288, -4.57466], [121.57432, -4.57746], [121.57307, -4.57632], [121.57217, -4.57725], [121.57381, -4.57892], [121.5708, -4.57951], [121.56929, -4.57733], [121.56776, -4.57762], [121.56626, -4.57899], [121.56564, -4.57721], [121.56774, -4.575], [121.56583, -4.57416], [121.5645, -4.57459], [121.56437, -4.5737], [121.56328, -4.57371], [121.56353, -4.57034], [121.56295, -4.56959], [121.56206, -4.56972], [121.55979, -4.57341], [121.55853, -4.57357], [121.55803, -4.57255], [121.55847, -4.5688], [121.55794, -4.56855], [121.55639, -4.56879], [121.55565, -4.57166], [121.55344, -4.57094], [121.55351, -4.57277], [121.55015, -4.57007], [121.55127, -4.57241], [121.55024, -4.57355], [121.54825, -4.57275], [121.54653, -4.57368], [121.54577, -4.57245], [121.54388, -4.57428], [121.5411, -4.57396], [121.5398, -4.5722], [121.53675, -4.57304], [121.53542, -4.57254], [121.53446, -4.57489], [121.53356, -4.57556], [121.53198, -4.57476], [121.53062, -4.57561], [121.52887, -4.57546], [121.52714, -4.57659], [121.52664, -4.57794], [121.52864, -4.58051], [121.5281, -4.58166], [121.52707, -4.58175], [121.5247, -4.5804], [121.52207, -4.58077], [121.52062, -4.58031], [121.51943, -4.58213], [121.51618, -4.58266], [121.51524, -4.58215], [121.51433, -4.58317], [121.51326, -4.58283], [121.51331, -4.5841], [121.51259, -4.5847], [121.51195, -4.58438], [121.51176, -4.58318], [121.51116, -4.58312], [121.51122, -4.58582], [121.51013, -4.58751], [121.50946, -4.58623], [121.5053, -4.58396], [121.50438, -4.582], [121.50325, -4.58408], [121.50069, -4.58481], [121.49999, -4.58604], [121.49864, -4.58608], [121.49766, -4.58484], [121.49815, -4.58388], [121.49778, -4.58353], [121.4966, -4.58428], [121.49634, -4.58602]]]}}, {"type": "Feature", "properties": {"domain_id": "740515", "name": "MOWILA"}, "geometry": {"type": "Polygon", "coordinates": [[[122.20067, -4.13607], [122.19817, -4.13437], [122.19813, -4.13057], [122.1974, -4.13044], [122.19663, -4.12872], [122.19731, -4.12764], [122.19633, -4.12552], [122.19702, -4.12436], [122.19393, -4.11126], [122.19191, -4.10655], [122.18955, -4.10368], [122.18901, -4.09676], [122.18522, -4.08889], [122.1846, -4.07485], [122.18187, -4.06858], [122.17985, -4.06567], [122.17879, -4.06517], [122.18119, -4.06285], [122.18158, -4.06133], [122.1781, -4.05737], [122.17677, -4.05445], [122.17672, -4.0528], [122.17595, -4.0521], [122.17648, -4.0497], [122.17813, -4.04929], [122.17966, -4.04345], [122.18075, -4.04402], [122.18158, -4.04162], [122.18394, -4.04114], [122.18598, -4.03946], [122.18853, -4.03915], [122.18887, -4.03779], [122.18715, -4.03535], [122.18946, -4.03516], [122.19051, -4.03326], [122.19251, -4.03272], [122.19479, -4.02898], [122.1979, -4.02873], [122.19953, -4.02476], [122.2018, -4.022], [122.20326, -4.02358], [122.20403, -4.02347], [122.21985, -4.03913], [122.22371, -4.04572], [122.22728, -4.04782], [122.22926, -4.05085], [122.22951, -4.05349], [122.2547, -4.05348], [122.25379, -4.09511], [122.25259, -4.10577], [122.25433, -4.1156], [122.25698, -4.11563], [122.26328, -4.12649], [122.28485, -4.12573], [122.30212, -4.16932], [122.30146, -4.16944], [122.30456, -4.17459], [122.30448, -4.18102], [122.2935, -4.18045], [122.29218, -4.18238], [122.28997, -4.18279], [122.28915, -4.18413], [122.28473, -4.18466], [122.28283, -4.18841], [122.27957, -4.19179], [122.2722, -4.19416], [122.26749, -4.19428], [122.26544, -4.1951], [122.26434, -4.19632], [122.26243, -4.19648], [122.25757, -4.19545], [122.25372, -4.19595], [122.25348, -4.19405], [122.25247, -4.19259], [122.24516, -4.19072], [122.24442, -4.18903], [122.24195, -4.1905], [122.23876, -4.19002], [122.23796, -4.18941], [122.24473, -4.18639], [122.23778, -4.1791], [122.24063, -4.17262], [122.24113, -4.16988], [122.24026, -4.16581], [122.23544, -4.16482], [122.2326, -4.1602], [122.2331, -4.15793], [122.22737, -4.1578], [122.22588, -4.15682], [122.222, -4.15213], [122.21706, -4.15082], [122.21361, -4.14672], [122.21161, -4.14546], [122.20891, -4.14139], [122.20067, -4.13607]]]}}, {"type": "Feature", "properties": {"domain_id": "740325", "name": "PARIGI"}, "geometry": {"type": "Polygon", "coordinates": [[[122.47597, -5.11579], [122.47844, -5.11864], [122.4742, -5.1206], [122.46565, -5.12176], [122.45216, -5.12134], [122.44996, -5.12065], [122.4227, -5.12178], [122.42095, -5.11047], [122.40846, -5.11492], [122.41258, -5.1228], [122.39987, -5.12519], [122.38574, -5.12665], [122.38264, -5.10946], [122.381, -5.10622], [122.37826, -5.10351], [122.37923, -5.09942], [122.37893, -5.09629], [122.37769, -5.09478], [122.37358, -5.09264], [122.37127, -5.08979], [122.37285, -5.08944], [122.37343, -5.08867], [122.38045, -5.08834], [122.38302, -5.08705], [122.38416, -5.08561], [122.38504, -5.08599], [122.3849, -5.08372], [122.38925, -5.0774], [122.39047, -5.07429], [122.38793, -5.07052], [122.38625, -5.06954], [122.38444, -5.06962], [122.38408, -5.06905], [122.38309, -5.06954], [122.38205, -5.06787], [122.38155, -5.06292], [122.38289, -5.05695], [122.38478, -5.05507], [122.38554, -5.05545], [122.38598, -5.05754], [122.3887, -5.05672], [122.38871, -5.05531], [122.39039, -5.05405], [122.39004, -5.05308], [122.3915, -5.0531], [122.3919, -5.0538], [122.39319, -5.05239], [122.39461, -5.05339], [122.39589, -5.05297], [122.3949, -5.05177], [122.39614, -5.05026], [122.3987, -5.05157], [122.40005, -5.05154], [122.4002, -5.05068], [122.40805, -5.05154], [122.41113, -5.05345], [122.41427, -5.05378], [122.42289, -5.05253], [122.44522, -5.05136], [122.46014, -5.04741], [122.46882, -5.04356], [122.47494, -5.04166], [122.48732, -5.04036], [122.49545, -5.04089], [122.50408, -5.03903], [122.50967, -5.0365], [122.52196, -5.03706], [122.52168, -5.03971], [122.52397, -5.04086], [122.52694, -5.04188], [122.5392, -5.04377], [122.54314, -5.04535], [122.5509, -5.04707], [122.54783, -5.05256], [122.54689, -5.05898], [122.54368, -5.06447], [122.54391, -5.07058], [122.54142, -5.07811], [122.5414, -5.08371], [122.53995, -5.08607], [122.53986, -5.08812], [122.53907, -5.08948], [122.53967, -5.09145], [122.53915, -5.09379], [122.5372, -5.09762], [122.53365, -5.10073], [122.52696, -5.10367], [122.52585, -5.10646], [122.52255, -5.10675], [122.51615, -5.10435], [122.51389, -5.10271], [122.51171, -5.10374], [122.49866, -5.10333], [122.48427, -5.10655], [122.47678, -5.10988], [122.47481, -5.11231], [122.47597, -5.11579]]]}}, {"type": "Feature", "properties": {"domain_id": "740522", "name": "RANOMEETO BARAT"}, "geometry": {"type": "Polygon", "coordinates": [[[122.38143, -4.08583], [122.38022, -4.09226], [122.37317, -4.09075], [122.36743, -4.08777], [122.36694, -4.08381], [122.37089, -4.066], [122.35511, -4.06434], [122.35415, -4.06457], [122.35336, -4.06694], [122.35192, -4.0679], [122.35136, -4.06973], [122.34984, -4.07107], [122.35189, -4.0723], [122.35043, -4.07513], [122.35143, -4.07824], [122.3498, -4.07954], [122.35103, -4.08204], [122.34058, -4.08204], [122.3402, -4.07537], [122.3388, -4.06998], [122.33893, -4.06754], [122.33792, -4.06445], [122.33423, -4.05917], [122.33472, -4.05758], [122.33434, -4.05696], [122.33533, -4.05706], [122.33413, -4.05179], [122.3328, -4.04957], [122.32818, -4.04932], [122.31983, -4.04523], [122.31628, -4.04218], [122.31557, -4.03907], [122.31562, -4.03846], [122.31879, -4.03832], [122.32265, -4.03943], [122.33077, -4.04005], [122.33414, -4.03487], [122.33415, -4.02528], [122.33229, -4.01871], [122.33242, -4.0164], [122.3331, -4.0158], [122.33371, -4.01278], [122.3364, -4.01272], [122.33989, -4.01502], [122.34066, -4.01672], [122.33877, -4.02128], [122.33935, -4.02252], [122.34172, -4.02321], [122.34497, -4.02315], [122.34604, -4.02552], [122.34963, -4.02455], [122.35395, -4.02499], [122.35666, -4.02335], [122.35741, -4.022], [122.35707, -4.02107], [122.35311, -4.0199], [122.35132, -4.01761], [122.351, -4.01356], [122.34955, -4.00894], [122.35059, -4.00803], [122.35686, -4.00719], [122.35867, -4.00584], [122.36, -4.00338], [122.35909, -4.00076], [122.35925, -3.99918], [122.36315, -3.99639], [122.3661, -3.99705], [122.36862, -3.99903], [122.3685, -4.00294], [122.37008, -4.00491], [122.37305, -4.01339], [122.38465, -4.0147], [122.39444, -4.01481], [122.40455, -4.01399], [122.40776, -4.01124], [122.41314, -4.01043], [122.41719, -4.01118], [122.42132, -4.01228], [122.42759, -4.02563], [122.42591, -4.03014], [122.40934, -4.0535], [122.4059, -4.06038], [122.40139, -4.0664], [122.40148, -4.06775], [122.40065, -4.06787], [122.3978, -4.07139], [122.39404, -4.07765], [122.39132, -4.08386], [122.38634, -4.08208], [122.38205, -4.08272], [122.38143, -4.08583]]]}}, {"type": "Feature", "properties": {"domain_id": "741106", "name": "LALOLAE"}, "geometry": {"type": "Polygon", "coordinates": [[[121.79492, -4.04602], [121.79273, -4.05163], [121.79006, -4.05341], [121.78874, -4.0536], [121.78768, -4.0552], [121.78478, -4.05516], [121.78353, -4.05288], [121.78005, -4.05152], [121.77851, -4.05017], [121.77661, -4.05], [121.77126, -4.04755], [121.76833, -4.04724], [121.76597, -4.04817], [121.76504, -4.04732], [121.76007, -4.04662], [121.75612, -4.04297], [121.7572, -4.04252], [121.75397, -4.03981], [121.75335, -4.03808], [121.75149, -4.03658], [121.75033, -4.03311], [121.7507, -4.03185], [121.7538, -4.02802], [121.75701, -4.02634], [121.75637, -4.02301], [121.75704, -4.01889], [121.75493, -4.01693], [121.75519, -4.01598], [121.75389, -4.01287], [121.75609, -4.01086], [121.75597, -4.00984], [121.75811, -4.00693], [121.75873, -4.00267], [121.76281, -3.99705], [121.76265, -3.99287], [121.76161, -3.99062], [121.76163, -3.98609], [121.76578, -3.98622], [121.76783, -3.98433], [121.77081, -3.98532], [121.77763, -3.98572], [121.79391, -3.98482], [121.79967, -3.98556], [121.8182, -3.98581], [121.82466, -3.98475], [121.82517, -3.98235], [121.82724, -3.97864], [121.83398, -3.98011], [121.83519, -3.98361], [121.83569, -3.98834], [121.83384, -3.99261], [121.8348, -3.99463], [121.83419, -3.99681], [121.83235, -3.99779], [121.83078, -4.0], [121.83018, -4.00516], [121.8281, -4.00929], [121.82826, -4.01149], [121.82564, -4.01415], [121.8232, -4.01362], [121.82135, -4.01604], [121.81911, -4.01703], [121.81742, -4.01867], [121.81582, -4.02208], [121.816, -4.02448], [121.81519, -4.02775], [121.81108, -4.02909], [121.80994, -4.03124], [121.81013, -4.03478], [121.80793, -4.03609], [121.80758, -4.03841], [121.80502, -4.04206], [121.80031, -4.04421], [121.79853, -4.04606], [121.79625, -4.04512], [121.79492, -4.04602]]]}}, {"type": "Feature", "properties": {"domain_id": "740512", "name": "LALEMBUU"}, "geometry": {"type": "Polygon", "coordinates": [[[122.02867, -4.45521], [122.01949, -4.4473], [122.0184, -4.44567], [122.01169, -4.44174], [122.00174, -4.43095], [121.99718, -4.42898], [121.98694, -4.42625], [121.98218, -4.42416], [121.92172, -4.39584], [121.88557, -4.37785], [121.88189, -4.37728], [121.88265, -4.37632], [121.90884, -4.38467], [121.94032, -4.4004], [121.97139, -4.40649], [121.98614, -4.40285], [121.99493, -4.39798], [121.99746, -4.39349], [121.98897, -4.37686], [121.98936, -4.37236], [121.99243, -4.36518], [122.00008, -4.35652], [122.00185, -4.35741], [122.00344, -4.3567], [122.00456, -4.35771], [122.00726, -4.35798], [122.00882, -4.35888], [122.01316, -4.35672], [122.01598, -4.35684], [122.01844, -4.3545], [122.02319, -4.35563], [122.02556, -4.35756], [122.02909, -4.35437], [122.03121, -4.35639], [122.0366, -4.35764], [122.03927, -4.35895], [122.04303, -4.36768], [122.04938, -4.36999], [122.05379, -4.37417], [122.06426, -4.37685], [122.06974, -4.37616], [122.0705, -4.37751], [122.07131, -4.37763], [122.0717, -4.37893], [122.07366, -4.38009], [122.07555, -4.37947], [122.08196, -4.37952], [122.08328, -4.38117], [122.08468, -4.38154], [122.08547, -4.38095], [122.08882, -4.38255], [122.08907, -4.38011], [122.08979, -4.37945], [122.08791, -4.37925], [122.08764, -4.37845], [122.08849, -4.37756], [122.08775, -4.37702], [122.08676, -4.37731], [122.08635, -4.37504], [122.08485, -4.37266], [122.08377, -4.37206], [122.08335, -4.37059], [122.08232, -4.37101], [122.08175, -4.37223], [122.08128, -4.37133], [122.08182, -4.36855], [122.08136, -4.36785], [122.08196, -4.36704], [122.08113, -4.36448], [122.08225, -4.36331], [122.08038, -4.36189], [122.07962, -4.36271], [122.07968, -4.36168], [122.07842, -4.36213], [122.07828, -4.3613], [122.07676, -4.36114], [122.07711, -4.35981], [122.07524, -4.35929], [122.07453, -4.35979], [122.07412, -4.35899], [122.07301, -4.3594], [122.07203, -4.35895], [122.07306, -4.35846], [122.07184, -4.35762], [122.07271, -4.35755], [122.07285, -4.35682], [122.07145, -4.3569], [122.07203, -4.35566], [122.07007, -4.3553], [122.07073, -4.35514], [122.07097, -4.35326], [122.07027, -4.35366], [122.06853, -4.3529], [122.06769, -4.35367], [122.06482, -4.3507], [122.06316, -4.35048], [122.06227, -4.35188], [122.06173, -4.35058], [122.06007, -4.3503], [122.06025, -4.34938], [122.06172, -4.34842], [122.06405, -4.34375], [122.06032, -4.34346], [122.059, -4.34005], [122.0602, -4.33884], [122.0595, -4.33724], [122.06048, -4.33683], [122.05945, -4.33609], [122.06007, -4.33521], [122.05894, -4.33459], [122.06092, -4.33259], [122.06038, -4.33174], [122.05827, -4.33096], [122.05829, -4.33044], [122.05881, -4.33059], [122.05853, -4.32974], [122.05754, -4.33004], [122.05743, -4.33172], [122.05605, -4.33237], [122.05627, -4.33158], [122.05533, -4.3316], [122.0557, -4.33029], [122.0537, -4.3281], [122.05241, -4.3282], [122.05044, -4.32649], [122.05075, -4.3238], [122.05218, -4.32172], [122.05354, -4.32149], [122.054, -4.32313], [122.05539, -4.32273], [122.05413, -4.32091], [122.05603, -4.31768], [122.05583, -4.31505], [122.05701, -4.3149], [122.05788, -4.31706], [122.05889, -4.31626], [122.06007, -4.31698], [122.05995, -4.3162], [122.06075, -4.31561], [122.06242, -4.31586], [122.06288, -4.31436], [122.06399, -4.31489], [122.06316, -4.31321], [122.06402, -4.31242], [122.06312, -4.31192], [122.06379, -4.31133], [122.06453, -4.31161], [122.06433, -4.31046], [122.06517, -4.30961], [122.06515, -4.31036], [122.06578, -4.31042], [122.06793, -4.30946], [122.06723, -4.31039], [122.06754, -4.31101], [122.06824, -4.31007], [122.06905, -4.31082], [122.07012, -4.3099], [122.07163, -4.31286], [122.07272, -4.31075], [122.07345, -4.31127], [122.07457, -4.30991], [122.0763, -4.30956], [122.0762, -4.30899], [122.07459, -4.30855], [122.07442, -4.30784], [122.07627, -4.30778], [122.07787, -4.30318], [122.08086, -4.30323], [122.08235, -4.30138], [122.08449, -4.30245], [122.08462, -4.30346], [122.08578, -4.30315], [122.08612, -4.30385], [122.08666, -4.30294], [122.08869, -4.30244], [122.0881, -4.30321], [122.08873, -4.30371], [122.08833, -4.30464], [122.08899, -4.30567], [122.0879, -4.307], [122.08889, -4.30883], [122.0907, -4.3095], [122.09153, -4.30883], [122.09192, -4.30965], [122.09304, -4.30959], [122.09325, -4.31084], [122.09448, -4.31132], [122.12442, -4.35106], [122.12381, -4.35156], [122.12566, -4.35506], [122.13864, -4.36105], [122.13827, -4.36138], [122.15767, -4.36878], [122.16907, -4.37172], [122.17452, -4.37219], [122.17112, -4.38155], [122.1699, -4.38285], [122.17005, -4.38445], [122.16918, -4.38651], [122.17114, -4.38988], [122.16898, -4.39154], [122.16836, -4.39498], [122.1594, -4.39499], [122.15847, -4.39328], [122.15774, -4.38908], [122.15496, -4.38576], [122.15337, -4.38512], [122.15265, -4.38589], [122.14958, -4.3865], [122.14956, -4.39304], [122.14861, -4.39354], [122.1494, -4.3947], [122.14449, -4.39609], [122.1398, -4.3999], [122.1385, -4.40823], [122.14067, -4.40953], [122.14179, -4.41213], [122.14152, -4.41299], [122.13815, -4.41257], [122.13856, -4.4135], [122.1408, -4.41367], [122.14095, -4.41515], [122.13932, -4.4152], [122.1403, -4.41673], [122.13817, -4.41808], [122.13918, -4.41997], [122.13665, -4.42364], [122.13752, -4.42563], [122.13404, -4.43148], [122.13371, -4.43308], [122.11935, -4.43625], [122.04516, -4.43875], [122.03113, -4.45714], [122.02867, -4.45521]]]}}, {"type": "Feature", "properties": {"domain_id": "740220", "name": "BESULUTU"}, "geometry": {"type": "MultiPolygon", "coordinates": [[[[122.33989, -4.01502], [122.3364, -4.01272], [122.33432, -4.0126], [122.3332, -4.01338], [122.33327, -4.01515], [122.33262, -4.01631], [122.33032, -4.01553], [122.32962, -4.0159], [122.32993, -4.01936], [122.3292, -4.02064], [122.32482, -4.02002], [122.32294, -4.01893], [122.32133, -4.01671], [122.32026, -4.0165], [122.31892, -4.01751], [122.31584, -4.0222], [122.31404, -4.02213], [122.31275, -4.02054], [122.31457, -4.01527], [122.31422, -4.01387], [122.31243, -4.0122], [122.30894, -4.0108], [122.30817, -4.00975], [122.30857, -4.00878], [122.31145, -4.00862], [122.31246, -4.00763], [122.31324, -4.00368], [122.31219, -4.00228], [122.3111, -4.00213], [122.31002, -4.00267], [122.30848, -4.00589], [122.30272, -4.0095], [122.30247, -4.01126], [122.30476, -4.01189], [122.30542, -4.01381], [122.29832, -4.01814], [122.29772, -4.01947], [122.29945, -4.02183], [122.29942, -4.02281], [122.29836, -4.02422], [122.29564, -4.02435], [122.2928, -4.02087], [122.29215, -4.01905], [122.29461, -4.00795], [122.29939, -4.00042], [122.30228, -3.99848], [122.3027, -3.99754], [122.30024, -3.99624], [122.299, -3.99661], [122.2957, -4.00063], [122.29384, -4.00498], [122.28935, -4.00629], [122.28463, -4.00524], [122.28377, -4.00422], [122.28398, -4.00316], [122.28637, -4.0013], [122.28667, -3.99976], [122.28535, -3.99912], [122.28188, -4.0006], [122.27858, -4.00021], [122.27825, -3.99519], [122.27455, -3.99321], [122.27613, -3.98872], [122.27537, -3.98483], [122.27375, -3.98343], [122.27473, -3.97827], [122.27716, -3.97579], [122.28381, -3.97418], [122.28559, -3.97105], [122.2878, -3.96903], [122.28833, -3.9669], [122.29209, -3.96494], [122.29457, -3.96225], [122.29677, -3.96158], [122.29756, -3.96011], [122.30082, -3.95905], [122.30249, -3.95936], [122.30455, -3.95784], [122.30441, -3.95569], [122.30591, -3.9519], [122.30665, -3.95072], [122.30936, -3.94913], [122.30968, -3.94649], [122.3131, -3.94012], [122.31198, -3.93863], [122.31326, -3.93795], [122.31251, -3.93597], [122.3094, -3.93554], [122.31058, -3.93436], [122.31048, -3.93283], [122.30888, -3.9306], [122.30927, -3.92948], [122.31019, -3.92919], [122.31105, -3.92655], [122.31067, -3.92518], [122.31136, -3.9209], [122.31148, -3.9111], [122.31424, -3.9047], [122.31559, -3.90408], [122.31702, -3.90182], [122.31811, -3.89619], [122.31747, -3.8933], [122.31877, -3.89214], [122.3191, -3.89005], [122.32539, -3.88881], [122.33251, -3.88899], [122.33557, -3.88811], [122.33765, -3.88825], [122.33935, -3.89549], [122.34127, -3.89587], [122.34421, -3.89977], [122.34616, -3.90688], [122.34688, -3.90728], [122.347, -3.9092], [122.34915, -3.90953], [122.34872, -3.91097], [122.34983, -3.9113], [122.35079, -3.9127], [122.35071, -3.91568], [122.35154, -3.9175], [122.35268, -3.91728], [122.35667, -3.91863], [122.36332, -3.91516], [122.36601, -3.91676], [122.36892, -3.91719], [122.37012, -3.91859], [122.37005, -3.92155], [122.36882, -3.92071], [122.36737, -3.9235], [122.36537, -3.93173], [122.36525, -3.93515], [122.36652, -3.93691], [122.36975, -3.93784], [122.37072, -3.93992], [122.37004, -3.94142], [122.37052, -3.94199], [122.37023, -3.94367], [122.3712, -3.94524], [122.37058, -3.94909], [122.37476, -3.95206], [122.37306, -3.95503], [122.37217, -3.95981], [122.3692, -3.96113], [122.36774, -3.96344], [122.36866, -3.96645], [122.36862, -3.97148], [122.36806, -3.97533], [122.36717, -3.97717], [122.3642, -3.97911], [122.36287, -3.97815], [122.36169, -3.97824], [122.36185, -3.98005], [122.36295, -3.98137], [122.36247, -3.98256], [122.36314, -3.98767], [122.36231, -3.9889], [122.36306, -3.99089], [122.35895, -3.99604], [122.35944, -3.99889], [122.35909, -4.00076], [122.36001, -4.00297], [122.3595, -4.00482], [122.35686, -4.00719], [122.35059, -4.00803], [122.34955, -4.00894], [122.351, -4.01356], [122.35154, -4.01804], [122.35311, -4.0199], [122.35707, -4.02107], [122.35724, -4.02259], [122.35395, -4.02499], [122.34963, -4.02455], [122.34568, -4.02541], [122.34524, -4.02328], [122.34128, -4.02316], [122.33873, -4.02189], [122.34063, -4.01695], [122.33989, -4.01502]]], [[[122.29867, -3.89306], [122.30187, -3.89169], [122.30643, -3.89135], [122.30519, -3.89562], [122.30313, -3.89756], [122.2977, -3.89587], [122.29776, -3.89409], [122.29867, -3.89306]]]]}}, {"type": "Feature", "properties": {"domain_id": "740909", "name": "ANDOWIA"}, "geometry": {"type": "Polygon", "coordinates": [[[122.08415, -3.58947], [122.08521, -3.59198], [122.08269, -3.5953], [122.08381, -3.5989], [122.08279, -3.60118], [122.08335, -3.60828], [122.07564, -3.61014], [122.07338, -3.61526], [122.07317, -3.62255], [122.07028, -3.62707], [122.07052, -3.63112], [122.06542, -3.6445], [122.06374, -3.64553], [122.0576, -3.64213], [122.0523, -3.63567], [122.04877, -3.63394], [122.04648, -3.63204], [122.0425, -3.625], [122.04314, -3.62135], [122.03973, -3.61673], [122.03685, -3.61634], [122.03535, -3.6123], [122.03531, -3.60905], [122.03432, -3.60584], [122.03259, -3.60283], [122.03049, -3.60094], [122.03006, -3.59791], [122.02842, -3.59601], [122.02915, -3.59481], [122.0278, -3.5926], [122.02847, -3.59084], [122.02777, -3.58983], [122.02877, -3.58546], [122.03065, -3.58363], [122.03055, -3.58217], [122.03177, -3.58176], [122.03146, -3.58019], [122.03388, -3.57909], [122.03566, -3.57304], [122.03702, -3.5723], [122.03721, -3.57017], [122.03872, -3.56761], [122.04145, -3.56739], [122.04193, -3.56598], [122.04309, -3.5654], [122.04523, -3.56612], [122.0449, -3.56349], [122.04617, -3.56196], [122.04377, -3.56001], [122.04423, -3.55723], [122.04545, -3.55525], [122.04835, -3.55421], [122.04711, -3.55207], [122.04877, -3.55009], [122.0492, -3.54831], [122.05182, -3.54535], [122.05114, -3.5435], [122.05446, -3.53972], [122.05489, -3.538], [122.05446, -3.53682], [122.05575, -3.53741], [122.05668, -3.53883], [122.05946, -3.53859], [122.05985, -3.54082], [122.061, -3.54176], [122.06329, -3.54137], [122.06932, -3.54208], [122.07095, -3.54071], [122.0746, -3.54026], [122.0759, -3.53731], [122.07543, -3.53352], [122.07696, -3.53228], [122.08019, -3.53156], [122.08301, -3.52931], [122.08829, -3.53088], [122.09, -3.529], [122.10713, -3.52324], [122.11314, -3.51934], [122.11774, -3.51751], [122.11935, -3.51156], [122.1202, -3.51113], [122.11554, -3.50287], [122.11847, -3.50111], [122.12326, -3.49467], [122.12978, -3.49628], [122.13212, -3.49746], [122.13707, -3.49708], [122.13958, -3.49539], [122.1402, -3.49565], [122.14508, -3.48889], [122.14556, -3.48649], [122.14488, -3.48519], [122.14516, -3.48081], [122.14385, -3.47225], [122.14133, -3.47172], [122.13764, -3.46903], [122.13796, -3.46609], [122.13679, -3.4636], [122.13644, -3.45829], [122.13543, -3.45635], [122.14059, -3.45544], [122.1424, -3.45442], [122.14367, -3.45307], [122.14591, -3.45211], [122.14919, -3.44795], [122.15255, -3.44993], [122.15653, -3.45074], [122.1601, -3.44847], [122.16097, -3.44691], [122.1637, -3.44458], [122.16677, -3.44431], [122.16873, -3.4453], [122.16958, -3.4475], [122.17096, -3.44885], [122.17092, -3.45327], [122.16914, -3.45879], [122.1699, -3.462], [122.17224, -3.46288], [122.17263, -3.46369], [122.17571, -3.46439], [122.17636, -3.4665], [122.17734, -3.4671], [122.18152, -3.46669], [122.18179, -3.46806], [122.18034, -3.47168], [122.18133, -3.47247], [122.18486, -3.47328], [122.18543, -3.4743], [122.18528, -3.47759], [122.18702, -3.47847], [122.19076, -3.4821], [122.19387, -3.48647], [122.19397, -3.49025], [122.19096, -3.5], [122.19083, -3.50262], [122.19203, -3.50542], [122.19425, -3.50608], [122.19134, -3.50768], [122.1896, -3.50606], [122.18845, -3.50635], [122.18798, -3.50749], [122.1895, -3.50946], [122.18975, -3.51084], [122.1951, -3.51187], [122.19903, -3.5149], [122.20418, -3.51623], [122.20766, -3.52164], [122.21077, -3.52305], [122.21422, -3.52353], [122.22173, -3.53346], [122.22082, -3.53643], [122.21605, -3.52995], [122.21514, -3.5271], [122.21368, -3.52626], [122.21252, -3.52745], [122.21078, -3.52776], [122.21008, -3.52885], [122.21007, -3.53023], [122.2122, -3.53247], [122.21137, -3.53665], [122.20965, -3.53639], [122.20967, -3.53382], [122.20645, -3.53237], [122.20562, -3.53429], [122.20303, -3.53433], [122.20303, -3.53513], [122.2047, -3.53588], [122.20499, -3.53745], [122.20221, -3.53863], [122.20248, -3.53613], [122.2015, -3.53474], [122.20073, -3.53466], [122.20013, -3.53654], [122.19909, -3.53694], [122.19789, -3.53634], [122.19898, -3.53433], [122.19783, -3.53273], [122.19517, -3.5338], [122.19433, -3.53507], [122.19631, -3.53546], [122.19664, -3.53663], [122.19562, -3.53622], [122.19451, -3.53668], [122.19556, -3.53789], [122.1935, -3.53782], [122.19414, -3.53908], [122.19335, -3.54066], [122.19071, -3.54242], [122.1901, -3.54388], [122.18917, -3.54295], [122.18849, -3.54335], [122.18797, -3.54573], [122.18871, -3.54655], [122.18765, -3.54751], [122.18327, -3.54777], [122.1795, -3.5515], [122.174, -3.55388], [122.17029, -3.5544], [122.16674, -3.55752], [122.16301, -3.55842], [122.16188, -3.55973], [122.16026, -3.55962], [122.15909, -3.56228], [122.15564, -3.56131], [122.15379, -3.57089], [122.15578, -3.57658], [122.15315, -3.57876], [122.14876, -3.58108], [122.14604, -3.58498], [122.1439, -3.58661], [122.14108, -3.5843], [122.13997, -3.58194], [122.13896, -3.58128], [122.13613, -3.5819], [122.13121, -3.58528], [122.13033, -3.58691], [122.12418, -3.58588], [122.1216, -3.58807], [122.12024, -3.59086], [122.11887, -3.5913], [122.1161, -3.59135], [122.11141, -3.58973], [122.10622, -3.58904], [122.10279, -3.58652], [122.09229, -3.58582], [122.08687, -3.58461], [122.08513, -3.58474], [122.08315, -3.58657], [122.08415, -3.58947]]]}}, {"type": "Feature", "properties": {"domain_id": "740616", "name": "KABAENA TENGAH"}, "geometry": {"type": "Polygon", "coordinates": [[[121.99811, -5.35456], [122.00029, -5.37018], [122.00405, -5.379], [122.00821, -5.39328], [122.00903, -5.40209], [122.00877, -5.41318], [121.95365, -5.41233], [121.95839, -5.38412], [121.95744, -5.36744], [121.95336, -5.34027], [121.95496, -5.32914], [121.95542, -5.30837], [121.95333, -5.3038], [121.92747, -5.28876], [121.92058, -5.28126], [121.91795, -5.27571], [121.91816, -5.27103], [121.92, -5.26752], [121.92521, -5.26511], [121.92967, -5.26102], [121.93154, -5.25767], [121.93263, -5.24427], [121.93158, -5.23514], [121.91915, -5.23456], [121.91497, -5.22975], [121.89697, -5.21594], [121.89205, -5.20962], [121.88904, -5.20735], [121.89428, -5.18224], [121.89795, -5.17766], [121.92301, -5.17127], [121.93371, -5.17129], [121.93917, -5.16943], [121.94265, -5.15214], [121.94382, -5.14234], [121.94154, -5.12734], [121.93637, -5.11053], [121.93843, -5.11067], [121.93792, -5.10968], [121.93909, -5.10479], [121.93794, -5.103], [121.93729, -5.09871], [121.93612, -5.09763], [121.93546, -5.09476], [121.93357, -5.09132], [121.93355, -5.08973], [121.9345, -5.08755], [121.93318, -5.08421], [121.93912, -5.07734], [121.93939, -5.07641], [121.93858, -5.07563], [121.93889, -5.07447], [121.94033, -5.07341], [121.94046, -5.07203], [121.94224, -5.07095], [121.94512, -5.06725], [121.94535, -5.06538], [121.94779, -5.06413], [121.94994, -5.0641], [121.95177, -5.06286], [121.95426, -5.06329], [121.95763, -5.06042], [121.96238, -5.06094], [121.9653, -5.06315], [121.96804, -5.06279], [121.96815, -5.0641], [121.97044, -5.06507], [121.97079, -5.06607], [121.97203, -5.06669], [121.97508, -5.07117], [121.97574, -5.07371], [121.9748, -5.07653], [121.97507, -5.07974], [121.9779, -5.08141], [121.97879, -5.08337], [121.97817, -5.08746], [121.97944, -5.08871], [121.98183, -5.08836], [121.98268, -5.08969], [121.98427, -5.08967], [121.9848, -5.09024], [121.98339, -5.09406], [121.98427, -5.09472], [121.98459, -5.09603], [121.98289, -5.09658], [121.98168, -5.09907], [121.9806, -5.09947], [121.98051, -5.10044], [121.97815, -5.1007], [121.9765, -5.10402], [121.97641, -5.10754], [121.97879, -5.10768], [121.98056, -5.10965], [121.97727, -5.11162], [121.9767, -5.11418], [121.97714, -5.11632], [121.97523, -5.11876], [121.97536, -5.12183], [121.97605, -5.12321], [121.97919, -5.12526], [121.9803, -5.12568], [121.98178, -5.12514], [121.9842, -5.12618], [121.98408, -5.12835], [121.98498, -5.13053], [121.98257, -5.13175], [121.98233, -5.13565], [121.98397, -5.13841], [121.98565, -5.13873], [121.98569, -5.14004], [121.98817, -5.1411], [121.98833, -5.14331], [121.98704, -5.14511], [121.98866, -5.14809], [121.9891, -5.15393], [121.99035, -5.1551], [121.9915, -5.15874], [121.99527, -5.16071], [121.99585, -5.16007], [121.99683, -5.16022], [121.99874, -5.16168], [122.00093, -5.16486], [122.00237, -5.1643], [122.00443, -5.16545], [122.00635, -5.16558], [122.01021, -5.16847], [122.01279, -5.16856], [122.01687, -5.1659], [122.01772, -5.16321], [122.01652, -5.16137], [122.01465, -5.16109], [122.01329, -5.15948], [122.01231, -5.15957], [122.01055, -5.16142], [122.01013, -5.15581], [122.01103, -5.15456], [122.01008, -5.15149], [122.01452, -5.15539], [122.01733, -5.15641], [122.02061, -5.15546], [122.02233, -5.15412], [122.02336, -5.14903], [122.02457, -5.14903], [122.02601, -5.15056], [122.0281, -5.15054], [122.03005, -5.14879], [122.0313, -5.14895], [122.03224, -5.14791], [122.03505, -5.1482], [122.03405, -5.14963], [122.03477, -5.15151], [122.03633, -5.15198], [122.03593, -5.15464], [122.03684, -5.15611], [122.03506, -5.15941], [122.03559, -5.16189], [122.03746, -5.16334], [122.04038, -5.16307], [122.04203, -5.16508], [122.04373, -5.1655], [122.04301, -5.16608], [122.04291, -5.16953], [122.04408, -5.17182], [122.04595, -5.17206], [122.04563, -5.174], [122.04639, -5.17541], [122.04713, -5.17607], [122.04846, -5.17581], [122.04903, -5.17727], [122.05053, -5.17778], [122.04964, -5.18006], [122.05057, -5.18197], [122.0523, -5.18318], [122.05263, -5.18279], [122.05454, -5.18345], [122.05743, -5.18125], [122.0588, -5.18114], [122.05824, -5.18582], [122.0605, -5.18798], [122.05698, -5.18922], [122.05662, -5.19128], [122.0553, -5.19269], [122.05459, -5.19474], [122.05591, -5.20051], [122.05705, -5.20201], [122.0602, -5.20417], [122.04827, -5.19924], [122.03325, -5.19187], [122.03165, -5.19175], [122.028, -5.19312], [122.02212, -5.1979], [122.01931, -5.21522], [122.0129, -5.22957], [122.01313, -5.23103], [122.01056, -5.22964], [122.00808, -5.24652], [122.00231, -5.24664], [122.00268, -5.25575], [122.00446, -5.26082], [122.00571, -5.26267], [122.00338, -5.27851], [122.00256, -5.28021], [122.00159, -5.29037], [121.99774, -5.29955], [121.99634, -5.30163], [121.99335, -5.30396], [121.99278, -5.30548], [121.99811, -5.35456]]]}}, {"type": "Feature", "properties": {"domain_id": "741207", "name": "WAWONII TENGAH"}, "geometry": {"type": "Polygon", "coordinates": [[[122.95967, -4.14244], [122.95737, -4.14283], [122.95723, -4.14179], [122.95806, -4.14055], [122.95615, -4.13907], [122.95558, -4.13772], [122.9552, -4.13112], [122.95297, -4.12661], [122.95313, -4.12562], [122.95168, -4.12569], [122.9486, -4.12281], [122.94757, -4.11826], [122.94579, -4.11477], [122.94615, -4.11427], [122.94478, -4.11276], [122.94382, -4.1069], [122.94122, -4.10379], [122.94105, -4.10094], [122.94043, -4.10089], [122.93997, -4.09817], [122.93918, -4.09755], [122.93882, -4.09598], [122.93912, -4.09481], [122.94067, -4.09326], [122.94343, -4.09135], [122.94459, -4.09151], [122.9444, -4.09073], [122.94663, -4.08888], [122.9471, -4.08712], [122.94585, -4.08381], [122.94615, -4.08252], [122.94276, -4.08165], [122.94208, -4.08083], [122.94111, -4.07499], [122.93975, -4.07332], [122.93718, -4.07206], [122.93656, -4.07091], [122.93739, -4.06876], [122.93978, -4.068], [122.9432, -4.06905], [122.94561, -4.06849], [122.94749, -4.06505], [122.94745, -4.06407], [122.9488, -4.06371], [122.94873, -4.06056], [122.94651, -4.05971], [122.94519, -4.05716], [122.94518, -4.05531], [122.94665, -4.05359], [122.94764, -4.05341], [122.94847, -4.05357], [122.94682, -4.05367], [122.94582, -4.05508], [122.95023, -4.05606], [122.96616, -4.06484], [122.97253, -4.06686], [122.97412, -4.06831], [122.97479, -4.07097], [122.97631, -4.07256], [122.98103, -4.07576], [122.98478, -4.07565], [122.98447, -4.07661], [122.98533, -4.07847], [122.98914, -4.08152], [122.99217, -4.08596], [123.0, -4.09046], [123.00188, -4.09013], [123.00443, -4.09182], [123.00646, -4.09484], [123.01032, -4.09549], [123.01329, -4.09452], [123.01786, -4.09414], [123.02348, -4.09113], [123.02572, -4.09156], [123.02977, -4.09406], [123.03121, -4.09579], [123.03336, -4.09639], [123.03585, -4.09618], [123.04023, -4.09461], [123.04344, -4.09499], [123.04538, -4.09593], [123.04774, -4.09941], [123.0523, -4.10269], [123.05329, -4.10683], [123.05831, -4.11221], [123.05613, -4.11228], [123.03312, -4.12035], [123.03086, -4.12196], [123.02856, -4.1271], [123.0264, -4.12823], [123.01544, -4.12861], [123.01054, -4.12563], [123.00029, -4.12538], [122.99873, -4.12688], [122.99124, -4.12964], [122.98589, -4.13691], [122.98186, -4.13855], [122.97894, -4.14199], [122.97602, -4.14319], [122.9757, -4.14416], [122.97664, -4.14966], [122.97632, -4.15255], [122.97735, -4.15287], [122.97753, -4.1542], [122.97832, -4.1548], [122.97753, -4.1555], [122.97672, -4.15882], [122.97501, -4.15853], [122.97387, -4.15692], [122.97423, -4.15612], [122.9656, -4.15173], [122.9651, -4.15053], [122.96562, -4.14963], [122.96436, -4.14886], [122.96509, -4.14742], [122.96444, -4.14558], [122.96308, -4.14424], [122.9596, -4.14335], [122.95967, -4.14244]]]}}, {"type": "Feature", "properties": {"domain_id": "741004", "name": "KULISUSU BARAT"}, "geometry": {"type": "Polygon", "coordinates": [[[123.03321, -4.74618], [123.03152, -4.74871], [123.0292, -4.7574], [123.02408, -4.75442], [123.02288, -4.74875], [123.02163, -4.74733], [123.01962, -4.74727], [123.02038, -4.74928], [123.02002, -4.75138], [123.0168, -4.75278], [123.01481, -4.75216], [123.00907, -4.74687], [123.00561, -4.74579], [123.00523, -4.74386], [122.99921, -4.74471], [122.99865, -4.74685], [122.99635, -4.74681], [122.99463, -4.74868], [122.99347, -4.74882], [122.99499, -4.74622], [122.99375, -4.74188], [122.9915, -4.74024], [122.99098, -4.74117], [122.99144, -4.74324], [122.98987, -4.74497], [122.98832, -4.74479], [122.98799, -4.74221], [122.98626, -4.74254], [122.98523, -4.74399], [122.98215, -4.73966], [122.97704, -4.73609], [122.97515, -4.73379], [122.97293, -4.72657], [122.96989, -4.72132], [122.96778, -4.71938], [122.96439, -4.7189], [122.95639, -4.72381], [122.95221, -4.72365], [122.95045, -4.72256], [122.9489, -4.71852], [122.94907, -4.71054], [122.9456, -4.69854], [122.9443, -4.697], [122.9414, -4.69612], [122.93455, -4.69679], [122.93193, -4.69428], [122.92562, -4.69264], [122.92186, -4.69007], [122.91922, -4.68479], [122.91801, -4.68361], [122.91479, -4.68303], [122.90773, -4.68479], [122.90506, -4.68449], [122.90257, -4.68311], [122.902, -4.68114], [122.90137, -4.67352], [122.90212, -4.67108], [122.90392, -4.66852], [122.90664, -4.66678], [122.91197, -4.66573], [122.91543, -4.66072], [122.91827, -4.6585], [122.91926, -4.65804], [122.92252, -4.65826], [122.92312, -4.65598], [122.92145, -4.64166], [122.92145, -4.63667], [122.92251, -4.63415], [122.92415, -4.63308], [122.9245, -4.63201], [122.92397, -4.62833], [122.92618, -4.61641], [122.93121, -4.59968], [122.93246, -4.59861], [122.93588, -4.59775], [122.94424, -4.59725], [122.94913, -4.59598], [122.95062, -4.59513], [122.95511, -4.58884], [122.95693, -4.57925], [122.95562, -4.56962], [122.95565, -4.56477], [122.95775, -4.55536], [122.96117, -4.5492], [122.96604, -4.53726], [122.96919, -4.52413], [122.96975, -4.51862], [122.97136, -4.52918], [122.97694, -4.53065], [122.98046, -4.53024], [122.98483, -4.533], [122.98562, -4.53654], [122.98707, -4.53856], [122.98629, -4.53962], [122.98749, -4.54034], [122.98643, -4.54122], [122.99177, -4.54062], [122.99291, -4.54215], [122.99492, -4.54204], [122.99496, -4.54353], [122.99602, -4.54336], [122.99768, -4.54416], [122.99806, -4.5455], [122.99959, -4.54579], [122.99995, -4.5465], [123.00112, -4.54545], [123.00203, -4.54616], [123.00369, -4.54555], [123.00542, -4.54665], [123.00628, -4.54942], [123.00855, -4.5502], [123.00945, -4.55203], [123.00647, -4.55367], [123.00692, -4.55425], [123.00857, -4.55339], [123.00711, -4.55487], [123.00722, -4.55593], [123.01072, -4.55542], [123.01081, -4.55611], [123.00925, -4.5564], [123.00884, -4.55752], [123.01129, -4.55737], [123.01103, -4.55926], [123.01324, -4.56071], [123.01476, -4.56031], [123.0181, -4.56202], [123.01896, -4.56339], [123.01927, -4.5659], [123.02112, -4.56603], [123.02253, -4.5677], [123.02311, -4.56958], [123.02421, -4.56993], [123.02449, -4.5709], [123.02585, -4.5719], [123.02683, -4.57162], [123.02779, -4.57335], [123.02714, -4.57571], [123.02901, -4.57624], [123.02957, -4.5771], [123.02895, -4.57888], [123.02995, -4.57941], [123.03064, -4.58123], [123.03304, -4.58301], [123.0332, -4.58437], [123.03503, -4.58476], [123.03538, -4.58651], [123.03675, -4.58745], [123.03759, -4.59084], [123.03663, -4.59231], [123.03734, -4.5936], [123.03706, -4.5951], [123.03885, -4.5968], [123.03913, -4.60024], [123.04161, -4.60016], [123.0406, -4.60376], [123.04217, -4.6046], [123.04202, -4.60541], [123.0441, -4.60566], [123.04663, -4.60494], [123.04999, -4.60549], [123.05085, -4.60498], [123.05245, -4.60149], [123.05519, -4.60069], [123.06394, -4.59585], [123.0698, -4.59609], [123.07419, -4.59127], [123.07683, -4.59179], [123.07802, -4.59681], [123.07754, -4.60022], [123.08, -4.60425], [123.07676, -4.60797], [123.07833, -4.61218], [123.07713, -4.61669], [123.07786, -4.6217], [123.07546, -4.62361], [123.07478, -4.625], [123.07479, -4.62772], [123.07635, -4.62864], [123.07596, -4.62974], [123.07756, -4.63211], [123.07602, -4.63413], [123.07565, -4.63588], [123.07772, -4.63932], [123.07732, -4.64106], [123.0779, -4.64144], [123.07649, -4.64183], [123.07728, -4.64374], [123.07532, -4.64511], [123.07558, -4.6472], [123.07889, -4.64969], [123.07952, -4.65198], [123.07853, -4.6597], [123.0759, -4.66077], [123.07503, -4.66215], [123.07737, -4.66795], [123.07703, -4.66993], [123.07496, -4.67255], [123.07509, -4.67974], [123.07707, -4.68513], [123.08055, -4.68991], [123.08431, -4.70052], [123.08378, -4.70667], [123.08549, -4.71025], [123.08587, -4.7146], [123.08432, -4.71423], [123.0797, -4.71625], [123.07628, -4.71675], [123.0663, -4.72155], [123.06481, -4.72297], [123.06363, -4.72799], [123.06235, -4.72938], [123.05953, -4.72905], [123.05435, -4.72621], [123.04885, -4.72511], [123.043, -4.72528], [123.03914, -4.72739], [123.03732, -4.72894], [123.03675, -4.73027], [123.0377, -4.73773], [123.03519, -4.73885], [123.03452, -4.73998], [123.03546, -4.74496], [123.03455, -4.74485], [123.03321, -4.74618]]]}}, {"type": "Feature", "properties": {"domain_id": "741503", "name": "LAPANDEWA"}, "geometry": {"type": "Polygon", "coordinates": [[[122.76545, -5.7007], [122.75906, -5.69683], [122.75465, -5.69532], [122.75393, -5.69412], [122.75372, -5.69062], [122.75448, -5.6887], [122.75672, -5.68513], [122.75935, -5.68312], [122.75969, -5.67817], [122.76106, -5.67588], [122.7614, -5.67245], [122.76417, -5.66981], [122.76585, -5.66655], [122.7642, -5.66294], [122.76476, -5.66091], [122.76416, -5.66002], [122.76229, -5.65837], [122.75845, -5.65678], [122.76205, -5.65349], [122.76767, -5.65016], [122.77171, -5.64949], [122.77646, -5.65016], [122.77838, -5.64923], [122.77972, -5.64399], [122.77817, -5.64041], [122.77783, -5.63682], [122.77564, -5.63215], [122.77375, -5.63055], [122.77442, -5.62749], [122.77361, -5.62646], [122.77352, -5.62277], [122.77251, -5.61991], [122.76717, -5.61462], [122.76064, -5.6142], [122.7568, -5.6146], [122.75656, -5.61639], [122.75059, -5.61904], [122.75309, -5.62308], [122.75216, -5.62313], [122.75252, -5.62402], [122.75198, -5.62442], [122.74838, -5.62432], [122.74729, -5.62541], [122.7477, -5.62637], [122.75172, -5.62915], [122.74649, -5.63129], [122.74502, -5.63325], [122.74624, -5.63415], [122.74645, -5.63374], [122.75034, -5.63494], [122.75041, -5.63757], [122.75157, -5.63788], [122.75122, -5.63915], [122.74906, -5.63891], [122.7479, -5.6395], [122.74609, -5.63824], [122.74536, -5.63598], [122.74123, -5.63489], [122.7398, -5.63358], [122.74121, -5.63091], [122.73982, -5.63042], [122.73806, -5.6272], [122.73604, -5.61939], [122.73029, -5.62371], [122.72775, -5.62803], [122.72272, -5.62829], [122.72153, -5.62652], [122.72135, -5.6239], [122.7203, -5.62159], [122.71685, -5.62064], [122.71704, -5.61893], [122.71794, -5.61755], [122.71961, -5.61764], [122.72213, -5.61921], [122.72337, -5.61817], [122.72561, -5.61374], [122.72689, -5.61284], [122.7282, -5.60875], [122.72749, -5.60782], [122.72815, -5.60622], [122.72601, -5.60549], [122.72908, -5.60427], [122.72939, -5.60353], [122.72751, -5.60315], [122.72691, -5.6013], [122.7305, -5.60124], [122.73287, -5.59845], [122.73406, -5.5959], [122.73892, -5.59769], [122.74282, -5.60121], [122.74387, -5.60511], [122.74178, -5.61054], [122.74219, -5.61486], [122.75227, -5.612], [122.75889, -5.61195], [122.76189, -5.60853], [122.77402, -5.61438], [122.78059, -5.61509], [122.78287, -5.60924], [122.79127, -5.60298], [122.79414, -5.61582], [122.8002, -5.6291], [122.80989, -5.63778], [122.81444, -5.64427], [122.81781, -5.64573], [122.82278, -5.652], [122.81905, -5.65618], [122.81517, -5.6648], [122.81314, -5.66708], [122.81264, -5.66889], [122.81026, -5.67231], [122.80658, -5.68268], [122.80615, -5.68911], [122.80223, -5.69618], [122.80005, -5.69762], [122.79638, -5.6982], [122.78462, -5.70248], [122.77626, -5.70294], [122.76881, -5.70187], [122.76545, -5.7007]]]}}, {"type": "Feature", "properties": {"domain_id": "741107", "name": "MOWEWE"}, "geometry": {"type": "Polygon", "coordinates": [[[121.76281, -3.99705], [121.75873, -4.00267], [121.75811, -4.00693], [121.75597, -4.00984], [121.75609, -4.01086], [121.75389, -4.01287], [121.75519, -4.01598], [121.75493, -4.01693], [121.75704, -4.01889], [121.75637, -4.02301], [121.75696, -4.02652], [121.7538, -4.02802], [121.7507, -4.03185], [121.75033, -4.03311], [121.75177, -4.03702], [121.75318, -4.03788], [121.75397, -4.03981], [121.7572, -4.04253], [121.7529, -4.04495], [121.75247, -4.04637], [121.74959, -4.04725], [121.74943, -4.04937], [121.748, -4.04805], [121.74492, -4.04758], [121.74158, -4.04867], [121.73939, -4.04824], [121.73771, -4.051], [121.73697, -4.05105], [121.73666, -4.05186], [121.73565, -4.05169], [121.73499, -4.05325], [121.73313, -4.0531], [121.7322, -4.05469], [121.73091, -4.05444], [121.72978, -4.05516], [121.72516, -4.05291], [121.72769, -4.04936], [121.72728, -4.04788], [121.73037, -4.04336], [121.73212, -4.03793], [121.73203, -4.0366], [121.73133, -4.03637], [121.73053, -4.03421], [121.72647, -4.03139], [121.72752, -4.02708], [121.72362, -4.02837], [121.71808, -4.02392], [121.71508, -4.02487], [121.71442, -4.02088], [121.71306, -4.0202], [121.71307, -4.01796], [121.70874, -4.01715], [121.70404, -4.01465], [121.69993, -4.01454], [121.69663, -4.01165], [121.69532, -4.00962], [121.6934, -4.00867], [121.69227, -4.00678], [121.69206, -4.00449], [121.69033, -4.00262], [121.69014, -4.00106], [121.68909, -4.00088], [121.68479, -3.99393], [121.68294, -3.99257], [121.68287, -3.99149], [121.68203, -3.99114], [121.68061, -3.98864], [121.6785, -3.98874], [121.6763, -3.98756], [121.66858, -3.98098], [121.66644, -3.97987], [121.66271, -3.97952], [121.66085, -3.98035], [121.6547, -3.97711], [121.65557, -3.97516], [121.6557, -3.97087], [121.65785, -3.96833], [121.6588, -3.96213], [121.66054, -3.95648], [121.66144, -3.95496], [121.66294, -3.95401], [121.66461, -3.95098], [121.66674, -3.95015], [121.66798, -3.94619], [121.6709, -3.94126], [121.67052, -3.93748], [121.67108, -3.93355], [121.67246, -3.9313], [121.66376, -3.91918], [121.66356, -3.91782], [121.66115, -3.91644], [121.65715, -3.91148], [121.65696, -3.90655], [121.65542, -3.90466], [121.65254, -3.89615], [121.65255, -3.89498], [121.65484, -3.8919], [121.65484, -3.888], [121.65651, -3.87725], [121.65871, -3.87089], [121.65836, -3.86445], [121.66058, -3.86096], [121.66187, -3.85682], [121.66371, -3.85383], [121.6643, -3.84867], [121.66693, -3.84596], [121.67407, -3.84119], [121.67527, -3.83925], [121.67706, -3.8382], [121.67657, -3.83676], [121.67721, -3.83572], [121.67647, -3.83476], [121.67743, -3.83145], [121.67905, -3.8294], [121.68089, -3.8289], [121.68129, -3.82735], [121.68578, -3.82497], [121.68891, -3.82635], [121.69218, -3.82476], [121.69182, -3.82374], [121.69366, -3.82261], [121.69374, -3.82379], [121.69446, -3.82408], [121.69788, -3.8231], [121.69897, -3.82105], [121.69975, -3.82101], [121.70063, -3.81984], [121.70178, -3.81567], [121.70269, -3.81518], [121.70159, -3.81468], [121.70164, -3.81296], [121.7031, -3.81018], [121.70372, -3.81007], [121.70623, -3.81275], [121.70744, -3.81516], [121.70909, -3.81615], [121.71731, -3.81862], [121.72011, -3.81842], [121.72289, -3.82033], [121.72484, -3.81928], [121.72581, -3.81964], [121.72757, -3.82172], [121.72747, -3.82698], [121.7289, -3.82826], [121.72974, -3.83247], [121.73198, -3.8361], [121.73155, -3.84049], [121.72948, -3.84452], [121.72936, -3.84593], [121.72738, -3.84727], [121.72711, -3.84925], [121.72523, -3.85023], [121.72355, -3.85339], [121.72374, -3.85577], [121.72245, -3.85998], [121.72309, -3.8624], [121.72206, -3.86598], [121.72248, -3.86732], [121.71586, -3.87153], [121.7142, -3.87089], [121.71345, -3.87242], [121.71072, -3.87272], [121.70976, -3.87408], [121.70733, -3.87407], [121.70626, -3.87624], [121.70557, -3.88037], [121.70345, -3.88233], [121.70422, -3.88706], [121.70826, -3.89153], [121.70889, -3.89609], [121.70762, -3.89803], [121.70955, -3.90116], [121.71024, -3.9049], [121.7099, -3.90652], [121.71021, -3.90725], [121.71219, -3.90722], [121.7165, -3.909], [121.71781, -3.91019], [121.72416, -3.9117], [121.72585, -3.91134], [121.72816, -3.91215], [121.73063, -3.91214], [121.7352, -3.91328], [121.73806, -3.91518], [121.73622, -3.91854], [121.7353, -3.92312], [121.73614, -3.92811], [121.73559, -3.93027], [121.73743, -3.93382], [121.73708, -3.93608], [121.7384, -3.93642], [121.74288, -3.93984], [121.74497, -3.94347], [121.74537, -3.94747], [121.74742, -3.94993], [121.74761, -3.95148], [121.74847, -3.95242], [121.74881, -3.95546], [121.7526, -3.95656], [121.75439, -3.95787], [121.75826, -3.96396], [121.75876, -3.966], [121.76221, -3.96889], [121.76214, -3.97097], [121.76522, -3.97422], [121.76545, -3.97666], [121.76229, -3.98008], [121.76108, -3.98365], [121.76281, -3.99705]]]}}, {"type": "Feature", "properties": {"domain_id": "740110", "name": "WOLO"}, "geometry": {"type": "MultiPolygon", "coordinates": [[[[121.31106, -3.90856], [121.30715, -3.90149], [121.30153, -3.89367], [121.30034, -3.88931], [121.28994, -3.88562], [121.28198, -3.88417], [121.28923, -3.88373], [121.29117, -3.88075], [121.29034, -3.8793], [121.28785, -3.88311], [121.28493, -3.88157], [121.28061, -3.88209], [121.28004, -3.88381], [121.28155, -3.8853], [121.28103, -3.88655], [121.282, -3.88951], [121.27831, -3.89006], [121.27526, -3.88904], [121.27298, -3.88976], [121.27353, -3.8912], [121.27536, -3.89292], [121.27541, -3.89522], [121.27711, -3.89543], [121.27729, -3.89663], [121.27602, -3.89753], [121.2718, -3.89657], [121.27037, -3.89715], [121.27198, -3.90123], [121.2695, -3.9031], [121.26958, -3.90378], [121.26825, -3.90461], [121.26725, -3.90655], [121.2675, -3.90774], [121.26872, -3.90872], [121.26806, -3.90993], [121.26673, -3.91046], [121.26609, -3.91154], [121.26551, -3.91083], [121.262, -3.9113], [121.25767, -3.9104], [121.25462, -3.91108], [121.25366, -3.91324], [121.25664, -3.91842], [121.25623, -3.91931], [121.25446, -3.91946], [121.25249, -3.92053], [121.25112, -3.91811], [121.25185, -3.91632], [121.25078, -3.9145], [121.24747, -3.9127], [121.2428, -3.9127], [121.24411, -3.9092], [121.24338, -3.90613], [121.24112, -3.90278], [121.24467, -3.90339], [121.24749, -3.90089], [121.24921, -3.90064], [121.25014, -3.89898], [121.25288, -3.89651], [121.25454, -3.89066], [121.25877, -3.8881], [121.26124, -3.88778], [121.26186, -3.88637], [121.26151, -3.8845], [121.26263, -3.88368], [121.26249, -3.88229], [121.26147, -3.88025], [121.25888, -3.87925], [121.25715, -3.87667], [121.25513, -3.87572], [121.25296, -3.87573], [121.25223, -3.87665], [121.25119, -3.87661], [121.25035, -3.87786], [121.24866, -3.8773], [121.24747, -3.87794], [121.24563, -3.87551], [121.24419, -3.87172], [121.2432, -3.87093], [121.24172, -3.87133], [121.23953, -3.87022], [121.23558, -3.87083], [121.23438, -3.86964], [121.2359, -3.86945], [121.23797, -3.86812], [121.23949, -3.86599], [121.24112, -3.86654], [121.24391, -3.86548], [121.24566, -3.86581], [121.24797, -3.86364], [121.24915, -3.86047], [121.25025, -3.86224], [121.25283, -3.86219], [121.25558, -3.8594], [121.25525, -3.85684], [121.25661, -3.85546], [121.25853, -3.85564], [121.25931, -3.85492], [121.25977, -3.85141], [121.25927, -3.8499], [121.25741, -3.84933], [121.25757, -3.84855], [121.25656, -3.84788], [121.25407, -3.84055], [121.25137, -3.83565], [121.24455, -3.82772], [121.23938, -3.82485], [121.23765, -3.82525], [121.23284, -3.82481], [121.22097, -3.8229], [121.22158, -3.81709], [121.22036, -3.81546], [121.22102, -3.81319], [121.22028, -3.81093], [121.22136, -3.80663], [121.22387, -3.80329], [121.22573, -3.80291], [121.22726, -3.79958], [121.22872, -3.7986], [121.22866, -3.79505], [121.2282, -3.79352], [121.22744, -3.79334], [121.22817, -3.79123], [121.22616, -3.78394], [121.22681, -3.7766], [121.22861, -3.77373], [121.22725, -3.77193], [121.22771, -3.76603], [121.22869, -3.76459], [121.23268, -3.76388], [121.23211, -3.76261], [121.23365, -3.75912], [121.23175, -3.75568], [121.23339, -3.75304], [121.23459, -3.75231], [121.23687, -3.74447], [121.24212, -3.73946], [121.24326, -3.73601], [121.2476, -3.73311], [121.25053, -3.73369], [121.25483, -3.73193], [121.25687, -3.73036], [121.26262, -3.73087], [121.26507, -3.72989], [121.26823, -3.72351], [121.27006, -3.72283], [121.27325, -3.72324], [121.27433, -3.72267], [121.2788, -3.71445], [121.27862, -3.71093], [121.27949, -3.70938], [121.28489, -3.70507], [121.28618, -3.70498], [121.28635, -3.7036], [121.28825, -3.70134], [121.29002, -3.70399], [121.29177, -3.70417], [121.29431, -3.70781], [121.29628, -3.70924], [121.29852, -3.70978], [121.30091, -3.70898], [121.29945, -3.70556], [121.29938, -3.70173], [121.29779, -3.70059], [121.29718, -3.6985], [121.2989, -3.69309], [121.29959, -3.6936], [121.30218, -3.69201], [121.30241, -3.69306], [121.30324, -3.6931], [121.3057, -3.69161], [121.30619, -3.69444], [121.30733, -3.69249], [121.30825, -3.69321], [121.30897, -3.6924], [121.31038, -3.69236], [121.31311, -3.69302], [121.31621, -3.69497], [121.31726, -3.69665], [121.32071, -3.69642], [121.32146, -3.69542], [121.32253, -3.69775], [121.32551, -3.69881], [121.32743, -3.69862], [121.32959, -3.69696], [121.33254, -3.69656], [121.33557, -3.69475], [121.33628, -3.6929], [121.33713, -3.69243], [121.33636, -3.69013], [121.33695, -3.68878], [121.3387, -3.68744], [121.34015, -3.68806], [121.34151, -3.68773], [121.34193, -3.68647], [121.34314, -3.68581], [121.34116, -3.68111], [121.34136, -3.67947], [121.33941, -3.67933], [121.3387, -3.67808], [121.33997, -3.67455], [121.33588, -3.67041], [121.33595, -3.66858], [121.34182, -3.65986], [121.34433, -3.65867], [121.34497, -3.65577], [121.34661, -3.65509], [121.34755, -3.65049], [121.34964, -3.64886], [121.35068, -3.64514], [121.35732, -3.64363], [121.3588, -3.6415], [121.3599, -3.63593], [121.36416, -3.63546], [121.36735, -3.63172], [121.3682, -3.62928], [121.36913, -3.62849], [121.37055, -3.62795], [121.37157, -3.63189], [121.37373, -3.63411], [121.37538, -3.63421], [121.37625, -3.63493], [121.3791, -3.63461], [121.38512, -3.63714], [121.38724, -3.63944], [121.39214, -3.63724], [121.395, -3.63746], [121.39567, -3.63624], [121.398, -3.63478], [121.4002, -3.63529], [121.40307, -3.63455], [121.40446, -3.63243], [121.40677, -3.6326], [121.40579, -3.62997], [121.40603, -3.6282], [121.4116, -3.63016], [121.41283, -3.62875], [121.41417, -3.62925], [121.41707, -3.62837], [121.42013, -3.63022], [121.41884, -3.63292], [121.42019, -3.63406], [121.41997, -3.64086], [121.42095, -3.64184], [121.42276, -3.64229], [121.42555, -3.64657], [121.42587, -3.65107], [121.42482, -3.65349], [121.42563, -3.6571], [121.42445, -3.65834], [121.42729, -3.66364], [121.42678, -3.66634], [121.42734, -3.66993], [121.42626, -3.67916], [121.42476, -3.68003], [121.42095, -3.68451], [121.41811, -3.69399], [121.41828, -3.69597], [121.42014, -3.69751], [121.42034, -3.69981], [121.42169, -3.7024], [121.42233, -3.70774], [121.42524, -3.71005], [121.42582, -3.71203], [121.43082, -3.71118], [121.43261, -3.71208], [121.44582, -3.71017], [121.44899, -3.70858], [121.44965, -3.7076], [121.45144, -3.71054], [121.45297, -3.71081], [121.4545, -3.71235], [121.45829, -3.71913], [121.46319, -3.72075], [121.46909, -3.72029], [121.47226, -3.72194], [121.47511, -3.72174], [121.47916, -3.72501], [121.48402, -3.72347], [121.48683, -3.72384], [121.4903, -3.72747], [121.49286, -3.73202], [121.49469, -3.73299], [121.49879, -3.73352], [121.50237, -3.73776], [121.50277, -3.73955], [121.50741, -3.74258], [121.50927, -3.74296], [121.51102, -3.74247], [121.51175, -3.74513], [121.50677, -3.75224], [121.50618, -3.7559], [121.50103, -3.76106], [121.49746, -3.76609], [121.49518, -3.7664], [121.49329, -3.76824], [121.49001, -3.77003], [121.48726, -3.77333], [121.48631, -3.7729], [121.48594, -3.77032], [121.48527, -3.77003], [121.48241, -3.77164], [121.48024, -3.77442], [121.48023, -3.77571], [121.47857, -3.77814], [121.47884, -3.78191], [121.47491, -3.7819], [121.47199, -3.7826], [121.46488, -3.78541], [121.46286, -3.78473], [121.4614, -3.78324], [121.45722, -3.781], [121.4576, -3.78295], [121.45546, -3.7869], [121.4552, -3.7899], [121.45413, -3.79119], [121.4553, -3.7954], [121.45433, -3.79736], [121.44663, -3.80332], [121.44479, -3.8039], [121.43809, -3.80384], [121.43758, -3.80826], [121.43621, -3.81054], [121.43181, -3.80925], [121.43305, -3.81133], [121.42376, -3.81056], [121.42511, -3.81178], [121.42501, -3.81435], [121.42567, -3.81596], [121.42136, -3.81786], [121.41991, -3.8179], [121.41773, -3.81937], [121.41814, -3.82045], [121.41661, -3.82099], [121.41293, -3.82118], [121.41214, -3.82061], [121.41194, -3.82208], [121.41332, -3.82395], [121.41341, -3.82567], [121.41502, -3.82655], [121.41551, -3.82759], [121.41309, -3.82802], [121.40967, -3.82664], [121.40767, -3.82823], [121.40112, -3.82982], [121.39978, -3.83094], [121.39873, -3.83431], [121.39396, -3.8343], [121.39314, -3.83339], [121.39366, -3.83655], [121.39052, -3.83976], [121.38598, -3.84129], [121.38459, -3.84071], [121.382, -3.84167], [121.38097, -3.84146], [121.38114, -3.84811], [121.37839, -3.85106], [121.37708, -3.8503], [121.375, -3.8503], [121.37287, -3.84873], [121.37157, -3.8485], [121.37129, -3.85092], [121.36797, -3.85382], [121.36378, -3.8543], [121.36167, -3.86024], [121.35979, -3.86181], [121.35964, -3.86436], [121.35782, -3.86471], [121.3563, -3.8662], [121.35376, -3.86647], [121.35316, -3.86722], [121.35003, -3.86696], [121.34953, -3.87275], [121.34783, -3.87669], [121.34841, -3.87729], [121.34759, -3.88078], [121.34822, -3.88874], [121.34757, -3.89434], [121.34961, -3.89509], [121.35095, -3.8967], [121.35618, -3.89855], [121.34799, -3.90281], [121.34176, -3.90345], [121.34078, -3.90595], [121.34134, -3.90748], [121.34093, -3.90812], [121.3396, -3.90805], [121.33921, -3.90875], [121.33812, -3.90852], [121.33854, -3.9101], [121.33655, -3.91224], [121.32715, -3.91568], [121.32553, -3.91691], [121.32586, -3.9199], [121.32464, -3.92123], [121.32282, -3.92257], [121.31775, -3.92339], [121.31834, -3.9248], [121.31746, -3.92547], [121.31633, -3.92559], [121.31482, -3.91726], [121.31106, -3.90856]]], [[[121.22608, -3.86774], [121.22508, -3.87133], [121.22532, -3.87358], [121.22404, -3.87415], [121.22253, -3.87283], [121.22155, -3.87064], [121.22184, -3.86932], [121.22262, -3.86837], [121.22726, -3.86612], [121.22608, -3.86774]]]]}}, {"type": "Feature", "properties": {"domain_id": "741506", "name": "SIOMPU"}, "geometry": {"type": "MultiPolygon", "coordinates": [[[[122.50321, -5.68478], [122.50015, -5.68096], [122.49605, -5.67728], [122.5018, -5.67415], [122.50593, -5.67318], [122.5104, -5.67028], [122.50655, -5.66449], [122.49393, -5.65568], [122.49472, -5.65383], [122.49423, -5.6512], [122.49557, -5.65177], [122.49874, -5.65025], [122.50217, -5.65059], [122.50291, -5.64987], [122.50226, -5.64853], [122.50301, -5.6488], [122.50527, -5.64731], [122.50538, -5.6424], [122.50629, -5.63874], [122.50493, -5.63706], [122.50287, -5.63124], [122.50456, -5.62804], [122.50635, -5.62789], [122.50723, -5.62485], [122.50884, -5.62424], [122.51654, -5.62511], [122.52145, -5.62894], [122.52494, -5.62874], [122.53178, -5.6309], [122.53557, -5.63061], [122.54425, -5.62783], [122.54596, -5.63261], [122.55109, -5.63968], [122.55445, -5.64594], [122.55649, -5.653], [122.55583, -5.66091], [122.55407, -5.66981], [122.54951, -5.67915], [122.54487, -5.68425], [122.54266, -5.6877], [122.53824, -5.69015], [122.53559, -5.69327], [122.53342, -5.69436], [122.52905, -5.69495], [122.52823, -5.69503], [122.51679, -5.67981], [122.50321, -5.68478]]], [[[122.50549, -5.59972], [122.50075, -5.59971], [122.49982, -5.59836], [122.50059, -5.59703], [122.51384, -5.59459], [122.5119, -5.59719], [122.50549, -5.59972]]]]}}, {"type": "Feature", "properties": {"domain_id": "741501", "name": "BATAUGA"}, "geometry": {"type": "Polygon", "coordinates": [[[122.59383, -5.6002], [122.59267, -5.5928], [122.58695, -5.58116], [122.58686, -5.58051], [122.58769, -5.58], [122.58749, -5.57898], [122.58524, -5.57861], [122.58256, -5.57628], [122.58124, -5.57462], [122.57881, -5.56901], [122.57931, -5.56646], [122.57783, -5.55709], [122.57848, -5.55544], [122.57843, -5.55045], [122.57742, -5.54695], [122.57487, -5.54312], [122.57374, -5.53814], [122.58192, -5.53566], [122.58454, -5.53334], [122.58846, -5.53114], [122.59972, -5.52763], [122.60505, -5.52519], [122.60806, -5.52266], [122.61399, -5.51533], [122.61545, -5.51049], [122.61805, -5.5101], [122.62009, -5.50759], [122.62144, -5.50688], [122.62153, -5.51017], [122.62235, -5.51106], [122.62516, -5.50901], [122.62753, -5.509], [122.63158, -5.50942], [122.63085, -5.51022], [122.63113, -5.51117], [122.63303, -5.51185], [122.63354, -5.5128], [122.63594, -5.51333], [122.63683, -5.51212], [122.63769, -5.51276], [122.6375, -5.51324], [122.63868, -5.51326], [122.63958, -5.51243], [122.64113, -5.51268], [122.64221, -5.512], [122.64214, -5.51469], [122.64307, -5.51595], [122.64309, -5.5171], [122.6443, -5.51799], [122.64429, -5.51948], [122.64602, -5.52029], [122.64909, -5.52446], [122.65075, -5.52562], [122.65126, -5.52789], [122.65093, -5.53042], [122.65291, -5.53326], [122.65365, -5.53597], [122.65586, -5.53782], [122.65894, -5.53878], [122.66479, -5.54958], [122.66771, -5.551], [122.66843, -5.55339], [122.66963, -5.55366], [122.67048, -5.55532], [122.67384, -5.5578], [122.67566, -5.55818], [122.6787, -5.56083], [122.68057, -5.56096], [122.68423, -5.56412], [122.68443, -5.56491], [122.68081, -5.57232], [122.68045, -5.57728], [122.6818, -5.58201], [122.68041, -5.58462], [122.68265, -5.58645], [122.68237, -5.58986], [122.68426, -5.59286], [122.68255, -5.59445], [122.68188, -5.59812], [122.67966, -5.60113], [122.67823, -5.60124], [122.67742, -5.60234], [122.67668, -5.60506], [122.67742, -5.61046], [122.67605, -5.61252], [122.6741, -5.61332], [122.67153, -5.61609], [122.67087, -5.61815], [122.67097, -5.62061], [122.66788, -5.62589], [122.66305, -5.62754], [122.65955, -5.62663], [122.65836, -5.62747], [122.65779, -5.62985], [122.65694, -5.62968], [122.65587, -5.63092], [122.65587, -5.63223], [122.66181, -5.63707], [122.66338, -5.6359], [122.66404, -5.63655], [122.66266, -5.63883], [122.66325, -5.641], [122.65412, -5.64918], [122.65552, -5.65178], [122.65408, -5.65394], [122.65942, -5.65777], [122.65896, -5.66122], [122.66098, -5.66716], [122.661, -5.66981], [122.66312, -5.67348], [122.66309, -5.67559], [122.66542, -5.67816], [122.66693, -5.68337], [122.66861, -5.68472], [122.67055, -5.68524], [122.66656, -5.69002], [122.66257, -5.69342], [122.66013, -5.6949], [122.6593, -5.69416], [122.65835, -5.69536], [122.65249, -5.69792], [122.64849, -5.69885], [122.64456, -5.69882], [122.63639, -5.69492], [122.63546, -5.69286], [122.63113, -5.68915], [122.62799, -5.68546], [122.62484, -5.67979], [122.62591, -5.67843], [122.62526, -5.67511], [122.61958, -5.66615], [122.61652, -5.66247], [122.61321, -5.65984], [122.6105, -5.65579], [122.61065, -5.65306], [122.61174, -5.653], [122.61403, -5.65144], [122.61508, -5.64719], [122.6143, -5.64452], [122.61291, -5.64337], [122.61236, -5.6417], [122.61389, -5.63708], [122.61213, -5.63178], [122.60254, -5.61984], [122.60089, -5.6145], [122.59602, -5.60585], [122.59383, -5.6002]]]}}, {"type": "Feature", "properties": {"domain_id": "741001", "name": "KULISUSU"}, "geometry": {"type": "MultiPolygon", "coordinates": [[[[123.17237, -4.82828], [123.17173, -4.81746], [123.17211, -4.80878], [123.17081, -4.80349], [123.17131, -4.80193], [123.17108, -4.79724], [123.16952, -4.79654], [123.16973, -4.79549], [123.16829, -4.7924], [123.16936, -4.78934], [123.16865, -4.78626], [123.1685, -4.7801], [123.16964, -4.77754], [123.17156, -4.77757], [123.17435, -4.77605], [123.17618, -4.77241], [123.17607, -4.77103], [123.17096, -4.76927], [123.17043, -4.76684], [123.16893, -4.76711], [123.1682, -4.76586], [123.16647, -4.76547], [123.16572, -4.76451], [123.16451, -4.76488], [123.16428, -4.76324], [123.16334, -4.7637], [123.16186, -4.76323], [123.16051, -4.76122], [123.15921, -4.76195], [123.15864, -4.76139], [123.15676, -4.76142], [123.15601, -4.76022], [123.15466, -4.76003], [123.15388, -4.75863], [123.15142, -4.75923], [123.14878, -4.75842], [123.14773, -4.75922], [123.14466, -4.75919], [123.14417, -4.75712], [123.14146, -4.7564], [123.14014, -4.75696], [123.13915, -4.756], [123.13689, -4.75569], [123.13432, -4.7572], [123.13335, -4.75712], [123.13247, -4.75479], [123.1355, -4.75246], [123.13758, -4.7523], [123.13861, -4.75085], [123.14049, -4.75151], [123.1395, -4.7481], [123.14301, -4.74587], [123.14302, -4.74472], [123.14435, -4.74274], [123.1471, -4.74076], [123.14949, -4.74097], [123.15251, -4.74413], [123.15208, -4.74115], [123.1503, -4.73945], [123.14862, -4.73839], [123.14657, -4.73892], [123.14551, -4.7385], [123.14485, -4.73902], [123.14364, -4.7384], [123.14405, -4.73737], [123.1428, -4.73632], [123.14332, -4.73425], [123.14521, -4.73455], [123.14428, -4.73376], [123.146, -4.73376], [123.14808, -4.7357], [123.14968, -4.73539], [123.15075, -4.73365], [123.14677, -4.73118], [123.14708, -4.72851], [123.1455, -4.72786], [123.14479, -4.72904], [123.14316, -4.72917], [123.14227, -4.72827], [123.14233, -4.72652], [123.13774, -4.72548], [123.13738, -4.72444], [123.13868, -4.72258], [123.1357, -4.72013], [123.13447, -4.7205], [123.13338, -4.72206], [123.13164, -4.72193], [123.13061, -4.72117], [123.12938, -4.72201], [123.12527, -4.71555], [123.12624, -4.7143], [123.12522, -4.71286], [123.12371, -4.71532], [123.12103, -4.71611], [123.12092, -4.71504], [123.11942, -4.71421], [123.11945, -4.71223], [123.11848, -4.71046], [123.11741, -4.71016], [123.11752, -4.70931], [123.11648, -4.70835], [123.11778, -4.70592], [123.11975, -4.70521], [123.11896, -4.70152], [123.11222, -4.6938], [123.11111, -4.69384], [123.11303, -4.70082], [123.11231, -4.70561], [123.10999, -4.70521], [123.109, -4.70653], [123.1072, -4.70572], [123.10429, -4.70287], [123.10298, -4.7033], [123.1013, -4.70291], [123.09533, -4.70464], [123.09402, -4.70552], [123.09368, -4.70653], [123.0932, -4.71403], [123.0889, -4.71566], [123.08587, -4.7146], [123.08549, -4.71025], [123.08378, -4.70667], [123.08431, -4.70052], [123.08055, -4.68991], [123.07707, -4.68513], [123.0752, -4.6807], [123.07496, -4.67255], [123.07703, -4.66993], [123.07737, -4.66795], [123.07503, -4.66215], [123.0759, -4.66077], [123.07853, -4.6597], [123.07952, -4.65198], [123.07889, -4.64969], [123.07547, -4.64683], [123.07536, -4.64501], [123.07732, -4.64357], [123.07646, -4.64188], [123.0779, -4.64144], [123.07732, -4.64106], [123.07772, -4.63932], [123.07565, -4.63588], [123.07602, -4.63413], [123.07756, -4.6325], [123.07615, -4.63013], [123.07899, -4.63062], [123.08116, -4.62923], [123.08242, -4.62917], [123.08591, -4.63069], [123.09, -4.63116], [123.09592, -4.63975], [123.10027, -4.6425], [123.10305, -4.64224], [123.11033, -4.63978], [123.11983, -4.63974], [123.12282, -4.64045], [123.125, -4.64258], [123.12645, -4.64293], [123.1286, -4.63941], [123.13234, -4.63647], [123.13717, -4.63667], [123.13868, -4.63595], [123.1405, -4.63684], [123.14157, -4.6383], [123.14234, -4.64193], [123.14379, -4.64333], [123.14237, -4.64679], [123.14302, -4.64931], [123.14267, -4.65676], [123.14525, -4.65895], [123.14879, -4.65996], [123.14946, -4.66159], [123.15164, -4.66317], [123.15273, -4.66513], [123.15343, -4.6684], [123.15245, -4.67386], [123.15418, -4.67687], [123.15429, -4.68316], [123.15509, -4.68496], [123.15522, -4.68792], [123.15588, -4.68862], [123.1602, -4.68784], [123.16148, -4.68844], [123.16195, -4.68965], [123.16145, -4.69462], [123.16254, -4.69665], [123.16711, -4.69858], [123.16771, -4.70084], [123.17148, -4.70482], [123.1825, -4.70561], [123.18748, -4.70793], [123.19106, -4.70885], [123.1942, -4.70616], [123.19689, -4.70957], [123.21307, -4.71319], [123.21286, -4.7187], [123.21075, -4.72456], [123.21107, -4.72703], [123.20987, -4.73134], [123.2079, -4.736], [123.20715, -4.73642], [123.20775, -4.75172], [123.2053, -4.76658], [123.2027, -4.77241], [123.20215, -4.77697], [123.20567, -4.79269], [123.20567, -4.79677], [123.20728, -4.80627], [123.20709, -4.81205], [123.20784, -4.81871], [123.20928, -4.82173], [123.21023, -4.8216], [123.21327, -4.82447], [123.21411, -4.82746], [123.21322, -4.8289], [123.21296, -4.83227], [123.21377, -4.84039], [123.21319, -4.8583], [123.21236, -4.85961], [123.21162, -4.86351], [123.20892, -4.86599], [123.20489, -4.86685], [123.20221, -4.86462], [123.20168, -4.86235], [123.19869, -4.85987], [123.19098, -4.85689], [123.18413, -4.85165], [123.1738, -4.83695], [123.17241, -4.8339], [123.17288, -4.83325], [123.17237, -4.82828]]], [[[123.12734, -4.72654], [123.12811, -4.72809], [123.1298, -4.72722], [123.13095, -4.72887], [123.1321, -4.72923], [123.13222, -4.73079], [123.13096, -4.73012], [123.13045, -4.73151], [123.13214, -4.73271], [123.13253, -4.73437], [123.13478, -4.73469], [123.13556, -4.73612], [123.1347, -4.73675], [123.1348, -4.73922], [123.13409, -4.74003], [123.13395, -4.7432], [123.13501, -4.74561], [123.13411, -4.74735], [123.13322, -4.74693], [123.13291, -4.74554], [123.1304, -4.74557], [123.13004, -4.74638], [123.12894, -4.74639], [123.12823, -4.74497], [123.12575, -4.74293], [123.12168, -4.741], [123.12265, -4.73892], [123.12516, -4.73971], [123.12844, -4.7385], [123.12575, -4.73741], [123.12473, -4.73817], [123.12483, -4.73616], [123.12309, -4.73574], [123.12478, -4.73339], [123.12709, -4.73353], [123.12708, -4.73227], [123.12614, -4.73232], [123.12572, -4.73139], [123.12653, -4.72907], [123.12395, -4.72598], [123.12511, -4.72608], [123.12664, -4.725], [123.12771, -4.72564], [123.12734, -4.72654]]], [[[123.14446, -4.77201], [123.1481, -4.77382], [123.15555, -4.7722], [123.15676, -4.77332], [123.15488, -4.7751], [123.14816, -4.77651], [123.14295, -4.77508], [123.13945, -4.7733], [123.13635, -4.77336], [123.13545, -4.77228], [123.13667, -4.76394], [123.13726, -4.76313], [123.13713, -4.76134], [123.13824, -4.76086], [123.13973, -4.76226], [123.13934, -4.76548], [123.1383, -4.76699], [123.13864, -4.76937], [123.13984, -4.77042], [123.14446, -4.77201]]], [[[123.16614, -4.76542], [123.16823, -4.76612], [123.16865, -4.76745], [123.17034, -4.76745], [123.17069, -4.76937], [123.17153, -4.77043], [123.17146, -4.77124], [123.17036, -4.77108], [123.17006, -4.77208], [123.16824, -4.77335], [123.1671, -4.77207], [123.16256, -4.77221], [123.16235, -4.77149], [123.16327, -4.77018], [123.16271, -4.76929], [123.16186, -4.77009], [123.16047, -4.77007], [123.16164, -4.76607], [123.16302, -4.76606], [123.16355, -4.76516], [123.1656, -4.76477], [123.16614, -4.76542]]]]}}, {"type": "Feature", "properties": {"domain_id": "740815", "name": "TOLALA"}, "geometry": {"type": "MultiPolygon", "coordinates": [[[[121.06285, -2.86154], [121.06501, -2.86405], [121.06513, -2.86575], [121.06725, -2.86724], [121.06523, -2.87028], [121.06682, -2.87363], [121.06451, -2.87625], [121.06434, -2.87755], [121.06315, -2.87616], [121.06076, -2.87681], [121.05962, -2.87412], [121.05774, -2.8725], [121.05536, -2.87274], [121.05412, -2.87172], [121.05364, -2.87029], [121.05023, -2.86985], [121.04624, -2.86527], [121.04706, -2.86342], [121.04855, -2.86265], [121.04896, -2.86113], [121.04473, -2.85521], [121.04566, -2.85307], [121.04476, -2.85173], [121.0457, -2.85037], [121.04336, -2.84839], [121.04305, -2.84742], [121.04409, -2.84133], [121.04327, -2.83931], [121.04391, -2.83755], [121.04336, -2.8335], [121.04517, -2.83081], [121.04516, -2.82988], [121.04443, -2.82885], [121.04364, -2.82434], [121.04165, -2.8238], [121.03918, -2.82107], [121.03906, -2.81752], [121.03726, -2.80949], [121.03749, -2.80791], [121.03697, -2.80744], [121.03606, -2.8074], [121.03489, -2.80904], [121.03429, -2.81275], [121.03204, -2.81637], [121.03283, -2.82073], [121.0324, -2.82336], [121.03317, -2.82457], [121.03517, -2.82535], [121.03617, -2.8279], [121.0356, -2.83059], [121.03252, -2.83173], [121.03128, -2.83086], [121.02707, -2.83188], [121.02801, -2.83551], [121.03247, -2.83633], [121.03208, -2.83831], [121.0327, -2.83964], [121.03006, -2.84338], [121.02971, -2.84575], [121.02777, -2.84718], [121.02732, -2.84949], [121.02612, -2.84973], [121.02545, -2.84775], [121.0229, -2.84548], [121.02072, -2.84674], [121.02018, -2.84377], [121.0207, -2.84076], [121.01806, -2.84005], [121.01636, -2.83792], [121.01523, -2.83806], [121.01371, -2.84033], [121.01149, -2.83993], [121.00871, -2.84231], [121.00885, -2.8384], [121.00707, -2.83649], [121.00483, -2.83593], [121.0042, -2.83811], [121.00212, -2.83913], [121.00045, -2.83834], [120.99975, -2.83691], [120.99687, -2.83607], [120.99409, -2.83686], [120.99386, -2.83943], [120.99162, -2.84077], [120.99157, -2.84194], [120.99312, -2.84351], [120.99424, -2.84639], [120.99335, -2.84742], [120.99395, -2.84904], [120.99521, -2.85047], [120.99694, -2.85089], [120.99729, -2.85313], [121.00125, -2.85492], [121.00385, -2.86077], [121.00657, -2.861], [121.00939, -2.86345], [121.01145, -2.86296], [121.01019, -2.86644], [121.00472, -2.86203], [121.00343, -2.86233], [121.00044, -2.86131], [120.99812, -2.85612], [120.99619, -2.85476], [120.99542, -2.85203], [120.99239, -2.84776], [120.99201, -2.84513], [120.99, -2.84121], [120.99045, -2.83688], [120.99489, -2.8287], [120.99673, -2.82729], [121.00304, -2.82546], [121.01021, -2.82228], [121.01752, -2.82061], [121.02078, -2.81766], [121.02238, -2.8143], [121.0259, -2.81042], [121.02744, -2.80689], [121.02792, -2.79628], [121.03197, -2.79191], [121.03411, -2.79087], [121.04352, -2.79204], [121.04907, -2.79092], [121.05108, -2.7911], [121.05299, -2.79216], [121.05727, -2.78753], [121.06081, -2.78569], [121.06479, -2.78506], [121.06833, -2.78702], [121.0726, -2.7838], [121.07736, -2.77667], [121.08246, -2.77329], [121.09416, -2.77642], [121.09942, -2.78213], [121.09909, -2.7866], [121.10233, -2.79044], [121.11033, -2.79216], [121.11512, -2.79201], [121.11996, -2.79342], [121.12907, -2.79463], [121.13357, -2.79709], [121.13723, -2.80174], [121.14605, -2.80775], [121.14912, -2.80903], [121.15342, -2.81319], [121.15291, -2.81648], [121.15448, -2.81799], [121.15521, -2.82191], [121.1534, -2.82463], [121.15621, -2.83212], [121.15825, -2.83495], [121.15878, -2.83832], [121.16202, -2.84264], [121.16247, -2.84466], [121.16373, -2.84518], [121.16507, -2.84681], [121.16898, -2.8434], [121.17049, -2.84343], [121.17359, -2.84195], [121.17962, -2.84172], [121.18092, -2.84403], [121.1819, -2.84452], [121.1827, -2.84426], [121.18393, -2.84229], [121.18659, -2.84202], [121.18831, -2.84348], [121.18911, -2.84519], [121.19104, -2.84523], [121.19424, -2.85066], [121.19732, -2.85206], [121.19795, -2.85522], [121.201, -2.85713], [121.20425, -2.85802], [121.20462, -2.85755], [121.20358, -2.85604], [121.20678, -2.8557], [121.20646, -2.85423], [121.20695, -2.85333], [121.20836, -2.85309], [121.20965, -2.85394], [121.21106, -2.85643], [121.20468, -2.87072], [121.2033, -2.87761], [121.20328, -2.89002], [121.19087, -2.93091], [121.18111, -2.94999], [121.178, -2.96871], [121.16066, -2.9652], [121.15484, -2.96481], [121.16079, -2.9755], [121.16187, -2.98135], [121.1528, -2.98543], [121.15115, -2.9856], [121.14586, -2.98542], [121.13892, -2.98392], [121.1337, -2.98406], [121.12885, -2.98253], [121.12074, -2.98304], [121.08515, -2.97924], [121.07573, -2.97307], [121.07498, -2.9702], [121.07269, -2.96683], [121.06542, -2.95956], [121.06382, -2.95662], [121.06611, -2.95721], [121.06507, -2.95829], [121.06616, -2.9601], [121.06696, -2.95971], [121.06697, -2.96068], [121.06813, -2.96042], [121.07036, -2.96255], [121.06994, -2.96361], [121.07311, -2.96455], [121.07586, -2.96715], [121.07621, -2.96872], [121.07756, -2.96903], [121.07779, -2.97044], [121.0762, -2.97089], [121.07668, -2.97199], [121.07859, -2.97107], [121.08149, -2.9719], [121.08253, -2.96976], [121.08214, -2.96814], [121.08487, -2.96704], [121.08519, -2.96419], [121.08464, -2.96267], [121.08285, -2.96288], [121.08254, -2.96173], [121.08353, -2.9612], [121.08236, -2.96077], [121.082, -2.95958], [121.08376, -2.95911], [121.08257, -2.95863], [121.08291, -2.95777], [121.08174, -2.95719], [121.08276, -2.95549], [121.08164, -2.95455], [121.08346, -2.9504], [121.08342, -2.9493], [121.08222, -2.9476], [121.08562, -2.94552], [121.08893, -2.94593], [121.08933, -2.9451], [121.09031, -2.94485], [121.08655, -2.93954], [121.08715, -2.9366], [121.08525, -2.93414], [121.08498, -2.93252], [121.08583, -2.93062], [121.0895, -2.92781], [121.08886, -2.92578], [121.09066, -2.92334], [121.08968, -2.92271], [121.08977, -2.92161], [121.08905, -2.92115], [121.08858, -2.91923], [121.08647, -2.91696], [121.08606, -2.91508], [121.08482, -2.91432], [121.08181, -2.91043], [121.08171, -2.90887], [121.08127, -2.90909], [121.07957, -2.90695], [121.07856, -2.90673], [121.07807, -2.90503], [121.07879, -2.90434], [121.07919, -2.90072], [121.08046, -2.8981], [121.0797, -2.89776], [121.0801, -2.89581], [121.07736, -2.89541], [121.07256, -2.89834], [121.07326, -2.89767], [121.07347, -2.89497], [121.07211, -2.89072], [121.07515, -2.88715], [121.0751, -2.8839], [121.0761, -2.88249], [121.07504, -2.87873], [121.07535, -2.87793], [121.07459, -2.87781], [121.0745, -2.87665], [121.07508, -2.87586], [121.07603, -2.87611], [121.07602, -2.87519], [121.07723, -2.87407], [121.07708, -2.87271], [121.07819, -2.86991], [121.07829, -2.86518], [121.07699, -2.86431], [121.07629, -2.86203], [121.07637, -2.8609], [121.077, -2.86061], [121.07563, -2.85971], [121.07417, -2.85661], [121.07275, -2.85613], [121.07202, -2.85487], [121.06885, -2.85384], [121.06582, -2.85383], [121.06216, -2.85892], [121.06285, -2.86154]]], [[[120.96724, -2.81064], [120.963, -2.81093], [120.96212, -2.81178], [120.96173, -2.81393], [120.95769, -2.81503], [120.95506, -2.81106], [120.96222, -2.81089], [120.96481, -2.80748], [120.9681, -2.81019], [120.96724, -2.81064]]]]}}, {"type": "Feature", "properties": {"domain_id": "741101", "name": "TIRAWUTA"}, "geometry": {"type": "Polygon", "coordinates": [[[121.88164, -4.06603], [121.87163, -4.06303], [121.86964, -4.06171], [121.86816, -4.05833], [121.86661, -4.05746], [121.863, -4.05835], [121.86221, -4.05786], [121.85929, -4.05841], [121.85808, -4.05937], [121.85521, -4.05898], [121.85217, -4.05714], [121.85046, -4.05763], [121.84848, -4.05722], [121.8469, -4.05616], [121.8457, -4.0541], [121.84197, -4.05531], [121.84136, -4.0566], [121.84026, -4.05712], [121.83776, -4.05597], [121.83595, -4.05713], [121.83405, -4.05738], [121.83108, -4.05585], [121.82549, -4.05442], [121.82363, -4.05324], [121.82335, -4.05134], [121.8211, -4.05129], [121.81873, -4.05006], [121.81823, -4.05073], [121.8159, -4.05027], [121.80966, -4.04779], [121.80532, -4.04783], [121.80398, -4.05046], [121.80201, -4.0509], [121.80122, -4.05053], [121.79841, -4.04609], [121.80031, -4.04421], [121.80502, -4.04206], [121.80758, -4.03841], [121.80793, -4.03609], [121.81013, -4.03478], [121.80994, -4.03124], [121.81108, -4.02909], [121.81519, -4.02775], [121.816, -4.02448], [121.81587, -4.02188], [121.81752, -4.01854], [121.82135, -4.01604], [121.8232, -4.01362], [121.82564, -4.01415], [121.82826, -4.01149], [121.8281, -4.00929], [121.83018, -4.00516], [121.83078, -4.0], [121.83235, -3.99779], [121.83419, -3.99681], [121.8348, -3.99463], [121.83384, -3.99261], [121.83569, -3.98834], [121.83519, -3.98361], [121.83398, -3.98011], [121.83543, -3.9746], [121.83594, -3.97373], [121.8397, -3.9728], [121.84138, -3.97126], [121.84416, -3.97029], [121.84653, -3.9685], [121.84921, -3.96458], [121.84878, -3.9627], [121.85113, -3.958], [121.85074, -3.95626], [121.85515, -3.95051], [121.85768, -3.94457], [121.85908, -3.94375], [121.86192, -3.94371], [121.86494, -3.94164], [121.87023, -3.94527], [121.87114, -3.94692], [121.87426, -3.94903], [121.87497, -3.95065], [121.87652, -3.94988], [121.87802, -3.95088], [121.88075, -3.95139], [121.88267, -3.95278], [121.88484, -3.95152], [121.88711, -3.94905], [121.88895, -3.94897], [121.89074, -3.94655], [121.89416, -3.94599], [121.89717, -3.94399], [121.89906, -3.94378], [121.90292, -3.9409], [121.90172, -3.93952], [121.90088, -3.93607], [121.9009, -3.93442], [121.90285, -3.93006], [121.90109, -3.92456], [121.90215, -3.91682], [121.90097, -3.91466], [121.90395, -3.91127], [121.90652, -3.90708], [121.91327, -3.90436], [121.91513, -3.90502], [121.91844, -3.90487], [121.92192, -3.90251], [121.92553, -3.90172], [121.92867, -3.89951], [121.93089, -3.89948], [121.93343, -3.89819], [121.93538, -3.89857], [121.93615, -3.89591], [121.93535, -3.8938], [121.93783, -3.89201], [121.93696, -3.89021], [121.93842, -3.88998], [121.94012, -3.8883], [121.93959, -3.88667], [121.94137, -3.88814], [121.94287, -3.88738], [121.94365, -3.88876], [121.94391, -3.88749], [121.94513, -3.88754], [121.94598, -3.88579], [121.94686, -3.88621], [121.94773, -3.8884], [121.94825, -3.8877], [121.94914, -3.88799], [121.95135, -3.88472], [121.95252, -3.88546], [121.95667, -3.88558], [121.95743, -3.88623], [121.95838, -3.88572], [121.95818, -3.8843], [121.95893, -3.88382], [121.96155, -3.88546], [121.96299, -3.88482], [121.96297, -3.8842], [121.96532, -3.88205], [121.96654, -3.88249], [121.96743, -3.88209], [121.96668, -3.88104], [121.96672, -3.87946], [121.96731, -3.87891], [121.97107, -3.882], [121.97007, -3.88587], [121.96958, -3.8863], [121.96965, -3.88538], [121.96907, -3.88516], [121.96837, -3.88626], [121.96905, -3.8881], [121.97045, -3.88939], [121.97252, -3.88815], [121.97224, -3.89217], [121.97136, -3.89418], [121.96406, -3.90001], [121.96458, -3.90152], [121.96843, -3.90128], [121.97096, -3.90203], [121.97212, -3.90611], [121.97186, -3.90657], [121.97057, -3.90628], [121.96887, -3.91245], [121.96645, -3.91599], [121.96673, -3.91807], [121.96369, -3.92208], [121.96261, -3.92302], [121.96013, -3.92309], [121.95741, -3.92455], [121.96357, -3.93441], [121.96627, -3.93609], [121.96646, -3.93666], [121.96459, -3.93962], [121.96427, -3.94179], [121.96521, -3.94367], [121.96694, -3.94512], [121.96805, -3.94938], [121.96922, -3.95085], [121.96805, -3.95485], [121.96662, -3.95652], [121.96644, -3.9584], [121.96531, -3.9606], [121.96344, -3.96146], [121.96301, -3.96252], [121.96073, -3.96247], [121.95822, -3.96701], [121.95654, -3.96791], [121.95375, -3.97568], [121.95151, -3.97987], [121.96343, -3.98837], [121.9631, -3.99187], [121.96554, -3.99678], [121.96209, -4.00986], [121.95814, -4.01632], [121.95755, -4.02024], [121.95876, -4.02179], [121.95874, -4.02448], [121.95575, -4.02658], [121.9545, -4.02621], [121.95272, -4.02916], [121.95134, -4.05674], [121.95478, -4.05892], [121.9549, -4.06301], [121.95851, -4.06659], [121.95557, -4.07013], [121.95232, -4.07201], [121.94814, -4.07317], [121.94164, -4.07711], [121.93997, -4.07685], [121.93829, -4.07919], [121.93439, -4.08031], [121.93412, -4.08578], [121.93303, -4.08561], [121.92933, -4.08701], [121.92648, -4.0844], [121.92629, -4.08304], [121.92475, -4.08215], [121.92342, -4.08239], [121.92071, -4.08149], [121.91748, -4.07774], [121.91386, -4.07754], [121.91346, -4.07653], [121.91241, -4.07654], [121.90911, -4.07439], [121.90779, -4.07435], [121.90711, -4.07505], [121.90555, -4.07076], [121.90446, -4.06997], [121.89949, -4.06908], [121.89557, -4.06923], [121.89319, -4.06788], [121.89094, -4.06981], [121.88834, -4.07022], [121.88638, -4.0668], [121.88164, -4.06603]]]}}, {"type": "Feature", "properties": {"domain_id": "740236", "name": "LALONGGASUMEETO"}, "geometry": {"type": "Polygon", "coordinates": [[[122.50655, -3.90356], [122.5054, -3.90277], [122.50175, -3.90206], [122.49697, -3.90295], [122.49472, -3.90143], [122.49193, -3.90332], [122.49111, -3.90093], [122.4841, -3.897], [122.48474, -3.89507], [122.48642, -3.89346], [122.48684, -3.89135], [122.48882, -3.89026], [122.48974, -3.8877], [122.49239, -3.88493], [122.49458, -3.8836], [122.49793, -3.88399], [122.50382, -3.88308], [122.50477, -3.881], [122.50539, -3.88083], [122.50574, -3.87868], [122.50632, -3.87848], [122.50692, -3.88142], [122.50858, -3.88302], [122.51101, -3.88462], [122.51196, -3.88433], [122.51579, -3.88573], [122.51744, -3.8885], [122.51676, -3.88962], [122.51828, -3.88942], [122.52104, -3.89154], [122.52252, -3.89156], [122.52276, -3.89332], [122.52536, -3.89476], [122.5319, -3.89521], [122.53234, -3.89741], [122.53376, -3.8983], [122.53583, -3.89821], [122.5369, -3.89886], [122.53719, -3.89711], [122.53634, -3.89549], [122.53538, -3.89529], [122.53381, -3.8935], [122.53668, -3.89244], [122.53731, -3.89308], [122.53987, -3.89291], [122.54238, -3.89631], [122.54237, -3.89799], [122.54188, -3.89817], [122.54247, -3.8987], [122.54727, -3.89909], [122.55448, -3.90119], [122.55634, -3.90268], [122.55985, -3.90292], [122.56136, -3.90227], [122.56157, -3.90186], [122.56081, -3.90221], [122.56087, -3.90161], [122.56178, -3.90028], [122.56456, -3.90016], [122.56548, -3.89929], [122.56798, -3.8994], [122.5691, -3.90052], [122.56898, -3.90248], [122.568, -3.90421], [122.56851, -3.90546], [122.57037, -3.90491], [122.57149, -3.90323], [122.571, -3.90529], [122.56924, -3.90801], [122.56988, -3.91114], [122.56884, -3.91657], [122.56544, -3.92122], [122.56187, -3.92396], [122.56024, -3.92795], [122.56037, -3.93234], [122.55789, -3.9331], [122.5555, -3.93275], [122.55547, -3.93634], [122.553, -3.93967], [122.5527, -3.94141], [122.55014, -3.94195], [122.54939, -3.94305], [122.54623, -3.94351], [122.54135, -3.94068], [122.54032, -3.94182], [122.53852, -3.9418], [122.53652, -3.94047], [122.53556, -3.93897], [122.53372, -3.93885], [122.53235, -3.93795], [122.52767, -3.93785], [122.52505, -3.93993], [122.52473, -3.94105], [122.52369, -3.94086], [122.52324, -3.9376], [122.52383, -3.93589], [122.51986, -3.92755], [122.51735, -3.92498], [122.51716, -3.92108], [122.51645, -3.92052], [122.5141, -3.92084], [122.51326, -3.92007], [122.51357, -3.91342], [122.51307, -3.90899], [122.51212, -3.90818], [122.51016, -3.90789], [122.50808, -3.9044], [122.50655, -3.90356]]]}}, {"type": "Feature", "properties": {"domain_id": "741203", "name": "WAWONII TIMUR LAUT"}, "geometry": {"type": "Polygon", "coordinates": [[[123.23594, -4.04507], [123.23773, -4.04626], [123.2387, -4.04901], [123.241, -4.05234], [123.24142, -4.05469], [123.24424, -4.05552], [123.24558, -4.05753], [123.24198, -4.05897], [123.24102, -4.06062], [123.23649, -4.06181], [123.2304, -4.06574], [123.2289, -4.06557], [123.22743, -4.06385], [123.22572, -4.06372], [123.22551, -4.07021], [123.22465, -4.07016], [123.22285, -4.07225], [123.21289, -4.07321], [123.20773, -4.07462], [123.20519, -4.07675], [123.20271, -4.07745], [123.19909, -4.07642], [123.19145, -4.07662], [123.18953, -4.07588], [123.18403, -4.06923], [123.18113, -4.06915], [123.17921, -4.07029], [123.17748, -4.07037], [123.1743, -4.06874], [123.17084, -4.06818], [123.16268, -4.07021], [123.16568, -4.05935], [123.16722, -4.05844], [123.173, -4.05749], [123.17803, -4.05577], [123.18205, -4.05226], [123.18404, -4.04787], [123.18629, -4.04552], [123.18751, -4.04318], [123.18695, -4.041], [123.18752, -4.03827], [123.18669, -4.03589], [123.18758, -4.03531], [123.18747, -4.0277], [123.18622, -4.02527], [123.18304, -4.02167], [123.1839, -4.01771], [123.18333, -4.01344], [123.18415, -4.01146], [123.18348, -4.00953], [123.18669, -4.00912], [123.18916, -4.00975], [123.19012, -4.01094], [123.19509, -4.01218], [123.19641, -4.01335], [123.2008, -4.01526], [123.20422, -4.0155], [123.20909, -4.01746], [123.21233, -4.01906], [123.21271, -4.0199], [123.21386, -4.02022], [123.21423, -4.01951], [123.21656, -4.02025], [123.219, -4.02294], [123.22192, -4.02442], [123.22548, -4.02871], [123.22658, -4.03758], [123.22589, -4.04062], [123.23104, -4.0412], [123.23432, -4.04293], [123.23594, -4.04507]]]}}, {"type": "Feature", "properties": {"domain_id": "740333", "name": "PASI KOLAGA"}, "geometry": {"type": "Polygon", "coordinates": [[[122.7674, -5.037], [122.76259, -5.04093], [122.76158, -5.04059], [122.76067, -5.03833], [122.75733, -5.0382], [122.75449, -5.0395], [122.75148, -5.04263], [122.74441, -5.05442], [122.7413, -5.05622], [122.73907, -5.05479], [122.73764, -5.0528], [122.73748, -5.05149], [122.73878, -5.05088], [122.7386, -5.04653], [122.7396, -5.041], [122.74066, -5.03879], [122.74632, -5.03734], [122.74759, -5.03605], [122.74838, -5.03616], [122.75076, -5.03266], [122.75225, -5.03186], [122.7558, -5.02443], [122.75695, -5.02328], [122.75863, -5.01878], [122.76109, -5.01745], [122.76269, -5.01512], [122.76389, -5.01452], [122.76677, -5.00766], [122.77052, -5.00717], [122.77375, -5.0075], [122.78026, -5.00412], [122.78112, -5.00253], [122.78322, -5.00127], [122.78363, -4.99989], [122.78894, -4.99571], [122.78996, -4.99171], [122.79336, -4.98967], [122.79486, -4.98739], [122.80002, -4.98565], [122.80701, -4.98517], [122.80812, -4.99003], [122.8062, -4.99379], [122.80258, -4.9958], [122.79517, -4.99741], [122.79394, -5.0], [122.79486, -5.00775], [122.80259, -5.01515], [122.80018, -5.01469], [122.79938, -5.01646], [122.79779, -5.01623], [122.79902, -5.01784], [122.79853, -5.01858], [122.79658, -5.0187], [122.79515, -5.01719], [122.79409, -5.01703], [122.79096, -5.01932], [122.7892, -5.01936], [122.78744, -5.02159], [122.7674, -5.037]]]}}, {"type": "Feature", "properties": {"domain_id": "740516", "name": "MORAMO UTARA"}, "geometry": {"type": "Polygon", "coordinates": [[[122.61253, -4.15287], [122.60871, -4.15716], [122.60728, -4.15733], [122.60118, -4.1632], [122.58426, -4.17616], [122.53871, -4.20105], [122.53781, -4.17199], [122.53448, -4.15228], [122.53483, -4.14125], [122.53548, -4.13826], [122.53494, -4.12509], [122.53048, -4.1087], [122.52671, -4.09118], [122.52426, -4.0901], [122.52551, -4.09003], [122.52588, -4.08789], [122.52692, -4.08759], [122.52907, -4.08427], [122.53131, -4.08459], [122.53772, -4.0838], [122.54023, -4.07872], [122.54178, -4.07932], [122.54167, -4.08026], [122.54227, -4.0806], [122.5436, -4.08007], [122.54388, -4.08118], [122.54712, -4.08038], [122.54852, -4.07837], [122.54852, -4.07648], [122.55188, -4.0741], [122.55188, -4.07281], [122.55294, -4.07323], [122.55267, -4.0745], [122.55389, -4.07483], [122.55946, -4.07199], [122.56326, -4.07174], [122.57751, -4.06646], [122.58931, -4.06156], [122.60495, -4.05247], [122.60608, -4.0494], [122.60842, -4.04807], [122.60747, -4.04552], [122.609, -4.04464], [122.61017, -4.04244], [122.61139, -4.0424], [122.61149, -4.03886], [122.61456, -4.032], [122.61355, -4.03052], [122.61475, -4.02649], [122.61734, -4.02595], [122.62928, -4.02063], [122.63003, -4.02124], [122.63123, -4.01979], [122.63368, -4.01968], [122.63433, -4.0191], [122.63599, -4.01948], [122.63658, -4.01874], [122.63892, -4.01834], [122.63888, -4.01698], [122.64098, -4.01136], [122.64357, -4.00898], [122.64853, -4.00597], [122.65127, -4.00286], [122.65479, -4.00604], [122.65663, -4.00598], [122.65847, -4.00711], [122.65991, -4.01051], [122.65923, -4.01275], [122.66265, -4.01562], [122.66071, -4.02039], [122.66534, -4.02904], [122.66428, -4.03102], [122.66418, -4.03347], [122.66615, -4.03546], [122.66988, -4.03619], [122.67205, -4.03541], [122.67261, -4.03622], [122.67005, -4.04275], [122.66738, -4.04732], [122.66463, -4.04818], [122.66147, -4.04564], [122.65901, -4.04676], [122.65648, -4.04886], [122.6557, -4.05121], [122.65599, -4.05317], [122.65475, -4.05538], [122.65277, -4.05686], [122.65058, -4.05618], [122.64935, -4.05816], [122.65153, -4.06212], [122.65236, -4.06566], [122.65174, -4.0669], [122.65208, -4.07006], [122.65021, -4.07044], [122.65184, -4.07206], [122.65202, -4.07306], [122.65105, -4.07338], [122.65075, -4.07448], [122.65214, -4.07535], [122.6508, -4.07782], [122.65154, -4.08053], [122.6509, -4.08281], [122.6513, -4.08428], [122.65225, -4.08633], [122.6557, -4.08553], [122.65628, -4.08457], [122.65925, -4.08379], [122.66065, -4.08136], [122.66187, -4.081], [122.66131, -4.08183], [122.66193, -4.08358], [122.66089, -4.08353], [122.66044, -4.08427], [122.66291, -4.08567], [122.66178, -4.08571], [122.66185, -4.08714], [122.66144, -4.08672], [122.66019, -4.08767], [122.65945, -4.08752], [122.65945, -4.08976], [122.65819, -4.09149], [122.65959, -4.09162], [122.65965, -4.0899], [122.66089, -4.0881], [122.66181, -4.08869], [122.66133, -4.09046], [122.65928, -4.09226], [122.65902, -4.09344], [122.65714, -4.09478], [122.66081, -4.09537], [122.66474, -4.10012], [122.66335, -4.10157], [122.63745, -4.10358], [122.6345, -4.11549], [122.6267, -4.11816], [122.62308, -4.12235], [122.62041, -4.12673], [122.61718, -4.14138], [122.61546, -4.145], [122.61611, -4.15054], [122.61253, -4.15287]]]}}, {"type": "Feature", "properties": {"domain_id": "741201", "name": "WAWONII BARAT"}, "geometry": {"type": "Polygon", "coordinates": [[[122.98467, -4.07563], [122.98103, -4.07576], [122.97631, -4.07256], [122.97479, -4.07097], [122.97412, -4.06831], [122.97253, -4.06686], [122.96616, -4.06484], [122.95023, -4.05606], [122.94582, -4.05508], [122.94708, -4.05356], [122.95144, -4.05313], [122.95425, -4.05382], [122.95633, -4.05555], [122.96056, -4.05742], [122.96722, -4.05831], [122.97181, -4.05714], [122.97257, -4.05331], [122.97365, -4.05069], [122.97448, -4.05008], [122.9743, -4.04591], [122.97565, -4.04275], [122.97518, -4.04249], [122.97774, -4.04117], [122.98048, -4.03279], [122.98134, -4.03263], [122.98509, -4.02802], [122.98644, -4.02859], [122.98747, -4.02563], [122.98956, -4.02335], [122.98806, -4.02208], [122.98843, -4.02158], [122.9906, -4.02261], [122.99083, -4.02226], [122.98908, -4.02114], [122.98957, -4.02073], [122.9909, -4.02212], [122.99036, -4.02147], [122.99106, -4.02017], [122.9903, -4.0197], [122.9919, -4.02015], [122.99449, -4.01919], [122.99571, -4.01694], [122.99758, -4.0181], [122.99603, -4.02047], [122.99731, -4.02102], [122.99701, -4.02213], [122.99983, -4.02093], [122.99901, -4.02032], [122.99848, -4.02099], [122.99741, -4.01996], [123.00029, -4.01839], [123.00163, -4.01454], [123.00086, -4.01562], [123.00044, -4.01463], [122.99904, -4.01655], [122.99664, -4.01737], [122.99726, -4.01639], [122.99679, -4.01611], [122.99742, -4.01494], [122.99801, -4.00754], [122.99657, -4.00444], [122.99792, -4.00264], [122.99778, -4.00133], [122.99902, -3.99898], [123.00373, -3.99526], [123.00885, -3.98819], [123.01249, -3.97838], [123.01545, -3.97821], [123.01898, -3.97878], [123.0221, -3.98045], [123.02488, -3.98], [123.02768, -3.98081], [123.03018, -3.98242], [123.03624, -3.98865], [123.04806, -3.99777], [123.05123, -3.99736], [123.055, -4.00121], [123.05999, -4.00406], [123.06173, -4.00488], [123.06543, -4.00509], [123.06771, -4.00611], [123.06982, -4.00758], [123.07303, -4.01132], [123.06791, -4.02694], [123.06684, -4.03535], [123.06121, -4.0389], [123.05852, -4.04372], [123.05623, -4.04575], [123.05538, -4.04805], [123.05643, -4.05271], [123.05957, -4.05943], [123.05905, -4.06206], [123.059, -4.07319], [123.06081, -4.07867], [123.06462, -4.10495], [123.06667, -4.11101], [123.06309, -4.11219], [123.05788, -4.112], [123.05329, -4.10683], [123.0523, -4.10269], [123.04774, -4.09941], [123.04538, -4.09593], [123.04344, -4.09499], [123.04023, -4.09461], [123.03585, -4.09618], [123.03336, -4.09639], [123.03121, -4.09579], [123.02977, -4.09406], [123.02572, -4.09156], [123.02348, -4.09113], [123.01786, -4.09414], [123.01329, -4.09452], [123.01032, -4.09549], [123.00646, -4.09484], [123.00443, -4.09182], [123.00188, -4.09013], [123.0, -4.09046], [122.99217, -4.08596], [122.98914, -4.08152], [122.98533, -4.07847], [122.98447, -4.07661], [122.98467, -4.07563]]]}}, {"type": "Feature", "properties": {"domain_id": "740902", "name": "WIWIRANO"}, "geometry": {"type": "Polygon", "coordinates": [[[122.14534, -3.26201], [122.14517, -3.26336], [122.14278, -3.26276], [122.14232, -3.26354], [122.1428, -3.26408], [122.12493, -3.26274], [122.1242, -3.26097], [122.12161, -3.25851], [122.12045, -3.2591], [122.12024, -3.25824], [122.11617, -3.26298], [122.10837, -3.26978], [122.10551, -3.27093], [122.10208, -3.27421], [122.10208, -3.2753], [122.1047, -3.27635], [122.10901, -3.28111], [122.1031, -3.28134], [122.09606, -3.28598], [122.09203, -3.2861], [122.08724, -3.28825], [122.07966, -3.28975], [122.07207, -3.29308], [122.06389, -3.29525], [122.0608, -3.29506], [122.05674, -3.29331], [122.0492, -3.29523], [122.03617, -3.30083], [122.0351, -3.30236], [122.03007, -3.3057], [122.02649, -3.30679], [122.02319, -3.31092], [122.02148, -3.31103], [122.01774, -3.31676], [122.01391, -3.31946], [122.00565, -3.31462], [122.00364, -3.30829], [122.00152, -3.30532], [122.0015, -3.30248], [121.99449, -3.29577], [121.99324, -3.29508], [121.98807, -3.29469], [121.98324, -3.28999], [121.9788, -3.2875], [121.9756, -3.28695], [121.97061, -3.2876], [121.96584, -3.28428], [121.96379, -3.28161], [121.9621, -3.28095], [121.95909, -3.2782], [121.95689, -3.27743], [121.95482, -3.27492], [121.9476, -3.27318], [121.9455, -3.27336], [121.94091, -3.27532], [121.93641, -3.27524], [121.93233, -3.27431], [121.92869, -3.27512], [121.92592, -3.27447], [121.9247, -3.27527], [121.92353, -3.27814], [121.92232, -3.27865], [121.91498, -3.27505], [121.91516, -3.27412], [121.91198, -3.26509], [121.90851, -3.25868], [121.9073, -3.25391], [121.90625, -3.25225], [121.90339, -3.25029], [121.90246, -3.24888], [121.89418, -3.24529], [121.89199, -3.2423], [121.89081, -3.23942], [121.88899, -3.23873], [121.88444, -3.2388], [121.88128, -3.23741], [121.8795, -3.23565], [121.87662, -3.23037], [121.87528, -3.23048], [121.87258, -3.23327], [121.87142, -3.23342], [121.86706, -3.23194], [121.86367, -3.23295], [121.86036, -3.22999], [121.85844, -3.2293], [121.85799, -3.2279], [121.85672, -3.228], [121.85417, -3.22987], [121.84659, -3.22998], [121.84256, -3.22816], [121.84169, -3.2269], [121.84107, -3.22334], [121.83576, -3.22267], [121.83496, -3.22021], [121.83771, -3.21664], [121.83732, -3.21255], [121.84096, -3.21026], [121.84386, -3.21001], [121.84462, -3.20829], [121.84596, -3.20768], [121.84506, -3.20492], [121.84627, -3.20283], [121.84611, -3.20107], [121.88674, -3.15613], [121.9023, -3.14544], [121.91482, -3.13097], [121.91858, -3.12803], [121.9244, -3.1251], [121.92665, -3.12303], [121.9277, -3.11958], [121.93212, -3.11146], [121.93052, -3.10787], [121.95096, -3.0483], [121.95279, -3.05088], [121.95815, -3.04852], [121.96228, -3.0429], [121.96588, -3.04358], [121.97127, -3.0425], [121.97522, -3.04242], [121.9776, -3.04113], [121.97876, -3.04154], [121.98196, -3.04784], [121.9837, -3.04682], [121.99521, -3.04647], [122.00264, -3.04312], [122.0064, -3.04459], [122.01121, -3.0484], [122.01489, -3.04828], [122.0193, -3.04682], [122.02407, -3.04655], [122.03026, -3.04824], [122.03318, -3.05044], [122.03866, -3.05231], [122.03875, -3.0642], [122.03527, -3.07183], [122.04423, -3.07282], [122.0654, -3.08071], [122.06796, -3.08185], [122.06781, -3.08344], [122.06645, -3.08488], [122.06648, -3.08942], [122.0704, -3.08889], [122.08004, -3.09223], [122.08215, -3.09238], [122.09619, -3.08941], [122.11161, -3.08745], [122.11755, -3.08497], [122.12647, -3.08266], [122.13087, -3.07174], [122.13754, -3.06263], [122.14432, -3.05018], [122.1467, -3.04413], [122.15059, -3.03935], [122.16124, -3.0444], [122.16803, -3.04862], [122.1825, -3.06004], [122.1862, -3.06208], [122.18998, -3.06665], [122.19451, -3.07538], [122.19529, -3.08076], [122.19317, -3.08164], [122.19295, -3.08422], [122.2025, -3.09576], [122.20347, -3.09488], [122.20531, -3.09643], [122.20844, -3.09555], [122.20974, -3.09576], [122.21352, -3.09862], [122.21735, -3.09908], [122.22356, -3.1018], [122.22513, -3.10194], [122.22811, -3.1003], [122.22929, -3.09875], [122.23553, -3.09756], [122.24395, -3.09261], [122.24876, -3.09346], [122.26087, -3.10043], [122.26478, -3.10099], [122.2627, -3.10535], [122.258, -3.11176], [122.25347, -3.12392], [122.25299, -3.13086], [122.2542, -3.13619], [122.25654, -3.14033], [122.26116, -3.1429], [122.27028, -3.14432], [122.27377, -3.1467], [122.27616, -3.14575], [122.28208, -3.14529], [122.28983, -3.14866], [122.29252, -3.15098], [122.29296, -3.15319], [122.29459, -3.15552], [122.30155, -3.15783], [122.30311, -3.15972], [122.30573, -3.16116], [122.31324, -3.16419], [122.31807, -3.1707], [122.31869, -3.17398], [122.31737, -3.17593], [122.31667, -3.1785], [122.31348, -3.18147], [122.312, -3.19013], [122.31254, -3.19283], [122.30934, -3.19276], [122.30143, -3.19708], [122.29247, -3.19906], [122.28621, -3.2068], [122.28451, -3.20707], [122.28462, -3.20531], [122.28405, -3.2047], [122.28441, -3.20262], [122.28312, -3.20145], [122.27897, -3.20413], [122.27727, -3.20403], [122.27566, -3.20478], [122.27419, -3.20437], [122.27321, -3.20282], [122.27207, -3.20305], [122.26905, -3.2015], [122.26352, -3.20188], [122.25935, -3.20456], [122.25846, -3.20589], [122.25534, -3.2071], [122.24416, -3.20673], [122.23135, -3.20509], [122.22836, -3.20615], [122.22418, -3.20531], [122.21942, -3.20839], [122.21767, -3.21265], [122.20553, -3.22003], [122.2012, -3.22588], [122.1948, -3.22642], [122.19222, -3.22897], [122.18629, -3.2306], [122.18034, -3.22884], [122.17239, -3.22851], [122.16898, -3.22727], [122.16586, -3.22978], [122.16315, -3.23023], [122.16422, -3.23294], [122.16663, -3.23494], [122.16882, -3.2384], [122.1708, -3.2392], [122.17265, -3.23881], [122.17165, -3.24068], [122.16629, -3.24404], [122.15868, -3.24403], [122.15908, -3.24536], [122.15573, -3.24506], [122.15259, -3.24388], [122.15042, -3.24591], [122.15223, -3.25597], [122.15112, -3.26011], [122.14729, -3.26262], [122.14534, -3.26201]]]}}, {"type": "Feature", "properties": {"domain_id": "740424", "name": "LASALIMU SELATAN"}, "geometry": {"type": "Polygon", "coordinates": [[[123.16383, -5.34836], [123.1623, -5.34707], [123.15747, -5.345], [123.15515, -5.34298], [123.15407, -5.34144], [123.15257, -5.3362], [123.14551, -5.33178], [123.14391, -5.32959], [123.14282, -5.32909], [123.14203, -5.32897], [123.14231, -5.32996], [123.14169, -5.33096], [123.14009, -5.33139], [123.1386, -5.32899], [123.13759, -5.32893], [123.13563, -5.32986], [123.13357, -5.332], [123.13321, -5.33048], [123.13099, -5.33044], [123.12968, -5.32907], [123.12769, -5.32936], [123.12636, -5.33074], [123.12784, -5.33265], [123.12662, -5.33533], [123.125, -5.33661], [123.12262, -5.33666], [123.11583, -5.33372], [123.11273, -5.33051], [123.10891, -5.33001], [123.10835, -5.32816], [123.10865, -5.32625], [123.10763, -5.32534], [123.10374, -5.32499], [123.09541, -5.32199], [123.08716, -5.32055], [123.07991, -5.32162], [123.07781, -5.32107], [123.07678, -5.31798], [123.07207, -5.31244], [123.0652, -5.30222], [123.05741, -5.29497], [123.05594, -5.28922], [123.05601, -5.28023], [123.05554, -5.27853], [123.0533, -5.2765], [123.04862, -5.27555], [123.04666, -5.27412], [123.04351, -5.2686], [123.04315, -5.26641], [123.04428, -5.26465], [123.05006, -5.25872], [123.05532, -5.26035], [123.06067, -5.25947], [123.06613, -5.26296], [123.07236, -5.2625], [123.09125, -5.26333], [123.09301, -5.26262], [123.09524, -5.25853], [123.09681, -5.25714], [123.10583, -5.2546], [123.11028, -5.25455], [123.11446, -5.25297], [123.11978, -5.24977], [123.12101, -5.24829], [123.12306, -5.24752], [123.12512, -5.24476], [123.12745, -5.24464], [123.12863, -5.24644], [123.1287, -5.24555], [123.12939, -5.24546], [123.1324, -5.24661], [123.13462, -5.24299], [123.14302, -5.24049], [123.14425, -5.23913], [123.14474, -5.24008], [123.14607, -5.23981], [123.14724, -5.24064], [123.14739, -5.24254], [123.14874, -5.24338], [123.15096, -5.24743], [123.15213, -5.24838], [123.15647, -5.24707], [123.15836, -5.24875], [123.15754, -5.24616], [123.15783, -5.24701], [123.15825, -5.24645], [123.16074, -5.24654], [123.16069, -5.2486], [123.15848, -5.24889], [123.15892, -5.24977], [123.15978, -5.24989], [123.16207, -5.24936], [123.16222, -5.24829], [123.1648, -5.24857], [123.16507, -5.24784], [123.16616, -5.24857], [123.17581, -5.2461], [123.17895, -5.24609], [123.18153, -5.2471], [123.18464, -5.2499], [123.18518, -5.24967], [123.18487, -5.25425], [123.1855, -5.25638], [123.18677, -5.25796], [123.19403, -5.25887], [123.19706, -5.26027], [123.19908, -5.26591], [123.19871, -5.26814], [123.19802, -5.26837], [123.19852, -5.26885], [123.19785, -5.26892], [123.19779, -5.26798], [123.1971, -5.26986], [123.19598, -5.27081], [123.19768, -5.27221], [123.19875, -5.27197], [123.20301, -5.27325], [123.21022, -5.27357], [123.21287, -5.27298], [123.21519, -5.27162], [123.21813, -5.27182], [123.22056, -5.273], [123.22409, -5.27634], [123.22448, -5.2794], [123.22291, -5.28238], [123.22074, -5.29339], [123.21739, -5.30223], [123.2131, -5.30644], [123.21197, -5.30838], [123.20809, -5.30865], [123.20266, -5.31244], [123.20045, -5.31558], [123.199, -5.31902], [123.19699, -5.31955], [123.19675, -5.32172], [123.19502, -5.32603], [123.19473, -5.32951], [123.19342, -5.33256], [123.18783, -5.33807], [123.18514, -5.33954], [123.1852, -5.34291], [123.1825, -5.34528], [123.1807, -5.34794], [123.17847, -5.34922], [123.1771, -5.34919], [123.17479, -5.35609], [123.17322, -5.35847], [123.16893, -5.3599], [123.16747, -5.35933], [123.16771, -5.35729], [123.16608, -5.35748], [123.1663, -5.3597], [123.16504, -5.36057], [123.16443, -5.36247], [123.16471, -5.36419], [123.16315, -5.36521], [123.16218, -5.36434], [123.16331, -5.36244], [123.16205, -5.36071], [123.16281, -5.35844], [123.16183, -5.35421], [123.16295, -5.35331], [123.16474, -5.35326], [123.1664, -5.35135], [123.16582, -5.35066], [123.16426, -5.35097], [123.16468, -5.34991], [123.16383, -5.34836]]]}}, {"type": "Feature", "properties": {"domain_id": "740211", "name": "SOROPIA"}, "geometry": {"type": "MultiPolygon", "coordinates": [[[[122.63039, -3.93779], [122.6278, -3.9377], [122.6246, -3.94104], [122.62596, -3.94227], [122.62634, -3.94397], [122.62752, -3.94473], [122.62591, -3.94841], [122.62369, -3.94519], [122.6224, -3.94468], [122.61958, -3.94535], [122.6162, -3.945], [122.61392, -3.94663], [122.60558, -3.94445], [122.60462, -3.94292], [122.60188, -3.94458], [122.5993, -3.94398], [122.59687, -3.94483], [122.59543, -3.94426], [122.5943, -3.94228], [122.59533, -3.93677], [122.59358, -3.93541], [122.59128, -3.93177], [122.58648, -3.93569], [122.58471, -3.93568], [122.58354, -3.9369], [122.58132, -3.93633], [122.58127, -3.9388], [122.57455, -3.94081], [122.57224, -3.93855], [122.57189, -3.93654], [122.57006, -3.93373], [122.56695, -3.93337], [122.56558, -3.93438], [122.56037, -3.93234], [122.56024, -3.92795], [122.56187, -3.92396], [122.56544, -3.92122], [122.56884, -3.91657], [122.56988, -3.91114], [122.56924, -3.90801], [122.571, -3.90529], [122.57149, -3.90323], [122.57433, -3.90509], [122.57444, -3.90193], [122.57541, -3.90151], [122.57583, -3.90344], [122.57653, -3.90362], [122.57784, -3.90062], [122.57665, -3.90081], [122.57663, -3.90131], [122.57574, -3.8996], [122.57484, -3.89936], [122.57477, -3.89815], [122.57793, -3.897], [122.58132, -3.89663], [122.58309, -3.89545], [122.58593, -3.89515], [122.58596, -3.89957], [122.58825, -3.90119], [122.58785, -3.8997], [122.58862, -3.89944], [122.58855, -3.89756], [122.58753, -3.89642], [122.58742, -3.89472], [122.58793, -3.89418], [122.59618, -3.89565], [122.5971, -3.89429], [122.59904, -3.89442], [122.60444, -3.89291], [122.60704, -3.89503], [122.6061, -3.89655], [122.60718, -3.89615], [122.6064, -3.89691], [122.60713, -3.89801], [122.60789, -3.89727], [122.61014, -3.89832], [122.61267, -3.8965], [122.6141, -3.89627], [122.61449, -3.89455], [122.61405, -3.89421], [122.61495, -3.89283], [122.61667, -3.89274], [122.6182, -3.89364], [122.61928, -3.89336], [122.62103, -3.89103], [122.62324, -3.89103], [122.62423, -3.89248], [122.62625, -3.89299], [122.62724, -3.89285], [122.62746, -3.89172], [122.62944, -3.89101], [122.63351, -3.89148], [122.63516, -3.89086], [122.63646, -3.89156], [122.63952, -3.89084], [122.64435, -3.89213], [122.64699, -3.8915], [122.65101, -3.89213], [122.65173, -3.8934], [122.65412, -3.89435], [122.66573, -3.89708], [122.66644, -3.89804], [122.6661, -3.90065], [122.66402, -3.90548], [122.66446, -3.90708], [122.66351, -3.90755], [122.66352, -3.90927], [122.66418, -3.91262], [122.66721, -3.91798], [122.6654, -3.91911], [122.66472, -3.92522], [122.66083, -3.92744], [122.65986, -3.92657], [122.65796, -3.92679], [122.65559, -3.92579], [122.64721, -3.92461], [122.64597, -3.92954], [122.64676, -3.93115], [122.64892, -3.93259], [122.64815, -3.93396], [122.63946, -3.93579], [122.63794, -3.93672], [122.63586, -3.93678], [122.63441, -3.93785], [122.63323, -3.9375], [122.63268, -3.93834], [122.6326, -3.93723], [122.63036, -3.93689], [122.63039, -3.93779]]], [[[122.70589, -3.91023], [122.69854, -3.90125], [122.6971, -3.89801], [122.69701, -3.89678], [122.69784, -3.8956], [122.70115, -3.89237], [122.71276, -3.8913], [122.71988, -3.89192], [122.72636, -3.89609], [122.72636, -3.90006], [122.72291, -3.90464], [122.72058, -3.90627], [122.71693, -3.90779], [122.71188, -3.91113], [122.70912, -3.9114], [122.70589, -3.91023]]], [[[122.66597, -3.94029], [122.66467, -3.94248], [122.66359, -3.94216], [122.66219, -3.94312], [122.66147, -3.94241], [122.66315, -3.94176], [122.66524, -3.93977], [122.66526, -3.93908], [122.66383, -3.93939], [122.66295, -3.94036], [122.66147, -3.94035], [122.66098, -3.94115], [122.65972, -3.94076], [122.65892, -3.93962], [122.6615, -3.93989], [122.66476, -3.93865], [122.66568, -3.9393], [122.66597, -3.94029]]], [[[122.76058, -3.98046], [122.76191, -3.97858], [122.76461, -3.97786], [122.76367, -3.97999], [122.76058, -3.98046]]], [[[122.81805, -3.87893], [122.81616, -3.87753], [122.81819, -3.87725], [122.82165, -3.87828], [122.8199, -3.87928], [122.81805, -3.87893]]]]}}, {"type": "Feature", "properties": {"domain_id": "740238", "name": "PADANGGUNI"}, "geometry": {"type": "Polygon", "coordinates": [[[121.88799, -3.72754], [121.88299, -3.72633], [121.8788, -3.72646], [121.87841, -3.72553], [121.87624, -3.7245], [121.87157, -3.72303], [121.86707, -3.72265], [121.86664, -3.71924], [121.86529, -3.71775], [121.86503, -3.71616], [121.86511, -3.71262], [121.86698, -3.70867], [121.8635, -3.70575], [121.86302, -3.70443], [121.86457, -3.70148], [121.8654, -3.69704], [121.86471, -3.69544], [121.86126, -3.693], [121.86195, -3.68901], [121.86079, -3.68808], [121.85986, -3.68477], [121.86077, -3.68086], [121.86012, -3.67811], [121.86084, -3.67557], [121.85754, -3.67279], [121.85954, -3.66827], [121.8556, -3.66703], [121.8552, -3.66561], [121.85336, -3.66473], [121.8504, -3.66163], [121.8477, -3.662], [121.84598, -3.66338], [121.8349, -3.66418], [121.83537, -3.65991], [121.83463, -3.6561], [121.83762, -3.65297], [121.83571, -3.64829], [121.83589, -3.6464], [121.83322, -3.643], [121.83047, -3.63225], [121.83272, -3.62743], [121.83756, -3.62106], [121.84062, -3.61867], [121.84427, -3.61894], [121.84547, -3.61533], [121.8445, -3.61485], [121.84356, -3.61288], [121.84202, -3.61223], [121.84196, -3.60909], [121.84014, -3.60914], [121.83879, -3.60609], [121.83795, -3.60652], [121.83722, -3.60463], [121.83629, -3.60525], [121.83504, -3.60389], [121.83592, -3.60185], [121.83532, -3.59952], [121.83581, -3.59784], [121.83347, -3.59737], [121.83322, -3.59509], [121.83421, -3.59157], [121.83386, -3.58446], [121.83464, -3.58269], [121.8334, -3.58105], [121.83393, -3.57839], [121.83287, -3.5772], [121.83285, -3.57564], [121.83183, -3.57385], [121.83239, -3.57161], [121.82845, -3.57059], [121.82738, -3.56782], [121.82321, -3.5651], [121.83104, -3.56255], [121.83364, -3.56297], [121.83586, -3.56414], [121.83783, -3.56367], [121.84167, -3.56649], [121.8437, -3.56623], [121.85239, -3.55966], [121.8559, -3.55941], [121.85709, -3.56068], [121.85739, -3.5628], [121.85947, -3.56277], [121.86095, -3.56366], [121.86727, -3.56362], [121.87206, -3.56435], [121.87287, -3.56571], [121.87533, -3.56712], [121.87895, -3.56773], [121.88023, -3.56867], [121.88218, -3.56858], [121.88677, -3.57259], [121.89135, -3.5737], [121.89416, -3.57197], [121.894, -3.5696], [121.89474, -3.56696], [121.89684, -3.56344], [121.90098, -3.55966], [121.90588, -3.558], [121.90835, -3.55967], [121.90996, -3.56236], [121.91466, -3.56378], [121.91497, -3.56606], [121.91654, -3.56778], [121.92207, -3.56694], [121.93366, -3.56971], [121.93533, -3.56831], [121.93663, -3.56993], [121.94124, -3.56731], [121.94451, -3.56397], [121.94543, -3.56411], [121.94613, -3.56591], [121.94862, -3.5669], [121.95249, -3.56536], [121.95338, -3.56375], [121.96028, -3.56704], [121.96641, -3.57236], [121.96975, -3.57783], [121.97289, -3.58016], [121.97518, -3.58105], [121.97833, -3.57875], [121.97952, -3.57526], [121.98083, -3.57451], [121.98304, -3.57808], [121.98754, -3.58346], [121.98894, -3.58424], [121.99075, -3.58809], [121.99159, -3.59324], [121.99161, -3.5988], [121.98733, -3.60719], [121.98685, -3.61273], [121.98404, -3.61415], [121.98143, -3.61709], [121.98058, -3.61925], [121.97724, -3.61901], [121.97483, -3.62211], [121.97484, -3.6236], [121.97666, -3.62576], [121.98067, -3.62855], [121.9837, -3.63514], [121.98054, -3.64246], [121.97825, -3.64416], [121.97791, -3.64581], [121.97553, -3.64968], [121.97144, -3.6507], [121.97154, -3.65147], [121.97369, -3.65278], [121.97485, -3.65687], [121.97428, -3.65833], [121.97149, -3.66131], [121.97164, -3.6637], [121.96997, -3.66659], [121.9695, -3.66876], [121.96467, -3.66846], [121.96327, -3.66719], [121.96259, -3.66733], [121.96113, -3.66866], [121.95844, -3.67334], [121.95659, -3.67488], [121.95561, -3.67477], [121.95372, -3.67299], [121.95171, -3.67592], [121.94684, -3.67591], [121.94233, -3.68077], [121.93757, -3.67991], [121.93371, -3.68116], [121.9299, -3.68058], [121.92829, -3.68307], [121.92486, -3.68387], [121.92111, -3.68232], [121.91865, -3.67938], [121.91737, -3.67985], [121.91317, -3.68673], [121.90983, -3.68919], [121.90802, -3.68919], [121.90469, -3.69094], [121.90437, -3.69314], [121.9021, -3.69455], [121.90029, -3.69785], [121.89959, -3.69772], [121.90044, -3.69872], [121.89958, -3.69871], [121.89962, -3.69963], [121.89923, -3.69906], [121.89827, -3.69968], [121.89907, -3.70104], [121.8981, -3.70064], [121.89683, -3.70208], [121.89621, -3.70154], [121.89565, -3.70205], [121.896, -3.70339], [121.89663, -3.7029], [121.89806, -3.70671], [121.89952, -3.70747], [121.90111, -3.70736], [121.90209, -3.70802], [121.90133, -3.70929], [121.90222, -3.71042], [121.90611, -3.71173], [121.90615, -3.71305], [121.90481, -3.71339], [121.90437, -3.71416], [121.90592, -3.71457], [121.90567, -3.71514], [121.90641, -3.7159], [121.90569, -3.71567], [121.90518, -3.71655], [121.90424, -3.7159], [121.90418, -3.71654], [121.90211, -3.71615], [121.90186, -3.71701], [121.90366, -3.71871], [121.90472, -3.7184], [121.90554, -3.71954], [121.90654, -3.71933], [121.90657, -3.72], [121.90743, -3.71919], [121.90707, -3.72024], [121.90801, -3.72059], [121.90882, -3.72372], [121.90827, -3.72399], [121.90851, -3.72477], [121.90599, -3.72319], [121.90519, -3.72347], [121.90563, -3.72426], [121.9046, -3.72494], [121.90632, -3.72684], [121.9038, -3.72558], [121.9016, -3.72088], [121.89734, -3.71993], [121.89526, -3.72301], [121.89599, -3.72554], [121.89454, -3.72726], [121.89274, -3.72824], [121.88799, -3.72754]]]}}, {"type": "Feature", "properties": {"domain_id": "741404", "name": "MAWASANGKA"}, "geometry": {"type": "Polygon", "coordinates": [[[122.32573, -5.36912], [122.33083, -5.38514], [122.3328, -5.39551], [122.32662, -5.39666], [122.31713, -5.39603], [122.30373, -5.39667], [122.2975, -5.39616], [122.29121, -5.3943], [122.28451, -5.39503], [122.27959, -5.39377], [122.27329, -5.38888], [122.26827, -5.38259], [122.26861, -5.38085], [122.26669, -5.37361], [122.26681, -5.37071], [122.26968, -5.36383], [122.26612, -5.35537], [122.26685, -5.35394], [122.26663, -5.34406], [122.26574, -5.33906], [122.26655, -5.3329], [122.26597, -5.32765], [122.26784, -5.32126], [122.26836, -5.31449], [122.2692, -5.31131], [122.27316, -5.30324], [122.27577, -5.29565], [122.28461, -5.28737], [122.28776, -5.2816], [122.28856, -5.28219], [122.28803, -5.28328], [122.29018, -5.28161], [122.30094, -5.26655], [122.30099, -5.26527], [122.30236, -5.26381], [122.30336, -5.26114], [122.30646, -5.25733], [122.30868, -5.24961], [122.31196, -5.24445], [122.31301, -5.24371], [122.31587, -5.23815], [122.31538, -5.23296], [122.31602, -5.23226], [122.31524, -5.23042], [122.31534, -5.22783], [122.31425, -5.22542], [122.30978, -5.22079], [122.30796, -5.22012], [122.30553, -5.2166], [122.30492, -5.21377], [122.3056, -5.21285], [122.30854, -5.21226], [122.30561, -5.2096], [122.30638, -5.20702], [122.30573, -5.2042], [122.30502, -5.20282], [122.3037, -5.20211], [122.30342, -5.20103], [122.30413, -5.19583], [122.30676, -5.1949], [122.30817, -5.19537], [122.3092, -5.19466], [122.31239, -5.19159], [122.31413, -5.18775], [122.31584, -5.18686], [122.31584, -5.18517], [122.31485, -5.18367], [122.31547, -5.18105], [122.31525, -5.17397], [122.31584, -5.17358], [122.3152, -5.17298], [122.3153, -5.17124], [122.31443, -5.16966], [122.31331, -5.16969], [122.31158, -5.16791], [122.31014, -5.16542], [122.31133, -5.16415], [122.31087, -5.16366], [122.31151, -5.1625], [122.31113, -5.1618], [122.31215, -5.16134], [122.31172, -5.16035], [122.31243, -5.15976], [122.31177, -5.15819], [122.31229, -5.1579], [122.31042, -5.15265], [122.30778, -5.15145], [122.30708, -5.15052], [122.30845, -5.14715], [122.31158, -5.14403], [122.31664, -5.14229], [122.31879, -5.1431], [122.32015, -5.14575], [122.32176, -5.14626], [122.32505, -5.14589], [122.33622, -5.147], [122.34164, -5.14536], [122.34321, -5.14671], [122.34514, -5.14614], [122.34571, -5.147], [122.3455, -5.1485], [122.34464, -5.14892], [122.3445, -5.14978], [122.3455, -5.15057], [122.3465, -5.15078], [122.3475, -5.14878], [122.34921, -5.15042], [122.35042, -5.15064], [122.35021, -5.15142], [122.35128, -5.15199], [122.35335, -5.15114], [122.35485, -5.15342], [122.35478, -5.15528], [122.35378, -5.15685], [122.35514, -5.15721], [122.35599, -5.1582], [122.35628, -5.15928], [122.35514, -5.16106], [122.35706, -5.16249], [122.35792, -5.16541], [122.35778, -5.16813], [122.36142, -5.1722], [122.36334, -5.17248], [122.36342, -5.17334], [122.35928, -5.17441], [122.35899, -5.17534], [122.3597, -5.17669], [122.36199, -5.17841], [122.3642, -5.17812], [122.36734, -5.17933], [122.36777, -5.18019], [122.36627, -5.18462], [122.36734, -5.18626], [122.36834, -5.18654], [122.36913, -5.18583], [122.36977, -5.18233], [122.37241, -5.18283], [122.37562, -5.18554], [122.37712, -5.18819], [122.377, -5.19095], [122.37568, -5.19287], [122.4076, -5.19161], [122.40732, -5.20981], [122.4359, -5.22661], [122.43678, -5.23389], [122.44375, -5.25409], [122.43075, -5.25548], [122.42418, -5.25354], [122.41715, -5.25304], [122.41136, -5.25569], [122.41014, -5.25548], [122.40842, -5.25375], [122.40734, -5.25377], [122.3998, -5.25662], [122.39595, -5.26059], [122.39661, -5.26222], [122.39637, -5.26491], [122.39449, -5.26612], [122.39098, -5.26602], [122.38692, -5.26423], [122.38335, -5.26068], [122.37799, -5.25948], [122.37627, -5.26121], [122.3748, -5.2617], [122.35814, -5.2649], [122.35149, -5.26713], [122.35833, -5.27505], [122.3633, -5.277], [122.36591, -5.27692], [122.35222, -5.29285], [122.3448, -5.30628], [122.33923, -5.31289], [122.33724, -5.31746], [122.33566, -5.3189], [122.33335, -5.32587], [122.33018, -5.3293], [122.32961, -5.33204], [122.32368, -5.34276], [122.32236, -5.35216], [122.32552, -5.36457], [122.32573, -5.36912]]]}}, {"type": "Feature", "properties": {"domain_id": "740306", "name": "NAPABALANO"}, "geometry": {"type": "Polygon", "coordinates": [[[122.73027, -4.65113], [122.73043, -4.65202], [122.72933, -4.65226], [122.73051, -4.6554], [122.73184, -4.65781], [122.73454, -4.65936], [122.73422, -4.66592], [122.7335, -4.66746], [122.73253, -4.6676], [122.73291, -4.66856], [122.73665, -4.67057], [122.73617, -4.67309], [122.73393, -4.67192], [122.73344, -4.67097], [122.73135, -4.6704], [122.73246, -4.67233], [122.73199, -4.67474], [122.73311, -4.67567], [122.7344, -4.67486], [122.73546, -4.67646], [122.73558, -4.67736], [122.73423, -4.67973], [122.73477, -4.68153], [122.73019, -4.68179], [122.72467, -4.68046], [122.72058, -4.68049], [122.71766, -4.67981], [122.71604, -4.68021], [122.71481, -4.68162], [122.71479, -4.68286], [122.71666, -4.68675], [122.71571, -4.68753], [122.71575, -4.68831], [122.71218, -4.69078], [122.70545, -4.69149], [122.70445, -4.6926], [122.70254, -4.69332], [122.696, -4.69514], [122.69308, -4.69523], [122.69058, -4.69441], [122.68735, -4.69228], [122.67521, -4.68751], [122.67281, -4.68573], [122.66763, -4.68356], [122.66202, -4.68572], [122.6581, -4.68586], [122.65144, -4.68495], [122.64942, -4.68443], [122.65368, -4.68049], [122.65332, -4.67933], [122.64837, -4.678], [122.63767, -4.678], [122.6339, -4.67442], [122.63144, -4.6675], [122.63054, -4.65989], [122.63291, -4.65004], [122.6264, -4.64202], [122.6268, -4.64103], [122.62602, -4.63983], [122.62841, -4.63934], [122.62984, -4.63791], [122.62901, -4.63357], [122.63031, -4.63214], [122.6331, -4.63216], [122.63432, -4.63389], [122.6394, -4.63653], [122.6396, -4.63729], [122.63981, -4.63493], [122.6434, -4.63309], [122.64347, -4.63178], [122.64499, -4.6293], [122.64952, -4.62637], [122.6538, -4.62464], [122.65624, -4.62785], [122.65824, -4.62739], [122.65959, -4.62557], [122.65911, -4.62278], [122.65768, -4.62196], [122.65659, -4.61894], [122.65953, -4.61611], [122.66194, -4.61608], [122.66251, -4.61412], [122.66481, -4.61174], [122.6692, -4.61039], [122.67748, -4.61232], [122.68231, -4.61149], [122.68778, -4.61471], [122.68934, -4.6144], [122.69069, -4.61501], [122.69073, -4.61563], [122.69281, -4.61545], [122.69811, -4.61659], [122.70105, -4.6192], [122.70417, -4.62067], [122.71063, -4.6264], [122.71835, -4.63108], [122.71946, -4.63109], [122.72195, -4.63455], [122.73508, -4.64266], [122.73788, -4.64579], [122.74019, -4.64923], [122.74039, -4.65047], [122.73919, -4.65198], [122.73057, -4.6507], [122.73027, -4.65113]]]}}, {"type": "Feature", "properties": {"domain_id": "740231", "name": "ASINUA"}, "geometry": {"type": "Polygon", "coordinates": [[[121.86592, -3.71142], [121.86511, -3.71262], [121.86507, -3.71695], [121.86664, -3.71924], [121.868, -3.72756], [121.86644, -3.73029], [121.86618, -3.73205], [121.86616, -3.73389], [121.86752, -3.73742], [121.86591, -3.73922], [121.86567, -3.7415], [121.86734, -3.74515], [121.87012, -3.7481], [121.8708, -3.7516], [121.87303, -3.75443], [121.87307, -3.7574], [121.87453, -3.76373], [121.87536, -3.76496], [121.87884, -3.76489], [121.88524, -3.76755], [121.88614, -3.76967], [121.88954, -3.77222], [121.89149, -3.7749], [121.89532, -3.77695], [121.88748, -3.78419], [121.88133, -3.78501], [121.87881, -3.78735], [121.87648, -3.78771], [121.87591, -3.78593], [121.87429, -3.78441], [121.87259, -3.78394], [121.86976, -3.78462], [121.86748, -3.78436], [121.86653, -3.78566], [121.86332, -3.78438], [121.86278, -3.78323], [121.85785, -3.78209], [121.85383, -3.78196], [121.84303, -3.78302], [121.84113, -3.7826], [121.83682, -3.78461], [121.82783, -3.78078], [121.82717, -3.78014], [121.82927, -3.7729], [121.83035, -3.77103], [121.83047, -3.76708], [121.8277, -3.76087], [121.82678, -3.76025], [121.8234, -3.76078], [121.82288, -3.76028], [121.82284, -3.75522], [121.81978, -3.75639], [121.81487, -3.75708], [121.8109, -3.75983], [121.80956, -3.75947], [121.80539, -3.7548], [121.80398, -3.75686], [121.80343, -3.75912], [121.80226, -3.76023], [121.79506, -3.75841], [121.79216, -3.76014], [121.79151, -3.76139], [121.78097, -3.76351], [121.77577, -3.76707], [121.77404, -3.76743], [121.7698, -3.76646], [121.76473, -3.76416], [121.76094, -3.75945], [121.75877, -3.75852], [121.7569, -3.75903], [121.75317, -3.7615], [121.75237, -3.76363], [121.74946, -3.76488], [121.74862, -3.76668], [121.74627, -3.76637], [121.74532, -3.7624], [121.74265, -3.75977], [121.74364, -3.75931], [121.74394, -3.75801], [121.74304, -3.75596], [121.74324, -3.75286], [121.73973, -3.74971], [121.73967, -3.74633], [121.73823, -3.74283], [121.73918, -3.74081], [121.73427, -3.74191], [121.73106, -3.74042], [121.73061, -3.73793], [121.72731, -3.73661], [121.72781, -3.7302], [121.72581, -3.72561], [121.72419, -3.72498], [121.72476, -3.72297], [121.72178, -3.72078], [121.72148, -3.71968], [121.72074, -3.71969], [121.72001, -3.71667], [121.7176, -3.71509], [121.71693, -3.71268], [121.71604, -3.71273], [121.71577, -3.70919], [121.71534, -3.70873], [121.71454, -3.70916], [121.71325, -3.70645], [121.71442, -3.7039], [121.71382, -3.70201], [121.71278, -3.70129], [121.7134, -3.69978], [121.71191, -3.69922], [121.71348, -3.69658], [121.71261, -3.69547], [121.71416, -3.69388], [121.71286, -3.69022], [121.71353, -3.68952], [121.71118, -3.68844], [121.70926, -3.68874], [121.70802, -3.68787], [121.70723, -3.68254], [121.70871, -3.68186], [121.70599, -3.67931], [121.70649, -3.67742], [121.70786, -3.67785], [121.70763, -3.67619], [121.70851, -3.67432], [121.71204, -3.67049], [121.71222, -3.66889], [121.71129, -3.66818], [121.71223, -3.6671], [121.71176, -3.66592], [121.71321, -3.66536], [121.7136, -3.66416], [121.71438, -3.66493], [121.71728, -3.66387], [121.71685, -3.6632], [121.7159, -3.66328], [121.71857, -3.66002], [121.71824, -3.65922], [121.71954, -3.65797], [121.71884, -3.65768], [121.7198, -3.65704], [121.72043, -3.65741], [121.72082, -3.65571], [121.72166, -3.65508], [121.72184, -3.65097], [121.72255, -3.6512], [121.72439, -3.64919], [121.72545, -3.64962], [121.72668, -3.64785], [121.72702, -3.64858], [121.72895, -3.64799], [121.72884, -3.6463], [121.73026, -3.64277], [121.73236, -3.64061], [121.73309, -3.64105], [121.73369, -3.63976], [121.73662, -3.63734], [121.73627, -3.63642], [121.73815, -3.6357], [121.73826, -3.63481], [121.73944, -3.63405], [121.73893, -3.63314], [121.73989, -3.63192], [121.73954, -3.63063], [121.73997, -3.62992], [121.73899, -3.62997], [121.73999, -3.62552], [121.73794, -3.62377], [121.73871, -3.6222], [121.73878, -3.6205], [121.73802, -3.6201], [121.73865, -3.61623], [121.73677, -3.61496], [121.73647, -3.61291], [121.73635, -3.61168], [121.7375, -3.61125], [121.73679, -3.6105], [121.73708, -3.60837], [121.73619, -3.60647], [121.73416, -3.6069], [121.73342, -3.60548], [121.73346, -3.60455], [121.73423, -3.60469], [121.7346, -3.60186], [121.73139, -3.60257], [121.73269, -3.59881], [121.73108, -3.60015], [121.73051, -3.60027], [121.73023, -3.59918], [121.72961, -3.60029], [121.72812, -3.60054], [121.72917, -3.59879], [121.73055, -3.59828], [121.73044, -3.59755], [121.72823, -3.59698], [121.72906, -3.59596], [121.7277, -3.59562], [121.72828, -3.59336], [121.72667, -3.59296], [121.72479, -3.59401], [121.72306, -3.59262], [121.72304, -3.59028], [121.72146, -3.59166], [121.72051, -3.5913], [121.71935, -3.59206], [121.71983, -3.59055], [121.71801, -3.58967], [121.71864, -3.58842], [121.71701, -3.58737], [121.71656, -3.58588], [121.71706, -3.5848], [121.71589, -3.58436], [121.71574, -3.58296], [121.71677, -3.58223], [121.71614, -3.58125], [121.71505, -3.5818], [121.71448, -3.58133], [121.71587, -3.58047], [121.71505, -3.57974], [121.71616, -3.57762], [121.71612, -3.57464], [121.71557, -3.57292], [121.71341, -3.5723], [121.71345, -3.56802], [121.71472, -3.56765], [121.71566, -3.56524], [121.71444, -3.56405], [121.71376, -3.56272], [121.71392, -3.56108], [121.71233, -3.55942], [121.71217, -3.55797], [121.71112, -3.5569], [121.71093, -3.55494], [121.70925, -3.55381], [121.70908, -3.55253], [121.71065, -3.55219], [121.71162, -3.55113], [121.71143, -3.55023], [121.71278, -3.54725], [121.71549, -3.54349], [121.71468, -3.53952], [121.71505, -3.53796], [121.71609, -3.53712], [121.71505, -3.53526], [121.71544, -3.53346], [121.71389, -3.53226], [121.7145, -3.53077], [121.71341, -3.52915], [121.7135, -3.52821], [121.71261, -3.52749], [121.71408, -3.52572], [121.7145, -3.52074], [121.71289, -3.51867], [121.71164, -3.51554], [121.71216, -3.51451], [121.71171, -3.51335], [121.71198, -3.50888], [121.71359, -3.5061], [121.71217, -3.50449], [121.7115, -3.50161], [121.70964, -3.50044], [121.7101, -3.49794], [121.70885, -3.49623], [121.71262, -3.48744], [121.71494, -3.49073], [121.71731, -3.48997], [121.71961, -3.4907], [121.72724, -3.49019], [121.7323, -3.49368], [121.73483, -3.49081], [121.73716, -3.48946], [121.74566, -3.48662], [121.74991, -3.48353], [121.75272, -3.48482], [121.76016, -3.48457], [121.76208, -3.48552], [121.76478, -3.48812], [121.76834, -3.48954], [121.76795, -3.49197], [121.76912, -3.49251], [121.76971, -3.49376], [121.76925, -3.49718], [121.76863, -3.49775], [121.76862, -3.50236], [121.76637, -3.50455], [121.76628, -3.50816], [121.76721, -3.51035], [121.77052, -3.51219], [121.77317, -3.51598], [121.77346, -3.51819], [121.7727, -3.52389], [121.77463, -3.52873], [121.77621, -3.53078], [121.77708, -3.5369], [121.7789, -3.54029], [121.77752, -3.54306], [121.77766, -3.54529], [121.77687, -3.54691], [121.77754, -3.54968], [121.77497, -3.55185], [121.77811, -3.55522], [121.77997, -3.56234], [121.78308, -3.56339], [121.7836, -3.56672], [121.78327, -3.56874], [121.78423, -3.57048], [121.7863, -3.57196], [121.7888, -3.57532], [121.79109, -3.57591], [121.7928, -3.57715], [121.79352, -3.58035], [121.79689, -3.58156], [121.80119, -3.58513], [121.80506, -3.58429], [121.80782, -3.58134], [121.80916, -3.57603], [121.81308, -3.57444], [121.81641, -3.56867], [121.82321, -3.5651], [121.82738, -3.56782], [121.82845, -3.57059], [121.83239, -3.57161], [121.83183, -3.57385], [121.83285, -3.57564], [121.83287, -3.5772], [121.83393, -3.57839], [121.8334, -3.58105], [121.83464, -3.58269], [121.83386, -3.58446], [121.83421, -3.59157], [121.83322, -3.59509], [121.83347, -3.59737], [121.83581, -3.59784], [121.83532, -3.59952], [121.83592, -3.60185], [121.83504, -3.60389], [121.83629, -3.60525], [121.83722, -3.60463], [121.83795, -3.60652], [121.83879, -3.60609], [121.84014, -3.60914], [121.84196, -3.60909], [121.84202, -3.61223], [121.84356, -3.61288], [121.8445, -3.61485], [121.84547, -3.61533], [121.84427, -3.61894], [121.84062, -3.61867], [121.83756, -3.62106], [121.83272, -3.62743], [121.83047, -3.63225], [121.83322, -3.643], [121.83589, -3.6464], [121.83571, -3.64829], [121.83762, -3.65297], [121.83463, -3.6561], [121.83537, -3.65991], [121.8349, -3.66418], [121.84598, -3.66338], [121.8477, -3.662], [121.8504, -3.66163], [121.85336, -3.66473], [121.8552, -3.66561], [121.8556, -3.66703], [121.85954, -3.66827], [121.85754, -3.67279], [121.86084, -3.67557], [121.86014, -3.67777], [121.86078, -3.68059], [121.8599, -3.68507], [121.86079, -3.68808], [121.86195, -3.68901], [121.86126, -3.693], [121.86471, -3.69544], [121.8654, -3.69704], [121.86457, -3.70148], [121.86302, -3.70443], [121.8635, -3.70575], [121.86698, -3.70867], [121.86592, -3.71142]]]}}, {"type": "Feature", "properties": {"domain_id": "741104", "name": "POLI POLIA"}, "geometry": {"type": "Polygon", "coordinates": [[[121.86501, -4.2448], [121.8606, -4.24737], [121.85824, -4.24784], [121.85644, -4.24663], [121.85249, -4.24632], [121.853, -4.24503], [121.85235, -4.24378], [121.84923, -4.24281], [121.84728, -4.24111], [121.84142, -4.24739], [121.83638, -4.23793], [121.83556, -4.23498], [121.83259, -4.23435], [121.83055, -4.23158], [121.82789, -4.22941], [121.82437, -4.22918], [121.82261, -4.22613], [121.82238, -4.2242], [121.81914, -4.22036], [121.81565, -4.21957], [121.81088, -4.21709], [121.80866, -4.21263], [121.80688, -4.21128], [121.80273, -4.20582], [121.79959, -4.20466], [121.79851, -4.20329], [121.7976, -4.20182], [121.79735, -4.19835], [121.79498, -4.19703], [121.79202, -4.19779], [121.78967, -4.19555], [121.78666, -4.19385], [121.78359, -4.18477], [121.78025, -4.18127], [121.78003, -4.17779], [121.77903, -4.17594], [121.77938, -4.17234], [121.78784, -4.17105], [121.79268, -4.17116], [121.79501, -4.17223], [121.7965, -4.17178], [121.79823, -4.17272], [121.80062, -4.17296], [121.80341, -4.16925], [121.80593, -4.17058], [121.80822, -4.16988], [121.81029, -4.17023], [121.81244, -4.1681], [121.81383, -4.16832], [121.81469, -4.16976], [121.81582, -4.17021], [121.81794, -4.17013], [121.82006, -4.16918], [121.82325, -4.16916], [121.82505, -4.16788], [121.82963, -4.16701], [121.83127, -4.16537], [121.83531, -4.16488], [121.83784, -4.16291], [121.83878, -4.16111], [121.83893, -4.1591], [121.84068, -4.15888], [121.84049, -4.15665], [121.84263, -4.15622], [121.8434, -4.15667], [121.84263, -4.15764], [121.84303, -4.15812], [121.84494, -4.15786], [121.84468, -4.16005], [121.84515, -4.16079], [121.84794, -4.1611], [121.85026, -4.16011], [121.85164, -4.16041], [121.85508, -4.15951], [121.8558, -4.1585], [121.8598, -4.15906], [121.862, -4.15725], [121.86412, -4.15903], [121.86901, -4.15927], [121.87389, -4.16064], [121.88631, -4.15904], [121.89018, -4.15925], [121.89294, -4.1602], [121.89385, -4.16201], [121.89382, -4.16415], [121.8989, -4.1675], [121.90148, -4.17134], [121.90414, -4.17405], [121.90574, -4.17458], [121.90672, -4.17653], [121.91016, -4.17762], [121.91113, -4.18102], [121.91458, -4.18247], [121.91496, -4.18364], [121.91668, -4.18492], [121.91812, -4.18892], [121.92113, -4.19045], [121.92393, -4.19025], [121.92594, -4.19106], [121.92646, -4.19214], [121.9243, -4.1934], [121.92393, -4.19547], [121.92243, -4.19812], [121.92332, -4.19951], [121.92431, -4.20424], [121.92963, -4.20512], [121.93854, -4.20293], [121.94073, -4.21806], [121.9529, -4.21686], [121.9548, -4.22893], [121.94932, -4.22884], [121.94924, -4.24405], [121.91676, -4.24329], [121.91677, -4.24229], [121.9194, -4.24227], [121.91979, -4.2418], [121.91472, -4.23897], [121.91461, -4.23705], [121.91537, -4.23576], [121.89391, -4.23422], [121.88947, -4.23496], [121.88662, -4.23668], [121.8862, -4.23872], [121.88453, -4.24114], [121.88269, -4.24202], [121.88233, -4.24356], [121.88123, -4.24411], [121.86641, -4.24562], [121.86611, -4.24426], [121.86501, -4.2448]]]}}, {"type": "Feature", "properties": {"domain_id": "740219", "name": "WONGGEDUKU"}, "geometry": {"type": "MultiPolygon", "coordinates": [[[[122.18749, -4.03184], [122.18932, -4.0319], [122.19108, -4.03296], [122.18946, -4.03516], [122.18715, -4.03535], [122.18887, -4.03779], [122.18875, -4.03885], [122.18598, -4.03946], [122.18394, -4.04114], [122.18158, -4.04162], [122.18087, -4.04395], [122.18003, -4.04389], [122.17938, -4.04255], [122.1797, -4.04054], [122.18203, -4.03972], [122.18158, -4.03641], [122.18059, -4.03613], [122.1782, -4.03724], [122.17804, -4.03483], [122.17698, -4.03312], [122.17404, -4.03209], [122.17184, -4.02877], [122.16522, -4.02548], [122.16302, -4.02255], [122.15993, -4.02079], [122.15938, -4.0184], [122.15773, -4.01858], [122.15785, -4.01648], [122.15627, -4.01538], [122.1554, -4.01328], [122.1555, -4.01105], [122.15392, -4.01041], [122.15309, -4.00893], [122.15448, -4.00526], [122.15047, -4.00616], [122.14919, -4.0072], [122.1486, -4.00686], [122.15045, -4.00547], [122.15059, -4.00223], [122.15179, -4.00048], [122.14875, -4.0003], [122.14671, -3.99909], [122.1467, -3.99773], [122.14901, -3.99518], [122.14714, -3.99458], [122.14441, -3.99669], [122.1433, -3.99042], [122.14061, -3.98932], [122.1393, -3.98454], [122.13659, -3.98295], [122.13695, -3.98191], [122.13972, -3.98025], [122.13726, -3.97966], [122.13486, -3.98065], [122.1353, -3.97745], [122.13466, -3.9767], [122.13328, -3.9769], [122.13462, -3.97274], [122.13863, -3.9739], [122.14261, -3.97661], [122.14337, -3.97622], [122.13851, -3.96292], [122.14986, -3.95872], [122.14762, -3.95737], [122.14654, -3.94912], [122.14814, -3.94683], [122.1493, -3.94789], [122.14992, -3.94708], [122.15153, -3.94744], [122.15247, -3.94655], [122.15392, -3.94759], [122.15402, -3.9456], [122.15529, -3.94716], [122.1579, -3.94773], [122.1566, -3.94536], [122.15729, -3.94342], [122.15448, -3.94292], [122.15425, -3.94165], [122.15498, -3.94168], [122.15532, -3.9408], [122.15935, -3.94067], [122.16156, -3.94276], [122.16423, -3.94393], [122.16527, -3.94105], [122.16777, -3.93726], [122.16808, -3.93306], [122.1735, -3.92524], [122.1763, -3.92234], [122.17923, -3.90614], [122.17888, -3.90566], [122.18352, -3.90419], [122.193, -3.90593], [122.19318, -3.90698], [122.19495, -3.90872], [122.19798, -3.90899], [122.19896, -3.91417], [122.20003, -3.91535], [122.19946, -3.91637], [122.20032, -3.91679], [122.1999, -3.91748], [122.20115, -3.91761], [122.20218, -3.92054], [122.20327, -3.92019], [122.20284, -3.92182], [122.20414, -3.9214], [122.20456, -3.92301], [122.20581, -3.92425], [122.2052, -3.92462], [122.20572, -3.9255], [122.20494, -3.92599], [122.20585, -3.92702], [122.207, -3.9358], [122.20662, -3.94172], [122.20523, -3.94593], [122.20471, -3.96], [122.20265, -3.96571], [122.20086, -3.96768], [122.19932, -3.96477], [122.19453, -3.96281], [122.19206, -3.963], [122.19285, -3.96482], [122.19494, -3.97935], [122.19711, -3.98186], [122.20256, -3.98546], [122.19723, -3.99201], [122.18446, -4.01175], [122.18733, -4.01238], [122.18771, -4.01378], [122.18956, -4.01513], [122.18902, -4.01644], [122.18979, -4.01807], [122.18895, -4.02075], [122.18934, -4.02319], [122.1871, -4.02159], [122.18604, -4.02392], [122.18416, -4.0241], [122.18727, -4.02677], [122.18623, -4.02815], [122.18453, -4.02811], [122.18477, -4.03024], [122.18588, -4.03137], [122.18749, -4.03184]]], [[[122.13461, -3.93766], [122.13364, -3.93735], [122.13331, -3.9379], [122.13087, -3.93478], [122.1309, -3.93384], [122.13773, -3.93637], [122.13688, -3.93845], [122.13461, -3.93766]]]]}}, {"type": "Feature", "properties": {"domain_id": "740108", "name": "WATUBANGGA"}, "geometry": {"type": "Polygon", "coordinates": [[[121.50503, -4.51977], [121.50177, -4.52238], [121.50058, -4.52551], [121.50155, -4.53053], [121.4978, -4.53364], [121.49613, -4.53646], [121.49631, -4.53867], [121.4923, -4.54152], [121.49118, -4.54119], [121.49091, -4.54303], [121.48979, -4.54245], [121.48904, -4.54386], [121.4877, -4.54316], [121.48674, -4.54478], [121.48502, -4.54415], [121.48361, -4.5467], [121.48044, -4.54492], [121.48396, -4.53928], [121.48614, -4.53434], [121.49231, -4.51431], [121.4939, -4.51197], [121.49497, -4.51306], [121.49554, -4.51257], [121.49516, -4.5054], [121.50017, -4.48598], [121.50136, -4.48475], [121.50159, -4.48255], [121.50755, -4.47059], [121.51234, -4.4569], [121.51365, -4.45593], [121.51323, -4.4534], [121.51373, -4.44895], [121.51573, -4.44351], [121.51666, -4.44276], [121.51788, -4.43685], [121.51909, -4.4356], [121.52163, -4.43538], [121.52148, -4.43694], [121.52273, -4.43727], [121.52381, -4.43656], [121.52358, -4.43857], [121.52476, -4.43798], [121.52831, -4.43875], [121.53007, -4.43459], [121.53403, -4.43471], [121.53511, -4.43574], [121.54014, -4.43432], [121.53969, -4.431], [121.54184, -4.42887], [121.54575, -4.42643], [121.54975, -4.422], [121.55353, -4.42107], [121.553, -4.41981], [121.55204, -4.41987], [121.55409, -4.41781], [121.55405, -4.41598], [121.55533, -4.41553], [121.55587, -4.41432], [121.55792, -4.41504], [121.55803, -4.41608], [121.55855, -4.41523], [121.56111, -4.41531], [121.56134, -4.41417], [121.56251, -4.4132], [121.56282, -4.41559], [121.56433, -4.41555], [121.56517, -4.41435], [121.565, -4.41194], [121.56599, -4.41233], [121.5682, -4.41085], [121.56873, -4.41172], [121.56834, -4.41233], [121.57015, -4.41167], [121.57095, -4.41199], [121.57131, -4.41042], [121.57301, -4.40878], [121.5742, -4.41029], [121.57609, -4.40908], [121.5764, -4.41006], [121.57576, -4.41119], [121.57684, -4.41128], [121.5762, -4.41299], [121.57496, -4.41368], [121.57695, -4.41429], [121.57782, -4.41385], [121.58119, -4.41496], [121.58283, -4.42073], [121.58171, -4.42236], [121.57877, -4.42341], [121.57519, -4.42297], [121.5734, -4.42178], [121.56917, -4.42129], [121.56858, -4.42185], [121.5658, -4.4215], [121.56369, -4.42216], [121.56115, -4.42402], [121.56162, -4.42462], [121.56025, -4.4267], [121.56049, -4.42464], [121.55938, -4.42405], [121.55876, -4.42627], [121.55504, -4.42789], [121.55407, -4.43012], [121.55022, -4.4306], [121.54817, -4.43406], [121.54626, -4.43583], [121.54426, -4.43652], [121.544, -4.43716], [121.54291, -4.43709], [121.54306, -4.43839], [121.54381, -4.43879], [121.5436, -4.43976], [121.54165, -4.4391], [121.54107, -4.44003], [121.53903, -4.43976], [121.53878, -4.44045], [121.53637, -4.44088], [121.53705, -4.44362], [121.53791, -4.44461], [121.53774, -4.44622], [121.53907, -4.44824], [121.53899, -4.45116], [121.53951, -4.45183], [121.53813, -4.45258], [121.53709, -4.45531], [121.53601, -4.45636], [121.53529, -4.46065], [121.53802, -4.46386], [121.53866, -4.46556], [121.54057, -4.46497], [121.54229, -4.46704], [121.54208, -4.47019], [121.54082, -4.47214], [121.54124, -4.47302], [121.53981, -4.47396], [121.54183, -4.4751], [121.5438, -4.48133], [121.54763, -4.48268], [121.54966, -4.48259], [121.55279, -4.48475], [121.55485, -4.48372], [121.55571, -4.4847], [121.55924, -4.48411], [121.55992, -4.48546], [121.56199, -4.48626], [121.56284, -4.48764], [121.56323, -4.4895], [121.56169, -4.48995], [121.56142, -4.49085], [121.56245, -4.49217], [121.56686, -4.49142], [121.56764, -4.49016], [121.56986, -4.48996], [121.5707, -4.48876], [121.57585, -4.48724], [121.57744, -4.48882], [121.57853, -4.48879], [121.57894, -4.48967], [121.58122, -4.4905], [121.58177, -4.48974], [121.58298, -4.49073], [121.58314, -4.48912], [121.58384, -4.48905], [121.58405, -4.4901], [121.58544, -4.48886], [121.58515, -4.49086], [121.58827, -4.49255], [121.60062, -4.49498], [121.614, -4.49558], [121.61398, -4.49364], [121.61457, -4.49311], [121.61734, -4.49361], [121.62005, -4.49301], [121.61918, -4.49177], [121.61719, -4.49103], [121.61554, -4.48945], [121.61811, -4.48881], [121.61992, -4.48762], [121.62203, -4.48826], [121.62498, -4.48779], [121.62573, -4.48858], [121.62677, -4.48853], [121.6291, -4.4867], [121.63216, -4.48634], [121.63586, -4.48476], [121.64287, -4.47995], [121.64632, -4.47565], [121.65094, -4.47439], [121.65297, -4.47175], [121.66625, -4.46742], [121.67006, -4.46234], [121.67253, -4.46195], [121.67539, -4.45965], [121.6742, -4.45643], [121.67485, -4.45545], [121.67583, -4.45685], [121.679, -4.45707], [121.68155, -4.45577], [121.68291, -4.45602], [121.68273, -4.45545], [121.68473, -4.45471], [121.68386, -4.45346], [121.68493, -4.45295], [121.6916, -4.45309], [121.69374, -4.45121], [121.69667, -4.45047], [121.69812, -4.44867], [121.70059, -4.44731], [121.70372, -4.44871], [121.70592, -4.44867], [121.7084, -4.44542], [121.71264, -4.44553], [121.71492, -4.44482], [121.71683, -4.44262], [121.7177, -4.44053], [121.72221, -4.43639], [121.72825, -4.43661], [121.73, -4.43796], [121.72914, -4.43956], [121.73129, -4.44017], [121.73813, -4.43661], [121.74413, -4.43509], [121.7475, -4.43322], [121.74899, -4.43301], [121.75318, -4.43497], [121.75796, -4.4335], [121.75987, -4.4319], [121.76155, -4.429], [121.7613, -4.42656], [121.76251, -4.42407], [121.76198, -4.41922], [121.76473, -4.41615], [121.77245, -4.41251], [121.77834, -4.40884], [121.78071, -4.4092], [121.78412, -4.41097], [121.78587, -4.40954], [121.79571, -4.40919], [121.79751, -4.40825], [121.80196, -4.40819], [121.8029, -4.40949], [121.80453, -4.40865], [121.80516, -4.41035], [121.80699, -4.41089], [121.8067, -4.41148], [121.80532, -4.41165], [121.80599, -4.41389], [121.80728, -4.41475], [121.80983, -4.41483], [121.81141, -4.41583], [121.80313, -4.4207], [121.80178, -4.42327], [121.80025, -4.4232], [121.79768, -4.42552], [121.79764, -4.42922], [121.79839, -4.43098], [121.79287, -4.43181], [121.79305, -4.43633], [121.79411, -4.43722], [121.79412, -4.43801], [121.7885, -4.43954], [121.78828, -4.44085], [121.78977, -4.44284], [121.78846, -4.4438], [121.78802, -4.44606], [121.78706, -4.44709], [121.784, -4.44848], [121.7826, -4.45006], [121.78317, -4.45166], [121.78211, -4.45574], [121.77833, -4.45445], [121.77484, -4.45803], [121.77538, -4.45919], [121.77467, -4.46022], [121.77394, -4.46035], [121.77358, -4.45883], [121.77206, -4.45944], [121.77058, -4.46277], [121.77103, -4.46431], [121.76934, -4.46424], [121.76668, -4.46601], [121.76288, -4.46515], [121.76246, -4.46677], [121.75969, -4.46839], [121.7544, -4.46626], [121.75259, -4.46882], [121.7498, -4.47051], [121.75023, -4.47199], [121.75232, -4.4735], [121.75272, -4.47668], [121.75106, -4.47918], [121.75248, -4.47955], [121.75272, -4.48026], [121.75136, -4.48087], [121.75016, -4.48019], [121.74934, -4.48248], [121.74758, -4.48338], [121.74621, -4.4857], [121.74463, -4.48476], [121.7434, -4.48543], [121.74234, -4.48473], [121.74136, -4.48605], [121.73744, -4.48715], [121.73716, -4.48819], [121.73832, -4.4899], [121.73724, -4.49161], [121.73395, -4.49164], [121.73325, -4.49282], [121.73204, -4.49311], [121.73043, -4.49288], [121.72881, -4.49149], [121.72631, -4.49284], [121.72513, -4.49159], [121.72414, -4.49175], [121.72376, -4.49379], [121.72606, -4.49422], [121.72647, -4.49523], [121.72526, -4.49781], [121.72335, -4.49869], [121.72317, -4.501], [121.72108, -4.49966], [121.71981, -4.50065], [121.72033, -4.50463], [121.7192, -4.5074], [121.71999, -4.51023], [121.71916, -4.51111], [121.71942, -4.51214], [121.71883, -4.51336], [121.71939, -4.51381], [121.7217, -4.5136], [121.72377, -4.51167], [121.72378, -4.51313], [121.72536, -4.51378], [121.72369, -4.51738], [121.72521, -4.51923], [121.72387, -4.51993], [121.72279, -4.52153], [121.72364, -4.52409], [121.7221, -4.52477], [121.72006, -4.52314], [121.71833, -4.52431], [121.71682, -4.52767], [121.71378, -4.525], [121.71315, -4.52547], [121.71287, -4.52772], [121.71037, -4.52718], [121.71002, -4.52889], [121.71067, -4.53055], [121.71304, -4.53149], [121.71245, -4.53212], [121.71066, -4.53158], [121.70967, -4.53215], [121.70967, -4.53326], [121.71137, -4.53563], [121.70683, -4.53629], [121.7063, -4.53739], [121.6908, -4.56536], [121.68975, -4.56712], [121.69013, -4.56855], [121.69007, -4.5689], [121.68981, -4.56925], [121.68958, -4.56937], [121.69012, -4.56854], [121.68974, -4.56711], [121.69253, -4.56159], [121.69011, -4.56169], [121.68338, -4.56361], [121.68052, -4.56629], [121.67822, -4.56743], [121.67637, -4.56737], [121.67473, -4.56621], [121.67365, -4.56624], [121.67391, -4.56415], [121.67345, -4.56366], [121.67673, -4.56125], [121.67752, -4.55792], [121.67918, -4.55694], [121.68103, -4.55717], [121.68335, -4.55508], [121.68531, -4.5499], [121.68443, -4.55027], [121.68355, -4.54867], [121.68288, -4.5491], [121.68165, -4.54807], [121.68114, -4.54928], [121.68034, -4.5489], [121.68038, -4.54978], [121.67912, -4.5504], [121.67991, -4.5508], [121.67677, -4.55254], [121.67659, -4.55321], [121.67531, -4.55183], [121.67445, -4.55179], [121.6744, -4.5529], [121.67343, -4.55317], [121.67283, -4.55236], [121.67062, -4.55317], [121.66996, -4.55439], [121.66887, -4.55389], [121.66919, -4.55199], [121.66806, -4.55092], [121.66379, -4.54775], [121.661, -4.54842], [121.65826, -4.54534], [121.65602, -4.54588], [121.65394, -4.54739], [121.65129, -4.54737], [121.64938, -4.54873], [121.64915, -4.54798], [121.64803, -4.5478], [121.64686, -4.54519], [121.64588, -4.54515], [121.64568, -4.54611], [121.64524, -4.54527], [121.64446, -4.54609], [121.64527, -4.54757], [121.64481, -4.54808], [121.642, -4.54634], [121.64002, -4.54729], [121.63965, -4.54641], [121.6387, -4.54647], [121.63901, -4.542], [121.63842, -4.54158], [121.63528, -4.54285], [121.63141, -4.54258], [121.62836, -4.54343], [121.62852, -4.54257], [121.62689, -4.5413], [121.62633, -4.53802], [121.62539, -4.53702], [121.62232, -4.53861], [121.62182, -4.54007], [121.61923, -4.54296], [121.61544, -4.54191], [121.61422, -4.54246], [121.61383, -4.54456], [121.61112, -4.5463], [121.61099, -4.5476], [121.60903, -4.54859], [121.60852, -4.54969], [121.60531, -4.54995], [121.60389, -4.54934], [121.60062, -4.55137], [121.59976, -4.55279], [121.59638, -4.55108], [121.59222, -4.54735], [121.58982, -4.54706], [121.58658, -4.54788], [121.58575, -4.55778], [121.58086, -4.55911], [121.58051, -4.55842], [121.57783, -4.55985], [121.57853, -4.56147], [121.5781, -4.56265], [121.57592, -4.56303], [121.57732, -4.55889], [121.57747, -4.55404], [121.57677, -4.54994], [121.55316, -4.55116], [121.55407, -4.54742], [121.55367, -4.54586], [121.55434, -4.54501], [121.554, -4.54358], [121.55642, -4.54101], [121.55427, -4.53879], [121.55283, -4.53931], [121.55331, -4.53812], [121.5539, -4.53823], [121.55412, -4.5356], [121.55229, -4.53192], [121.54866, -4.53197], [121.54853, -4.53077], [121.54585, -4.52955], [121.54334, -4.5301], [121.54268, -4.52616], [121.53801, -4.52368], [121.53616, -4.52358], [121.53481, -4.52487], [121.53339, -4.52506], [121.53126, -4.52645], [121.53045, -4.52818], [121.52846, -4.5279], [121.52655, -4.52625], [121.52769, -4.52454], [121.52511, -4.52213], [121.52276, -4.52216], [121.52288, -4.52142], [121.5192, -4.51827], [121.51208, -4.5171], [121.51008, -4.51851], [121.5075, -4.51788], [121.50671, -4.51931], [121.50503, -4.51977]]]}}, {"type": "Feature", "properties": {"domain_id": "740619", "name": "POLEANG TENGAH"}, "geometry": {"type": "Polygon", "coordinates": [[[121.62902, -4.77945], [121.62864, -4.77978], [121.62771, -4.77869], [121.62826, -4.77721], [121.62454, -4.7767], [121.62363, -4.77823], [121.62301, -4.77804], [121.62299, -4.77729], [121.62243, -4.77777], [121.62222, -4.77967], [121.62095, -4.78131], [121.6176, -4.77943], [121.61721, -4.77584], [121.61897, -4.77053], [121.6201, -4.76892], [121.6201, -4.76722], [121.61907, -4.76555], [121.62003, -4.76369], [121.6215, -4.76268], [121.62111, -4.76179], [121.62424, -4.76201], [121.62513, -4.75997], [121.62514, -4.75853], [121.62394, -4.7581], [121.6231, -4.75659], [121.62412, -4.75631], [121.62457, -4.75251], [121.61941, -4.7486], [121.61882, -4.74588], [121.61774, -4.74438], [121.61302, -4.74391], [121.60885, -4.74271], [121.59945, -4.74204], [121.59923, -4.741], [121.60007, -4.73816], [121.602, -4.73725], [121.60318, -4.73549], [121.60409, -4.73301], [121.60398, -4.73056], [121.6086, -4.72046], [121.62019, -4.71439], [121.62169, -4.71432], [121.6256, -4.70712], [121.62917, -4.70278], [121.63177, -4.70104], [121.63273, -4.69793], [121.63386, -4.69676], [121.63519, -4.69777], [121.63531, -4.69944], [121.63848, -4.70619], [121.63813, -4.70913], [121.63888, -4.7138], [121.63802, -4.71577], [121.63815, -4.72484], [121.6377, -4.72561], [121.63812, -4.72614], [121.63691, -4.72742], [121.63707, -4.73004], [121.63103, -4.73288], [121.63041, -4.73605], [121.63121, -4.73698], [121.63168, -4.74016], [121.63281, -4.74132], [121.63198, -4.74256], [121.63275, -4.74334], [121.63264, -4.74463], [121.63412, -4.74562], [121.63424, -4.74707], [121.63646, -4.75089], [121.63924, -4.7521], [121.63974, -4.75374], [121.64099, -4.75468], [121.64434, -4.75432], [121.64586, -4.75482], [121.6475, -4.75802], [121.6568, -4.75587], [121.65782, -4.75611], [121.6609, -4.75451], [121.66581, -4.75561], [121.66673, -4.75261], [121.66726, -4.75249], [121.66685, -4.75176], [121.66744, -4.75023], [121.6682, -4.75], [121.67043, -4.74626], [121.67233, -4.7452], [121.67426, -4.73979], [121.67707, -4.73909], [121.67951, -4.73394], [121.68052, -4.73326], [121.68025, -4.73236], [121.68101, -4.73016], [121.68402, -4.72962], [121.68915, -4.73104], [121.68885, -4.73326], [121.68697, -4.73616], [121.6879, -4.73709], [121.68966, -4.73694], [121.69001, -4.73795], [121.69122, -4.73864], [121.68945, -4.74207], [121.68884, -4.74497], [121.69069, -4.74745], [121.69104, -4.74928], [121.68394, -4.74339], [121.67034, -4.7599], [121.69051, -4.76803], [121.69002, -4.76925], [121.68817, -4.77078], [121.6869, -4.77089], [121.68085, -4.77427], [121.66002, -4.77238], [121.65866, -4.77253], [121.65301, -4.7757], [121.64637, -4.77733], [121.64405, -4.77747], [121.64265, -4.77653], [121.64137, -4.77722], [121.63986, -4.7755], [121.63797, -4.77546], [121.63691, -4.77721], [121.63554, -4.77756], [121.63324, -4.77956], [121.63265, -4.78176], [121.63174, -4.7823], [121.6315, -4.78146], [121.63013, -4.78068], [121.6298, -4.77928], [121.62902, -4.77945]]]}}, {"type": "Feature", "properties": {"domain_id": "740506", "name": "LAINEA"}, "geometry": {"type": "MultiPolygon", "coordinates": [[[[122.56576, -4.40213], [122.56658, -4.40263], [122.56682, -4.40566], [122.56606, -4.4071], [122.56361, -4.40827], [122.56382, -4.41079], [122.56317, -4.41201], [122.56374, -4.41622], [122.56258, -4.41748], [122.55768, -4.41854], [122.55807, -4.41994], [122.55716, -4.42114], [122.55286, -4.42287], [122.5482, -4.42149], [122.54733, -4.42041], [122.54411, -4.42126], [122.54275, -4.42241], [122.54051, -4.42776], [122.53902, -4.42748], [122.53613, -4.42842], [122.53423, -4.42664], [122.53215, -4.42793], [122.52498, -4.43833], [122.52384, -4.43528], [122.52209, -4.43317], [122.52033, -4.43228], [122.51598, -4.43252], [122.51421, -4.43113], [122.51353, -4.42981], [122.51251, -4.4226], [122.51296, -4.42158], [122.51504, -4.42109], [122.51857, -4.4228], [122.51985, -4.42274], [122.52368, -4.42054], [122.52559, -4.41829], [122.52516, -4.41717], [122.52315, -4.41573], [122.51767, -4.41495], [122.51504, -4.41361], [122.5142, -4.41231], [122.51437, -4.41073], [122.51644, -4.40735], [122.51832, -4.40593], [122.52406, -4.40764], [122.52426, -4.40647], [122.52329, -4.40453], [122.52483, -4.40269], [122.52445, -4.39979], [122.52563, -4.3997], [122.52607, -4.39843], [122.52898, -4.39714], [122.527, -4.39463], [122.52564, -4.39136], [122.52457, -4.39104], [122.52266, -4.39213], [122.52155, -4.39189], [122.52138, -4.39066], [122.52224, -4.3889], [122.52189, -4.38826], [122.51675, -4.39019], [122.51464, -4.38756], [122.51427, -4.38586], [122.51206, -4.38628], [122.51046, -4.38536], [122.51238, -4.38449], [122.51301, -4.38309], [122.5143, -4.38421], [122.51549, -4.38277], [122.51196, -4.38175], [122.51121, -4.38067], [122.51132, -4.37886], [122.51159, -4.37787], [122.51517, -4.37603], [122.51586, -4.37398], [122.51741, -4.36291], [122.52007, -4.35403], [122.52065, -4.34821], [122.52157, -4.34777], [122.52252, -4.34573], [122.52617, -4.34143], [122.52785, -4.3372], [122.52775, -4.33595], [122.52966, -4.33608], [122.53169, -4.33385], [122.53526, -4.3335], [122.53629, -4.33154], [122.53824, -4.33113], [122.53842, -4.33049], [122.5373, -4.32934], [122.5404, -4.32777], [122.53927, -4.32653], [122.54032, -4.32497], [122.53972, -4.32349], [122.54025, -4.32127], [122.54151, -4.31937], [122.54309, -4.31949], [122.54231, -4.31814], [122.54251, -4.31555], [122.55608, -4.30444], [122.56265, -4.29597], [122.56575, -4.29313], [122.56782, -4.29446], [122.5685, -4.29583], [122.5699, -4.29627], [122.57117, -4.29574], [122.57208, -4.29914], [122.57415, -4.2995], [122.57534, -4.30159], [122.5762, -4.30196], [122.57755, -4.30206], [122.58399, -4.29482], [122.58851, -4.30952], [122.59344, -4.31404], [122.60227, -4.31661], [122.60793, -4.31984], [122.60904, -4.32079], [122.61081, -4.32753], [122.61459, -4.32959], [122.61633, -4.33206], [122.61116, -4.33259], [122.60891, -4.33388], [122.60441, -4.3311], [122.60323, -4.33106], [122.60116, -4.3316], [122.59717, -4.33541], [122.59618, -4.33725], [122.59927, -4.3489], [122.60192, -4.35423], [122.62914, -4.37352], [122.6421, -4.37719], [122.64627, -4.37925], [122.65106, -4.38024], [122.73366, -4.442], [122.75691, -4.43091], [122.75966, -4.43272], [122.76197, -4.43772], [122.76032, -4.44347], [122.76272, -4.44572], [122.76372, -4.44766], [122.76383, -4.45241], [122.76296, -4.45664], [122.76336, -4.45869], [122.76194, -4.46452], [122.76184, -4.46636], [122.76294, -4.46861], [122.76198, -4.47034], [122.76219, -4.47581], [122.76139, -4.47605], [122.76091, -4.47801], [122.7616, -4.4803], [122.75876, -4.48687], [122.75863, -4.49026], [122.74769, -4.50671], [122.74357, -4.51012], [122.7406, -4.50998], [122.73308, -4.50624], [122.73305, -4.50457], [122.73137, -4.50502], [122.72647, -4.5029], [122.7225, -4.50234], [122.7203, -4.50041], [122.71999, -4.49615], [122.71933, -4.49896], [122.71791, -4.50102], [122.71563, -4.50008], [122.71261, -4.50004], [122.71148, -4.4982], [122.71075, -4.49844], [122.70819, -4.49523], [122.70767, -4.49334], [122.7089, -4.49227], [122.70825, -4.49099], [122.70615, -4.49047], [122.70596, -4.48913], [122.70856, -4.48723], [122.70835, -4.48604], [122.70931, -4.48499], [122.70884, -4.48424], [122.70919, -4.48226], [122.70779, -4.48217], [122.70638, -4.47956], [122.70663, -4.4768], [122.70751, -4.47637], [122.7055, -4.47541], [122.70595, -4.47431], [122.70579, -4.47346], [122.70536, -4.47458], [122.70343, -4.47348], [122.70214, -4.47398], [122.70239, -4.47313], [122.69808, -4.47147], [122.69726, -4.47193], [122.69782, -4.47068], [122.69696, -4.47192], [122.6957, -4.47186], [122.69467, -4.47264], [122.69364, -4.47131], [122.69363, -4.46934], [122.6911, -4.46886], [122.68975, -4.46954], [122.68899, -4.47248], [122.68466, -4.47543], [122.68358, -4.47546], [122.68131, -4.47384], [122.67973, -4.47524], [122.67655, -4.48122], [122.67607, -4.48335], [122.67971, -4.48902], [122.67699, -4.48996], [122.67965, -4.4918], [122.67744, -4.49436], [122.67881, -4.49371], [122.68107, -4.4911], [122.68459, -4.49564], [122.68483, -4.49641], [122.68408, -4.49725], [122.68533, -4.49684], [122.68711, -4.49843], [122.68881, -4.49804], [122.6902, -4.49899], [122.69048, -4.49857], [122.69212, -4.49896], [122.69485, -4.50138], [122.69121, -4.5036], [122.68812, -4.50462], [122.68344, -4.5045], [122.68257, -4.50372], [122.68273, -4.50475], [122.68191, -4.50522], [122.68153, -4.50485], [122.68174, -4.50547], [122.6805, -4.50691], [122.67723, -4.50807], [122.67142, -4.50763], [122.66644, -4.49994], [122.66429, -4.49127], [122.66428, -4.48867], [122.66511, -4.4875], [122.6634, -4.4815], [122.65805, -4.47481], [122.65674, -4.47132], [122.65754, -4.47034], [122.66045, -4.47102], [122.66083, -4.47236], [122.66038, -4.47334], [122.66281, -4.47514], [122.66479, -4.47772], [122.66647, -4.47612], [122.66561, -4.47507], [122.66603, -4.47357], [122.66741, -4.47411], [122.66813, -4.47306], [122.66794, -4.47133], [122.66721, -4.47171], [122.66425, -4.47115], [122.66481, -4.46975], [122.66694, -4.46983], [122.66741, -4.46725], [122.66389, -4.4657], [122.66237, -4.46271], [122.66252, -4.46154], [122.66108, -4.46016], [122.66121, -4.45874], [122.66234, -4.45768], [122.66333, -4.45485], [122.66419, -4.45437], [122.66309, -4.45408], [122.66318, -4.45273], [122.66045, -4.45265], [122.65949, -4.45024], [122.65653, -4.44765], [122.65038, -4.44409], [122.6499, -4.4418], [122.64878, -4.44271], [122.64712, -4.44241], [122.63859, -4.43666], [122.63839, -4.43551], [122.63734, -4.43484], [122.63766, -4.43388], [122.63579, -4.43359], [122.63357, -4.43018], [122.63259, -4.42983], [122.63067, -4.42551], [122.63155, -4.42522], [122.63058, -4.4232], [122.62991, -4.42293], [122.62907, -4.42353], [122.62693, -4.42201], [122.62682, -4.42054], [122.6239, -4.4184], [122.62343, -4.41707], [122.62033, -4.41617], [122.61389, -4.40949], [122.61161, -4.40854], [122.60769, -4.40829], [122.60018, -4.40434], [122.59839, -4.40299], [122.59677, -4.39938], [122.59444, -4.39744], [122.58802, -4.39646], [122.58559, -4.39732], [122.58473, -4.39615], [122.5835, -4.39808], [122.5797, -4.39951], [122.57852, -4.39925], [122.5783, -4.39788], [122.57693, -4.39663], [122.5766, -4.39846], [122.57449, -4.39708], [122.57459, -4.39862], [122.56878, -4.4008], [122.56727, -4.40027], [122.56557, -4.40157], [122.56576, -4.40213]]], [[[122.56903, -4.41141], [122.56573, -4.40787], [122.56759, -4.40625], [122.56923, -4.40783], [122.56995, -4.40951], [122.56986, -4.41091], [122.56903, -4.41141]]]]}}, {"type": "Feature", "properties": {"domain_id": "741205", "name": "WAWONII TENGGARA"}, "geometry": {"type": "Polygon", "coordinates": [[[123.14227, -4.24896], [123.13579, -4.25585], [123.13295, -4.25574], [123.1328, -4.25495], [123.13083, -4.25539], [123.12393, -4.25993], [123.11989, -4.26105], [123.11756, -4.26083], [123.11462, -4.2595], [123.10997, -4.25959], [123.10855, -4.25848], [123.10362, -4.25683], [123.0987, -4.25237], [123.096, -4.25174], [123.09474, -4.25068], [123.09305, -4.25044], [123.09171, -4.25139], [123.08701, -4.25156], [123.08423, -4.25069], [123.0803, -4.25077], [123.07846, -4.24992], [123.07712, -4.25044], [123.07, -4.24829], [123.07224, -4.23382], [123.07655, -4.21801], [123.07956, -4.21683], [123.07938, -4.21181], [123.08053, -4.21013], [123.0842, -4.2074], [123.08616, -4.20293], [123.08945, -4.20102], [123.09057, -4.19855], [123.0873, -4.19267], [123.08624, -4.18791], [123.08756, -4.18352], [123.08793, -4.17836], [123.08925, -4.17497], [123.08983, -4.17015], [123.09483, -4.16174], [123.09853, -4.1587], [123.10037, -4.15632], [123.10215, -4.15196], [123.10486, -4.14986], [123.1087, -4.14837], [123.11037, -4.14674], [123.11177, -4.13578], [123.11276, -4.13318], [123.11261, -4.13141], [123.10735, -4.13133], [123.10617, -4.13075], [123.10428, -4.1282], [123.10133, -4.12888], [123.10018, -4.12842], [123.09884, -4.12417], [123.09496, -4.12135], [123.09356, -4.11848], [123.09331, -4.11676], [123.09434, -4.11067], [123.10309, -4.11271], [123.10661, -4.11115], [123.10947, -4.10773], [123.10994, -4.10567], [123.11579, -4.10759], [123.11694, -4.10852], [123.12104, -4.11541], [123.1248, -4.11976], [123.12896, -4.11883], [123.13127, -4.11964], [123.13531, -4.11993], [123.13991, -4.11669], [123.14158, -4.11403], [123.14303, -4.11403], [123.15649, -4.11935], [123.16991, -4.12342], [123.17219, -4.125], [123.18109, -4.12769], [123.19209, -4.13223], [123.19635, -4.13552], [123.20206, -4.13809], [123.21116, -4.145], [123.21628, -4.14752], [123.22143, -4.15211], [123.22069, -4.15397], [123.21881, -4.15336], [123.21659, -4.15401], [123.2152, -4.1531], [123.21379, -4.15312], [123.21058, -4.15627], [123.20883, -4.15913], [123.20684, -4.16493], [123.20705, -4.16993], [123.20652, -4.17222], [123.20415, -4.17586], [123.1988, -4.18059], [123.1953, -4.18582], [123.19384, -4.18598], [123.19111, -4.18359], [123.18928, -4.18319], [123.18751, -4.18365], [123.18569, -4.18515], [123.18576, -4.18987], [123.18758, -4.19332], [123.18637, -4.19385], [123.18256, -4.19978], [123.18114, -4.19965], [123.17947, -4.20053], [123.17644, -4.19994], [123.17532, -4.20202], [123.17322, -4.20327], [123.17104, -4.20327], [123.1667, -4.20639], [123.15952, -4.21785], [123.15591, -4.2256], [123.15483, -4.22957], [123.15683, -4.23021], [123.15557, -4.23157], [123.15486, -4.23136], [123.15335, -4.23746], [123.14645, -4.24581], [123.1437, -4.2469], [123.14227, -4.24896]]]}}, {"type": "Feature", "properties": {"domain_id": "740125", "name": "POLINGGONA"}, "geometry": {"type": "Polygon", "coordinates": [[[121.67081, -4.462], [121.66625, -4.46742], [121.65297, -4.47175], [121.65094, -4.47439], [121.64632, -4.47565], [121.64287, -4.47995], [121.63586, -4.48476], [121.63216, -4.48634], [121.6291, -4.4867], [121.62677, -4.48853], [121.62573, -4.48858], [121.62498, -4.48779], [121.62203, -4.48826], [121.61992, -4.48762], [121.61811, -4.48881], [121.61554, -4.48945], [121.61719, -4.49103], [121.61918, -4.49177], [121.62005, -4.49301], [121.61734, -4.49361], [121.61457, -4.49311], [121.61398, -4.49364], [121.614, -4.49558], [121.60062, -4.49498], [121.58827, -4.49255], [121.58515, -4.49086], [121.58544, -4.48886], [121.58405, -4.4901], [121.58384, -4.48905], [121.58314, -4.48912], [121.58298, -4.49073], [121.58177, -4.48974], [121.58122, -4.4905], [121.57894, -4.48967], [121.57853, -4.48879], [121.57744, -4.48882], [121.57585, -4.48724], [121.5707, -4.48876], [121.56986, -4.48996], [121.56764, -4.49016], [121.56686, -4.49142], [121.56245, -4.49217], [121.56148, -4.49031], [121.56324, -4.48928], [121.56199, -4.48626], [121.56009, -4.48562], [121.55907, -4.48402], [121.55571, -4.4847], [121.55485, -4.48372], [121.55279, -4.48475], [121.54966, -4.48259], [121.54782, -4.48272], [121.54413, -4.48159], [121.54297, -4.47982], [121.54183, -4.4751], [121.53981, -4.47396], [121.54124, -4.47302], [121.54111, -4.47097], [121.54208, -4.47019], [121.54247, -4.46847], [121.54144, -4.46546], [121.5404, -4.46493], [121.53866, -4.46556], [121.53802, -4.46386], [121.53529, -4.46065], [121.53601, -4.45636], [121.53709, -4.45531], [121.53813, -4.45258], [121.53951, -4.45183], [121.53899, -4.45116], [121.53907, -4.44824], [121.53774, -4.44622], [121.53791, -4.44461], [121.53705, -4.44362], [121.53637, -4.44088], [121.53878, -4.44045], [121.53903, -4.43976], [121.54107, -4.44003], [121.54165, -4.4391], [121.5436, -4.43976], [121.54381, -4.43879], [121.54306, -4.43839], [121.54291, -4.43709], [121.544, -4.43716], [121.54426, -4.43652], [121.54626, -4.43583], [121.54817, -4.43406], [121.55022, -4.4306], [121.55407, -4.43012], [121.55504, -4.42789], [121.55876, -4.42627], [121.55938, -4.42405], [121.56049, -4.42464], [121.56025, -4.4267], [121.56162, -4.42462], [121.56115, -4.42402], [121.56369, -4.42216], [121.5658, -4.4215], [121.56858, -4.42185], [121.56917, -4.42129], [121.5734, -4.42178], [121.57519, -4.42297], [121.57858, -4.42341], [121.58171, -4.42236], [121.5829, -4.41998], [121.58136, -4.417], [121.58078, -4.4139], [121.58279, -4.41132], [121.58272, -4.41075], [121.58151, -4.41069], [121.5831, -4.41006], [121.58177, -4.40941], [121.58233, -4.40826], [121.58541, -4.40805], [121.5871, -4.40979], [121.59009, -4.40883], [121.59187, -4.40999], [121.5938, -4.41021], [121.59403, -4.41116], [121.59481, -4.41143], [121.59545, -4.41084], [121.59625, -4.41141], [121.59978, -4.40905], [121.59989, -4.41079], [121.60044, -4.40999], [121.60217, -4.40977], [121.60488, -4.41092], [121.60661, -4.41051], [121.60725, -4.41116], [121.6089, -4.41071], [121.60907, -4.41009], [121.60955, -4.41054], [121.60944, -4.4099], [121.61021, -4.41022], [121.61072, -4.40954], [121.61077, -4.41021], [121.61115, -4.40967], [121.61184, -4.41013], [121.61162, -4.40952], [121.61285, -4.40828], [121.61474, -4.40853], [121.61553, -4.40943], [121.61829, -4.40918], [121.61814, -4.40809], [121.61968, -4.4081], [121.61946, -4.40731], [121.62092, -4.4073], [121.62164, -4.40585], [121.62237, -4.4064], [121.62391, -4.40564], [121.62359, -4.4044], [121.62554, -4.40413], [121.62739, -4.39638], [121.63379, -4.39619], [121.64842, -4.39287], [121.66479, -4.39091], [121.67401, -4.38793], [121.68947, -4.38704], [121.7091, -4.3802], [121.73594, -4.3634], [121.73672, -4.36491], [121.73864, -4.36523], [121.74263, -4.36785], [121.74566, -4.36835], [121.74587, -4.36942], [121.74447, -4.37088], [121.74551, -4.37255], [121.74823, -4.37289], [121.74908, -4.37411], [121.7505, -4.37402], [121.75133, -4.37541], [121.75323, -4.37575], [121.7538, -4.37683], [121.75465, -4.37501], [121.75492, -4.37586], [121.75951, -4.37552], [121.76106, -4.37669], [121.76246, -4.37621], [121.76666, -4.37787], [121.7672, -4.38051], [121.76895, -4.38201], [121.77189, -4.38341], [121.77307, -4.38264], [121.77441, -4.38405], [121.77421, -4.38495], [121.77598, -4.38589], [121.77682, -4.38791], [121.77849, -4.38762], [121.77918, -4.38875], [121.77978, -4.38791], [121.78125, -4.38804], [121.78152, -4.38927], [121.78275, -4.38892], [121.78279, -4.39089], [121.78372, -4.39081], [121.78415, -4.38986], [121.78636, -4.39128], [121.78679, -4.39007], [121.78787, -4.39156], [121.78855, -4.39118], [121.78931, -4.39175], [121.79019, -4.39066], [121.79139, -4.39193], [121.79251, -4.39163], [121.79344, -4.38982], [121.79441, -4.39002], [121.79489, -4.3893], [121.79618, -4.38918], [121.79737, -4.39155], [121.79684, -4.39439], [121.7976, -4.39602], [121.79826, -4.39617], [121.79831, -4.39525], [121.79907, -4.39477], [121.79966, -4.39644], [121.80115, -4.3974], [121.80122, -4.40027], [121.80222, -4.40226], [121.80205, -4.40524], [121.80132, -4.40679], [121.80213, -4.40822], [121.79751, -4.40825], [121.79591, -4.40916], [121.7887, -4.40977], [121.78587, -4.40954], [121.78412, -4.41097], [121.78071, -4.4092], [121.77834, -4.40884], [121.77245, -4.41251], [121.76473, -4.41615], [121.76188, -4.41935], [121.76251, -4.42407], [121.7613, -4.42656], [121.76155, -4.429], [121.75987, -4.4319], [121.75796, -4.4335], [121.75318, -4.43497], [121.74899, -4.43301], [121.7475, -4.43322], [121.74413, -4.43509], [121.73813, -4.43661], [121.73129, -4.44017], [121.72914, -4.43956], [121.73, -4.43796], [121.72825, -4.43661], [121.72221, -4.43639], [121.7177, -4.44053], [121.71683, -4.44262], [121.71417, -4.44522], [121.7084, -4.44542], [121.70592, -4.44867], [121.70372, -4.44871], [121.70059, -4.44731], [121.69812, -4.44867], [121.69667, -4.45047], [121.69374, -4.45121], [121.6916, -4.45309], [121.68493, -4.45295], [121.68386, -4.45346], [121.68473, -4.45471], [121.68273, -4.45545], [121.68291, -4.45602], [121.68155, -4.45577], [121.679, -4.45707], [121.67583, -4.45685], [121.67485, -4.45545], [121.6742, -4.45643], [121.67539, -4.45965], [121.67253, -4.46195], [121.67081, -4.462]]]}}, {"type": "Feature", "properties": {"domain_id": "740107", "name": "POMALAA"}, "geometry": {"type": "Polygon", "coordinates": [[[121.60966, -4.28621], [121.61009, -4.28745], [121.61231, -4.28809], [121.61078, -4.2928], [121.60895, -4.29399], [121.60656, -4.29235], [121.60407, -4.29664], [121.6022, -4.29792], [121.60126, -4.30315], [121.59978, -4.30461], [121.59901, -4.30645], [121.59914, -4.30816], [121.59689, -4.3087], [121.59501, -4.30832], [121.59229, -4.30613], [121.59031, -4.30679], [121.5893, -4.30274], [121.58513, -4.30225], [121.58381, -4.30088], [121.5831, -4.30118], [121.58403, -4.30181], [121.58363, -4.3029], [121.58192, -4.30333], [121.58, -4.30287], [121.57794, -4.30405], [121.57639, -4.30339], [121.57488, -4.30365], [121.57536, -4.3027], [121.57474, -4.30089], [121.57283, -4.30151], [121.57158, -4.29948], [121.57034, -4.30007], [121.5704, -4.29915], [121.56921, -4.29895], [121.56923, -4.29808], [121.56678, -4.29858], [121.56527, -4.29807], [121.5642, -4.29883], [121.5596, -4.29425], [121.55669, -4.29343], [121.55495, -4.29367], [121.55344, -4.29134], [121.55153, -4.29031], [121.55079, -4.28808], [121.54869, -4.28853], [121.54588, -4.28729], [121.54384, -4.28762], [121.5434, -4.29135], [121.54223, -4.29154], [121.54097, -4.29018], [121.53975, -4.29105], [121.53981, -4.29014], [121.5388, -4.29083], [121.53823, -4.28931], [121.53649, -4.29007], [121.53506, -4.28921], [121.53441, -4.2903], [121.53337, -4.2905], [121.53325, -4.29215], [121.53118, -4.29175], [121.53131, -4.28866], [121.53378, -4.28207], [121.53188, -4.28122], [121.53123, -4.28151], [121.53235, -4.27964], [121.53208, -4.27727], [121.53065, -4.27634], [121.53094, -4.2745], [121.52976, -4.27129], [121.52818, -4.26967], [121.52761, -4.2673], [121.5263, -4.26654], [121.53029, -4.26564], [121.53142, -4.26609], [121.53267, -4.26405], [121.53262, -4.26161], [121.53196, -4.2604], [121.53094, -4.26012], [121.53048, -4.25708], [121.53108, -4.25638], [121.5303, -4.25318], [121.52954, -4.25252], [121.52658, -4.25206], [121.52568, -4.25056], [121.52635, -4.24989], [121.52748, -4.2456], [121.52691, -4.24409], [121.52789, -4.24421], [121.52843, -4.24264], [121.53421, -4.23977], [121.53655, -4.24125], [121.53706, -4.24266], [121.53999, -4.24305], [121.54004, -4.24382], [121.5432, -4.24497], [121.54461, -4.24491], [121.54627, -4.24349], [121.54712, -4.24452], [121.54633, -4.24579], [121.5474, -4.24832], [121.54848, -4.24904], [121.55142, -4.24769], [121.55251, -4.24885], [121.55508, -4.24819], [121.55712, -4.24658], [121.5578, -4.24341], [121.55957, -4.24326], [121.56092, -4.24427], [121.56098, -4.24518], [121.5597, -4.24624], [121.55879, -4.24982], [121.55777, -4.24993], [121.55682, -4.25104], [121.55546, -4.25012], [121.549, -4.25232], [121.54376, -4.25164], [121.54034, -4.25424], [121.54088, -4.25766], [121.54232, -4.2582], [121.54312, -4.2602], [121.54567, -4.26189], [121.54881, -4.26295], [121.54816, -4.26431], [121.54926, -4.26656], [121.55397, -4.26519], [121.55557, -4.26534], [121.55723, -4.26417], [121.55847, -4.26508], [121.5581, -4.26566], [121.55877, -4.26574], [121.56227, -4.26228], [121.56481, -4.26272], [121.56572, -4.26126], [121.56652, -4.26254], [121.56662, -4.26105], [121.56731, -4.26101], [121.56869, -4.25842], [121.57006, -4.25778], [121.57251, -4.25325], [121.57384, -4.25279], [121.57531, -4.25], [121.57632, -4.24972], [121.5765, -4.24929], [121.57583, -4.24912], [121.5763, -4.24796], [121.58012, -4.2443], [121.58153, -4.24003], [121.58114, -4.23711], [121.58259, -4.23642], [121.58388, -4.23314], [121.58341, -4.23272], [121.58392, -4.23143], [121.58349, -4.22961], [121.58505, -4.22928], [121.58255, -4.22495], [121.58369, -4.22306], [121.58325, -4.22026], [121.58433, -4.21915], [121.58426, -4.21761], [121.58307, -4.21423], [121.58092, -4.21382], [121.58205, -4.21375], [121.58215, -4.21167], [121.57896, -4.21038], [121.57914, -4.20983], [121.57853, -4.20951], [121.57903, -4.20872], [121.57988, -4.20885], [121.57977, -4.20986], [121.58085, -4.21085], [121.58143, -4.20912], [121.58413, -4.20953], [121.58602, -4.20427], [121.58677, -4.2038], [121.58661, -4.20272], [121.58611, -4.2029], [121.58668, -4.20045], [121.59054, -4.19767], [121.59364, -4.19631], [121.59416, -4.19392], [121.59837, -4.18934], [121.60078, -4.18769], [121.60035, -4.1872], [121.5995, -4.18774], [121.59644, -4.18573], [121.59454, -4.18541], [121.59165, -4.18223], [121.59102, -4.17882], [121.58946, -4.1766], [121.59062, -4.17707], [121.59162, -4.17609], [121.59137, -4.17721], [121.59256, -4.17877], [121.59418, -4.17855], [121.59589, -4.17929], [121.59631, -4.1821], [121.59693, -4.18202], [121.59764, -4.18066], [121.59998, -4.18088], [121.60029, -4.17995], [121.59974, -4.17893], [121.60082, -4.17995], [121.60189, -4.17957], [121.60605, -4.1838], [121.60706, -4.18357], [121.60586, -4.18334], [121.60265, -4.17998], [121.60483, -4.18159], [121.60633, -4.18188], [121.60877, -4.17902], [121.60784, -4.17832], [121.60935, -4.17375], [121.61035, -4.1737], [121.60798, -4.16915], [121.60881, -4.16564], [121.60753, -4.16231], [121.6098, -4.16193], [121.61196, -4.16], [121.61651, -4.15143], [121.61719, -4.1512], [121.61688, -4.14554], [121.6178, -4.14077], [121.62044, -4.14154], [121.62181, -4.14393], [121.62433, -4.1429], [121.62585, -4.14352], [121.62839, -4.14234], [121.63012, -4.14339], [121.63139, -4.14557], [121.63387, -4.14722], [121.63307, -4.15263], [121.63589, -4.15327], [121.63582, -4.15388], [121.63849, -4.15414], [121.64013, -4.1558], [121.64147, -4.15994], [121.6433, -4.15951], [121.64596, -4.16117], [121.6495, -4.16087], [121.65087, -4.16135], [121.65271, -4.16054], [121.65353, -4.15932], [121.65555, -4.1604], [121.65466, -4.17231], [121.65631, -4.17743], [121.65545, -4.17857], [121.65715, -4.1809], [121.65718, -4.18195], [121.66026, -4.18312], [121.66059, -4.18485], [121.6628, -4.18431], [121.66528, -4.18639], [121.66874, -4.18602], [121.6707, -4.18466], [121.67415, -4.1842], [121.67538, -4.18541], [121.67483, -4.18604], [121.67382, -4.18572], [121.6748, -4.18703], [121.67386, -4.18857], [121.67455, -4.1914], [121.67772, -4.19133], [121.68037, -4.19329], [121.67969, -4.19564], [121.6814, -4.19778], [121.6804, -4.19882], [121.6803, -4.20003], [121.683, -4.2018], [121.68465, -4.20539], [121.68476, -4.20745], [121.68901, -4.20903], [121.69109, -4.21062], [121.69324, -4.21021], [121.69303, -4.20901], [121.69479, -4.20877], [121.69559, -4.20763], [121.69736, -4.20827], [121.69822, -4.21071], [121.70239, -4.21337], [121.70355, -4.21823], [121.70505, -4.21887], [121.7056, -4.21709], [121.70804, -4.21721], [121.70781, -4.21841], [121.70923, -4.22005], [121.71021, -4.22486], [121.71347, -4.22743], [121.71382, -4.22933], [121.71473, -4.23012], [121.71698, -4.23134], [121.71996, -4.2305], [121.72318, -4.23156], [121.72456, -4.23276], [121.7249, -4.23458], [121.72764, -4.2365], [121.72971, -4.23543], [121.7308, -4.23353], [121.73443, -4.23407], [121.73737, -4.23324], [121.73834, -4.23421], [121.74223, -4.23361], [121.74334, -4.23178], [121.74471, -4.23213], [121.7461, -4.23913], [121.74626, -4.24452], [121.74479, -4.2442], [121.73943, -4.24503], [121.73873, -4.24596], [121.73593, -4.24646], [121.73416, -4.25129], [121.73532, -4.25399], [121.73473, -4.25678], [121.73602, -4.25855], [121.73787, -4.25948], [121.73967, -4.26199], [121.74279, -4.26291], [121.74267, -4.26507], [121.74012, -4.266], [121.74068, -4.26709], [121.74763, -4.26789], [121.74963, -4.26872], [121.75132, -4.26829], [121.75619, -4.27355], [121.75857, -4.27503], [121.76946, -4.28887], [121.77327, -4.29201], [121.77326, -4.29444], [121.77217, -4.29677], [121.76577, -4.29733], [121.76119, -4.29447], [121.7564, -4.29462], [121.75218, -4.29273], [121.74817, -4.29198], [121.73936, -4.28873], [121.73082, -4.29026], [121.7233, -4.29356], [121.72125, -4.29331], [121.71719, -4.29416], [121.71611, -4.29329], [121.7136, -4.29483], [121.7085, -4.295], [121.70674, -4.29395], [121.70351, -4.29345], [121.70094, -4.28899], [121.69928, -4.28807], [121.69395, -4.28715], [121.67627, -4.28655], [121.66623, -4.28525], [121.646, -4.27966], [121.64279, -4.27739], [121.63581, -4.27711], [121.63681, -4.27939], [121.63612, -4.27987], [121.63392, -4.27829], [121.63296, -4.2783], [121.63233, -4.27676], [121.62939, -4.27754], [121.62567, -4.27579], [121.62454, -4.27746], [121.62297, -4.2784], [121.62217, -4.28034], [121.61901, -4.2799], [121.61426, -4.28162], [121.61158, -4.28082], [121.60993, -4.28227], [121.61165, -4.28296], [121.61252, -4.28459], [121.61024, -4.28476], [121.60966, -4.28621]]]}}, {"type": "Feature", "properties": {"domain_id": "747108", "name": "KADIA"}, "geometry": {"type": "Polygon", "coordinates": [[[122.51407, -3.99609], [122.51216, -3.99756], [122.51227, -3.99928], [122.51064, -3.99995], [122.50463, -3.99874], [122.4998, -3.99608], [122.50154, -3.99481], [122.50358, -3.99132], [122.50621, -3.98861], [122.50038, -3.98571], [122.49264, -3.98504], [122.49129, -3.9769], [122.49261, -3.97617], [122.49324, -3.97476], [122.49424, -3.97515], [122.4956, -3.97141], [122.49796, -3.97073], [122.49894, -3.9727], [122.50281, -3.97481], [122.50645, -3.97193], [122.52541, -3.98057], [122.52007, -3.98862], [122.51679, -3.99169], [122.51731, -3.99392], [122.51407, -3.99609]]]}}, {"type": "Feature", "properties": {"domain_id": "747201", "name": "BETOAMBARI"}, "geometry": {"type": "Polygon", "coordinates": [[[122.62114, -5.50505], [122.62221, -5.50497], [122.62155, -5.50509], [122.61805, -5.5101], [122.61545, -5.51049], [122.61399, -5.51533], [122.60806, -5.52266], [122.60505, -5.52519], [122.59972, -5.52763], [122.58846, -5.53114], [122.58454, -5.53334], [122.58192, -5.53566], [122.57374, -5.53814], [122.57152, -5.52971], [122.56925, -5.52505], [122.56685, -5.52269], [122.56418, -5.52208], [122.55711, -5.51906], [122.55647, -5.51828], [122.5564, -5.51489], [122.55926, -5.50746], [122.55878, -5.50459], [122.55782, -5.50384], [122.55678, -5.50098], [122.56084, -5.49566], [122.5642, -5.48263], [122.56626, -5.4804], [122.57127, -5.47733], [122.5727, -5.47807], [122.57648, -5.47338], [122.58395, -5.46838], [122.58478, -5.46925], [122.58689, -5.46865], [122.58794, -5.47043], [122.58852, -5.47011], [122.58896, -5.47093], [122.58985, -5.47079], [122.58994, -5.47337], [122.59126, -5.47285], [122.59154, -5.47354], [122.59292, -5.47355], [122.59318, -5.47418], [122.59395, -5.47642], [122.58776, -5.4805], [122.59046, -5.48734], [122.59072, -5.4896], [122.59218, -5.49183], [122.59692, -5.49023], [122.59879, -5.48795], [122.61197, -5.49542], [122.61326, -5.49514], [122.61494, -5.49598], [122.61491, -5.49514], [122.61555, -5.49512], [122.62068, -5.50131], [122.62181, -5.50105], [122.62181, -5.49995], [122.6229, -5.5002], [122.62301, -5.50184], [122.62035, -5.50308], [122.6199, -5.50459], [122.62114, -5.50505]]]}}, {"type": "Feature", "properties": {"domain_id": "740104", "name": "KOLAKA"}, "geometry": {"type": "Polygon", "coordinates": [[[121.61458, -4.08433], [121.60736, -4.08471], [121.60783, -4.08288], [121.61023, -4.08036], [121.61073, -4.07577], [121.60971, -4.07523], [121.60934, -4.07168], [121.60859, -4.0711], [121.60951, -4.06723], [121.60915, -4.06654], [121.60348, -4.06405], [121.60536, -4.06145], [121.60283, -4.0638], [121.59311, -4.06231], [121.59252, -4.05909], [121.59262, -4.05659], [121.59333, -4.05518], [121.59295, -4.05369], [121.59425, -4.05094], [121.59557, -4.04978], [121.59373, -4.04726], [121.59238, -4.04668], [121.59122, -4.04452], [121.59201, -4.0433], [121.59186, -4.04111], [121.59303, -4.03876], [121.59195, -4.03769], [121.59278, -4.03625], [121.59229, -4.03482], [121.59489, -4.03326], [121.59458, -4.03071], [121.59726, -4.02968], [121.59914, -4.03028], [121.59962, -4.02785], [121.60185, -4.02494], [121.6043, -4.02676], [121.60423, -4.02449], [121.60615, -4.02424], [121.60678, -4.02128], [121.60881, -4.02118], [121.61013, -4.0184], [121.61129, -4.01893], [121.61263, -4.01786], [121.61377, -4.0181], [121.61349, -4.01681], [121.61739, -4.01379], [121.61683, -4.01173], [121.61862, -4.01104], [121.61761, -4.01], [121.61748, -4.00835], [121.61923, -4.00745], [121.61872, -4.00565], [121.62033, -4.00566], [121.62076, -4.00508], [121.62069, -4.0044], [121.61971, -4.00399], [121.62063, -4.0027], [121.62272, -4.00249], [121.62224, -4.00103], [121.625, -3.99949], [121.62598, -3.99965], [121.62688, -3.99866], [121.62632, -3.99302], [121.62694, -3.9881], [121.62804, -3.98547], [121.62737, -3.98344], [121.63079, -3.97968], [121.63143, -3.97768], [121.63102, -3.9747], [121.63457, -3.9716], [121.63542, -3.96978], [121.63671, -3.96907], [121.63783, -3.96353], [121.64292, -3.9574], [121.64354, -3.95375], [121.64577, -3.9509], [121.64506, -3.94857], [121.64664, -3.94458], [121.64557, -3.94359], [121.64573, -3.94172], [121.64357, -3.93996], [121.64361, -3.93789], [121.64267, -3.93498], [121.64356, -3.93248], [121.64358, -3.92829], [121.64061, -3.9243], [121.64013, -3.91994], [121.63902, -3.91895], [121.63815, -3.91643], [121.63921, -3.91256], [121.63917, -3.90994], [121.64242, -3.9098], [121.64693, -3.91092], [121.65027, -3.91009], [121.65277, -3.91087], [121.65351, -3.91061], [121.6541, -3.90921], [121.65496, -3.90982], [121.65626, -3.90954], [121.66114, -3.91643], [121.66356, -3.91782], [121.66376, -3.91918], [121.67246, -3.9313], [121.67108, -3.93355], [121.67052, -3.93748], [121.6709, -3.94126], [121.66798, -3.94619], [121.66674, -3.95015], [121.66461, -3.95098], [121.66294, -3.95401], [121.66144, -3.95496], [121.66054, -3.95648], [121.6588, -3.96213], [121.65785, -3.96833], [121.6557, -3.97087], [121.65557, -3.97516], [121.6547, -3.97711], [121.66085, -3.98035], [121.66271, -3.97952], [121.66644, -3.97987], [121.66858, -3.98098], [121.6763, -3.98756], [121.6785, -3.98874], [121.68061, -3.98864], [121.68203, -3.99114], [121.68287, -3.99149], [121.68294, -3.99257], [121.68479, -3.99393], [121.68909, -4.00088], [121.69014, -4.00106], [121.69033, -4.00262], [121.69206, -4.00449], [121.69227, -4.00678], [121.6934, -4.00867], [121.69532, -4.00962], [121.69663, -4.01165], [121.69993, -4.01454], [121.70404, -4.01465], [121.70874, -4.01715], [121.71307, -4.01796], [121.71306, -4.0202], [121.71442, -4.02088], [121.71508, -4.02487], [121.71808, -4.02392], [121.72362, -4.02837], [121.72752, -4.02708], [121.72647, -4.03139], [121.73039, -4.03405], [121.73133, -4.03637], [121.73203, -4.0366], [121.73164, -4.04061], [121.72977, -4.04451], [121.72728, -4.04788], [121.72769, -4.04936], [121.72535, -4.05289], [121.72144, -4.05242], [121.7152, -4.05388], [121.71109, -4.05667], [121.70956, -4.05627], [121.70613, -4.05667], [121.70349, -4.05812], [121.7012, -4.06325], [121.69903, -4.06326], [121.6943, -4.06612], [121.69227, -4.06555], [121.68824, -4.06585], [121.68424, -4.06679], [121.68401, -4.06802], [121.6826, -4.0684], [121.67638, -4.06854], [121.67595, -4.07], [121.67457, -4.07013], [121.67334, -4.0719], [121.67221, -4.07223], [121.67087, -4.07163], [121.66987, -4.07348], [121.66834, -4.07289], [121.66751, -4.07609], [121.66537, -4.07622], [121.66303, -4.07852], [121.65998, -4.0783], [121.65751, -4.07896], [121.65648, -4.07724], [121.65483, -4.07697], [121.65322, -4.07577], [121.65189, -4.07708], [121.64992, -4.0777], [121.64619, -4.0838], [121.64658, -4.08626], [121.64561, -4.08708], [121.64465, -4.09016], [121.64349, -4.0903], [121.63953, -4.09782], [121.64009, -4.09765], [121.64057, -4.0976], [121.63739, -4.0988], [121.63775, -4.0999], [121.63689, -4.10096], [121.63463, -4.10271], [121.63323, -4.10509], [121.63134, -4.10606], [121.62949, -4.10527], [121.62833, -4.10586], [121.62529, -4.10364], [121.62433, -4.10455], [121.62407, -4.10448], [121.6245, -4.10229], [121.62407, -4.10104], [121.62252, -4.10055], [121.62241, -4.09734], [121.62358, -4.09707], [121.62309, -4.09541], [121.62229, -4.09433], [121.61885, -4.09275], [121.6189, -4.09034], [121.61799, -4.08994], [121.61812, -4.08849], [121.61522, -4.0868], [121.61458, -4.08433]]]}}, {"type": "Feature", "properties": {"domain_id": "740704", "name": "BINONGKO"}, "geometry": {"type": "MultiPolygon", "coordinates": [[[[124.03651, -5.94682], [124.02295, -5.93827], [124.01837, -5.93449], [124.01258, -5.92693], [124.00761, -5.93332], [123.99686, -5.93891], [123.98733, -5.94252], [123.97554, -5.94343], [123.97421, -5.94411], [123.972, -5.94191], [123.96935, -5.93757], [123.96894, -5.93397], [123.9698, -5.93142], [123.96972, -5.92935], [123.97483, -5.92433], [123.97849, -5.9156], [123.97842, -5.9112], [123.97624, -5.90321], [123.97877, -5.89673], [123.98277, -5.89153], [123.98501, -5.8857], [123.98531, -5.88181], [123.98659, -5.87825], [123.99041, -5.87774], [123.99482, -5.87917], [123.9956, -5.8803], [124.00868, -5.88951], [124.0104, -5.89037], [124.01505, -5.89096], [124.02595, -5.89883], [124.02683, -5.89932], [124.02765, -5.89878], [124.02749, -5.89968], [124.03331, -5.90286], [124.03858, -5.90746], [124.03993, -5.90727], [124.04136, -5.90839], [124.04404, -5.91334], [124.04677, -5.92245], [124.04911, -5.92637], [124.05074, -5.93167], [124.05288, -5.93518], [124.05737, -5.94623], [124.05825, -5.94753], [124.06008, -5.94822], [124.06133, -5.95116], [124.06629, -5.97161], [124.06755, -5.97339], [124.06907, -5.97318], [124.07022, -5.97398], [124.07252, -5.977], [124.07537, -5.9863], [124.07594, -5.99025], [124.0768, -5.99032], [124.07887, -5.99493], [124.08203, -6.00521], [124.08203, -6.01363], [124.08002, -6.01759], [124.07644, -6.02155], [124.06967, -6.02583], [124.06117, -6.02736], [124.06373, -6.01182], [124.06289, -6.00318], [124.05747, -5.97867], [124.0483, -5.96992], [124.04089, -5.95159], [124.03651, -5.94682]]], [[[124.61185, -6.10898], [124.61679, -6.11126], [124.61652, -6.11422], [124.61575, -6.11495], [124.61625, -6.1169], [124.61543, -6.11969], [124.61175, -6.12273], [124.61041, -6.12509], [124.60848, -6.12686], [124.60596, -6.12696], [124.60231, -6.13221], [124.6002, -6.13349], [124.59936, -6.13337], [124.59894, -6.13274], [124.59967, -6.13067], [124.60039, -6.12207], [124.60158, -6.11782], [124.60122, -6.11556], [124.60264, -6.11348], [124.60762, -6.10928], [124.61185, -6.10898]]], [[[124.33342, -5.80262], [124.33178, -5.80118], [124.33125, -5.79924], [124.3316, -5.79839], [124.33353, -5.79763], [124.33434, -5.79822], [124.33473, -5.80046], [124.33415, -5.80251], [124.33342, -5.80262]]]]}}, {"type": "Feature", "properties": {"domain_id": "740901", "name": "ASERA"}, "geometry": {"type": "Polygon", "coordinates": [[[122.08253, -3.52962], [122.08019, -3.53156], [122.07766, -3.53194], [122.07553, -3.53327], [122.07527, -3.5342], [122.07598, -3.53614], [122.0751, -3.53979], [122.07095, -3.54071], [122.06932, -3.54208], [122.06329, -3.54137], [122.061, -3.54176], [122.05985, -3.54082], [122.05946, -3.53859], [122.05668, -3.53883], [122.05575, -3.53741], [122.05446, -3.53682], [122.05489, -3.538], [122.05446, -3.53972], [122.05114, -3.5435], [122.05182, -3.54535], [122.0492, -3.54831], [122.04877, -3.55009], [122.04711, -3.55207], [122.04835, -3.55421], [122.04545, -3.55525], [122.04423, -3.55723], [122.04377, -3.56001], [122.04617, -3.56196], [122.0449, -3.56349], [122.04523, -3.56612], [122.04309, -3.5654], [122.04193, -3.56598], [122.04145, -3.56739], [122.03872, -3.56761], [122.03721, -3.57017], [122.03702, -3.5723], [122.03566, -3.57304], [122.03388, -3.57909], [122.03146, -3.58019], [122.03177, -3.58176], [122.03055, -3.58217], [122.03065, -3.58363], [122.02877, -3.58546], [122.02777, -3.58983], [122.02847, -3.59084], [122.0278, -3.5926], [122.02915, -3.59481], [122.02842, -3.59601], [122.03006, -3.59791], [122.03049, -3.60094], [122.03259, -3.60283], [122.03432, -3.60584], [122.03531, -3.60905], [122.03555, -3.61304], [122.03685, -3.61634], [122.03804, -3.61663], [122.03652, -3.61757], [122.03439, -3.61613], [122.03314, -3.61682], [122.03149, -3.61574], [122.02814, -3.617], [122.02179, -3.61597], [122.01983, -3.61658], [122.01734, -3.61859], [122.0094, -3.61166], [122.00926, -3.61041], [122.0106, -3.60699], [122.01029, -3.60382], [122.00372, -3.59555], [122.00162, -3.59183], [122.00365, -3.58841], [122.00373, -3.5868], [122.00314, -3.58627], [121.99822, -3.58618], [121.99365, -3.58406], [121.98717, -3.57656], [121.98376, -3.57364], [121.98317, -3.57217], [121.97952, -3.57526], [121.97833, -3.57875], [121.97518, -3.58105], [121.97361, -3.58049], [121.96975, -3.57783], [121.96641, -3.57236], [121.96028, -3.56704], [121.95338, -3.56375], [121.95249, -3.56536], [121.94862, -3.5669], [121.94613, -3.56591], [121.94543, -3.56411], [121.94451, -3.56397], [121.94124, -3.56731], [121.93663, -3.56993], [121.93533, -3.56831], [121.93366, -3.56971], [121.92207, -3.56694], [121.91654, -3.56778], [121.91497, -3.56606], [121.91466, -3.56378], [121.90996, -3.56236], [121.90835, -3.55967], [121.90588, -3.558], [121.90098, -3.55966], [121.89684, -3.56344], [121.89474, -3.56696], [121.894, -3.5696], [121.89416, -3.57197], [121.89135, -3.5737], [121.88677, -3.57259], [121.88218, -3.56858], [121.88023, -3.56867], [121.87895, -3.56773], [121.87533, -3.56712], [121.87287, -3.56571], [121.87206, -3.56435], [121.86727, -3.56362], [121.86095, -3.56366], [121.85947, -3.56277], [121.85739, -3.5628], [121.85709, -3.56068], [121.8559, -3.55941], [121.85239, -3.55966], [121.84946, -3.5622], [121.8455, -3.56442], [121.84449, -3.56588], [121.84167, -3.56649], [121.83783, -3.56367], [121.83586, -3.56414], [121.83364, -3.56297], [121.83022, -3.56256], [121.82321, -3.5651], [121.81641, -3.56867], [121.81308, -3.57444], [121.80897, -3.57626], [121.80758, -3.58168], [121.8047, -3.58461], [121.80083, -3.58507], [121.79689, -3.58156], [121.79352, -3.58035], [121.7928, -3.57715], [121.79109, -3.57591], [121.7888, -3.57532], [121.7863, -3.57196], [121.78423, -3.57048], [121.78327, -3.56874], [121.7836, -3.56672], [121.78308, -3.56339], [121.77997, -3.56234], [121.77811, -3.55522], [121.77497, -3.55185], [121.77754, -3.54968], [121.77687, -3.54691], [121.77885, -3.5396], [121.77708, -3.5369], [121.77621, -3.53078], [121.77463, -3.52873], [121.7727, -3.52389], [121.77346, -3.51819], [121.77317, -3.51598], [121.77052, -3.51219], [121.76721, -3.51035], [121.76628, -3.50816], [121.76637, -3.50455], [121.76862, -3.50236], [121.76863, -3.49775], [121.76925, -3.49718], [121.76971, -3.49376], [121.76912, -3.49251], [121.76795, -3.49197], [121.76834, -3.48954], [121.76478, -3.48812], [121.76208, -3.48552], [121.76016, -3.48457], [121.75272, -3.48482], [121.74991, -3.48353], [121.74566, -3.48662], [121.73716, -3.48946], [121.73483, -3.49081], [121.7323, -3.49368], [121.72724, -3.49019], [121.71961, -3.4907], [121.71731, -3.48997], [121.71494, -3.49073], [121.71415, -3.48911], [121.71169, -3.48679], [121.70624, -3.48671], [121.70115, -3.48477], [121.69979, -3.48255], [121.69765, -3.48102], [121.68133, -3.47527], [121.67709, -3.47417], [121.67464, -3.47433], [121.67291, -3.47196], [121.66667, -3.4701], [121.66649, -3.46683], [121.66423, -3.4607], [121.66052, -3.45667], [121.66326, -3.44722], [121.66493, -3.4462], [121.66545, -3.44397], [121.66969, -3.43888], [121.67192, -3.43778], [121.67368, -3.43776], [121.67442, -3.43682], [121.67577, -3.43648], [121.67488, -3.43305], [121.67478, -3.42949], [121.67274, -3.42697], [121.67208, -3.42456], [121.67038, -3.42294], [121.66238, -3.41767], [121.65864, -3.42091], [121.65264, -3.42254], [121.6468, -3.42275], [121.64421, -3.42129], [121.64094, -3.42071], [121.628, -3.42413], [121.62305, -3.42407], [121.62019, -3.42549], [121.61895, -3.42549], [121.61607, -3.42155], [121.6086, -3.41439], [121.60401, -3.40795], [121.60098, -3.40483], [121.59983, -3.40431], [121.59715, -3.40447], [121.59673, -3.40311], [121.59344, -3.39977], [121.58797, -3.39836], [121.59967, -3.38241], [121.60163, -3.38041], [121.6042, -3.38074], [121.60558, -3.37867], [121.60589, -3.37635], [121.60761, -3.37395], [121.60664, -3.37342], [121.60937, -3.37094], [121.60976, -3.36988], [121.60894, -3.36731], [121.60965, -3.36516], [121.61065, -3.36506], [121.61154, -3.36353], [121.61328, -3.3535], [121.61223, -3.35166], [121.6134, -3.35054], [121.61257, -3.34658], [121.61277, -3.34444], [121.61391, -3.3424], [121.61305, -3.34035], [121.61355, -3.33572], [121.60767, -3.31896], [121.60358, -3.3172], [121.59941, -3.31182], [121.59491, -3.30867], [121.59123, -3.3095], [121.58958, -3.30564], [121.58701, -3.30415], [121.5857, -3.30129], [121.5835, -3.29913], [121.58105, -3.29367], [121.58059, -3.28597], [121.57724, -3.27904], [121.57183, -3.27382], [121.57149, -3.27053], [121.57482, -3.26755], [121.57341, -3.2649], [121.57061, -3.26355], [121.56898, -3.2616], [121.56612, -3.25985], [121.56304, -3.25588], [121.55629, -3.25131], [121.55291, -3.24626], [121.55261, -3.23978], [121.55082, -3.23259], [121.55135, -3.23175], [121.55033, -3.23098], [121.54957, -3.22809], [121.54833, -3.22773], [121.54747, -3.22605], [121.54614, -3.2252], [121.54922, -3.22262], [121.54869, -3.21868], [121.54918, -3.21763], [121.54716, -3.21575], [121.54679, -3.20982], [121.55094, -3.20807], [121.55062, -3.20645], [121.55296, -3.20487], [121.55413, -3.20494], [121.55489, -3.20333], [121.5559, -3.20337], [121.55677, -3.2006], [121.5555, -3.19906], [121.55578, -3.19746], [121.55916, -3.19558], [121.56018, -3.19418], [121.56145, -3.19445], [121.56089, -3.1926], [121.56233, -3.19133], [121.56709, -3.19003], [121.57356, -3.18011], [121.5765, -3.17959], [121.57635, -3.17831], [121.57714, -3.17677], [121.58, -3.17538], [121.58145, -3.17675], [121.58158, -3.178], [121.58523, -3.17701], [121.58503, -3.1762], [121.58318, -3.1752], [121.58361, -3.17367], [121.58719, -3.17062], [121.58698, -3.16865], [121.58823, -3.16781], [121.58889, -3.16555], [121.59265, -3.16338], [121.59375, -3.16094], [121.59521, -3.15945], [121.59598, -3.15951], [121.59624, -3.16121], [121.59775, -3.16269], [121.59931, -3.16277], [121.60157, -3.16101], [121.60251, -3.16108], [121.6054, -3.164], [121.60731, -3.1638], [121.61007, -3.16463], [121.61326, -3.16733], [121.61545, -3.16762], [121.61781, -3.16704], [121.61855, -3.16451], [121.62084, -3.16282], [121.62288, -3.16625], [121.62383, -3.16683], [121.6248, -3.16612], [121.6252, -3.16372], [121.62803, -3.16195], [121.63013, -3.1634], [121.63249, -3.16284], [121.63393, -3.16165], [121.63274, -3.15892], [121.63346, -3.15796], [121.63853, -3.16104], [121.64044, -3.16402], [121.64113, -3.16328], [121.64223, -3.16339], [121.64464, -3.16454], [121.64624, -3.16639], [121.64865, -3.16612], [121.65514, -3.16984], [121.65923, -3.17776], [121.66188, -3.18566], [121.66395, -3.18836], [121.66537, -3.19211], [121.66804, -3.19257], [121.67217, -3.19706], [121.68231, -3.20239], [121.68216, -3.20375], [121.68027, -3.20635], [121.68054, -3.20998], [121.68005, -3.2126], [121.67895, -3.21373], [121.67881, -3.21831], [121.67795, -3.21889], [121.6753, -3.21733], [121.67348, -3.21853], [121.67529, -3.22398], [121.68294, -3.22255], [121.6823, -3.22547], [121.6846, -3.22707], [121.68812, -3.22721], [121.69048, -3.22923], [121.69451, -3.22865], [121.69969, -3.231], [121.70049, -3.23069], [121.70127, -3.22832], [121.70362, -3.22646], [121.70526, -3.22846], [121.71088, -3.22935], [121.71138, -3.23], [121.71105, -3.23144], [121.71319, -3.23491], [121.71143, -3.23703], [121.70975, -3.23773], [121.70988, -3.23889], [121.71318, -3.23854], [121.71584, -3.24157], [121.72248, -3.24146], [121.72315, -3.24476], [121.72591, -3.24327], [121.7283, -3.24611], [121.73073, -3.24486], [121.73384, -3.24718], [121.73772, -3.24524], [121.73841, -3.24163], [121.74566, -3.2405], [121.74555, -3.23722], [121.75221, -3.23482], [121.75503, -3.23751], [121.75695, -3.24196], [121.75772, -3.24193], [121.75741, -3.24011], [121.75853, -3.23932], [121.76317, -3.24493], [121.76372, -3.24829], [121.7655, -3.24972], [121.7656, -3.25197], [121.7681, -3.25055], [121.77094, -3.25027], [121.77396, -3.25136], [121.77502, -3.25043], [121.77331, -3.24812], [121.77441, -3.24544], [121.77456, -3.24234], [121.77882, -3.24166], [121.78195, -3.24309], [121.78162, -3.24094], [121.78313, -3.23853], [121.78453, -3.23898], [121.78854, -3.2387], [121.79521, -3.24196], [121.79758, -3.2418], [121.80415, -3.23813], [121.80958, -3.23656], [121.81208, -3.23446], [121.81437, -3.23516], [121.81718, -3.2351], [121.81956, -3.23392], [121.82113, -3.23232], [121.82469, -3.23272], [121.82627, -3.23063], [121.82837, -3.22965], [121.829, -3.22784], [121.83071, -3.22648], [121.83156, -3.22624], [121.83298, -3.22702], [121.8342, -3.22638], [121.83502, -3.22528], [121.8352, -3.22288], [121.83588, -3.22265], [121.84102, -3.2233], [121.84169, -3.2269], [121.84256, -3.22816], [121.84659, -3.22998], [121.85417, -3.22987], [121.85672, -3.228], [121.85799, -3.2279], [121.85844, -3.2293], [121.86036, -3.22999], [121.86367, -3.23295], [121.86706, -3.23194], [121.87142, -3.23342], [121.87258, -3.23327], [121.87528, -3.23048], [121.87662, -3.23037], [121.8795, -3.23565], [121.88128, -3.23741], [121.88444, -3.2388], [121.88899, -3.23873], [121.89081, -3.23942], [121.89199, -3.2423], [121.89418, -3.24529], [121.90246, -3.24888], [121.90339, -3.25029], [121.90625, -3.25225], [121.9073, -3.25391], [121.90851, -3.25868], [121.91198, -3.26509], [121.91516, -3.27412], [121.91373, -3.27794], [121.91124, -3.28091], [121.91151, -3.2825], [121.91308, -3.28392], [121.91302, -3.28502], [121.91098, -3.28745], [121.91026, -3.29002], [121.90862, -3.29149], [121.90805, -3.29501], [121.90303, -3.3055], [121.90164, -3.31201], [121.90218, -3.31507], [121.90179, -3.31734], [121.89802, -3.319], [121.89701, -3.32117], [121.89709, -3.32305], [121.89871, -3.32464], [121.90023, -3.33124], [121.90331, -3.33338], [121.90295, -3.33422], [121.89948, -3.33572], [121.89866, -3.33731], [121.90092, -3.33857], [121.90458, -3.33743], [121.90779, -3.33904], [121.90862, -3.34106], [121.90885, -3.34383], [121.90713, -3.34933], [121.90461, -3.35212], [121.90453, -3.35394], [121.90531, -3.35602], [121.90603, -3.35732], [121.91019, -3.36025], [121.91352, -3.3599], [121.91508, -3.36044], [121.91543, -3.36271], [121.91447, -3.36479], [121.91656, -3.3675], [121.91937, -3.36786], [121.92215, -3.36733], [121.92649, -3.36838], [121.93312, -3.36842], [121.93948, -3.36941], [121.9449, -3.37379], [121.94849, -3.37927], [121.95219, -3.38313], [121.95538, -3.39239], [121.96107, -3.39817], [121.96383, -3.40786], [121.96759, -3.41381], [121.98142, -3.42437], [121.98452, -3.43195], [121.98825, -3.43589], [121.98893, -3.43978], [121.99136, -3.44469], [121.99557, -3.44957], [121.99845, -3.45139], [122.00205, -3.45493], [122.00444, -3.46264], [122.00469, -3.46675], [122.00323, -3.47134], [122.00305, -3.47398], [122.00472, -3.47424], [122.00606, -3.47348], [122.01017, -3.46769], [122.01312, -3.46788], [122.01883, -3.46515], [122.02275, -3.46527], [122.02549, -3.46646], [122.02775, -3.46372], [122.03489, -3.45956], [122.04072, -3.45765], [122.04584, -3.45801], [122.06019, -3.45305], [122.06561, -3.44951], [122.07098, -3.4495], [122.07477, -3.45104], [122.07913, -3.45085], [122.08241, -3.44858], [122.09333, -3.44717], [122.09574, -3.44553], [122.10348, -3.44334], [122.10568, -3.44368], [122.10645, -3.44456], [122.10689, -3.44688], [122.10865, -3.44899], [122.1139, -3.4481], [122.12307, -3.45044], [122.12705, -3.44976], [122.12819, -3.45042], [122.13049, -3.45008], [122.13256, -3.45084], [122.13722, -3.45029], [122.13921, -3.45187], [122.14137, -3.45493], [122.13543, -3.45635], [122.13644, -3.45829], [122.13679, -3.4636], [122.13796, -3.46609], [122.13764, -3.46903], [122.14133, -3.47172], [122.14385, -3.47225], [122.14516, -3.48081], [122.14488, -3.48519], [122.14556, -3.48649], [122.14508, -3.48889], [122.1402, -3.49565], [122.13958, -3.49539], [122.13707, -3.49708], [122.13212, -3.49746], [122.12978, -3.49628], [122.12326, -3.49467], [122.11847, -3.50111], [122.11554, -3.50287], [122.1202, -3.51113], [122.11935, -3.51156], [122.11774, -3.51751], [122.11314, -3.51934], [122.10713, -3.52324], [122.09, -3.529], [122.08829, -3.53088], [122.08329, -3.52937], [122.08253, -3.52962]]]}}, {"type": "Feature", "properties": {"domain_id": "740112", "name": "BAULA"}, "geometry": {"type": "Polygon", "coordinates": [[[121.65508, -4.16028], [121.65353, -4.15932], [121.65271, -4.16054], [121.65087, -4.16135], [121.6495, -4.16087], [121.64596, -4.16117], [121.6433, -4.15951], [121.64147, -4.15994], [121.64013, -4.1558], [121.63849, -4.15414], [121.63582, -4.15388], [121.63589, -4.15327], [121.63307, -4.15263], [121.63387, -4.14722], [121.63139, -4.14557], [121.63012, -4.14339], [121.62806, -4.14249], [121.62831, -4.14083], [121.62731, -4.13962], [121.62714, -4.13672], [121.62928, -4.13672], [121.63022, -4.13765], [121.63252, -4.13369], [121.63111, -4.13299], [121.63055, -4.13103], [121.63297, -4.13114], [121.63427, -4.12901], [121.63742, -4.12828], [121.64011, -4.1295], [121.64107, -4.12848], [121.64404, -4.1292], [121.64465, -4.12746], [121.64535, -4.12778], [121.64531, -4.12697], [121.64812, -4.12494], [121.64841, -4.12307], [121.65011, -4.12294], [121.65111, -4.12393], [121.64781, -4.12888], [121.65336, -4.1303], [121.65246, -4.13346], [121.65446, -4.13406], [121.65378, -4.13613], [121.65606, -4.13678], [121.65658, -4.13509], [121.65993, -4.13582], [121.66089, -4.13344], [121.66205, -4.13342], [121.66333, -4.13155], [121.66279, -4.13348], [121.66488, -4.13461], [121.6665, -4.13409], [121.66691, -4.13488], [121.66924, -4.13445], [121.66936, -4.13573], [121.66998, -4.13551], [121.6703, -4.13626], [121.66972, -4.13647], [121.67001, -4.1376], [121.67444, -4.13697], [121.67584, -4.1341], [121.67905, -4.13149], [121.6826, -4.13045], [121.68387, -4.13067], [121.68675, -4.12944], [121.68992, -4.12671], [121.69263, -4.12692], [121.69343, -4.12856], [121.69828, -4.12896], [121.70003, -4.12701], [121.70386, -4.12669], [121.70587, -4.12515], [121.70634, -4.12358], [121.70888, -4.12447], [121.70936, -4.12612], [121.7113, -4.12802], [121.71363, -4.12788], [121.71367, -4.12923], [121.71456, -4.1294], [121.71547, -4.13162], [121.72186, -4.13021], [121.72435, -4.13173], [121.76797, -4.09333], [121.77867, -4.08888], [121.77647, -4.09438], [121.77781, -4.09645], [121.77858, -4.10446], [121.77978, -4.10622], [121.78006, -4.11087], [121.77898, -4.11279], [121.779, -4.11476], [121.77479, -4.1192], [121.77313, -4.12009], [121.76725, -4.12732], [121.76586, -4.12823], [121.7635, -4.13298], [121.76365, -4.13688], [121.76673, -4.13679], [121.7696, -4.13861], [121.77333, -4.14478], [121.77375, -4.14921], [121.77501, -4.15157], [121.77525, -4.15505], [121.77728, -4.15802], [121.77678, -4.16137], [121.77761, -4.16311], [121.77763, -4.16556], [121.7797, -4.16928], [121.77903, -4.17594], [121.78003, -4.17779], [121.77984, -4.18], [121.78037, -4.18111], [121.7798, -4.18284], [121.77517, -4.18523], [121.77434, -4.18696], [121.77055, -4.18822], [121.76779, -4.1881], [121.76377, -4.18942], [121.76252, -4.19042], [121.76041, -4.19062], [121.7601, -4.19126], [121.7588, -4.19108], [121.75904, -4.1921], [121.7582, -4.19399], [121.75576, -4.19381], [121.75495, -4.19528], [121.75102, -4.19641], [121.74981, -4.19478], [121.74773, -4.19679], [121.74689, -4.19902], [121.74564, -4.1983], [121.74181, -4.20052], [121.73926, -4.20333], [121.73973, -4.20476], [121.74246, -4.20567], [121.74212, -4.21377], [121.7433, -4.2139], [121.74474, -4.21582], [121.74717, -4.21709], [121.74788, -4.21932], [121.74417, -4.22554], [121.74471, -4.23213], [121.74334, -4.23178], [121.74223, -4.23361], [121.73834, -4.23421], [121.73737, -4.23324], [121.73443, -4.23407], [121.7308, -4.23353], [121.72971, -4.23543], [121.72764, -4.2365], [121.7249, -4.23458], [121.72456, -4.23276], [121.72318, -4.23156], [121.71996, -4.2305], [121.71698, -4.23134], [121.71405, -4.22957], [121.71347, -4.22743], [121.71021, -4.22486], [121.70923, -4.22005], [121.70781, -4.21841], [121.70804, -4.21721], [121.7056, -4.21709], [121.70505, -4.21887], [121.70355, -4.21823], [121.70239, -4.21337], [121.69822, -4.21071], [121.69736, -4.20827], [121.69559, -4.20763], [121.69479, -4.20877], [121.69303, -4.20901], [121.69324, -4.21021], [121.69109, -4.21062], [121.68901, -4.20903], [121.68476, -4.20745], [121.68465, -4.20539], [121.683, -4.2018], [121.6803, -4.20003], [121.6804, -4.19882], [121.6814, -4.19778], [121.67969, -4.19564], [121.68037, -4.19329], [121.67772, -4.19133], [121.67455, -4.1914], [121.67386, -4.18857], [121.6748, -4.18703], [121.67382, -4.18572], [121.67496, -4.186], [121.67533, -4.18522], [121.67374, -4.18408], [121.6707, -4.18466], [121.66874, -4.18602], [121.66528, -4.18639], [121.6628, -4.18431], [121.66059, -4.18485], [121.66026, -4.18312], [121.65718, -4.18195], [121.65715, -4.1809], [121.65545, -4.17857], [121.65631, -4.17743], [121.65466, -4.17231], [121.65555, -4.1604], [121.65508, -4.16028]]]}}, {"type": "Feature", "properties": {"domain_id": "740517", "name": "BUKE"}, "geometry": {"type": "Polygon", "coordinates": [[[122.21295, -4.30634], [122.20927, -4.30845], [122.20024, -4.30776], [122.20042, -4.31035], [122.19512, -4.31362], [122.18883, -4.30908], [122.18052, -4.30888], [122.17535, -4.3076], [122.17725, -4.30119], [122.17568, -4.29876], [122.17534, -4.29662], [122.17671, -4.29232], [122.16424, -4.27396], [122.16341, -4.27411], [122.16352, -4.27601], [122.16203, -4.277], [122.16127, -4.27544], [122.16077, -4.27601], [122.15969, -4.27568], [122.15982, -4.27327], [122.15805, -4.27294], [122.1595, -4.27196], [122.15766, -4.26998], [122.15823, -4.26879], [122.15712, -4.26924], [122.15551, -4.26761], [122.15636, -4.26723], [122.15247, -4.26248], [122.15191, -4.26047], [122.15057, -4.25955], [122.15154, -4.2578], [122.15293, -4.25701], [122.15248, -4.25543], [122.15119, -4.25517], [122.15113, -4.25424], [122.14998, -4.25325], [122.14956, -4.25164], [122.15063, -4.24742], [122.15418, -4.24214], [122.1549, -4.2422], [122.15561, -4.23958], [122.1703, -4.2296], [122.17436, -4.2254], [122.17904, -4.21271], [122.16847, -4.21103], [122.168, -4.20841], [122.16539, -4.20565], [122.16508, -4.20431], [122.16889, -4.20167], [122.17072, -4.19861], [122.17143, -4.19428], [122.17386, -4.19409], [122.17578, -4.19298], [122.18247, -4.19207], [122.18455, -4.19105], [122.18946, -4.19051], [122.21065, -4.18986], [122.21212, -4.19014], [122.21302, -4.19229], [122.2152, -4.1922], [122.21593, -4.19279], [122.2208, -4.19103], [122.22199, -4.19167], [122.22392, -4.19162], [122.22401, -4.19323], [122.2274, -4.19529], [122.22948, -4.19486], [122.23364, -4.1927], [122.23733, -4.18908], [122.23876, -4.19002], [122.24182, -4.19052], [122.24442, -4.18903], [122.24516, -4.19072], [122.25247, -4.19259], [122.25348, -4.19405], [122.25372, -4.19595], [122.25757, -4.19545], [122.26291, -4.1965], [122.26434, -4.19632], [122.26544, -4.1951], [122.26749, -4.19428], [122.27182, -4.19423], [122.27552, -4.19336], [122.27584, -4.19553], [122.27775, -4.1983], [122.27698, -4.2042], [122.27778, -4.2054], [122.27736, -4.207], [122.27643, -4.20737], [122.27754, -4.20852], [122.2771, -4.20953], [122.27845, -4.21712], [122.27959, -4.21815], [122.27996, -4.22138], [122.28098, -4.22273], [122.28128, -4.22648], [122.28067, -4.23531], [122.27897, -4.23754], [122.28061, -4.23826], [122.28109, -4.23968], [122.2784, -4.24253], [122.27824, -4.24588], [122.27577, -4.2456], [122.27473, -4.24746], [122.27505, -4.25], [122.27658, -4.25224], [122.27525, -4.2531], [122.27654, -4.2531], [122.27697, -4.25368], [122.27648, -4.25516], [122.27726, -4.25636], [122.27691, -4.25671], [122.27618, -4.2561], [122.27577, -4.25669], [122.27666, -4.25886], [122.27631, -4.26024], [122.27785, -4.26043], [122.2774, -4.26272], [122.27834, -4.26407], [122.27498, -4.26541], [122.27045, -4.27355], [122.26657, -4.27896], [122.26972, -4.28291], [122.2688, -4.28383], [122.269, -4.28523], [122.26812, -4.28471], [122.26544, -4.28749], [122.26449, -4.28715], [122.26415, -4.28793], [122.26072, -4.28772], [122.2613, -4.29003], [122.2633, -4.29053], [122.26405, -4.29142], [122.25991, -4.29112], [122.25991, -4.2992], [122.26194, -4.30055], [122.26, -4.30385], [122.25983, -4.30624], [122.25794, -4.30712], [122.25766, -4.30807], [122.23957, -4.30898], [122.23037, -4.30074], [122.23151, -4.29842], [122.23159, -4.29355], [122.22789, -4.29656], [122.22407, -4.30106], [122.2217, -4.29863], [122.2198, -4.29986], [122.22074, -4.30177], [122.21295, -4.30634]]]}}, {"type": "Feature", "properties": {"domain_id": "740513", "name": "BENUA"}, "geometry": {"type": "Polygon", "coordinates": [[[122.12726, -4.29369], [122.12617, -4.29349], [122.12582, -4.29501], [122.12397, -4.29639], [122.12197, -4.2969], [122.12031, -4.29592], [122.11918, -4.30016], [122.11676, -4.30051], [122.11666, -4.30178], [122.11774, -4.3026], [122.11733, -4.30401], [122.1183, -4.30524], [122.12015, -4.30534], [122.12074, -4.30346], [122.12197, -4.30528], [122.12218, -4.3044], [122.1227, -4.30453], [122.12318, -4.30596], [122.1209, -4.30938], [122.11833, -4.30843], [122.11766, -4.3072], [122.11486, -4.3079], [122.11327, -4.3062], [122.11097, -4.30571], [122.10848, -4.30622], [122.10869, -4.30798], [122.1073, -4.30835], [122.10454, -4.30435], [122.08745, -4.26441], [122.08321, -4.26539], [122.06258, -4.26725], [122.0287, -4.27229], [122.00818, -4.27458], [122.007, -4.26947], [122.01557, -4.2489], [122.01838, -4.23817], [122.04155, -4.23438], [122.05409, -4.23298], [122.08498, -4.22744], [122.08344, -4.21469], [122.09824, -4.20969], [122.09995, -4.20817], [122.10749, -4.20715], [122.11928, -4.20845], [122.12077, -4.20779], [122.12808, -4.20941], [122.1377, -4.21025], [122.14075, -4.21392], [122.14812, -4.21419], [122.15441, -4.21347], [122.16061, -4.21179], [122.16834, -4.21103], [122.17904, -4.21271], [122.17436, -4.2254], [122.1703, -4.2296], [122.15561, -4.23958], [122.1549, -4.2422], [122.15418, -4.24214], [122.14981, -4.24941], [122.14998, -4.25325], [122.15113, -4.25424], [122.15119, -4.25517], [122.15248, -4.25543], [122.15293, -4.25632], [122.15289, -4.25712], [122.15154, -4.2578], [122.15057, -4.25955], [122.15191, -4.26047], [122.15247, -4.26248], [122.15636, -4.26723], [122.15551, -4.26761], [122.15712, -4.26924], [122.15823, -4.26879], [122.15766, -4.26998], [122.1595, -4.27196], [122.15805, -4.27294], [122.15936, -4.27318], [122.15823, -4.27374], [122.15133, -4.27347], [122.14672, -4.28157], [122.14593, -4.28206], [122.14543, -4.28408], [122.14361, -4.28416], [122.14337, -4.28507], [122.14225, -4.28552], [122.14287, -4.28714], [122.14167, -4.28902], [122.14281, -4.28997], [122.14255, -4.29044], [122.14085, -4.29037], [122.14069, -4.29219], [122.13971, -4.29329], [122.14026, -4.29481], [122.13857, -4.29449], [122.13844, -4.29311], [122.13725, -4.2917], [122.13522, -4.29326], [122.13425, -4.29327], [122.13442, -4.29185], [122.13278, -4.29107], [122.13221, -4.29131], [122.13277, -4.29322], [122.13071, -4.29255], [122.13083, -4.29352], [122.12952, -4.2942], [122.12766, -4.29198], [122.12726, -4.29369]]]}}, {"type": "Feature", "properties": {"domain_id": "740908", "name": "OHEO"}, "geometry": {"type": "Polygon", "coordinates": [[[122.00305, -3.45875], [122.00205, -3.45493], [121.99845, -3.45139], [121.99557, -3.44957], [121.99136, -3.44469], [121.98893, -3.43978], [121.98825, -3.43589], [121.98452, -3.43195], [121.98142, -3.42437], [121.96759, -3.41381], [121.96383, -3.40786], [121.96107, -3.39817], [121.95538, -3.39239], [121.95219, -3.38313], [121.94849, -3.37927], [121.9449, -3.37379], [121.93948, -3.36941], [121.93312, -3.36842], [121.92649, -3.36838], [121.92215, -3.36733], [121.91937, -3.36786], [121.91656, -3.3675], [121.91447, -3.36479], [121.91543, -3.36271], [121.91508, -3.36044], [121.91352, -3.3599], [121.91019, -3.36025], [121.90603, -3.35732], [121.90531, -3.35602], [121.90453, -3.35394], [121.90461, -3.35212], [121.90713, -3.34933], [121.90885, -3.34383], [121.90862, -3.34106], [121.90779, -3.33904], [121.90458, -3.33743], [121.90092, -3.33857], [121.89866, -3.33731], [121.89948, -3.33572], [121.90295, -3.33422], [121.90331, -3.33338], [121.90023, -3.33124], [121.89871, -3.32464], [121.89709, -3.32305], [121.89701, -3.32117], [121.89802, -3.319], [121.90179, -3.31734], [121.90218, -3.31507], [121.90164, -3.31201], [121.90303, -3.3055], [121.90805, -3.29501], [121.90862, -3.29149], [121.91026, -3.29002], [121.91098, -3.28745], [121.91302, -3.28502], [121.91308, -3.28392], [121.91151, -3.2825], [121.91124, -3.28091], [121.91373, -3.27794], [121.91498, -3.27505], [121.92232, -3.27865], [121.92353, -3.27814], [121.9247, -3.27527], [121.92592, -3.27447], [121.92869, -3.27512], [121.93233, -3.27431], [121.93641, -3.27524], [121.94091, -3.27532], [121.9455, -3.27336], [121.9476, -3.27318], [121.95482, -3.27492], [121.95689, -3.27743], [121.95909, -3.2782], [121.9621, -3.28095], [121.96379, -3.28161], [121.96584, -3.28428], [121.97061, -3.2876], [121.9756, -3.28695], [121.9788, -3.2875], [121.98324, -3.28999], [121.98807, -3.29469], [121.99324, -3.29508], [121.99449, -3.29577], [122.0015, -3.30248], [122.00152, -3.30532], [122.00364, -3.30829], [122.00565, -3.31462], [122.01391, -3.31946], [122.01774, -3.31676], [122.02148, -3.31103], [122.02319, -3.31092], [122.02649, -3.30679], [122.03007, -3.3057], [122.0351, -3.30236], [122.03617, -3.30083], [122.04239, -3.29813], [122.04999, -3.30514], [122.06052, -3.31222], [122.07533, -3.32429], [122.07522, -3.32614], [122.07683, -3.33015], [122.07483, -3.33157], [122.07469, -3.33307], [122.07234, -3.3355], [122.07269, -3.33714], [122.07662, -3.33843], [122.07719, -3.3405], [122.0762, -3.34919], [122.07735, -3.35004], [122.08051, -3.34876], [122.08188, -3.34695], [122.08536, -3.34706], [122.08829, -3.3511], [122.08802, -3.35668], [122.09086, -3.35662], [122.09254, -3.35511], [122.09032, -3.35151], [122.09052, -3.35025], [122.09178, -3.34977], [122.09579, -3.35015], [122.09688, -3.34946], [122.09808, -3.34733], [122.0994, -3.3466], [122.1042, -3.34792], [122.10814, -3.35142], [122.11054, -3.3526], [122.11731, -3.35284], [122.11904, -3.35201], [122.12266, -3.34203], [122.12664, -3.34246], [122.12922, -3.33731], [122.13447, -3.3343], [122.13944, -3.32956], [122.13889, -3.32869], [122.13754, -3.32849], [122.13477, -3.32883], [122.13086, -3.33033], [122.12897, -3.32965], [122.13202, -3.32729], [122.13269, -3.32554], [122.13031, -3.32677], [122.12858, -3.32676], [122.12908, -3.3212], [122.12621, -3.31985], [122.12568, -3.31885], [122.12639, -3.31799], [122.12966, -3.31803], [122.12905, -3.31416], [122.13003, -3.31302], [122.13144, -3.31358], [122.13329, -3.31299], [122.13347, -3.31539], [122.13405, -3.3158], [122.13563, -3.31442], [122.14058, -3.3124], [122.14143, -3.31265], [122.14263, -3.31705], [122.15011, -3.31971], [122.15104, -3.31928], [122.15367, -3.31485], [122.15593, -3.31325], [122.15711, -3.31295], [122.15979, -3.31409], [122.16418, -3.31486], [122.16404, -3.31173], [122.16506, -3.31097], [122.16699, -3.31116], [122.16759, -3.31061], [122.16742, -3.30749], [122.16902, -3.30518], [122.17308, -3.30529], [122.17641, -3.30432], [122.1803, -3.30659], [122.18126, -3.30811], [122.18435, -3.30814], [122.18592, -3.3101], [122.18875, -3.31138], [122.1884, -3.3141], [122.18762, -3.31208], [122.18493, -3.31072], [122.1837, -3.31179], [122.18139, -3.31241], [122.18079, -3.31377], [122.17532, -3.31298], [122.17282, -3.31415], [122.16966, -3.31289], [122.16697, -3.3145], [122.1605, -3.31626], [122.1595, -3.31886], [122.16079, -3.32113], [122.16093, -3.32545], [122.16438, -3.3305], [122.16544, -3.33435], [122.1762, -3.33364], [122.17759, -3.33371], [122.17897, -3.33467], [122.17944, -3.33636], [122.17658, -3.34404], [122.17691, -3.3491], [122.17891, -3.35271], [122.1822, -3.35538], [122.18495, -3.35621], [122.19486, -3.35205], [122.19825, -3.35147], [122.20174, -3.35202], [122.20278, -3.35469], [122.2021, -3.36184], [122.20524, -3.36637], [122.20507, -3.36825], [122.20595, -3.36982], [122.20893, -3.37116], [122.20621, -3.37444], [122.20604, -3.37807], [122.20098, -3.38241], [122.19705, -3.3839], [122.18739, -3.385], [122.18384, -3.38726], [122.17846, -3.39455], [122.17839, -3.39518], [122.1798, -3.39577], [122.18014, -3.39694], [122.17924, -3.39902], [122.17621, -3.40267], [122.17374, -3.40296], [122.17199, -3.40103], [122.16682, -3.40162], [122.15833, -3.40447], [122.15394, -3.4085], [122.15461, -3.41178], [122.1576, -3.41594], [122.15882, -3.42109], [122.16406, -3.42678], [122.16296, -3.4332], [122.16411, -3.43873], [122.1695, -3.44613], [122.16716, -3.44441], [122.1637, -3.44458], [122.16097, -3.44691], [122.1601, -3.44847], [122.15653, -3.45074], [122.15255, -3.44993], [122.14919, -3.44795], [122.14591, -3.45211], [122.14137, -3.45493], [122.13921, -3.45187], [122.13722, -3.45029], [122.13256, -3.45084], [122.13049, -3.45008], [122.12819, -3.45042], [122.12705, -3.44976], [122.12307, -3.45044], [122.1139, -3.4481], [122.10865, -3.44899], [122.10689, -3.44688], [122.10645, -3.44456], [122.10469, -3.44324], [122.09574, -3.44553], [122.09333, -3.44717], [122.08241, -3.44858], [122.07913, -3.45085], [122.07477, -3.45104], [122.07098, -3.4495], [122.06561, -3.44951], [122.06019, -3.45305], [122.04584, -3.45801], [122.04072, -3.45765], [122.03489, -3.45956], [122.02775, -3.46372], [122.02549, -3.46646], [122.02275, -3.46527], [122.01883, -3.46515], [122.01312, -3.46788], [122.01017, -3.46769], [122.00606, -3.47348], [122.00472, -3.47424], [122.00305, -3.47398], [122.00323, -3.47134], [122.00469, -3.46675], [122.00444, -3.46264], [122.00305, -3.45875]]]}}, {"type": "Feature", "properties": {"domain_id": "740327", "name": "TONGKUNO"}, "geometry": {"type": "Polygon", "coordinates": [[[122.54926, -5.20926], [122.54023, -5.20403], [122.53759, -5.20617], [122.53308, -5.20088], [122.53796, -5.19703], [122.54318, -5.19107], [122.54907, -5.18817], [122.54982, -5.18594], [122.5493, -5.17995], [122.55543, -5.18194], [122.56292, -5.18222], [122.5625, -5.177], [122.56319, -5.17326], [122.56141, -5.1711], [122.54923, -5.16938], [122.5436, -5.1675], [122.53937, -5.1676], [122.53787, -5.16684], [122.5321, -5.16683], [122.5267, -5.16581], [122.52323, -5.1637], [122.52148, -5.16006], [122.50426, -5.16154], [122.48256, -5.16143], [122.48544, -5.15455], [122.48545, -5.14822], [122.48367, -5.14613], [122.48332, -5.14438], [122.48367, -5.1431], [122.48511, -5.14297], [122.48426, -5.14157], [122.48475, -5.14035], [122.48455, -5.13584], [122.4897, -5.1328], [122.49092, -5.13054], [122.49075, -5.12885], [122.49175, -5.12498], [122.48802, -5.12098], [122.48127, -5.12058], [122.47955, -5.11991], [122.47597, -5.11579], [122.47481, -5.11231], [122.47678, -5.10988], [122.48032, -5.10799], [122.48427, -5.10655], [122.49866, -5.10333], [122.51171, -5.10374], [122.51413, -5.10271], [122.51615, -5.10435], [122.52255, -5.10675], [122.52585, -5.10646], [122.52696, -5.10367], [122.53365, -5.10073], [122.5372, -5.09762], [122.53915, -5.09379], [122.53967, -5.09145], [122.53907, -5.08948], [122.53986, -5.08812], [122.53995, -5.08607], [122.5414, -5.08371], [122.54142, -5.07811], [122.54391, -5.07058], [122.54368, -5.06447], [122.54689, -5.05898], [122.54713, -5.05467], [122.54889, -5.0502], [122.5509, -5.04707], [122.55856, -5.04247], [122.57154, -5.03087], [122.57486, -5.02666], [122.58155, -5.01286], [122.58481, -5.00191], [122.59632, -4.9854], [122.59612, -4.98251], [122.59249, -4.97361], [122.59246, -4.96577], [122.59617, -4.95803], [122.60301, -4.94762], [122.60926, -4.94034], [122.61818, -4.9326], [122.62339, -4.93037], [122.63082, -4.93052], [122.63415, -4.93251], [122.6385, -4.92655], [122.64466, -4.92761], [122.66048, -4.93288], [122.66389, -4.93456], [122.67144, -4.94076], [122.67935, -4.94571], [122.68874, -4.94616], [122.70435, -4.94267], [122.71816, -4.94336], [122.73721, -4.94706], [122.74625, -4.94961], [122.74856, -4.95134], [122.75345, -4.95286], [122.75312, -4.95317], [122.75382, -4.95384], [122.75321, -4.95447], [122.75417, -4.95391], [122.75511, -4.95435], [122.75484, -4.95542], [122.75543, -4.95589], [122.7564, -4.95526], [122.75614, -4.95634], [122.75857, -4.95768], [122.75886, -4.95899], [122.7602, -4.95971], [122.76065, -4.96077], [122.75937, -4.96047], [122.75988, -4.96115], [122.75779, -4.96032], [122.75816, -4.96268], [122.75756, -4.96142], [122.75631, -4.96102], [122.75713, -4.96256], [122.7592, -4.96333], [122.76058, -4.96181], [122.76287, -4.96309], [122.76341, -4.96406], [122.76339, -4.9653], [122.76241, -4.96537], [122.76272, -4.96595], [122.76054, -4.96514], [122.76024, -4.96621], [122.75952, -4.96626], [122.76048, -4.96676], [122.76157, -4.96642], [122.76122, -4.96692], [122.76233, -4.96695], [122.76278, -4.96762], [122.76018, -4.9705], [122.76054, -4.97156], [122.75669, -4.96977], [122.75372, -4.96672], [122.75161, -4.96639], [122.75171, -4.96688], [122.74964, -4.96689], [122.7469, -4.96486], [122.74233, -4.96331], [122.74005, -4.96122], [122.73783, -4.96068], [122.73594, -4.95887], [122.73531, -4.95954], [122.73545, -4.95897], [122.7297, -4.95898], [122.73173, -4.96116], [122.7319, -4.96266], [122.7334, -4.96367], [122.73293, -4.96534], [122.72084, -4.96461], [122.72213, -4.96549], [122.72152, -4.96723], [122.72244, -4.96845], [122.72041, -4.96876], [122.71877, -4.97153], [122.7197, -4.97214], [122.7194, -4.97102], [122.72058, -4.97046], [122.72027, -4.97194], [122.72182, -4.97252], [122.72186, -4.9731], [122.72057, -4.97437], [122.71836, -4.97445], [122.71836, -4.97562], [122.71748, -4.97597], [122.71706, -4.97725], [122.71947, -4.97953], [122.71883, -4.98034], [122.7197, -4.98122], [122.71734, -4.98117], [122.71656, -4.98331], [122.71594, -4.98311], [122.71591, -4.98223], [122.71489, -4.98206], [122.71419, -4.98387], [122.7107, -4.98398], [122.7109, -4.9853], [122.71223, -4.98484], [122.71207, -4.98569], [122.714, -4.98604], [122.71294, -4.9896], [122.713, -4.99297], [122.71117, -4.9951], [122.70977, -4.99929], [122.70793, -4.99929], [122.70752, -5.00035], [122.70458, -5.00211], [122.70552, -5.00319], [122.70511, -5.00605], [122.70375, -5.00724], [122.69701, -5.00984], [122.69612, -5.01286], [122.69702, -5.01351], [122.69556, -5.0149], [122.69042, -5.01725], [122.69065, -5.01793], [122.68833, -5.02015], [122.68438, -5.02878], [122.67801, -5.03588], [122.67416, -5.03805], [122.66956, -5.04229], [122.66164, -5.04752], [122.65706, -5.04662], [122.65449, -5.04851], [122.65294, -5.04855], [122.645, -5.05523], [122.63654, -5.05977], [122.62752, -5.07089], [122.62568, -5.07522], [122.62221, -5.0798], [122.62069, -5.08355], [122.61924, -5.085], [122.61911, -5.08628], [122.6163, -5.09078], [122.61452, -5.09199], [122.61248, -5.09469], [122.61108, -5.09946], [122.61235, -5.10427], [122.61379, -5.10528], [122.61647, -5.10441], [122.61719, -5.10669], [122.61795, -5.10748], [122.61998, -5.10786], [122.62024, -5.1094], [122.60976, -5.12934], [122.6067, -5.13251], [122.60478, -5.13572], [122.60217, -5.13807], [122.5982, -5.14407], [122.59501, -5.15212], [122.58837, -5.16002], [122.58863, -5.16958], [122.58714, -5.17816], [122.5876, -5.18094], [122.58657, -5.18191], [122.58515, -5.18749], [122.58735, -5.19327], [122.59046, -5.19841], [122.59543, -5.20076], [122.59944, -5.20054], [122.60021, -5.19969], [122.60951, -5.19717], [122.62291, -5.19234], [122.6248, -5.19229], [122.62693, -5.19544], [122.62716, -5.19977], [122.6244, -5.20897], [122.62081, -5.2141], [122.61578, -5.21882], [122.60688, -5.22324], [122.56764, -5.22788], [122.56143, -5.22788], [122.55108, -5.21031], [122.54926, -5.20926]]]}}, {"type": "Feature", "properties": {"domain_id": "741304", "name": "WADAGA"}, "geometry": {"type": "Polygon", "coordinates": [[[122.53625, -4.90393], [122.55908, -4.90746], [122.57194, -4.91169], [122.57751, -4.91255], [122.5805, -4.91535], [122.59002, -4.91781], [122.59619, -4.91854], [122.60539, -4.92139], [122.61086, -4.91913], [122.61613, -4.9194], [122.62357, -4.91852], [122.62981, -4.91594], [122.63537, -4.91116], [122.6398, -4.90859], [122.64144, -4.90902], [122.64644, -4.91568], [122.63415, -4.93251], [122.63082, -4.93052], [122.62339, -4.93037], [122.61818, -4.9326], [122.60926, -4.94034], [122.60301, -4.94762], [122.59617, -4.95803], [122.59246, -4.96577], [122.59249, -4.97361], [122.59612, -4.98251], [122.59632, -4.9854], [122.58409, -5.00295], [122.57572, -4.99005], [122.55339, -4.96579], [122.52123, -4.94591], [122.496, -4.93366], [122.45626, -4.91616], [122.44316, -4.91256], [122.44117, -4.90428], [122.44215, -4.90265], [122.44203, -4.90131], [122.43785, -4.89739], [122.43489, -4.89661], [122.43405, -4.89566], [122.43051, -4.89494], [122.4273, -4.88995], [122.42336, -4.88753], [122.42454, -4.88631], [122.42516, -4.88285], [122.42644, -4.88037], [122.42546, -4.87857], [122.42447, -4.87808], [122.4262, -4.8649], [122.43028, -4.86126], [122.43304, -4.8617], [122.4355, -4.86097], [122.43904, -4.86118], [122.44062, -4.86035], [122.44311, -4.86112], [122.44539, -4.86334], [122.44658, -4.86636], [122.44921, -4.86476], [122.46604, -4.86371], [122.47892, -4.86483], [122.48171, -4.86343], [122.48168, -4.86106], [122.48468, -4.85831], [122.48776, -4.8577], [122.48806, -4.85427], [122.48745, -4.85326], [122.48814, -4.8521], [122.48969, -4.85219], [122.49106, -4.85375], [122.49088, -4.85606], [122.49001, -4.85763], [122.49278, -4.85853], [122.49318, -4.85996], [122.49602, -4.86199], [122.49738, -4.86391], [122.50043, -4.86568], [122.5045, -4.86566], [122.51014, -4.86665], [122.51158, -4.86628], [122.51379, -4.86501], [122.51386, -4.86034], [122.5156, -4.85894], [122.51733, -4.85896], [122.51712, -4.85967], [122.51825, -4.86042], [122.51773, -4.86151], [122.51823, -4.86204], [122.51796, -4.86325], [122.51716, -4.8641], [122.51558, -4.86338], [122.5148, -4.86493], [122.51561, -4.86594], [122.51556, -4.86697], [122.51738, -4.86816], [122.51738, -4.86955], [122.51997, -4.871], [122.52319, -4.87469], [122.52325, -4.87954], [122.52567, -4.88197], [122.52454, -4.88747], [122.52609, -4.89507], [122.52922, -4.89893], [122.53294, -4.90137], [122.5347, -4.90359], [122.53625, -4.90393]]]}}, {"type": "Feature", "properties": {"domain_id": "740907", "name": "SAWA"}, "geometry": {"type": "Polygon", "coordinates": [[[122.39221, -3.79809], [122.3911, -3.7983], [122.38989, -3.79986], [122.38914, -3.79957], [122.38834, -3.80068], [122.38716, -3.79946], [122.38596, -3.80074], [122.38519, -3.80025], [122.38373, -3.8009], [122.38133, -3.80062], [122.38164, -3.80181], [122.38005, -3.80272], [122.37856, -3.80248], [122.37828, -3.80325], [122.37744, -3.80212], [122.37618, -3.80275], [122.37478, -3.79082], [122.3762, -3.78963], [122.37948, -3.77965], [122.38114, -3.77803], [122.38568, -3.77587], [122.38761, -3.77137], [122.38885, -3.77154], [122.39096, -3.77057], [122.39202, -3.76742], [122.39301, -3.7673], [122.39551, -3.76378], [122.39708, -3.76316], [122.39974, -3.75465], [122.39928, -3.75182], [122.40121, -3.75069], [122.40083, -3.74968], [122.4021, -3.74987], [122.40307, -3.74892], [122.40451, -3.74979], [122.4124, -3.75173], [122.41928, -3.75165], [122.42143, -3.75103], [122.42506, -3.74751], [122.42811, -3.7457], [122.42983, -3.74558], [122.43573, -3.74628], [122.44343, -3.74986], [122.44508, -3.75637], [122.44702, -3.76929], [122.44675, -3.77073], [122.44778, -3.7718], [122.45076, -3.7811], [122.45537, -3.79148], [122.45874, -3.79607], [122.46035, -3.79535], [122.45901, -3.79633], [122.45956, -3.79707], [122.45272, -3.79718], [122.44434, -3.79579], [122.44082, -3.79579], [122.43781, -3.79348], [122.43296, -3.79532], [122.43212, -3.79736], [122.4298, -3.79856], [122.42931, -3.79964], [122.42754, -3.80082], [122.42608, -3.80079], [122.42349, -3.80254], [122.42016, -3.80211], [122.41623, -3.80296], [122.41011, -3.80282], [122.41037, -3.79708], [122.41021, -3.79549], [122.40962, -3.79537], [122.40773, -3.7951], [122.40734, -3.79587], [122.40644, -3.79494], [122.40644, -3.79576], [122.4052, -3.79647], [122.40319, -3.79523], [122.40115, -3.79528], [122.39779, -3.79608], [122.39509, -3.79798], [122.39221, -3.79809]]]}}, {"type": "Feature", "properties": {"domain_id": "741307", "name": "TIWORO TENGAH"}, "geometry": {"type": "Polygon", "coordinates": [[[122.41184, -4.82765], [122.41149, -4.83193], [122.40806, -4.83773], [122.40716, -4.83752], [122.40464, -4.84066], [122.40343, -4.84042], [122.40303, -4.84107], [122.40149, -4.84056], [122.40016, -4.84347], [122.3991, -4.84377], [122.3973, -4.84299], [122.3912, -4.83857], [122.38481, -4.85228], [122.38249, -4.85046], [122.38212, -4.84763], [122.37636, -4.84502], [122.37482, -4.84637], [122.37378, -4.84653], [122.37295, -4.84585], [122.37278, -4.84688], [122.37207, -4.84645], [122.37111, -4.84703], [122.3696, -4.84485], [122.36543, -4.84403], [122.36456, -4.84226], [122.36281, -4.84222], [122.36132, -4.84093], [122.35915, -4.84233], [122.35825, -4.84065], [122.357, -4.84078], [122.35687, -4.84], [122.35535, -4.83957], [122.35344, -4.84035], [122.35007, -4.8399], [122.34918, -4.84201], [122.34703, -4.84126], [122.34658, -4.83994], [122.34484, -4.84053], [122.34369, -4.83948], [122.34382, -4.83828], [122.34295, -4.83637], [122.34046, -4.83731], [122.33881, -4.83487], [122.33698, -4.83401], [122.33467, -4.83406], [122.33212, -4.83113], [122.33197, -4.82941], [122.32987, -4.82802], [122.32797, -4.82846], [122.32684, -4.83129], [122.3244, -4.83139], [122.32385, -4.83084], [122.32513, -4.82642], [122.32499, -4.82498], [122.3241, -4.82403], [122.3266, -4.82207], [122.32993, -4.81695], [122.33225, -4.8158], [122.33279, -4.81436], [122.33396, -4.81353], [122.33447, -4.81396], [122.33441, -4.81293], [122.33526, -4.81283], [122.33481, -4.81182], [122.33624, -4.81099], [122.33552, -4.809], [122.33748, -4.80673], [122.33703, -4.80603], [122.33778, -4.8057], [122.33831, -4.80313], [122.3393, -4.80218], [122.33903, -4.80071], [122.34209, -4.79901], [122.34136, -4.79649], [122.34199, -4.79437], [122.34354, -4.79325], [122.34557, -4.78996], [122.34728, -4.78948], [122.34711, -4.78891], [122.34937, -4.7866], [122.35242, -4.78085], [122.35348, -4.78103], [122.35432, -4.78006], [122.35399, -4.77811], [122.35578, -4.77387], [122.35518, -4.7731], [122.35677, -4.76656], [122.35835, -4.7644], [122.35953, -4.76415], [122.36059, -4.76293], [122.36304, -4.76499], [122.3725, -4.76546], [122.37217, -4.76669], [122.37337, -4.76779], [122.37401, -4.76963], [122.37512, -4.76941], [122.37611, -4.7704], [122.37539, -4.77109], [122.37579, -4.77261], [122.37923, -4.77327], [122.38033, -4.77454], [122.38382, -4.77542], [122.38921, -4.77512], [122.39665, -4.77138], [122.39742, -4.7678], [122.4001, -4.76466], [122.39924, -4.76354], [122.39925, -4.76199], [122.40015, -4.76124], [122.40097, -4.76219], [122.40084, -4.76093], [122.40199, -4.76068], [122.40322, -4.76092], [122.40317, -4.76243], [122.40366, -4.76147], [122.4047, -4.76181], [122.40474, -4.76297], [122.40617, -4.76449], [122.40917, -4.7664], [122.40976, -4.76608], [122.41068, -4.76663], [122.41098, -4.77105], [122.40996, -4.77358], [122.40856, -4.7743], [122.4088, -4.77515], [122.41025, -4.77526], [122.41056, -4.77728], [122.40845, -4.77739], [122.40754, -4.78004], [122.40836, -4.78138], [122.407, -4.78329], [122.40688, -4.78459], [122.40754, -4.78566], [122.41369, -4.78716], [122.41278, -4.79242], [122.41387, -4.79399], [122.41474, -4.79752], [122.41223, -4.80442], [122.41461, -4.80851], [122.4185, -4.81257], [122.41513, -4.816], [122.4153, -4.81955], [122.41426, -4.82067], [122.41184, -4.82765]]]}}, {"type": "Feature", "properties": {"domain_id": "740905", "name": "LASOLO"}, "geometry": {"type": "MultiPolygon", "coordinates": [[[[122.25095, -3.7181], [122.25059, -3.72322], [122.246, -3.73154], [122.24585, -3.73674], [122.24709, -3.73967], [122.24623, -3.74178], [122.24832, -3.74444], [122.24859, -3.74632], [122.24983, -3.74698], [122.25338, -3.7511], [122.26089, -3.75635], [122.25921, -3.76027], [122.25725, -3.76094], [122.25455, -3.76355], [122.25458, -3.76542], [122.25181, -3.76909], [122.25106, -3.76792], [122.2454, -3.76541], [122.24515, -3.76167], [122.24141, -3.76173], [122.23783, -3.75901], [122.23581, -3.75826], [122.2321, -3.75809], [122.2311, -3.75717], [122.2293, -3.75885], [122.22842, -3.75862], [122.22729, -3.76126], [122.22443, -3.76223], [122.21998, -3.76052], [122.21938, -3.75807], [122.22053, -3.75403], [122.21985, -3.7527], [122.21733, -3.74977], [122.21268, -3.74653], [122.21175, -3.74523], [122.20785, -3.74433], [122.20689, -3.74217], [122.20323, -3.74099], [122.20259, -3.74106], [122.19812, -3.74625], [122.19618, -3.74495], [122.19351, -3.74425], [122.19193, -3.74249], [122.1812, -3.74053], [122.17643, -3.73618], [122.17568, -3.73436], [122.1721, -3.7321], [122.16937, -3.72544], [122.16212, -3.72314], [122.16022, -3.72278], [122.15544, -3.72355], [122.15137, -3.7229], [122.1498, -3.72178], [122.14761, -3.72177], [122.14506, -3.71895], [122.14394, -3.72088], [122.13925, -3.72439], [122.13662, -3.72485], [122.13563, -3.72779], [122.13477, -3.72787], [122.13351, -3.72649], [122.12854, -3.72702], [122.12685, -3.72624], [122.1259, -3.72805], [122.12256, -3.72869], [122.12157, -3.72741], [122.12252, -3.72384], [122.12103, -3.71912], [122.11205, -3.72046], [122.10736, -3.71908], [122.10584, -3.71963], [122.10512, -3.71837], [122.10203, -3.71755], [122.10166, -3.71686], [122.10168, -3.71427], [122.10349, -3.71322], [122.10368, -3.71145], [122.1047, -3.70992], [122.10509, -3.70341], [122.10628, -3.69773], [122.1059, -3.69603], [122.10101, -3.69372], [122.09925, -3.69178], [122.09914, -3.69259], [122.09841, -3.69231], [122.09891, -3.69063], [122.09833, -3.68958], [122.09582, -3.68997], [122.09388, -3.68933], [122.08979, -3.69063], [122.08865, -3.69052], [122.08803, -3.68977], [122.08726, -3.68616], [122.08747, -3.6821], [122.09244, -3.67659], [122.09272, -3.66843], [122.09357, -3.66601], [122.09233, -3.66245], [122.09373, -3.65982], [122.09278, -3.65788], [122.08937, -3.6551], [122.08787, -3.65226], [122.08826, -3.6466], [122.08762, -3.64225], [122.08997, -3.6407], [122.09556, -3.64344], [122.10953, -3.64523], [122.11152, -3.64392], [122.1118, -3.64142], [122.11282, -3.63958], [122.1164, -3.63929], [122.11824, -3.64092], [122.12162, -3.64252], [122.12392, -3.64503], [122.13066, -3.6475], [122.13159, -3.64627], [122.13874, -3.64178], [122.14225, -3.63758], [122.14463, -3.638], [122.1467, -3.63666], [122.14757, -3.63797], [122.15076, -3.63674], [122.15201, -3.63486], [122.15605, -3.63699], [122.15989, -3.6404], [122.16316, -3.64133], [122.16553, -3.64104], [122.16607, -3.64329], [122.1703, -3.64405], [122.17122, -3.64205], [122.17189, -3.64189], [122.18662, -3.64026], [122.19, -3.63938], [122.19122, -3.6385], [122.1922, -3.63658], [122.19557, -3.63764], [122.19663, -3.63628], [122.19813, -3.63584], [122.19887, -3.63098], [122.20066, -3.62947], [122.20657, -3.63054], [122.20968, -3.62994], [122.21105, -3.631], [122.21421, -3.62969], [122.21651, -3.63146], [122.22067, -3.63331], [122.22372, -3.63765], [122.224, -3.63936], [122.22502, -3.64005], [122.22926, -3.64638], [122.22997, -3.64591], [122.23093, -3.64737], [122.23189, -3.64718], [122.23287, -3.64834], [122.23403, -3.64788], [122.23737, -3.65152], [122.24294, -3.65449], [122.24301, -3.65532], [122.24189, -3.65608], [122.2432, -3.65879], [122.24623, -3.65749], [122.24307, -3.65892], [122.24404, -3.66052], [122.24569, -3.66102], [122.24646, -3.66211], [122.24665, -3.66297], [122.24558, -3.66434], [122.24614, -3.66651], [122.24673, -3.66635], [122.24655, -3.66788], [122.25456, -3.66525], [122.25814, -3.66759], [122.25872, -3.66673], [122.25921, -3.66776], [122.26101, -3.66815], [122.2615, -3.66967], [122.26189, -3.66928], [122.26082, -3.66755], [122.26117, -3.66731], [122.26209, -3.66935], [122.26376, -3.66919], [122.26497, -3.67004], [122.2658, -3.67255], [122.26724, -3.67442], [122.26713, -3.67743], [122.26952, -3.67808], [122.26923, -3.67911], [122.26969, -3.67957], [122.26417, -3.68645], [122.26396, -3.6882], [122.26507, -3.69293], [122.26434, -3.69639], [122.26486, -3.69737], [122.26448, -3.70105], [122.26554, -3.7052], [122.26509, -3.70881], [122.26196, -3.70935], [122.25803, -3.71275], [122.25422, -3.71354], [122.25138, -3.71577], [122.25095, -3.7181]]], [[[122.25157, -3.38918], [122.24971, -3.39083], [122.24817, -3.38889], [122.24753, -3.39026], [122.24564, -3.39043], [122.24452, -3.39188], [122.24242, -3.39034], [122.24131, -3.39046], [122.23903, -3.38937], [122.23766, -3.39347], [122.2396, -3.39561], [122.24181, -3.39559], [122.2422, -3.39647], [122.23988, -3.39594], [122.2413, -3.39739], [122.2407, -3.39766], [122.23981, -3.39687], [122.2382, -3.39813], [122.23826, -3.39874], [122.23999, -3.39934], [122.24138, -3.40183], [122.24057, -3.40205], [122.24265, -3.40231], [122.24227, -3.40277], [122.24305, -3.40346], [122.24556, -3.40333], [122.24611, -3.40273], [122.24626, -3.40405], [122.24369, -3.40389], [122.24224, -3.40663], [122.24297, -3.40688], [122.24364, -3.40888], [122.24519, -3.40976], [122.24769, -3.40984], [122.24784, -3.41098], [122.24722, -3.41184], [122.24772, -3.41258], [122.24851, -3.41244], [122.24805, -3.41345], [122.24883, -3.41628], [122.25003, -3.4171], [122.25096, -3.4168], [122.25188, -3.41793], [122.25385, -3.41751], [122.25463, -3.41609], [122.25557, -3.41814], [122.2585, -3.4168], [122.26006, -3.41705], [122.26118, -3.41618], [122.26189, -3.41633], [122.26252, -3.41788], [122.24431, -3.42526], [122.22923, -3.39509], [122.23005, -3.38868], [122.23586, -3.38311], [122.25157, -3.38918]]]]}}, {"type": "Feature", "properties": {"domain_id": "740216", "name": "LATOMA"}, "geometry": {"type": "Polygon", "coordinates": [[[121.68554, -3.74454], [121.68157, -3.74241], [121.68095, -3.74103], [121.68135, -3.73988], [121.6804, -3.73874], [121.67826, -3.73909], [121.67485, -3.73633], [121.67362, -3.73309], [121.67252, -3.7319], [121.66639, -3.72891], [121.66423, -3.72999], [121.66221, -3.73005], [121.66152, -3.7324], [121.65859, -3.73136], [121.659, -3.73347], [121.65856, -3.73404], [121.65242, -3.73381], [121.65063, -3.73217], [121.64841, -3.73223], [121.6484, -3.73333], [121.65015, -3.73664], [121.64951, -3.73813], [121.64885, -3.73793], [121.64776, -3.7358], [121.64414, -3.73714], [121.64354, -3.73436], [121.64206, -3.7364], [121.64201, -3.73781], [121.64094, -3.73833], [121.6384, -3.73774], [121.63899, -3.73606], [121.63605, -3.73424], [121.63502, -3.73649], [121.63239, -3.73614], [121.63165, -3.73671], [121.6312, -3.73859], [121.63032, -3.73912], [121.62787, -3.73792], [121.62472, -3.73796], [121.62363, -3.73667], [121.62208, -3.7362], [121.62069, -3.73624], [121.61911, -3.73724], [121.61873, -3.73542], [121.61608, -3.73481], [121.6164, -3.73355], [121.61586, -3.73306], [121.61193, -3.73473], [121.61069, -3.73433], [121.61064, -3.7336], [121.61204, -3.73229], [121.612, -3.72738], [121.61268, -3.72619], [121.61197, -3.72427], [121.61263, -3.71991], [121.61138, -3.71914], [121.61085, -3.7168], [121.61151, -3.71391], [121.61009, -3.71158], [121.61034, -3.71024], [121.60831, -3.70802], [121.60733, -3.70434], [121.60753, -3.70274], [121.60554, -3.7015], [121.60613, -3.69776], [121.60774, -3.69543], [121.60892, -3.69034], [121.60883, -3.68692], [121.60762, -3.68579], [121.60375, -3.68497], [121.60184, -3.68345], [121.5998, -3.6856], [121.59553, -3.68616], [121.5933, -3.68525], [121.5904, -3.68583], [121.58926, -3.68268], [121.58951, -3.68023], [121.58855, -3.678], [121.58907, -3.67529], [121.58733, -3.67109], [121.58589, -3.67008], [121.58526, -3.66867], [121.58532, -3.66584], [121.5868, -3.66295], [121.58619, -3.65764], [121.58293, -3.65437], [121.58081, -3.65389], [121.5761, -3.65416], [121.57477, -3.65275], [121.57543, -3.65144], [121.5743, -3.64121], [121.57548, -3.63548], [121.57442, -3.63397], [121.56899, -3.62967], [121.56973, -3.62719], [121.56831, -3.62456], [121.56748, -3.61824], [121.56776, -3.61625], [121.56546, -3.61284], [121.56289, -3.60699], [121.56411, -3.60418], [121.5683, -3.59928], [121.56732, -3.59445], [121.56804, -3.59144], [121.56721, -3.59045], [121.56737, -3.58812], [121.56157, -3.58544], [121.55821, -3.58258], [121.55781, -3.58064], [121.55864, -3.5776], [121.55767, -3.57511], [121.55789, -3.5725], [121.55349, -3.56967], [121.55272, -3.56847], [121.55149, -3.56452], [121.5501, -3.56285], [121.54921, -3.55945], [121.54798, -3.55808], [121.54826, -3.55495], [121.54641, -3.55473], [121.54426, -3.55123], [121.54071, -3.54923], [121.53778, -3.54667], [121.53644, -3.54658], [121.53691, -3.54538], [121.53559, -3.54155], [121.53523, -3.53785], [121.53416, -3.53577], [121.53085, -3.53272], [121.53135, -3.52828], [121.53061, -3.52459], [121.53231, -3.52161], [121.53379, -3.51508], [121.53477, -3.51332], [121.53498, -3.51077], [121.53417, -3.50911], [121.53397, -3.50633], [121.52941, -3.50069], [121.52759, -3.49707], [121.52786, -3.49343], [121.52696, -3.48762], [121.52503, -3.48486], [121.52524, -3.48051], [121.52355, -3.47584], [121.52376, -3.47222], [121.52225, -3.46737], [121.51823, -3.46298], [121.5168, -3.45834], [121.51251, -3.454], [121.50348, -3.44685], [121.5, -3.4454], [121.49539, -3.44152], [121.49271, -3.44014], [121.49371, -3.43849], [121.49349, -3.43745], [121.48395, -3.42408], [121.48325, -3.41911], [121.47941, -3.41815], [121.47958, -3.41661], [121.48066, -3.41522], [121.47946, -3.4125], [121.47794, -3.41288], [121.4751, -3.41143], [121.47294, -3.40728], [121.47352, -3.406], [121.46863, -3.40237], [121.46733, -3.39497], [121.46508, -3.39336], [121.46414, -3.39146], [121.46391, -3.38547], [121.45681, -3.3828], [121.45735, -3.38114], [121.456, -3.37993], [121.45542, -3.37659], [121.44402, -3.35788], [121.44251, -3.34947], [121.44156, -3.34772], [121.44147, -3.34213], [121.4409, -3.34067], [121.43674, -3.33705], [121.43203, -3.33676], [121.42905, -3.33363], [121.42804, -3.32954], [121.42845, -3.32419], [121.42717, -3.32056], [121.42386, -3.31601], [121.42507, -3.30554], [121.42871, -3.30061], [121.43007, -3.29746], [121.42883, -3.29514], [121.42725, -3.29457], [121.42588, -3.29193], [121.42747, -3.28983], [121.42954, -3.28884], [121.43135, -3.28333], [121.43397, -3.2791], [121.43922, -3.27414], [121.43836, -3.27071], [121.43926, -3.26806], [121.44496, -3.26641], [121.4475, -3.26825], [121.45289, -3.26772], [121.45701, -3.26449], [121.46053, -3.26287], [121.46199, -3.2627], [121.46424, -3.26393], [121.46504, -3.2637], [121.48091, -3.25104], [121.48207, -3.24978], [121.48266, -3.2476], [121.48948, -3.2414], [121.49216, -3.23747], [121.49955, -3.23434], [121.50216, -3.23204], [121.5062, -3.22482], [121.5099, -3.22392], [121.51209, -3.22501], [121.51448, -3.22496], [121.51562, -3.22266], [121.51733, -3.22239], [121.51898, -3.2212], [121.52254, -3.2218], [121.52622, -3.22396], [121.52849, -3.22404], [121.52885, -3.22279], [121.53266, -3.21896], [121.53614, -3.21732], [121.53823, -3.21787], [121.53914, -3.21346], [121.54068, -3.21387], [121.54256, -3.21341], [121.54415, -3.21184], [121.54414, -3.21039], [121.54668, -3.21145], [121.54726, -3.21601], [121.54918, -3.21763], [121.54869, -3.21868], [121.54918, -3.22283], [121.54614, -3.2252], [121.54747, -3.22605], [121.54833, -3.22773], [121.54957, -3.22809], [121.55033, -3.23098], [121.55135, -3.23175], [121.55082, -3.23259], [121.55261, -3.23978], [121.55291, -3.24626], [121.55629, -3.25131], [121.56304, -3.25588], [121.56612, -3.25985], [121.56898, -3.2616], [121.57061, -3.26355], [121.57341, -3.2649], [121.57482, -3.26755], [121.57149, -3.27053], [121.57183, -3.27382], [121.57724, -3.27904], [121.58059, -3.28597], [121.58105, -3.29367], [121.5835, -3.29913], [121.5857, -3.30129], [121.58701, -3.30415], [121.58958, -3.30564], [121.59123, -3.3095], [121.59491, -3.30867], [121.59941, -3.31182], [121.60358, -3.3172], [121.60767, -3.31896], [121.61355, -3.33572], [121.61305, -3.34035], [121.61391, -3.3424], [121.61277, -3.34444], [121.61257, -3.34658], [121.6134, -3.35054], [121.61223, -3.35166], [121.61328, -3.3535], [121.61154, -3.36353], [121.61065, -3.36506], [121.60965, -3.36516], [121.60894, -3.36731], [121.60976, -3.36988], [121.60937, -3.37094], [121.60664, -3.37342], [121.60761, -3.37395], [121.60589, -3.37635], [121.60558, -3.37867], [121.6042, -3.38074], [121.60163, -3.38041], [121.59967, -3.38241], [121.58797, -3.39836], [121.59344, -3.39977], [121.59673, -3.40311], [121.59715, -3.40447], [121.59983, -3.40431], [121.60098, -3.40483], [121.60401, -3.40795], [121.6086, -3.41439], [121.61607, -3.42155], [121.61895, -3.42549], [121.62019, -3.42549], [121.62305, -3.42407], [121.628, -3.42413], [121.64094, -3.42071], [121.64421, -3.42129], [121.6468, -3.42275], [121.65264, -3.42254], [121.65864, -3.42091], [121.66238, -3.41767], [121.66926, -3.422], [121.67208, -3.42456], [121.67274, -3.42697], [121.67478, -3.42949], [121.67488, -3.43305], [121.67577, -3.43648], [121.67442, -3.43682], [121.67368, -3.43776], [121.67192, -3.43778], [121.66969, -3.43888], [121.66825, -3.44038], [121.66533, -3.44418], [121.66493, -3.4462], [121.66347, -3.4468], [121.662, -3.45247], [121.66105, -3.45353], [121.6606, -3.45694], [121.66423, -3.4607], [121.66649, -3.46683], [121.66667, -3.4701], [121.67291, -3.47196], [121.67464, -3.47433], [121.67709, -3.47417], [121.68133, -3.47527], [121.69765, -3.48102], [121.69979, -3.48255], [121.70115, -3.48477], [121.70596, -3.48665], [121.71131, -3.48669], [121.71262, -3.48744], [121.70885, -3.49623], [121.7101, -3.49794], [121.70964, -3.50044], [121.7115, -3.50161], [121.71217, -3.50449], [121.71359, -3.5061], [121.71198, -3.50888], [121.71171, -3.51335], [121.71216, -3.51451], [121.71164, -3.51554], [121.71289, -3.51867], [121.7145, -3.52074], [121.71408, -3.52572], [121.71261, -3.52749], [121.7135, -3.52821], [121.71341, -3.52915], [121.7145, -3.53077], [121.71389, -3.53226], [121.71544, -3.53346], [121.71505, -3.53526], [121.71609, -3.53712], [121.71505, -3.53796], [121.71468, -3.53952], [121.71549, -3.54349], [121.71278, -3.54725], [121.71143, -3.55023], [121.71162, -3.55113], [121.71065, -3.55219], [121.70908, -3.55253], [121.70925, -3.55381], [121.71093, -3.55494], [121.71112, -3.5569], [121.71217, -3.55797], [121.71233, -3.55942], [121.71392, -3.56108], [121.71376, -3.56272], [121.71444, -3.56405], [121.71566, -3.56524], [121.71472, -3.56765], [121.71345, -3.56802], [121.71341, -3.5723], [121.71557, -3.57292], [121.71612, -3.57464], [121.71616, -3.57762], [121.71505, -3.57974], [121.71587, -3.58047], [121.71448, -3.58133], [121.71505, -3.5818], [121.71614, -3.58125], [121.71677, -3.58223], [121.71574, -3.58296], [121.71589, -3.58436], [121.71706, -3.5848], [121.71656, -3.58588], [121.71701, -3.58737], [121.71864, -3.58842], [121.71801, -3.58967], [121.71983, -3.59055], [121.71935, -3.59206], [121.72051, -3.5913], [121.72146, -3.59166], [121.72304, -3.59028], [121.72306, -3.59262], [121.72479, -3.59401], [121.72667, -3.59296], [121.72828, -3.59336], [121.7277, -3.59562], [121.72906, -3.59596], [121.72823, -3.59698], [121.73044, -3.59755], [121.73055, -3.59828], [121.72917, -3.59879], [121.72812, -3.60054], [121.72961, -3.60029], [121.73023, -3.59918], [121.73051, -3.60027], [121.73108, -3.60015], [121.73269, -3.59881], [121.73139, -3.60257], [121.7346, -3.60186], [121.73423, -3.60469], [121.73346, -3.60455], [121.73342, -3.60548], [121.73416, -3.6069], [121.73619, -3.60647], [121.73708, -3.60837], [121.73679, -3.6105], [121.7375, -3.61125], [121.73635, -3.61168], [121.73647, -3.61291], [121.73677, -3.61496], [121.73865, -3.61623], [121.73802, -3.6201], [121.73878, -3.6205], [121.73871, -3.6222], [121.73794, -3.62377], [121.73999, -3.62552], [121.73899, -3.62997], [121.73997, -3.62992], [121.73954, -3.63063], [121.73989, -3.63192], [121.73893, -3.63314], [121.73944, -3.63405], [121.73826, -3.63481], [121.73815, -3.6357], [121.73627, -3.63642], [121.73662, -3.63734], [121.73369, -3.63976], [121.73309, -3.64105], [121.73236, -3.64061], [121.73026, -3.64277], [121.72884, -3.6463], [121.72895, -3.64799], [121.72702, -3.64858], [121.72668, -3.64785], [121.72545, -3.64962], [121.72439, -3.64919], [121.72255, -3.6512], [121.72184, -3.65097], [121.72166, -3.65508], [121.72082, -3.65571], [121.72043, -3.65741], [121.7198, -3.65704], [121.71884, -3.65768], [121.71954, -3.65797], [121.71824, -3.65922], [121.71857, -3.66002], [121.7159, -3.66328], [121.71685, -3.6632], [121.71728, -3.66387], [121.71438, -3.66493], [121.7136, -3.66416], [121.71321, -3.66536], [121.71176, -3.66592], [121.71223, -3.6671], [121.71129, -3.66818], [121.71222, -3.66889], [121.71204, -3.67049], [121.70851, -3.67432], [121.70763, -3.67619], [121.70786, -3.67785], [121.70649, -3.67742], [121.70599, -3.67931], [121.70871, -3.68186], [121.70723, -3.68254], [121.70802, -3.68787], [121.70926, -3.68874], [121.71118, -3.68844], [121.71353, -3.68952], [121.71286, -3.69022], [121.71416, -3.69388], [121.71261, -3.69547], [121.71348, -3.69658], [121.71191, -3.69922], [121.7134, -3.69978], [121.71278, -3.70129], [121.71382, -3.70201], [121.71442, -3.7039], [121.71325, -3.70645], [121.71454, -3.70916], [121.71534, -3.70873], [121.71577, -3.70919], [121.71604, -3.71273], [121.71693, -3.71268], [121.7176, -3.71509], [121.72001, -3.71667], [121.72074, -3.71969], [121.72148, -3.71968], [121.72178, -3.72078], [121.72476, -3.72297], [121.72419, -3.72498], [121.72581, -3.72561], [121.72781, -3.7302], [121.72731, -3.73661], [121.73061, -3.73793], [121.73106, -3.74042], [121.73427, -3.74191], [121.73918, -3.74081], [121.73823, -3.74283], [121.73967, -3.74633], [121.73973, -3.74971], [121.74324, -3.75286], [121.74304, -3.75596], [121.74394, -3.75801], [121.74364, -3.75931], [121.74265, -3.75977], [121.74532, -3.7624], [121.74627, -3.76637], [121.74249, -3.76568], [121.74095, -3.766], [121.74045, -3.76895], [121.73943, -3.7697], [121.7381, -3.76905], [121.73718, -3.76656], [121.73495, -3.76539], [121.73355, -3.76574], [121.73251, -3.76788], [121.73127, -3.76854], [121.73043, -3.76834], [121.72901, -3.76653], [121.72599, -3.76619], [121.7232, -3.76832], [121.7213, -3.76867], [121.72185, -3.77114], [121.71942, -3.77183], [121.71764, -3.77183], [121.71626, -3.77106], [121.71528, -3.77139], [121.71262, -3.77553], [121.70775, -3.77538], [121.70382, -3.77764], [121.70044, -3.7779], [121.69988, -3.77652], [121.70167, -3.77423], [121.70153, -3.77168], [121.70046, -3.77168], [121.69942, -3.76891], [121.69653, -3.76889], [121.69554, -3.76808], [121.6954, -3.76646], [121.69634, -3.76511], [121.69612, -3.76353], [121.69367, -3.76451], [121.6929, -3.76398], [121.69242, -3.76095], [121.68881, -3.76116], [121.68548, -3.75936], [121.68457, -3.75762], [121.68383, -3.75213], [121.68211, -3.75215], [121.68076, -3.75388], [121.67946, -3.75319], [121.68049, -3.75034], [121.6786, -3.74928], [121.67871, -3.74789], [121.68105, -3.74676], [121.68229, -3.74764], [121.68521, -3.74751], [121.68554, -3.74454]]]}}, {"type": "Feature", "properties": {"domain_id": "740507", "name": "KONDA"}, "geometry": {"type": "MultiPolygon", "coordinates": [[[[122.47734, -4.14692], [122.47044, -4.14638], [122.46566, -4.15011], [122.46176, -4.1501], [122.45498, -4.15255], [122.45186, -4.15489], [122.44708, -4.16181], [122.44284, -4.16288], [122.43488, -4.16127], [122.42321, -4.15753], [122.41579, -4.15167], [122.40836, -4.1474], [122.39404, -4.14206], [122.38991, -4.13617], [122.40092, -4.12857], [122.41442, -4.11165], [122.43242, -4.08346], [122.43692, -4.07331], [122.44179, -4.06843], [122.44736, -4.06432], [122.46899, -4.05168], [122.47179, -4.05288], [122.47368, -4.05536], [122.47568, -4.05437], [122.47934, -4.05104], [122.47706, -4.04705], [122.47712, -4.04701], [122.48156, -4.05462], [122.48435, -4.05317], [122.48673, -4.05096], [122.48969, -4.05499], [122.49212, -4.0589], [122.49204, -4.0649], [122.49067, -4.06692], [122.49114, -4.06774], [122.4931, -4.06812], [122.49548, -4.06769], [122.49951, -4.06989], [122.5003, -4.07122], [122.51399, -4.06811], [122.51251, -4.0722], [122.5069, -4.08221], [122.50732, -4.08582], [122.5105, -4.08771], [122.51392, -4.08759], [122.51532, -4.08679], [122.51929, -4.08899], [122.52051, -4.08899], [122.52228, -4.09161], [122.52426, -4.0901], [122.52671, -4.09118], [122.53048, -4.1087], [122.53494, -4.12509], [122.53548, -4.13826], [122.53483, -4.14125], [122.53448, -4.15228], [122.53609, -4.16178], [122.52946, -4.1587], [122.51272, -4.14922], [122.50329, -4.1465], [122.49272, -4.14503], [122.48711, -4.14528], [122.48139, -4.14814], [122.47734, -4.14692]]], [[[122.51685, -4.20968], [122.50791, -4.20757], [122.49478, -4.20641], [122.49384, -4.20432], [122.49604, -4.20152], [122.49604, -4.20049], [122.49562, -4.19833], [122.49387, -4.19736], [122.49443, -4.19528], [122.49611, -4.19468], [122.49805, -4.19549], [122.52409, -4.19861], [122.52158, -4.21035], [122.51685, -4.20968]]]]}}, {"type": "Feature", "properties": {"domain_id": "740502", "name": "ANGATA"}, "geometry": {"type": "Polygon", "coordinates": [[[122.1278, -4.20914], [122.12033, -4.20773], [122.11928, -4.20845], [122.10749, -4.20715], [122.10068, -4.20796], [122.09824, -4.20969], [122.0933, -4.21163], [122.08344, -4.21469], [122.08498, -4.22744], [122.05409, -4.23298], [122.04155, -4.23438], [122.01838, -4.23817], [122.0288, -4.19702], [122.02662, -4.18475], [122.02475, -4.17563], [122.01975, -4.16713], [122.01412, -4.15989], [122.00568, -4.14635], [121.99868, -4.132], [121.99779, -4.12895], [122.0012, -4.1285], [122.00383, -4.12718], [122.00641, -4.12797], [122.00929, -4.12745], [122.01792, -4.12386], [122.02193, -4.12315], [122.02777, -4.12381], [122.03782, -4.12718], [122.0404, -4.12722], [122.04579, -4.12333], [122.05194, -4.12097], [122.05527, -4.11713], [122.05674, -4.1174], [122.05939, -4.11581], [122.06337, -4.11552], [122.06497, -4.11472], [122.07193, -4.11512], [122.07523, -4.11711], [122.07596, -4.11869], [122.07717, -4.11908], [122.07865, -4.11917], [122.0804, -4.11798], [122.08678, -4.11872], [122.08769, -4.11685], [122.09087, -4.11471], [122.09181, -4.1111], [122.09064, -4.10555], [122.09199, -4.10282], [122.0949, -4.10249], [122.09692, -4.10311], [122.09894, -4.10236], [122.10189, -4.10258], [122.10282, -4.10131], [122.10573, -4.1006], [122.10873, -4.09827], [122.10938, -4.09617], [122.11191, -4.09341], [122.11366, -4.09273], [122.11513, -4.09313], [122.12308, -4.08938], [122.13365, -4.08573], [122.13502, -4.08464], [122.13566, -4.08267], [122.13993, -4.07965], [122.14531, -4.07992], [122.1475, -4.07838], [122.14974, -4.07789], [122.15093, -4.07542], [122.15752, -4.07031], [122.16209, -4.07068], [122.16584, -4.0696], [122.16711, -4.06983], [122.16952, -4.06907], [122.17504, -4.06582], [122.17879, -4.06515], [122.17985, -4.06567], [122.18187, -4.06858], [122.1846, -4.07485], [122.18522, -4.08889], [122.18901, -4.09676], [122.18955, -4.10368], [122.19191, -4.10655], [122.19393, -4.11126], [122.19702, -4.12436], [122.19633, -4.12552], [122.19731, -4.12764], [122.19663, -4.12872], [122.1974, -4.13044], [122.19813, -4.13057], [122.19817, -4.13437], [122.2082, -4.14081], [122.21161, -4.14546], [122.21361, -4.14672], [122.21706, -4.15082], [122.222, -4.15213], [122.22588, -4.15682], [122.22737, -4.1578], [122.2331, -4.15793], [122.2326, -4.1602], [122.23544, -4.16482], [122.24026, -4.16581], [122.24113, -4.16988], [122.24063, -4.17262], [122.23778, -4.1791], [122.24473, -4.18639], [122.23796, -4.18941], [122.23733, -4.18908], [122.23364, -4.1927], [122.22835, -4.1952], [122.22699, -4.19525], [122.22578, -4.19388], [122.22413, -4.19333], [122.22378, -4.19156], [122.2203, -4.19105], [122.21593, -4.19279], [122.2152, -4.1922], [122.21302, -4.19229], [122.21212, -4.19014], [122.21053, -4.18985], [122.18687, -4.19077], [122.17143, -4.19428], [122.17072, -4.19861], [122.16889, -4.20167], [122.16508, -4.20431], [122.16539, -4.20565], [122.168, -4.20841], [122.16847, -4.21103], [122.16061, -4.21179], [122.15441, -4.21347], [122.14812, -4.21419], [122.14075, -4.21392], [122.1377, -4.21025], [122.1278, -4.20914]]]}}, {"type": "Feature", "properties": {"domain_id": "741112", "name": "DANGIA"}, "geometry": {"type": "Polygon", "coordinates": [[[121.9775, -4.29315], [121.9727, -4.29539], [121.9697, -4.29527], [121.96954, -4.29337], [121.96478, -4.29417], [121.95894, -4.2964], [121.9577, -4.29567], [121.95721, -4.29656], [121.95613, -4.2955], [121.9558, -4.28905], [121.95218, -4.28289], [121.95222, -4.28172], [121.95412, -4.27968], [121.95658, -4.27877], [121.95811, -4.27678], [121.95953, -4.27628], [121.95961, -4.26989], [121.96515, -4.26956], [121.96444, -4.26837], [121.96508, -4.26646], [121.96372, -4.26402], [121.96636, -4.26413], [121.96682, -4.24466], [121.94924, -4.24405], [121.94932, -4.22884], [121.9548, -4.22893], [121.9529, -4.21686], [121.94073, -4.21806], [121.93854, -4.20293], [121.93111, -4.20498], [121.92518, -4.2046], [121.92411, -4.20388], [121.92332, -4.19951], [121.92243, -4.19812], [121.92393, -4.19547], [121.9243, -4.1934], [121.92646, -4.19214], [121.92576, -4.19087], [121.92375, -4.19025], [121.92461, -4.1876], [121.93146, -4.17926], [121.93729, -4.17862], [121.93688, -4.17544], [121.95121, -4.17359], [121.95231, -4.17198], [121.95222, -4.16986], [121.95569, -4.16941], [121.95664, -4.16751], [121.95872, -4.16582], [121.95419, -4.16417], [121.95377, -4.16215], [121.95468, -4.1616], [121.95562, -4.15955], [121.95628, -4.15998], [121.95692, -4.1632], [121.9586, -4.16429], [121.96033, -4.16191], [121.9604, -4.16381], [121.96168, -4.16433], [121.96366, -4.16127], [121.96649, -4.16032], [121.96756, -4.15789], [121.9667, -4.15715], [121.96646, -4.15523], [121.96835, -4.15456], [121.96645, -4.15151], [121.96646, -4.15059], [121.97466, -4.14987], [121.97468, -4.14586], [121.97534, -4.14485], [121.97558, -4.14167], [121.97688, -4.13981], [121.97862, -4.13901], [121.98084, -4.13543], [121.98069, -4.13359], [121.98157, -4.13168], [121.98945, -4.12949], [121.99779, -4.12895], [121.99868, -4.132], [122.00568, -4.14635], [122.01412, -4.15989], [122.01975, -4.16713], [122.02475, -4.17563], [122.0288, -4.19702], [122.01557, -4.2489], [122.007, -4.26947], [122.00896, -4.27791], [122.01369, -4.2911], [122.00874, -4.29044], [121.99085, -4.29294], [121.9775, -4.29315]]]}}, {"type": "Feature", "properties": {"domain_id": "740509", "name": "KOLONO"}, "geometry": {"type": "Polygon", "coordinates": [[[122.63491, -4.37508], [122.62914, -4.37352], [122.60192, -4.35423], [122.59927, -4.3489], [122.59618, -4.33725], [122.59717, -4.33541], [122.60116, -4.3316], [122.60323, -4.33106], [122.60441, -4.3311], [122.60891, -4.33388], [122.61116, -4.33259], [122.61633, -4.33206], [122.61459, -4.32959], [122.61081, -4.32753], [122.60904, -4.32079], [122.60227, -4.31661], [122.59344, -4.31404], [122.58851, -4.30952], [122.58399, -4.29482], [122.57755, -4.30206], [122.5762, -4.30196], [122.57534, -4.30159], [122.57415, -4.2995], [122.57208, -4.29914], [122.57117, -4.29574], [122.5699, -4.29627], [122.5685, -4.29583], [122.56782, -4.29446], [122.56577, -4.29321], [122.57329, -4.28624], [122.57883, -4.2783], [122.56977, -4.24926], [122.57279, -4.24766], [122.58497, -4.24787], [122.58537, -4.24905], [122.5873, -4.24962], [122.58969, -4.24727], [122.59272, -4.24608], [122.59404, -4.24382], [122.59946, -4.24265], [122.60106, -4.2412], [122.60223, -4.24118], [122.60399, -4.24163], [122.60671, -4.2483], [122.60653, -4.24964], [122.63964, -4.25531], [122.64542, -4.25495], [122.6488, -4.2539], [122.65145, -4.25489], [122.65547, -4.25483], [122.65626, -4.25531], [122.65675, -4.25711], [122.65929, -4.25791], [122.66913, -4.25463], [122.67327, -4.25565], [122.68961, -4.2521], [122.6927, -4.24877], [122.6967, -4.24279], [122.69789, -4.24215], [122.71321, -4.24751], [122.72082, -4.24948], [122.75825, -4.23707], [122.75882, -4.23972], [122.76038, -4.24134], [122.76745, -4.24338], [122.76872, -4.24626], [122.77054, -4.24767], [122.77183, -4.25], [122.7765, -4.25491], [122.78257, -4.2689], [122.78756, -4.27639], [122.79772, -4.28754], [122.80509, -4.29805], [122.81427, -4.30879], [122.81131, -4.31077], [122.80919, -4.3139], [122.8065, -4.3149], [122.80452, -4.31758], [122.80386, -4.3214], [122.7999, -4.32288], [122.79943, -4.32446], [122.79974, -4.32756], [122.80158, -4.33056], [122.80211, -4.33359], [122.79898, -4.33871], [122.79606, -4.34004], [122.79439, -4.34228], [122.78764, -4.3438], [122.78513, -4.34531], [122.78152, -4.34915], [122.77729, -4.35112], [122.77276, -4.35498], [122.76728, -4.35458], [122.76283, -4.3572], [122.76128, -4.35718], [122.75699, -4.36002], [122.75145, -4.35954], [122.7478, -4.36189], [122.74563, -4.36251], [122.74217, -4.36301], [122.73941, -4.36255], [122.73794, -4.36494], [122.73367, -4.36617], [122.73247, -4.36835], [122.73089, -4.36801], [122.73017, -4.36869], [122.72603, -4.36892], [122.71749, -4.36131], [122.71764, -4.35551], [122.71694, -4.35463], [122.71702, -4.35216], [122.71631, -4.35024], [122.71475, -4.34983], [122.71486, -4.34782], [122.71095, -4.34655], [122.70701, -4.34142], [122.70568, -4.34188], [122.70599, -4.34055], [122.70436, -4.33908], [122.70288, -4.33911], [122.70019, -4.34118], [122.69978, -4.33961], [122.69832, -4.33957], [122.69817, -4.33779], [122.69602, -4.33573], [122.69661, -4.33046], [122.69545, -4.33104], [122.6962, -4.32913], [122.69526, -4.32792], [122.69426, -4.3306], [122.69362, -4.33056], [122.69388, -4.32953], [122.69259, -4.32754], [122.69235, -4.33027], [122.68934, -4.33129], [122.68887, -4.32993], [122.68705, -4.33013], [122.68576, -4.3285], [122.68294, -4.32729], [122.68042, -4.32499], [122.68016, -4.32597], [122.67799, -4.32622], [122.67686, -4.32561], [122.67648, -4.3275], [122.67393, -4.32659], [122.66995, -4.33026], [122.66837, -4.33011], [122.6674, -4.33078], [122.66354, -4.33386], [122.65949, -4.33884], [122.66063, -4.33934], [122.66155, -4.34158], [122.66189, -4.34555], [122.66266, -4.34701], [122.66138, -4.34996], [122.6624, -4.35544], [122.66392, -4.35645], [122.66436, -4.35836], [122.66654, -4.36201], [122.66809, -4.36154], [122.67089, -4.36309], [122.67547, -4.36404], [122.67992, -4.36785], [122.68542, -4.36827], [122.68669, -4.37011], [122.68673, -4.37138], [122.68891, -4.37273], [122.69314, -4.37845], [122.69426, -4.379], [122.69495, -4.38148], [122.69458, -4.3822], [122.69545, -4.3838], [122.69558, -4.3871], [122.69788, -4.39173], [122.69939, -4.39118], [122.70051, -4.38943], [122.70185, -4.39357], [122.70254, -4.39403], [122.70274, -4.39777], [122.69995, -4.39727], [122.69989, -4.39805], [122.69863, -4.39824], [122.70177, -4.40436], [122.70583, -4.40729], [122.71237, -4.40779], [122.71628, -4.41151], [122.71632, -4.41223], [122.71896, -4.41354], [122.72139, -4.41352], [122.72174, -4.41481], [122.72488, -4.41674], [122.72331, -4.4206], [122.72688, -4.42133], [122.72767, -4.41977], [122.72914, -4.42061], [122.73126, -4.42247], [122.73166, -4.42425], [122.73311, -4.42468], [122.73345, -4.42685], [122.73542, -4.42684], [122.73701, -4.4283], [122.73768, -4.42812], [122.74093, -4.43215], [122.74331, -4.43245], [122.7467, -4.42833], [122.7485, -4.4297], [122.75201, -4.42762], [122.75277, -4.42583], [122.7571, -4.42608], [122.75746, -4.42859], [122.75691, -4.43091], [122.73366, -4.442], [122.65106, -4.38024], [122.64627, -4.37925], [122.6421, -4.37719], [122.63491, -4.37508]]]}}, {"type": "Feature", "properties": {"domain_id": "740808", "name": "LAMBAI"}, "geometry": {"type": "Polygon", "coordinates": [[[120.99651, -3.6373], [120.99108, -3.64261], [120.98984, -3.64508], [120.98663, -3.64753], [120.98161, -3.64319], [120.97493, -3.63968], [120.96639, -3.63098], [120.95947, -3.62631], [120.96135, -3.62012], [120.9613, -3.61749], [120.96187, -3.61692], [120.96347, -3.61731], [120.96377, -3.6164], [120.96496, -3.61587], [120.96458, -3.61325], [120.96526, -3.61077], [120.95932, -3.60322], [120.95778, -3.59967], [120.9583, -3.59853], [120.95713, -3.59673], [120.95795, -3.59552], [120.95908, -3.59759], [120.9612, -3.59711], [120.96292, -3.59811], [120.96464, -3.59787], [120.96628, -3.59866], [120.96905, -3.59546], [120.97432, -3.59183], [120.98182, -3.58867], [120.98729, -3.58712], [120.98941, -3.58542], [120.99321, -3.58437], [121.00636, -3.57879], [121.01707, -3.57327], [121.02232, -3.57202], [121.0257, -3.57038], [121.03537, -3.56783], [121.0371, -3.56786], [121.04215, -3.56505], [121.04818, -3.56364], [121.05197, -3.56172], [121.06003, -3.56003], [121.06499, -3.55762], [121.07257, -3.55544], [121.0776, -3.55256], [121.0851, -3.5495], [121.09214, -3.54481], [121.10014, -3.5415], [121.10482, -3.53767], [121.11179, -3.53623], [121.12001, -3.5298], [121.12756, -3.52649], [121.13233, -3.52306], [121.13627, -3.51893], [121.14157, -3.5164], [121.14975, -3.51021], [121.15049, -3.50983], [121.15314, -3.51286], [121.15404, -3.51699], [121.1523, -3.5223], [121.15403, -3.52483], [121.15549, -3.53251], [121.15623, -3.53462], [121.15799, -3.53689], [121.15759, -3.53723], [121.15011, -3.54176], [121.13231, -3.5551], [121.12908, -3.55666], [121.11832, -3.5656], [121.11049, -3.56972], [121.08994, -3.58318], [121.07303, -3.59606], [121.06908, -3.5979], [121.06392, -3.60259], [121.05097, -3.61063], [121.04855, -3.61182], [121.04197, -3.61268], [121.03248, -3.61543], [121.01858, -3.61449], [121.0148, -3.6154], [121.01126, -3.62], [120.99922, -3.62998], [120.99651, -3.6373]]]}}, {"type": "Feature", "properties": {"domain_id": "740501", "name": "TINANGGEA"}, "geometry": {"type": "MultiPolygon", "coordinates": [[[[122.12997, -4.53031], [122.12701, -4.53012], [122.12648, -4.53059], [122.12597, -4.5311], [122.12685, -4.53328], [122.12402, -4.53563], [122.11873, -4.53672], [122.10674, -4.53149], [122.10524, -4.53023], [122.10429, -4.5306], [122.10468, -4.52766], [122.10771, -4.52344], [122.10821, -4.52144], [122.10606, -4.51556], [122.10775, -4.50809], [122.1067, -4.50707], [122.10402, -4.50712], [122.10328, -4.50602], [122.10353, -4.5048], [122.10545, -4.50254], [122.10499, -4.5009], [122.10318, -4.50085], [122.1015, -4.5018], [122.10076, -4.50296], [122.10071, -4.50549], [122.09975, -4.5059], [122.09592, -4.50271], [122.09521, -4.5008], [122.09413, -4.49992], [122.0954, -4.49697], [122.09399, -4.49541], [122.09221, -4.49514], [122.09025, -4.4976], [122.09, -4.49564], [122.08865, -4.49648], [122.08618, -4.49461], [122.08486, -4.49501], [122.0837, -4.49385], [122.08229, -4.49466], [122.08347, -4.49578], [122.08329, -4.4977], [122.08124, -4.4969], [122.08103, -4.49782], [122.08003, -4.49783], [122.07994, -4.49605], [122.07876, -4.49598], [122.07935, -4.49548], [122.07831, -4.49365], [122.07593, -4.49473], [122.07203, -4.49298], [122.06926, -4.49324], [122.06561, -4.49132], [122.06313, -4.49173], [122.06267, -4.49237], [122.06027, -4.49182], [122.05943, -4.48963], [122.05829, -4.48859], [122.05588, -4.48881], [122.05284, -4.48787], [122.04968, -4.48535], [122.04823, -4.48339], [122.04816, -4.48171], [122.05178, -4.47918], [122.05102, -4.47346], [122.04783, -4.47184], [122.04714, -4.46882], [122.04203, -4.466], [122.04083, -4.46438], [122.03113, -4.45714], [122.04516, -4.43875], [122.11935, -4.43625], [122.13371, -4.43308], [122.13404, -4.43148], [122.13752, -4.42563], [122.13665, -4.42364], [122.13918, -4.41997], [122.13817, -4.41808], [122.1403, -4.41673], [122.13932, -4.4152], [122.14095, -4.41515], [122.1408, -4.41367], [122.13856, -4.4135], [122.13815, -4.41257], [122.14152, -4.41299], [122.14179, -4.41213], [122.14067, -4.40953], [122.1385, -4.40823], [122.1398, -4.3999], [122.14449, -4.39609], [122.1494, -4.3947], [122.14861, -4.39354], [122.14956, -4.39304], [122.14958, -4.3865], [122.15265, -4.38589], [122.15337, -4.38512], [122.15496, -4.38576], [122.15774, -4.38908], [122.15847, -4.39328], [122.1594, -4.39499], [122.16836, -4.39498], [122.16898, -4.39154], [122.17114, -4.38988], [122.16918, -4.38651], [122.17005, -4.38445], [122.1699, -4.38285], [122.17112, -4.38155], [122.17455, -4.37212], [122.19905, -4.37396], [122.21061, -4.36772], [122.21472, -4.36643], [122.21766, -4.36645], [122.21921, -4.36934], [122.22092, -4.37108], [122.22292, -4.37202], [122.22753, -4.37243], [122.22729, -4.36756], [122.22976, -4.36833], [122.23028, -4.36873], [122.22904, -4.37014], [122.23031, -4.37332], [122.23022, -4.375], [122.23654, -4.37839], [122.23715, -4.37797], [122.2433, -4.37879], [122.25097, -4.37886], [122.25174, -4.37771], [122.25114, -4.37433], [122.25273, -4.37307], [122.25718, -4.37412], [122.25757, -4.37563], [122.25833, -4.37612], [122.26038, -4.37552], [122.2629, -4.3772], [122.26426, -4.37888], [122.26462, -4.38043], [122.27037, -4.38092], [122.27155, -4.3827], [122.27287, -4.38322], [122.27447, -4.38127], [122.2859, -4.38225], [122.28764, -4.38186], [122.28803, -4.37805], [122.29219, -4.37052], [122.29669, -4.37403], [122.30195, -4.3899], [122.30318, -4.39182], [122.30335, -4.39372], [122.31348, -4.41139], [122.31336, -4.41524], [122.31146, -4.41758], [122.31133, -4.41979], [122.30998, -4.42341], [122.30847, -4.42507], [122.30855, -4.42638], [122.31019, -4.42728], [122.30924, -4.42929], [122.30901, -4.43306], [122.30755, -4.43733], [122.30685, -4.43768], [122.30754, -4.43985], [122.30746, -4.44445], [122.30994, -4.44738], [122.31634, -4.4498], [122.32042, -4.4524], [122.32154, -4.45569], [122.32044, -4.45994], [122.32052, -4.46236], [122.32192, -4.46344], [122.32226, -4.46456], [122.3208, -4.46768], [122.32049, -4.4754], [122.30951, -4.47614], [122.30578, -4.47748], [122.30097, -4.48179], [122.2916, -4.4852], [122.28991, -4.48557], [122.28917, -4.48505], [122.286, -4.48792], [122.27788, -4.48746], [122.27137, -4.4896], [122.26777, -4.48974], [122.26728, -4.49051], [122.26678, -4.48998], [122.26357, -4.49268], [122.25844, -4.49379], [122.25277, -4.49301], [122.25172, -4.49123], [122.25142, -4.48892], [122.25, -4.48759], [122.249, -4.48897], [122.24785, -4.48888], [122.24743, -4.48832], [122.24961, -4.48601], [122.2493, -4.48523], [122.23852, -4.48804], [122.23411, -4.48668], [122.22938, -4.48384], [122.22627, -4.48292], [122.22474, -4.48137], [122.22321, -4.48168], [122.21969, -4.47913], [122.21752, -4.47961], [122.21683, -4.48305], [122.21559, -4.48308], [122.21451, -4.48222], [122.21302, -4.48304], [122.21396, -4.48388], [122.21349, -4.48467], [122.21009, -4.4843], [122.20526, -4.4858], [122.20192, -4.49054], [122.20218, -4.49134], [122.19966, -4.494], [122.19661, -4.49922], [122.1947, -4.50077], [122.19016, -4.50206], [122.19046, -4.50392], [122.18969, -4.50416], [122.18993, -4.50482], [122.18528, -4.50788], [122.18323, -4.50778], [122.18252, -4.50692], [122.18155, -4.50684], [122.18195, -4.51014], [122.18143, -4.51163], [122.17445, -4.51824], [122.17369, -4.51874], [122.17044, -4.51867], [122.16747, -4.51798], [122.16596, -4.51911], [122.16508, -4.52579], [122.16282, -4.52864], [122.16085, -4.52951], [122.15593, -4.53011], [122.15339, -4.52926], [122.14803, -4.53306], [122.14403, -4.53381], [122.13534, -4.53248], [122.1333, -4.53066], [122.12997, -4.53031]]], [[[122.21884, -4.48746], [122.21853, -4.48967], [122.21665, -4.49045], [122.21599, -4.48923], [122.21926, -4.48582], [122.21884, -4.48746]]]]}}, {"type": "Feature", "properties": {"domain_id": "740525", "name": "ANDOOLO BARAT"}, "geometry": {"type": "Polygon", "coordinates": [[[122.191, -4.32639], [122.18934, -4.33079], [122.1895, -4.33682], [122.18885, -4.33943], [122.18552, -4.34358], [122.17649, -4.36023], [122.17442, -4.3687], [122.17452, -4.37219], [122.16907, -4.37172], [122.15548, -4.368], [122.13827, -4.36138], [122.13864, -4.36105], [122.12566, -4.35506], [122.12381, -4.35156], [122.12442, -4.35106], [122.09448, -4.31132], [122.09729, -4.30962], [122.09781, -4.31003], [122.09693, -4.31055], [122.09715, -4.31134], [122.10129, -4.31108], [122.10192, -4.31028], [122.10131, -4.30816], [122.10657, -4.30886], [122.10862, -4.30809], [122.10848, -4.30622], [122.11097, -4.30571], [122.11327, -4.3062], [122.11486, -4.3079], [122.11766, -4.3072], [122.11833, -4.30843], [122.1208, -4.30945], [122.12318, -4.30596], [122.1227, -4.30453], [122.12218, -4.3044], [122.12197, -4.30528], [122.12074, -4.30346], [122.12015, -4.30534], [122.1183, -4.30524], [122.11729, -4.30386], [122.11768, -4.30241], [122.11664, -4.30152], [122.11692, -4.30033], [122.11918, -4.30016], [122.12031, -4.29592], [122.12197, -4.2969], [122.12409, -4.29634], [122.12582, -4.29501], [122.12617, -4.29349], [122.12734, -4.29364], [122.12766, -4.29198], [122.12952, -4.2942], [122.13083, -4.29352], [122.13071, -4.29255], [122.13277, -4.29322], [122.13243, -4.29107], [122.13442, -4.29185], [122.13425, -4.29327], [122.13522, -4.29326], [122.13725, -4.2917], [122.13844, -4.29311], [122.13857, -4.29449], [122.14026, -4.29481], [122.13971, -4.29329], [122.14069, -4.29219], [122.14085, -4.29037], [122.14255, -4.29044], [122.14281, -4.28997], [122.14167, -4.28902], [122.14287, -4.28714], [122.14225, -4.28552], [122.14337, -4.28507], [122.14361, -4.28416], [122.14543, -4.28408], [122.14593, -4.28206], [122.14672, -4.28157], [122.15133, -4.27347], [122.15823, -4.27374], [122.1597, -4.27317], [122.15959, -4.27551], [122.16077, -4.27601], [122.16135, -4.27549], [122.16188, -4.27701], [122.16342, -4.27614], [122.16341, -4.27411], [122.16424, -4.27396], [122.17671, -4.29232], [122.17534, -4.29662], [122.17568, -4.29876], [122.17725, -4.30119], [122.17535, -4.3076], [122.18052, -4.30888], [122.18883, -4.30908], [122.19512, -4.31362], [122.20042, -4.31035], [122.20024, -4.30776], [122.20927, -4.30845], [122.21295, -4.30634], [122.21328, -4.31599], [122.21356, -4.31662], [122.21516, -4.31697], [122.21644, -4.32023], [122.21468, -4.32338], [122.21296, -4.32258], [122.21171, -4.323], [122.21004, -4.32554], [122.20718, -4.32794], [122.2062, -4.3267], [122.20507, -4.32806], [122.20456, -4.32739], [122.20505, -4.32605], [122.20284, -4.32548], [122.20193, -4.3273], [122.20246, -4.32807], [122.20352, -4.32718], [122.20375, -4.32822], [122.20021, -4.33039], [122.19825, -4.32949], [122.19726, -4.33096], [122.19506, -4.32671], [122.19318, -4.32602], [122.19199, -4.32638], [122.19131, -4.32579], [122.191, -4.32639]]]}}, {"type": "Feature", "properties": {"domain_id": "740423", "name": "LASALIMU"}, "geometry": {"type": "Polygon", "coordinates": [[[122.94521, -5.21651], [122.94709, -5.21729], [122.94949, -5.21672], [122.95191, -5.2181], [122.95627, -5.21633], [122.95558, -5.21172], [122.95608, -5.21034], [122.95575, -5.20856], [122.95658, -5.20772], [122.96046, -5.2082], [122.96191, -5.2109], [122.96326, -5.21004], [122.96313, -5.20825], [122.96008, -5.20581], [122.95972, -5.20295], [122.96014, -5.20288], [122.96035, -5.20515], [122.96062, -5.20217], [122.96243, -5.20024], [122.965, -5.19876], [122.96611, -5.19862], [122.96739, -5.19966], [122.96945, -5.19874], [122.96787, -5.19401], [122.97072, -5.19255], [122.97028, -5.18946], [122.97895, -5.1794], [122.98326, -5.17939], [122.98383, -5.17793], [122.9823, -5.17648], [122.98254, -5.17535], [122.9853, -5.17343], [122.98706, -5.16927], [122.98961, -5.16703], [122.99125, -5.16439], [122.99342, -5.16355], [122.99545, -5.15975], [122.99782, -5.15837], [122.99763, -5.15685], [122.99865, -5.15461], [122.99992, -5.15422], [122.99983, -5.15332], [123.00212, -5.15214], [123.0019, -5.15108], [123.00291, -5.14986], [123.00815, -5.14588], [123.02021, -5.14036], [123.02215, -5.13804], [123.02528, -5.13731], [123.02642, -5.13783], [123.0266, -5.13689], [123.02774, -5.13613], [123.02954, -5.13671], [123.03072, -5.1359], [123.03336, -5.13577], [123.03839, -5.13829], [123.03922, -5.13958], [123.03994, -5.13907], [123.04042, -5.1405], [123.04259, -5.14127], [123.04269, -5.14297], [123.04347, -5.1438], [123.04502, -5.14352], [123.0463, -5.1444], [123.04605, -5.14539], [123.04843, -5.14658], [123.04915, -5.14856], [123.05062, -5.14941], [123.05062, -5.15057], [123.05178, -5.15125], [123.05521, -5.15114], [123.06074, -5.1533], [123.06595, -5.15836], [123.06534, -5.15952], [123.06647, -5.15946], [123.06806, -5.16122], [123.06789, -5.16366], [123.06921, -5.1662], [123.0686, -5.16779], [123.06763, -5.1677], [123.06667, -5.16921], [123.06612, -5.17313], [123.06676, -5.17465], [123.06591, -5.17512], [123.06659, -5.17652], [123.06779, -5.17613], [123.06825, -5.17661], [123.0664, -5.17853], [123.06511, -5.17768], [123.06429, -5.17784], [123.05892, -5.18295], [123.05957, -5.18612], [123.0584, -5.18952], [123.05899, -5.19194], [123.06858, -5.19105], [123.06841, -5.18899], [123.06939, -5.18593], [123.07232, -5.18271], [123.07468, -5.18192], [123.07622, -5.17721], [123.07737, -5.17677], [123.07823, -5.17552], [123.07898, -5.17589], [123.07904, -5.17511], [123.08112, -5.17431], [123.08229, -5.17301], [123.0837, -5.17329], [123.08379, -5.17411], [123.08515, -5.17439], [123.08549, -5.17504], [123.08735, -5.17504], [123.09137, -5.17895], [123.09126, -5.18056], [123.09319, -5.18273], [123.09494, -5.18393], [123.09821, -5.18371], [123.0997, -5.18425], [123.10013, -5.18664], [123.10111, -5.18647], [123.10318, -5.18843], [123.10462, -5.18852], [123.10499, -5.19069], [123.10693, -5.19434], [123.10684, -5.19781], [123.10582, -5.20144], [123.10387, -5.20414], [123.10323, -5.20654], [123.10223, -5.20698], [123.10116, -5.21007], [123.09872, -5.21085], [123.09653, -5.21273], [123.09232, -5.21362], [123.09176, -5.21434], [123.09175, -5.21662], [123.09265, -5.21718], [123.0939, -5.21572], [123.09796, -5.21553], [123.09988, -5.21405], [123.10288, -5.21348], [123.10673, -5.20929], [123.10687, -5.20786], [123.10967, -5.20405], [123.11218, -5.20533], [123.11253, -5.20616], [123.11365, -5.2054], [123.11477, -5.20559], [123.11979, -5.20862], [123.12045, -5.21005], [123.12182, -5.21075], [123.12305, -5.21241], [123.125, -5.21323], [123.12735, -5.21633], [123.12953, -5.21797], [123.13001, -5.22013], [123.13199, -5.22136], [123.13242, -5.22329], [123.1354, -5.22614], [123.13774, -5.22658], [123.13806, -5.22751], [123.13729, -5.23022], [123.13926, -5.2311], [123.1403, -5.23252], [123.14149, -5.23653], [123.14059, -5.23791], [123.14141, -5.23823], [123.14185, -5.23938], [123.14336, -5.2397], [123.14425, -5.23913], [123.14302, -5.24049], [123.13462, -5.24299], [123.1324, -5.24661], [123.12939, -5.24546], [123.1287, -5.24555], [123.12863, -5.24644], [123.12745, -5.24464], [123.12512, -5.24476], [123.12306, -5.24752], [123.12101, -5.24829], [123.11978, -5.24977], [123.11446, -5.25297], [123.11028, -5.25455], [123.10583, -5.2546], [123.09681, -5.25714], [123.09524, -5.25853], [123.09301, -5.26262], [123.09125, -5.26333], [123.07236, -5.2625], [123.06613, -5.26296], [123.06067, -5.25947], [123.05532, -5.26035], [123.05006, -5.25872], [123.04575, -5.26288], [123.04315, -5.26641], [123.03913, -5.26543], [123.03439, -5.26659], [123.02782, -5.26577], [123.0219, -5.26687], [123.01856, -5.26977], [123.01627, -5.27307], [123.01432, -5.27773], [123.01071, -5.28148], [123.00778, -5.28209], [123.0048, -5.28119], [122.99489, -5.2826], [122.99068, -5.28384], [122.9827, -5.28948], [122.9792, -5.29118], [122.97009, -5.29108], [122.96492, -5.29281], [122.96253, -5.2948], [122.95764, -5.30242], [122.95397, -5.31125], [122.95163, -5.30815], [122.94824, -5.30698], [122.94485, -5.30716], [122.94215, -5.30935], [122.93796, -5.31055], [122.93362, -5.30958], [122.92802, -5.30378], [122.92169, -5.30142], [122.91541, -5.29145], [122.91075, -5.29056], [122.91105, -5.28645], [122.91048, -5.28509], [122.90317, -5.27975], [122.89997, -5.27656], [122.89985, -5.27467], [122.90095, -5.27224], [122.89886, -5.26656], [122.8984, -5.26168], [122.9, -5.25], [122.89837, -5.24161], [122.89413, -5.2371], [122.89067, -5.23484], [122.88843, -5.23003], [122.88979, -5.22298], [122.89119, -5.22008], [122.89469, -5.21634], [122.89527, -5.21403], [122.89346, -5.20786], [122.8913, -5.20439], [122.88779, -5.20062], [122.88657, -5.19785], [122.88617, -5.18935], [122.88695, -5.18666], [122.88981, -5.18325], [122.88972, -5.18152], [122.89231, -5.17734], [122.89556, -5.17568], [122.89322, -5.16635], [122.88967, -5.16212], [122.89049, -5.16017], [122.89454, -5.15681], [122.89624, -5.15383], [122.89579, -5.15136], [122.89246, -5.14775], [122.8913, -5.1453], [122.89291, -5.13761], [122.89224, -5.13239], [122.89584, -5.12844], [122.89937, -5.12662], [122.89974, -5.125], [122.89899, -5.12241], [122.90386, -5.12247], [122.9065, -5.12363], [122.92808, -5.14099], [122.93237, -5.14082], [122.93545, -5.14264], [122.94299, -5.14419], [122.94579, -5.14567], [122.95008, -5.14669], [122.94902, -5.14765], [122.94872, -5.14948], [122.94248, -5.16132], [122.93811, -5.1662], [122.92951, -5.17169], [122.9208, -5.17482], [122.91984, -5.17798], [122.92048, -5.18081], [122.92009, -5.18231], [122.9226, -5.18281], [122.92433, -5.18144], [122.93111, -5.18843], [122.9324, -5.19067], [122.93206, -5.19367], [122.93307, -5.19471], [122.93423, -5.19886], [122.93426, -5.20575], [122.93515, -5.20609], [122.93679, -5.20927], [122.94394, -5.21293], [122.94454, -5.21628], [122.94521, -5.21651]]]}}, {"type": "Feature", "properties": {"domain_id": "741206", "name": "WAWONII SELATAN"}, "geometry": {"type": "Polygon", "coordinates": [[[123.0091, -4.20341], [123.00434, -4.20174], [122.99965, -4.20167], [122.99593, -4.2028], [122.99025, -4.20002], [122.99123, -4.19507], [122.99258, -4.1933], [122.99141, -4.19307], [122.98662, -4.18437], [122.98633, -4.18158], [122.98496, -4.17783], [122.98453, -4.17271], [122.98212, -4.16788], [122.98354, -4.16748], [122.98064, -4.16702], [122.98003, -4.16624], [122.97764, -4.1663], [122.97497, -4.16305], [122.97528, -4.16162], [122.97692, -4.15972], [122.97662, -4.15858], [122.97753, -4.1555], [122.97832, -4.1548], [122.97753, -4.1542], [122.97735, -4.15287], [122.97632, -4.15255], [122.97664, -4.14966], [122.9757, -4.14416], [122.97602, -4.14319], [122.97894, -4.14199], [122.98186, -4.13855], [122.98589, -4.13691], [122.99124, -4.12964], [122.99873, -4.12688], [123.00029, -4.12538], [123.01054, -4.12563], [123.01544, -4.12861], [123.0264, -4.12823], [123.02856, -4.1271], [123.03086, -4.12196], [123.03478, -4.1196], [123.05613, -4.11228], [123.06309, -4.11219], [123.06667, -4.11101], [123.07341, -4.10717], [123.07874, -4.10603], [123.08294, -4.10597], [123.0896, -4.10746], [123.09434, -4.11067], [123.09331, -4.11676], [123.09356, -4.11848], [123.09496, -4.12135], [123.09884, -4.12417], [123.10043, -4.12864], [123.10428, -4.1282], [123.10617, -4.13075], [123.10735, -4.13133], [123.11261, -4.13141], [123.11276, -4.13318], [123.11177, -4.13578], [123.11037, -4.14674], [123.1087, -4.14837], [123.10486, -4.14986], [123.10215, -4.15196], [123.10037, -4.15632], [123.09853, -4.1587], [123.09483, -4.16174], [123.08983, -4.17015], [123.08925, -4.17497], [123.08793, -4.17836], [123.08756, -4.18352], [123.08624, -4.18791], [123.0873, -4.19267], [123.09057, -4.19855], [123.08945, -4.20102], [123.08616, -4.20293], [123.0842, -4.2074], [123.08053, -4.21013], [123.07938, -4.21181], [123.07956, -4.21683], [123.07655, -4.21801], [123.07224, -4.23382], [123.07, -4.24829], [123.06041, -4.24369], [123.05841, -4.24168], [123.0593, -4.24006], [123.0569, -4.23879], [123.05672, -4.23918], [123.05627, -4.23824], [123.05334, -4.238], [123.0485, -4.23566], [123.04486, -4.23061], [123.03965, -4.22901], [123.02945, -4.22212], [123.02695, -4.22183], [123.02633, -4.22081], [123.02469, -4.22052], [123.02504, -4.21892], [123.02265, -4.21508], [123.01337, -4.20695], [123.01287, -4.20599], [123.01415, -4.20514], [123.0091, -4.20341]]]}}, {"type": "Feature", "properties": {"domain_id": "740511", "name": "LAONTI"}, "geometry": {"type": "MultiPolygon", "coordinates": [[[[122.89377, -4.21649], [122.89407, -4.22036], [122.8952, -4.22279], [122.89709, -4.22314], [122.90155, -4.22552], [122.90257, -4.22675], [122.90317, -4.22949], [122.90561, -4.22951], [122.90611, -4.2303], [122.90609, -4.23316], [122.90378, -4.23545], [122.90419, -4.23684], [122.90378, -4.2386], [122.90504, -4.24168], [122.90464, -4.24498], [122.90235, -4.24654], [122.90082, -4.25044], [122.89997, -4.2512], [122.89862, -4.25119], [122.89796, -4.2496], [122.89684, -4.24974], [122.89154, -4.25463], [122.89179, -4.25715], [122.88927, -4.26017], [122.88582, -4.27015], [122.88603, -4.27123], [122.88774, -4.27173], [122.88912, -4.27323], [122.88879, -4.2779], [122.88412, -4.28016], [122.88445, -4.28466], [122.88358, -4.29127], [122.88242, -4.2929], [122.88104, -4.29224], [122.8804, -4.29273], [122.87947, -4.29543], [122.8802, -4.29649], [122.88124, -4.29611], [122.88284, -4.2982], [122.88252, -4.29916], [122.88356, -4.30246], [122.88291, -4.30545], [122.88465, -4.30793], [122.88379, -4.30892], [122.88399, -4.31141], [122.88618, -4.31356], [122.88833, -4.31866], [122.89053, -4.31879], [122.89266, -4.31743], [122.89264, -4.31894], [122.89403, -4.32054], [122.8955, -4.31988], [122.89706, -4.32097], [122.89935, -4.32138], [122.90333, -4.32074], [122.90519, -4.32109], [122.90666, -4.32346], [122.90604, -4.32403], [122.90475, -4.32393], [122.90339, -4.3254], [122.90185, -4.32578], [122.90075, -4.32699], [122.89982, -4.3296], [122.89519, -4.33158], [122.89327, -4.33481], [122.89321, -4.33896], [122.89428, -4.34203], [122.89882, -4.34689], [122.89942, -4.34946], [122.89916, -4.35199], [122.89696, -4.35098], [122.8958, -4.35234], [122.89393, -4.35695], [122.89366, -4.35865], [122.8948, -4.35925], [122.89338, -4.36215], [122.89589, -4.36449], [122.89679, -4.36388], [122.89768, -4.36447], [122.89865, -4.36424], [122.89954, -4.3652], [122.90043, -4.36495], [122.90071, -4.36729], [122.89887, -4.36542], [122.89747, -4.36546], [122.89571, -4.36895], [122.8968, -4.37188], [122.89752, -4.37166], [122.89847, -4.37241], [122.90062, -4.37179], [122.90122, -4.37253], [122.90049, -4.37464], [122.90072, -4.37763], [122.90016, -4.37999], [122.89774, -4.3792], [122.8969, -4.37995], [122.89616, -4.38119], [122.89654, -4.38196], [122.89558, -4.38577], [122.89405, -4.38818], [122.89244, -4.38845], [122.89162, -4.39036], [122.89035, -4.39142], [122.89028, -4.39516], [122.89178, -4.39857], [122.88971, -4.39932], [122.8891, -4.40187], [122.88972, -4.40411], [122.88784, -4.40394], [122.887, -4.40484], [122.88555, -4.40746], [122.88531, -4.41047], [122.88308, -4.41404], [122.88207, -4.41367], [122.88043, -4.41114], [122.88084, -4.40954], [122.88027, -4.40885], [122.88042, -4.40763], [122.87785, -4.40696], [122.875, -4.4027], [122.87437, -4.39706], [122.86871, -4.38795], [122.86611, -4.38005], [122.86388, -4.37755], [122.86025, -4.37552], [122.85822, -4.37252], [122.85572, -4.35965], [122.8472, -4.3479], [122.84245, -4.33921], [122.81427, -4.30879], [122.80509, -4.29805], [122.79772, -4.28754], [122.78756, -4.27639], [122.78257, -4.2689], [122.7765, -4.25491], [122.77183, -4.25], [122.77054, -4.24767], [122.76872, -4.24626], [122.76763, -4.24359], [122.76152, -4.24186], [122.75929, -4.24053], [122.75825, -4.23707], [122.76623, -4.23434], [122.75679, -4.2092], [122.76155, -4.20253], [122.76102, -4.19971], [122.75996, -4.19855], [122.75255, -4.19551], [122.75175, -4.19568], [122.7468, -4.17648], [122.74386, -4.17975], [122.73905, -4.17884], [122.73669, -4.17586], [122.73537, -4.1677], [122.73457, -4.16588], [122.73589, -4.16181], [122.73863, -4.16108], [122.73995, -4.15955], [122.74138, -4.15367], [122.74109, -4.15197], [122.7377, -4.147], [122.73804, -4.14496], [122.73733, -4.13943], [122.73921, -4.14195], [122.74135, -4.14331], [122.74464, -4.14317], [122.74553, -4.14215], [122.74864, -4.14438], [122.74837, -4.14667], [122.75042, -4.14887], [122.74905, -4.15277], [122.75108, -4.15223], [122.75342, -4.1527], [122.75379, -4.15178], [122.75492, -4.15145], [122.75585, -4.15192], [122.75654, -4.15407], [122.75829, -4.15445], [122.76016, -4.15357], [122.76242, -4.15392], [122.76458, -4.15703], [122.76413, -4.15831], [122.76509, -4.15947], [122.76516, -4.15748], [122.76626, -4.15684], [122.76921, -4.15745], [122.76935, -4.1546], [122.7718, -4.15243], [122.77442, -4.1515], [122.77769, -4.15191], [122.77813, -4.15259], [122.77917, -4.15217], [122.78696, -4.15287], [122.7889, -4.1542], [122.79133, -4.15305], [122.7918, -4.15189], [122.79321, -4.15185], [122.79378, -4.1531], [122.79459, -4.15323], [122.79482, -4.15435], [122.79557, -4.154], [122.79616, -4.15481], [122.79674, -4.15438], [122.79716, -4.15573], [122.79794, -4.15497], [122.79834, -4.15585], [122.80033, -4.15605], [122.80123, -4.15423], [122.80355, -4.15396], [122.80388, -4.15343], [122.80344, -4.15049], [122.80578, -4.15036], [122.80643, -4.15132], [122.80753, -4.14947], [122.81072, -4.14852], [122.81051, -4.14567], [122.8115, -4.14374], [122.81107, -4.14257], [122.81033, -4.14235], [122.81064, -4.14037], [122.81218, -4.13993], [122.81219, -4.14239], [122.81328, -4.14199], [122.81379, -4.13947], [122.81549, -4.13805], [122.81624, -4.13632], [122.81752, -4.13694], [122.81556, -4.13959], [122.81562, -4.14175], [122.81617, -4.14233], [122.819, -4.14079], [122.81937, -4.14137], [122.81922, -4.14276], [122.81814, -4.14313], [122.81806, -4.14498], [122.81996, -4.14505], [122.82091, -4.14579], [122.82359, -4.14565], [122.82472, -4.14723], [122.82588, -4.14695], [122.82772, -4.14876], [122.82776, -4.15072], [122.83064, -4.15226], [122.8309, -4.15334], [122.83457, -4.15371], [122.83576, -4.15245], [122.83826, -4.15151], [122.83828, -4.15023], [122.83659, -4.14963], [122.83627, -4.14713], [122.83411, -4.14762], [122.83306, -4.1468], [122.83414, -4.14538], [122.83375, -4.14315], [122.83437, -4.14184], [122.8332, -4.1394], [122.82983, -4.13688], [122.82781, -4.1369], [122.82748, -4.13569], [122.82567, -4.13494], [122.82641, -4.13346], [122.82859, -4.13381], [122.82945, -4.13621], [122.8316, -4.13561], [122.83284, -4.13352], [122.83249, -4.13183], [122.83312, -4.13094], [122.83531, -4.13206], [122.83595, -4.13184], [122.83623, -4.12883], [122.83777, -4.12583], [122.83596, -4.12368], [122.83421, -4.12299], [122.8331, -4.12123], [122.83008, -4.12025], [122.82872, -4.12056], [122.82683, -4.12309], [122.82604, -4.12284], [122.82621, -4.11846], [122.82259, -4.1158], [122.8233, -4.11425], [122.82463, -4.11352], [122.82553, -4.11024], [122.82463, -4.10954], [122.82373, -4.10975], [122.82353, -4.10827], [122.8216, -4.10805], [122.81934, -4.10962], [122.81857, -4.10931], [122.81687, -4.11209], [122.81583, -4.11213], [122.81541, -4.11315], [122.81397, -4.11223], [122.81176, -4.11457], [122.81046, -4.11429], [122.80945, -4.11496], [122.80847, -4.11056], [122.80975, -4.10867], [122.80845, -4.10632], [122.80871, -4.10474], [122.80957, -4.10467], [122.80993, -4.10322], [122.80916, -4.10244], [122.80779, -4.10407], [122.80605, -4.10383], [122.80576, -4.10585], [122.80313, -4.10979], [122.803, -4.10826], [122.80189, -4.10647], [122.80072, -4.10649], [122.80219, -4.10467], [122.80243, -4.10208], [122.80373, -4.10077], [122.80479, -4.10102], [122.80537, -4.1004], [122.80275, -4.09634], [122.80104, -4.09802], [122.79968, -4.09603], [122.79681, -4.09526], [122.79288, -4.09728], [122.7933, -4.09546], [122.79277, -4.09478], [122.7915, -4.09704], [122.79038, -4.09628], [122.78947, -4.09713], [122.78874, -4.09524], [122.78716, -4.09492], [122.78452, -4.09745], [122.78323, -4.09505], [122.78342, -4.09338], [122.78203, -4.09343], [122.78112, -4.09141], [122.7798, -4.09271], [122.77849, -4.09262], [122.77861, -4.08977], [122.77747, -4.08914], [122.77765, -4.08839], [122.77602, -4.08793], [122.77627, -4.08721], [122.778, -4.08636], [122.77641, -4.08581], [122.77838, -4.08454], [122.7775, -4.0819], [122.77632, -4.08107], [122.77446, -4.08153], [122.77391, -4.08027], [122.77319, -4.08102], [122.77245, -4.0801], [122.77302, -4.07765], [122.77192, -4.07809], [122.7703, -4.07744], [122.77124, -4.07597], [122.77041, -4.076], [122.77026, -4.07521], [122.76905, -4.0753], [122.76904, -4.0746], [122.7703, -4.07417], [122.77015, -4.07259], [122.77144, -4.07191], [122.77054, -4.07005], [122.76766, -4.06843], [122.7666, -4.06909], [122.76403, -4.06806], [122.76245, -4.06581], [122.76421, -4.0608], [122.7672, -4.05747], [122.77232, -4.05706], [122.77707, -4.05773], [122.78245, -4.06126], [122.78547, -4.06033], [122.78866, -4.06204], [122.7913, -4.06213], [122.79227, -4.062], [122.79355, -4.06038], [122.7957, -4.05908], [122.79719, -4.0567], [122.79991, -4.05763], [122.80193, -4.06037], [122.81332, -4.063], [122.81653, -4.06072], [122.81787, -4.06063], [122.81922, -4.0587], [122.82037, -4.05946], [122.82342, -4.05952], [122.82405, -4.06044], [122.82537, -4.06056], [122.82591, -4.05939], [122.82757, -4.05956], [122.82952, -4.05879], [122.83077, -4.05669], [122.83482, -4.05606], [122.83835, -4.05916], [122.83949, -4.05927], [122.84387, -4.06211], [122.84872, -4.06641], [122.85112, -4.06741], [122.85293, -4.06979], [122.85436, -4.07049], [122.85535, -4.07443], [122.8575, -4.07596], [122.8583, -4.07761], [122.85835, -4.07974], [122.8596, -4.08258], [122.85993, -4.08885], [122.86072, -4.08887], [122.86407, -4.09361], [122.86627, -4.09492], [122.86764, -4.0967], [122.87309, -4.0997], [122.87339, -4.10311], [122.87417, -4.1047], [122.87373, -4.10643], [122.8743, -4.11003], [122.87628, -4.11099], [122.87725, -4.11263], [122.87628, -4.11437], [122.87649, -4.11676], [122.87741, -4.1176], [122.88052, -4.11792], [122.88254, -4.12201], [122.88628, -4.12271], [122.88684, -4.12507], [122.88852, -4.12712], [122.88806, -4.12817], [122.88861, -4.13067], [122.88791, -4.13138], [122.8865, -4.13146], [122.88578, -4.13246], [122.88981, -4.13706], [122.89153, -4.14187], [122.89141, -4.14344], [122.88931, -4.14495], [122.89065, -4.15336], [122.89026, -4.15502], [122.89082, -4.15975], [122.89242, -4.16045], [122.89242, -4.16253], [122.89354, -4.16445], [122.89175, -4.16954], [122.89187, -4.17251], [122.89377, -4.17581], [122.89264, -4.17736], [122.89579, -4.18407], [122.89717, -4.1855], [122.90091, -4.19482], [122.89746, -4.20101], [122.89842, -4.20433], [122.89607, -4.20458], [122.89742, -4.20537], [122.897, -4.20678], [122.89521, -4.20613], [122.89365, -4.20664], [122.89299, -4.20763], [122.89377, -4.21649]]], [[[122.89881, -4.14827], [122.89989, -4.14941], [122.89974, -4.15504], [122.90067, -4.15569], [122.90014, -4.15666], [122.90133, -4.15926], [122.90077, -4.15951], [122.89809, -4.15824], [122.8984, -4.15746], [122.8976, -4.15654], [122.89524, -4.14747], [122.89674, -4.14697], [122.89881, -4.14827]]], [[[122.90351, -4.17622], [122.9056, -4.17642], [122.90743, -4.17842], [122.90839, -4.18258], [122.90728, -4.18627], [122.90617, -4.18572], [122.90411, -4.18222], [122.90243, -4.17589], [122.90351, -4.17622]]], [[[122.89543, -4.14606], [122.89427, -4.14508], [122.89495, -4.14157], [122.89609, -4.14206], [122.89696, -4.14417], [122.89684, -4.14575], [122.89543, -4.14606]]], [[[122.81549, -4.1355], [122.81464, -4.13569], [122.81448, -4.13512], [122.81384, -4.13534], [122.81241, -4.13446], [122.81302, -4.13176], [122.81478, -4.1329], [122.81549, -4.1355]]], [[[122.79678, -4.10054], [122.79534, -4.10333], [122.79381, -4.10258], [122.79488, -4.10009], [122.79636, -4.09937], [122.79699, -4.09964], [122.79678, -4.10054]]]]}}, {"type": "Feature", "properties": {"domain_id": "741401", "name": "LAKUDO"}, "geometry": {"type": "Polygon", "coordinates": [[[122.53051, -5.43998], [122.52757, -5.44017], [122.52431, -5.43849], [122.52069, -5.43813], [122.5199, -5.43727], [122.5189, -5.43366], [122.51942, -5.43082], [122.51866, -5.42655], [122.52046, -5.4209], [122.51509, -5.41208], [122.51251, -5.4063], [122.51346, -5.40547], [122.51446, -5.4027], [122.51633, -5.40205], [122.51846, -5.4003], [122.52156, -5.40049], [122.52246, -5.39924], [122.52384, -5.39864], [122.52465, -5.39673], [122.52504, -5.394], [122.52431, -5.38984], [122.52449, -5.38501], [122.52649, -5.37756], [122.52644, -5.37401], [122.52884, -5.36765], [122.53079, -5.36461], [122.5328, -5.35279], [122.53386, -5.35062], [122.53467, -5.34632], [122.53443, -5.34427], [122.53527, -5.34319], [122.53536, -5.34162], [122.5374, -5.34003], [122.53954, -5.33164], [122.5384, -5.32458], [122.53598, -5.32265], [122.53433, -5.32218], [122.53269, -5.32049], [122.52434, -5.31624], [122.5219, -5.31592], [122.52118, -5.3167], [122.52086, -5.31582], [122.52178, -5.31482], [122.5219, -5.31298], [122.52042, -5.31122], [122.52176, -5.30919], [122.52492, -5.30093], [122.52399, -5.29897], [122.52452, -5.29602], [122.52389, -5.29494], [122.52551, -5.29187], [122.52712, -5.2903], [122.527, -5.28845], [122.52846, -5.28561], [122.5301, -5.28447], [122.5309, -5.28285], [122.53156, -5.28302], [122.52997, -5.2798], [122.53055, -5.27771], [122.53371, -5.27446], [122.53451, -5.27502], [122.53506, -5.27356], [122.53718, -5.27388], [122.53758, -5.27228], [122.53846, -5.27204], [122.53843, -5.2695], [122.53937, -5.26876], [122.54058, -5.26881], [122.54059, -5.26803], [122.53946, -5.26808], [122.54143, -5.26743], [122.54088, -5.26546], [122.5423, -5.26298], [122.54034, -5.26284], [122.53947, -5.26163], [122.53986, -5.26062], [122.53422, -5.26243], [122.53316, -5.2648], [122.53251, -5.2644], [122.52773, -5.26775], [122.52426, -5.27172], [122.52336, -5.27504], [122.52382, -5.27577], [122.52469, -5.27516], [122.52575, -5.27545], [122.52426, -5.27653], [122.52319, -5.27867], [122.51879, -5.27949], [122.51166, -5.28401], [122.51104, -5.2878], [122.50058, -5.28961], [122.49981, -5.29053], [122.49218, -5.29355], [122.49225, -5.29409], [122.49168, -5.29362], [122.48257, -5.29793], [122.4795, -5.30017], [122.47519, -5.30042], [122.47356, -5.29893], [122.46718, -5.28749], [122.45656, -5.27486], [122.44473, -5.25666], [122.43678, -5.23389], [122.4359, -5.22661], [122.44972, -5.23459], [122.46021, -5.23387], [122.47156, -5.22945], [122.47999, -5.22431], [122.49755, -5.2151], [122.50076, -5.2126], [122.50441, -5.2085], [122.50701, -5.21047], [122.50939, -5.21389], [122.5133, -5.21613], [122.51595, -5.21657], [122.52364, -5.21997], [122.52726, -5.22357], [122.5401, -5.24412], [122.54531, -5.24879], [122.54552, -5.25775], [122.54695, -5.26128], [122.55096, -5.26333], [122.55, -5.26617], [122.55232, -5.26944], [122.55814, -5.27378], [122.56117, -5.27444], [122.56447, -5.27638], [122.56962, -5.28094], [122.57366, -5.28204], [122.57769, -5.28493], [122.5815, -5.28648], [122.5866, -5.28756], [122.58957, -5.28946], [122.59372, -5.28988], [122.59911, -5.29209], [122.60257, -5.29532], [122.60559, -5.29956], [122.60963, -5.30233], [122.61011, -5.30709], [122.6094, -5.31448], [122.60961, -5.31963], [122.609, -5.33261], [122.60809, -5.3353], [122.60537, -5.34069], [122.60244, -5.34339], [122.60097, -5.34586], [122.59579, -5.3489], [122.59084, -5.35307], [122.59195, -5.35642], [122.59657, -5.36121], [122.5945, -5.36461], [122.59254, -5.37243], [122.59347, -5.39173], [122.5967, -5.39807], [122.60221, -5.40241], [122.60313, -5.40525], [122.60342, -5.40794], [122.60276, -5.40706], [122.60222, -5.40768], [122.60114, -5.40757], [122.60107, -5.40886], [122.60034, -5.40892], [122.59966, -5.4104], [122.59963, -5.41259], [122.59775, -5.41391], [122.59713, -5.41642], [122.59424, -5.4151], [122.59369, -5.41559], [122.5943, -5.42201], [122.5949, -5.42235], [122.59516, -5.42427], [122.59751, -5.42652], [122.60002, -5.42607], [122.60007, -5.42771], [122.59543, -5.43398], [122.59298, -5.4351], [122.59079, -5.43502], [122.58793, -5.43205], [122.58796, -5.43049], [122.58338, -5.42441], [122.5762, -5.4169], [122.57454, -5.41606], [122.57456, -5.4152], [122.5722, -5.41348], [122.57083, -5.41362], [122.57056, -5.41204], [122.56621, -5.41116], [122.56399, -5.41344], [122.5636, -5.41497], [122.56296, -5.41461], [122.5614, -5.41614], [122.55996, -5.41887], [122.5597, -5.42095], [122.55927, -5.41993], [122.55816, -5.41987], [122.55607, -5.42162], [122.55564, -5.42324], [122.55612, -5.42497], [122.55495, -5.4261], [122.55197, -5.43315], [122.55193, -5.43451], [122.54854, -5.43629], [122.54867, -5.43739], [122.54763, -5.43823], [122.54759, -5.4395], [122.54362, -5.44122], [122.5378, -5.44109], [122.53245, -5.43918], [122.53051, -5.43998]]]}}, {"type": "Feature", "properties": {"domain_id": "741301", "name": "SAWERIGADI"}, "geometry": {"type": "Polygon", "coordinates": [[[122.46682, -4.86373], [122.44921, -4.86476], [122.44658, -4.86636], [122.44539, -4.86334], [122.44311, -4.86112], [122.44077, -4.86035], [122.43904, -4.86118], [122.4355, -4.86097], [122.43353, -4.86166], [122.43028, -4.86126], [122.42853, -4.86232], [122.42986, -4.86052], [122.42261, -4.85597], [122.42231, -4.84873], [122.42172, -4.84851], [122.42468, -4.84584], [122.44001, -4.83696], [122.44549, -4.83497], [122.44827, -4.83504], [122.4554, -4.83031], [122.45711, -4.83038], [122.45776, -4.82757], [122.4591, -4.82753], [122.46055, -4.82605], [122.4612, -4.8232], [122.4679, -4.8182], [122.46899, -4.81676], [122.4708, -4.81213], [122.47827, -4.80193], [122.4807, -4.80022], [122.48133, -4.79817], [122.48095, -4.7971], [122.47924, -4.79678], [122.47842, -4.79542], [122.47816, -4.7936], [122.4793, -4.78755], [122.47847, -4.78651], [122.47536, -4.78549], [122.47293, -4.78305], [122.47058, -4.78226], [122.46631, -4.78274], [122.46531, -4.78176], [122.46544, -4.78008], [122.46659, -4.77895], [122.46535, -4.77548], [122.46557, -4.77395], [122.46493, -4.77326], [122.46554, -4.77188], [122.46172, -4.77183], [122.46187, -4.76938], [122.45971, -4.76714], [122.46439, -4.76279], [122.46139, -4.75801], [122.45958, -4.75701], [122.45956, -4.7558], [122.45171, -4.75072], [122.45054, -4.74946], [122.44961, -4.7459], [122.44529, -4.74432], [122.44457, -4.74391], [122.44469, -4.74333], [122.44856, -4.74213], [122.44949, -4.74342], [122.44911, -4.74185], [122.44995, -4.74135], [122.45616, -4.74366], [122.45956, -4.74404], [122.46237, -4.74317], [122.46396, -4.74197], [122.46748, -4.7415], [122.46754, -4.73922], [122.4709, -4.7395], [122.47284, -4.73802], [122.47542, -4.7378], [122.47556, -4.73708], [122.47645, -4.73788], [122.47603, -4.74196], [122.47805, -4.7454], [122.47792, -4.74776], [122.48102, -4.74821], [122.4824, -4.75118], [122.48418, -4.75119], [122.48603, -4.75516], [122.48477, -4.75768], [122.48579, -4.76106], [122.49116, -4.76301], [122.49308, -4.76783], [122.49436, -4.76939], [122.49573, -4.76804], [122.5, -4.76624], [122.50246, -4.76621], [122.50476, -4.76525], [122.51973, -4.75579], [122.52181, -4.7562], [122.5285, -4.75974], [122.53082, -4.76001], [122.5323, -4.76203], [122.53669, -4.76275], [122.53963, -4.76093], [122.54138, -4.76107], [122.54572, -4.76471], [122.55054, -4.76478], [122.55253, -4.7688], [122.55637, -4.7698], [122.55908, -4.77178], [122.56484, -4.77365], [122.56916, -4.77786], [122.58483, -4.78142], [122.58208, -4.78649], [122.56566, -4.8062], [122.5656, -4.80827], [122.56854, -4.80919], [122.57193, -4.81274], [122.57463, -4.8225], [122.56938, -4.8215], [122.56747, -4.81791], [122.55765, -4.80992], [122.55358, -4.80873], [122.55129, -4.80704], [122.54769, -4.80741], [122.54722, -4.806], [122.54351, -4.80292], [122.54352, -4.80512], [122.54188, -4.80552], [122.5361, -4.80321], [122.53118, -4.80253], [122.5181, -4.79632], [122.51433, -4.79383], [122.50942, -4.7923], [122.50797, -4.81146], [122.5084, -4.8221], [122.50918, -4.82388], [122.51165, -4.82592], [122.51662, -4.83187], [122.51736, -4.83552], [122.52155, -4.83533], [122.52239, -4.83606], [122.522, -4.84104], [122.52021, -4.84734], [122.51848, -4.84852], [122.51817, -4.85022], [122.5163, -4.85083], [122.50721, -4.84878], [122.5067, -4.84939], [122.5053, -4.84924], [122.50141, -4.84722], [122.50081, -4.84852], [122.49767, -4.84774], [122.49706, -4.85055], [122.49496, -4.85048], [122.49176, -4.85151], [122.49065, -4.84876], [122.48997, -4.84857], [122.48892, -4.84998], [122.49012, -4.85074], [122.48969, -4.85219], [122.48814, -4.8521], [122.48748, -4.85299], [122.4881, -4.85491], [122.48776, -4.8577], [122.48468, -4.85831], [122.48193, -4.86077], [122.48193, -4.86305], [122.48116, -4.86388], [122.47847, -4.8649], [122.46682, -4.86373]]]}}, {"type": "Feature", "properties": {"domain_id": "740518", "name": "WOLASI"}, "geometry": {"type": "Polygon", "coordinates": [[[122.52379, -4.25244], [122.52278, -4.25253], [122.52241, -4.25126], [122.52168, -4.25093], [122.52106, -4.25115], [122.52106, -4.25212], [122.51893, -4.25236], [122.52054, -4.25384], [122.52071, -4.25492], [122.51986, -4.25625], [122.52129, -4.2585], [122.51793, -4.25782], [122.51749, -4.25601], [122.51669, -4.25578], [122.51562, -4.25716], [122.51314, -4.25606], [122.51324, -4.25754], [122.51419, -4.25821], [122.51394, -4.25878], [122.50827, -4.25871], [122.50746, -4.25628], [122.50692, -4.25617], [122.50581, -4.25654], [122.50395, -4.25875], [122.50544, -4.26079], [122.50524, -4.26137], [122.50439, -4.26072], [122.50142, -4.26064], [122.49848, -4.25814], [122.49212, -4.25945], [122.49112, -4.25811], [122.4923, -4.25761], [122.49223, -4.25619], [122.49045, -4.25463], [122.49123, -4.25396], [122.49106, -4.25248], [122.48796, -4.25088], [122.48753, -4.25184], [122.48538, -4.25042], [122.48443, -4.25057], [122.48408, -4.24835], [122.48202, -4.24706], [122.48054, -4.24729], [122.48098, -4.25064], [122.47906, -4.25115], [122.47839, -4.25213], [122.47703, -4.25083], [122.47566, -4.2516], [122.47533, -4.25084], [122.47393, -4.25086], [122.47328, -4.24941], [122.47203, -4.24906], [122.47182, -4.24747], [122.47064, -4.24795], [122.47004, -4.24737], [122.4697, -4.24494], [122.46871, -4.24596], [122.46795, -4.24462], [122.46745, -4.2463], [122.46576, -4.24759], [122.46076, -4.24753], [122.45623, -4.24898], [122.45418, -4.24859], [122.4502, -4.25025], [122.44543, -4.24545], [122.44278, -4.24012], [122.44173, -4.23373], [122.43802, -4.22733], [122.43218, -4.21934], [122.42742, -4.20655], [122.41841, -4.19642], [122.41151, -4.19162], [122.37969, -4.17721], [122.37257, -4.17017], [122.36647, -4.15905], [122.3745, -4.15055], [122.38991, -4.13617], [122.39404, -4.14206], [122.40836, -4.1474], [122.41579, -4.15167], [122.42321, -4.15753], [122.43488, -4.16127], [122.44284, -4.16288], [122.44708, -4.16181], [122.45186, -4.15489], [122.45498, -4.15255], [122.46176, -4.1501], [122.46566, -4.15011], [122.47044, -4.14638], [122.47734, -4.14692], [122.48139, -4.14814], [122.48711, -4.14528], [122.49272, -4.14503], [122.50329, -4.1465], [122.51272, -4.14922], [122.52946, -4.1587], [122.53609, -4.16178], [122.53781, -4.17199], [122.53832, -4.19597], [122.54096, -4.2306], [122.53871, -4.23883], [122.53753, -4.239], [122.53744, -4.24173], [122.53638, -4.24286], [122.53656, -4.24286], [122.53674, -4.2432], [122.53591, -4.243], [122.53652, -4.24443], [122.53595, -4.24595], [122.53543, -4.2465], [122.53439, -4.2458], [122.53359, -4.24647], [122.53441, -4.24802], [122.53296, -4.24791], [122.53312, -4.24881], [122.529, -4.2515], [122.52701, -4.25427], [122.52493, -4.25431], [122.52469, -4.25289], [122.52379, -4.25244]], [[122.49382, -4.20488], [122.49506, -4.20647], [122.50791, -4.20757], [122.52158, -4.21035], [122.52409, -4.19861], [122.49805, -4.19549], [122.49548, -4.19468], [122.49443, -4.19528], [122.49378, -4.1967], [122.49387, -4.19736], [122.49562, -4.19833], [122.49604, -4.20152], [122.49444, -4.20308], [122.49382, -4.20488]]]}}, {"type": "Feature", "properties": {"domain_id": "740913", "name": "LANDAWE"}, "geometry": {"type": "Polygon", "coordinates": [[[122.13249, -3.31319], [122.13144, -3.31358], [122.13003, -3.31302], [122.12905, -3.31416], [122.12966, -3.31803], [122.12574, -3.31843], [122.12621, -3.31985], [122.12908, -3.3212], [122.12858, -3.32676], [122.13031, -3.32677], [122.13269, -3.32554], [122.13202, -3.32729], [122.12897, -3.32965], [122.13086, -3.33033], [122.13477, -3.32883], [122.13754, -3.32849], [122.13889, -3.32869], [122.13944, -3.32956], [122.13447, -3.3343], [122.12922, -3.33731], [122.12664, -3.34246], [122.12266, -3.34203], [122.11904, -3.35201], [122.11731, -3.35284], [122.11054, -3.3526], [122.10814, -3.35142], [122.1042, -3.34792], [122.0994, -3.3466], [122.09808, -3.34733], [122.09688, -3.34946], [122.09579, -3.35015], [122.09178, -3.34977], [122.09052, -3.35025], [122.09032, -3.35151], [122.09254, -3.35511], [122.09086, -3.35662], [122.08802, -3.35668], [122.08829, -3.3511], [122.08536, -3.34706], [122.08188, -3.34695], [122.08051, -3.34876], [122.07735, -3.35004], [122.0762, -3.34919], [122.07719, -3.3405], [122.07662, -3.33843], [122.07269, -3.33714], [122.07234, -3.3355], [122.07469, -3.33307], [122.07483, -3.33157], [122.07683, -3.33015], [122.07522, -3.32614], [122.07533, -3.32429], [122.06052, -3.31222], [122.04999, -3.30514], [122.04239, -3.29813], [122.05555, -3.29334], [122.0608, -3.29506], [122.06389, -3.29525], [122.07207, -3.29308], [122.07966, -3.28975], [122.08724, -3.28825], [122.09203, -3.2861], [122.09606, -3.28598], [122.1031, -3.28134], [122.10901, -3.28111], [122.1047, -3.27635], [122.10208, -3.2753], [122.10208, -3.27421], [122.10551, -3.27093], [122.10837, -3.26978], [122.11617, -3.26298], [122.12024, -3.25824], [122.12045, -3.2591], [122.12161, -3.25851], [122.1242, -3.26097], [122.12493, -3.26274], [122.1428, -3.26408], [122.14232, -3.26354], [122.14294, -3.26269], [122.14432, -3.26351], [122.14544, -3.26306], [122.14536, -3.26192], [122.14729, -3.26262], [122.14854, -3.26215], [122.14917, -3.26106], [122.15087, -3.26068], [122.15223, -3.25597], [122.15042, -3.24591], [122.15259, -3.24388], [122.15573, -3.24506], [122.15908, -3.24536], [122.15868, -3.24403], [122.16629, -3.24404], [122.17165, -3.24068], [122.17265, -3.23881], [122.1708, -3.2392], [122.16882, -3.2384], [122.16663, -3.23494], [122.16422, -3.23294], [122.16315, -3.23023], [122.16586, -3.22978], [122.16898, -3.22727], [122.17239, -3.22851], [122.18034, -3.22884], [122.18629, -3.2306], [122.19222, -3.22897], [122.1948, -3.22642], [122.2012, -3.22588], [122.20553, -3.22003], [122.21767, -3.21265], [122.21942, -3.20839], [122.22418, -3.20531], [122.22836, -3.20615], [122.23135, -3.20509], [122.24416, -3.20673], [122.25534, -3.2071], [122.25846, -3.20589], [122.25935, -3.20456], [122.26352, -3.20188], [122.26905, -3.2015], [122.27207, -3.20305], [122.27321, -3.20282], [122.27419, -3.20437], [122.27566, -3.20478], [122.27727, -3.20403], [122.27897, -3.20413], [122.28312, -3.20145], [122.28441, -3.20262], [122.28405, -3.2047], [122.28462, -3.20531], [122.28451, -3.20707], [122.28621, -3.2068], [122.29247, -3.19906], [122.30143, -3.19708], [122.30934, -3.19276], [122.31254, -3.19283], [122.31449, -3.19579], [122.31639, -3.20323], [122.31204, -3.20661], [122.30157, -3.21154], [122.30555, -3.21777], [122.31268, -3.21755], [122.3133, -3.2211], [122.31019, -3.22227], [122.30856, -3.22476], [122.3046, -3.22741], [122.29567, -3.22616], [122.29172, -3.22836], [122.28713, -3.22789], [122.28625, -3.22844], [122.28188, -3.22627], [122.27973, -3.22595], [122.27833, -3.22795], [122.27866, -3.22908], [122.27784, -3.23243], [122.27644, -3.23286], [122.27605, -3.23483], [122.2751, -3.23493], [122.27349, -3.23644], [122.27577, -3.2405], [122.27814, -3.24019], [122.27682, -3.24163], [122.2776, -3.24351], [122.27513, -3.24477], [122.27744, -3.2512], [122.27625, -3.25124], [122.27494, -3.25235], [122.27427, -3.25476], [122.27506, -3.25595], [122.27449, -3.25756], [122.27228, -3.25725], [122.27196, -3.25788], [122.27262, -3.25969], [122.27086, -3.25915], [122.26997, -3.25978], [122.26928, -3.26132], [122.27038, -3.26347], [122.2681, -3.26549], [122.26635, -3.26546], [122.26527, -3.2667], [122.25965, -3.26866], [122.25709, -3.2688], [122.25744, -3.27148], [122.25504, -3.27056], [122.25558, -3.27291], [122.25481, -3.2741], [122.25286, -3.2736], [122.24988, -3.27672], [122.24868, -3.27456], [122.24749, -3.27439], [122.24667, -3.27844], [122.24503, -3.2778], [122.24353, -3.2757], [122.24208, -3.27943], [122.24112, -3.27865], [122.23941, -3.27856], [122.23735, -3.27703], [122.23423, -3.27774], [122.23478, -3.2761], [122.23299, -3.27634], [122.23159, -3.27553], [122.2283, -3.27775], [122.22712, -3.27929], [122.22484, -3.27975], [122.22258, -3.27896], [122.22232, -3.28003], [122.2235, -3.28317], [122.22251, -3.2833], [122.2218, -3.28574], [122.21796, -3.28748], [122.21712, -3.28674], [122.21615, -3.28866], [122.21288, -3.28787], [122.21102, -3.29036], [122.21116, -3.29144], [122.21036, -3.29127], [122.20939, -3.28988], [122.20738, -3.29178], [122.20456, -3.29061], [122.20465, -3.29271], [122.20223, -3.2914], [122.20079, -3.29226], [122.19949, -3.2899], [122.19711, -3.29019], [122.19607, -3.29126], [122.19497, -3.29081], [122.19424, -3.29122], [122.19337, -3.29355], [122.19374, -3.29521], [122.18897, -3.29501], [122.18715, -3.29956], [122.18421, -3.30079], [122.18342, -3.30354], [122.1819, -3.30391], [122.18096, -3.30535], [122.17894, -3.30594], [122.17641, -3.30432], [122.17308, -3.30529], [122.16949, -3.30495], [122.16742, -3.30749], [122.16759, -3.31061], [122.16699, -3.31116], [122.16506, -3.31097], [122.16404, -3.31173], [122.16418, -3.31486], [122.15979, -3.31409], [122.15711, -3.31295], [122.15593, -3.31325], [122.15367, -3.31485], [122.15104, -3.31928], [122.15011, -3.31971], [122.14263, -3.31705], [122.14143, -3.31265], [122.14058, -3.3124], [122.13563, -3.31442], [122.13405, -3.3158], [122.13347, -3.31539], [122.13345, -3.31315], [122.13249, -3.31319]]]}}, {"type": "Feature", "properties": {"domain_id": "740505", "name": "LANDONO"}, "geometry": {"type": "Polygon", "coordinates": [[[122.25403, -4.08416], [122.25465, -4.05564], [122.25865, -4.05305], [122.26134, -4.04993], [122.26034, -4.04777], [122.25852, -4.04585], [122.26221, -4.03429], [122.2632, -4.03303], [122.23282, -4.00659], [122.23267, -4.00485], [122.23093, -4.00443], [122.22697, -4.00511], [122.22604, -4.00395], [122.22699, -4.00276], [122.23208, -4.00266], [122.2339, -4.00111], [122.23487, -4.00125], [122.23581, -4.0032], [122.23432, -4.00542], [122.2376, -4.00521], [122.23775, -4.0063], [122.23654, -4.00785], [122.23707, -4.0086], [122.23995, -4.0075], [122.23864, -4.00364], [122.23951, -4.00367], [122.24191, -4.00612], [122.24343, -4.00612], [122.24484, -4.00513], [122.27289, -4.0245], [122.2699, -4.02931], [122.27239, -4.03162], [122.27202, -4.0324], [122.27268, -4.03304], [122.2719, -4.03439], [122.28337, -4.04155], [122.29011, -4.04937], [122.29673, -4.04107], [122.30379, -4.04607], [122.30467, -4.04497], [122.31659, -4.05511], [122.33455, -4.05711], [122.3342, -4.05898], [122.33484, -4.06072], [122.33792, -4.06445], [122.33893, -4.06754], [122.3388, -4.06998], [122.33982, -4.07281], [122.34058, -4.08205], [122.34134, -4.08436], [122.34144, -4.0912], [122.34364, -4.1037], [122.3582, -4.1511], [122.36443, -4.1612], [122.35258, -4.16012], [122.33712, -4.16364], [122.33901, -4.16741], [122.33706, -4.17073], [122.33671, -4.17348], [122.33466, -4.17417], [122.33328, -4.17692], [122.3327, -4.18249], [122.30448, -4.18102], [122.30456, -4.17459], [122.30146, -4.16944], [122.30212, -4.16932], [122.28485, -4.12573], [122.26328, -4.12649], [122.25698, -4.11563], [122.25433, -4.1156], [122.25259, -4.10577], [122.25379, -4.09511], [122.25403, -4.08416]]]}}, {"type": "Feature", "properties": {"domain_id": "740520", "name": "BAITO"}, "geometry": {"type": "Polygon", "coordinates": [[[122.36941, -4.30113], [122.37046, -4.30301], [122.36989, -4.30608], [122.36832, -4.30784], [122.36776, -4.31094], [122.36567, -4.31115], [122.36321, -4.31252], [122.36115, -4.31249], [122.35931, -4.31551], [122.3582, -4.31605], [122.3582, -4.32128], [122.35002, -4.31902], [122.33638, -4.31742], [122.30901, -4.31739], [122.31068, -4.31387], [122.30825, -4.31062], [122.30679, -4.3092], [122.29957, -4.30518], [122.29766, -4.30136], [122.296, -4.30077], [122.29326, -4.29753], [122.29001, -4.29598], [122.28793, -4.29575], [122.28681, -4.29433], [122.28191, -4.2948], [122.27964, -4.30074], [122.27767, -4.30206], [122.27427, -4.30224], [122.27315, -4.30368], [122.27002, -4.30366], [122.26999, -4.30285], [122.26832, -4.30173], [122.26802, -4.30028], [122.26641, -4.29962], [122.26504, -4.29955], [122.26342, -4.30062], [122.26318, -4.30007], [122.26116, -4.30008], [122.25996, -4.29932], [122.25997, -4.29097], [122.26405, -4.29142], [122.2633, -4.29053], [122.2613, -4.29003], [122.26072, -4.28772], [122.26415, -4.28793], [122.26449, -4.28715], [122.26544, -4.28749], [122.26812, -4.28471], [122.269, -4.28523], [122.2688, -4.28383], [122.26972, -4.28291], [122.26657, -4.27896], [122.27045, -4.27355], [122.27498, -4.26541], [122.27834, -4.26407], [122.2774, -4.26272], [122.27785, -4.26043], [122.27631, -4.26024], [122.27666, -4.25886], [122.27577, -4.25669], [122.27618, -4.2561], [122.27691, -4.25671], [122.27726, -4.25636], [122.27648, -4.25516], [122.27697, -4.25368], [122.27654, -4.2531], [122.27525, -4.2531], [122.27658, -4.25224], [122.27505, -4.25], [122.27473, -4.24746], [122.27577, -4.2456], [122.27824, -4.24588], [122.2784, -4.24253], [122.28109, -4.23968], [122.28061, -4.23826], [122.27897, -4.23754], [122.28067, -4.23531], [122.28128, -4.22648], [122.28098, -4.22273], [122.27996, -4.22138], [122.27959, -4.21815], [122.27845, -4.21712], [122.2771, -4.20953], [122.27754, -4.20852], [122.27643, -4.20737], [122.27736, -4.207], [122.27778, -4.2054], [122.27698, -4.2042], [122.27775, -4.1983], [122.27584, -4.19553], [122.27587, -4.19374], [122.27535, -4.1933], [122.28032, -4.19134], [122.28283, -4.18841], [122.28473, -4.18466], [122.28915, -4.18413], [122.28997, -4.18279], [122.29218, -4.18238], [122.2935, -4.18045], [122.3327, -4.18249], [122.33328, -4.17692], [122.33466, -4.17417], [122.33671, -4.17348], [122.33706, -4.17073], [122.33901, -4.16741], [122.33712, -4.16364], [122.35258, -4.16012], [122.36438, -4.16126], [122.36647, -4.15905], [122.37257, -4.17017], [122.37969, -4.17721], [122.41151, -4.19162], [122.41841, -4.19642], [122.42384, -4.20253], [122.42296, -4.2039], [122.4239, -4.20493], [122.42372, -4.20594], [122.4207, -4.20738], [122.40897, -4.22129], [122.40061, -4.2332], [122.39644, -4.24157], [122.37995, -4.24466], [122.36984, -4.24994], [122.35718, -4.26826], [122.35644, -4.27285], [122.35566, -4.2736], [122.35761, -4.2738], [122.35852, -4.27548], [122.35928, -4.27436], [122.35954, -4.27514], [122.3612, -4.27581], [122.36142, -4.27633], [122.3604, -4.27766], [122.36125, -4.27931], [122.36287, -4.27969], [122.36225, -4.28204], [122.36363, -4.2838], [122.36508, -4.2839], [122.36485, -4.28476], [122.36589, -4.28483], [122.36458, -4.28706], [122.36404, -4.2903], [122.36537, -4.29097], [122.36506, -4.29266], [122.36737, -4.29437], [122.36642, -4.29542], [122.36653, -4.29634], [122.36887, -4.2958], [122.37006, -4.29701], [122.37027, -4.2986], [122.36941, -4.30113]]]}}, {"type": "Feature", "properties": {"domain_id": "740903", "name": "LANGGIKIMA"}, "geometry": {"type": "Polygon", "coordinates": [[[122.27444, -3.35492], [122.27201, -3.35875], [122.26874, -3.36677], [122.26742, -3.37307], [122.26646, -3.375], [122.26202, -3.37605], [122.26035, -3.38046], [122.25836, -3.38252], [122.25737, -3.38083], [122.25397, -3.38065], [122.24959, -3.38217], [122.24779, -3.38349], [122.24509, -3.38368], [122.23882, -3.3798], [122.23447, -3.3784], [122.23174, -3.376], [122.22834, -3.37505], [122.22409, -3.37183], [122.21528, -3.37252], [122.21277, -3.37218], [122.21094, -3.37118], [122.20832, -3.37116], [122.20595, -3.36982], [122.20507, -3.36825], [122.20524, -3.36637], [122.2021, -3.36184], [122.20278, -3.35469], [122.20224, -3.35277], [122.2012, -3.35169], [122.19486, -3.35205], [122.18495, -3.35621], [122.18261, -3.35564], [122.18, -3.35376], [122.17702, -3.34949], [122.17659, -3.34632], [122.17667, -3.34355], [122.17828, -3.33839], [122.1791, -3.33748], [122.17937, -3.33525], [122.17759, -3.33371], [122.16519, -3.33418], [122.16438, -3.3305], [122.16093, -3.32545], [122.16079, -3.32113], [122.1595, -3.31886], [122.1605, -3.31626], [122.16697, -3.3145], [122.16966, -3.31289], [122.17282, -3.31415], [122.17532, -3.31298], [122.18079, -3.31377], [122.18139, -3.31241], [122.1837, -3.31179], [122.18493, -3.31072], [122.18762, -3.31208], [122.1884, -3.3141], [122.18875, -3.31138], [122.18819, -3.31075], [122.18592, -3.3101], [122.18435, -3.30814], [122.18126, -3.30811], [122.1803, -3.30659], [122.17881, -3.30591], [122.18007, -3.30588], [122.1819, -3.30391], [122.18342, -3.30354], [122.18397, -3.30103], [122.18715, -3.29956], [122.18819, -3.29608], [122.18921, -3.29483], [122.19231, -3.29552], [122.19374, -3.29521], [122.19334, -3.29367], [122.19462, -3.29098], [122.19607, -3.29126], [122.19711, -3.29019], [122.19949, -3.2899], [122.20079, -3.29226], [122.20223, -3.2914], [122.20465, -3.29271], [122.20456, -3.29061], [122.20738, -3.29178], [122.20922, -3.28987], [122.21036, -3.29127], [122.21126, -3.29141], [122.21102, -3.29036], [122.21288, -3.28787], [122.21615, -3.28866], [122.21712, -3.28674], [122.21796, -3.28748], [122.2218, -3.28574], [122.22251, -3.2833], [122.2235, -3.28317], [122.22232, -3.28003], [122.22258, -3.27896], [122.22484, -3.27975], [122.22712, -3.27929], [122.2283, -3.27775], [122.23159, -3.27553], [122.23299, -3.27634], [122.23478, -3.2761], [122.23423, -3.27774], [122.23735, -3.27703], [122.23941, -3.27856], [122.24112, -3.27865], [122.24196, -3.27943], [122.24359, -3.2757], [122.24503, -3.2778], [122.24682, -3.27841], [122.24749, -3.27439], [122.24868, -3.27456], [122.24997, -3.2767], [122.25286, -3.2736], [122.25444, -3.2742], [122.25518, -3.27381], [122.25558, -3.27269], [122.25504, -3.27056], [122.25744, -3.27148], [122.25709, -3.2688], [122.25965, -3.26866], [122.26527, -3.2667], [122.26635, -3.26546], [122.2681, -3.26549], [122.27038, -3.26347], [122.26928, -3.26132], [122.26992, -3.25985], [122.27086, -3.25915], [122.27262, -3.25969], [122.27196, -3.25788], [122.27228, -3.25725], [122.27446, -3.2576], [122.27506, -3.25595], [122.27427, -3.25476], [122.27494, -3.25235], [122.27625, -3.25124], [122.27741, -3.25134], [122.27512, -3.24485], [122.2776, -3.24351], [122.27682, -3.24163], [122.27812, -3.24009], [122.27577, -3.2405], [122.27349, -3.23644], [122.2751, -3.23493], [122.27605, -3.23483], [122.27644, -3.23286], [122.27784, -3.23243], [122.27866, -3.22908], [122.27833, -3.22795], [122.279, -3.2269], [122.28037, -3.22589], [122.28614, -3.22843], [122.28713, -3.22789], [122.29172, -3.22836], [122.29567, -3.22616], [122.29561, -3.2288], [122.29651, -3.23076], [122.29749, -3.23722], [122.2985, -3.23821], [122.3021, -3.24855], [122.30908, -3.25781], [122.31187, -3.26052], [122.31249, -3.26419], [122.31059, -3.27297], [122.31117, -3.27409], [122.3104, -3.27712], [122.30863, -3.2787], [122.30732, -3.27852], [122.30669, -3.27964], [122.30746, -3.27995], [122.30683, -3.28047], [122.30591, -3.28004], [122.30426, -3.28119], [122.3031, -3.28444], [122.30147, -3.28509], [122.30148, -3.28615], [122.30328, -3.28837], [122.30222, -3.28932], [122.30035, -3.28838], [122.29969, -3.29203], [122.29737, -3.29419], [122.29714, -3.29562], [122.29497, -3.2952], [122.29474, -3.29584], [122.29766, -3.29671], [122.29875, -3.29599], [122.2977, -3.29685], [122.29469, -3.29598], [122.29452, -3.29648], [122.29387, -3.29628], [122.2905, -3.29998], [122.2876, -3.30458], [122.28691, -3.30694], [122.28503, -3.30839], [122.28458, -3.30801], [122.28338, -3.30935], [122.28257, -3.31183], [122.28054, -3.31256], [122.28012, -3.31236], [122.28011, -3.31153], [122.27979, -3.31118], [122.27992, -3.31264], [122.27942, -3.31301], [122.27853, -3.31234], [122.27519, -3.31241], [122.27514, -3.313], [122.27563, -3.31262], [122.27752, -3.31313], [122.27987, -3.31434], [122.28344, -3.3144], [122.28445, -3.31372], [122.28575, -3.31118], [122.28685, -3.31058], [122.29113, -3.31142], [122.29277, -3.3124], [122.2907, -3.31737], [122.29149, -3.31822], [122.29225, -3.31707], [122.29195, -3.32019], [122.29444, -3.3214], [122.29481, -3.32303], [122.29345, -3.32606], [122.29194, -3.32669], [122.29139, -3.32794], [122.29023, -3.32857], [122.28985, -3.33003], [122.29101, -3.33063], [122.28971, -3.331], [122.28943, -3.33355], [122.29068, -3.33373], [122.29061, -3.33496], [122.29145, -3.33617], [122.29145, -3.33666], [122.29042, -3.33681], [122.291, -3.33909], [122.29416, -3.34009], [122.29396, -3.34159], [122.29235, -3.34272], [122.28723, -3.34279], [122.28336, -3.34448], [122.27444, -3.35492]]]}}, {"type": "Feature", "properties": {"domain_id": "741405", "name": "TALAGA RAYA"}, "geometry": {"type": "MultiPolygon", "coordinates": [[[[121.97628, -5.47638], [121.97202, -5.47583], [121.96548, -5.47809], [121.96312, -5.47677], [121.96181, -5.47807], [121.95925, -5.47836], [121.95694, -5.48018], [121.9546, -5.48052], [121.95266, -5.48502], [121.95273, -5.49002], [121.95418, -5.49265], [121.95699, -5.49387], [121.95659, -5.49526], [121.95761, -5.49561], [121.9571, -5.49426], [121.95757, -5.49457], [121.95793, -5.49537], [121.95752, -5.49605], [121.95054, -5.49442], [121.94764, -5.49215], [121.95076, -5.48933], [121.95175, -5.48579], [121.9513, -5.48398], [121.95014, -5.48453], [121.94684, -5.48399], [121.94508, -5.48193], [121.9449, -5.47821], [121.94614, -5.47465], [121.94723, -5.47344], [121.94621, -5.46807], [121.94399, -5.46686], [121.94449, -5.46544], [121.94411, -5.46045], [121.94583, -5.45952], [121.94663, -5.45515], [121.94451, -5.44941], [121.94417, -5.4465], [121.94055, -5.43792], [121.93753, -5.43739], [121.93781, -5.43636], [121.93714, -5.43474], [121.93345, -5.42961], [121.93385, -5.42897], [121.93279, -5.42886], [121.93542, -5.42794], [121.93725, -5.42628], [121.93798, -5.42693], [121.94007, -5.42545], [121.93933, -5.41905], [121.94183, -5.41631], [121.94137, -5.4136], [121.94246, -5.41212], [122.04893, -5.41364], [122.04762, -5.41535], [122.04414, -5.41456], [122.04321, -5.41628], [122.04343, -5.41706], [122.04491, -5.41795], [122.04587, -5.42254], [122.04327, -5.42357], [122.04313, -5.4244], [122.04542, -5.42599], [122.04599, -5.42798], [122.04304, -5.43461], [122.04321, -5.43939], [122.04387, -5.44038], [122.04495, -5.44911], [122.04653, -5.45115], [122.04657, -5.45459], [122.04953, -5.45967], [122.04898, -5.46119], [122.04788, -5.45994], [122.04437, -5.46161], [122.03935, -5.46616], [122.03542, -5.47141], [122.03092, -5.4746], [122.02642, -5.47382], [122.02342, -5.47503], [122.02077, -5.47365], [122.0151, -5.4763], [122.01134, -5.47273], [122.01093, -5.47196], [122.0115, -5.47014], [122.01008, -5.46734], [122.00866, -5.46692], [122.00784, -5.4677], [122.00278, -5.46894], [121.99985, -5.46751], [121.99877, -5.46623], [121.99628, -5.46695], [121.99558, -5.46855], [121.99531, -5.47263], [121.99309, -5.47429], [121.99096, -5.4752], [121.9905, -5.47334], [121.9893, -5.47295], [121.98463, -5.47433], [121.98392, -5.47523], [121.98095, -5.4748], [121.97628, -5.47638]]], [[[122.05885, -5.49187], [122.06153, -5.49078], [122.06342, -5.49108], [122.05665, -5.49933], [122.0473, -5.50602], [122.03953, -5.51004], [122.03735, -5.51254], [122.03309, -5.51505], [122.02916, -5.51889], [122.01572, -5.51935], [122.00339, -5.5227], [121.99323, -5.52312], [122.00297, -5.51728], [122.01133, -5.51429], [122.0159, -5.50855], [122.01884, -5.50649], [122.02582, -5.50483], [122.03093, -5.50208], [122.03577, -5.50074], [122.03863, -5.49849], [122.0411, -5.49504], [122.04392, -5.49335], [122.0452, -5.49326], [122.04653, -5.49061], [122.04772, -5.48992], [122.04961, -5.48975], [122.05621, -5.49234], [122.05762, -5.49255], [122.05885, -5.49187]]], [[[122.0837, -5.49399], [122.08183, -5.49284], [122.08015, -5.48868], [122.07775, -5.48712], [122.07484, -5.4866], [122.07077, -5.48722], [122.0753, -5.48196], [122.07349, -5.47737], [122.07425, -5.47312], [122.07709, -5.47356], [122.08332, -5.47295], [122.08719, -5.47408], [122.08771, -5.47691], [122.09032, -5.48001], [122.09175, -5.48299], [122.09193, -5.48652], [122.08984, -5.48832], [122.08677, -5.49333], [122.0837, -5.49399]]], [[[121.94021, -5.487], [121.94113, -5.48948], [121.9405, -5.49092], [121.93868, -5.48802], [121.93735, -5.48693], [121.93624, -5.48718], [121.93556, -5.48611], [121.93785, -5.48671], [121.93903, -5.48524], [121.93991, -5.48519], [121.94021, -5.487]]]]}}, {"type": "Feature", "properties": {"domain_id": "740603", "name": "RAROWATU"}, "geometry": {"type": "Polygon", "coordinates": [[[121.98811, -4.70774], [121.98944, -4.70808], [121.98996, -4.70939], [121.99137, -4.71038], [121.99465, -4.71022], [121.99932, -4.71342], [121.99978, -4.71588], [122.0023, -4.7178], [122.01011, -4.71851], [122.01333, -4.72089], [122.01219, -4.72448], [122.01242, -4.72711], [122.00968, -4.73019], [122.00806, -4.73485], [122.00557, -4.73928], [122.00498, -4.74209], [122.00125, -4.74684], [121.99933, -4.75095], [121.99664, -4.75213], [121.99456, -4.7579], [121.99217, -4.75974], [121.99219, -4.76307], [121.98925, -4.7651], [121.98939, -4.76685], [121.99085, -4.76883], [121.99058, -4.77124], [121.98723, -4.77829], [121.98803, -4.7793], [121.99026, -4.78022], [121.99084, -4.78812], [121.99056, -4.7939], [121.98992, -4.793], [121.98795, -4.79398], [121.98616, -4.79374], [121.98534, -4.79292], [121.98399, -4.79367], [121.98196, -4.79349], [121.98115, -4.79235], [121.9796, -4.79225], [121.97801, -4.79095], [121.97683, -4.79115], [121.97588, -4.79009], [121.97466, -4.79033], [121.97067, -4.78735], [121.96937, -4.78719], [121.96679, -4.78301], [121.964, -4.78418], [121.96138, -4.78264], [121.9601, -4.78341], [121.95757, -4.78207], [121.95499, -4.7831], [121.95397, -4.78218], [121.95269, -4.78314], [121.94929, -4.78256], [121.94825, -4.7816], [121.94553, -4.78215], [121.94357, -4.7809], [121.94317, -4.77965], [121.93723, -4.77773], [121.93508, -4.77578], [121.93274, -4.77542], [121.93155, -4.77586], [121.93111, -4.77507], [121.92934, -4.77434], [121.92535, -4.7751], [121.91781, -4.77406], [121.91329, -4.77088], [121.91292, -4.76897], [121.91159, -4.76972], [121.90858, -4.76907], [121.89832, -4.76317], [121.8968, -4.76356], [121.89357, -4.76252], [121.89283, -4.76102], [121.88789, -4.75629], [121.88566, -4.75667], [121.88504, -4.75567], [121.88377, -4.75546], [121.88143, -4.75641], [121.87896, -4.75642], [121.87809, -4.75557], [121.87696, -4.75575], [121.87377, -4.75423], [121.87258, -4.75452], [121.871, -4.75292], [121.869, -4.75327], [121.86789, -4.75251], [121.86447, -4.75203], [121.85567, -4.74855], [121.85237, -4.74809], [121.84956, -4.74858], [121.84776, -4.74777], [121.8457, -4.74821], [121.84205, -4.74666], [121.84007, -4.74711], [121.83579, -4.7462], [121.83273, -4.74442], [121.82701, -4.73692], [121.82271, -4.72982], [121.81953, -4.72616], [121.8159, -4.71647], [121.81462, -4.71496], [121.81248, -4.70786], [121.81036, -4.69453], [121.80181, -4.67552], [121.80248, -4.67372], [121.80139, -4.67377], [121.80279, -4.6731], [121.80358, -4.67392], [121.80501, -4.67348], [121.80486, -4.67128], [121.8026, -4.66974], [121.80427, -4.66906], [121.80455, -4.66584], [121.80645, -4.6648], [121.80601, -4.66382], [121.80475, -4.66364], [121.80444, -4.66151], [121.80618, -4.66141], [121.80713, -4.65993], [121.80921, -4.65885], [121.80956, -4.65685], [121.81178, -4.65433], [121.81305, -4.65424], [121.81602, -4.65252], [121.8188, -4.65212], [121.8214, -4.64865], [121.8249, -4.64683], [121.82507, -4.64575], [121.82614, -4.64542], [121.82663, -4.64414], [121.82607, -4.64242], [121.82828, -4.64188], [121.8275, -4.64004], [121.82801, -4.63531], [121.8266, -4.63436], [121.82374, -4.63467], [121.82292, -4.63245], [121.82212, -4.63202], [121.81649, -4.63483], [121.81328, -4.63009], [121.8118, -4.62353], [121.80914, -4.61816], [121.81297, -4.61529], [121.81198, -4.61285], [121.8135, -4.61143], [121.81327, -4.60912], [121.81467, -4.60841], [121.81674, -4.60891], [121.81783, -4.60805], [121.81977, -4.60918], [121.82113, -4.60824], [121.82106, -4.60621], [121.82223, -4.60719], [121.82362, -4.60683], [121.82421, -4.60546], [121.82743, -4.60433], [121.83033, -4.60383], [121.83182, -4.60447], [121.83297, -4.60417], [121.83696, -4.60092], [121.83714, -4.59824], [121.83862, -4.59598], [121.84424, -4.59176], [121.8632, -4.60972], [121.86143, -4.60969], [121.86045, -4.61197], [121.86114, -4.61274], [121.86211, -4.6123], [121.86301, -4.61592], [121.85607, -4.61842], [121.85555, -4.61984], [121.85329, -4.62145], [121.85443, -4.62239], [121.85425, -4.62401], [121.85538, -4.62548], [121.85538, -4.62671], [121.85357, -4.62783], [121.85326, -4.63033], [121.85216, -4.63024], [121.85134, -4.63256], [121.85022, -4.63237], [121.84822, -4.63489], [121.84823, -4.63657], [121.84727, -4.63721], [121.84862, -4.63855], [121.84851, -4.64194], [121.84976, -4.6428], [121.84941, -4.64532], [121.85248, -4.6465], [121.85285, -4.64737], [121.85247, -4.651], [121.85104, -4.65176], [121.85125, -4.65328], [121.85022, -4.65434], [121.85067, -4.657], [121.84907, -4.6574], [121.84842, -4.66031], [121.84709, -4.66127], [121.84634, -4.66332], [121.84955, -4.66342], [121.85984, -4.66836], [121.85773, -4.67265], [121.85709, -4.67863], [121.85614, -4.68072], [121.85748, -4.68026], [121.85827, -4.68107], [121.85863, -4.67926], [121.85945, -4.67871], [121.85937, -4.67707], [121.86149, -4.67611], [121.86253, -4.67641], [121.86437, -4.67861], [121.86647, -4.67812], [121.86951, -4.67858], [121.87277, -4.68042], [121.8777, -4.67996], [121.8808, -4.68077], [121.88343, -4.68048], [121.88492, -4.68168], [121.88722, -4.68183], [121.8899, -4.68394], [121.89425, -4.68466], [121.89527, -4.68534], [121.89651, -4.68511], [121.89756, -4.68631], [121.89974, -4.68714], [121.90238, -4.68653], [121.90429, -4.68715], [121.90807, -4.68478], [121.91488, -4.68627], [121.91811, -4.68981], [121.92198, -4.69134], [121.92559, -4.68974], [121.93282, -4.68983], [121.93863, -4.69312], [121.94256, -4.69369], [121.94456, -4.69634], [121.9489, -4.69832], [121.94922, -4.6998], [121.95079, -4.70104], [121.96018, -4.70077], [121.96438, -4.7027], [121.97049, -4.70256], [121.97444, -4.70387], [121.97822, -4.70628], [121.98453, -4.70773], [121.98811, -4.70774]]]}}, {"type": "Feature", "properties": {"domain_id": "740521", "name": "BASALA"}, "geometry": {"type": "Polygon", "coordinates": [[[122.06216, -4.35181], [122.06379, -4.35045], [122.06577, -4.35133], [122.06769, -4.35367], [122.06853, -4.3529], [122.07027, -4.35366], [122.07097, -4.35326], [122.07073, -4.35514], [122.07007, -4.3553], [122.07203, -4.35566], [122.07145, -4.3569], [122.07285, -4.35682], [122.07271, -4.35755], [122.07184, -4.35762], [122.07306, -4.35846], [122.07203, -4.35895], [122.07301, -4.3594], [122.07412, -4.35899], [122.07453, -4.35979], [122.07524, -4.35929], [122.07711, -4.35981], [122.07676, -4.36114], [122.07828, -4.3613], [122.07842, -4.36213], [122.07968, -4.36168], [122.07962, -4.36271], [122.08038, -4.36189], [122.08225, -4.36331], [122.08113, -4.36448], [122.08196, -4.36704], [122.08136, -4.36785], [122.08182, -4.36855], [122.08128, -4.37133], [122.08175, -4.37223], [122.08232, -4.37101], [122.08335, -4.37059], [122.08377, -4.37206], [122.08485, -4.37266], [122.08635, -4.37504], [122.08676, -4.37731], [122.08775, -4.37702], [122.08849, -4.37756], [122.08764, -4.37845], [122.08791, -4.37925], [122.08979, -4.37945], [122.08907, -4.38011], [122.08882, -4.38255], [122.08547, -4.38095], [122.08468, -4.38154], [122.08328, -4.38117], [122.08196, -4.37952], [122.07555, -4.37947], [122.07366, -4.38009], [122.0717, -4.37893], [122.07131, -4.37763], [122.0705, -4.37751], [122.06974, -4.37616], [122.06426, -4.37685], [122.05379, -4.37417], [122.04938, -4.36999], [122.04303, -4.36768], [122.03927, -4.35895], [122.0366, -4.35764], [122.03121, -4.35639], [122.02909, -4.35437], [122.02556, -4.35756], [122.02319, -4.35563], [122.01844, -4.3545], [122.01598, -4.35684], [122.01316, -4.35672], [122.00882, -4.35888], [122.00726, -4.35798], [122.00456, -4.35771], [122.00344, -4.3567], [122.00185, -4.35741], [122.00008, -4.35652], [122.00419, -4.34628], [122.00504, -4.33567], [122.00861, -4.32325], [122.01369, -4.2911], [122.00818, -4.27458], [122.0287, -4.27229], [122.06258, -4.26725], [122.08321, -4.26539], [122.08745, -4.26441], [122.10454, -4.30435], [122.10719, -4.30845], [122.10495, -4.30894], [122.10364, -4.30813], [122.10237, -4.30869], [122.10137, -4.30813], [122.10192, -4.31028], [122.10129, -4.31108], [122.09715, -4.31134], [122.09693, -4.31055], [122.09781, -4.31003], [122.09729, -4.30962], [122.09448, -4.31132], [122.09325, -4.31084], [122.09304, -4.30959], [122.09192, -4.30965], [122.09153, -4.30883], [122.09077, -4.3095], [122.08889, -4.30883], [122.0879, -4.307], [122.08899, -4.30567], [122.08833, -4.30464], [122.08873, -4.30371], [122.0881, -4.30321], [122.08855, -4.3023], [122.08666, -4.30294], [122.08612, -4.30385], [122.08578, -4.30315], [122.08462, -4.30346], [122.08449, -4.30245], [122.08235, -4.30138], [122.08086, -4.30323], [122.07787, -4.30318], [122.07627, -4.30778], [122.07442, -4.30784], [122.07459, -4.30855], [122.0762, -4.30899], [122.0763, -4.30956], [122.07457, -4.30991], [122.07345, -4.31127], [122.07272, -4.31075], [122.07163, -4.31286], [122.07012, -4.3099], [122.06905, -4.31082], [122.06824, -4.31007], [122.06754, -4.31101], [122.06723, -4.31039], [122.06793, -4.30946], [122.06578, -4.31042], [122.06515, -4.31036], [122.06517, -4.30961], [122.06433, -4.31046], [122.06453, -4.31161], [122.06379, -4.31133], [122.06312, -4.31192], [122.06402, -4.31242], [122.06316, -4.31321], [122.06399, -4.31489], [122.06288, -4.31436], [122.06242, -4.31586], [122.06075, -4.31561], [122.05995, -4.3162], [122.06007, -4.31698], [122.05889, -4.31626], [122.05788, -4.31706], [122.05701, -4.3149], [122.05583, -4.31505], [122.05603, -4.31768], [122.05413, -4.32091], [122.05539, -4.32273], [122.054, -4.32313], [122.05354, -4.32149], [122.05218, -4.32172], [122.05071, -4.32391], [122.05049, -4.32689], [122.05241, -4.3282], [122.0537, -4.3281], [122.0557, -4.33029], [122.05533, -4.3316], [122.05627, -4.33158], [122.05605, -4.33237], [122.05743, -4.33172], [122.05754, -4.33004], [122.05853, -4.32974], [122.05881, -4.33059], [122.05829, -4.33044], [122.05827, -4.33096], [122.06038, -4.33174], [122.06092, -4.33259], [122.05894, -4.33459], [122.06007, -4.33521], [122.05945, -4.33609], [122.06048, -4.33683], [122.0595, -4.33724], [122.0602, -4.33884], [122.059, -4.34005], [122.06032, -4.34346], [122.06405, -4.3436], [122.06172, -4.34842], [122.06005, -4.34966], [122.06019, -4.35037], [122.06192, -4.35074], [122.06216, -4.35181]]]}}, {"type": "Feature", "properties": {"domain_id": "740204", "name": "PONDIDAHA"}, "geometry": {"type": "Polygon", "coordinates": [[[122.20163, -4.02217], [122.19953, -4.02476], [122.1979, -4.02873], [122.1945, -4.02918], [122.19251, -4.03272], [122.19108, -4.03296], [122.18932, -4.0319], [122.18707, -4.03181], [122.18477, -4.03024], [122.18453, -4.02811], [122.18623, -4.02815], [122.18727, -4.02677], [122.18416, -4.0241], [122.18604, -4.02392], [122.1871, -4.02159], [122.18934, -4.02319], [122.18895, -4.02075], [122.18979, -4.01807], [122.18902, -4.01644], [122.18956, -4.01513], [122.18771, -4.01378], [122.18749, -4.01252], [122.18446, -4.01175], [122.19723, -3.99201], [122.20256, -3.98546], [122.19711, -3.98186], [122.19494, -3.97935], [122.19285, -3.96482], [122.19206, -3.963], [122.19453, -3.96281], [122.19932, -3.96477], [122.20086, -3.96768], [122.20265, -3.96571], [122.20389, -3.96268], [122.20471, -3.96], [122.20523, -3.94593], [122.20662, -3.94172], [122.20699, -3.93796], [122.2059, -3.92752], [122.20745, -3.92774], [122.20802, -3.92842], [122.20866, -3.92762], [122.20871, -3.9287], [122.21, -3.92773], [122.20899, -3.92951], [122.20989, -3.92936], [122.21027, -3.92845], [122.21127, -3.92852], [122.21097, -3.92942], [122.21307, -3.93116], [122.21349, -3.93068], [122.21311, -3.9295], [122.21428, -3.93074], [122.21521, -3.93029], [122.21512, -3.93123], [122.21714, -3.92989], [122.2171, -3.92912], [122.21774, -3.92912], [122.21799, -3.93018], [122.21881, -3.92968], [122.21944, -3.93104], [122.22033, -3.93033], [122.22172, -3.93107], [122.22168, -3.93177], [122.22253, -3.93132], [122.22235, -3.93229], [122.22465, -3.93287], [122.22573, -3.93453], [122.22629, -3.93453], [122.22621, -3.9336], [122.2279, -3.93432], [122.22796, -3.93744], [122.22616, -3.93809], [122.22655, -3.93926], [122.22545, -3.94024], [122.22679, -3.94151], [122.22491, -3.94106], [122.22632, -3.94423], [122.22614, -3.94784], [122.22715, -3.94806], [122.22783, -3.94716], [122.22966, -3.94675], [122.23142, -3.94471], [122.23462, -3.94326], [122.23447, -3.94205], [122.23557, -3.94158], [122.23614, -3.93979], [122.23573, -3.93508], [122.23706, -3.93363], [122.24382, -3.93327], [122.24735, -3.93097], [122.2513, -3.93357], [122.25369, -3.93265], [122.2557, -3.9308], [122.25672, -3.93194], [122.25818, -3.93051], [122.2608, -3.93068], [122.26235, -3.92937], [122.26261, -3.92738], [122.2644, -3.92631], [122.26518, -3.92448], [122.26644, -3.92371], [122.26663, -3.92274], [122.26591, -3.92178], [122.26783, -3.91822], [122.29076, -3.91944], [122.29282, -3.91422], [122.2925, -3.9126], [122.2933, -3.91067], [122.29306, -3.90839], [122.29209, -3.90755], [122.29165, -3.90547], [122.29339, -3.90364], [122.30058, -3.89867], [122.3044, -3.89682], [122.3059, -3.89418], [122.30633, -3.89064], [122.30782, -3.88821], [122.30955, -3.88712], [122.31048, -3.888], [122.3108, -3.8875], [122.3113, -3.88423], [122.313, -3.88209], [122.31326, -3.87981], [122.31732, -3.8762], [122.32003, -3.87925], [122.32007, -3.88077], [122.32286, -3.87919], [122.32799, -3.87923], [122.32966, -3.88198], [122.32985, -3.88479], [122.32875, -3.88803], [122.3281, -3.88866], [122.3191, -3.89005], [122.31877, -3.89214], [122.31747, -3.8933], [122.31811, -3.89619], [122.31702, -3.90182], [122.31559, -3.90408], [122.31424, -3.9047], [122.31148, -3.9111], [122.31136, -3.9209], [122.31067, -3.92518], [122.31105, -3.92655], [122.31019, -3.92919], [122.30927, -3.92948], [122.30888, -3.9306], [122.31048, -3.93283], [122.31058, -3.93436], [122.3094, -3.93554], [122.31251, -3.93597], [122.31326, -3.93795], [122.31198, -3.93863], [122.3131, -3.94012], [122.30968, -3.94649], [122.30936, -3.94913], [122.30665, -3.95072], [122.30591, -3.9519], [122.30441, -3.95569], [122.30455, -3.95784], [122.30249, -3.95936], [122.30082, -3.95905], [122.29756, -3.96011], [122.29677, -3.96158], [122.29457, -3.96225], [122.29209, -3.96494], [122.28833, -3.9669], [122.2878, -3.96903], [122.28559, -3.97105], [122.28381, -3.97418], [122.27716, -3.97579], [122.27473, -3.97827], [122.27375, -3.98343], [122.27161, -3.98332], [122.26863, -3.98463], [122.26779, -3.98672], [122.26852, -3.99067], [122.27234, -3.99427], [122.2711, -3.99669], [122.27177, -4.00014], [122.2699, -4.00261], [122.26897, -4.00331], [122.26735, -4.00328], [122.26654, -4.00255], [122.26582, -3.99983], [122.26359, -3.99931], [122.26334, -4.00017], [122.26543, -4.00246], [122.26533, -4.00439], [122.26439, -4.00511], [122.26185, -4.00217], [122.25767, -4.00121], [122.25718, -4.00187], [122.25924, -4.00457], [122.25911, -4.00563], [122.25807, -4.00659], [122.25726, -4.0061], [122.25717, -4.0039], [122.25515, -4.00251], [122.25046, -4.00372], [122.2484, -4.00612], [122.2457, -4.00473], [122.24343, -4.00612], [122.24191, -4.00612], [122.23886, -4.00355], [122.23995, -4.0075], [122.23744, -4.0086], [122.23654, -4.00785], [122.23775, -4.0063], [122.2376, -4.00521], [122.23432, -4.00542], [122.23581, -4.0032], [122.23487, -4.00125], [122.2339, -4.00111], [122.23208, -4.00266], [122.22738, -4.00264], [122.22611, -4.00363], [122.2266, -4.00495], [122.23196, -4.0045], [122.23304, -4.00536], [122.23282, -4.00659], [122.23102, -4.00705], [122.22813, -4.00605], [122.22626, -4.00634], [122.22444, -4.00494], [122.22315, -4.00517], [122.22207, -4.00623], [122.22171, -4.00773], [122.22382, -4.00932], [122.22372, -4.01031], [122.22106, -4.00915], [122.21911, -4.00924], [122.21886, -4.01229], [122.21771, -4.01234], [122.21497, -4.01096], [122.21233, -4.01363], [122.21109, -4.01641], [122.21284, -4.0191], [122.21259, -4.02033], [122.20954, -4.01965], [122.20767, -4.02105], [122.20466, -4.01984], [122.2036, -4.02077], [122.20403, -4.02347], [122.20326, -4.02358], [122.20163, -4.02217]]]}}, {"type": "Feature", "properties": {"domain_id": "740708", "name": "TOGO BINONGKO"}, "geometry": {"type": "Polygon", "coordinates": [[[124.04055, -6.01223], [124.04634, -6.00776], [124.04922, -6.00331], [124.04969, -6.00157], [124.04975, -5.99002], [124.0478, -5.98518], [124.04546, -5.9819], [124.03948, -5.97823], [124.03258, -5.97786], [124.02868, -5.97866], [124.01889, -5.97623], [124.01327, -5.97627], [124.01164, -5.97568], [124.00821, -5.97269], [123.99933, -5.96884], [123.99084, -5.96648], [123.98556, -5.96626], [123.98283, -5.96407], [123.98135, -5.96192], [123.98111, -5.95769], [123.9803, -5.95507], [123.97698, -5.9472], [123.97421, -5.94411], [123.97456, -5.94375], [123.98733, -5.94252], [123.99686, -5.93891], [124.00761, -5.93332], [124.01258, -5.92693], [124.01837, -5.93449], [124.02295, -5.93827], [124.03651, -5.94682], [124.04089, -5.95159], [124.0483, -5.96992], [124.05747, -5.97867], [124.06289, -6.00318], [124.06373, -6.01182], [124.06117, -6.02736], [124.05633, -6.02874], [124.05182, -6.0309], [124.04697, -6.03465], [124.04502, -6.03477], [124.04308, -6.03312], [124.03846, -6.0224], [124.03833, -6.01552], [124.04055, -6.01223]]]}}, {"type": "Feature", "properties": {"domain_id": "740503", "name": "ANDOOLO"}, "geometry": {"type": "Polygon", "coordinates": [[[122.29475, -4.36829], [122.2916, -4.37103], [122.28803, -4.37805], [122.28764, -4.38186], [122.2859, -4.38225], [122.27447, -4.38127], [122.27287, -4.38322], [122.27155, -4.3827], [122.27037, -4.38092], [122.26462, -4.38043], [122.26426, -4.37888], [122.2629, -4.3772], [122.26038, -4.37552], [122.25833, -4.37612], [122.25757, -4.37563], [122.25718, -4.37412], [122.25273, -4.37307], [122.25114, -4.37433], [122.25174, -4.37771], [122.25097, -4.37886], [122.23625, -4.3783], [122.23022, -4.375], [122.23031, -4.37332], [122.22904, -4.37014], [122.23028, -4.36873], [122.22729, -4.36756], [122.22753, -4.37243], [122.22292, -4.37202], [122.22092, -4.37108], [122.21766, -4.36645], [122.21472, -4.36643], [122.21061, -4.36772], [122.19905, -4.37396], [122.17452, -4.37219], [122.17427, -4.37134], [122.17649, -4.36023], [122.18552, -4.34358], [122.18885, -4.33943], [122.1895, -4.33682], [122.18934, -4.33079], [122.19121, -4.32584], [122.19506, -4.32671], [122.19726, -4.33096], [122.19825, -4.32949], [122.20021, -4.33039], [122.20375, -4.32822], [122.20352, -4.32718], [122.20246, -4.32807], [122.20193, -4.3273], [122.20284, -4.32548], [122.20505, -4.32605], [122.20456, -4.32739], [122.20507, -4.32806], [122.2062, -4.3267], [122.20718, -4.32794], [122.21004, -4.32554], [122.21171, -4.323], [122.21296, -4.32258], [122.21468, -4.32338], [122.21644, -4.32023], [122.21516, -4.31697], [122.21356, -4.31662], [122.21328, -4.31599], [122.21295, -4.30634], [122.22074, -4.30177], [122.2198, -4.29986], [122.2217, -4.29863], [122.22407, -4.30106], [122.22789, -4.29656], [122.23159, -4.29355], [122.23151, -4.29842], [122.23037, -4.30074], [122.23957, -4.30898], [122.25766, -4.30807], [122.25794, -4.30712], [122.25986, -4.30618], [122.25999, -4.30388], [122.26165, -4.30141], [122.26194, -4.30055], [122.26116, -4.30008], [122.26167, -4.29972], [122.26342, -4.30062], [122.26504, -4.29955], [122.26641, -4.29962], [122.26802, -4.30028], [122.26832, -4.30173], [122.26999, -4.30285], [122.27002, -4.30366], [122.27315, -4.30368], [122.27427, -4.30224], [122.27767, -4.30206], [122.27964, -4.30074], [122.28191, -4.2948], [122.28681, -4.29433], [122.28793, -4.29575], [122.29001, -4.29598], [122.29326, -4.29753], [122.296, -4.30077], [122.29766, -4.30136], [122.29957, -4.30518], [122.30679, -4.3092], [122.31046, -4.31319], [122.30997, -4.31609], [122.30703, -4.32029], [122.30782, -4.32568], [122.30648, -4.32721], [122.30653, -4.33218], [122.30554, -4.33524], [122.30552, -4.33888], [122.3043, -4.3406], [122.30302, -4.35541], [122.29662, -4.36667], [122.29475, -4.36829]]]}}, {"type": "Feature", "properties": {"domain_id": "747106", "name": "ABELI"}, "geometry": {"type": "Polygon", "coordinates": [[[122.58283, -4.0145], [122.58256, -4.01853], [122.58134, -4.0219], [122.58148, -4.02417], [122.58482, -4.02922], [122.58572, -4.03318], [122.59036, -4.0403], [122.59349, -4.04096], [122.60099, -4.04515], [122.60306, -4.05199], [122.60397, -4.05304], [122.59, -4.06115], [122.5879, -4.05056], [122.58327, -4.04381], [122.58213, -4.04282], [122.57932, -4.04234], [122.57759, -4.03976], [122.57829, -4.03479], [122.5769, -4.03188], [122.57728, -4.03015], [122.57441, -4.02623], [122.57354, -4.01669], [122.57361, -4.01383], [122.57601, -4.0102], [122.57342, -4.01068], [122.57108, -4.00863], [122.57161, -4.00442], [122.57088, -4.00182], [122.57235, -3.99972], [122.57197, -3.9978], [122.57309, -3.99561], [122.57264, -3.99472], [122.57309, -3.99264], [122.56782, -3.98515], [122.56868, -3.98416], [122.56858, -3.98286], [122.57098, -3.98248], [122.57112, -3.98289], [122.57279, -3.98221], [122.57261, -3.98098], [122.57425, -3.98087], [122.57498, -3.98294], [122.57506, -3.98242], [122.57901, -3.98229], [122.57924, -3.98119], [122.57961, -3.98213], [122.5827, -3.98087], [122.58342, -3.98029], [122.58328, -3.97897], [122.58471, -3.98002], [122.58552, -3.97925], [122.58529, -3.98025], [122.58567, -3.97975], [122.58717, -3.98008], [122.5866, -3.98181], [122.58742, -3.98183], [122.58827, -3.98146], [122.58812, -3.98056], [122.58908, -3.98078], [122.58927, -3.9787], [122.59017, -3.97913], [122.5896, -3.98036], [122.59001, -3.98089], [122.59069, -3.98011], [122.59036, -3.97921], [122.59143, -3.9796], [122.59149, -3.97904], [122.59169, -3.97906], [122.5916, -3.97947], [122.59347, -3.97983], [122.5936, -3.98053], [122.5928, -3.98098], [122.59457, -3.98174], [122.59681, -3.98143], [122.59798, -3.98225], [122.59699, -3.99019], [122.59357, -4.0], [122.58715, -4.00208], [122.58321, -4.00241], [122.58174, -4.00355], [122.5811, -4.00635], [122.58283, -4.0145]]]}}, {"type": "Feature", "properties": {"domain_id": "740411", "name": "PASARWAJO"}, "geometry": {"type": "Polygon", "coordinates": [[[122.84367, -5.56352], [122.842, -5.56486], [122.83727, -5.57353], [122.83325, -5.57817], [122.829, -5.58162], [122.82432, -5.5841], [122.81228, -5.58788], [122.80572, -5.58636], [122.80065, -5.58865], [122.79041, -5.59576], [122.78878, -5.58662], [122.78829, -5.57226], [122.7901, -5.52945], [122.78959, -5.51677], [122.79152, -5.50363], [122.78893, -5.48765], [122.77458, -5.49065], [122.76523, -5.49038], [122.75244, -5.48813], [122.74833, -5.48497], [122.74671, -5.48282], [122.74457, -5.48239], [122.74164, -5.47857], [122.74202, -5.47772], [122.74128, -5.47567], [122.74239, -5.47482], [122.74216, -5.47365], [122.74514, -5.47225], [122.74487, -5.46633], [122.74639, -5.46559], [122.74873, -5.46156], [122.75033, -5.46148], [122.75182, -5.45951], [122.75041, -5.45664], [122.75013, -5.45393], [122.74724, -5.45318], [122.74875, -5.45231], [122.74803, -5.45088], [122.74891, -5.44958], [122.74868, -5.44882], [122.75088, -5.44728], [122.75177, -5.44927], [122.75434, -5.45053], [122.75539, -5.44979], [122.75548, -5.44809], [122.75687, -5.44702], [122.75613, -5.44493], [122.75692, -5.44397], [122.75687, -5.44182], [122.75775, -5.44095], [122.75744, -5.43867], [122.75923, -5.43699], [122.75863, -5.43554], [122.76134, -5.43374], [122.76253, -5.4315], [122.76244, -5.4274], [122.76048, -5.4244], [122.76037, -5.42214], [122.76277, -5.42028], [122.76374, -5.41829], [122.76589, -5.41795], [122.76651, -5.416], [122.76988, -5.41421], [122.77032, -5.41228], [122.77023, -5.41078], [122.76897, -5.40869], [122.76317, -5.40415], [122.76245, -5.38812], [122.76082, -5.3822], [122.76007, -5.37582], [122.75662, -5.37289], [122.75491, -5.36914], [122.75024, -5.36409], [122.74908, -5.36157], [122.75566, -5.35643], [122.76034, -5.35405], [122.76252, -5.35414], [122.76423, -5.36338], [122.76682, -5.3688], [122.77008, -5.37072], [122.77414, -5.37106], [122.77594, -5.37044], [122.78063, -5.36675], [122.7845, -5.35681], [122.78706, -5.35575], [122.79052, -5.35538], [122.79368, -5.35351], [122.79776, -5.35443], [122.79968, -5.35846], [122.80206, -5.35901], [122.80673, -5.35842], [122.81074, -5.36027], [122.81805, -5.35851], [122.82022, -5.35951], [122.82278, -5.35906], [122.82243, -5.36085], [122.82315, -5.36154], [122.82568, -5.36099], [122.82721, -5.36004], [122.82783, -5.35852], [122.82718, -5.35632], [122.8272, -5.35047], [122.82959, -5.34487], [122.83517, -5.3346], [122.84066, -5.32779], [122.84292, -5.3216], [122.84663, -5.31712], [122.84808, -5.31703], [122.85152, -5.31921], [122.85195, -5.32215], [122.85121, -5.32381], [122.85141, -5.32518], [122.85747, -5.32429], [122.86002, -5.32463], [122.85744, -5.32837], [122.85818, -5.33043], [122.8594, -5.33134], [122.86373, -5.33206], [122.875, -5.33178], [122.87831, -5.33062], [122.8825, -5.32703], [122.89014, -5.32234], [122.89882, -5.31589], [122.90483, -5.3105], [122.9081, -5.30564], [122.91618, -5.29605], [122.9172, -5.29383], [122.92069, -5.30014], [122.92051, -5.30132], [122.91868, -5.30268], [122.9179, -5.30449], [122.92007, -5.30799], [122.92048, -5.31143], [122.91873, -5.31451], [122.91578, -5.32474], [122.9058, -5.33146], [122.90554, -5.33297], [122.90695, -5.33473], [122.90704, -5.33783], [122.90589, -5.34667], [122.90405, -5.35078], [122.9037, -5.35313], [122.90505, -5.35679], [122.905, -5.35958], [122.90667, -5.36308], [122.90677, -5.3655], [122.90445, -5.3696], [122.90205, -5.3718], [122.90009, -5.3763], [122.9006, -5.3772], [122.9028, -5.37743], [122.90312, -5.38003], [122.90498, -5.38148], [122.90483, -5.38453], [122.90621, -5.38604], [122.90589, -5.38724], [122.90432, -5.38816], [122.90401, -5.38976], [122.90696, -5.3935], [122.90701, -5.39497], [122.90546, -5.39707], [122.90033, -5.40057], [122.90536, -5.40567], [122.90444, -5.40705], [122.9046, -5.41022], [122.90335, -5.41185], [122.90341, -5.41463], [122.90705, -5.41646], [122.90768, -5.41807], [122.90734, -5.42104], [122.90793, -5.42287], [122.90747, -5.42337], [122.90507, -5.42264], [122.90378, -5.42326], [122.90317, -5.42264], [122.90255, -5.4229], [122.90181, -5.42457], [122.90236, -5.42658], [122.90083, -5.42696], [122.90084, -5.42965], [122.90235, -5.43197], [122.90649, -5.43303], [122.90683, -5.43366], [122.90177, -5.43998], [122.90076, -5.43996], [122.89922, -5.43856], [122.8933, -5.43957], [122.88762, -5.44305], [122.88232, -5.44785], [122.87621, -5.45135], [122.87319, -5.45432], [122.87189, -5.45472], [122.86457, -5.46314], [122.8617, -5.46837], [122.85788, -5.47101], [122.85348, -5.47925], [122.8496, -5.48359], [122.84818, -5.48611], [122.84639, -5.49319], [122.84621, -5.5022], [122.84395, -5.51085], [122.84432, -5.5154], [122.84499, -5.51687], [122.84402, -5.51726], [122.84465, -5.52], [122.84387, -5.52257], [122.8466, -5.52626], [122.84759, -5.52607], [122.84863, -5.52718], [122.85216, -5.52649], [122.8539, -5.52534], [122.85642, -5.52495], [122.86269, -5.52246], [122.87325, -5.50782], [122.87695, -5.50609], [122.87865, -5.50693], [122.88065, -5.50686], [122.88381, -5.51073], [122.88742, -5.51248], [122.89224, -5.51379], [122.8971, -5.51795], [122.89804, -5.52273], [122.89719, -5.53616], [122.89761, -5.5426], [122.89635, -5.54293], [122.89656, -5.54408], [122.8934, -5.54364], [122.88974, -5.54238], [122.88422, -5.53908], [122.88223, -5.53864], [122.88121, -5.53861], [122.87416, -5.54213], [122.86788, -5.54199], [122.86604, -5.54132], [122.8518, -5.56003], [122.84974, -5.56113], [122.84582, -5.56199], [122.84367, -5.56352]]]}}, {"type": "Feature", "properties": {"domain_id": "747202", "name": "WOLIO"}, "geometry": {"type": "Polygon", "coordinates": [[[122.62583, -5.46943], [122.62859, -5.46882], [122.63085, -5.46491], [122.63292, -5.46315], [122.63477, -5.46387], [122.63733, -5.46268], [122.64148, -5.46222], [122.64398, -5.45957], [122.6456, -5.45876], [122.64631, -5.45741], [122.65021, -5.45845], [122.6582, -5.46376], [122.66124, -5.46433], [122.66571, -5.46658], [122.66598, -5.46755], [122.6654, -5.46876], [122.66295, -5.47041], [122.66504, -5.47331], [122.66676, -5.47343], [122.66734, -5.47422], [122.66747, -5.47926], [122.66891, -5.48275], [122.66897, -5.48483], [122.67101, -5.4878], [122.67005, -5.49188], [122.6704, -5.49376], [122.66966, -5.49509], [122.66975, -5.4963], [122.67044, -5.49628], [122.66773, -5.4982], [122.66488, -5.50421], [122.66255, -5.50435], [122.66118, -5.50921], [122.65867, -5.50693], [122.65643, -5.50679], [122.65506, -5.50793], [122.65071, -5.5088], [122.64691, -5.51058], [122.64574, -5.50999], [122.64457, -5.51085], [122.64314, -5.51076], [122.64113, -5.51268], [122.63958, -5.51243], [122.63868, -5.51326], [122.6375, -5.51324], [122.63769, -5.51276], [122.63683, -5.51212], [122.63594, -5.51333], [122.63354, -5.5128], [122.63303, -5.51185], [122.63113, -5.51117], [122.63085, -5.51022], [122.63158, -5.50942], [122.62516, -5.50901], [122.62235, -5.51106], [122.62153, -5.51017], [122.62144, -5.50688], [122.62009, -5.50759], [122.62155, -5.50509], [122.62221, -5.50497], [122.61991, -5.50443], [122.62051, -5.50288], [122.62301, -5.50184], [122.6229, -5.5002], [122.62181, -5.49995], [122.62181, -5.50105], [122.62068, -5.50131], [122.61563, -5.49517], [122.61491, -5.49514], [122.61494, -5.49598], [122.61345, -5.49537], [122.61393, -5.49398], [122.61601, -5.49227], [122.61531, -5.49114], [122.61652, -5.49057], [122.6167, -5.48957], [122.61596, -5.48931], [122.61413, -5.49078], [122.61263, -5.48841], [122.6139, -5.48637], [122.61313, -5.48507], [122.61251, -5.48466], [122.61188, -5.48545], [122.61029, -5.48535], [122.60967, -5.4861], [122.60848, -5.4847], [122.60966, -5.48206], [122.60834, -5.4813], [122.6093, -5.47821], [122.60845, -5.47765], [122.60698, -5.47797], [122.60722, -5.47641], [122.60632, -5.4761], [122.60741, -5.47405], [122.60518, -5.47311], [122.60716, -5.4713], [122.60572, -5.46978], [122.60643, -5.46682], [122.60603, -5.46622], [122.6043, -5.46617], [122.60298, -5.46476], [122.604, -5.46364], [122.60565, -5.46438], [122.60609, -5.46402], [122.60584, -5.46128], [122.60652, -5.45986], [122.60356, -5.45718], [122.60426, -5.45414], [122.60606, -5.45383], [122.60846, -5.45519], [122.60864, -5.45475], [122.61126, -5.45498], [122.61344, -5.45617], [122.61399, -5.45715], [122.61624, -5.45722], [122.61625, -5.45788], [122.62009, -5.45801], [122.62083, -5.46072], [122.62065, -5.46253], [122.61871, -5.46344], [122.61865, -5.46407], [122.61983, -5.46396], [122.62156, -5.46511], [122.62265, -5.46667], [122.62202, -5.46711], [122.6223, -5.46839], [122.62366, -5.46811], [122.62495, -5.46974], [122.62583, -5.46943]]]}}, {"type": "Feature", "properties": {"domain_id": "740317", "name": "DURUKA"}, "geometry": {"type": "Polygon", "coordinates": [[[122.73369, -4.86295], [122.73664, -4.86338], [122.73669, -4.86603], [122.73804, -4.86658], [122.73751, -4.86795], [122.73802, -4.8692], [122.73302, -4.8714], [122.73311, -4.87196], [122.73533, -4.87159], [122.73946, -4.8741], [122.73802, -4.87504], [122.73809, -4.87691], [122.73645, -4.87964], [122.7368, -4.881], [122.73807, -4.88199], [122.73848, -4.88404], [122.73598, -4.88575], [122.73527, -4.88731], [122.73105, -4.88721], [122.72783, -4.88409], [122.71826, -4.88615], [122.71608, -4.88543], [122.71462, -4.88623], [122.70916, -4.8855], [122.70698, -4.88447], [122.70451, -4.88141], [122.70503, -4.87827], [122.70548, -4.87655], [122.70777, -4.87705], [122.7087, -4.87194], [122.71238, -4.87034], [122.71213, -4.8696], [122.69779, -4.86795], [122.69771, -4.85546], [122.70327, -4.8531], [122.70813, -4.85205], [122.71437, -4.85182], [122.72122, -4.85061], [122.72109, -4.85115], [122.72483, -4.85158], [122.72655, -4.85032], [122.7286, -4.85607], [122.72991, -4.85651], [122.7345, -4.86052], [122.73369, -4.86295]]]}}, {"type": "Feature", "properties": {"domain_id": "740217", "name": "PURIALA"}, "geometry": {"type": "Polygon", "coordinates": [[[122.09149, -4.10938], [122.09181, -4.1111], [122.09087, -4.11471], [122.08769, -4.11685], [122.08653, -4.1188], [122.08073, -4.11797], [122.07865, -4.11917], [122.07717, -4.11908], [122.07596, -4.11869], [122.07523, -4.11711], [122.07193, -4.11512], [122.06576, -4.11468], [122.06337, -4.11552], [122.05939, -4.11581], [122.0564, -4.11736], [122.05527, -4.11713], [122.05268, -4.11181], [122.05093, -4.10963], [122.04771, -4.10212], [122.04736, -4.09986], [122.04796, -4.09331], [122.05063, -4.08496], [122.04938, -4.07944], [122.04954, -4.07731], [122.05062, -4.07661], [122.05084, -4.07462], [122.0506, -4.07359], [122.04936, -4.07321], [122.04909, -4.07179], [122.04962, -4.06739], [122.05116, -4.06405], [122.05363, -4.06249], [122.05327, -4.05918], [122.05442, -4.0477], [122.05543, -4.0474], [122.05805, -4.04348], [122.05928, -4.04428], [122.0619, -4.04254], [122.06378, -4.03903], [122.0642, -4.03582], [122.06698, -4.03139], [122.06803, -4.02188], [122.06693, -4.02162], [122.06592, -4.02022], [122.06571, -4.01839], [122.06501, -4.01783], [122.0651, -4.01592], [122.06678, -4.01188], [122.07002, -4.0099], [122.06951, -4.0093], [122.07017, -4.00813], [122.06978, -4.00703], [122.07054, -4.00615], [122.06994, -4.00522], [122.07067, -4.00409], [122.06989, -4.00179], [122.07047, -4.00169], [122.07073, -4.00005], [122.07545, -3.99859], [122.08004, -3.9955], [122.08109, -3.99371], [122.08243, -3.99311], [122.09538, -3.99307], [122.14018, -3.98867], [122.14346, -3.99071], [122.14441, -3.99669], [122.14714, -3.99458], [122.14901, -3.99518], [122.1467, -3.99773], [122.14671, -3.99909], [122.14875, -4.0003], [122.15179, -4.00048], [122.15059, -4.00223], [122.15045, -4.00547], [122.1486, -4.00686], [122.14919, -4.0072], [122.15047, -4.00616], [122.15448, -4.00526], [122.15309, -4.00893], [122.15392, -4.01041], [122.1555, -4.01105], [122.1554, -4.01328], [122.15627, -4.01538], [122.15785, -4.01648], [122.15773, -4.01858], [122.15938, -4.0184], [122.15993, -4.02079], [122.16302, -4.02255], [122.16522, -4.02548], [122.17184, -4.02877], [122.17404, -4.03209], [122.17698, -4.03312], [122.17804, -4.03483], [122.1782, -4.03724], [122.18059, -4.03613], [122.18158, -4.03641], [122.18199, -4.03989], [122.1797, -4.04054], [122.17859, -4.04815], [122.178, -4.04953], [122.17641, -4.0498], [122.17595, -4.0521], [122.17672, -4.0528], [122.17677, -4.05445], [122.17755, -4.05521], [122.17798, -4.05717], [122.18049, -4.05967], [122.18157, -4.06215], [122.17887, -4.06512], [122.17504, -4.06582], [122.16911, -4.06927], [122.16209, -4.07068], [122.15752, -4.07031], [122.15093, -4.07542], [122.14974, -4.07789], [122.1475, -4.07838], [122.14531, -4.07992], [122.13993, -4.07965], [122.13566, -4.08267], [122.13502, -4.08464], [122.13365, -4.08573], [122.12308, -4.08938], [122.11513, -4.09313], [122.11399, -4.09272], [122.11235, -4.09317], [122.10938, -4.09617], [122.10873, -4.09827], [122.10573, -4.1006], [122.10282, -4.10131], [122.10189, -4.10258], [122.09894, -4.10236], [122.09692, -4.10311], [122.0949, -4.10249], [122.09199, -4.10282], [122.09064, -4.10555], [122.09149, -4.10938]]]}}, {"type": "Feature", "properties": {"domain_id": "740707", "name": "TOMIA TIMUR"}, "geometry": {"type": "MultiPolygon", "coordinates": [[[[123.94103, -5.77941], [123.93804, -5.77952], [123.93462, -5.77761], [123.9293, -5.77673], [123.92246, -5.77444], [123.91993, -5.77331], [123.91921, -5.77148], [123.91658, -5.77047], [123.91501, -5.76913], [123.93141, -5.75239], [123.93174, -5.75264], [123.94932, -5.73229], [123.95354, -5.72824], [123.96379, -5.7317], [123.97293, -5.73944], [123.9778, -5.74621], [123.98096, -5.74567], [123.98117, -5.7471], [123.98672, -5.75303], [123.98978, -5.75329], [123.99116, -5.7551], [123.99504, -5.75664], [123.99986, -5.75707], [124.00151, -5.75665], [124.00444, -5.7588], [124.00585, -5.76203], [124.00556, -5.76332], [124.003, -5.76607], [123.99957, -5.76741], [123.99599, -5.77009], [123.99416, -5.76996], [123.99219, -5.77082], [123.99082, -5.77046], [123.98318, -5.77323], [123.98001, -5.77529], [123.97757, -5.77482], [123.97468, -5.77519], [123.97279, -5.77642], [123.9714, -5.7761], [123.96486, -5.778], [123.95783, -5.77934], [123.95272, -5.77941], [123.94948, -5.78043], [123.94103, -5.77941]]], [[[123.91658, -5.80323], [123.9191, -5.80204], [123.9223, -5.8023], [123.92384, -5.80128], [123.92503, -5.80165], [123.92507, -5.80218], [123.92579, -5.80155], [123.9315, -5.80199], [123.94037, -5.80492], [123.94259, -5.80628], [123.94507, -5.80903], [123.94608, -5.80886], [123.94634, -5.81499], [123.94499, -5.81917], [123.94071, -5.82374], [123.9401, -5.82369], [123.94042, -5.82279], [123.9397, -5.82243], [123.93546, -5.82399], [123.93504, -5.82242], [123.93395, -5.82235], [123.93094, -5.82422], [123.92313, -5.82321], [123.92178, -5.82238], [123.92178, -5.82155], [123.92103, -5.82145], [123.91957, -5.81943], [123.9134, -5.81567], [123.90791, -5.8102], [123.90591, -5.80902], [123.9057, -5.80798], [123.90451, -5.80803], [123.90405, -5.80644], [123.90226, -5.80493], [123.90374, -5.80489], [123.90265, -5.80131], [123.90709, -5.80403], [123.90734, -5.80338], [123.9097, -5.80293], [123.91035, -5.80354], [123.91272, -5.80294], [123.91641, -5.80362], [123.91658, -5.80323]]], [[[123.91942, -5.77778], [123.92477, -5.78167], [123.92502, -5.78343], [123.92424, -5.78382], [123.92179, -5.78336], [123.91794, -5.78069], [123.91341, -5.77943], [123.91157, -5.77827], [123.90555, -5.77772], [123.91209, -5.77129], [123.91942, -5.77778]]], [[[124.4909, -5.71569], [124.48723, -5.71825], [124.48456, -5.71933], [124.48538, -5.71765], [124.48752, -5.71619], [124.4909, -5.71569]]]]}}, {"type": "Feature", "properties": {"domain_id": "740332", "name": "TONGKUNO SELATAN"}, "geometry": {"type": "Polygon", "coordinates": [[[122.5054, -5.20739], [122.50076, -5.2126], [122.49755, -5.2151], [122.47999, -5.22431], [122.47156, -5.22945], [122.46021, -5.23387], [122.44972, -5.23459], [122.4462, -5.23255], [122.47884, -5.17907], [122.47811, -5.17731], [122.47807, -5.17035], [122.48055, -5.16385], [122.48256, -5.16143], [122.50426, -5.16154], [122.52148, -5.16006], [122.52323, -5.1637], [122.5267, -5.16581], [122.5321, -5.16683], [122.53787, -5.16684], [122.53937, -5.1676], [122.5436, -5.1675], [122.54923, -5.16938], [122.56141, -5.1711], [122.56332, -5.17344], [122.5625, -5.177], [122.56292, -5.18222], [122.55543, -5.18194], [122.5493, -5.17995], [122.54982, -5.18594], [122.54907, -5.18817], [122.54318, -5.19107], [122.53796, -5.19703], [122.53308, -5.20088], [122.52817, -5.19511], [122.52289, -5.19761], [122.51611, -5.19675], [122.5054, -5.20739]]]}}, {"type": "Feature", "properties": {"domain_id": "741103", "name": "LADONGI"}, "geometry": {"type": "Polygon", "coordinates": [[[121.9555, -4.15973], [121.95468, -4.1616], [121.95377, -4.16215], [121.95419, -4.16417], [121.95872, -4.16582], [121.95664, -4.16751], [121.95569, -4.16941], [121.95222, -4.16986], [121.95231, -4.17198], [121.95121, -4.17359], [121.93688, -4.17544], [121.93729, -4.17862], [121.93146, -4.17926], [121.92461, -4.1876], [121.92375, -4.19025], [121.92246, -4.19053], [121.91812, -4.18892], [121.91668, -4.18492], [121.91496, -4.18364], [121.91458, -4.18247], [121.91113, -4.18102], [121.91016, -4.17762], [121.90672, -4.17653], [121.90574, -4.17458], [121.90414, -4.17405], [121.90148, -4.17134], [121.8989, -4.1675], [121.89382, -4.16415], [121.89385, -4.16201], [121.89294, -4.1602], [121.88996, -4.15921], [121.88631, -4.15904], [121.87389, -4.16064], [121.86901, -4.15927], [121.86412, -4.15903], [121.862, -4.15725], [121.8598, -4.15906], [121.8558, -4.1585], [121.85508, -4.15951], [121.85164, -4.16041], [121.85026, -4.16011], [121.84794, -4.1611], [121.84515, -4.16079], [121.84468, -4.16005], [121.84494, -4.15786], [121.84303, -4.15812], [121.84263, -4.15764], [121.8434, -4.15667], [121.84263, -4.15622], [121.84049, -4.15665], [121.84068, -4.15888], [121.83893, -4.1591], [121.83878, -4.16111], [121.83784, -4.16291], [121.83531, -4.16488], [121.83127, -4.16537], [121.82963, -4.16701], [121.82505, -4.16788], [121.82325, -4.16916], [121.82006, -4.16918], [121.81794, -4.17013], [121.81582, -4.17021], [121.81469, -4.16976], [121.81383, -4.16832], [121.81244, -4.1681], [121.81029, -4.17023], [121.80822, -4.16988], [121.80593, -4.17058], [121.80341, -4.16925], [121.80062, -4.17296], [121.79823, -4.17272], [121.7965, -4.17178], [121.79501, -4.17223], [121.79268, -4.17116], [121.78784, -4.17105], [121.77938, -4.17234], [121.7797, -4.16928], [121.77767, -4.16567], [121.77761, -4.16311], [121.77679, -4.1615], [121.77728, -4.15802], [121.77525, -4.15505], [121.77501, -4.15157], [121.77375, -4.14921], [121.77333, -4.14478], [121.7696, -4.13861], [121.76673, -4.13679], [121.76365, -4.13688], [121.76351, -4.1328], [121.76586, -4.12823], [121.76725, -4.12732], [121.77313, -4.12009], [121.77479, -4.1192], [121.77892, -4.11494], [121.77898, -4.11279], [121.78098, -4.11005], [121.78823, -4.1057], [121.79114, -4.10462], [121.7921, -4.10502], [121.7935, -4.10721], [121.79488, -4.10512], [121.7947, -4.10256], [121.7974, -4.10479], [121.79989, -4.10428], [121.80323, -4.10482], [121.81036, -4.10744], [121.81679, -4.10615], [121.81856, -4.10451], [121.81913, -4.10622], [121.82063, -4.10752], [121.82297, -4.1076], [121.82575, -4.10621], [121.82855, -4.10874], [121.82997, -4.10823], [121.83011, -4.10665], [121.83347, -4.10586], [121.835, -4.10723], [121.83748, -4.10796], [121.8388, -4.11126], [121.84539, -4.11441], [121.85047, -4.11354], [121.85142, -4.11179], [121.85301, -4.1113], [121.85249, -4.10908], [121.85329, -4.10796], [121.8607, -4.10709], [121.86312, -4.105], [121.86499, -4.10529], [121.86704, -4.10728], [121.86888, -4.10527], [121.87342, -4.10582], [121.87478, -4.10541], [121.87624, -4.1076], [121.87928, -4.1063], [121.87902, -4.10565], [121.88037, -4.10468], [121.88376, -4.10489], [121.89918, -4.09787], [121.90085, -4.09738], [121.903, -4.09843], [121.90285, -4.09912], [121.90376, -4.09947], [121.90632, -4.09812], [121.90813, -4.09535], [121.90805, -4.09458], [121.90911, -4.0939], [121.91744, -4.09422], [121.92594, -4.09171], [121.92709, -4.09417], [121.92926, -4.09501], [121.93087, -4.09673], [121.93132, -4.09846], [121.93577, -4.098], [121.93628, -4.0982], [121.93605, -4.09873], [121.93726, -4.09802], [121.93683, -4.09901], [121.93759, -4.09877], [121.93794, -4.0995], [121.93853, -4.0994], [121.939, -4.10068], [121.93804, -4.10243], [121.93853, -4.10327], [121.93792, -4.10491], [121.93695, -4.1056], [121.93759, -4.10669], [121.93683, -4.10739], [121.93775, -4.10859], [121.93703, -4.11031], [121.93791, -4.11074], [121.93759, -4.11195], [121.93813, -4.11283], [121.93701, -4.11376], [121.93791, -4.11566], [121.93884, -4.11621], [121.9417, -4.11558], [121.94209, -4.11643], [121.94442, -4.11707], [121.94516, -4.12041], [121.94649, -4.12021], [121.95019, -4.12127], [121.95087, -4.11642], [121.95351, -4.11495], [121.95678, -4.10988], [121.95791, -4.1079], [121.95748, -4.10685], [121.95916, -4.10302], [121.96323, -4.10022], [121.9641, -4.09876], [121.96546, -4.09867], [121.96842, -4.09685], [121.97104, -4.08695], [121.97197, -4.08909], [121.97383, -4.08996], [121.97664, -4.08992], [121.979, -4.09082], [121.98028, -4.09236], [121.98754, -4.09644], [121.98877, -4.09876], [121.98957, -4.10746], [121.99068, -4.10953], [121.99047, -4.11129], [121.99176, -4.11249], [121.99201, -4.11484], [121.99008, -4.11774], [121.988, -4.11748], [121.98815, -4.11893], [121.98682, -4.12058], [121.98131, -4.12215], [121.98251, -4.12281], [121.98417, -4.12247], [121.98502, -4.12333], [121.98678, -4.12856], [121.9882, -4.1295], [121.98945, -4.12949], [121.98157, -4.13168], [121.98069, -4.13359], [121.98084, -4.13543], [121.97862, -4.13901], [121.97688, -4.13981], [121.97558, -4.14167], [121.97534, -4.14485], [121.97468, -4.14586], [121.97466, -4.14987], [121.96653, -4.15049], [121.96645, -4.15151], [121.96835, -4.15456], [121.96646, -4.15523], [121.96668, -4.1571], [121.96756, -4.158], [121.96634, -4.16048], [121.96377, -4.16118], [121.96154, -4.16438], [121.9604, -4.16381], [121.9606, -4.16222], [121.96012, -4.16195], [121.9586, -4.16429], [121.95696, -4.16326], [121.95628, -4.15998], [121.9555, -4.15973]]]}}, {"type": "Feature", "properties": {"domain_id": "740514", "name": "PALANGGA SELATAN"}, "geometry": {"type": "Polygon", "coordinates": [[[122.34824, -4.47045], [122.34807, -4.47129], [122.34389, -4.4731], [122.34343, -4.476], [122.34132, -4.47742], [122.34029, -4.47717], [122.3405, -4.47595], [122.33993, -4.47592], [122.33966, -4.47671], [122.33836, -4.47622], [122.33943, -4.47549], [122.33218, -4.4741], [122.32934, -4.4742], [122.32416, -4.47592], [122.32049, -4.4754], [122.3208, -4.46768], [122.32226, -4.46456], [122.32192, -4.46344], [122.32052, -4.46236], [122.32044, -4.45994], [122.32154, -4.45569], [122.32042, -4.4524], [122.31634, -4.4498], [122.30994, -4.44738], [122.30746, -4.44445], [122.30754, -4.43985], [122.30685, -4.43768], [122.30755, -4.43733], [122.30901, -4.43306], [122.30924, -4.42929], [122.31019, -4.42728], [122.30855, -4.42638], [122.30847, -4.42507], [122.30998, -4.42341], [122.31133, -4.41979], [122.31146, -4.41758], [122.31336, -4.41524], [122.31349, -4.41195], [122.32601, -4.41088], [122.34327, -4.41104], [122.35089, -4.41188], [122.36092, -4.40877], [122.37472, -4.40308], [122.37566, -4.4022], [122.37689, -4.40231], [122.38041, -4.40096], [122.38422, -4.39776], [122.39039, -4.38541], [122.39171, -4.37218], [122.39919, -4.36777], [122.4326, -4.35765], [122.43924, -4.35447], [122.44051, -4.36471], [122.44282, -4.36853], [122.44337, -4.37164], [122.45092, -4.37579], [122.45036, -4.37821], [122.45058, -4.38255], [122.44814, -4.38349], [122.44861, -4.38698], [122.44575, -4.38865], [122.4462, -4.40134], [122.44317, -4.41302], [122.44311, -4.42183], [122.44149, -4.43125], [122.44156, -4.43539], [122.44006, -4.4347], [122.43928, -4.4358], [122.43873, -4.43529], [122.43696, -4.43607], [122.43678, -4.43783], [122.43592, -4.43769], [122.43566, -4.43855], [122.43642, -4.43993], [122.43578, -4.44184], [122.43709, -4.44282], [122.43901, -4.44296], [122.43905, -4.44533], [122.43799, -4.44629], [122.43607, -4.44637], [122.43432, -4.44523], [122.43295, -4.44209], [122.43176, -4.44149], [122.42995, -4.44195], [122.42966, -4.4402], [122.43095, -4.43939], [122.42929, -4.43744], [122.42914, -4.43446], [122.42545, -4.43479], [122.42248, -4.43608], [122.42144, -4.43515], [122.42036, -4.43228], [122.41953, -4.43222], [122.4183, -4.43334], [122.41532, -4.43387], [122.41547, -4.43564], [122.41419, -4.43539], [122.41105, -4.43913], [122.40802, -4.44118], [122.40511, -4.43992], [122.40484, -4.43925], [122.40347, -4.43987], [122.40175, -4.43923], [122.40045, -4.43981], [122.39947, -4.44169], [122.40201, -4.44398], [122.40194, -4.44486], [122.39665, -4.44989], [122.39412, -4.45062], [122.39333, -4.45334], [122.3901, -4.45608], [122.38577, -4.45764], [122.38061, -4.45791], [122.38, -4.45906], [122.37789, -4.45972], [122.37784, -4.45844], [122.37486, -4.4574], [122.37514, -4.45995], [122.37387, -4.46091], [122.37256, -4.46063], [122.37172, -4.46167], [122.36984, -4.46116], [122.36759, -4.46509], [122.36006, -4.46567], [122.35488, -4.46698], [122.35244, -4.46686], [122.35115, -4.46843], [122.34847, -4.46909], [122.34824, -4.47045]]]}}, {"type": "Feature", "properties": {"domain_id": "740618", "name": "RUMBIA TENGAH"}, "geometry": {"type": "Polygon", "coordinates": [[[122.08812, -4.79628], [122.09103, -4.79694], [122.09196, -4.79534], [122.09481, -4.79489], [122.0968, -4.7971], [122.09491, -4.79752], [122.09466, -4.80054], [122.09279, -4.80175], [122.09342, -4.80183], [122.09355, -4.80343], [122.09305, -4.80375], [122.09397, -4.80452], [122.09434, -4.80561], [122.09377, -4.8058], [122.0944, -4.80602], [122.09454, -4.8078], [122.09524, -4.80793], [122.09447, -4.8088], [122.09543, -4.80857], [122.09528, -4.80921], [122.09636, -4.8095], [122.09845, -4.81194], [122.10249, -4.81319], [122.10393, -4.81156], [122.10634, -4.81132], [122.10734, -4.81278], [122.11016, -4.81463], [122.11259, -4.81557], [122.11501, -4.81524], [122.11704, -4.81592], [122.11983, -4.8177], [122.12025, -4.81868], [122.11944, -4.818], [122.11404, -4.81684], [122.1063, -4.81571], [122.10267, -4.81587], [122.09722, -4.81749], [122.09044, -4.81811], [122.08638, -4.82142], [122.08391, -4.81995], [122.077, -4.81873], [122.06798, -4.81927], [122.06179, -4.81607], [122.06079, -4.81479], [122.05732, -4.81399], [122.05358, -4.81479], [122.04481, -4.81199], [122.03416, -4.80503], [122.03113, -4.80374], [122.03035, -4.80192], [122.02891, -4.80105], [122.02782, -4.79917], [122.03178, -4.79701], [122.03326, -4.79417], [122.03817, -4.7926], [122.03984, -4.79095], [122.04098, -4.78753], [122.04379, -4.78599], [122.04733, -4.78188], [122.0468, -4.78119], [122.04715, -4.77977], [122.04898, -4.77824], [122.05296, -4.77002], [122.0501, -4.76928], [122.04905, -4.76894], [122.04866, -4.76872], [122.05296, -4.76988], [122.05362, -4.76909], [122.05314, -4.76998], [122.05544, -4.77138], [122.05388, -4.77414], [122.05428, -4.77429], [122.05557, -4.77148], [122.05778, -4.77286], [122.0564, -4.7735], [122.05626, -4.77491], [122.05712, -4.7744], [122.05935, -4.77498], [122.0579, -4.7729], [122.06027, -4.77513], [122.06369, -4.77565], [122.06466, -4.77335], [122.0651, -4.77352], [122.06401, -4.7758], [122.06689, -4.77922], [122.0689, -4.77892], [122.06718, -4.77943], [122.06799, -4.78082], [122.06794, -4.78222], [122.06927, -4.78369], [122.06936, -4.7853], [122.07245, -4.7891], [122.07549, -4.79155], [122.07604, -4.79118], [122.07743, -4.79174], [122.07923, -4.79341], [122.08644, -4.79642], [122.08812, -4.79628]]]}}, {"type": "Feature", "properties": {"domain_id": "741109", "name": "TINONDO"}, "geometry": {"type": "Polygon", "coordinates": [[[121.78493, -3.98564], [121.77081, -3.98532], [121.76783, -3.98433], [121.76578, -3.98622], [121.76435, -3.98653], [121.76294, -3.98591], [121.76147, -3.98656], [121.76145, -3.98222], [121.76229, -3.98008], [121.76545, -3.97666], [121.76522, -3.97422], [121.76214, -3.97097], [121.76221, -3.96889], [121.75876, -3.966], [121.75826, -3.96396], [121.75439, -3.95787], [121.7526, -3.95656], [121.74881, -3.95546], [121.74847, -3.95242], [121.74761, -3.95148], [121.74742, -3.94993], [121.74537, -3.94747], [121.74497, -3.94347], [121.74288, -3.93984], [121.73698, -3.93585], [121.73743, -3.93382], [121.73567, -3.93078], [121.73614, -3.92811], [121.7353, -3.92312], [121.73622, -3.91854], [121.73806, -3.91518], [121.7352, -3.91328], [121.72925, -3.91189], [121.72816, -3.91215], [121.72585, -3.91134], [121.72416, -3.9117], [121.71965, -3.91075], [121.71219, -3.90722], [121.71021, -3.90725], [121.70955, -3.90116], [121.70762, -3.89803], [121.70889, -3.89609], [121.70826, -3.89153], [121.70422, -3.88706], [121.70334, -3.88295], [121.70557, -3.88037], [121.70626, -3.87624], [121.70733, -3.87407], [121.70976, -3.87408], [121.71072, -3.87272], [121.71345, -3.87242], [121.7142, -3.87089], [121.71586, -3.87153], [121.72248, -3.86732], [121.72206, -3.86598], [121.72309, -3.8624], [121.72245, -3.85998], [121.72374, -3.85577], [121.72355, -3.85339], [121.72523, -3.85023], [121.72711, -3.84925], [121.72738, -3.84727], [121.72936, -3.84593], [121.72948, -3.84452], [121.73155, -3.84049], [121.73167, -3.83533], [121.73597, -3.835], [121.73857, -3.83605], [121.75191, -3.83168], [121.75466, -3.83206], [121.75748, -3.83068], [121.76244, -3.83036], [121.76359, -3.82991], [121.76662, -3.82543], [121.77276, -3.82198], [121.7731, -3.82331], [121.77913, -3.82585], [121.7806, -3.82525], [121.78747, -3.82521], [121.79525, -3.8235], [121.79647, -3.82395], [121.79989, -3.81988], [121.80309, -3.81817], [121.80352, -3.8172], [121.80564, -3.81692], [121.80695, -3.81151], [121.80565, -3.80933], [121.80473, -3.80574], [121.80234, -3.80398], [121.80181, -3.80089], [121.80073, -3.79905], [121.80318, -3.79142], [121.80206, -3.78898], [121.79976, -3.78692], [121.7984, -3.78405], [121.79884, -3.78008], [121.79844, -3.7769], [121.79673, -3.77527], [121.7967, -3.77326], [121.7952, -3.77155], [121.79442, -3.76906], [121.78939, -3.76495], [121.78751, -3.76233], [121.79151, -3.76139], [121.79216, -3.76014], [121.79506, -3.75841], [121.80226, -3.76023], [121.80343, -3.75912], [121.80398, -3.75686], [121.80539, -3.7548], [121.80956, -3.75947], [121.8109, -3.75983], [121.81487, -3.75708], [121.81978, -3.75639], [121.82284, -3.75522], [121.82288, -3.76028], [121.8234, -3.76078], [121.82678, -3.76025], [121.8277, -3.76087], [121.83047, -3.76708], [121.83073, -3.76933], [121.82903, -3.77365], [121.82717, -3.78014], [121.82749, -3.78056], [121.83682, -3.78461], [121.84113, -3.7826], [121.84303, -3.78302], [121.85383, -3.78196], [121.85785, -3.78209], [121.86278, -3.78323], [121.86332, -3.78438], [121.86653, -3.78566], [121.86799, -3.78423], [121.86976, -3.78462], [121.87259, -3.78394], [121.87429, -3.78441], [121.87591, -3.78593], [121.8776, -3.79115], [121.87946, -3.79321], [121.87898, -3.79619], [121.88009, -3.79966], [121.88186, -3.80064], [121.88317, -3.80446], [121.88488, -3.8068], [121.88535, -3.81093], [121.88429, -3.81236], [121.88492, -3.8138], [121.88934, -3.81876], [121.89248, -3.82034], [121.89735, -3.81724], [121.9011, -3.8231], [121.90332, -3.82358], [121.90446, -3.82772], [121.90375, -3.83019], [121.90978, -3.83108], [121.91017, -3.83408], [121.91385, -3.83586], [121.91906, -3.83493], [121.92325, -3.83152], [121.9268, -3.83215], [121.93076, -3.83521], [121.93139, -3.83521], [121.93338, -3.83273], [121.94095, -3.83244], [121.94302, -3.83081], [121.94855, -3.83172], [121.95288, -3.83436], [121.95268, -3.83761], [121.95374, -3.84076], [121.95292, -3.84304], [121.95016, -3.8463], [121.95002, -3.84739], [121.95204, -3.85142], [121.95599, -3.85567], [121.95748, -3.86041], [121.95355, -3.87214], [121.9543, -3.87315], [121.95798, -3.87208], [121.96084, -3.87209], [121.96303, -3.87289], [121.96385, -3.87557], [121.96582, -3.87708], [121.96513, -3.87924], [121.96672, -3.87946], [121.96668, -3.88104], [121.9675, -3.88179], [121.96671, -3.88248], [121.96484, -3.88234], [121.96299, -3.88482], [121.96155, -3.88546], [121.95844, -3.8839], [121.95845, -3.8856], [121.95743, -3.88623], [121.95667, -3.88558], [121.95252, -3.88546], [121.95135, -3.88472], [121.94914, -3.88799], [121.94825, -3.8877], [121.9479, -3.88841], [121.94621, -3.88578], [121.94545, -3.88619], [121.94513, -3.88754], [121.94391, -3.88749], [121.94365, -3.88876], [121.94287, -3.88738], [121.94137, -3.88814], [121.93959, -3.88667], [121.94012, -3.8883], [121.93842, -3.88998], [121.93696, -3.89021], [121.93783, -3.89201], [121.93535, -3.8938], [121.93615, -3.89591], [121.93538, -3.89857], [121.93343, -3.89819], [121.93089, -3.89948], [121.92867, -3.89951], [121.92553, -3.90172], [121.92192, -3.90251], [121.91844, -3.90487], [121.91513, -3.90502], [121.91327, -3.90436], [121.90652, -3.90708], [121.90395, -3.91127], [121.90097, -3.91466], [121.90215, -3.91682], [121.90109, -3.92456], [121.90285, -3.93006], [121.9009, -3.93442], [121.90088, -3.93607], [121.90172, -3.93952], [121.90292, -3.9409], [121.89906, -3.94378], [121.89717, -3.94399], [121.89416, -3.94599], [121.89074, -3.94655], [121.88895, -3.94897], [121.88711, -3.94905], [121.88484, -3.95152], [121.88252, -3.95278], [121.88075, -3.95139], [121.87802, -3.95088], [121.87652, -3.94988], [121.87497, -3.95065], [121.87426, -3.94903], [121.87114, -3.94692], [121.87023, -3.94527], [121.86684, -3.94259], [121.86463, -3.94165], [121.86192, -3.94371], [121.85908, -3.94375], [121.85768, -3.94457], [121.85515, -3.95051], [121.85074, -3.95626], [121.85113, -3.958], [121.84878, -3.9627], [121.84921, -3.96458], [121.84881, -3.9652], [121.84492, -3.96986], [121.84138, -3.97126], [121.8397, -3.9728], [121.83594, -3.97373], [121.83398, -3.98011], [121.82724, -3.97864], [121.82517, -3.98235], [121.82478, -3.98463], [121.82138, -3.98554], [121.79967, -3.98556], [121.79391, -3.98482], [121.78493, -3.98564]]]}}, {"type": "Feature", "properties": {"domain_id": "740320", "name": "KONTUNAGA"}, "geometry": {"type": "Polygon", "coordinates": [[[122.67852, -4.85479], [122.67959, -4.85747], [122.68283, -4.8592], [122.68798, -4.86423], [122.68818, -4.86559], [122.68639, -4.8687], [122.68577, -4.87302], [122.68469, -4.87463], [122.68147, -4.87576], [122.67948, -4.87772], [122.67504, -4.8794], [122.67078, -4.88203], [122.66717, -4.8907], [122.66254, -4.89731], [122.65676, -4.8937], [122.64897, -4.8865], [122.63365, -4.87475], [122.63053, -4.8746], [122.6216, -4.87103], [122.61842, -4.85839], [122.61164, -4.85886], [122.61179, -4.85051], [122.6109, -4.84486], [122.60956, -4.8404], [122.60807, -4.83817], [122.60644, -4.83222], [122.60465, -4.83133], [122.60272, -4.82895], [122.59877, -4.82888], [122.59393, -4.83014], [122.60054, -4.82517], [122.60254, -4.82568], [122.60255, -4.82729], [122.60516, -4.8303], [122.60898, -4.82904], [122.61311, -4.82955], [122.61565, -4.82828], [122.61826, -4.82887], [122.62029, -4.82696], [122.62204, -4.82262], [122.62587, -4.81703], [122.62905, -4.81463], [122.63458, -4.82107], [122.63628, -4.82224], [122.63743, -4.8244], [122.63969, -4.82467], [122.64109, -4.82659], [122.64797, -4.82514], [122.65211, -4.82612], [122.65017, -4.82848], [122.65288, -4.83042], [122.65353, -4.83421], [122.65921, -4.84326], [122.66521, -4.84817], [122.6693, -4.84804], [122.67113, -4.84857], [122.6734, -4.85034], [122.67646, -4.85062], [122.67852, -4.85479]]]}}, {"type": "Feature", "properties": {"domain_id": "741310", "name": "KUSAMBI"}, "geometry": {"type": "MultiPolygon", "coordinates": [[[[122.51328, -4.76011], [122.50476, -4.76525], [122.50246, -4.76621], [122.5, -4.76624], [122.49573, -4.76804], [122.49436, -4.76939], [122.49308, -4.76783], [122.49116, -4.76301], [122.48579, -4.76106], [122.48477, -4.75787], [122.48604, -4.7553], [122.48562, -4.75385], [122.48472, -4.75317], [122.48401, -4.75102], [122.4824, -4.75118], [122.48102, -4.74821], [122.47808, -4.74796], [122.47805, -4.7454], [122.47616, -4.74254], [122.47657, -4.7385], [122.47556, -4.73708], [122.4743, -4.73043], [122.47596, -4.72954], [122.47659, -4.72819], [122.477, -4.72448], [122.47823, -4.72354], [122.48019, -4.72329], [122.48143, -4.72382], [122.48192, -4.72531], [122.48624, -4.72553], [122.49217, -4.72436], [122.49584, -4.72287], [122.49981, -4.71946], [122.50306, -4.71853], [122.50434, -4.71655], [122.50928, -4.71496], [122.51243, -4.71504], [122.51442, -4.71321], [122.51703, -4.71263], [122.51817, -4.71311], [122.51939, -4.71218], [122.52181, -4.71209], [122.52203, -4.71093], [122.52323, -4.71066], [122.52653, -4.70815], [122.52751, -4.70797], [122.52846, -4.70871], [122.53081, -4.70652], [122.53384, -4.70522], [122.53795, -4.70178], [122.54104, -4.69714], [122.54326, -4.69612], [122.54906, -4.69952], [122.5497, -4.70267], [122.55324, -4.70766], [122.55925, -4.71178], [122.5654, -4.71451], [122.56974, -4.71797], [122.57076, -4.72024], [122.58285, -4.72323], [122.58304, -4.72501], [122.58469, -4.72537], [122.58432, -4.72596], [122.58514, -4.72635], [122.58511, -4.72799], [122.58666, -4.72834], [122.58592, -4.72988], [122.58675, -4.73367], [122.5866, -4.73453], [122.58593, -4.7347], [122.58701, -4.73589], [122.58652, -4.73769], [122.58908, -4.74231], [122.58969, -4.74143], [122.59145, -4.74179], [122.59367, -4.74054], [122.60014, -4.74197], [122.60316, -4.74138], [122.60731, -4.74319], [122.60885, -4.7467], [122.61227, -4.74638], [122.61727, -4.74719], [122.61807, -4.74583], [122.62048, -4.74472], [122.62055, -4.74404], [122.6227, -4.74434], [122.62377, -4.74517], [122.62645, -4.74489], [122.62904, -4.74732], [122.63156, -4.74763], [122.63258, -4.74848], [122.61967, -4.75781], [122.60739, -4.76542], [122.59161, -4.76892], [122.58483, -4.78142], [122.56916, -4.77786], [122.56484, -4.77365], [122.55908, -4.77178], [122.55637, -4.7698], [122.55253, -4.7688], [122.55054, -4.76478], [122.54572, -4.76471], [122.54419, -4.76293], [122.54076, -4.76087], [122.53941, -4.76102], [122.53669, -4.76275], [122.5323, -4.76203], [122.53082, -4.76001], [122.5285, -4.75974], [122.52181, -4.7562], [122.51973, -4.75579], [122.51328, -4.76011]]], [[[122.4988, -4.71477], [122.50016, -4.71722], [122.49925, -4.71808], [122.49626, -4.7163], [122.49674, -4.71488], [122.4988, -4.71477]]], [[[122.47519, -4.72949], [122.47471, -4.72693], [122.47606, -4.72558], [122.47639, -4.72691], [122.4758, -4.72956], [122.47519, -4.72949]]]]}}, {"type": "Feature", "properties": {"domain_id": "740806", "name": "NGAPA"}, "geometry": {"type": "Polygon", "coordinates": [[[121.01679, -3.36736], [121.01547, -3.36536], [121.00998, -3.36091], [121.00797, -3.35696], [121.00494, -3.35405], [121.00332, -3.35028], [121.00013, -3.34781], [120.99639, -3.34012], [120.99462, -3.33414], [120.99247, -3.33046], [120.98425, -3.32038], [120.98339, -3.31846], [120.98528, -3.314], [120.98755, -3.31139], [120.98968, -3.31028], [120.98923, -3.30825], [120.98737, -3.30553], [120.98771, -3.30491], [120.98866, -3.30457], [120.98927, -3.30595], [120.99013, -3.30589], [120.99086, -3.30373], [120.99445, -3.30422], [120.99678, -3.30282], [120.99925, -3.2941], [121.00098, -3.29329], [121.0079, -3.28524], [121.00909, -3.28543], [121.01146, -3.28729], [121.01222, -3.28668], [121.01394, -3.28812], [121.0161, -3.28741], [121.01737, -3.28844], [121.01827, -3.28789], [121.02487, -3.29134], [121.02742, -3.291], [121.03218, -3.29255], [121.03383, -3.29123], [121.0342, -3.28346], [121.03229, -3.28336], [121.02929, -3.28429], [121.02762, -3.28342], [121.027, -3.28377], [121.0237, -3.28165], [121.02387, -3.28049], [121.02314, -3.27924], [121.02736, -3.2771], [121.02692, -3.27625], [121.02915, -3.27412], [121.02862, -3.27352], [121.02919, -3.27267], [121.02892, -3.27045], [121.03049, -3.27017], [121.0334, -3.26814], [121.03483, -3.26839], [121.03582, -3.26687], [121.03717, -3.26753], [121.03819, -3.26528], [121.0404, -3.26829], [121.04151, -3.26785], [121.04827, -3.27026], [121.04994, -3.27213], [121.05024, -3.27375], [121.05276, -3.27477], [121.0532, -3.27757], [121.05479, -3.28027], [121.0562, -3.2814], [121.05963, -3.28033], [121.06621, -3.28579], [121.0678, -3.28584], [121.07002, -3.28743], [121.07036, -3.28927], [121.07328, -3.29021], [121.07317, -3.29162], [121.07794, -3.29206], [121.07943, -3.29126], [121.0959, -3.30334], [121.10573, -3.30741], [121.112, -3.31146], [121.11341, -3.31157], [121.12152, -3.31603], [121.12612, -3.31702], [121.13213, -3.31588], [121.13534, -3.31598], [121.13727, -3.31736], [121.13842, -3.31997], [121.14018, -3.32158], [121.14221, -3.32135], [121.14782, -3.31796], [121.14986, -3.31914], [121.15158, -3.32142], [121.15604, -3.32237], [121.15754, -3.32215], [121.15786, -3.32463], [121.15606, -3.32518], [121.15496, -3.32713], [121.15261, -3.32658], [121.15156, -3.32783], [121.15344, -3.32985], [121.15709, -3.33109], [121.15841, -3.33655], [121.15815, -3.33924], [121.1572, -3.34051], [121.15132, -3.34419], [121.14848, -3.34826], [121.14717, -3.35199], [121.14501, -3.35479], [121.14322, -3.35875], [121.14291, -3.36285], [121.14144, -3.36528], [121.13418, -3.36578], [121.13452, -3.36798], [121.13288, -3.36994], [121.13261, -3.37345], [121.13147, -3.37516], [121.13133, -3.37856], [121.13392, -3.38101], [121.13385, -3.38222], [121.1322, -3.38382], [121.13575, -3.38734], [121.13565, -3.38992], [121.13348, -3.39475], [121.13304, -3.39854], [121.12937, -3.40076], [121.12585, -3.40454], [121.12286, -3.41116], [121.13319, -3.41642], [121.13386, -3.41787], [121.13271, -3.41849], [121.13437, -3.41953], [121.13409, -3.42107], [121.13667, -3.42332], [121.13806, -3.42665], [121.14048, -3.4254], [121.1414, -3.42574], [121.14283, -3.42792], [121.14825, -3.43098], [121.14861, -3.43301], [121.14999, -3.43214], [121.15097, -3.43431], [121.15256, -3.43337], [121.15323, -3.43463], [121.15502, -3.43576], [121.15475, -3.43934], [121.15352, -3.44087], [121.15342, -3.44256], [121.15144, -3.44351], [121.15082, -3.44483], [121.14969, -3.44545], [121.15012, -3.44712], [121.14938, -3.448], [121.14936, -3.44936], [121.14821, -3.44999], [121.14868, -3.45152], [121.14795, -3.45304], [121.14816, -3.45449], [121.14626, -3.45616], [121.12701, -3.44959], [121.10942, -3.4434], [121.08693, -3.43321], [121.07081, -3.42528], [121.04023, -3.40526], [121.01962, -3.39348], [121.02025, -3.39245], [121.02079, -3.38658], [121.0179, -3.37641], [121.01679, -3.36736]]]}}, {"type": "Feature", "properties": {"domain_id": "740127", "name": "IWOIMENDAA"}, "geometry": {"type": "Polygon", "coordinates": [[[121.19999, -3.82604], [121.1947, -3.82864], [121.18562, -3.82971], [121.17822, -3.82827], [121.1726, -3.82634], [121.16918, -3.82439], [121.16763, -3.82136], [121.16491, -3.80922], [121.16193, -3.80205], [121.15912, -3.79723], [121.15104, -3.78739], [121.14143, -3.77764], [121.13176, -3.76971], [121.12914, -3.7665], [121.12651, -3.76495], [121.12569, -3.7636], [121.12183, -3.76074], [121.11718, -3.75834], [121.11149, -3.75212], [121.11025, -3.75147], [121.10961, -3.74919], [121.10732, -3.74744], [121.10564, -3.7477], [121.10491, -3.74647], [121.10265, -3.74531], [121.10948, -3.73577], [121.11312, -3.73225], [121.11634, -3.72405], [121.12005, -3.71902], [121.13296, -3.70947], [121.1496, -3.7017], [121.16473, -3.69795], [121.21695, -3.6759], [121.22068, -3.67499], [121.25267, -3.65714], [121.25284, -3.6585], [121.25468, -3.65996], [121.25529, -3.66143], [121.25388, -3.662], [121.25474, -3.66608], [121.25692, -3.6678], [121.25942, -3.67176], [121.26289, -3.67194], [121.26397, -3.6743], [121.26606, -3.67574], [121.27063, -3.67576], [121.27261, -3.67661], [121.27345, -3.67806], [121.27627, -3.67715], [121.27769, -3.67754], [121.27799, -3.67836], [121.27964, -3.67826], [121.28159, -3.67933], [121.28386, -3.682], [121.28501, -3.6823], [121.28844, -3.68552], [121.29176, -3.68483], [121.29479, -3.68912], [121.29595, -3.68697], [121.2974, -3.68794], [121.29783, -3.68958], [121.29957, -3.68773], [121.30213, -3.68916], [121.30376, -3.68825], [121.30431, -3.69261], [121.30256, -3.69316], [121.30201, -3.69201], [121.29959, -3.6936], [121.2989, -3.69309], [121.29722, -3.69802], [121.2976, -3.70029], [121.29938, -3.70173], [121.29945, -3.70556], [121.30091, -3.70898], [121.29852, -3.70978], [121.29628, -3.70924], [121.29431, -3.70781], [121.29177, -3.70417], [121.29002, -3.70399], [121.28825, -3.70134], [121.28635, -3.7036], [121.28618, -3.70498], [121.28489, -3.70507], [121.27949, -3.70938], [121.27862, -3.71093], [121.2788, -3.71445], [121.27433, -3.72267], [121.27325, -3.72324], [121.27006, -3.72283], [121.26823, -3.72351], [121.26507, -3.72989], [121.26262, -3.73087], [121.25687, -3.73036], [121.25483, -3.73193], [121.25053, -3.73369], [121.2476, -3.73311], [121.24326, -3.73601], [121.24212, -3.73946], [121.23687, -3.74447], [121.23459, -3.75231], [121.23339, -3.75304], [121.23175, -3.75568], [121.23365, -3.75912], [121.23211, -3.76261], [121.23268, -3.76388], [121.22869, -3.76459], [121.22767, -3.76618], [121.22725, -3.77193], [121.22861, -3.77373], [121.22681, -3.7766], [121.22616, -3.78394], [121.22817, -3.79123], [121.22744, -3.79334], [121.2282, -3.79352], [121.22866, -3.79505], [121.22872, -3.7986], [121.22726, -3.79958], [121.22573, -3.80291], [121.22387, -3.80329], [121.22136, -3.80663], [121.22028, -3.81093], [121.22102, -3.81319], [121.22036, -3.81546], [121.22158, -3.81709], [121.22097, -3.8229], [121.21524, -3.82232], [121.20915, -3.82288], [121.19999, -3.82604]]]}}, {"type": "Feature", "properties": {"domain_id": "741309", "name": "TIWORO KEPULAUAN"}, "geometry": {"type": "MultiPolygon", "coordinates": [[[[122.42172, -4.84851], [122.41919, -4.84863], [122.411, -4.84602], [122.40385, -4.8458], [122.3991, -4.84377], [122.40016, -4.84347], [122.40149, -4.84056], [122.40303, -4.84107], [122.40343, -4.84042], [122.40464, -4.84066], [122.40579, -4.8387], [122.40716, -4.83752], [122.40806, -4.83773], [122.40916, -4.83607], [122.41149, -4.83193], [122.41184, -4.82765], [122.41426, -4.82067], [122.4153, -4.81955], [122.41513, -4.816], [122.4185, -4.81257], [122.41461, -4.80851], [122.41223, -4.80442], [122.41474, -4.79752], [122.41387, -4.79399], [122.41278, -4.79242], [122.41369, -4.78716], [122.40754, -4.78566], [122.40688, -4.78459], [122.407, -4.78329], [122.40836, -4.78138], [122.40754, -4.78004], [122.40845, -4.77739], [122.41056, -4.77728], [122.41025, -4.77526], [122.4088, -4.77515], [122.40856, -4.7743], [122.40996, -4.77358], [122.41098, -4.77105], [122.41068, -4.76663], [122.40976, -4.76608], [122.40917, -4.7664], [122.40601, -4.76437], [122.40474, -4.76297], [122.4047, -4.76181], [122.40366, -4.76147], [122.40307, -4.76236], [122.40303, -4.76074], [122.40099, -4.76079], [122.40109, -4.76205], [122.40051, -4.76202], [122.39978, -4.76009], [122.40041, -4.75854], [122.39985, -4.75626], [122.40214, -4.75529], [122.4029, -4.75368], [122.40217, -4.75239], [122.39962, -4.75115], [122.39945, -4.74838], [122.39601, -4.74666], [122.39866, -4.74543], [122.40006, -4.74546], [122.40211, -4.74619], [122.40258, -4.74723], [122.40547, -4.74751], [122.40633, -4.74945], [122.40948, -4.74986], [122.41518, -4.74309], [122.42155, -4.7412], [122.42481, -4.7393], [122.43253, -4.7382], [122.43454, -4.73897], [122.43467, -4.73979], [122.44469, -4.74333], [122.44457, -4.74391], [122.44529, -4.74432], [122.44961, -4.7459], [122.45054, -4.74946], [122.45171, -4.75072], [122.45956, -4.7558], [122.45958, -4.75701], [122.46139, -4.75801], [122.46439, -4.76279], [122.45971, -4.76714], [122.46187, -4.76938], [122.46172, -4.77183], [122.46554, -4.77188], [122.46493, -4.77326], [122.46557, -4.77395], [122.46535, -4.77548], [122.46659, -4.77895], [122.46544, -4.78008], [122.46531, -4.78176], [122.46631, -4.78274], [122.47058, -4.78226], [122.47293, -4.78305], [122.47536, -4.78549], [122.47847, -4.78651], [122.4793, -4.78755], [122.47816, -4.7936], [122.47842, -4.79542], [122.47924, -4.79678], [122.48095, -4.7971], [122.48133, -4.79817], [122.4807, -4.80022], [122.47827, -4.80193], [122.4708, -4.81213], [122.46899, -4.81676], [122.4679, -4.8182], [122.4612, -4.8232], [122.46055, -4.82605], [122.4591, -4.82753], [122.45776, -4.82757], [122.45711, -4.83038], [122.4554, -4.83031], [122.44827, -4.83504], [122.44549, -4.83497], [122.44001, -4.83696], [122.42774, -4.84381], [122.42172, -4.84851]]], [[[122.48042, -4.70071], [122.48116, -4.7014], [122.48054, -4.70221], [122.47768, -4.70457], [122.47702, -4.70459], [122.47688, -4.70377], [122.47618, -4.7044], [122.47678, -4.7021], [122.47613, -4.7012], [122.47638, -4.70053], [122.47738, -4.69977], [122.47965, -4.69952], [122.48042, -4.70071]]], [[[122.46493, -4.71491], [122.46369, -4.71318], [122.46394, -4.71217], [122.46687, -4.71369], [122.46716, -4.7164], [122.46493, -4.71491]]], [[[122.41041, -4.74717], [122.41061, -4.74812], [122.40908, -4.74979], [122.40835, -4.74688], [122.40956, -4.74651], [122.41041, -4.74717]]]]}}, {"type": "Feature", "properties": {"domain_id": "740608", "name": "MATA OLEO"}, "geometry": {"type": "MultiPolygon", "coordinates": [[[[121.98339, -4.90043], [121.98314, -4.89929], [121.97987, -4.89753], [121.97526, -4.89763], [121.97504, -4.89665], [121.97739, -4.89537], [121.9779, -4.89447], [121.9762, -4.89271], [121.97371, -4.89152], [121.97363, -4.8909], [121.97248, -4.89211], [121.97022, -4.89206], [121.96798, -4.89348], [121.96686, -4.89279], [121.9663, -4.89075], [121.9594, -4.88913], [121.9571, -4.88992], [121.95662, -4.88791], [121.95033, -4.88839], [121.9402, -4.88652], [121.93708, -4.88371], [121.93689, -4.88284], [121.93892, -4.87902], [121.94201, -4.87695], [121.94234, -4.8759], [121.94144, -4.875], [121.94529, -4.86745], [121.94856, -4.86699], [121.94976, -4.86783], [121.95072, -4.86039], [121.95652, -4.84678], [121.95731, -4.83936], [121.96524, -4.83797], [121.96674, -4.83658], [121.9683, -4.83621], [121.97025, -4.83425], [121.97673, -4.83212], [121.97908, -4.83018], [121.9813, -4.82978], [121.98406, -4.82809], [121.98479, -4.81981], [121.98404, -4.81672], [121.98406, -4.81282], [121.98223, -4.80849], [121.98258, -4.8057], [121.98205, -4.80236], [121.98305, -4.8007], [121.98276, -4.79855], [121.98922, -4.79617], [121.99, -4.79396], [121.99269, -4.79346], [121.99491, -4.79427], [121.99561, -4.79349], [121.99852, -4.79407], [121.99952, -4.79347], [122.00118, -4.79367], [122.00269, -4.79523], [122.01671, -4.79751], [122.01923, -4.79722], [122.02165, -4.79947], [122.02496, -4.79839], [122.02749, -4.799], [122.02891, -4.80105], [122.03035, -4.80192], [122.03113, -4.80374], [122.03416, -4.80503], [122.04481, -4.81199], [122.05358, -4.81479], [122.05732, -4.81399], [122.06079, -4.81479], [122.06179, -4.81607], [122.06798, -4.81927], [122.077, -4.81873], [122.08391, -4.81995], [122.08638, -4.82142], [122.09044, -4.81811], [122.09722, -4.81749], [122.10267, -4.81587], [122.1063, -4.81571], [122.11404, -4.81684], [122.11944, -4.818], [122.12025, -4.81868], [122.10965, -4.81743], [122.10289, -4.82014], [122.10167, -4.82172], [122.10231, -4.82304], [122.09557, -4.82377], [122.09171, -4.8255], [122.0916, -4.82652], [122.08921, -4.82791], [122.08908, -4.83058], [122.0834, -4.83324], [122.08393, -4.83385], [122.08336, -4.83508], [122.08146, -4.83689], [122.07974, -4.83693], [122.07896, -4.8376], [122.07887, -4.83908], [122.07736, -4.84011], [122.07638, -4.84274], [122.07504, -4.84303], [122.07432, -4.84664], [122.07535, -4.8494], [122.07459, -4.85208], [122.07575, -4.85515], [122.07756, -4.85672], [122.0752, -4.85848], [122.07335, -4.85477], [122.07392, -4.85192], [122.07105, -4.84942], [122.06761, -4.8495], [122.06711, -4.85163], [122.06553, -4.85368], [122.06344, -4.85372], [122.06274, -4.8551], [122.05905, -4.85654], [122.05843, -4.8581], [122.05881, -4.85977], [122.05748, -4.85803], [122.055, -4.85827], [122.04808, -4.86343], [122.04681, -4.86545], [122.04621, -4.86516], [122.04494, -4.86612], [122.04476, -4.87019], [122.04417, -4.87067], [122.04359, -4.8742], [122.04389, -4.87546], [122.04275, -4.87424], [122.04027, -4.87348], [122.03716, -4.87377], [122.03631, -4.87423], [122.03613, -4.87771], [122.03453, -4.87942], [122.03325, -4.87316], [122.03226, -4.87125], [122.03057, -4.86971], [122.02579, -4.87101], [122.02525, -4.87298], [122.0239, -4.87448], [122.02429, -4.87719], [122.0233, -4.87696], [122.02244, -4.87778], [122.02033, -4.88213], [122.02039, -4.88503], [122.022, -4.88679], [122.02393, -4.88776], [122.02254, -4.89], [122.02269, -4.89303], [122.02095, -4.89319], [122.02011, -4.89395], [122.01796, -4.89308], [122.01453, -4.8929], [122.01428, -4.89354], [122.01265, -4.89355], [122.01028, -4.89485], [122.01022, -4.89624], [122.007, -4.89863], [122.0068, -4.89944], [122.00637, -4.89881], [122.00327, -4.89853], [122.00137, -4.89994], [122.00227, -4.89641], [122.0036, -4.89559], [122.00298, -4.89398], [122.00334, -4.89259], [122.00568, -4.89139], [122.00664, -4.88987], [122.00634, -4.88761], [122.00686, -4.88587], [122.0052, -4.88454], [122.00218, -4.8861], [122.00141, -4.8893], [122.00008, -4.88974], [122.00006, -4.89051], [121.99805, -4.89113], [121.99696, -4.89243], [121.99223, -4.89313], [121.99157, -4.89659], [121.98989, -4.89604], [121.98724, -4.89686], [121.98645, -4.89763], [121.98713, -4.89879], [121.98405, -4.9011], [121.98339, -4.90043]]], [[[122.05109, -4.88016], [122.05275, -4.88187], [122.05384, -4.88147], [122.05495, -4.88301], [122.05698, -4.88312], [122.05831, -4.88432], [122.05618, -4.88434], [122.05143, -4.88713], [122.05146, -4.89033], [122.05054, -4.88987], [122.0403, -4.89213], [122.03814, -4.89481], [122.03816, -4.89307], [122.04031, -4.89028], [122.04196, -4.89024], [122.04765, -4.88812], [122.04908, -4.88503], [122.04838, -4.88073], [122.0496, -4.88063], [122.04988, -4.87976], [122.05109, -4.88016]]], [[[122.0616, -4.88408], [122.06229, -4.88477], [122.0632, -4.88452], [122.06427, -4.88615], [122.06271, -4.88628], [122.06017, -4.88485], [122.06097, -4.88392], [122.0616, -4.88408]]]]}}, {"type": "Feature", "properties": {"domain_id": "740504", "name": "PALANGGA"}, "geometry": {"type": "Polygon", "coordinates": [[[122.36838, -4.40562], [122.36092, -4.40877], [122.35089, -4.41188], [122.34327, -4.41104], [122.32601, -4.41088], [122.31349, -4.41195], [122.30335, -4.39372], [122.30318, -4.39182], [122.30195, -4.3899], [122.29669, -4.37403], [122.29219, -4.37052], [122.29662, -4.36667], [122.30302, -4.35541], [122.3043, -4.3406], [122.30552, -4.33888], [122.30554, -4.33524], [122.30653, -4.33218], [122.30648, -4.32721], [122.30782, -4.32568], [122.30703, -4.32029], [122.30901, -4.31739], [122.33638, -4.31742], [122.35002, -4.31902], [122.3582, -4.32128], [122.3582, -4.31605], [122.35931, -4.31551], [122.36115, -4.31249], [122.36321, -4.31252], [122.36567, -4.31115], [122.36762, -4.31116], [122.36773, -4.3097], [122.36841, -4.30938], [122.36832, -4.30784], [122.36989, -4.30608], [122.37046, -4.30301], [122.36941, -4.30113], [122.37018, -4.29727], [122.36887, -4.2958], [122.36722, -4.29653], [122.36634, -4.29603], [122.36737, -4.29437], [122.36506, -4.29266], [122.36537, -4.29097], [122.36399, -4.29004], [122.3647, -4.28671], [122.36589, -4.28483], [122.36485, -4.28476], [122.36508, -4.2839], [122.36363, -4.2838], [122.36225, -4.28204], [122.36287, -4.27969], [122.36125, -4.27931], [122.3604, -4.27766], [122.36144, -4.27614], [122.35954, -4.27514], [122.35971, -4.27448], [122.35899, -4.27441], [122.35852, -4.27548], [122.35761, -4.2738], [122.35566, -4.2736], [122.35644, -4.27285], [122.35718, -4.26826], [122.36984, -4.24994], [122.37995, -4.24466], [122.39644, -4.24157], [122.3969, -4.25239], [122.39529, -4.2558], [122.39608, -4.25656], [122.39497, -4.25819], [122.39578, -4.25916], [122.39535, -4.26018], [122.39579, -4.26095], [122.39482, -4.26202], [122.39702, -4.26342], [122.39698, -4.2666], [122.39819, -4.26718], [122.39765, -4.26849], [122.39857, -4.26948], [122.39669, -4.27069], [122.39704, -4.27131], [122.39635, -4.27174], [122.39691, -4.27246], [122.39568, -4.27444], [122.3973, -4.27517], [122.39758, -4.2773], [122.39851, -4.27727], [122.39895, -4.27974], [122.40183, -4.27788], [122.40552, -4.27732], [122.41226, -4.29716], [122.41252, -4.3006], [122.41487, -4.30194], [122.41515, -4.30373], [122.4167, -4.30513], [122.41755, -4.31257], [122.42069, -4.31343], [122.42031, -4.31462], [122.42118, -4.31508], [122.4223, -4.31483], [122.42229, -4.31393], [122.42447, -4.31468], [122.42494, -4.31578], [122.42667, -4.31556], [122.42756, -4.31693], [122.42761, -4.31848], [122.42842, -4.31915], [122.42794, -4.3207], [122.43037, -4.32111], [122.43048, -4.32349], [122.43221, -4.32422], [122.43183, -4.32515], [122.43314, -4.32519], [122.43542, -4.32386], [122.43676, -4.32462], [122.43602, -4.3257], [122.43747, -4.32596], [122.43671, -4.3274], [122.43811, -4.33267], [122.43749, -4.33456], [122.43778, -4.3382], [122.43881, -4.34021], [122.43833, -4.3453], [122.43924, -4.35447], [122.4326, -4.35765], [122.39919, -4.36777], [122.39171, -4.37218], [122.39039, -4.38541], [122.38422, -4.39776], [122.38041, -4.40096], [122.37689, -4.40231], [122.37566, -4.4022], [122.36838, -4.40562]]]}}, {"type": "Feature", "properties": {"domain_id": "740232", "name": "KONAWE"}, "geometry": {"type": "Polygon", "coordinates": [[[122.09484, -3.91791], [122.09381, -3.91667], [122.09182, -3.91579], [122.08968, -3.91546], [122.08745, -3.91616], [122.085, -3.91485], [122.08824, -3.91304], [122.08848, -3.90998], [122.08915, -3.90898], [122.09118, -3.90914], [122.09308, -3.90761], [122.09376, -3.9035], [122.09246, -3.9033], [122.09063, -3.90578], [122.08949, -3.90599], [122.08779, -3.90401], [122.08707, -3.90087], [122.08475, -3.9001], [122.08372, -3.90065], [122.08281, -3.90326], [122.08114, -3.90346], [122.08056, -3.89946], [122.0787, -3.89728], [122.0784, -3.89403], [122.0774, -3.8922], [122.07506, -3.89077], [122.0737, -3.89135], [122.07618, -3.8854], [122.07634, -3.88105], [122.07822, -3.87759], [122.07764, -3.87679], [122.07951, -3.87531], [122.08126, -3.87621], [122.0826, -3.87206], [122.08448, -3.87182], [122.08495, -3.86986], [122.09469, -3.87296], [122.09941, -3.87523], [122.09904, -3.87655], [122.09708, -3.87705], [122.09631, -3.87845], [122.09733, -3.87937], [122.09898, -3.87805], [122.10011, -3.87846], [122.10048, -3.88079], [122.0989, -3.88292], [122.1019, -3.88637], [122.10576, -3.889], [122.10887, -3.88971], [122.11109, -3.89317], [122.11497, -3.89616], [122.11781, -3.89624], [122.11821, -3.89942], [122.11927, -3.90008], [122.11893, -3.90137], [122.12059, -3.90686], [122.12023, -3.90913], [122.12198, -3.91011], [122.12319, -3.91858], [122.12728, -3.92664], [122.12564, -3.92897], [122.12425, -3.93299], [122.122, -3.94389], [122.11743, -3.94643], [122.11551, -3.94579], [122.11349, -3.943], [122.10964, -3.9419], [122.1093, -3.94045], [122.10852, -3.93991], [122.10439, -3.94001], [122.10385, -3.93908], [122.10455, -3.9366], [122.10719, -3.936], [122.10808, -3.93478], [122.10741, -3.93364], [122.10501, -3.93457], [122.10419, -3.93432], [122.10469, -3.93229], [122.10326, -3.93072], [122.10127, -3.93175], [122.09563, -3.92994], [122.09129, -3.92657], [122.09309, -3.92554], [122.09193, -3.92178], [122.09253, -3.92136], [122.0932, -3.92109], [122.09783, -3.92387], [122.09893, -3.92279], [122.09843, -3.92104], [122.0956, -3.91975], [122.09484, -3.91791]]]}}, {"type": "Feature", "properties": {"domain_id": "740228", "name": "AMONGGEDO"}, "geometry": {"type": "Polygon", "coordinates": [[[122.23592, -3.93469], [122.23614, -3.93979], [122.23557, -3.94158], [122.23447, -3.94205], [122.23462, -3.94326], [122.23084, -3.9451], [122.22966, -3.94675], [122.22783, -3.94716], [122.22715, -3.94806], [122.2262, -3.94797], [122.22632, -3.94423], [122.22491, -3.94106], [122.22679, -3.94151], [122.22545, -3.94024], [122.22655, -3.93926], [122.22616, -3.93809], [122.22796, -3.93744], [122.22805, -3.93451], [122.22633, -3.93359], [122.22629, -3.93453], [122.22573, -3.93453], [122.22465, -3.93287], [122.22235, -3.93229], [122.22253, -3.93132], [122.22168, -3.93177], [122.22172, -3.93107], [122.22033, -3.93033], [122.21944, -3.93104], [122.21881, -3.92968], [122.21799, -3.93018], [122.21774, -3.92912], [122.2171, -3.92912], [122.21714, -3.92989], [122.21512, -3.93123], [122.21521, -3.93029], [122.21428, -3.93074], [122.21311, -3.9295], [122.21349, -3.93068], [122.21307, -3.93116], [122.21097, -3.92942], [122.21127, -3.92852], [122.21027, -3.92845], [122.20989, -3.92936], [122.20899, -3.92951], [122.21, -3.92773], [122.20871, -3.9287], [122.20866, -3.92762], [122.20802, -3.92842], [122.20585, -3.92747], [122.20494, -3.92599], [122.20572, -3.9255], [122.2052, -3.92462], [122.20581, -3.92425], [122.20456, -3.92301], [122.20454, -3.92187], [122.20385, -3.92126], [122.20284, -3.92182], [122.20327, -3.92019], [122.20218, -3.92054], [122.20153, -3.91811], [122.1999, -3.91748], [122.20032, -3.91679], [122.19946, -3.91637], [122.20003, -3.91535], [122.19896, -3.91417], [122.19798, -3.90899], [122.19505, -3.90878], [122.19318, -3.90698], [122.193, -3.90593], [122.18781, -3.90473], [122.18922, -3.89964], [122.1856, -3.89634], [122.18551, -3.89025], [122.18449, -3.8886], [122.18562, -3.88849], [122.18577, -3.88775], [122.18469, -3.88718], [122.18343, -3.8848], [122.18569, -3.8831], [122.18604, -3.88164], [122.18755, -3.87997], [122.18861, -3.87661], [122.19003, -3.87503], [122.18959, -3.87328], [122.19, -3.87005], [122.19099, -3.8699], [122.19375, -3.86727], [122.19606, -3.86645], [122.197, -3.86498], [122.19857, -3.86484], [122.20052, -3.86249], [122.20251, -3.8648], [122.2031, -3.86348], [122.20616, -3.86148], [122.20679, -3.86033], [122.20922, -3.85934], [122.21463, -3.85262], [122.21685, -3.85248], [122.21817, -3.85143], [122.20488, -3.83775], [122.21069, -3.83162], [122.21543, -3.82892], [122.2193, -3.82463], [122.22266, -3.82334], [122.22361, -3.82215], [122.22334, -3.8202], [122.22449, -3.8165], [122.22453, -3.81326], [122.22847, -3.80517], [122.22765, -3.80396], [122.22779, -3.80263], [122.23894, -3.80554], [122.24253, -3.79647], [122.24329, -3.78917], [122.24164, -3.77951], [122.235, -3.77013], [122.23415, -3.76601], [122.23167, -3.76097], [122.22832, -3.75908], [122.2311, -3.75717], [122.2321, -3.75809], [122.23705, -3.75864], [122.24141, -3.76173], [122.24515, -3.76167], [122.2454, -3.76541], [122.25106, -3.76792], [122.25181, -3.76909], [122.25458, -3.76542], [122.25455, -3.76355], [122.25655, -3.76191], [122.26945, -3.7685], [122.2715, -3.7752], [122.27596, -3.77888], [122.28255, -3.78197], [122.29008, -3.78666], [122.29028, -3.78967], [122.287, -3.79555], [122.28623, -3.79878], [122.28807, -3.80587], [122.29855, -3.81445], [122.30219, -3.8184], [122.31268, -3.82366], [122.31933, -3.82541], [122.32384, -3.82553], [122.31766, -3.83069], [122.31489, -3.83625], [122.31219, -3.83683], [122.31005, -3.83825], [122.30867, -3.84141], [122.30943, -3.84466], [122.30844, -3.84686], [122.30863, -3.84867], [122.30721, -3.84999], [122.30628, -3.85317], [122.305, -3.85472], [122.30851, -3.85752], [122.30909, -3.86154], [122.30749, -3.86255], [122.30683, -3.86452], [122.30488, -3.86553], [122.30409, -3.86797], [122.29889, -3.86864], [122.29705, -3.86825], [122.29139, -3.87003], [122.28744, -3.873], [122.28419, -3.87217], [122.28332, -3.8734], [122.28307, -3.87251], [122.28252, -3.87251], [122.28242, -3.87458], [122.27843, -3.87344], [122.27757, -3.87485], [122.27647, -3.87496], [122.27673, -3.87641], [122.27598, -3.87613], [122.27459, -3.8768], [122.27496, -3.8783], [122.2757, -3.87877], [122.27456, -3.87964], [122.276, -3.88176], [122.27719, -3.88213], [122.28174, -3.88123], [122.28375, -3.88252], [122.28577, -3.88209], [122.28604, -3.88266], [122.28924, -3.88264], [122.29083, -3.88198], [122.29269, -3.88012], [122.29439, -3.88146], [122.29626, -3.8809], [122.30579, -3.88173], [122.30923, -3.8796], [122.31414, -3.87934], [122.31326, -3.87981], [122.313, -3.88209], [122.3113, -3.88423], [122.31048, -3.888], [122.30955, -3.88712], [122.30796, -3.88805], [122.30643, -3.89135], [122.29964, -3.89221], [122.29776, -3.89409], [122.2977, -3.89587], [122.30313, -3.89756], [122.29481, -3.90263], [122.29165, -3.90547], [122.29209, -3.90755], [122.29306, -3.90839], [122.2933, -3.91067], [122.2925, -3.9126], [122.29282, -3.91422], [122.29076, -3.91944], [122.26783, -3.91822], [122.26591, -3.92178], [122.26663, -3.92274], [122.26644, -3.92371], [122.26518, -3.92448], [122.2644, -3.92631], [122.26261, -3.92738], [122.26235, -3.92937], [122.2608, -3.93068], [122.25818, -3.93051], [122.25672, -3.93194], [122.2557, -3.9308], [122.25369, -3.93265], [122.2513, -3.93357], [122.24735, -3.93097], [122.24382, -3.93327], [122.23706, -3.93363], [122.23592, -3.93469]]]}}, {"type": "Feature", "properties": {"domain_id": "741003", "name": "BONEGUNU"}, "geometry": {"type": "MultiPolygon", "coordinates": [[[[122.981, -4.94709], [122.98025, -4.94942], [122.97804, -4.95121], [122.97338, -4.95246], [122.96987, -4.95251], [122.96825, -4.95022], [122.96618, -4.95123], [122.96415, -4.95103], [122.96291, -4.95027], [122.96222, -4.94876], [122.96154, -4.94911], [122.96141, -4.9505], [122.96069, -4.95074], [122.96095, -4.94803], [122.95938, -4.94956], [122.95937, -4.94868], [122.95794, -4.94727], [122.95835, -4.94432], [122.95639, -4.94417], [122.9565, -4.94218], [122.95743, -4.94137], [122.95654, -4.9391], [122.95724, -4.93819], [122.95679, -4.93791], [122.95698, -4.93578], [122.95636, -4.93596], [122.95571, -4.93417], [122.95448, -4.93435], [122.95439, -4.93269], [122.95338, -4.93169], [122.95353, -4.93085], [122.95459, -4.93026], [122.95414, -4.92928], [122.95676, -4.9285], [122.95724, -4.92747], [122.95642, -4.92622], [122.95576, -4.92269], [122.95478, -4.92094], [122.9525, -4.92095], [122.95102, -4.91854], [122.95179, -4.91733], [122.94996, -4.91656], [122.94946, -4.9152], [122.94867, -4.91544], [122.94923, -4.91404], [122.94824, -4.91216], [122.94867, -4.90969], [122.94689, -4.91062], [122.94408, -4.90821], [122.94367, -4.90934], [122.94274, -4.90863], [122.94081, -4.90938], [122.94008, -4.90605], [122.93848, -4.90582], [122.93971, -4.90451], [122.93974, -4.90332], [122.93839, -4.90284], [122.93778, -4.90137], [122.93581, -4.90134], [122.93308, -4.90327], [122.92912, -4.90117], [122.92314, -4.90245], [122.9221, -4.902], [122.92117, -4.89935], [122.91975, -4.89852], [122.91094, -4.89914], [122.90781, -4.89731], [122.90357, -4.89659], [122.90136, -4.89548], [122.90548, -4.89324], [122.90867, -4.88888], [122.90909, -4.88648], [122.91182, -4.88232], [122.91145, -4.87524], [122.91588, -4.85507], [122.91613, -4.85043], [122.9143, -4.82898], [122.91255, -4.82461], [122.91099, -4.82315], [122.90617, -4.8216], [122.90237, -4.82117], [122.90151, -4.82036], [122.89813, -4.80938], [122.89352, -4.79993], [122.89227, -4.79348], [122.88231, -4.78136], [122.87993, -4.77675], [122.87978, -4.77535], [122.8825, -4.76897], [122.88208, -4.76391], [122.88269, -4.76204], [122.88378, -4.76033], [122.89166, -4.75467], [122.89471, -4.75061], [122.89488, -4.74604], [122.89635, -4.74252], [122.89752, -4.73635], [122.89527, -4.73326], [122.89482, -4.73035], [122.8963, -4.72323], [122.89662, -4.71635], [122.89618, -4.71027], [122.89475, -4.70489], [122.89555, -4.70324], [122.89874, -4.70244], [122.90119, -4.69949], [122.90255, -4.69133], [122.90257, -4.68311], [122.90506, -4.68449], [122.90773, -4.68479], [122.91479, -4.68303], [122.91801, -4.68361], [122.91922, -4.68479], [122.92186, -4.69007], [122.92562, -4.69264], [122.93193, -4.69428], [122.93455, -4.69679], [122.9414, -4.69612], [122.9443, -4.697], [122.9456, -4.69854], [122.94907, -4.71054], [122.9489, -4.71852], [122.95045, -4.72256], [122.95221, -4.72365], [122.95639, -4.72381], [122.96439, -4.7189], [122.96778, -4.71938], [122.96989, -4.72132], [122.97293, -4.72657], [122.97515, -4.73379], [122.97704, -4.73609], [122.98215, -4.73966], [122.98523, -4.74399], [122.98626, -4.74254], [122.98799, -4.74221], [122.98832, -4.74479], [122.98987, -4.74497], [122.99144, -4.74324], [122.99109, -4.74052], [122.99206, -4.74026], [122.99382, -4.742], [122.99497, -4.74596], [122.99474, -4.74711], [122.99336, -4.74841], [122.99372, -4.74886], [122.99463, -4.74868], [122.99635, -4.74681], [122.99865, -4.74685], [122.99921, -4.74471], [123.00531, -4.74388], [123.00561, -4.74579], [123.00907, -4.74687], [123.0161, -4.75277], [123.01989, -4.75154], [123.02041, -4.74964], [123.01956, -4.74734], [123.02163, -4.74733], [123.02288, -4.74875], [123.02408, -4.75442], [123.0292, -4.7574], [123.02779, -4.76402], [123.02428, -4.76369], [123.02361, -4.76508], [123.02465, -4.76568], [123.02488, -4.76705], [123.02861, -4.77046], [123.03039, -4.77302], [123.03204, -4.77342], [123.03266, -4.77439], [123.03254, -4.77541], [123.0335, -4.77677], [123.03329, -4.77934], [123.03443, -4.78058], [123.0375, -4.78994], [123.03752, -4.7935], [123.03682, -4.7954], [123.03899, -4.79651], [123.03989, -4.80169], [123.03957, -4.80249], [123.03786, -4.80272], [123.03656, -4.804], [123.03675, -4.80498], [123.03463, -4.80628], [123.02631, -4.80902], [123.02508, -4.80857], [123.02262, -4.8105], [123.01997, -4.81006], [123.0184, -4.81194], [123.01227, -4.81346], [123.00807, -4.81562], [123.00608, -4.81752], [123.00541, -4.81991], [123.00562, -4.8209], [123.00681, -4.8215], [123.0083, -4.8237], [123.00802, -4.8255], [123.00651, -4.82582], [123.00561, -4.8241], [123.00207, -4.82716], [123.00046, -4.82517], [122.99867, -4.82435], [122.99398, -4.82614], [122.99449, -4.82928], [122.99414, -4.83119], [122.99529, -4.83366], [122.99498, -4.83698], [122.99692, -4.84089], [122.99857, -4.84118], [123.00124, -4.84357], [123.00142, -4.84601], [123.00407, -4.85303], [123.00373, -4.85575], [123.00449, -4.85831], [123.00386, -4.8595], [123.00392, -4.8621], [123.00283, -4.86274], [123.00538, -4.86734], [123.00607, -4.8736], [123.00835, -4.87982], [123.00864, -4.88268], [123.00778, -4.88323], [123.0071, -4.88505], [123.00889, -4.88722], [123.00938, -4.89706], [123.00887, -4.89992], [123.0098, -4.90189], [123.01012, -4.90613], [123.00813, -4.91433], [123.00704, -4.9168], [123.00549, -4.91791], [123.00637, -4.91898], [123.00632, -4.92065], [123.00511, -4.92344], [123.00306, -4.92605], [123.00271, -4.93021], [123.00132, -4.93282], [123.00136, -4.9368], [122.9996, -4.93897], [122.99757, -4.93925], [122.99279, -4.94143], [122.99062, -4.94125], [122.98895, -4.93856], [122.98747, -4.93903], [122.98937, -4.94242], [122.98916, -4.94425], [122.98777, -4.94463], [122.9865, -4.94327], [122.9839, -4.94371], [122.981, -4.94709]]], [[[123.10331, -4.70316], [123.10457, -4.70296], [123.10513, -4.70399], [123.10949, -4.70712], [123.10956, -4.70822], [123.1074, -4.7085], [123.10763, -4.7108], [123.10671, -4.71174], [123.10673, -4.71439], [123.10855, -4.71598], [123.1091, -4.71763], [123.11085, -4.71872], [123.11435, -4.72285], [123.11559, -4.72692], [123.11453, -4.73066], [123.11242, -4.73209], [123.11162, -4.73165], [123.10995, -4.72804], [123.10892, -4.72783], [123.10864, -4.72702], [123.1064, -4.72756], [123.10779, -4.73244], [123.10693, -4.73324], [123.10574, -4.73295], [123.10543, -4.73414], [123.10305, -4.73557], [123.10349, -4.73729], [123.10293, -4.74183], [123.10356, -4.74247], [123.10256, -4.74437], [123.10297, -4.74773], [123.10234, -4.74853], [123.10214, -4.75292], [123.10345, -4.75523], [123.10333, -4.75612], [123.10208, -4.75683], [123.10291, -4.75795], [123.10231, -4.75884], [123.10256, -4.76139], [123.10366, -4.76254], [123.10355, -4.76157], [123.1047, -4.76125], [123.10806, -4.76305], [123.11026, -4.77209], [123.10858, -4.77353], [123.10951, -4.77395], [123.10858, -4.77502], [123.10879, -4.77737], [123.10768, -4.7783], [123.10858, -4.77982], [123.10836, -4.78186], [123.10623, -4.78383], [123.10633, -4.7856], [123.10441, -4.7866], [123.10453, -4.78724], [123.10601, -4.78763], [123.10589, -4.7889], [123.10386, -4.79102], [123.09998, -4.79189], [123.10068, -4.7943], [123.09708, -4.79503], [123.09357, -4.79416], [123.09123, -4.7926], [123.08929, -4.79014], [123.08841, -4.79085], [123.08772, -4.7897], [123.08694, -4.79128], [123.08283, -4.79221], [123.08129, -4.79007], [123.07712, -4.79131], [123.07538, -4.78868], [123.07449, -4.78604], [123.07454, -4.78336], [123.07709, -4.78047], [123.07742, -4.77868], [123.0793, -4.77531], [123.07729, -4.77415], [123.0759, -4.77241], [123.07774, -4.77091], [123.08029, -4.7669], [123.08145, -4.76633], [123.08207, -4.76188], [123.08362, -4.75988], [123.08239, -4.75794], [123.08213, -4.75436], [123.07879, -4.74918], [123.07774, -4.74942], [123.0783, -4.75114], [123.07615, -4.75618], [123.07515, -4.75659], [123.07345, -4.75636], [123.0718, -4.75477], [123.06907, -4.75572], [123.06515, -4.75307], [123.06288, -4.75263], [123.06073, -4.75657], [123.05839, -4.75862], [123.0599, -4.75981], [123.05984, -4.7609], [123.05751, -4.76477], [123.05811, -4.76818], [123.05729, -4.76961], [123.05603, -4.77012], [123.05452, -4.76894], [123.05187, -4.76379], [123.05013, -4.76375], [123.04709, -4.76119], [123.04661, -4.759], [123.0423, -4.75746], [123.03813, -4.75393], [123.03596, -4.74847], [123.03603, -4.74546], [123.03483, -4.7448], [123.03546, -4.74496], [123.03547, -4.74375], [123.03452, -4.73998], [123.03519, -4.73885], [123.03774, -4.73757], [123.03674, -4.73106], [123.03713, -4.72924], [123.03914, -4.72739], [123.043, -4.72528], [123.0516, -4.72551], [123.05599, -4.72692], [123.05953, -4.72905], [123.06235, -4.72938], [123.06363, -4.72799], [123.06481, -4.72297], [123.0663, -4.72155], [123.07628, -4.71675], [123.0797, -4.71625], [123.08432, -4.71423], [123.08799, -4.71569], [123.09216, -4.71469], [123.09362, -4.71298], [123.09352, -4.70738], [123.09438, -4.70511], [123.1013, -4.70291], [123.10331, -4.70316]]], [[[123.08573, -4.7951], [123.08724, -4.79561], [123.0879, -4.79697], [123.09165, -4.79469], [123.0947, -4.79527], [123.10075, -4.7979], [123.10304, -4.79745], [123.10424, -4.79568], [123.1053, -4.79551], [123.10711, -4.79666], [123.10658, -4.79804], [123.107, -4.79914], [123.10747, -4.79842], [123.11097, -4.79846], [123.11644, -4.79671], [123.11785, -4.79713], [123.11839, -4.79937], [123.11775, -4.80493], [123.11777, -4.81414], [123.11897, -4.82021], [123.11856, -4.82736], [123.11724, -4.83202], [123.11748, -4.83456], [123.1149, -4.84122], [123.11352, -4.84729], [123.10836, -4.84741], [123.10544, -4.84958], [123.09967, -4.84919], [123.09842, -4.84836], [123.09787, -4.84732], [123.09915, -4.84569], [123.09847, -4.84376], [123.1011, -4.84263], [123.10074, -4.8417], [123.10144, -4.84037], [123.10543, -4.83858], [123.10165, -4.8398], [123.10015, -4.83912], [123.09922, -4.83757], [123.09892, -4.83351], [123.09727, -4.83408], [123.09692, -4.83535], [123.09575, -4.83619], [123.09316, -4.83418], [123.09319, -4.83619], [123.09107, -4.83876], [123.09285, -4.83993], [123.09217, -4.84124], [123.09445, -4.843], [123.09488, -4.84452], [123.09589, -4.8451], [123.09487, -4.84712], [123.09687, -4.84836], [123.09708, -4.84941], [123.09568, -4.85137], [123.09383, -4.85232], [123.08851, -4.85342], [123.08492, -4.85332], [123.08373, -4.85005], [123.08401, -4.84792], [123.0827, -4.84671], [123.07901, -4.84509], [123.07844, -4.8459], [123.08052, -4.84676], [123.07981, -4.84707], [123.07928, -4.84862], [123.07971, -4.85089], [123.07752, -4.85124], [123.07638, -4.84777], [123.07498, -4.84611], [123.07033, -4.84341], [123.06574, -4.8424], [123.06543, -4.84032], [123.06462, -4.8396], [123.0637, -4.83974], [123.06287, -4.84153], [123.06148, -4.84247], [123.0601, -4.8468], [123.05832, -4.84799], [123.05605, -4.84769], [123.05291, -4.84585], [123.05317, -4.84248], [123.05266, -4.84121], [123.05048, -4.84053], [123.04761, -4.83777], [123.04, -4.83341], [123.03418, -4.83333], [123.03388, -4.83243], [123.03486, -4.82791], [123.03406, -4.82578], [123.03659, -4.8248], [123.03857, -4.82318], [123.04322, -4.82395], [123.04839, -4.82617], [123.05033, -4.8282], [123.05178, -4.82853], [123.05427, -4.82714], [123.0553, -4.827], [123.056, -4.82767], [123.05609, -4.82669], [123.05765, -4.82654], [123.05698, -4.82603], [123.05692, -4.82379], [123.05808, -4.82202], [123.05784, -4.82084], [123.05933, -4.8176], [123.06033, -4.81276], [123.05814, -4.81459], [123.05531, -4.81955], [123.05383, -4.82034], [123.0528, -4.81976], [123.05118, -4.82016], [123.05027, -4.82113], [123.04856, -4.82078], [123.04706, -4.82205], [123.04648, -4.82197], [123.04593, -4.81995], [123.04732, -4.81914], [123.04748, -4.81826], [123.04585, -4.81774], [123.04434, -4.81893], [123.04343, -4.81741], [123.0444, -4.81689], [123.04469, -4.81465], [123.04589, -4.81311], [123.04827, -4.81239], [123.0503, -4.81345], [123.05141, -4.81335], [123.05538, -4.80889], [123.05865, -4.80656], [123.0594, -4.80522], [123.06247, -4.80364], [123.0635, -4.80207], [123.06834, -4.80005], [123.06981, -4.80346], [123.07205, -4.80513], [123.07471, -4.80539], [123.07479, -4.80656], [123.07639, -4.80399], [123.07494, -4.80344], [123.07641, -4.7965], [123.07869, -4.79631], [123.07889, -4.79448], [123.08015, -4.79378], [123.08573, -4.7951]]], [[[123.11431, -4.74308], [123.11599, -4.7441], [123.11553, -4.74583], [123.11718, -4.74602], [123.12112, -4.74948], [123.12174, -4.75141], [123.12026, -4.75515], [123.12234, -4.7563], [123.12215, -4.75855], [123.12411, -4.75841], [123.12624, -4.76033], [123.12615, -4.76289], [123.12219, -4.76552], [123.11907, -4.76461], [123.11913, -4.7629], [123.11747, -4.76188], [123.11669, -4.7598], [123.11778, -4.7576], [123.11429, -4.75655], [123.11266, -4.75234], [123.11283, -4.75077], [123.11085, -4.75061], [123.10942, -4.74958], [123.1101, -4.74739], [123.10922, -4.74332], [123.10999, -4.74252], [123.11112, -4.74301], [123.11172, -4.74193], [123.11331, -4.74137], [123.11431, -4.74308]]], [[[123.12073, -4.77276], [123.12213, -4.77257], [123.12352, -4.77398], [123.12516, -4.77403], [123.12492, -4.77562], [123.12365, -4.77593], [123.12095, -4.78003], [123.11677, -4.78284], [123.1127, -4.78092], [123.11145, -4.77711], [123.114, -4.76861], [123.11568, -4.76849], [123.11862, -4.77131], [123.11911, -4.77251], [123.12073, -4.77276]]], [[[123.11845, -4.79026], [123.1189, -4.79143], [123.11821, -4.7927], [123.11678, -4.79282], [123.113, -4.7958], [123.11063, -4.79645], [123.10778, -4.79504], [123.10288, -4.79406], [123.10161, -4.79234], [123.104, -4.79135], [123.10887, -4.78741], [123.11076, -4.78852], [123.11093, -4.78688], [123.11155, -4.78659], [123.11261, -4.7869], [123.11233, -4.78773], [123.11294, -4.78812], [123.11398, -4.78706], [123.11373, -4.78548], [123.11514, -4.78489], [123.1164, -4.78874], [123.11845, -4.79026]]], [[[123.0372, -4.76818], [123.03573, -4.76712], [123.03529, -4.76813], [123.03421, -4.76812], [123.03443, -4.76975], [123.03254, -4.76994], [123.0307, -4.76825], [123.02985, -4.76643], [123.03013, -4.76135], [123.03146, -4.75667], [123.03305, -4.75389], [123.03703, -4.75911], [123.03682, -4.75967], [123.037, -4.7611], [123.03601, -4.7617], [123.03579, -4.76221], [123.03767, -4.76411], [123.0372, -4.76818]]], [[[123.04725, -4.77235], [123.04698, -4.77423], [123.04598, -4.77337], [123.0428, -4.77285], [123.03988, -4.76899], [123.03777, -4.76816], [123.03776, -4.76402], [123.03601, -4.76228], [123.03705, -4.76131], [123.03718, -4.7595], [123.03924, -4.76045], [123.04359, -4.76522], [123.04725, -4.77235]]], [[[123.04942, -4.81047], [123.04879, -4.80897], [123.04906, -4.80398], [123.05075, -4.80215], [123.0528, -4.80201], [123.05678, -4.80409], [123.05665, -4.80709], [123.05283, -4.81105], [123.05121, -4.81196], [123.04942, -4.81047]]], [[[123.04036, -4.77149], [123.04125, -4.77235], [123.04111, -4.7733], [123.04551, -4.7739], [123.04529, -4.77575], [123.04583, -4.77713], [123.04528, -4.77817], [123.03962, -4.77775], [123.03683, -4.77136], [123.039, -4.76966], [123.03999, -4.7701], [123.04036, -4.77149]]], [[[123.07468, -4.77511], [123.07398, -4.77577], [123.07212, -4.77431], [123.07055, -4.77571], [123.06973, -4.77571], [123.06955, -4.77399], [123.07115, -4.77002], [123.07241, -4.77026], [123.07429, -4.77176], [123.07468, -4.77511]]], [[[123.04958, -4.78314], [123.04836, -4.77862], [123.04982, -4.77696], [123.05187, -4.77935], [123.05214, -4.78054], [123.0513, -4.78295], [123.05045, -4.78362], [123.04958, -4.78314]]], [[[123.11194, -4.7684], [123.11174, -4.76965], [123.11065, -4.76954], [123.11026, -4.76693], [123.10928, -4.76618], [123.10953, -4.76501], [123.11041, -4.76577], [123.11076, -4.76418], [123.11162, -4.76437], [123.11195, -4.76519], [123.11194, -4.7684]]], [[[123.03025, -4.75682], [123.0311, -4.75317], [123.03208, -4.7525], [123.03246, -4.75359], [123.03032, -4.75916], [123.03025, -4.75682]]], [[[123.05087, -4.82584], [123.05041, -4.82502], [123.05096, -4.82381], [123.05276, -4.82426], [123.05257, -4.82616], [123.05133, -4.82638], [123.05087, -4.82584]]], [[[123.04484, -4.78145], [123.04442, -4.78072], [123.04446, -4.77904], [123.04574, -4.77949], [123.04662, -4.78116], [123.04579, -4.78186], [123.04484, -4.78145]]]]}}, {"type": "Feature", "properties": {"domain_id": "740523", "name": "KOLONO TIMUR"}, "geometry": {"type": "Polygon", "coordinates": [[[122.85822, -4.37252], [122.86025, -4.37552], [122.86388, -4.37755], [122.86611, -4.38005], [122.86871, -4.38795], [122.87437, -4.39706], [122.875, -4.4027], [122.87773, -4.40685], [122.87975, -4.40772], [122.87873, -4.4104], [122.8787, -4.41327], [122.8769, -4.41591], [122.87622, -4.41851], [122.87332, -4.41704], [122.86906, -4.41761], [122.86877, -4.41574], [122.86184, -4.4162], [122.86139, -4.41711], [122.85899, -4.41822], [122.85846, -4.41761], [122.85621, -4.41866], [122.85198, -4.41928], [122.85169, -4.42364], [122.8517, -4.42029], [122.84875, -4.42094], [122.84824, -4.41997], [122.8469, -4.42028], [122.84813, -4.42108], [122.8473, -4.42132], [122.84519, -4.42654], [122.84389, -4.42716], [122.84273, -4.42944], [122.84002, -4.43007], [122.8395, -4.43073], [122.84174, -4.43247], [122.84078, -4.43564], [122.83977, -4.43625], [122.83897, -4.43524], [122.83811, -4.43521], [122.83773, -4.43614], [122.83861, -4.43814], [122.8378, -4.43844], [122.83677, -4.43778], [122.83735, -4.44019], [122.8384, -4.44023], [122.8389, -4.44117], [122.83755, -4.44426], [122.83764, -4.44557], [122.83616, -4.44611], [122.83496, -4.44873], [122.83308, -4.44911], [122.82576, -4.44582], [122.82426, -4.44438], [122.82413, -4.44334], [122.82153, -4.44355], [122.81984, -4.44258], [122.81854, -4.44036], [122.81495, -4.43756], [122.81634, -4.43616], [122.81648, -4.43408], [122.81542, -4.43564], [122.81358, -4.43563], [122.8132, -4.4331], [122.81533, -4.43133], [122.8168, -4.42558], [122.81171, -4.42993], [122.80965, -4.42909], [122.80953, -4.42763], [122.80587, -4.42881], [122.80456, -4.42804], [122.80371, -4.42654], [122.80058, -4.42573], [122.79825, -4.42385], [122.79151, -4.42065], [122.78562, -4.415], [122.78342, -4.415], [122.78003, -4.41337], [122.77827, -4.41053], [122.77349, -4.40897], [122.77247, -4.40968], [122.76925, -4.40878], [122.76886, -4.40592], [122.76788, -4.40457], [122.76818, -4.40359], [122.76713, -4.40196], [122.76529, -4.40024], [122.76382, -4.40022], [122.76164, -4.39849], [122.75794, -4.39382], [122.75563, -4.39322], [122.75454, -4.39108], [122.75474, -4.38939], [122.75011, -4.38657], [122.74634, -4.38525], [122.74361, -4.38317], [122.74123, -4.37905], [122.74095, -4.37693], [122.74028, -4.37718], [122.73858, -4.37622], [122.73724, -4.37414], [122.7356, -4.37313], [122.73479, -4.37079], [122.73247, -4.36835], [122.73367, -4.36617], [122.73794, -4.36494], [122.73941, -4.36255], [122.74217, -4.36301], [122.74563, -4.36251], [122.7478, -4.36189], [122.75145, -4.35954], [122.75699, -4.36002], [122.76128, -4.35718], [122.76283, -4.3572], [122.76728, -4.35458], [122.77276, -4.35498], [122.77729, -4.35112], [122.78152, -4.34915], [122.78513, -4.34531], [122.78764, -4.3438], [122.79439, -4.34228], [122.79606, -4.34004], [122.79898, -4.33871], [122.80211, -4.33359], [122.80158, -4.33056], [122.79974, -4.32756], [122.79943, -4.32446], [122.7999, -4.32288], [122.80386, -4.3214], [122.80452, -4.31758], [122.8065, -4.3149], [122.80919, -4.3139], [122.81131, -4.31077], [122.81427, -4.30879], [122.84245, -4.33921], [122.8472, -4.3479], [122.85572, -4.35965], [122.85822, -4.37252]]]}}, {"type": "Feature", "properties": {"domain_id": "740205", "name": "SAMPARA"}, "geometry": {"type": "Polygon", "coordinates": [[[122.41203, -4.01064], [122.40708, -4.01145], [122.406, -4.01326], [122.40455, -4.01399], [122.40041, -4.01439], [122.38465, -4.0147], [122.37305, -4.01339], [122.37008, -4.00491], [122.3685, -4.00294], [122.36862, -3.99903], [122.3661, -3.99705], [122.36376, -3.99636], [122.35944, -3.99889], [122.35909, -3.99841], [122.35898, -3.99597], [122.36306, -3.99089], [122.36231, -3.9889], [122.36314, -3.98767], [122.36247, -3.98256], [122.36295, -3.98137], [122.36185, -3.98005], [122.36169, -3.97824], [122.36287, -3.97815], [122.3642, -3.97911], [122.36717, -3.97717], [122.36806, -3.97533], [122.36862, -3.97148], [122.36866, -3.96645], [122.36774, -3.96344], [122.3692, -3.96113], [122.37217, -3.95981], [122.37306, -3.95503], [122.37476, -3.95206], [122.37647, -3.9522], [122.37742, -3.95129], [122.37926, -3.95116], [122.38373, -3.9487], [122.38523, -3.95061], [122.38929, -3.95204], [122.39102, -3.95352], [122.3943, -3.95375], [122.39921, -3.95761], [122.40022, -3.95983], [122.40538, -3.96046], [122.40661, -3.95948], [122.41286, -3.96703], [122.41488, -3.96642], [122.41704, -3.96226], [122.42469, -3.96345], [122.4249, -3.96428], [122.42621, -3.96452], [122.4259, -3.96554], [122.4286, -3.96842], [122.42826, -3.96994], [122.43036, -3.97343], [122.43028, -3.98373], [122.4313, -3.98546], [122.43236, -3.98572], [122.43239, -3.98759], [122.43334, -3.98758], [122.43379, -3.98952], [122.43703, -3.98964], [122.43857, -3.99102], [122.44052, -3.99162], [122.44208, -3.99039], [122.44426, -3.99075], [122.44507, -3.9899], [122.44612, -3.99218], [122.4458, -3.99458], [122.44447, -3.99687], [122.44381, -4.00848], [122.44294, -4.01156], [122.44067, -4.01152], [122.43873, -4.01254], [122.43718, -4.01177], [122.43446, -4.01367], [122.43126, -4.01134], [122.42923, -4.01107], [122.42218, -4.01243], [122.41411, -4.01052], [122.41203, -4.01064]]]}}, {"type": "Feature", "properties": {"domain_id": "747105", "name": "KENDARI BARAT"}, "geometry": {"type": "Polygon", "coordinates": [[[122.53654, -3.96848], [122.53539, -3.96904], [122.53454, -3.96792], [122.53488, -3.96929], [122.53108, -3.97099], [122.53171, -3.97279], [122.53065, -3.97309], [122.52736, -3.97087], [122.52589, -3.96851], [122.52222, -3.96636], [122.52418, -3.96206], [122.52486, -3.96231], [122.52516, -3.96135], [122.52458, -3.95905], [122.52574, -3.95471], [122.52566, -3.95159], [122.52079, -3.94096], [122.52268, -3.93336], [122.52383, -3.93589], [122.52326, -3.93924], [122.52425, -3.94136], [122.52727, -3.93801], [122.53235, -3.93795], [122.53372, -3.93885], [122.53556, -3.93897], [122.53652, -3.94047], [122.53852, -3.9418], [122.54032, -3.94182], [122.54135, -3.94068], [122.54623, -3.94351], [122.54939, -3.94305], [122.55014, -3.94195], [122.5527, -3.94141], [122.553, -3.93967], [122.55547, -3.93634], [122.5555, -3.93275], [122.55789, -3.9331], [122.56125, -3.93239], [122.56558, -3.93438], [122.56695, -3.93337], [122.57006, -3.93373], [122.57189, -3.93654], [122.57224, -3.93855], [122.57455, -3.94081], [122.58148, -3.93853], [122.58322, -3.94437], [122.583, -3.94859], [122.58168, -3.95117], [122.58353, -3.95245], [122.58379, -3.95339], [122.58272, -3.95865], [122.58372, -3.96411], [122.58297, -3.96549], [122.58062, -3.96572], [122.57985, -3.96766], [122.58131, -3.96838], [122.5807, -3.97038], [122.5815, -3.97161], [122.57932, -3.97194], [122.57925, -3.9727], [122.57632, -3.97282], [122.57637, -3.97389], [122.57596, -3.97386], [122.57622, -3.9727], [122.57433, -3.97224], [122.57432, -3.97115], [122.57252, -3.97136], [122.57254, -3.97197], [122.57208, -3.97193], [122.57231, -3.97134], [122.57145, -3.97148], [122.57168, -3.97075], [122.56547, -3.96969], [122.56453, -3.97021], [122.56427, -3.96938], [122.56166, -3.96789], [122.5566, -3.96691], [122.55553, -3.96691], [122.55522, -3.96789], [122.55463, -3.96789], [122.55064, -3.96769], [122.5506, -3.96681], [122.54889, -3.96757], [122.54799, -3.96667], [122.54775, -3.96758], [122.54686, -3.96781], [122.53857, -3.96776], [122.53845, -3.96689], [122.53814, -3.96799], [122.53654, -3.96848]]]}}, {"type": "Feature", "properties": {"domain_id": "747109", "name": "PUUWATU"}, "geometry": {"type": "Polygon", "coordinates": [[[122.4642, -3.99315], [122.46349, -3.99465], [122.46402, -3.99811], [122.46456, -3.99887], [122.46583, -3.99895], [122.46673, -4.00067], [122.46967, -4.00322], [122.47059, -4.00536], [122.46995, -4.00641], [122.47127, -4.00818], [122.47211, -4.01121], [122.46728, -4.01177], [122.4656, -4.01294], [122.4651, -4.0141], [122.46311, -4.01523], [122.46085, -4.01544], [122.45759, -4.01701], [122.45838, -4.01759], [122.45881, -4.02032], [122.46026, -4.02207], [122.46234, -4.02327], [122.46297, -4.0241], [122.4627, -4.0249], [122.45378, -4.02219], [122.44964, -4.02019], [122.44803, -4.01909], [122.44436, -4.01466], [122.44294, -4.01156], [122.44381, -4.00848], [122.44447, -3.99687], [122.4458, -3.99458], [122.44612, -3.99218], [122.44495, -3.98974], [122.44655, -3.98812], [122.4463, -3.98492], [122.44875, -3.98329], [122.4493, -3.98188], [122.44928, -3.98028], [122.44791, -3.97811], [122.44968, -3.97678], [122.45005, -3.97503], [122.45133, -3.97347], [122.45024, -3.9687], [122.44906, -3.96746], [122.4494, -3.96503], [122.4519, -3.96608], [122.4555, -3.96583], [122.45694, -3.96404], [122.45742, -3.96231], [122.4566, -3.96032], [122.45536, -3.9502], [122.45374, -3.9524], [122.4531, -3.95245], [122.45361, -3.94796], [122.45304, -3.94557], [122.45443, -3.94194], [122.45555, -3.94115], [122.4562, -3.93713], [122.45783, -3.93337], [122.45887, -3.93197], [122.46423, -3.92886], [122.46764, -3.9292], [122.47112, -3.93187], [122.47412, -3.93299], [122.47878, -3.93796], [122.48075, -3.93778], [122.48232, -3.93606], [122.48706, -3.93681], [122.49544, -3.93974], [122.49782, -3.94409], [122.49846, -3.94398], [122.50131, -3.94652], [122.50511, -3.94787], [122.50789, -3.94988], [122.50919, -3.95], [122.51262, -3.95402], [122.51292, -3.95524], [122.51136, -3.95825], [122.51152, -3.96138], [122.51254, -3.96218], [122.51229, -3.96477], [122.51112, -3.9654], [122.50987, -3.96782], [122.50759, -3.96831], [122.50714, -3.9695], [122.50755, -3.97042], [122.50573, -3.97065], [122.50632, -3.97192], [122.50281, -3.97481], [122.49894, -3.9727], [122.49804, -3.97077], [122.4964, -3.97085], [122.4956, -3.97141], [122.49424, -3.97515], [122.49324, -3.97476], [122.49261, -3.97617], [122.49129, -3.9769], [122.49085, -3.97628], [122.48529, -3.9823], [122.48361, -3.98338], [122.48267, -3.98522], [122.48172, -3.98497], [122.48068, -3.98588], [122.4771, -3.98661], [122.47705, -3.98783], [122.47561, -3.98884], [122.47203, -3.98981], [122.47085, -3.99073], [122.46565, -3.99], [122.4642, -3.99315]]]}}, {"type": "Feature", "properties": {"domain_id": "740215", "name": "TONGAUNA"}, "geometry": {"type": "Polygon", "coordinates": [[[122.02761, -3.85], [122.0333, -3.85652], [122.03032, -3.86055], [122.03163, -3.86296], [122.03032, -3.86662], [122.02478, -3.86077], [122.02383, -3.85703], [122.0159, -3.85294], [122.01348, -3.85266], [122.0087, -3.84407], [122.00592, -3.84122], [122.00342, -3.84007], [121.99999, -3.83493], [121.99656, -3.83308], [121.99414, -3.83065], [121.99131, -3.82909], [121.99064, -3.83154], [121.99308, -3.8353], [121.99288, -3.83692], [121.98907, -3.83899], [121.98713, -3.84159], [121.98776, -3.83658], [121.98349, -3.83406], [121.98124, -3.83443], [121.97886, -3.83367], [121.97673, -3.83416], [121.97198, -3.83376], [121.97072, -3.83254], [121.97041, -3.82895], [121.96622, -3.82541], [121.96569, -3.82257], [121.95849, -3.8216], [121.95991, -3.81883], [121.96016, -3.81547], [121.96302, -3.81052], [121.96839, -3.80861], [121.97305, -3.80421], [121.97427, -3.80202], [121.97494, -3.80213], [121.9753, -3.80138], [121.97684, -3.8017], [121.97942, -3.79824], [121.98079, -3.7972], [121.98183, -3.79753], [121.98229, -3.79547], [121.98495, -3.79491], [121.98486, -3.79418], [121.98575, -3.79383], [121.98482, -3.79175], [121.98534, -3.78951], [121.98273, -3.78874], [121.98377, -3.78874], [121.98392, -3.78777], [121.98403, -3.78843], [121.98493, -3.78796], [121.98518, -3.7886], [121.98696, -3.78531], [121.98619, -3.78361], [121.98509, -3.78429], [121.98532, -3.78374], [121.98419, -3.78303], [121.98437, -3.78247], [121.98333, -3.78257], [121.98277, -3.78192], [121.98229, -3.78228], [121.98151, -3.78153], [121.981, -3.78158], [121.98124, -3.7825], [121.98079, -3.78222], [121.98059, -3.78077], [121.9797, -3.78022], [121.98027, -3.77905], [121.98148, -3.77913], [121.98095, -3.77837], [121.9786, -3.77796], [121.97807, -3.77687], [121.97872, -3.77601], [121.98106, -3.77722], [121.98187, -3.77665], [121.98359, -3.77722], [121.98373, -3.77802], [121.98676, -3.77985], [121.98654, -3.78037], [121.98915, -3.78412], [121.98767, -3.78512], [121.98954, -3.78738], [121.98748, -3.78924], [121.98814, -3.78992], [121.98745, -3.79064], [121.99023, -3.79259], [121.99128, -3.79431], [121.99651, -3.7898], [122.00155, -3.79549], [122.0021, -3.7952], [122.00407, -3.79609], [122.00477, -3.79552], [122.01451, -3.80288], [122.01846, -3.80055], [122.01944, -3.80069], [122.026, -3.79821], [122.03038, -3.79831], [122.03058, -3.80102], [122.03116, -3.8015], [122.03765, -3.79986], [122.0401, -3.80157], [122.06149, -3.80753], [122.06139, -3.81458], [122.06069, -3.81454], [122.05998, -3.81342], [122.05852, -3.81338], [122.05793, -3.8124], [122.05489, -3.81231], [122.05443, -3.81329], [122.05261, -3.81437], [122.05116, -3.8184], [122.04868, -3.81901], [122.05033, -3.81984], [122.05014, -3.82074], [122.04785, -3.82169], [122.04744, -3.82351], [122.05034, -3.82681], [122.0452, -3.83706], [122.04748, -3.83819], [122.04654, -3.83987], [122.04784, -3.84046], [122.04706, -3.84212], [122.04883, -3.84292], [122.04553, -3.84959], [122.03362, -3.84379], [122.03085, -3.84848], [122.03001, -3.84785], [122.02761, -3.85]]]}}, {"type": "Feature", "properties": {"domain_id": "747204", "name": "BUNGI"}, "geometry": {"type": "Polygon", "coordinates": [[[122.69202, -5.41332], [122.69136, -5.4177], [122.68828, -5.42276], [122.68272, -5.42835], [122.67974, -5.42876], [122.67705, -5.42717], [122.6765, -5.42799], [122.67557, -5.42809], [122.67466, -5.42547], [122.67252, -5.4264], [122.66814, -5.42487], [122.66612, -5.42237], [122.6649, -5.42195], [122.66633, -5.41887], [122.66664, -5.41543], [122.66492, -5.41657], [122.66194, -5.41674], [122.65973, -5.4152], [122.65921, -5.41347], [122.65835, -5.41304], [122.65715, -5.41357], [122.6537, -5.41257], [122.65228, -5.41437], [122.65167, -5.4141], [122.65224, -5.41379], [122.65208, -5.41313], [122.65115, -5.41333], [122.65026, -5.41156], [122.65052, -5.41059], [122.65142, -5.41085], [122.65242, -5.41001], [122.65056, -5.40938], [122.64988, -5.40766], [122.65135, -5.40316], [122.65284, -5.404], [122.65377, -5.40362], [122.65794, -5.39535], [122.67595, -5.37688], [122.67425, -5.35222], [122.67284, -5.34282], [122.67146, -5.34215], [122.67207, -5.33869], [122.67098, -5.3382], [122.67335, -5.33463], [122.67453, -5.32986], [122.67568, -5.32847], [122.67749, -5.3238], [122.67648, -5.32051], [122.6772, -5.31509], [122.67647, -5.30855], [122.67814, -5.31396], [122.6779, -5.31828], [122.67868, -5.321], [122.68122, -5.3224], [122.6838, -5.32217], [122.68407, -5.32313], [122.68691, -5.32437], [122.6911, -5.32425], [122.69593, -5.32236], [122.69762, -5.3208], [122.70114, -5.3225], [122.70255, -5.32237], [122.7049, -5.32113], [122.70629, -5.3182], [122.70928, -5.31673], [122.71415, -5.31609], [122.72025, -5.32015], [122.722, -5.32176], [122.72566, -5.32788], [122.72766, -5.33498], [122.72774, -5.33984], [122.72642, -5.34934], [122.72545, -5.35178], [122.72577, -5.35437], [122.7279, -5.35611], [122.72789, -5.35708], [122.72987, -5.35762], [122.73473, -5.35799], [122.73623, -5.35662], [122.73894, -5.35981], [122.73693, -5.363], [122.7303, -5.36878], [122.72659, -5.37091], [122.71676, -5.38241], [122.71237, -5.38417], [122.71137, -5.38537], [122.71018, -5.3907], [122.70815, -5.39351], [122.70731, -5.39674], [122.70486, -5.39823], [122.70385, -5.39979], [122.70369, -5.40589], [122.6982, -5.40843], [122.69599, -5.41169], [122.69255, -5.41232], [122.69202, -5.41332]]]}}, {"type": "Feature", "properties": {"domain_id": "747205", "name": "KOKALUKUNA"}, "geometry": {"type": "MultiPolygon", "coordinates": [[[[122.62488, -5.46965], [122.62366, -5.46811], [122.6223, -5.46839], [122.62202, -5.46711], [122.62265, -5.46667], [122.62155, -5.4651], [122.61983, -5.46396], [122.61865, -5.46407], [122.61871, -5.46344], [122.62065, -5.46253], [122.62083, -5.46072], [122.62009, -5.45801], [122.62177, -5.45762], [122.62481, -5.45938], [122.62785, -5.45968], [122.63566, -5.45631], [122.63941, -5.45281], [122.64496, -5.44512], [122.64652, -5.44379], [122.64765, -5.44077], [122.65018, -5.43748], [122.65018, -5.43466], [122.64854, -5.42969], [122.64851, -5.42443], [122.64794, -5.4238], [122.64654, -5.4242], [122.64591, -5.42348], [122.6468, -5.42252], [122.64563, -5.42144], [122.64463, -5.41873], [122.64246, -5.41701], [122.64339, -5.4158], [122.64204, -5.41366], [122.64213, -5.41281], [122.64336, -5.41272], [122.64417, -5.41411], [122.64479, -5.41408], [122.64613, -5.41203], [122.64566, -5.4101], [122.64725, -5.41109], [122.64803, -5.40917], [122.64791, -5.41023], [122.64888, -5.4107], [122.64906, -5.4116], [122.6504, -5.41051], [122.65032, -5.41177], [122.65115, -5.41333], [122.65208, -5.41313], [122.65224, -5.41379], [122.65167, -5.4141], [122.65228, -5.41437], [122.65358, -5.4126], [122.65497, -5.41253], [122.65715, -5.41357], [122.65802, -5.41298], [122.65921, -5.41347], [122.65973, -5.4152], [122.66194, -5.41674], [122.66492, -5.41657], [122.66664, -5.41543], [122.66633, -5.41887], [122.66485, -5.42174], [122.66612, -5.42237], [122.66722, -5.42419], [122.67252, -5.4264], [122.67466, -5.42547], [122.67575, -5.42816], [122.67685, -5.42715], [122.67974, -5.42876], [122.68226, -5.42848], [122.68101, -5.4295], [122.67949, -5.43554], [122.67772, -5.43964], [122.67521, -5.44342], [122.67146, -5.44636], [122.67016, -5.44872], [122.66572, -5.45121], [122.66326, -5.45352], [122.66082, -5.45376], [122.65766, -5.4553], [122.65666, -5.45678], [122.6519, -5.45986], [122.65021, -5.45845], [122.64631, -5.45741], [122.6456, -5.45876], [122.64398, -5.45957], [122.64148, -5.46222], [122.63733, -5.46268], [122.63477, -5.46387], [122.6331, -5.46305], [122.63085, -5.46491], [122.62859, -5.46882], [122.62488, -5.46965]]], [[[122.63121, -5.41787], [122.63025, -5.42109], [122.63053, -5.43011], [122.62767, -5.43576], [122.62518, -5.43599], [122.62295, -5.43732], [122.62257, -5.43202], [122.62405, -5.42314], [122.62565, -5.42057], [122.62747, -5.41937], [122.62885, -5.41975], [122.63121, -5.41787]]]]}}, {"type": "Feature", "properties": {"domain_id": "740906", "name": "LEMBO"}, "geometry": {"type": "Polygon", "coordinates": [[[122.35591, -3.75003], [122.35781, -3.75031], [122.35882, -3.75169], [122.36106, -3.75156], [122.36284, -3.75278], [122.36443, -3.75214], [122.36504, -3.7504], [122.36679, -3.74961], [122.36893, -3.75086], [122.36912, -3.75155], [122.37015, -3.75139], [122.36862, -3.75006], [122.37065, -3.74737], [122.37196, -3.74637], [122.37396, -3.74637], [122.37364, -3.7447], [122.3751, -3.7448], [122.37535, -3.74367], [122.37686, -3.74353], [122.38155, -3.74062], [122.38388, -3.73834], [122.38424, -3.73621], [122.38601, -3.73448], [122.38529, -3.73398], [122.38537, -3.73387], [122.38605, -3.73445], [122.38714, -3.73314], [122.38782, -3.73047], [122.38462, -3.72733], [122.38441, -3.7265], [122.38505, -3.72606], [122.39338, -3.72652], [122.39338, -3.72725], [122.39227, -3.72802], [122.39461, -3.73899], [122.39814, -3.74542], [122.39996, -3.74604], [122.40307, -3.74892], [122.4021, -3.74987], [122.40083, -3.74968], [122.40121, -3.75069], [122.39934, -3.75167], [122.39974, -3.75465], [122.39708, -3.76316], [122.39551, -3.76378], [122.39301, -3.7673], [122.39202, -3.76742], [122.39096, -3.77057], [122.38885, -3.77154], [122.38761, -3.77137], [122.38568, -3.77587], [122.38114, -3.77803], [122.37948, -3.77965], [122.3762, -3.78963], [122.37478, -3.79082], [122.3759, -3.80205], [122.3764, -3.80277], [122.37747, -3.80214], [122.37702, -3.80989], [122.375, -3.81224], [122.37224, -3.81369], [122.37044, -3.81753], [122.36622, -3.81848], [122.36398, -3.82014], [122.36055, -3.82047], [122.35673, -3.82275], [122.35228, -3.82269], [122.34976, -3.82451], [122.34868, -3.82631], [122.34041, -3.83031], [122.33896, -3.83235], [122.33622, -3.82823], [122.33274, -3.82655], [122.33131, -3.8266], [122.32734, -3.82505], [122.31933, -3.82541], [122.31268, -3.82366], [122.30857, -3.82174], [122.30219, -3.8184], [122.29855, -3.81445], [122.28862, -3.80641], [122.28767, -3.80505], [122.28623, -3.79878], [122.287, -3.79555], [122.29028, -3.78967], [122.29008, -3.78666], [122.28255, -3.78197], [122.27596, -3.77888], [122.2715, -3.7752], [122.26945, -3.7685], [122.27231, -3.76745], [122.27591, -3.76431], [122.28171, -3.76276], [122.2878, -3.75876], [122.28908, -3.75658], [122.29275, -3.75584], [122.29679, -3.75309], [122.29779, -3.75133], [122.29858, -3.74609], [122.30278, -3.74338], [122.30317, -3.74027], [122.30542, -3.73509], [122.31158, -3.73042], [122.31201, -3.72952], [122.31545, -3.72864], [122.31689, -3.72932], [122.31938, -3.72883], [122.32082, -3.72935], [122.32358, -3.72855], [122.3249, -3.7298], [122.32579, -3.72944], [122.32598, -3.73339], [122.32715, -3.73509], [122.32791, -3.73324], [122.32861, -3.73523], [122.32935, -3.73469], [122.32979, -3.7355], [122.33129, -3.73491], [122.33164, -3.73596], [122.33188, -3.73441], [122.33285, -3.73336], [122.33374, -3.73396], [122.33499, -3.73368], [122.33523, -3.73422], [122.33697, -3.73399], [122.33577, -3.73763], [122.33987, -3.74183], [122.33965, -3.74251], [122.33845, -3.74221], [122.33778, -3.74245], [122.34057, -3.74382], [122.34173, -3.74507], [122.34627, -3.74298], [122.34713, -3.74431], [122.34706, -3.74345], [122.34754, -3.74411], [122.34866, -3.7439], [122.34986, -3.74607], [122.35275, -3.74796], [122.35371, -3.74949], [122.35446, -3.7496], [122.35503, -3.74867], [122.35591, -3.75003]]]}}, {"type": "Feature", "properties": {"domain_id": "740210", "name": "ABUKI"}, "geometry": {"type": "Polygon", "coordinates": [[[121.92085, -3.83391], [121.91906, -3.83493], [121.91385, -3.83586], [121.91017, -3.83408], [121.90978, -3.83108], [121.90375, -3.83019], [121.90446, -3.82772], [121.90332, -3.82358], [121.9011, -3.8231], [121.89735, -3.81724], [121.89248, -3.82034], [121.88934, -3.81876], [121.88492, -3.8138], [121.88429, -3.81236], [121.88535, -3.81093], [121.88488, -3.8068], [121.88317, -3.80446], [121.88186, -3.80064], [121.88009, -3.79966], [121.87898, -3.79619], [121.87946, -3.79321], [121.8776, -3.79115], [121.87648, -3.78771], [121.87881, -3.78735], [121.88133, -3.78501], [121.88748, -3.78419], [121.89532, -3.77695], [121.89149, -3.7749], [121.88954, -3.77222], [121.88614, -3.76967], [121.88524, -3.76755], [121.87884, -3.76489], [121.87536, -3.76496], [121.87453, -3.76373], [121.87307, -3.7574], [121.87303, -3.75443], [121.8708, -3.7516], [121.87012, -3.7481], [121.86734, -3.74515], [121.86567, -3.7415], [121.86591, -3.73922], [121.86752, -3.73742], [121.86614, -3.7336], [121.86644, -3.73029], [121.868, -3.72756], [121.86707, -3.72265], [121.87157, -3.72303], [121.87624, -3.7245], [121.87841, -3.72553], [121.8788, -3.72646], [121.88299, -3.72633], [121.89274, -3.72824], [121.89588, -3.72585], [121.89526, -3.72301], [121.89704, -3.72016], [121.89787, -3.71995], [121.9016, -3.72088], [121.9038, -3.72558], [121.90632, -3.72684], [121.90459, -3.72479], [121.90563, -3.72426], [121.9051, -3.72362], [121.90571, -3.72319], [121.90851, -3.72477], [121.90827, -3.72399], [121.90882, -3.72372], [121.90801, -3.72059], [121.90707, -3.72024], [121.90748, -3.71927], [121.90657, -3.72], [121.90654, -3.71933], [121.90554, -3.71954], [121.90472, -3.7184], [121.90366, -3.71871], [121.90185, -3.7169], [121.90211, -3.71615], [121.90418, -3.71654], [121.90424, -3.7159], [121.90518, -3.71655], [121.90569, -3.71567], [121.90641, -3.7159], [121.90567, -3.71514], [121.90592, -3.71457], [121.90437, -3.71416], [121.90481, -3.71339], [121.90615, -3.71305], [121.90611, -3.71173], [121.90222, -3.71042], [121.90133, -3.70929], [121.90209, -3.70802], [121.90111, -3.70736], [121.89952, -3.70747], [121.89806, -3.70671], [121.89663, -3.7029], [121.896, -3.70339], [121.89565, -3.70205], [121.89621, -3.70154], [121.89683, -3.70208], [121.8981, -3.70064], [121.89907, -3.70104], [121.89827, -3.69968], [121.89923, -3.69906], [121.89962, -3.69963], [121.89958, -3.69871], [121.90044, -3.69872], [121.89959, -3.69772], [121.90029, -3.69785], [121.9021, -3.69455], [121.90437, -3.69314], [121.90469, -3.69094], [121.91168, -3.68811], [121.91317, -3.68673], [121.91737, -3.67985], [121.91865, -3.67938], [121.92111, -3.68232], [121.92486, -3.68387], [121.92829, -3.68307], [121.9299, -3.68058], [121.93371, -3.68116], [121.93757, -3.67991], [121.94233, -3.68077], [121.94684, -3.67591], [121.95171, -3.67592], [121.95372, -3.67299], [121.95561, -3.67477], [121.95659, -3.67488], [121.95844, -3.67334], [121.96113, -3.66866], [121.96259, -3.66733], [121.96327, -3.66719], [121.96467, -3.66846], [121.9695, -3.66876], [121.96997, -3.66659], [121.97164, -3.6637], [121.97149, -3.66131], [121.97428, -3.65833], [121.97485, -3.65687], [121.97369, -3.65278], [121.97154, -3.65147], [121.97144, -3.6507], [121.97553, -3.64968], [121.97791, -3.64581], [121.97825, -3.64416], [121.98054, -3.64246], [121.9837, -3.63514], [121.98067, -3.62855], [121.97666, -3.62576], [121.97484, -3.6236], [121.97483, -3.62211], [121.97724, -3.61901], [121.98058, -3.61925], [121.98143, -3.61709], [121.98404, -3.61415], [121.98685, -3.61273], [121.98733, -3.60719], [121.99161, -3.5988], [121.99159, -3.59324], [121.99075, -3.58809], [121.98894, -3.58424], [121.98754, -3.58346], [121.98304, -3.57808], [121.98083, -3.57451], [121.98317, -3.57217], [121.98376, -3.57364], [121.98717, -3.57656], [121.99365, -3.58406], [121.99822, -3.58618], [122.00314, -3.58627], [122.00373, -3.5868], [122.00365, -3.58841], [122.00162, -3.59183], [122.00372, -3.59555], [122.01029, -3.60382], [122.0106, -3.60699], [122.00916, -3.61097], [122.01003, -3.61242], [122.01332, -3.61461], [122.01734, -3.61859], [122.02095, -3.61602], [122.02814, -3.617], [122.03149, -3.61574], [122.03314, -3.61682], [122.03439, -3.61613], [122.03602, -3.61757], [122.03929, -3.61643], [122.04314, -3.62135], [122.04271, -3.62445], [122.0387, -3.6322], [122.0354, -3.63396], [122.03408, -3.63677], [122.0305, -3.6395], [122.03105, -3.64489], [122.02852, -3.64839], [122.02639, -3.64986], [122.02205, -3.66249], [122.01734, -3.66431], [122.01522, -3.66681], [122.01159, -3.66814], [122.01008, -3.66958], [122.00922, -3.67169], [122.00988, -3.67492], [122.00345, -3.68125], [122.00291, -3.68324], [122.00099, -3.68613], [121.99608, -3.68623], [121.99236, -3.68894], [121.99052, -3.68948], [121.98765, -3.69246], [121.98288, -3.69231], [121.97873, -3.69891], [121.97961, -3.70113], [121.9788, -3.70366], [121.97904, -3.70555], [121.98206, -3.7096], [121.98278, -3.71177], [121.98173, -3.71523], [121.97453, -3.71723], [121.97197, -3.72351], [121.97223, -3.72563], [121.97015, -3.73092], [121.96851, -3.73267], [121.96578, -3.73401], [121.96294, -3.73718], [121.9597, -3.73856], [121.95799, -3.74447], [121.95797, -3.74668], [121.95271, -3.75267], [121.95209, -3.75411], [121.9528, -3.7556], [121.95257, -3.7565], [121.95071, -3.7575], [121.94832, -3.75772], [121.94827, -3.75864], [121.95105, -3.76056], [121.95161, -3.7618], [121.9596, -3.76495], [121.95831, -3.7654], [121.95897, -3.76655], [121.95875, -3.76775], [121.95693, -3.77024], [121.95967, -3.77127], [121.95993, -3.77055], [121.9628, -3.77144], [121.9658, -3.77154], [121.96564, -3.77231], [121.9665, -3.77275], [121.96579, -3.77331], [121.96701, -3.77582], [121.96628, -3.77613], [121.96658, -3.77687], [121.96911, -3.77773], [121.9688, -3.77678], [121.96965, -3.77703], [121.97026, -3.77614], [121.97207, -3.77747], [121.97259, -3.77598], [121.97441, -3.77664], [121.97509, -3.77548], [121.97598, -3.77652], [121.97532, -3.77751], [121.97683, -3.77673], [121.97761, -3.77758], [121.97807, -3.77687], [121.9786, -3.77796], [121.98095, -3.77837], [121.98148, -3.7794], [121.98027, -3.77905], [121.97969, -3.78037], [121.98052, -3.78065], [121.98079, -3.78222], [121.98124, -3.7825], [121.981, -3.78158], [121.98151, -3.78153], [121.98229, -3.78228], [121.98277, -3.78192], [121.98333, -3.78257], [121.98437, -3.78247], [121.98419, -3.78303], [121.98532, -3.78374], [121.98509, -3.78429], [121.98619, -3.78361], [121.98696, -3.78531], [121.98518, -3.7886], [121.98493, -3.78796], [121.98403, -3.78843], [121.98392, -3.78777], [121.98377, -3.78874], [121.98273, -3.78874], [121.98534, -3.78951], [121.98482, -3.79175], [121.98575, -3.79383], [121.98486, -3.79418], [121.98495, -3.79491], [121.98229, -3.79547], [121.98183, -3.79753], [121.98079, -3.7972], [121.97942, -3.79824], [121.97684, -3.8017], [121.9753, -3.80138], [121.97494, -3.80213], [121.97427, -3.80202], [121.97305, -3.80421], [121.96839, -3.80861], [121.96302, -3.81052], [121.96016, -3.81547], [121.96001, -3.81841], [121.95841, -3.82144], [121.95883, -3.82189], [121.9578, -3.8262], [121.95504, -3.82907], [121.95294, -3.83298], [121.95282, -3.83432], [121.94855, -3.83172], [121.94336, -3.83081], [121.94095, -3.83244], [121.93338, -3.83273], [121.93139, -3.83521], [121.9268, -3.83215], [121.92325, -3.83152], [121.92085, -3.83391]]]}}, {"type": "Feature", "properties": {"domain_id": "740237", "name": "ONEMBUTE"}, "geometry": {"type": "Polygon", "coordinates": [[[122.00567, -4.12792], [122.00383, -4.12718], [122.00044, -4.12869], [121.9908, -4.12975], [121.9882, -4.1295], [121.98678, -4.12856], [121.98502, -4.12333], [121.98417, -4.12247], [121.98152, -4.1226], [121.98131, -4.12215], [121.98682, -4.12058], [121.98815, -4.11893], [121.988, -4.11748], [121.99008, -4.11774], [121.99201, -4.11484], [121.99176, -4.11249], [121.99047, -4.11129], [121.99068, -4.10953], [121.98957, -4.10746], [121.98877, -4.09876], [121.98754, -4.09644], [121.98028, -4.09236], [121.979, -4.09082], [121.97664, -4.08992], [121.97383, -4.08996], [121.97197, -4.08909], [121.96946, -4.08498], [121.9668, -4.08345], [121.9661, -4.08021], [121.96173, -4.0747], [121.96093, -4.07039], [121.95947, -4.0673], [121.9549, -4.06301], [121.95478, -4.05892], [121.95134, -4.05674], [121.95272, -4.02916], [121.9545, -4.02621], [121.95575, -4.02658], [121.95868, -4.02463], [121.95876, -4.02179], [121.95755, -4.02024], [121.95814, -4.01632], [121.96209, -4.00986], [121.96555, -3.99768], [121.96476, -3.99469], [121.9631, -3.99187], [121.96343, -3.98837], [121.96622, -3.98839], [121.96745, -3.98903], [121.97054, -3.98855], [121.97138, -3.98764], [121.97331, -3.98762], [121.97598, -3.98841], [121.97797, -3.99019], [121.97868, -3.99229], [121.98396, -3.9958], [121.98597, -3.99603], [121.98911, -3.99255], [121.98954, -3.99159], [121.98887, -3.99069], [121.99169, -3.99096], [121.99563, -3.99268], [121.99716, -3.99157], [122.0, -3.99167], [122.00579, -3.99325], [122.00476, -3.98761], [122.02287, -3.98255], [122.02622, -3.98231], [122.02889, -3.98801], [122.03234, -3.98977], [122.03729, -3.9937], [122.04135, -3.99283], [122.04684, -3.99064], [122.05131, -3.99125], [122.05402, -3.99112], [122.05485, -3.99038], [122.05548, -3.9906], [122.05642, -3.99305], [122.07099, -3.99287], [122.07079, -4.00003], [122.07047, -4.00169], [122.06982, -4.00205], [122.07067, -4.00409], [122.06994, -4.00522], [122.07054, -4.00615], [122.06978, -4.00703], [122.07017, -4.00813], [122.06951, -4.0093], [122.07002, -4.0099], [122.06678, -4.01188], [122.0651, -4.01592], [122.06501, -4.01783], [122.06571, -4.01839], [122.06592, -4.02022], [122.06693, -4.02162], [122.06803, -4.02188], [122.06698, -4.03139], [122.0642, -4.03582], [122.06378, -4.03903], [122.0619, -4.04254], [122.05928, -4.04428], [122.05805, -4.04348], [122.05543, -4.0474], [122.05442, -4.0477], [122.05327, -4.05918], [122.05363, -4.06249], [122.05116, -4.06405], [122.05012, -4.06559], [122.04904, -4.07116], [122.04936, -4.07321], [122.05083, -4.07395], [122.05064, -4.07655], [122.04958, -4.07722], [122.04938, -4.07922], [122.05063, -4.08496], [122.04796, -4.09331], [122.04736, -4.09986], [122.04777, -4.10234], [122.05051, -4.10878], [122.05527, -4.11713], [122.05194, -4.12097], [122.04579, -4.12333], [122.0404, -4.12722], [122.03782, -4.12718], [122.02777, -4.12381], [122.02236, -4.12314], [122.01879, -4.12358], [122.00929, -4.12745], [122.00567, -4.12792]]]}}, {"type": "Feature", "properties": {"domain_id": "740427", "name": "SIOTAPINA"}, "geometry": {"type": "Polygon", "coordinates": [[[123.03574, -5.43645], [123.02254, -5.4423], [123.01691, -5.44398], [123.01515, -5.44396], [123.01354, -5.43808], [123.00842, -5.43177], [123.00451, -5.42448], [123.00425, -5.42324], [123.0049, -5.42243], [123.00377, -5.42234], [123.00364, -5.42128], [123.00462, -5.42013], [123.00334, -5.41994], [123.00438, -5.41876], [123.00316, -5.41836], [123.00283, -5.41675], [123.0039, -5.41485], [123.00251, -5.41443], [123.00092, -5.41192], [123.00115, -5.41021], [123.00212, -5.40885], [123.00139, -5.40871], [123.00135, -5.40764], [123.00058, -5.40723], [122.99911, -5.40878], [122.99898, -5.40662], [123.00031, -5.40697], [122.9976, -5.40414], [122.99724, -5.40157], [122.9954, -5.39944], [122.99018, -5.39968], [122.98911, -5.39801], [122.98794, -5.39801], [122.98833, -5.39534], [122.99666, -5.39667], [122.99906, -5.39328], [122.99902, -5.39173], [122.99697, -5.38932], [122.99355, -5.38898], [122.99283, -5.38719], [122.98977, -5.38445], [122.98855, -5.38232], [122.98535, -5.38104], [122.98466, -5.37957], [122.98496, -5.37687], [122.98345, -5.37418], [122.97741, -5.37076], [122.97668, -5.36911], [122.97644, -5.36511], [122.9728, -5.36062], [122.97232, -5.35443], [122.96624, -5.34461], [122.96579, -5.34109], [122.96627, -5.33959], [122.96933, -5.33536], [122.97156, -5.32934], [122.97132, -5.32388], [122.96975, -5.32212], [122.96799, -5.32134], [122.96133, -5.31987], [122.95795, -5.31835], [122.95613, -5.31654], [122.95397, -5.31125], [122.95764, -5.30242], [122.96253, -5.2948], [122.96492, -5.29281], [122.97009, -5.29108], [122.9792, -5.29118], [122.9827, -5.28948], [122.99068, -5.28384], [122.99489, -5.2826], [123.0048, -5.28119], [123.00778, -5.28209], [123.01071, -5.28148], [123.01432, -5.27773], [123.01627, -5.27307], [123.01856, -5.26977], [123.0219, -5.26687], [123.02782, -5.26577], [123.03439, -5.26659], [123.03913, -5.26543], [123.04315, -5.26641], [123.04351, -5.2686], [123.04727, -5.27487], [123.0533, -5.2765], [123.05554, -5.27853], [123.05601, -5.28023], [123.05594, -5.28922], [123.05741, -5.29497], [123.0652, -5.30222], [123.07207, -5.31244], [123.07678, -5.31798], [123.07781, -5.32107], [123.07991, -5.32162], [123.08716, -5.32055], [123.09541, -5.32199], [123.10374, -5.32499], [123.10763, -5.32534], [123.10865, -5.32625], [123.10835, -5.32816], [123.10891, -5.33001], [123.11273, -5.33051], [123.11583, -5.33372], [123.12262, -5.33666], [123.125, -5.33661], [123.12662, -5.33533], [123.12784, -5.33265], [123.12636, -5.33074], [123.12769, -5.32936], [123.12968, -5.32907], [123.13099, -5.33044], [123.13321, -5.33048], [123.13357, -5.332], [123.13563, -5.32986], [123.13777, -5.32888], [123.13865, -5.32904], [123.14009, -5.33139], [123.14187, -5.33077], [123.14208, -5.32893], [123.1435, -5.32931], [123.14551, -5.33178], [123.15257, -5.3362], [123.15407, -5.34144], [123.15515, -5.34298], [123.15747, -5.345], [123.16302, -5.34759], [123.16465, -5.34976], [123.16426, -5.35097], [123.16582, -5.35066], [123.1664, -5.35135], [123.16474, -5.35326], [123.16191, -5.35396], [123.16175, -5.35548], [123.16281, -5.35844], [123.16203, -5.36037], [123.16224, -5.36154], [123.15926, -5.36307], [123.15743, -5.36861], [123.15549, -5.37041], [123.1541, -5.37059], [123.15387, -5.37207], [123.15241, -5.37261], [123.15289, -5.37358], [123.15193, -5.37484], [123.14973, -5.37573], [123.14925, -5.37715], [123.1465, -5.37993], [123.14401, -5.38194], [123.14318, -5.38093], [123.1427, -5.38118], [123.14228, -5.38264], [123.14135, -5.3832], [123.14192, -5.38364], [123.14285, -5.38301], [123.1432, -5.38362], [123.14165, -5.38427], [123.13942, -5.39072], [123.13386, -5.39767], [123.1314, -5.39755], [123.13096, -5.39935], [123.1286, -5.4003], [123.1247, -5.40054], [123.1193, -5.40193], [123.11417, -5.40047], [123.1074, -5.4042], [123.10637, -5.40544], [123.10142, -5.40777], [123.10185, -5.40919], [123.10104, -5.40933], [123.10005, -5.40845], [123.09725, -5.41085], [123.09371, -5.41097], [123.09167, -5.41158], [123.0882, -5.41391], [123.08346, -5.41465], [123.08238, -5.41632], [123.08151, -5.41538], [123.07803, -5.41589], [123.07086, -5.41906], [123.07001, -5.41994], [123.06546, -5.42057], [123.06125, -5.42206], [123.06049, -5.42294], [123.0592, -5.42287], [123.04671, -5.42961], [123.03574, -5.43645]]]}}, {"type": "Feature", "properties": {"domain_id": "740323", "name": "KABANGKA"}, "geometry": {"type": "Polygon", "coordinates": [[[122.42493, -4.96792], [122.4256, -4.97154], [122.427, -4.97253], [122.42832, -4.97617], [122.43043, -4.97881], [122.43368, -4.9783], [122.43488, -4.97609], [122.436, -4.97616], [122.43746, -4.97903], [122.43584, -4.98068], [122.43657, -4.98195], [122.44074, -4.98203], [122.44252, -4.98273], [122.44259, -4.98468], [122.44495, -4.98542], [122.44424, -4.98665], [122.44281, -4.9874], [122.43967, -4.98755], [122.43962, -4.98925], [122.43866, -4.99072], [122.43608, -4.99074], [122.43353, -4.99275], [122.43136, -4.99281], [122.4214, -4.99564], [122.41835, -4.99491], [122.41327, -4.99525], [122.41204, -4.99628], [122.41103, -4.99616], [122.41073, -4.99726], [122.4086, -4.99775], [122.40705, -5.00045], [122.40538, -5.00039], [122.40337, -4.99861], [122.40094, -5.00025], [122.3978, -5.00048], [122.3982, -4.99787], [122.39717, -4.99723], [122.39569, -4.99743], [122.39336, -5.0], [122.3912, -5.0], [122.38817, -4.99567], [122.3843, -4.99202], [122.38351, -4.98978], [122.38126, -4.98863], [122.38066, -4.9857], [122.3814, -4.98424], [122.38069, -4.98088], [122.37579, -4.97687], [122.3759, -4.97518], [122.37966, -4.96984], [122.37999, -4.96835], [122.37791, -4.9578], [122.37582, -4.95319], [122.37253, -4.94803], [122.36954, -4.94596], [122.3623, -4.94575], [122.36061, -4.94495], [122.36005, -4.94397], [122.36054, -4.93934], [122.35845, -4.93145], [122.35907, -4.93044], [122.36109, -4.93004], [122.36145, -4.92896], [122.36085, -4.92719], [122.35912, -4.92575], [122.35923, -4.92342], [122.36035, -4.92324], [122.36287, -4.92476], [122.36405, -4.92665], [122.36507, -4.92618], [122.36567, -4.9244], [122.36404, -4.92301], [122.36543, -4.92092], [122.36385, -4.91887], [122.36451, -4.91793], [122.36737, -4.92042], [122.37114, -4.92133], [122.37767, -4.92463], [122.38124, -4.92356], [122.38521, -4.92052], [122.38833, -4.91642], [122.39061, -4.91471], [122.39723, -4.91484], [122.40609, -4.90919], [122.41525, -4.90997], [122.41777, -4.90651], [122.42115, -4.90907], [122.42009, -4.91038], [122.42532, -4.91008], [122.43862, -4.91153], [122.45626, -4.91616], [122.46167, -4.91844], [122.46117, -4.92723], [122.46244, -4.92945], [122.44424, -4.92472], [122.44118, -4.94039], [122.43923, -4.94049], [122.4389, -4.94141], [122.43947, -4.94256], [122.44098, -4.9428], [122.43976, -4.9464], [122.44222, -4.94621], [122.44303, -4.9477], [122.44506, -4.94709], [122.4459, -4.9488], [122.44708, -4.94951], [122.44804, -4.94907], [122.44948, -4.95062], [122.45081, -4.95034], [122.45158, -4.94805], [122.45305, -4.94743], [122.45468, -4.94751], [122.45576, -4.94897], [122.45906, -4.9499], [122.46137, -4.94965], [122.46299, -4.95025], [122.46513, -4.949], [122.46696, -4.9494], [122.46832, -4.95041], [122.46959, -4.95258], [122.47648, -4.95279], [122.48164, -4.95417], [122.48145, -4.95487], [122.48224, -4.95598], [122.48385, -4.9551], [122.48471, -4.95606], [122.48677, -4.95618], [122.4878, -4.95751], [122.48903, -4.96181], [122.49042, -4.96276], [122.49288, -4.96248], [122.4932, -4.96323], [122.49583, -4.96415], [122.49419, -4.96662], [122.49455, -4.96818], [122.49412, -4.96918], [122.49187, -4.97159], [122.49004, -4.97153], [122.48982, -4.9738], [122.48878, -4.97527], [122.4862, -4.97608], [122.48349, -4.97604], [122.48158, -4.97469], [122.47846, -4.9737], [122.47687, -4.9739], [122.46847, -4.97202], [122.46598, -4.97346], [122.46397, -4.97328], [122.45948, -4.9747], [122.45147, -4.97492], [122.44878, -4.97332], [122.44715, -4.97313], [122.44843, -4.96942], [122.44745, -4.96854], [122.44708, -4.96946], [122.4407, -4.96936], [122.42757, -4.96698], [122.42498, -4.96729], [122.42493, -4.96792]]]}}, {"type": "Feature", "properties": {"domain_id": "741406", "name": "GU"}, "geometry": {"type": "Polygon", "coordinates": [[[122.61459, -5.34769], [122.61333, -5.3482], [122.6104, -5.35174], [122.60615, -5.35283], [122.60171, -5.3553], [122.59942, -5.35714], [122.59657, -5.36121], [122.59195, -5.35642], [122.59084, -5.35307], [122.59579, -5.3489], [122.60097, -5.34586], [122.60244, -5.34339], [122.60537, -5.34069], [122.609, -5.33261], [122.6094, -5.31448], [122.6101, -5.30843], [122.60963, -5.30233], [122.60559, -5.29956], [122.60257, -5.29532], [122.59911, -5.29209], [122.59372, -5.28988], [122.58957, -5.28946], [122.5866, -5.28756], [122.5815, -5.28648], [122.57769, -5.28493], [122.57366, -5.28204], [122.56962, -5.28094], [122.56447, -5.27638], [122.56117, -5.27444], [122.55814, -5.27378], [122.55232, -5.26944], [122.55, -5.26617], [122.55096, -5.26333], [122.54695, -5.26128], [122.54552, -5.25775], [122.54531, -5.24879], [122.5401, -5.24412], [122.52726, -5.22357], [122.52364, -5.21997], [122.51595, -5.21657], [122.5133, -5.21613], [122.50939, -5.21389], [122.50701, -5.21047], [122.50441, -5.2085], [122.51611, -5.19675], [122.52289, -5.19761], [122.52817, -5.19511], [122.53759, -5.20617], [122.54023, -5.20403], [122.55108, -5.21031], [122.56143, -5.22788], [122.56764, -5.22788], [122.60688, -5.22324], [122.59664, -5.22707], [122.59377, -5.22918], [122.59067, -5.23241], [122.58563, -5.24033], [122.58086, -5.24522], [122.57975, -5.24537], [122.5784, -5.24717], [122.57704, -5.24773], [122.57705, -5.24978], [122.57762, -5.25117], [122.57917, -5.2515], [122.5795, -5.25275], [122.57856, -5.25366], [122.57919, -5.25343], [122.5792, -5.25408], [122.58057, -5.25481], [122.58014, -5.25571], [122.58422, -5.25565], [122.58814, -5.25381], [122.59626, -5.25162], [122.59831, -5.25173], [122.60273, -5.2499], [122.60681, -5.25038], [122.61256, -5.24949], [122.61589, -5.2508], [122.61714, -5.24957], [122.62038, -5.24944], [122.62334, -5.25023], [122.62521, -5.2515], [122.6282, -5.25463], [122.6335, -5.25812], [122.63828, -5.26341], [122.63911, -5.26357], [122.64467, -5.27772], [122.64581, -5.28508], [122.64596, -5.29694], [122.64289, -5.30746], [122.64193, -5.30891], [122.64272, -5.31903], [122.63858, -5.31914], [122.63688, -5.31776], [122.6194, -5.34718], [122.61824, -5.34764], [122.61849, -5.34627], [122.61696, -5.34559], [122.61459, -5.34769]]]}}, {"type": "Feature", "properties": {"domain_id": "740319", "name": "WATOPUTE"}, "geometry": {"type": "Polygon", "coordinates": [[[122.69046, -4.84074], [122.69344, -4.84341], [122.69672, -4.84439], [122.7004, -4.84849], [122.70334, -4.84819], [122.70327, -4.8531], [122.69771, -4.85546], [122.69775, -4.86201], [122.6906, -4.86186], [122.68843, -4.86278], [122.68798, -4.86423], [122.68283, -4.8592], [122.67959, -4.85747], [122.67646, -4.85062], [122.6734, -4.85034], [122.67113, -4.84857], [122.6693, -4.84804], [122.66521, -4.84817], [122.65921, -4.84326], [122.65353, -4.83421], [122.65288, -4.83042], [122.65017, -4.82848], [122.65211, -4.82612], [122.64797, -4.82514], [122.64109, -4.82659], [122.63969, -4.82467], [122.63743, -4.8244], [122.63628, -4.82224], [122.63458, -4.82107], [122.62905, -4.81463], [122.62587, -4.81703], [122.62204, -4.82262], [122.62029, -4.82696], [122.61826, -4.82887], [122.61565, -4.82828], [122.61311, -4.82955], [122.60898, -4.82904], [122.60516, -4.8303], [122.60255, -4.82729], [122.60254, -4.82568], [122.60054, -4.82517], [122.59393, -4.83014], [122.58725, -4.82939], [122.58389, -4.83227], [122.58026, -4.83222], [122.57684, -4.82984], [122.57193, -4.81274], [122.56854, -4.80919], [122.5656, -4.80827], [122.56566, -4.8062], [122.58208, -4.78649], [122.59161, -4.76892], [122.60739, -4.76542], [122.61967, -4.75781], [122.65546, -4.7328], [122.65621, -4.73386], [122.65681, -4.73237], [122.65867, -4.73074], [122.66165, -4.73054], [122.66524, -4.73489], [122.66954, -4.73716], [122.66919, -4.74043], [122.67009, -4.74363], [122.66949, -4.74524], [122.66727, -4.74616], [122.66768, -4.749], [122.66728, -4.75243], [122.6638, -4.75835], [122.66406, -4.75983], [122.66891, -4.7683], [122.66916, -4.77015], [122.66907, -4.77294], [122.66661, -4.77626], [122.66786, -4.77745], [122.66752, -4.77913], [122.66467, -4.78261], [122.66493, -4.78414], [122.66854, -4.78826], [122.66956, -4.79144], [122.6722, -4.79301], [122.67281, -4.79509], [122.67465, -4.79709], [122.67881, -4.79711], [122.68963, -4.7949], [122.69018, -4.79598], [122.69202, -4.80984], [122.69208, -4.81536], [122.69537, -4.81719], [122.69559, -4.81841], [122.69523, -4.82338], [122.69388, -4.82627], [122.69298, -4.82688], [122.69339, -4.82928], [122.69066, -4.83281], [122.69197, -4.83295], [122.69282, -4.83426], [122.69146, -4.83621], [122.68802, -4.839], [122.68815, -4.8402], [122.69046, -4.84074]]]}}, {"type": "Feature", "properties": {"domain_id": "741102", "name": "LOEA"}, "geometry": {"type": "Polygon", "coordinates": [[[121.88949, -4.10223], [121.88376, -4.10489], [121.88037, -4.10468], [121.87902, -4.10565], [121.87928, -4.1063], [121.87624, -4.1076], [121.87478, -4.10541], [121.87342, -4.10582], [121.86888, -4.10527], [121.86704, -4.10728], [121.86499, -4.10529], [121.86312, -4.105], [121.8607, -4.10709], [121.85329, -4.10796], [121.85249, -4.10908], [121.85301, -4.1113], [121.85142, -4.11179], [121.85047, -4.11354], [121.84539, -4.11441], [121.8388, -4.11126], [121.83748, -4.10796], [121.835, -4.10723], [121.83347, -4.10586], [121.83011, -4.10665], [121.82997, -4.10823], [121.82855, -4.10874], [121.82575, -4.10621], [121.82297, -4.1076], [121.82063, -4.10752], [121.81913, -4.10622], [121.81856, -4.10451], [121.81679, -4.10615], [121.81036, -4.10744], [121.80323, -4.10482], [121.79989, -4.10428], [121.7974, -4.10479], [121.7947, -4.10256], [121.79488, -4.10512], [121.7935, -4.10721], [121.7921, -4.10502], [121.79114, -4.10462], [121.78823, -4.1057], [121.78098, -4.11005], [121.78002, -4.1112], [121.77978, -4.10622], [121.77858, -4.10446], [121.77781, -4.09645], [121.77647, -4.09424], [121.77867, -4.08888], [121.78293, -4.08245], [121.78212, -4.08045], [121.78266, -4.07525], [121.78155, -4.07395], [121.78146, -4.071], [121.78029, -4.07046], [121.77971, -4.06789], [121.7811, -4.06605], [121.78059, -4.06417], [121.78131, -4.05974], [121.78405, -4.05532], [121.78768, -4.0552], [121.78874, -4.0536], [121.79129, -4.0528], [121.79286, -4.05151], [121.79504, -4.04572], [121.79625, -4.04512], [121.79857, -4.04624], [121.80122, -4.05053], [121.80201, -4.0509], [121.80398, -4.05046], [121.80532, -4.04783], [121.80966, -4.04779], [121.8159, -4.05027], [121.81823, -4.05073], [121.81873, -4.05006], [121.8211, -4.05129], [121.82335, -4.05134], [121.82363, -4.05324], [121.82549, -4.05442], [121.83108, -4.05585], [121.83405, -4.05738], [121.83595, -4.05713], [121.83776, -4.05597], [121.84026, -4.05712], [121.84136, -4.0566], [121.84197, -4.05531], [121.8457, -4.0541], [121.8469, -4.05616], [121.84848, -4.05722], [121.85046, -4.05763], [121.85217, -4.05714], [121.85521, -4.05898], [121.85808, -4.05937], [121.85929, -4.05841], [121.86221, -4.05786], [121.863, -4.05835], [121.86661, -4.05746], [121.86816, -4.05833], [121.86964, -4.06171], [121.87163, -4.06303], [121.88123, -4.06608], [121.88638, -4.0668], [121.88834, -4.07022], [121.89094, -4.06981], [121.89319, -4.06788], [121.89557, -4.06923], [121.89949, -4.06908], [121.90446, -4.06997], [121.90555, -4.07076], [121.90711, -4.07505], [121.90779, -4.07435], [121.90911, -4.07439], [121.91241, -4.07654], [121.91346, -4.07653], [121.91386, -4.07754], [121.91748, -4.07774], [121.92071, -4.08149], [121.92342, -4.08239], [121.92475, -4.08215], [121.92629, -4.08304], [121.92648, -4.0844], [121.92933, -4.08701], [121.93303, -4.08561], [121.93412, -4.08578], [121.93439, -4.08031], [121.93829, -4.07919], [121.93997, -4.07685], [121.94164, -4.07711], [121.94814, -4.07317], [121.95232, -4.07201], [121.95557, -4.07013], [121.95851, -4.06659], [121.95932, -4.06705], [121.96067, -4.06969], [121.96189, -4.07505], [121.96622, -4.08045], [121.9668, -4.08345], [121.96909, -4.08466], [121.97104, -4.08695], [121.96842, -4.09685], [121.96546, -4.09867], [121.9641, -4.09876], [121.96323, -4.10022], [121.95916, -4.10302], [121.95748, -4.10685], [121.95791, -4.1079], [121.95678, -4.10988], [121.95351, -4.11495], [121.95087, -4.11642], [121.95019, -4.12127], [121.94649, -4.12021], [121.94516, -4.12041], [121.94442, -4.11707], [121.94209, -4.11643], [121.9417, -4.11558], [121.93884, -4.11621], [121.93791, -4.11566], [121.93701, -4.11376], [121.93813, -4.11283], [121.93759, -4.11195], [121.93791, -4.11074], [121.93703, -4.11031], [121.93775, -4.10859], [121.93683, -4.10739], [121.93759, -4.10669], [121.93695, -4.1056], [121.93792, -4.10491], [121.93853, -4.10327], [121.93804, -4.10243], [121.939, -4.10068], [121.93853, -4.0994], [121.93794, -4.0995], [121.93759, -4.09877], [121.93683, -4.09901], [121.93726, -4.09802], [121.93605, -4.09873], [121.93628, -4.0982], [121.93577, -4.098], [121.93132, -4.09846], [121.93087, -4.09673], [121.92926, -4.09501], [121.92709, -4.09417], [121.92598, -4.09171], [121.91744, -4.09422], [121.90911, -4.0939], [121.90805, -4.09458], [121.90813, -4.09535], [121.90632, -4.09812], [121.90376, -4.09947], [121.90285, -4.09912], [121.903, -4.09843], [121.90085, -4.09738], [121.88949, -4.10223]]]}}, {"type": "Feature", "properties": {"domain_id": "740622", "name": "MATA USU"}, "geometry": {"type": "Polygon", "coordinates": [[[121.82346, -4.53838], [121.82475, -4.54176], [121.82597, -4.54248], [121.82767, -4.54493], [121.82628, -4.54626], [121.82677, -4.5473], [121.82536, -4.55095], [121.82728, -4.5537], [121.8266, -4.5577], [121.82713, -4.56032], [121.82618, -4.56178], [121.82554, -4.56148], [121.82568, -4.56197], [121.82266, -4.56396], [121.82297, -4.56641], [121.82507, -4.56833], [121.82652, -4.56783], [121.82571, -4.56901], [121.82673, -4.57021], [121.82549, -4.57075], [121.82738, -4.57525], [121.8293, -4.57497], [121.83001, -4.57569], [121.82952, -4.5763], [121.83113, -4.57606], [121.83301, -4.5773], [121.8337, -4.57959], [121.83275, -4.58459], [121.83496, -4.58773], [121.83713, -4.58913], [121.83861, -4.59632], [121.83714, -4.59824], [121.83696, -4.60092], [121.83297, -4.60417], [121.83182, -4.60447], [121.83033, -4.60383], [121.82743, -4.60433], [121.82421, -4.60546], [121.82362, -4.60683], [121.82223, -4.60719], [121.82106, -4.60621], [121.82113, -4.60824], [121.81977, -4.60918], [121.81783, -4.60805], [121.81674, -4.60891], [121.81467, -4.60841], [121.81334, -4.60902], [121.8135, -4.61143], [121.81198, -4.61285], [121.81297, -4.61529], [121.80914, -4.61816], [121.80675, -4.61349], [121.80447, -4.61087], [121.79678, -4.60946], [121.79153, -4.60664], [121.78909, -4.60242], [121.78699, -4.60171], [121.78419, -4.60171], [121.78139, -4.59889], [121.78245, -4.59679], [121.78035, -4.59327], [121.77581, -4.59207], [121.77371, -4.59037], [121.77387, -4.58979], [121.77647, -4.5887], [121.77853, -4.58863], [121.7784, -4.58755], [121.77737, -4.5873], [121.77624, -4.58802], [121.77505, -4.58658], [121.77672, -4.58636], [121.77714, -4.58487], [121.77925, -4.58234], [121.77727, -4.58014], [121.77685, -4.58111], [121.77601, -4.58092], [121.77666, -4.57935], [121.77567, -4.57841], [121.77622, -4.57745], [121.77565, -4.57576], [121.77382, -4.57369], [121.77568, -4.57307], [121.77498, -4.56955], [121.77413, -4.56964], [121.77463, -4.57103], [121.77399, -4.57162], [121.77259, -4.57021], [121.76784, -4.57108], [121.7675, -4.57051], [121.76864, -4.56978], [121.76804, -4.56886], [121.7662, -4.56783], [121.76381, -4.56853], [121.76436, -4.56623], [121.76313, -4.56538], [121.76244, -4.56653], [121.76148, -4.56536], [121.76324, -4.56451], [121.76286, -4.56335], [121.76423, -4.56161], [121.76108, -4.56028], [121.75926, -4.55875], [121.75804, -4.55996], [121.75572, -4.55867], [121.75464, -4.55998], [121.75591, -4.56031], [121.75603, -4.56151], [121.75409, -4.56218], [121.75209, -4.56171], [121.7512, -4.56337], [121.74856, -4.56057], [121.74744, -4.56034], [121.74735, -4.55904], [121.74391, -4.55913], [121.74252, -4.55848], [121.73987, -4.56134], [121.7384, -4.56171], [121.73924, -4.56396], [121.73691, -4.56383], [121.73693, -4.56598], [121.73542, -4.56569], [121.73229, -4.56711], [121.73184, -4.56595], [121.73298, -4.56566], [121.73269, -4.56376], [121.73161, -4.56361], [121.72986, -4.56482], [121.72917, -4.56275], [121.72619, -4.56363], [121.72669, -4.56147], [121.7261, -4.56111], [121.72499, -4.56187], [121.72093, -4.56259], [121.72129, -4.56495], [121.71956, -4.56583], [121.71551, -4.55856], [121.71476, -4.55826], [121.7144, -4.55974], [121.71368, -4.55999], [121.71401, -4.5569], [121.71133, -4.55438], [121.71278, -4.55188], [121.71294, -4.54822], [121.71526, -4.54755], [121.71566, -4.54689], [121.71229, -4.54643], [121.7107, -4.54721], [121.70909, -4.54648], [121.71095, -4.54379], [121.71283, -4.54323], [121.71139, -4.53966], [121.71091, -4.53947], [121.70986, -4.5406], [121.70909, -4.54025], [121.70718, -4.53728], [121.70732, -4.53612], [121.71137, -4.53563], [121.70967, -4.53326], [121.70991, -4.53181], [121.71245, -4.53212], [121.71303, -4.53167], [121.71038, -4.53003], [121.71001, -4.52867], [121.71047, -4.52706], [121.71287, -4.52772], [121.71315, -4.52547], [121.71378, -4.525], [121.71682, -4.52767], [121.71833, -4.52431], [121.72006, -4.52314], [121.7221, -4.52477], [121.72364, -4.52409], [121.72279, -4.52153], [121.72387, -4.51993], [121.72521, -4.51923], [121.72369, -4.51738], [121.72536, -4.51378], [121.72378, -4.51313], [121.72377, -4.51167], [121.7217, -4.5136], [121.71939, -4.51381], [121.71883, -4.51336], [121.71942, -4.51214], [121.71916, -4.51111], [121.71999, -4.51023], [121.7192, -4.5074], [121.72033, -4.50463], [121.71981, -4.50065], [121.72108, -4.49966], [121.72317, -4.501], [121.72335, -4.49869], [121.72526, -4.49781], [121.72647, -4.49523], [121.72606, -4.49422], [121.72376, -4.49379], [121.72414, -4.49175], [121.72513, -4.49159], [121.72631, -4.49284], [121.72881, -4.49149], [121.73043, -4.49288], [121.73204, -4.49311], [121.73325, -4.49282], [121.73395, -4.49164], [121.73724, -4.49161], [121.73832, -4.4899], [121.73716, -4.48819], [121.73744, -4.48715], [121.74136, -4.48605], [121.74234, -4.48473], [121.7434, -4.48543], [121.74463, -4.48476], [121.74621, -4.4857], [121.74758, -4.48338], [121.74934, -4.48248], [121.75016, -4.48019], [121.75136, -4.48087], [121.75272, -4.48026], [121.75248, -4.47955], [121.75106, -4.47918], [121.75272, -4.47668], [121.75232, -4.4735], [121.75023, -4.47199], [121.7498, -4.47051], [121.75259, -4.46882], [121.7544, -4.46626], [121.75969, -4.46839], [121.76246, -4.46677], [121.76288, -4.46515], [121.76668, -4.46601], [121.76934, -4.46424], [121.77103, -4.46431], [121.77058, -4.46277], [121.77206, -4.45944], [121.77358, -4.45883], [121.77394, -4.46035], [121.77467, -4.46022], [121.77538, -4.45919], [121.77484, -4.45803], [121.77833, -4.45445], [121.78211, -4.45574], [121.78317, -4.45166], [121.7826, -4.45006], [121.784, -4.44848], [121.78706, -4.44709], [121.78802, -4.44606], [121.78846, -4.4438], [121.78977, -4.44284], [121.78828, -4.44085], [121.7885, -4.43954], [121.79412, -4.43801], [121.79411, -4.43722], [121.79305, -4.43633], [121.79287, -4.43181], [121.79849, -4.43088], [121.79764, -4.42922], [121.79757, -4.42574], [121.80025, -4.4232], [121.80178, -4.42327], [121.80313, -4.4207], [121.81239, -4.41528], [121.83463, -4.40461], [121.88189, -4.37728], [121.88557, -4.37785], [121.92172, -4.39584], [121.97092, -4.41895], [121.97068, -4.42078], [121.96984, -4.42135], [121.97021, -4.42251], [121.96882, -4.42502], [121.96682, -4.42558], [121.96485, -4.42928], [121.96391, -4.42998], [121.96252, -4.42985], [121.96126, -4.43225], [121.95669, -4.43589], [121.95488, -4.44146], [121.95309, -4.44302], [121.95113, -4.44801], [121.94678, -4.45147], [121.94638, -4.45452], [121.94434, -4.4573], [121.94463, -4.46033], [121.94339, -4.46414], [121.94134, -4.46692], [121.93967, -4.47135], [121.93709, -4.47476], [121.93747, -4.4807], [121.93691, -4.48275], [121.9336, -4.48649], [121.93219, -4.48669], [121.9314, -4.48889], [121.92929, -4.49093], [121.92958, -4.49327], [121.93099, -4.49563], [121.93002, -4.49673], [121.93039, -4.49806], [121.93121, -4.49982], [121.93245, -4.4996], [121.93283, -4.5005], [121.93202, -4.50325], [121.92947, -4.50656], [121.92758, -4.50786], [121.92748, -4.50888], [121.92633, -4.50885], [121.92223, -4.51104], [121.92057, -4.51037], [121.92072, -4.51086], [121.91916, -4.51097], [121.91786, -4.51203], [121.91487, -4.51022], [121.91245, -4.51036], [121.91078, -4.51174], [121.91051, -4.51089], [121.90973, -4.51191], [121.90835, -4.50986], [121.90653, -4.50996], [121.90547, -4.50911], [121.90478, -4.50991], [121.90394, -4.50909], [121.90437, -4.51104], [121.89961, -4.51268], [121.89954, -4.51141], [121.89892, -4.51113], [121.89924, -4.51047], [121.89756, -4.50965], [121.89776, -4.50843], [121.89631, -4.50796], [121.89569, -4.50916], [121.89514, -4.5088], [121.89456, -4.50955], [121.89291, -4.50876], [121.89286, -4.51048], [121.89027, -4.51114], [121.88938, -4.51021], [121.88778, -4.51188], [121.8868, -4.5115], [121.88599, -4.51216], [121.88494, -4.51171], [121.88428, -4.51234], [121.8824, -4.51247], [121.88149, -4.51157], [121.88204, -4.51072], [121.8817, -4.51021], [121.87928, -4.51127], [121.8773, -4.51045], [121.87678, -4.51185], [121.87598, -4.51215], [121.87224, -4.51219], [121.87089, -4.51162], [121.86965, -4.51273], [121.86723, -4.51154], [121.86408, -4.51229], [121.86324, -4.51326], [121.86371, -4.51518], [121.86185, -4.51622], [121.85952, -4.51646], [121.859, -4.51815], [121.85794, -4.51867], [121.85799, -4.5203], [121.85596, -4.51913], [121.85484, -4.51927], [121.85246, -4.5199], [121.85104, -4.5217], [121.84964, -4.52203], [121.84902, -4.5249], [121.84698, -4.52676], [121.84716, -4.52969], [121.84351, -4.53401], [121.8414, -4.53415], [121.83996, -4.53552], [121.83802, -4.53595], [121.83396, -4.53535], [121.83127, -4.53595], [121.82858, -4.53546], [121.82684, -4.53324], [121.82487, -4.53292], [121.82401, -4.53328], [121.82425, -4.53479], [121.82334, -4.53544], [121.82346, -4.53838]]]}}, {"type": "Feature", "properties": {"domain_id": "740307", "name": "MALIGANO"}, "geometry": {"type": "Polygon", "coordinates": [[[122.89631, -4.73497], [122.89752, -4.73635], [122.89635, -4.74252], [122.89488, -4.74604], [122.89435, -4.75152], [122.89064, -4.75553], [122.88378, -4.76033], [122.8814, -4.75878], [122.87902, -4.7554], [122.87414, -4.75606], [122.87098, -4.75332], [122.8651, -4.75439], [122.85862, -4.75216], [122.84692, -4.75062], [122.84655, -4.74896], [122.84512, -4.74745], [122.84366, -4.74375], [122.84129, -4.74037], [122.8413, -4.73094], [122.84196, -4.72978], [122.84335, -4.72926], [122.84547, -4.72407], [122.84456, -4.72113], [122.84519, -4.72086], [122.84469, -4.72018], [122.84504, -4.71941], [122.84408, -4.71647], [122.84289, -4.71594], [122.8422, -4.71432], [122.84039, -4.71284], [122.83983, -4.71124], [122.84033, -4.70619], [122.83917, -4.7014], [122.84052, -4.69998], [122.84091, -4.69654], [122.83976, -4.69244], [122.83737, -4.69247], [122.83471, -4.69032], [122.83479, -4.68887], [122.83358, -4.68718], [122.8336, -4.68308], [122.83209, -4.68136], [122.82883, -4.6806], [122.82836, -4.67734], [122.82928, -4.67657], [122.83168, -4.67147], [122.8319, -4.66876], [122.83114, -4.6657], [122.83236, -4.66025], [122.83596, -4.65808], [122.83674, -4.65532], [122.84025, -4.65183], [122.84127, -4.64952], [122.84182, -4.6495], [122.84153, -4.64831], [122.84222, -4.64609], [122.84172, -4.64419], [122.84292, -4.64383], [122.84366, -4.64245], [122.84379, -4.63899], [122.84441, -4.63853], [122.84408, -4.63667], [122.84481, -4.63536], [122.8446, -4.62934], [122.84522, -4.62892], [122.84443, -4.62854], [122.84376, -4.62667], [122.84491, -4.62625], [122.84495, -4.62303], [122.84621, -4.62202], [122.84605, -4.62072], [122.84788, -4.61798], [122.84908, -4.6088], [122.85, -4.60758], [122.84942, -4.60602], [122.85027, -4.60552], [122.85689, -4.60585], [122.85836, -4.60666], [122.85892, -4.616], [122.86018, -4.62036], [122.86213, -4.6215], [122.86679, -4.62087], [122.87105, -4.61738], [122.87723, -4.61592], [122.88195, -4.6082], [122.88775, -4.60511], [122.89011, -4.60533], [122.89046, -4.6082], [122.89218, -4.61043], [122.89354, -4.61093], [122.89691, -4.61086], [122.90051, -4.60964], [122.90628, -4.60899], [122.90887, -4.60955], [122.91077, -4.61124], [122.91233, -4.61171], [122.91622, -4.61152], [122.92163, -4.6102], [122.92798, -4.61021], [122.92448, -4.625], [122.92397, -4.62833], [122.9245, -4.63201], [122.92415, -4.63308], [122.92251, -4.63415], [122.9214, -4.63706], [122.92312, -4.65598], [122.92252, -4.65826], [122.91926, -4.65804], [122.91746, -4.65897], [122.91543, -4.66072], [122.91197, -4.66573], [122.90664, -4.66678], [122.90392, -4.66852], [122.90154, -4.67276], [122.90138, -4.67728], [122.90257, -4.68311], [122.90255, -4.69133], [122.90119, -4.69949], [122.89874, -4.70244], [122.89555, -4.70324], [122.89475, -4.70489], [122.89649, -4.7132], [122.8963, -4.72323], [122.89482, -4.73035], [122.89527, -4.73326], [122.89631, -4.73497]]]}}, {"type": "Feature", "properties": {"domain_id": "741302", "name": "BARANGKA"}, "geometry": {"type": "Polygon", "coordinates": [[[122.56345, -4.81473], [122.56747, -4.81791], [122.56938, -4.8215], [122.57463, -4.8225], [122.57684, -4.82984], [122.58026, -4.83222], [122.58389, -4.83227], [122.58725, -4.82939], [122.59484, -4.83029], [122.59877, -4.82888], [122.60272, -4.82895], [122.60465, -4.83133], [122.60644, -4.83222], [122.60807, -4.83817], [122.60956, -4.8404], [122.61151, -4.84874], [122.60392, -4.85413], [122.60164, -4.85438], [122.59975, -4.85317], [122.59437, -4.85457], [122.59144, -4.85466], [122.58935, -4.85403], [122.58367, -4.85465], [122.58193, -4.85595], [122.57847, -4.8561], [122.56645, -4.86075], [122.56098, -4.85913], [122.55657, -4.85892], [122.54893, -4.85577], [122.54489, -4.85535], [122.54249, -4.85408], [122.53963, -4.8537], [122.53373, -4.85441], [122.53195, -4.85294], [122.53021, -4.85375], [122.52931, -4.85261], [122.52571, -4.85282], [122.52441, -4.84739], [122.52088, -4.84556], [122.5223, -4.83876], [122.52208, -4.83546], [122.51736, -4.83552], [122.51662, -4.83187], [122.51165, -4.82592], [122.50918, -4.82388], [122.5084, -4.8221], [122.50797, -4.81146], [122.50942, -4.7923], [122.51433, -4.79383], [122.5181, -4.79632], [122.53118, -4.80253], [122.5361, -4.80321], [122.54188, -4.80552], [122.54352, -4.80512], [122.54351, -4.80292], [122.54722, -4.806], [122.54769, -4.80741], [122.55129, -4.80704], [122.55358, -4.80873], [122.5569, -4.80945], [122.56345, -4.81473]]]}}, {"type": "Feature", "properties": {"domain_id": "740814", "name": "TIWU"}, "geometry": {"type": "Polygon", "coordinates": [[[121.01917, -3.3806], [121.02079, -3.38658], [121.02025, -3.39245], [121.01962, -3.39348], [121.00056, -3.38259], [120.98716, -3.37627], [120.97462, -3.36855], [120.96234, -3.36349], [120.95575, -3.35573], [120.9535, -3.35499], [120.95166, -3.35568], [120.94889, -3.35349], [120.9523, -3.34969], [120.95224, -3.34855], [120.95026, -3.34715], [120.95354, -3.34357], [120.94946, -3.3383], [120.94714, -3.33683], [120.94572, -3.33341], [120.94883, -3.33195], [120.957, -3.33033], [120.95805, -3.32724], [120.95776, -3.32269], [120.95855, -3.32244], [120.95781, -3.32098], [120.95933, -3.31918], [120.95789, -3.31752], [120.95882, -3.31383], [120.96236, -3.3117], [120.96721, -3.31497], [120.96889, -3.31546], [120.97716, -3.31081], [120.9801, -3.31246], [120.98425, -3.32038], [120.99247, -3.33046], [120.99462, -3.33414], [120.99639, -3.34012], [121.00013, -3.34781], [121.00332, -3.35028], [121.00494, -3.35405], [121.00797, -3.35696], [121.00998, -3.36091], [121.01605, -3.36593], [121.01679, -3.36736], [121.0179, -3.37641], [121.01917, -3.3806]]]}}, {"type": "Feature", "properties": {"domain_id": "740120", "name": "SAMATURU"}, "geometry": {"type": "Polygon", "coordinates": [[[121.38146, -4.00163], [121.3741, -4.00274], [121.37006, -4.00196], [121.36061, -3.99608], [121.34933, -3.99075], [121.34498, -3.98728], [121.34375, -3.98552], [121.34291, -3.98103], [121.34147, -3.98078], [121.33969, -3.97723], [121.33419, -3.96373], [121.33423, -3.9618], [121.32802, -3.95382], [121.32414, -3.95015], [121.32376, -3.95052], [121.32377, -3.94943], [121.3217, -3.94822], [121.31789, -3.94323], [121.31672, -3.93805], [121.31776, -3.93288], [121.31633, -3.92559], [121.31834, -3.9248], [121.31775, -3.92339], [121.32282, -3.92257], [121.32586, -3.9199], [121.32553, -3.91691], [121.32715, -3.91568], [121.33655, -3.91224], [121.33854, -3.9101], [121.33812, -3.90852], [121.33921, -3.90875], [121.3396, -3.90805], [121.34093, -3.90812], [121.34134, -3.90748], [121.34078, -3.90595], [121.34176, -3.90345], [121.34799, -3.90281], [121.35618, -3.89855], [121.35095, -3.8967], [121.34961, -3.89509], [121.34757, -3.89434], [121.34822, -3.88874], [121.34759, -3.88078], [121.34841, -3.87729], [121.34783, -3.87669], [121.34953, -3.87275], [121.35003, -3.86696], [121.35316, -3.86722], [121.35376, -3.86647], [121.3563, -3.8662], [121.35782, -3.86471], [121.35964, -3.86436], [121.35979, -3.86181], [121.36167, -3.86024], [121.36378, -3.8543], [121.36797, -3.85382], [121.37129, -3.85092], [121.37167, -3.84847], [121.375, -3.8503], [121.37708, -3.8503], [121.37839, -3.85106], [121.38114, -3.84811], [121.38097, -3.84146], [121.382, -3.84167], [121.38459, -3.84071], [121.38598, -3.84129], [121.39052, -3.83976], [121.39366, -3.83655], [121.39314, -3.83339], [121.39396, -3.8343], [121.39873, -3.83431], [121.39978, -3.83094], [121.40112, -3.82982], [121.40767, -3.82823], [121.40967, -3.82664], [121.41309, -3.82802], [121.41551, -3.82759], [121.41502, -3.82655], [121.41341, -3.82567], [121.41332, -3.82395], [121.41194, -3.82208], [121.41214, -3.82061], [121.41293, -3.82118], [121.41661, -3.82099], [121.41814, -3.82045], [121.41773, -3.81937], [121.41991, -3.8179], [121.42136, -3.81786], [121.42567, -3.81596], [121.42501, -3.81435], [121.42511, -3.81178], [121.42376, -3.81056], [121.43305, -3.81133], [121.43181, -3.80925], [121.43621, -3.81054], [121.43758, -3.80826], [121.43809, -3.80384], [121.44479, -3.8039], [121.4474, -3.80289], [121.44845, -3.80149], [121.45472, -3.79686], [121.4553, -3.7954], [121.45413, -3.79119], [121.4552, -3.7899], [121.45546, -3.7869], [121.4576, -3.78295], [121.45722, -3.781], [121.4614, -3.78324], [121.46286, -3.78473], [121.46488, -3.78541], [121.47199, -3.7826], [121.47491, -3.7819], [121.47884, -3.78191], [121.47857, -3.77814], [121.48023, -3.77571], [121.48024, -3.77442], [121.48241, -3.77164], [121.48527, -3.77003], [121.48594, -3.77032], [121.48631, -3.7729], [121.48726, -3.77333], [121.49001, -3.77003], [121.49329, -3.76824], [121.49518, -3.7664], [121.49746, -3.76609], [121.50103, -3.76106], [121.50618, -3.7559], [121.50677, -3.75224], [121.5118, -3.74493], [121.51607, -3.74745], [121.51804, -3.74783], [121.51995, -3.74968], [121.52269, -3.75067], [121.52387, -3.75299], [121.52877, -3.75867], [121.53137, -3.7594], [121.53352, -3.76104], [121.53579, -3.76037], [121.53808, -3.76378], [121.5434, -3.76827], [121.54522, -3.77167], [121.54706, -3.7778], [121.55097, -3.78051], [121.55327, -3.78588], [121.55716, -3.78707], [121.55874, -3.79482], [121.5595, -3.7956], [121.56231, -3.79701], [121.56724, -3.79762], [121.56956, -3.79548], [121.57537, -3.79745], [121.57748, -3.79665], [121.57918, -3.80123], [121.58319, -3.80276], [121.58403, -3.80427], [121.58731, -3.80652], [121.58915, -3.80958], [121.58926, -3.81113], [121.59196, -3.81274], [121.59643, -3.81885], [121.59982, -3.81917], [121.60443, -3.81761], [121.60924, -3.82112], [121.60924, -3.82408], [121.60841, -3.8271], [121.61106, -3.82996], [121.61025, -3.83232], [121.61041, -3.83467], [121.60859, -3.83678], [121.60694, -3.8406], [121.60617, -3.84445], [121.60444, -3.847], [121.60484, -3.84937], [121.60439, -3.85034], [121.60519, -3.85396], [121.60372, -3.86068], [121.60175, -3.86317], [121.60406, -3.86968], [121.60415, -3.87044], [121.60339, -3.8711], [121.60529, -3.87235], [121.60543, -3.87533], [121.60615, -3.87666], [121.60556, -3.87735], [121.60288, -3.8789], [121.60179, -3.88046], [121.59283, -3.88518], [121.59141, -3.88444], [121.58675, -3.88553], [121.58475, -3.88435], [121.57786, -3.88267], [121.57226, -3.88723], [121.5674, -3.89345], [121.56067, -3.89578], [121.55969, -3.89546], [121.55535, -3.89671], [121.55189, -3.89668], [121.54318, -3.894], [121.53894, -3.8959], [121.53609, -3.89624], [121.53426, -3.89751], [121.53354, -3.89904], [121.53076, -3.90009], [121.52715, -3.90265], [121.52443, -3.90597], [121.52367, -3.90798], [121.52107, -3.9089], [121.51996, -3.91123], [121.51964, -3.91388], [121.51657, -3.91517], [121.51546, -3.91686], [121.51374, -3.91741], [121.51306, -3.91831], [121.51271, -3.91992], [121.51009, -3.9236], [121.51134, -3.9259], [121.50906, -3.92742], [121.50972, -3.92885], [121.50882, -3.93023], [121.50937, -3.93223], [121.50922, -3.94054], [121.50804, -3.94188], [121.50686, -3.94523], [121.50703, -3.94855], [121.5084, -3.95012], [121.50805, -3.9518], [121.50737, -3.95185], [121.50716, -3.95418], [121.50862, -3.95992], [121.50802, -3.96098], [121.50629, -3.96152], [121.50657, -3.96281], [121.5057, -3.9662], [121.50685, -3.96859], [121.50682, -3.97038], [121.50548, -3.97264], [121.50622, -3.97447], [121.50478, -3.97534], [121.50521, -3.97816], [121.50405, -3.97965], [121.50425, -3.98111], [121.50867, -3.9795], [121.50243, -3.98554], [121.50121, -3.98793], [121.50028, -3.98851], [121.49947, -3.99104], [121.49697, -3.99382], [121.4972, -3.99482], [121.49806, -3.99505], [121.49776, -3.99743], [121.49887, -3.99973], [121.49765, -3.99992], [121.49824, -4.00096], [121.4975, -4.00295], [121.50031, -4.00294], [121.50306, -4.0046], [121.50235, -4.00584], [121.50244, -4.00779], [121.495, -4.01129], [121.49377, -4.01791], [121.48926, -4.01583], [121.48689, -4.01571], [121.48412, -4.01694], [121.47933, -4.01759], [121.47533, -4.01616], [121.47182, -4.01337], [121.47093, -4.01334], [121.46986, -4.01437], [121.46805, -4.01444], [121.46559, -4.01332], [121.46363, -4.01136], [121.45917, -4.01027], [121.45701, -4.00842], [121.45542, -4.00853], [121.45447, -4.00789], [121.45215, -4.01005], [121.45303, -4.01283], [121.45486, -4.01418], [121.45573, -4.01798], [121.45277, -4.02367], [121.45205, -4.02387], [121.44195, -4.02023], [121.43803, -4.01526], [121.42853, -4.00588], [121.42452, -4.00502], [121.41874, -3.99946], [121.41709, -3.99969], [121.41449, -3.99835], [121.408, -3.99655], [121.40717, -3.99808], [121.40428, -3.9991], [121.38146, -4.00163]]]}}, {"type": "Feature", "properties": {"domain_id": "741204", "name": "WAWONII TIMUR"}, "geometry": {"type": "Polygon", "coordinates": [[[123.23226, -4.14335], [123.23102, -4.14558], [123.22711, -4.14575], [123.22471, -4.147], [123.22322, -4.14634], [123.22132, -4.14683], [123.22066, -4.14806], [123.22096, -4.15148], [123.21628, -4.14752], [123.21116, -4.145], [123.20206, -4.13809], [123.19635, -4.13552], [123.19209, -4.13223], [123.18109, -4.12769], [123.17219, -4.125], [123.16991, -4.12342], [123.15649, -4.11935], [123.14303, -4.11403], [123.14158, -4.11403], [123.13991, -4.11669], [123.13531, -4.11993], [123.13127, -4.11964], [123.12896, -4.11883], [123.1248, -4.11976], [123.12104, -4.11541], [123.11694, -4.10852], [123.11579, -4.10759], [123.10994, -4.10567], [123.112, -4.10371], [123.12132, -4.09956], [123.13641, -4.09183], [123.14019, -4.08929], [123.14458, -4.08486], [123.15267, -4.07911], [123.15234, -4.07482], [123.15364, -4.07256], [123.15676, -4.07227], [123.15968, -4.07068], [123.16338, -4.07032], [123.17084, -4.06818], [123.1743, -4.06874], [123.17748, -4.07037], [123.17921, -4.07029], [123.18113, -4.06915], [123.18348, -4.06915], [123.18501, -4.0699], [123.18839, -4.07497], [123.19, -4.07607], [123.19145, -4.07662], [123.19909, -4.07642], [123.20409, -4.07733], [123.20891, -4.07424], [123.2145, -4.07284], [123.22188, -4.07245], [123.22359, -4.07184], [123.22465, -4.07016], [123.22551, -4.07021], [123.22572, -4.06372], [123.22743, -4.06385], [123.2289, -4.06557], [123.2304, -4.06574], [123.23649, -4.06181], [123.24102, -4.06062], [123.24212, -4.05888], [123.24558, -4.05753], [123.24718, -4.05796], [123.25014, -4.05974], [123.24995, -4.06116], [123.25054, -4.06088], [123.25244, -4.06231], [123.25412, -4.06505], [123.25426, -4.06734], [123.25535, -4.06944], [123.25537, -4.07243], [123.25749, -4.07474], [123.25668, -4.07895], [123.25824, -4.08171], [123.25794, -4.08329], [123.25686, -4.08373], [123.2576, -4.08719], [123.25954, -4.08967], [123.25856, -4.09271], [123.25724, -4.09346], [123.25514, -4.09304], [123.25101, -4.10062], [123.25108, -4.10196], [123.25053, -4.10191], [123.25053, -4.1031], [123.25283, -4.10489], [123.2518, -4.10766], [123.25307, -4.10837], [123.25342, -4.10993], [123.25275, -4.11046], [123.25275, -4.11153], [123.25181, -4.11156], [123.251, -4.11537], [123.24777, -4.12216], [123.2482, -4.12437], [123.24716, -4.12458], [123.24435, -4.1289], [123.24241, -4.13002], [123.24199, -4.1319], [123.2391, -4.1345], [123.2374, -4.13876], [123.23226, -4.14335]]]}}, {"type": "Feature", "properties": {"domain_id": "741105", "name": "LAMBANDIA"}, "geometry": {"type": "Polygon", "coordinates": [[[121.90884, -4.38467], [121.88265, -4.37632], [121.87966, -4.37863], [121.84228, -4.40015], [121.84244, -4.39389], [121.8437, -4.39364], [121.84658, -4.39077], [121.84834, -4.39017], [121.85008, -4.38843], [121.85067, -4.38713], [121.85034, -4.38343], [121.85396, -4.37988], [121.85652, -4.375], [121.85637, -4.37276], [121.85861, -4.36924], [121.85716, -4.36333], [121.85758, -4.36135], [121.86035, -4.35728], [121.85962, -4.34538], [121.86013, -4.33716], [121.86259, -4.33641], [121.86418, -4.33397], [121.86822, -4.33291], [121.87261, -4.32903], [121.88396, -4.32268], [121.88536, -4.3209], [121.88606, -4.31788], [121.88771, -4.31689], [121.88687, -4.31581], [121.88743, -4.31487], [121.88698, -4.31187], [121.88556, -4.30965], [121.88586, -4.30419], [121.88806, -4.30309], [121.89351, -4.30316], [121.8937, -4.30255], [121.89588, -4.30214], [121.89504, -4.30019], [121.89326, -4.29994], [121.892, -4.29886], [121.89179, -4.29736], [121.8909, -4.29676], [121.88973, -4.29147], [121.88821, -4.29114], [121.881, -4.29285], [121.87885, -4.29228], [121.87618, -4.29254], [121.87535, -4.29166], [121.87278, -4.29151], [121.87041, -4.29257], [121.86735, -4.29088], [121.86845, -4.28876], [121.87052, -4.28696], [121.87357, -4.28613], [121.87973, -4.28573], [121.87975, -4.28406], [121.88344, -4.28408], [121.88353, -4.2871], [121.89494, -4.28743], [121.89663, -4.27164], [121.89476, -4.27211], [121.89423, -4.27171], [121.89371, -4.27219], [121.89405, -4.27265], [121.89292, -4.27306], [121.89226, -4.27198], [121.89128, -4.27234], [121.89118, -4.25404], [121.89241, -4.24156], [121.8825, -4.24289], [121.88253, -4.24227], [121.88453, -4.24114], [121.88626, -4.23859], [121.88637, -4.23695], [121.88844, -4.23534], [121.89391, -4.23422], [121.91537, -4.23576], [121.91461, -4.23705], [121.91472, -4.23897], [121.91979, -4.2418], [121.9194, -4.24227], [121.91677, -4.24229], [121.91676, -4.24329], [121.96682, -4.24466], [121.96636, -4.26413], [121.96372, -4.26402], [121.96508, -4.26646], [121.96444, -4.26837], [121.96515, -4.26956], [121.95961, -4.26989], [121.95953, -4.27628], [121.95811, -4.27678], [121.95658, -4.27877], [121.95412, -4.27968], [121.95222, -4.28172], [121.95218, -4.28289], [121.9558, -4.28905], [121.95613, -4.2955], [121.95721, -4.29656], [121.9577, -4.29567], [121.95894, -4.2964], [121.96478, -4.29417], [121.96954, -4.29337], [121.9697, -4.29527], [121.9727, -4.29539], [121.9775, -4.29315], [121.99085, -4.29294], [122.00874, -4.29044], [122.01369, -4.2911], [122.00861, -4.32325], [122.00504, -4.33567], [122.00419, -4.34628], [122.00005, -4.35661], [121.99243, -4.36518], [121.98936, -4.37236], [121.98897, -4.37686], [121.99746, -4.39349], [121.99493, -4.39798], [121.98614, -4.40285], [121.97139, -4.40649], [121.94032, -4.4004], [121.90884, -4.38467]]]}}, {"type": "Feature", "properties": {"domain_id": "740607", "name": "POLEANG BARAT"}, "geometry": {"type": "MultiPolygon", "coordinates": [[[[121.5075, -4.72459], [121.5081, -4.72426], [121.50749, -4.71751], [121.50836, -4.71534], [121.50802, -4.71395], [121.50635, -4.71265], [121.50554, -4.70963], [121.50358, -4.70991], [121.50489, -4.71158], [121.50468, -4.71338], [121.50037, -4.71306], [121.49812, -4.70665], [121.49741, -4.70644], [121.49409, -4.69924], [121.49566, -4.69823], [121.49555, -4.69741], [121.48803, -4.68896], [121.4841, -4.6872], [121.47945, -4.68639], [121.47667, -4.68686], [121.47636, -4.68884], [121.47522, -4.68815], [121.47173, -4.68933], [121.47121, -4.68815], [121.46869, -4.68665], [121.46664, -4.68349], [121.46645, -4.6811], [121.46739, -4.68033], [121.46799, -4.67731], [121.47049, -4.67178], [121.47086, -4.66851], [121.46969, -4.66388], [121.4698, -4.66048], [121.4704, -4.65922], [121.46992, -4.64982], [121.46778, -4.64605], [121.46689, -4.64218], [121.46765, -4.63973], [121.46861, -4.63972], [121.46908, -4.63866], [121.46959, -4.62014], [121.46618, -4.61414], [121.46742, -4.61214], [121.4696, -4.61172], [121.47176, -4.60823], [121.4717, -4.59896], [121.47064, -4.59312], [121.46991, -4.59253], [121.47069, -4.59135], [121.47358, -4.59171], [121.47524, -4.59062], [121.47674, -4.59059], [121.47764, -4.58903], [121.47876, -4.58983], [121.47764, -4.59195], [121.4778, -4.59275], [121.48004, -4.59173], [121.48258, -4.59348], [121.48297, -4.59172], [121.48605, -4.59236], [121.48636, -4.59109], [121.48573, -4.58962], [121.48734, -4.58983], [121.48881, -4.59147], [121.49159, -4.59208], [121.49287, -4.59072], [121.49473, -4.59061], [121.49431, -4.58961], [121.49503, -4.5887], [121.49472, -4.58736], [121.49627, -4.5865], [121.4966, -4.58428], [121.49801, -4.58361], [121.49766, -4.58484], [121.49953, -4.58626], [121.50069, -4.58481], [121.50325, -4.58408], [121.50438, -4.582], [121.5053, -4.58396], [121.50946, -4.58623], [121.51013, -4.58751], [121.51122, -4.58582], [121.51116, -4.58312], [121.51176, -4.58318], [121.51195, -4.58438], [121.51259, -4.5847], [121.51331, -4.5841], [121.51326, -4.58283], [121.51433, -4.58317], [121.51524, -4.58215], [121.51618, -4.58266], [121.51943, -4.58213], [121.52062, -4.58031], [121.52207, -4.58077], [121.5247, -4.5804], [121.52707, -4.58175], [121.5281, -4.58166], [121.52864, -4.58051], [121.52664, -4.57794], [121.52714, -4.57659], [121.52887, -4.57546], [121.53062, -4.57561], [121.53198, -4.57476], [121.53356, -4.57556], [121.53446, -4.57489], [121.53542, -4.57254], [121.53675, -4.57304], [121.5398, -4.5722], [121.5411, -4.57396], [121.54388, -4.57428], [121.54577, -4.57245], [121.54653, -4.57368], [121.54825, -4.57275], [121.55024, -4.57355], [121.55127, -4.57241], [121.55015, -4.57007], [121.55351, -4.57277], [121.55344, -4.57094], [121.55565, -4.57166], [121.55639, -4.56879], [121.55794, -4.56855], [121.55847, -4.5688], [121.55803, -4.57255], [121.55853, -4.57357], [121.55979, -4.57341], [121.56206, -4.56972], [121.56295, -4.56959], [121.56353, -4.57034], [121.56328, -4.57371], [121.56437, -4.5737], [121.5645, -4.57459], [121.56583, -4.57416], [121.56774, -4.575], [121.56564, -4.57721], [121.56626, -4.57899], [121.56776, -4.57762], [121.56929, -4.57733], [121.5708, -4.57951], [121.57381, -4.57892], [121.57217, -4.57725], [121.57307, -4.57632], [121.57432, -4.57746], [121.57288, -4.57466], [121.57488, -4.57481], [121.57385, -4.57324], [121.5741, -4.5724], [121.57735, -4.57058], [121.57915, -4.57123], [121.57873, -4.57181], [121.57756, -4.57167], [121.57814, -4.57266], [121.57793, -4.57449], [121.58011, -4.57316], [121.57915, -4.57523], [121.58153, -4.57596], [121.58134, -4.57757], [121.58308, -4.57618], [121.58533, -4.57677], [121.58578, -4.57343], [121.58978, -4.57646], [121.58977, -4.57425], [121.5907, -4.57416], [121.59163, -4.57689], [121.59281, -4.57734], [121.59458, -4.57627], [121.59324, -4.57323], [121.59391, -4.573], [121.59537, -4.57422], [121.59638, -4.57422], [121.59628, -4.5714], [121.59685, -4.57034], [121.59782, -4.57051], [121.59824, -4.57299], [121.59979, -4.5735], [121.60073, -4.57187], [121.60261, -4.572], [121.60386, -4.57131], [121.60506, -4.57187], [121.6075, -4.57042], [121.60863, -4.57161], [121.61159, -4.56952], [121.61227, -4.57009], [121.61147, -4.57073], [121.61153, -4.57147], [121.61225, -4.57271], [121.61284, -4.57269], [121.61344, -4.57091], [121.61466, -4.57069], [121.6165, -4.56852], [121.61846, -4.56315], [121.62009, -4.56204], [121.62024, -4.56067], [121.62207, -4.55972], [121.62296, -4.56117], [121.62702, -4.56159], [121.62793, -4.56281], [121.62874, -4.56219], [121.63019, -4.56295], [121.63174, -4.5624], [121.6342, -4.56461], [121.63648, -4.5652], [121.638, -4.5675], [121.63935, -4.56627], [121.63989, -4.56764], [121.64046, -4.56755], [121.64146, -4.56512], [121.64202, -4.5661], [121.64293, -4.56554], [121.64451, -4.56584], [121.64581, -4.5639], [121.64637, -4.56633], [121.64718, -4.56724], [121.64894, -4.56738], [121.65015, -4.56841], [121.64981, -4.57045], [121.65091, -4.57106], [121.65145, -4.5749], [121.6534, -4.57588], [121.65298, -4.57772], [121.65378, -4.58274], [121.656, -4.5838], [121.65537, -4.58572], [121.6559, -4.5881], [121.65772, -4.59011], [121.65785, -4.59273], [121.65681, -4.5958], [121.65485, -4.59735], [121.65478, -4.59835], [121.65677, -4.60021], [121.65753, -4.60473], [121.66958, -4.61523], [121.67653, -4.59887], [121.68626, -4.57953], [121.68621, -4.57494], [121.6878, -4.57308], [121.68695, -4.57167], [121.68845, -4.56948], [121.69007, -4.5689], [121.68975, -4.56712], [121.70683, -4.53629], [121.70732, -4.53612], [121.70718, -4.53784], [121.70909, -4.54025], [121.70986, -4.5406], [121.71091, -4.53947], [121.71139, -4.53966], [121.71283, -4.54323], [121.71095, -4.54379], [121.70909, -4.54648], [121.7107, -4.54721], [121.71229, -4.54643], [121.71567, -4.54699], [121.71294, -4.54822], [121.71278, -4.55188], [121.71133, -4.55407], [121.71145, -4.55484], [121.71401, -4.5569], [121.71368, -4.55999], [121.7144, -4.55974], [121.71476, -4.55826], [121.71551, -4.55856], [121.71944, -4.5657], [121.71728, -4.56598], [121.71609, -4.56711], [121.71662, -4.56982], [121.71537, -4.57317], [121.71298, -4.57428], [121.71301, -4.57585], [121.70828, -4.57723], [121.70814, -4.57901], [121.70551, -4.58012], [121.70372, -4.5786], [121.70232, -4.5795], [121.70205, -4.58182], [121.69989, -4.58308], [121.69958, -4.58386], [121.70028, -4.58662], [121.70001, -4.59055], [121.69828, -4.59117], [121.69828, -4.59346], [121.69082, -4.60255], [121.69048, -4.60404], [121.68949, -4.60417], [121.68824, -4.6057], [121.68799, -4.6108], [121.68499, -4.61085], [121.68157, -4.61419], [121.68011, -4.61476], [121.67356, -4.62013], [121.67222, -4.62319], [121.66534, -4.62533], [121.66521, -4.62644], [121.66225, -4.63068], [121.66178, -4.63715], [121.6597, -4.63868], [121.65846, -4.64587], [121.65499, -4.64933], [121.65247, -4.64772], [121.65098, -4.64792], [121.65118, -4.65117], [121.6498, -4.65194], [121.65168, -4.65349], [121.64553, -4.65846], [121.64088, -4.66343], [121.63576, -4.66574], [121.63507, -4.66757], [121.63324, -4.66922], [121.63053, -4.6697], [121.62935, -4.67221], [121.62972, -4.67566], [121.62652, -4.67565], [121.62182, -4.67346], [121.61995, -4.67142], [121.6189, -4.67227], [121.61787, -4.67559], [121.61464, -4.6742], [121.61382, -4.67324], [121.61147, -4.67295], [121.6098, -4.67127], [121.60745, -4.67149], [121.60539, -4.67607], [121.60417, -4.6874], [121.6009, -4.69064], [121.59762, -4.6922], [121.59325, -4.69577], [121.58276, -4.70709], [121.57914, -4.70833], [121.57403, -4.71185], [121.57109, -4.71591], [121.56866, -4.71755], [121.56349, -4.719], [121.55544, -4.7239], [121.55452, -4.72356], [121.55235, -4.72495], [121.55065, -4.72428], [121.54941, -4.7248], [121.54587, -4.72423], [121.54552, -4.72648], [121.54473, -4.72656], [121.54422, -4.72768], [121.54186, -4.72955], [121.53997, -4.73022], [121.53611, -4.73492], [121.53462, -4.73486], [121.53186, -4.73319], [121.52916, -4.73311], [121.52086, -4.73514], [121.51906, -4.73816], [121.5173, -4.73723], [121.51697, -4.73609], [121.51451, -4.73633], [121.51354, -4.73559], [121.51317, -4.73641], [121.51033, -4.73692], [121.50728, -4.73654], [121.50617, -4.73521], [121.5069, -4.73408], [121.5058, -4.73391], [121.50533, -4.73213], [121.50696, -4.73113], [121.50839, -4.73133], [121.50848, -4.73014], [121.51008, -4.73034], [121.51125, -4.72915], [121.51093, -4.72885], [121.50978, -4.73], [121.50907, -4.72976], [121.50856, -4.72873], [121.5092, -4.72851], [121.50812, -4.72764], [121.5075, -4.72459]]], [[[121.50643, -4.72355], [121.50715, -4.72621], [121.50658, -4.72813], [121.50707, -4.72937], [121.50545, -4.73005], [121.50441, -4.72963], [121.50473, -4.72806], [121.50337, -4.72703], [121.50397, -4.72666], [121.50354, -4.72368], [121.50158, -4.72323], [121.5011, -4.72094], [121.50221, -4.71596], [121.50351, -4.71452], [121.50646, -4.72171], [121.50643, -4.72355]]]]}}, {"type": "Feature", "properties": {"domain_id": "740218", "name": "UEPAI"}, "geometry": {"type": "Polygon", "coordinates": [[[122.05089, -3.93818], [122.051, -3.9406], [122.04958, -3.94623], [122.04274, -3.94747], [122.04162, -3.94827], [122.03986, -3.94729], [122.03862, -3.94806], [122.03644, -3.94802], [122.03636, -3.94626], [122.03479, -3.94676], [122.03303, -3.94535], [122.02982, -3.94592], [122.02495, -3.94553], [122.02357, -3.94683], [122.01861, -3.94744], [122.00953, -3.94659], [122.00889, -3.94553], [122.00416, -3.94468], [122.00244, -3.9453], [121.9988, -3.9445], [121.99696, -3.94582], [121.9941, -3.94568], [121.99347, -3.94713], [121.9919, -3.94819], [121.98982, -3.9483], [121.98748, -3.94708], [121.9835, -3.94698], [121.98062, -3.94817], [121.98052, -3.94953], [121.97697, -3.94641], [121.97445, -3.94797], [121.97172, -3.94803], [121.96922, -3.95085], [121.96813, -3.94951], [121.96694, -3.94512], [121.96521, -3.94367], [121.96427, -3.94179], [121.96459, -3.93962], [121.96646, -3.93666], [121.96627, -3.93609], [121.96357, -3.93441], [121.95741, -3.92455], [121.96013, -3.92309], [121.96261, -3.92302], [121.96369, -3.92208], [121.96673, -3.91807], [121.96645, -3.91599], [121.96887, -3.91245], [121.97057, -3.90628], [121.97199, -3.90653], [121.97209, -3.90471], [121.97096, -3.90203], [121.96843, -3.90128], [121.96458, -3.90152], [121.96406, -3.90001], [121.97136, -3.89418], [121.97224, -3.89217], [121.97252, -3.88815], [121.97129, -3.88861], [121.97084, -3.8895], [121.96905, -3.8881], [121.96839, -3.88602], [121.96907, -3.88516], [121.96965, -3.88538], [121.96958, -3.8863], [121.97007, -3.88587], [121.97101, -3.88184], [121.96731, -3.87891], [121.96646, -3.87959], [121.96519, -3.87933], [121.96582, -3.87708], [121.96385, -3.87557], [121.96303, -3.87289], [121.96084, -3.87209], [121.95798, -3.87208], [121.9543, -3.87315], [121.95355, -3.87214], [121.95602, -3.86428], [121.95706, -3.8628], [121.95743, -3.85992], [121.95636, -3.85802], [121.95599, -3.85567], [121.95204, -3.85142], [121.95002, -3.84739], [121.95016, -3.8463], [121.95292, -3.84304], [121.95374, -3.84076], [121.95268, -3.83761], [121.95294, -3.83298], [121.95504, -3.82907], [121.9578, -3.8262], [121.95883, -3.82189], [121.96569, -3.82257], [121.96622, -3.82541], [121.97041, -3.82895], [121.97072, -3.83254], [121.97198, -3.83376], [121.97673, -3.83416], [121.97886, -3.83367], [121.98124, -3.83443], [121.98349, -3.83406], [121.98776, -3.83658], [121.98713, -3.84159], [121.98907, -3.83899], [121.99288, -3.83692], [121.99308, -3.8353], [121.99064, -3.83154], [121.99131, -3.82909], [121.99414, -3.83065], [121.99656, -3.83308], [121.99999, -3.83493], [122.00342, -3.84007], [122.00592, -3.84122], [122.0087, -3.84407], [122.01348, -3.85266], [122.0159, -3.85294], [122.02383, -3.85703], [122.02478, -3.86077], [122.03001, -3.86643], [122.03375, -3.86822], [122.03766, -3.87209], [122.03747, -3.87445], [122.03931, -3.8739], [122.04187, -3.875], [122.04544, -3.88157], [122.04716, -3.88344], [122.04865, -3.88355], [122.0494, -3.88196], [122.04956, -3.87783], [122.04712, -3.87517], [122.04756, -3.87365], [122.0494, -3.87146], [122.05227, -3.86953], [122.05429, -3.86972], [122.05722, -3.87183], [122.05777, -3.87318], [122.05738, -3.87442], [122.05318, -3.87631], [122.05419, -3.87919], [122.05579, -3.87987], [122.05864, -3.87867], [122.06048, -3.8787], [122.06234, -3.88236], [122.06315, -3.88255], [122.06563, -3.88136], [122.06797, -3.88123], [122.06866, -3.8824], [122.06598, -3.88545], [122.06683, -3.88696], [122.06872, -3.88695], [122.07069, -3.88428], [122.07106, -3.88472], [122.0718, -3.8863], [122.07174, -3.8883], [122.06765, -3.88999], [122.06723, -3.89091], [122.06761, -3.89186], [122.0695, -3.89258], [122.07179, -3.89198], [122.07306, -3.8925], [122.07338, -3.89153], [122.07506, -3.89077], [122.0766, -3.8914], [122.0784, -3.89403], [122.0787, -3.89728], [122.08056, -3.89946], [122.08114, -3.90346], [122.08281, -3.90326], [122.08372, -3.90065], [122.08475, -3.9001], [122.08707, -3.90087], [122.08779, -3.90401], [122.08949, -3.90599], [122.09063, -3.90578], [122.09246, -3.9033], [122.09376, -3.9035], [122.09308, -3.90761], [122.09118, -3.90914], [122.08915, -3.90898], [122.08848, -3.90998], [122.08859, -3.91254], [122.08508, -3.91507], [122.08745, -3.91616], [122.09028, -3.91544], [122.09319, -3.91634], [122.09427, -3.91702], [122.0956, -3.91975], [122.09799, -3.92071], [122.09893, -3.92179], [122.09893, -3.92279], [122.09783, -3.92387], [122.0932, -3.92109], [122.09253, -3.92136], [122.09193, -3.92178], [122.09309, -3.92554], [122.09129, -3.92657], [122.09563, -3.92994], [122.10127, -3.93175], [122.10326, -3.93072], [122.10469, -3.93229], [122.10419, -3.93432], [122.10501, -3.93457], [122.10741, -3.93364], [122.10808, -3.93478], [122.10719, -3.936], [122.10473, -3.93661], [122.10049, -3.93636], [122.09589, -3.93519], [122.07331, -3.9349], [122.06222, -3.93683], [122.05853, -3.93637], [122.05073, -3.93721], [122.05089, -3.93818]]]}}, {"type": "Feature", "properties": {"domain_id": "740705", "name": "WANGI-WANGI SELATAN"}, "geometry": {"type": "MultiPolygon", "coordinates": [[[[123.54253, -5.34737], [123.54177, -5.35018], [123.54129, -5.34978], [123.54034, -5.3505], [123.53879, -5.34994], [123.53823, -5.34879], [123.53939, -5.34751], [123.53975, -5.34596], [123.53913, -5.34433], [123.53687, -5.34226], [123.53752, -5.34105], [123.53925, -5.34239], [123.53742, -5.33721], [123.53867, -5.33669], [123.53824, -5.33553], [123.53863, -5.3351], [123.53768, -5.33524], [123.53764, -5.33477], [123.53828, -5.33469], [123.53862, -5.33372], [123.53802, -5.33349], [123.53857, -5.33324], [123.53791, -5.33263], [123.53792, -5.33093], [123.53696, -5.3299], [123.56556, -5.31953], [123.5704, -5.31408], [123.57688, -5.30473], [123.58264, -5.30047], [123.59504, -5.29542], [123.63134, -5.27588], [123.63642, -5.28176], [123.63734, -5.28174], [123.63848, -5.28284], [123.64192, -5.28713], [123.64227, -5.28977], [123.64467, -5.29638], [123.64455, -5.29984], [123.64341, -5.30305], [123.63856, -5.32651], [123.63566, -5.33328], [123.63378, -5.34094], [123.634, -5.34654], [123.63562, -5.34909], [123.63698, -5.35837], [123.63937, -5.36659], [123.63784, -5.37091], [123.63542, -5.37346], [123.63312, -5.37391], [123.63164, -5.37497], [123.62898, -5.37469], [123.62602, -5.37692], [123.6249, -5.37685], [123.62175, -5.37997], [123.62144, -5.38126], [123.61748, -5.38395], [123.61426, -5.38289], [123.61533, -5.38152], [123.61415, -5.37765], [123.61498, -5.37637], [123.61605, -5.37604], [123.61562, -5.37376], [123.61238, -5.37892], [123.60734, -5.38069], [123.60487, -5.37871], [123.60375, -5.37996], [123.60324, -5.37867], [123.5998, -5.37773], [123.59961, -5.38025], [123.60107, -5.38169], [123.60131, -5.38284], [123.60358, -5.3814], [123.60482, -5.38166], [123.60495, -5.38246], [123.6027, -5.38263], [123.60294, -5.38392], [123.60064, -5.38433], [123.59966, -5.38608], [123.59823, -5.38616], [123.59733, -5.3853], [123.59611, -5.38525], [123.59536, -5.38564], [123.59538, -5.38659], [123.59437, -5.38655], [123.59209, -5.38511], [123.58699, -5.38408], [123.58481, -5.38267], [123.58182, -5.3826], [123.56993, -5.37177], [123.5624, -5.36344], [123.55875, -5.36065], [123.55655, -5.36182], [123.55712, -5.3607], [123.55851, -5.36031], [123.55658, -5.35809], [123.55566, -5.35969], [123.5544, -5.36091], [123.55416, -5.36072], [123.55652, -5.35805], [123.55497, -5.35744], [123.55333, -5.35544], [123.54974, -5.35305], [123.54902, -5.35181], [123.54462, -5.3498], [123.54373, -5.34778], [123.54253, -5.34737]]], [[[123.51875, -5.36189], [123.52166, -5.36357], [123.52716, -5.36256], [123.52686, -5.36566], [123.5276, -5.36682], [123.52928, -5.36669], [123.52947, -5.36759], [123.52768, -5.37166], [123.52788, -5.37463], [123.52879, -5.37559], [123.52834, -5.37631], [123.53466, -5.37576], [123.53825, -5.37248], [123.53689, -5.37258], [123.53721, -5.37147], [123.53912, -5.37199], [123.53768, -5.371], [123.53716, -5.3698], [123.53759, -5.3694], [123.54161, -5.37285], [123.54126, -5.37724], [123.53948, -5.37911], [123.53625, -5.38053], [123.53233, -5.3812], [123.52939, -5.3799], [123.52814, -5.38094], [123.52506, -5.37842], [123.52356, -5.37808], [123.51988, -5.37402], [123.51789, -5.37367], [123.51743, -5.37438], [123.51661, -5.37334], [123.51573, -5.3736], [123.51297, -5.37148], [123.51075, -5.37188], [123.50464, -5.3709], [123.50399, -5.37044], [123.50354, -5.36836], [123.49701, -5.36449], [123.49372, -5.36422], [123.49138, -5.36306], [123.48842, -5.36315], [123.48702, -5.36216], [123.48708, -5.36142], [123.48598, -5.36214], [123.47915, -5.35973], [123.47518, -5.35536], [123.47377, -5.35279], [123.47387, -5.35033], [123.46889, -5.34434], [123.46423, -5.33534], [123.46315, -5.32953], [123.46549, -5.32665], [123.47411, -5.3264], [123.47722, -5.32759], [123.48066, -5.33099], [123.49077, -5.33347], [123.49495, -5.3355], [123.49716, -5.33701], [123.49959, -5.33995], [123.50073, -5.34069], [123.50123, -5.34037], [123.49936, -5.34487], [123.50052, -5.34667], [123.50499, -5.34966], [123.50737, -5.35351], [123.50786, -5.35308], [123.50936, -5.35365], [123.51875, -5.36189]]], [[[123.61282, -5.40235], [123.61318, -5.40306], [123.61489, -5.40267], [123.6194, -5.40465], [123.62395, -5.40748], [123.62781, -5.41164], [123.63031, -5.41342], [123.64266, -5.41929], [123.64429, -5.42177], [123.64339, -5.42681], [123.64291, -5.42722], [123.64274, -5.42631], [123.64202, -5.42619], [123.64016, -5.42812], [123.63816, -5.43197], [123.635, -5.43398], [123.63119, -5.43547], [123.62805, -5.43495], [123.61818, -5.42957], [123.61406, -5.42912], [123.60909, -5.42755], [123.60718, -5.42569], [123.60464, -5.42519], [123.60204, -5.42374], [123.60148, -5.4221], [123.59965, -5.42218], [123.59686, -5.42002], [123.59646, -5.4202], [123.59712, -5.42143], [123.59665, -5.42124], [123.59536, -5.4194], [123.59465, -5.42005], [123.59393, -5.41941], [123.59431, -5.41905], [123.59241, -5.41883], [123.59205, -5.41668], [123.59039, -5.41666], [123.58916, -5.41494], [123.58521, -5.41186], [123.58528, -5.4101], [123.58595, -5.40928], [123.59319, -5.40681], [123.59584, -5.40631], [123.59916, -5.40661], [123.60019, -5.40585], [123.60793, -5.40676], [123.61105, -5.40484], [123.61149, -5.40256], [123.61282, -5.40235]]], [[[123.64031, -5.38398], [123.64264, -5.38543], [123.64286, -5.38769], [123.64253, -5.38839], [123.64095, -5.38841], [123.63923, -5.39121], [123.64022, -5.39194], [123.63886, -5.39319], [123.63431, -5.39386], [123.63111, -5.39291], [123.6291, -5.39107], [123.6291, -5.38926], [123.63245, -5.38738], [123.63272, -5.3857], [123.63357, -5.3861], [123.63898, -5.38396], [123.64031, -5.38398]]], [[[123.59282, -5.38949], [123.59712, -5.38956], [123.59761, -5.38868], [123.60067, -5.38825], [123.60166, -5.39007], [123.60276, -5.39014], [123.60353, -5.39234], [123.60462, -5.39247], [123.60475, -5.39375], [123.6042, -5.39459], [123.60367, -5.39407], [123.60063, -5.39557], [123.60067, -5.3948], [123.5998, -5.39507], [123.59941, -5.39392], [123.59684, -5.39424], [123.59663, -5.39474], [123.5973, -5.3951], [123.59658, -5.39546], [123.59483, -5.39407], [123.59451, -5.3944], [123.59547, -5.39535], [123.59372, -5.39546], [123.59206, -5.39721], [123.59091, -5.3951], [123.59049, -5.39198], [123.59078, -5.3896], [123.59282, -5.38949]]], [[[123.53503, -5.35165], [123.53552, -5.35218], [123.53957, -5.3524], [123.53888, -5.35411], [123.5373, -5.35518], [123.53631, -5.35504], [123.53525, -5.3566], [123.53047, -5.3554], [123.53132, -5.35337], [123.53109, -5.35214], [123.53503, -5.35165]]], [[[123.53794, -5.3582], [123.536, -5.35795], [123.53532, -5.35735], [123.538, -5.35611], [123.53881, -5.35691], [123.53794, -5.3582]]], [[[123.65037, -5.29875], [123.64928, -5.29632], [123.64785, -5.29533], [123.64875, -5.2943], [123.65065, -5.29697], [123.65092, -5.2995], [123.65037, -5.29875]]]]}}, {"type": "Feature", "properties": {"domain_id": "740239", "name": "MOROSI"}, "geometry": {"type": "Polygon", "coordinates": [[[122.42262, -3.94951], [122.42044, -3.95802], [122.41704, -3.96226], [122.41488, -3.96642], [122.41303, -3.96703], [122.40661, -3.95948], [122.40538, -3.96046], [122.40022, -3.95983], [122.39921, -3.95761], [122.3943, -3.95375], [122.39102, -3.95352], [122.38929, -3.95204], [122.38523, -3.95061], [122.38373, -3.9487], [122.37926, -3.95116], [122.375, -3.95224], [122.37058, -3.94909], [122.3712, -3.94524], [122.37023, -3.94367], [122.37052, -3.94199], [122.37004, -3.94142], [122.37072, -3.93992], [122.36975, -3.93784], [122.36652, -3.93691], [122.36525, -3.93515], [122.36537, -3.93173], [122.36737, -3.9235], [122.36882, -3.92071], [122.37005, -3.92155], [122.37035, -3.9189], [122.36892, -3.91719], [122.36601, -3.91676], [122.36332, -3.91516], [122.35667, -3.91863], [122.35268, -3.91728], [122.35154, -3.9175], [122.35071, -3.91568], [122.35079, -3.9127], [122.34983, -3.9113], [122.34872, -3.91097], [122.34915, -3.90953], [122.347, -3.9092], [122.34688, -3.90728], [122.34616, -3.90688], [122.34421, -3.89977], [122.34127, -3.89587], [122.33935, -3.89549], [122.33765, -3.88825], [122.33557, -3.88811], [122.33251, -3.88899], [122.3281, -3.88866], [122.32985, -3.88452], [122.32963, -3.88185], [122.32799, -3.87923], [122.32286, -3.87919], [122.32007, -3.88077], [122.32003, -3.87925], [122.31732, -3.8762], [122.31414, -3.87934], [122.30923, -3.8796], [122.30601, -3.8817], [122.29626, -3.8809], [122.29439, -3.88146], [122.29269, -3.88012], [122.29009, -3.8824], [122.28604, -3.88266], [122.28577, -3.88209], [122.2836, -3.88248], [122.28174, -3.88123], [122.27719, -3.88213], [122.276, -3.88176], [122.27456, -3.87964], [122.2757, -3.87877], [122.27496, -3.8783], [122.27459, -3.8768], [122.27598, -3.87613], [122.27673, -3.87641], [122.27647, -3.87496], [122.27757, -3.87485], [122.27843, -3.87344], [122.28242, -3.87458], [122.28252, -3.87251], [122.28307, -3.87251], [122.28332, -3.8734], [122.28419, -3.87217], [122.28744, -3.873], [122.29139, -3.87003], [122.29705, -3.86825], [122.29889, -3.86864], [122.30409, -3.86797], [122.30488, -3.86553], [122.30683, -3.86452], [122.30749, -3.86255], [122.30909, -3.86154], [122.30851, -3.85752], [122.305, -3.85472], [122.30628, -3.85317], [122.30721, -3.84999], [122.30863, -3.84867], [122.30844, -3.84686], [122.30943, -3.84466], [122.30867, -3.84141], [122.31005, -3.83825], [122.31219, -3.83683], [122.31489, -3.83625], [122.31781, -3.83054], [122.32384, -3.82553], [122.32634, -3.825], [122.33274, -3.82655], [122.33622, -3.82823], [122.34134, -3.83554], [122.34877, -3.84309], [122.35221, -3.8453], [122.35342, -3.84726], [122.35679, -3.8502], [122.35823, -3.85438], [122.36021, -3.85728], [122.3734, -3.86361], [122.37861, -3.86435], [122.38148, -3.86597], [122.38509, -3.86675], [122.41815, -3.86779], [122.42131, -3.86804], [122.42332, -3.86933], [122.42492, -3.86742], [122.42578, -3.86753], [122.42564, -3.86649], [122.4263, -3.86651], [122.42729, -3.86484], [122.42715, -3.86207], [122.42884, -3.86094], [122.43785, -3.8613], [122.45259, -3.87722], [122.45631, -3.87979], [122.45778, -3.88164], [122.45984, -3.8806], [122.46082, -3.88176], [122.45482, -3.88587], [122.44667, -3.88495], [122.43706, -3.88229], [122.42638, -3.88266], [122.4275, -3.88577], [122.43303, -3.89183], [122.42919, -3.89174], [122.42846, -3.89539], [122.41889, -3.8959], [122.41922, -3.89877], [122.42373, -3.90278], [122.42411, -3.90972], [122.4254, -3.90988], [122.42635, -3.90744], [122.42815, -3.91066], [122.42973, -3.91169], [122.4399, -3.91347], [122.43598, -3.92089], [122.43474, -3.9266], [122.43331, -3.9278], [122.43464, -3.93165], [122.4344, -3.93405], [122.43367, -3.93521], [122.43067, -3.93655], [122.43349, -3.93882], [122.43222, -3.94032], [122.43059, -3.94094], [122.42817, -3.9407], [122.42755, -3.94418], [122.4235, -3.94776], [122.42262, -3.94951]]]}}, {"type": "Feature", "properties": {"domain_id": "740201", "name": "LAMBUYA"}, "geometry": {"type": "Polygon", "coordinates": [[[122.00476, -3.98761], [122.00579, -3.99325], [122.0, -3.99167], [121.99716, -3.99157], [121.99563, -3.99268], [121.99169, -3.99096], [121.98887, -3.99069], [121.98954, -3.99159], [121.98887, -3.99296], [121.98557, -3.99605], [121.98396, -3.9958], [121.97868, -3.99229], [121.97797, -3.99019], [121.97633, -3.98855], [121.97331, -3.98762], [121.97138, -3.98764], [121.97054, -3.98855], [121.96745, -3.98903], [121.96622, -3.98839], [121.96347, -3.98839], [121.95151, -3.97987], [121.95375, -3.97568], [121.95654, -3.96791], [121.95822, -3.96701], [121.96073, -3.96247], [121.96301, -3.96252], [121.96344, -3.96146], [121.96531, -3.9606], [121.96644, -3.9584], [121.96662, -3.95652], [121.96805, -3.95485], [121.96922, -3.95085], [121.97201, -3.9479], [121.97445, -3.94797], [121.97697, -3.94641], [121.98052, -3.94953], [121.98062, -3.94817], [121.9835, -3.94698], [121.98748, -3.94708], [121.99101, -3.94831], [121.99335, -3.94725], [121.99418, -3.94564], [121.99696, -3.94582], [121.99891, -3.9445], [122.00244, -3.9453], [122.00416, -3.94468], [122.00889, -3.94553], [122.00953, -3.94659], [122.01861, -3.94744], [122.02357, -3.94683], [122.02495, -3.94553], [122.02982, -3.94592], [122.03303, -3.94535], [122.03479, -3.94676], [122.03636, -3.94626], [122.03644, -3.94802], [122.03862, -3.94806], [122.03986, -3.94729], [122.04162, -3.94827], [122.04274, -3.94747], [122.04958, -3.94623], [122.051, -3.9406], [122.05073, -3.93721], [122.05853, -3.93637], [122.06222, -3.93683], [122.07331, -3.9349], [122.09589, -3.93519], [122.10049, -3.93636], [122.10455, -3.9366], [122.10385, -3.93908], [122.10439, -3.94001], [122.10852, -3.93991], [122.1093, -3.94045], [122.10964, -3.9419], [122.11349, -3.943], [122.11551, -3.94579], [122.11743, -3.94643], [122.11586, -3.94906], [122.1163, -3.95092], [122.11763, -3.95167], [122.11934, -3.94962], [122.12031, -3.95083], [122.11808, -3.95192], [122.11467, -3.95194], [122.11391, -3.95289], [122.11512, -3.9541], [122.11871, -3.95339], [122.12104, -3.95679], [122.12355, -3.9586], [122.1231, -3.96001], [122.11992, -3.96048], [122.11935, -3.96124], [122.11973, -3.96218], [122.12467, -3.96264], [122.12629, -3.96688], [122.1248, -3.97247], [122.124, -3.97328], [122.12416, -3.97438], [122.12575, -3.97629], [122.12919, -3.97728], [122.12896, -3.97948], [122.12968, -3.98067], [122.13095, -3.98023], [122.13141, -3.97783], [122.13403, -3.97658], [122.13538, -3.97774], [122.13486, -3.98065], [122.1368, -3.97971], [122.13953, -3.98001], [122.13964, -3.9807], [122.13695, -3.98191], [122.13659, -3.98295], [122.1393, -3.98454], [122.14018, -3.98867], [122.09538, -3.99307], [122.08243, -3.99311], [122.08109, -3.99371], [122.08004, -3.9955], [122.07545, -3.99859], [122.07079, -4.00003], [122.07099, -3.99287], [122.05642, -3.99305], [122.05548, -3.9906], [122.05485, -3.99038], [122.05402, -3.99112], [122.05131, -3.99125], [122.04684, -3.99064], [122.04135, -3.99283], [122.03729, -3.9937], [122.03234, -3.98977], [122.02889, -3.98801], [122.02622, -3.98231], [122.02287, -3.98255], [122.00476, -3.98761]]]}}, {"type": "Feature", "properties": {"domain_id": "740314", "name": "LASALEPA"}, "geometry": {"type": "Polygon", "coordinates": [[[122.73853, -4.77186], [122.73835, -4.77462], [122.73957, -4.77703], [122.74299, -4.77754], [122.74529, -4.77842], [122.74559, -4.7791], [122.74318, -4.78128], [122.74163, -4.78119], [122.74174, -4.78231], [122.741, -4.78328], [122.73872, -4.78432], [122.74301, -4.78808], [122.7443, -4.79102], [122.74567, -4.79231], [122.74546, -4.79363], [122.74374, -4.79466], [122.74342, -4.79816], [122.74111, -4.80126], [122.73954, -4.80214], [122.74007, -4.80325], [122.73975, -4.80414], [122.7417, -4.80456], [122.74134, -4.8055], [122.73954, -4.80476], [122.73931, -4.80542], [122.73627, -4.80357], [122.73388, -4.80302], [122.72866, -4.79813], [122.72641, -4.79743], [122.72591, -4.79552], [122.72489, -4.79534], [122.72518, -4.79445], [122.72437, -4.79385], [122.72236, -4.79428], [122.72125, -4.79339], [122.72058, -4.79416], [122.71961, -4.79414], [122.71896, -4.79281], [122.71881, -4.7936], [122.71816, -4.79296], [122.71763, -4.79343], [122.7168, -4.79244], [122.71761, -4.79121], [122.71719, -4.79083], [122.71503, -4.79134], [122.71456, -4.79086], [122.71004, -4.79241], [122.70482, -4.791], [122.70301, -4.79139], [122.70227, -4.79046], [122.69985, -4.79081], [122.69826, -4.78885], [122.69686, -4.79159], [122.69673, -4.79365], [122.69212, -4.79415], [122.68158, -4.79669], [122.67465, -4.79709], [122.67281, -4.79509], [122.6722, -4.79301], [122.66956, -4.79144], [122.66884, -4.78875], [122.66459, -4.78327], [122.66745, -4.77936], [122.66786, -4.77745], [122.66661, -4.77626], [122.66907, -4.77294], [122.66916, -4.77015], [122.66891, -4.7683], [122.66406, -4.75983], [122.6638, -4.75835], [122.66728, -4.75243], [122.66768, -4.749], [122.66727, -4.74616], [122.66935, -4.74534], [122.66999, -4.74436], [122.66919, -4.74043], [122.66954, -4.73716], [122.66524, -4.73489], [122.66165, -4.73054], [122.65867, -4.73074], [122.65605, -4.73379], [122.65546, -4.7328], [122.65878, -4.72962], [122.65831, -4.72712], [122.64909, -4.7117], [122.64129, -4.70033], [122.63695, -4.69599], [122.64942, -4.68443], [122.65951, -4.68586], [122.6625, -4.68561], [122.66763, -4.68356], [122.67281, -4.68573], [122.67521, -4.68751], [122.68735, -4.69228], [122.69109, -4.69467], [122.69346, -4.69523], [122.696, -4.69514], [122.70254, -4.69332], [122.70445, -4.6926], [122.70545, -4.69149], [122.71218, -4.69078], [122.71575, -4.68831], [122.71571, -4.68753], [122.71666, -4.68675], [122.71479, -4.68286], [122.71481, -4.68162], [122.71604, -4.68021], [122.71766, -4.67981], [122.72058, -4.68049], [122.72467, -4.68046], [122.73019, -4.68179], [122.73477, -4.68153], [122.73485, -4.68348], [122.73259, -4.6842], [122.72941, -4.68388], [122.72669, -4.6829], [122.72615, -4.68216], [122.72497, -4.68231], [122.72476, -4.68332], [122.72588, -4.68611], [122.72523, -4.68894], [122.72624, -4.69053], [122.72223, -4.6921], [122.72114, -4.69155], [122.72061, -4.69034], [122.7201, -4.69069], [122.72073, -4.69522], [122.72183, -4.69804], [122.72168, -4.70025], [122.72362, -4.70087], [122.72411, -4.70201], [122.72427, -4.70409], [122.72316, -4.70614], [122.72595, -4.70755], [122.72605, -4.71036], [122.72884, -4.71493], [122.72857, -4.71669], [122.72991, -4.72021], [122.72918, -4.72206], [122.72934, -4.72367], [122.72835, -4.7255], [122.72961, -4.72535], [122.73132, -4.72761], [122.72928, -4.72941], [122.72929, -4.73047], [122.73156, -4.73314], [122.73261, -4.73214], [122.73416, -4.73278], [122.73496, -4.73554], [122.73438, -4.73711], [122.73525, -4.73877], [122.74123, -4.74138], [122.74132, -4.74541], [122.74281, -4.74641], [122.74262, -4.74914], [122.74369, -4.75364], [122.74311, -4.75556], [122.74061, -4.75665], [122.73717, -4.7558], [122.73538, -4.75628], [122.73705, -4.75615], [122.73947, -4.75725], [122.73943, -4.76108], [122.74065, -4.76194], [122.74134, -4.76369], [122.74117, -4.76481], [122.73969, -4.76589], [122.74284, -4.76854], [122.74268, -4.76929], [122.74064, -4.76973], [122.73853, -4.77186]]]}}, {"type": "Feature", "properties": {"domain_id": "740812", "name": "POREHU"}, "geometry": {"type": "Polygon", "coordinates": [[[121.42706, -3.15259], [121.43286, -3.15573], [121.43591, -3.1582], [121.43814, -3.16133], [121.42146, -3.16084], [121.40765, -3.16202], [121.3779, -3.16125], [121.34529, -3.15689], [121.32459, -3.15184], [121.30509, -3.1451], [121.2882, -3.13503], [121.27536, -3.12926], [121.25663, -3.11943], [121.24415, -3.11415], [121.23366, -3.10825], [121.22411, -3.1017], [121.22283, -3.09861], [121.22235, -3.0951], [121.21712, -3.09213], [121.2146, -3.08892], [121.21037, -3.08922], [121.20012, -3.08336], [121.18486, -3.08331], [121.17436, -3.07912], [121.16865, -3.07796], [121.16108, -3.07795], [121.15571, -3.07917], [121.14011, -3.07735], [121.13435, -3.07576], [121.13084, -3.07342], [121.12798, -3.07056], [121.12994, -3.06886], [121.12906, -3.06752], [121.13086, -3.06113], [121.13201, -3.05933], [121.13655, -3.05756], [121.14041, -3.05263], [121.13951, -3.05213], [121.13882, -3.04998], [121.13771, -3.04898], [121.13359, -3.05017], [121.12938, -3.05023], [121.12393, -3.0498], [121.1231, -3.04917], [121.12599, -3.04665], [121.12655, -3.04486], [121.12411, -3.03978], [121.12509, -3.03491], [121.12309, -3.03363], [121.10414, -3.03114], [121.10318, -3.03032], [121.10445, -3.00585], [121.10819, -2.98131], [121.12074, -2.98304], [121.12885, -2.98253], [121.1337, -2.98406], [121.13892, -2.98392], [121.14776, -2.9856], [121.1528, -2.98543], [121.16187, -2.98135], [121.16079, -2.9755], [121.15484, -2.96481], [121.16066, -2.9652], [121.178, -2.96871], [121.18111, -2.94999], [121.19087, -2.93091], [121.20328, -2.89002], [121.2033, -2.87761], [121.20468, -2.87072], [121.21106, -2.85643], [121.21238, -2.85803], [121.21127, -2.85861], [121.21065, -2.86273], [121.21302, -2.87041], [121.21391, -2.87092], [121.21997, -2.87016], [121.22101, -2.87136], [121.22272, -2.87183], [121.22444, -2.8711], [121.22492, -2.86973], [121.22595, -2.86983], [121.22845, -2.87647], [121.22681, -2.87954], [121.22746, -2.87998], [121.22905, -2.87964], [121.22908, -2.88056], [121.22793, -2.88136], [121.23009, -2.88321], [121.23072, -2.88667], [121.23234, -2.88472], [121.23429, -2.88674], [121.23634, -2.8861], [121.23649, -2.88844], [121.24062, -2.88882], [121.24543, -2.8927], [121.24545, -2.89564], [121.24799, -2.89885], [121.2506, -2.90411], [121.25186, -2.90502], [121.25172, -2.90651], [121.2536, -2.90717], [121.25862, -2.90711], [121.25877, -2.90942], [121.26627, -2.91554], [121.2687, -2.91658], [121.27094, -2.91605], [121.27229, -2.91646], [121.27518, -2.92198], [121.28516, -2.92209], [121.29172, -2.92558], [121.29732, -2.92649], [121.29877, -2.93044], [121.29643, -2.93245], [121.29897, -2.93371], [121.2975, -2.93503], [121.29834, -2.93898], [121.30042, -2.94175], [121.29996, -2.94413], [121.30189, -2.94529], [121.30452, -2.94881], [121.30718, -2.94935], [121.30911, -2.95079], [121.31234, -2.95086], [121.31256, -2.95256], [121.31461, -2.95538], [121.31593, -2.95572], [121.31731, -2.95707], [121.31545, -2.9599], [121.31709, -2.96052], [121.31718, -2.96215], [121.31904, -2.96247], [121.31904, -2.96397], [121.32145, -2.9644], [121.32381, -2.96746], [121.32591, -2.96892], [121.32673, -2.97048], [121.32874, -2.9714], [121.33065, -2.97441], [121.33944, -2.97935], [121.34153, -2.97976], [121.34313, -2.98129], [121.345, -2.98123], [121.34668, -2.98306], [121.34747, -2.985], [121.34865, -2.98377], [121.35032, -2.98382], [121.35124, -2.98614], [121.35195, -2.98651], [121.35548, -2.98751], [121.36122, -2.98757], [121.36332, -2.99451], [121.3696, -3.01031], [121.3696, -3.01169], [121.36256, -3.02511], [121.36018, -3.04762], [121.36094, -3.05148], [121.36299, -3.05581], [121.36689, -3.05966], [121.38036, -3.06999], [121.3854, -3.0777], [121.38878, -3.08603], [121.38821, -3.0974], [121.39435, -3.10216], [121.39887, -3.10383], [121.40746, -3.10452], [121.40884, -3.10523], [121.41206, -3.10966], [121.41168, -3.11947], [121.41405, -3.12708], [121.41605, -3.14088], [121.41944, -3.14764], [121.42163, -3.15021], [121.42706, -3.15259]]]}}, {"type": "Feature", "properties": {"domain_id": "747102", "name": "KENDARI"}, "geometry": {"type": "Polygon", "coordinates": [[[122.59716, -3.97738], [122.59423, -3.97776], [122.59245, -3.97658], [122.59274, -3.97488], [122.5921, -3.97311], [122.59136, -3.97341], [122.59026, -3.97276], [122.58903, -3.97063], [122.58788, -3.97124], [122.58713, -3.97451], [122.58607, -3.97439], [122.58542, -3.9735], [122.58453, -3.97411], [122.58518, -3.97437], [122.58278, -3.97357], [122.58348, -3.9736], [122.58072, -3.97204], [122.5815, -3.97161], [122.5807, -3.97038], [122.58131, -3.96838], [122.57985, -3.96766], [122.58062, -3.96572], [122.58297, -3.96549], [122.58375, -3.9637], [122.58272, -3.95865], [122.58374, -3.95285], [122.58168, -3.95117], [122.583, -3.94859], [122.58318, -3.94336], [122.58161, -3.93917], [122.58132, -3.93633], [122.58354, -3.9369], [122.58471, -3.93568], [122.58648, -3.93569], [122.59089, -3.93177], [122.59358, -3.93541], [122.59533, -3.93677], [122.59428, -3.94191], [122.59543, -3.94426], [122.59687, -3.94483], [122.5993, -3.94398], [122.60188, -3.94458], [122.60462, -3.94292], [122.60558, -3.94445], [122.6103, -3.9453], [122.6136, -3.94663], [122.6162, -3.945], [122.61958, -3.94535], [122.62267, -3.94472], [122.62369, -3.94519], [122.62609, -3.94888], [122.62516, -3.95158], [122.6258, -3.95644], [122.62414, -3.959], [122.62201, -3.95931], [122.62016, -3.96192], [122.61963, -3.96127], [122.61745, -3.96161], [122.61568, -3.9629], [122.61104, -3.96238], [122.60887, -3.96283], [122.60856, -3.96405], [122.60968, -3.96479], [122.60983, -3.96712], [122.60937, -3.96756], [122.60998, -3.96815], [122.60906, -3.96874], [122.6099, -3.9691], [122.60989, -3.96957], [122.60932, -3.96926], [122.60946, -3.96983], [122.60833, -3.97101], [122.60524, -3.97136], [122.60448, -3.97073], [122.60245, -3.97216], [122.60231, -3.97414], [122.6005, -3.97554], [122.60083, -3.977], [122.60024, -3.97705], [122.59933, -3.97899], [122.59762, -3.97874], [122.59716, -3.97738]]]}}, {"type": "Feature", "properties": {"domain_id": "740602", "name": "POLEANG TIMUR"}, "geometry": {"type": "Polygon", "coordinates": [[[121.85212, -4.83875], [121.84572, -4.84549], [121.84549, -4.84941], [121.84463, -4.85085], [121.84436, -4.85322], [121.84284, -4.85518], [121.84043, -4.85386], [121.83491, -4.8526], [121.83278, -4.85033], [121.83111, -4.84588], [121.82832, -4.84365], [121.82607, -4.84029], [121.81927, -4.83565], [121.81612, -4.83437], [121.81034, -4.8344], [121.80722, -4.83531], [121.80123, -4.83399], [121.79234, -4.83439], [121.789, -4.83735], [121.78775, -4.83728], [121.78584, -4.84389], [121.78411, -4.8449], [121.78049, -4.84305], [121.78111, -4.84009], [121.77947, -4.83657], [121.77887, -4.8381], [121.76951, -4.83777], [121.76619, -4.83856], [121.76111, -4.84222], [121.75711, -4.84315], [121.75602, -4.84424], [121.75531, -4.84355], [121.75576, -4.84207], [121.75395, -4.84337], [121.753, -4.8429], [121.75225, -4.84116], [121.7508, -4.84156], [121.75, -4.84111], [121.74817, -4.83954], [121.74683, -4.83671], [121.74602, -4.83832], [121.74356, -4.83765], [121.7427, -4.83651], [121.74424, -4.83187], [121.74296, -4.82829], [121.74659, -4.82578], [121.74394, -4.82099], [121.73884, -4.8194], [121.73864, -4.81714], [121.73949, -4.8162], [121.74198, -4.81584], [121.74272, -4.8125], [121.74259, -4.80772], [121.74497, -4.80854], [121.74558, -4.80809], [121.74636, -4.8053], [121.74546, -4.80317], [121.74423, -4.80224], [121.74521, -4.80119], [121.74532, -4.79969], [121.7436, -4.79911], [121.74115, -4.79594], [121.73846, -4.79611], [121.73956, -4.79327], [121.73789, -4.79199], [121.73746, -4.79081], [121.7385, -4.78941], [121.73801, -4.78729], [121.73972, -4.78572], [121.73967, -4.78477], [121.73683, -4.78384], [121.73654, -4.78213], [121.73384, -4.78069], [121.73223, -4.77741], [121.73057, -4.77619], [121.72906, -4.77391], [121.72649, -4.7753], [121.72409, -4.77291], [121.72275, -4.77299], [121.727, -4.76032], [121.72683, -4.75772], [121.73032, -4.75299], [121.73275, -4.75148], [121.73411, -4.75393], [121.7354, -4.75468], [121.73644, -4.75377], [121.73704, -4.7555], [121.7391, -4.75597], [121.73888, -4.75678], [121.7401, -4.75403], [121.74055, -4.75394], [121.74063, -4.75485], [121.74182, -4.75509], [121.74267, -4.75349], [121.74464, -4.75586], [121.74606, -4.75608], [121.74647, -4.7552], [121.74758, -4.75679], [121.74913, -4.75671], [121.7503, -4.75868], [121.75168, -4.75825], [121.75186, -4.75989], [121.75231, -4.75854], [121.75411, -4.75931], [121.75479, -4.76018], [121.7544, -4.76227], [121.75774, -4.76321], [121.75846, -4.76523], [121.75989, -4.76521], [121.76107, -4.76631], [121.76212, -4.76595], [121.76197, -4.76933], [121.76395, -4.76911], [121.76377, -4.77052], [121.76698, -4.7688], [121.7696, -4.7716], [121.77037, -4.76959], [121.77118, -4.76941], [121.77152, -4.77022], [121.771, -4.77159], [121.77206, -4.77315], [121.77133, -4.77444], [121.77404, -4.77363], [121.77484, -4.77522], [121.77602, -4.77393], [121.77677, -4.77396], [121.77698, -4.77657], [121.77625, -4.77716], [121.77461, -4.7768], [121.77393, -4.77764], [121.77536, -4.77823], [121.77568, -4.77962], [121.77404, -4.78116], [121.77417, -4.78271], [121.77236, -4.78611], [121.76795, -4.78737], [121.76602, -4.78627], [121.76522, -4.78644], [121.76438, -4.79116], [121.76291, -4.79111], [121.76136, -4.79256], [121.76467, -4.79401], [121.7649, -4.79605], [121.76574, -4.79634], [121.76663, -4.79806], [121.76833, -4.79889], [121.76876, -4.80154], [121.77039, -4.80277], [121.77412, -4.80173], [121.77944, -4.80317], [121.78488, -4.80197], [121.79177, -4.79914], [121.79287, -4.80272], [121.79862, -4.79852], [121.8003, -4.79796], [121.80253, -4.79855], [121.80436, -4.79794], [121.80567, -4.79693], [121.80583, -4.79548], [121.80739, -4.79393], [121.80928, -4.79391], [121.80946, -4.79481], [121.81063, -4.79462], [121.81141, -4.79578], [121.81278, -4.79429], [121.81495, -4.79528], [121.8155, -4.79445], [121.81707, -4.79451], [121.81686, -4.79338], [121.81774, -4.79187], [121.81882, -4.7924], [121.82045, -4.79034], [121.82151, -4.79085], [121.82338, -4.79012], [121.82438, -4.78873], [121.8263, -4.7896], [121.82607, -4.78891], [121.82687, -4.78875], [121.82683, -4.78813], [121.82958, -4.78819], [121.83015, -4.78676], [121.83569, -4.78569], [121.83724, -4.78596], [121.83906, -4.78359], [121.84265, -4.78286], [121.84506, -4.78417], [121.84668, -4.78333], [121.84813, -4.78353], [121.84857, -4.78274], [121.84969, -4.78248], [121.85005, -4.78146], [121.8556, -4.77843], [121.8567, -4.77697], [121.86099, -4.77558], [121.86171, -4.77368], [121.86346, -4.77165], [121.86622, -4.77266], [121.87092, -4.77173], [121.87262, -4.77287], [121.87422, -4.77168], [121.87779, -4.7719], [121.88168, -4.77058], [121.88397, -4.76901], [121.89066, -4.7617], [121.89249, -4.76071], [121.89452, -4.76308], [121.89696, -4.76358], [121.89832, -4.76317], [121.90846, -4.76903], [121.91159, -4.76972], [121.91292, -4.76897], [121.91048, -4.77482], [121.91046, -4.77717], [121.90981, -4.77835], [121.90716, -4.78116], [121.90254, -4.78427], [121.89975, -4.78485], [121.89857, -4.78621], [121.89469, -4.78811], [121.89425, -4.7894], [121.89184, -4.79092], [121.89058, -4.79278], [121.88829, -4.79342], [121.88637, -4.79543], [121.88413, -4.79637], [121.88052, -4.79629], [121.87641, -4.79774], [121.87386, -4.79658], [121.86965, -4.79773], [121.86935, -4.80072], [121.87284, -4.80535], [121.87243, -4.80764], [121.87125, -4.80988], [121.86774, -4.81313], [121.86309, -4.81455], [121.86213, -4.81538], [121.85808, -4.82441], [121.85825, -4.82744], [121.85741, -4.83092], [121.85375, -4.83461], [121.85212, -4.83875]]]}}, {"type": "Feature", "properties": {"domain_id": "747206", "name": "MURHUM"}, "geometry": {"type": "Polygon", "coordinates": [[[122.60683, -5.47768], [122.6093, -5.47821], [122.60834, -5.48099], [122.60966, -5.48206], [122.60851, -5.48444], [122.60878, -5.48521], [122.60967, -5.4861], [122.61029, -5.48535], [122.61169, -5.48552], [122.61271, -5.48469], [122.6139, -5.48637], [122.61263, -5.48813], [122.61331, -5.48991], [122.61453, -5.49087], [122.61596, -5.48931], [122.61677, -5.48975], [122.61652, -5.49057], [122.61531, -5.49114], [122.61601, -5.49227], [122.61393, -5.49398], [122.61345, -5.49537], [122.61182, -5.49535], [122.59879, -5.48795], [122.59692, -5.49023], [122.59218, -5.49183], [122.59072, -5.4896], [122.59046, -5.48734], [122.58776, -5.4805], [122.59395, -5.47642], [122.59295, -5.47358], [122.59154, -5.47354], [122.59119, -5.47284], [122.58994, -5.47337], [122.59009, -5.47127], [122.58852, -5.47011], [122.59711, -5.46448], [122.60201, -5.46207], [122.60582, -5.46231], [122.60589, -5.46431], [122.60405, -5.46363], [122.60297, -5.46465], [122.6042, -5.46611], [122.60603, -5.46622], [122.60643, -5.46682], [122.60572, -5.46978], [122.60716, -5.4713], [122.60518, -5.47311], [122.60741, -5.47405], [122.60632, -5.4761], [122.60722, -5.47641], [122.60683, -5.47768]]]}}, {"type": "Feature", "properties": {"domain_id": "740118", "name": "TANGGETADA"}, "geometry": {"type": "Polygon", "coordinates": [[[121.54575, -4.42643], [121.54184, -4.42887], [121.53969, -4.431], [121.54014, -4.43432], [121.53511, -4.43574], [121.53403, -4.43471], [121.53007, -4.43459], [121.52831, -4.43875], [121.52476, -4.43798], [121.52364, -4.4386], [121.52376, -4.43649], [121.52236, -4.43721], [121.52121, -4.4366], [121.52163, -4.43538], [121.51942, -4.43563], [121.51839, -4.43509], [121.51927, -4.43012], [121.51899, -4.42302], [121.52118, -4.40876], [121.52274, -4.40523], [121.52379, -4.40459], [121.52517, -4.40214], [121.52126, -4.39617], [121.52186, -4.39256], [121.52306, -4.39192], [121.52361, -4.38988], [121.52324, -4.38845], [121.52263, -4.38868], [121.52206, -4.38776], [121.522, -4.38582], [121.52109, -4.38498], [121.5209, -4.38358], [121.52166, -4.38293], [121.52104, -4.37834], [121.52045, -4.37622], [121.5193, -4.37502], [121.51767, -4.36647], [121.51804, -4.36167], [121.51661, -4.3587], [121.51734, -4.34827], [121.51687, -4.34252], [121.51787, -4.33677], [121.5237, -4.31973], [121.52422, -4.31723], [121.52386, -4.31523], [121.52536, -4.31244], [121.52326, -4.30805], [121.52473, -4.30562], [121.52607, -4.30018], [121.52775, -4.29787], [121.52793, -4.29495], [121.52632, -4.29323], [121.52654, -4.29222], [121.52848, -4.29326], [121.53081, -4.29225], [121.53325, -4.29215], [121.53337, -4.2905], [121.53441, -4.2903], [121.53506, -4.28921], [121.53649, -4.29007], [121.53823, -4.28931], [121.5388, -4.29083], [121.53981, -4.29014], [121.53969, -4.29105], [121.54097, -4.29018], [121.54235, -4.29154], [121.5436, -4.29119], [121.54326, -4.2901], [121.54384, -4.28762], [121.54588, -4.28729], [121.54869, -4.28853], [121.55079, -4.28808], [121.55153, -4.29031], [121.55344, -4.29134], [121.55495, -4.29367], [121.55669, -4.29343], [121.5596, -4.29425], [121.5642, -4.29883], [121.56527, -4.29807], [121.56678, -4.29858], [121.56923, -4.29808], [121.56921, -4.29895], [121.5704, -4.29915], [121.57034, -4.30007], [121.57158, -4.29948], [121.57283, -4.30151], [121.57474, -4.30089], [121.57536, -4.3027], [121.57488, -4.30365], [121.57639, -4.30339], [121.57794, -4.30405], [121.58, -4.30287], [121.58192, -4.30333], [121.58363, -4.3029], [121.58403, -4.30181], [121.5831, -4.30118], [121.58381, -4.30088], [121.58513, -4.30225], [121.5893, -4.30274], [121.59031, -4.30679], [121.59229, -4.30613], [121.59501, -4.30832], [121.59689, -4.3087], [121.59914, -4.30816], [121.59901, -4.30645], [121.59978, -4.30461], [121.60126, -4.30315], [121.6022, -4.29792], [121.60407, -4.29664], [121.60656, -4.29235], [121.60902, -4.29399], [121.61129, -4.29183], [121.61231, -4.28809], [121.60999, -4.28737], [121.60971, -4.28548], [121.61024, -4.28476], [121.61211, -4.28487], [121.61254, -4.28435], [121.61133, -4.28269], [121.60995, -4.28231], [121.61011, -4.2819], [121.61179, -4.28074], [121.61426, -4.28162], [121.61901, -4.2799], [121.62217, -4.28034], [121.62297, -4.2784], [121.62454, -4.27746], [121.62567, -4.27579], [121.62939, -4.27754], [121.63233, -4.27676], [121.63296, -4.2783], [121.63392, -4.27829], [121.63612, -4.27987], [121.63681, -4.27939], [121.63581, -4.27711], [121.64279, -4.27739], [121.646, -4.27966], [121.66623, -4.28525], [121.67627, -4.28655], [121.69395, -4.28715], [121.69928, -4.28807], [121.70094, -4.28899], [121.7022, -4.29121], [121.70157, -4.2925], [121.70238, -4.29889], [121.705, -4.30207], [121.70565, -4.30464], [121.70569, -4.30675], [121.70433, -4.30958], [121.70746, -4.31259], [121.708, -4.31633], [121.70918, -4.31678], [121.71, -4.31828], [121.71282, -4.31914], [121.71454, -4.31847], [121.71559, -4.3189], [121.71651, -4.32057], [121.7167, -4.32536], [121.71854, -4.3266], [121.71748, -4.32944], [121.7181, -4.33129], [121.71697, -4.33333], [121.72424, -4.33821], [121.72459, -4.34008], [121.72362, -4.34172], [121.72459, -4.34317], [121.72398, -4.34488], [121.72533, -4.34576], [121.72694, -4.34915], [121.72567, -4.35208], [121.72728, -4.35541], [121.72651, -4.35679], [121.72759, -4.3576], [121.73014, -4.35751], [121.7317, -4.35981], [121.73594, -4.3634], [121.7091, -4.3802], [121.68947, -4.38704], [121.67401, -4.38793], [121.66479, -4.39091], [121.64842, -4.39287], [121.63379, -4.39619], [121.62739, -4.39638], [121.62554, -4.40413], [121.62359, -4.4044], [121.62391, -4.40564], [121.62237, -4.4064], [121.62164, -4.40585], [121.62092, -4.4073], [121.61946, -4.40731], [121.61968, -4.4081], [121.61814, -4.40809], [121.61829, -4.40918], [121.61553, -4.40943], [121.61474, -4.40853], [121.61285, -4.40828], [121.61162, -4.40952], [121.61184, -4.41013], [121.61115, -4.40967], [121.61077, -4.41021], [121.61072, -4.40954], [121.61021, -4.41022], [121.60944, -4.4099], [121.60955, -4.41054], [121.60907, -4.41009], [121.6089, -4.41071], [121.60725, -4.41116], [121.60661, -4.41051], [121.60488, -4.41092], [121.60217, -4.40977], [121.60044, -4.40999], [121.59989, -4.41079], [121.59978, -4.40905], [121.59625, -4.41141], [121.59545, -4.41084], [121.59481, -4.41143], [121.59403, -4.41116], [121.5938, -4.41021], [121.59187, -4.40999], [121.59103, -4.40911], [121.58897, -4.40881], [121.5871, -4.40979], [121.58559, -4.40811], [121.58352, -4.40794], [121.58174, -4.40894], [121.58311, -4.41002], [121.58156, -4.41056], [121.58281, -4.41124], [121.58095, -4.4132], [121.58076, -4.41462], [121.57782, -4.41385], [121.57541, -4.41412], [121.57494, -4.4136], [121.5762, -4.41299], [121.57684, -4.41128], [121.57576, -4.41119], [121.57627, -4.40925], [121.57522, -4.40925], [121.5742, -4.41029], [121.57316, -4.40875], [121.57135, -4.41036], [121.57095, -4.41199], [121.57015, -4.41167], [121.56834, -4.41233], [121.56873, -4.41172], [121.5682, -4.41085], [121.56599, -4.41233], [121.565, -4.41194], [121.56517, -4.41435], [121.56433, -4.41555], [121.56282, -4.41559], [121.56251, -4.4132], [121.56134, -4.41417], [121.56111, -4.41531], [121.55855, -4.41523], [121.55803, -4.41608], [121.55792, -4.41504], [121.55587, -4.41432], [121.55533, -4.41553], [121.55405, -4.41598], [121.55409, -4.41781], [121.55204, -4.41987], [121.553, -4.41981], [121.55353, -4.42107], [121.54975, -4.422], [121.54575, -4.42643]]]}}, {"type": "Feature", "properties": {"domain_id": "740811", "name": "PAKUE UTARA"}, "geometry": {"type": "Polygon", "coordinates": [[[121.11085, -3.10237], [121.12234, -3.1046], [121.14069, -3.11183], [121.1448, -3.11242], [121.15616, -3.11824], [121.16288, -3.12037], [121.19272, -3.13759], [121.20689, -3.14382], [121.24753, -3.15843], [121.26779, -3.16978], [121.27402, -3.17242], [121.31439, -3.18471], [121.33828, -3.19096], [121.36063, -3.19432], [121.37125, -3.19393], [121.37878, -3.1968], [121.38578, -3.19809], [121.42592, -3.19925], [121.43643, -3.2028], [121.43511, -3.2116], [121.43563, -3.21771], [121.43409, -3.22856], [121.42992, -3.24586], [121.43123, -3.26893], [121.43097, -3.27544], [121.4244, -3.27299], [121.39623, -3.25746], [121.38553, -3.25001], [121.38136, -3.24837], [121.3705, -3.24639], [121.35206, -3.24911], [121.33785, -3.24868], [121.32695, -3.24085], [121.31592, -3.24065], [121.29548, -3.23462], [121.29094, -3.23083], [121.28322, -3.22752], [121.27928, -3.22668], [121.27047, -3.22043], [121.26037, -3.21594], [121.24745, -3.20808], [121.24208, -3.20372], [121.23598, -3.20192], [121.23155, -3.19979], [121.2186, -3.19057], [121.20758, -3.18624], [121.20539, -3.18621], [121.20161, -3.18325], [121.2002, -3.1803], [121.19582, -3.17779], [121.19282, -3.17732], [121.19234, -3.17532], [121.18135, -3.17093], [121.16368, -3.16046], [121.12342, -3.14132], [121.1221, -3.14175], [121.11963, -3.14075], [121.11504, -3.13794], [121.11386, -3.13645], [121.1108, -3.13666], [121.1067, -3.1357], [121.10434, -3.1324], [121.09969, -3.13006], [121.09031, -3.12858], [121.08363, -3.12853], [121.08205, -3.12897], [121.08186, -3.13111], [121.08036, -3.13249], [121.07571, -3.13466], [121.07437, -3.13398], [121.07077, -3.13377], [121.07005, -3.13311], [121.06538, -3.13463], [121.06465, -3.13362], [121.06297, -3.13433], [121.06255, -3.13375], [121.06179, -3.13445], [121.05991, -3.1342], [121.05591, -3.11862], [121.05616, -3.11779], [121.05179, -3.11267], [121.05111, -3.10839], [121.04859, -3.10789], [121.04451, -3.10865], [121.04499, -3.10512], [121.04586, -3.10376], [121.04759, -3.10462], [121.04991, -3.10328], [121.04967, -3.1022], [121.05219, -3.10233], [121.05523, -3.09775], [121.05598, -3.09756], [121.05583, -3.09578], [121.05688, -3.09313], [121.05764, -3.08734], [121.06224, -3.0878], [121.0685, -3.08987], [121.06769, -3.08693], [121.06809, -3.08525], [121.0758, -3.08903], [121.08283, -3.08982], [121.08597, -3.09133], [121.08852, -3.09445], [121.09199, -3.09601], [121.09953, -3.09873], [121.10586, -3.09985], [121.10633, -3.10072], [121.11085, -3.10237]]]}}, {"type": "Feature", "properties": {"domain_id": "741005", "name": "KULISUSU UTARA"}, "geometry": {"type": "MultiPolygon", "coordinates": [[[[123.1892, -4.68378], [123.18961, -4.68481], [123.19089, -4.68514], [123.19121, -4.68368], [123.19171, -4.68363], [123.19422, -4.68694], [123.1962, -4.68466], [123.19856, -4.68436], [123.19978, -4.68582], [123.20056, -4.68499], [123.19928, -4.68288], [123.19945, -4.68213], [123.19681, -4.68043], [123.19414, -4.68077], [123.19396, -4.67968], [123.19314, -4.67923], [123.19356, -4.67645], [123.19765, -4.67574], [123.19698, -4.67467], [123.19774, -4.67217], [123.19754, -4.67096], [123.19683, -4.67051], [123.19667, -4.66728], [123.19587, -4.66646], [123.19417, -4.66756], [123.19169, -4.66721], [123.19072, -4.66506], [123.19111, -4.66397], [123.19493, -4.66469], [123.19529, -4.66273], [123.19318, -4.66105], [123.19292, -4.6601], [123.19508, -4.65831], [123.19712, -4.65862], [123.19862, -4.65641], [123.20013, -4.65667], [123.20206, -4.6585], [123.20305, -4.66229], [123.20441, -4.66252], [123.20403, -4.66306], [123.20452, -4.66362], [123.20338, -4.66491], [123.20482, -4.66566], [123.2043, -4.66586], [123.20433, -4.66731], [123.20517, -4.668], [123.20677, -4.6752], [123.20808, -4.68682], [123.20952, -4.68991], [123.21147, -4.69804], [123.21182, -4.70555], [123.21307, -4.71319], [123.19689, -4.70957], [123.1942, -4.70616], [123.19106, -4.70885], [123.18748, -4.70793], [123.1825, -4.70561], [123.17742, -4.70558], [123.1708, -4.70454], [123.17009, -4.70296], [123.16771, -4.70084], [123.16711, -4.69858], [123.16594, -4.69772], [123.16304, -4.6971], [123.162, -4.69605], [123.16133, -4.69322], [123.16191, -4.68926], [123.16111, -4.68804], [123.15588, -4.68862], [123.15522, -4.68792], [123.15509, -4.68496], [123.15429, -4.68316], [123.15418, -4.67687], [123.15245, -4.67386], [123.15325, -4.66652], [123.15164, -4.66317], [123.14946, -4.66159], [123.14879, -4.65996], [123.14525, -4.65895], [123.14267, -4.65676], [123.14302, -4.64931], [123.14237, -4.64679], [123.14379, -4.64333], [123.14234, -4.64193], [123.14157, -4.6383], [123.1405, -4.63684], [123.13868, -4.63595], [123.13717, -4.63667], [123.13234, -4.63647], [123.1286, -4.63941], [123.12645, -4.64293], [123.125, -4.64258], [123.12282, -4.64045], [123.11983, -4.63974], [123.11033, -4.63978], [123.10305, -4.64224], [123.10027, -4.6425], [123.09592, -4.63975], [123.09, -4.63116], [123.08591, -4.63069], [123.08242, -4.62917], [123.08116, -4.62923], [123.07899, -4.63062], [123.07615, -4.63013], [123.07635, -4.62864], [123.07479, -4.62772], [123.07478, -4.625], [123.07546, -4.62361], [123.07782, -4.62201], [123.07713, -4.61669], [123.07833, -4.61261], [123.07676, -4.60797], [123.08, -4.60425], [123.07754, -4.60022], [123.07802, -4.59681], [123.0767, -4.59154], [123.0755, -4.59113], [123.07372, -4.59153], [123.0698, -4.59609], [123.06394, -4.59585], [123.05519, -4.60069], [123.05245, -4.60149], [123.05085, -4.60498], [123.04999, -4.60549], [123.04663, -4.60494], [123.0441, -4.60566], [123.04202, -4.60541], [123.04217, -4.6046], [123.0406, -4.60376], [123.04161, -4.60016], [123.03913, -4.60024], [123.03885, -4.5968], [123.03706, -4.5951], [123.03734, -4.5936], [123.03663, -4.59231], [123.03759, -4.59084], [123.03667, -4.5873], [123.03538, -4.58651], [123.03503, -4.58476], [123.0332, -4.58437], [123.03304, -4.58301], [123.03064, -4.58123], [123.02995, -4.57941], [123.02895, -4.57888], [123.02957, -4.5771], [123.02901, -4.57624], [123.02714, -4.57571], [123.02779, -4.57335], [123.02683, -4.57162], [123.02585, -4.5719], [123.02449, -4.5709], [123.02421, -4.56993], [123.02311, -4.56958], [123.02253, -4.5677], [123.02112, -4.56603], [123.01946, -4.56603], [123.01888, -4.56543], [123.01896, -4.56339], [123.01823, -4.56214], [123.01476, -4.56031], [123.01324, -4.56071], [123.01103, -4.55926], [123.01129, -4.55737], [123.00894, -4.55761], [123.00925, -4.5564], [123.01081, -4.55611], [123.01066, -4.55538], [123.00722, -4.55593], [123.00711, -4.55487], [123.00857, -4.55339], [123.00692, -4.55425], [123.00647, -4.55367], [123.00945, -4.55203], [123.00855, -4.5502], [123.00628, -4.54942], [123.00549, -4.54672], [123.00359, -4.54553], [123.00203, -4.54616], [123.00069, -4.54546], [122.99995, -4.5465], [122.99959, -4.54579], [122.99806, -4.5455], [122.99768, -4.54416], [122.99602, -4.54336], [122.99496, -4.54353], [122.99492, -4.54204], [122.99291, -4.54215], [122.99177, -4.54062], [122.98643, -4.54122], [122.98749, -4.54034], [122.98629, -4.53962], [122.98707, -4.53856], [122.98562, -4.53654], [122.98483, -4.533], [122.98046, -4.53024], [122.97694, -4.53065], [122.97136, -4.52918], [122.96975, -4.51862], [122.97166, -4.51053], [122.97301, -4.5096], [122.98226, -4.50803], [122.98817, -4.50534], [122.98948, -4.50325], [122.98972, -4.49731], [122.99038, -4.4953], [122.99689, -4.48389], [122.99753, -4.48106], [122.99961, -4.47784], [122.9986, -4.47209], [122.99954, -4.46127], [122.99944, -4.45508], [122.9973, -4.44317], [122.99662, -4.43519], [122.99774, -4.42963], [122.99733, -4.42555], [122.99597, -4.42278], [122.99565, -4.42021], [122.99727, -4.4151], [122.99505, -4.41347], [122.98959, -4.40748], [122.98925, -4.40642], [122.99187, -4.40045], [122.99347, -4.39431], [122.99459, -4.39499], [122.99558, -4.39717], [122.99687, -4.39729], [123.0029, -4.3945], [123.00498, -4.39463], [123.00859, -4.39329], [123.01077, -4.39394], [123.01365, -4.39198], [123.01526, -4.38859], [123.01491, -4.3881], [123.01765, -4.38476], [123.02073, -4.38348], [123.02338, -4.38041], [123.0292, -4.37743], [123.03137, -4.37806], [123.03376, -4.37695], [123.03569, -4.37567], [123.03614, -4.37382], [123.03862, -4.37408], [123.03944, -4.37121], [123.04106, -4.37066], [123.04215, -4.36948], [123.05003, -4.36898], [123.05123, -4.36741], [123.05214, -4.3672], [123.05302, -4.36978], [123.0541, -4.37034], [123.0564, -4.36683], [123.05737, -4.36659], [123.05778, -4.36717], [123.05659, -4.36947], [123.05743, -4.37152], [123.05711, -4.37247], [123.06073, -4.37283], [123.06282, -4.37141], [123.0635, -4.37155], [123.06386, -4.3708], [123.06924, -4.37044], [123.0732, -4.36659], [123.07565, -4.36655], [123.07763, -4.36773], [123.07863, -4.36686], [123.07995, -4.36723], [123.08051, -4.37361], [123.08231, -4.37471], [123.08122, -4.37533], [123.08026, -4.37506], [123.07878, -4.37632], [123.07821, -4.37599], [123.0779, -4.37719], [123.07978, -4.37817], [123.07839, -4.37925], [123.07867, -4.38008], [123.0812, -4.38043], [123.08259, -4.38308], [123.08261, -4.38615], [123.08427, -4.38885], [123.0822, -4.38918], [123.08156, -4.39029], [123.08103, -4.39173], [123.08154, -4.39301], [123.07892, -4.40037], [123.07827, -4.40072], [123.07842, -4.4019], [123.07264, -4.40768], [123.07208, -4.40784], [123.07137, -4.40702], [123.06951, -4.40801], [123.06686, -4.41259], [123.06564, -4.41176], [123.066, -4.41019], [123.06467, -4.4095], [123.06278, -4.40972], [123.06191, -4.40868], [123.06086, -4.40862], [123.05977, -4.40968], [123.05886, -4.41216], [123.05767, -4.4122], [123.05704, -4.411], [123.0559, -4.41108], [123.05306, -4.41329], [123.05156, -4.4133], [123.05134, -4.41543], [123.05282, -4.41639], [123.05041, -4.41586], [123.04887, -4.41815], [123.0456, -4.41965], [123.04478, -4.41949], [123.0442, -4.42101], [123.04474, -4.42359], [123.04557, -4.42506], [123.04786, -4.42559], [123.05042, -4.42918], [123.05619, -4.42991], [123.05869, -4.43091], [123.06057, -4.43253], [123.06078, -4.43384], [123.06267, -4.43258], [123.06354, -4.43304], [123.06475, -4.43149], [123.06686, -4.43098], [123.06886, -4.43156], [123.07221, -4.43441], [123.07399, -4.43721], [123.07353, -4.44012], [123.07633, -4.441], [123.07841, -4.44406], [123.0783, -4.44664], [123.0768, -4.44729], [123.07775, -4.44902], [123.07663, -4.45059], [123.07614, -4.45545], [123.0787, -4.45837], [123.08078, -4.45825], [123.08132, -4.45891], [123.08056, -4.45953], [123.0816, -4.45908], [123.08196, -4.45838], [123.08618, -4.45817], [123.08914, -4.45986], [123.09133, -4.45968], [123.09338, -4.46074], [123.09778, -4.45758], [123.09835, -4.45529], [123.10011, -4.45444], [123.09942, -4.45579], [123.10046, -4.45961], [123.10283, -4.4591], [123.10288, -4.4611], [123.10357, -4.46185], [123.10486, -4.46136], [123.10503, -4.46015], [123.10579, -4.46005], [123.10618, -4.46238], [123.10713, -4.46305], [123.10803, -4.4687], [123.10909, -4.4703], [123.10884, -4.4712], [123.10692, -4.47246], [123.11442, -4.48332], [123.11508, -4.48305], [123.11463, -4.47949], [123.11317, -4.47704], [123.11421, -4.47466], [123.11552, -4.47668], [123.11814, -4.47504], [123.12035, -4.47669], [123.12352, -4.4764], [123.12465, -4.47692], [123.12591, -4.47813], [123.12577, -4.47868], [123.12656, -4.47893], [123.12625, -4.47998], [123.12717, -4.48108], [123.12889, -4.48167], [123.12839, -4.48295], [123.13103, -4.48446], [123.13423, -4.48437], [123.13436, -4.48274], [123.13634, -4.48189], [123.13895, -4.48231], [123.13855, -4.48257], [123.13938, -4.48437], [123.1412, -4.48683], [123.14032, -4.49399], [123.14063, -4.49903], [123.14658, -4.50705], [123.14715, -4.50951], [123.14674, -4.51343], [123.14787, -4.5168], [123.15012, -4.51696], [123.15255, -4.51948], [123.15446, -4.5205], [123.15572, -4.52236], [123.15749, -4.52792], [123.15769, -4.53054], [123.16002, -4.53442], [123.16179, -4.54037], [123.16812, -4.54292], [123.1709, -4.54334], [123.17965, -4.5553], [123.17981, -4.5601], [123.18089, -4.5612], [123.18084, -4.56227], [123.1832, -4.56634], [123.18469, -4.5679], [123.18456, -4.57051], [123.18609, -4.57092], [123.18815, -4.57404], [123.19053, -4.57623], [123.19195, -4.57927], [123.19173, -4.58217], [123.19246, -4.58404], [123.19427, -4.58506], [123.19433, -4.58662], [123.19566, -4.58757], [123.19666, -4.58953], [123.19709, -4.59113], [123.19652, -4.59239], [123.1976, -4.59445], [123.19651, -4.59622], [123.19867, -4.59849], [123.19857, -4.59984], [123.20106, -4.60652], [123.20061, -4.60834], [123.19832, -4.60965], [123.20421, -4.60951], [123.20804, -4.61148], [123.20915, -4.61373], [123.20797, -4.61928], [123.20531, -4.623], [123.2025, -4.62302], [123.2003, -4.62139], [123.19966, -4.61787], [123.19832, -4.61628], [123.19676, -4.6194], [123.19299, -4.62038], [123.19206, -4.62424], [123.19313, -4.62728], [123.19309, -4.62995], [123.19179, -4.63048], [123.19072, -4.62837], [123.18933, -4.62797], [123.18762, -4.62938], [123.18805, -4.63097], [123.18598, -4.63072], [123.18419, -4.63384], [123.18441, -4.63493], [123.18598, -4.63629], [123.18515, -4.63783], [123.1872, -4.63782], [123.18701, -4.63941], [123.18763, -4.64061], [123.19095, -4.64022], [123.19189, -4.64211], [123.1906, -4.64372], [123.19017, -4.64607], [123.18919, -4.64549], [123.18809, -4.64574], [123.1849, -4.64339], [123.18308, -4.64282], [123.18198, -4.64317], [123.18232, -4.6448], [123.18461, -4.64619], [123.1848, -4.64837], [123.18642, -4.65175], [123.18639, -4.658], [123.18531, -4.66019], [123.18384, -4.65959], [123.18309, -4.65752], [123.18222, -4.65812], [123.18295, -4.66133], [123.18046, -4.66308], [123.1805, -4.6643], [123.17867, -4.66541], [123.17743, -4.67094], [123.17899, -4.67408], [123.18159, -4.67529], [123.18335, -4.67548], [123.18637, -4.67293], [123.18713, -4.67104], [123.18773, -4.67113], [123.18863, -4.67431], [123.1884, -4.67791], [123.18944, -4.67895], [123.1887, -4.68026], [123.18931, -4.68143], [123.1892, -4.68378]]], [[[123.18796, -4.66916], [123.18666, -4.67019], [123.1862, -4.67222], [123.18338, -4.67505], [123.18154, -4.67496], [123.17915, -4.67387], [123.17778, -4.67144], [123.17913, -4.66862], [123.18149, -4.66783], [123.18372, -4.66834], [123.18375, -4.66604], [123.18488, -4.6649], [123.18541, -4.66201], [123.18701, -4.66349], [123.18796, -4.66916]]], [[[123.19929, -4.63547], [123.20098, -4.6378], [123.20148, -4.64159], [123.20124, -4.64312], [123.19827, -4.64863], [123.1987, -4.65039], [123.19727, -4.6499], [123.19747, -4.64909], [123.19603, -4.64669], [123.19689, -4.64349], [123.19595, -4.64034], [123.19657, -4.63903], [123.19648, -4.63684], [123.19793, -4.6352], [123.19929, -4.63547]]], [[[123.19502, -4.67279], [123.19565, -4.67342], [123.19521, -4.67479], [123.19361, -4.67587], [123.19308, -4.67314], [123.19502, -4.67279]]]]}}, {"type": "Feature", "properties": {"domain_id": "740611", "name": "POLEANG SELATAN"}, "geometry": {"type": "MultiPolygon", "coordinates": [[[[121.7304, -4.84116], [121.72896, -4.84152], [121.72882, -4.84251], [121.72746, -4.84311], [121.72698, -4.84464], [121.72474, -4.84656], [121.7235, -4.84731], [121.72279, -4.84675], [121.7217, -4.84821], [121.7213, -4.84746], [121.72081, -4.84764], [121.72111, -4.8487], [121.72013, -4.84913], [121.71944, -4.85058], [121.71816, -4.85054], [121.71609, -4.85193], [121.71302, -4.85251], [121.7122, -4.85352], [121.71024, -4.85417], [121.7096, -4.85524], [121.70504, -4.85588], [121.70396, -4.85479], [121.70362, -4.85537], [121.69921, -4.85577], [121.69581, -4.8539], [121.69283, -4.85131], [121.69155, -4.85125], [121.6914, -4.85017], [121.68928, -4.84982], [121.68415, -4.85102], [121.68262, -4.84953], [121.68195, -4.84668], [121.67783, -4.84422], [121.6783, -4.84038], [121.67762, -4.83935], [121.67838, -4.83806], [121.67826, -4.83621], [121.67673, -4.83565], [121.67498, -4.83281], [121.67339, -4.83219], [121.66999, -4.82634], [121.66756, -4.82445], [121.66499, -4.82047], [121.66049, -4.81884], [121.65968, -4.81778], [121.66056, -4.81678], [121.66425, -4.8174], [121.66555, -4.81694], [121.66503, -4.81604], [121.66552, -4.81472], [121.66479, -4.81421], [121.66534, -4.81372], [121.66516, -4.81282], [121.66399, -4.81092], [121.66091, -4.81085], [121.65829, -4.8088], [121.65628, -4.80958], [121.65477, -4.80882], [121.65231, -4.80888], [121.64674, -4.80667], [121.6463, -4.80844], [121.6451, -4.80942], [121.64419, -4.80879], [121.64253, -4.80946], [121.64068, -4.81225], [121.63783, -4.8116], [121.63546, -4.80928], [121.63433, -4.80645], [121.63194, -4.80469], [121.63055, -4.80061], [121.63324, -4.7989], [121.63532, -4.79981], [121.63484, -4.79873], [121.63549, -4.79867], [121.63382, -4.79721], [121.63164, -4.79702], [121.63035, -4.79511], [121.62922, -4.7949], [121.62886, -4.79194], [121.62708, -4.78984], [121.62698, -4.78834], [121.62926, -4.78451], [121.63097, -4.78365], [121.6311, -4.78277], [121.63265, -4.78176], [121.63324, -4.77956], [121.63554, -4.77756], [121.63691, -4.77721], [121.63788, -4.7755], [121.63986, -4.7755], [121.64137, -4.77722], [121.64265, -4.77653], [121.64405, -4.77747], [121.64637, -4.77733], [121.65301, -4.7757], [121.65866, -4.77253], [121.68085, -4.77427], [121.6869, -4.77089], [121.68817, -4.77078], [121.69002, -4.76925], [121.69051, -4.76803], [121.70093, -4.77224], [121.70828, -4.77365], [121.72216, -4.77474], [121.72275, -4.77299], [121.72389, -4.77281], [121.72666, -4.77532], [121.72906, -4.77391], [121.73057, -4.77619], [121.73223, -4.77741], [121.73384, -4.78069], [121.73654, -4.78213], [121.73683, -4.78384], [121.73971, -4.78484], [121.73972, -4.78572], [121.73801, -4.78729], [121.7385, -4.78941], [121.73746, -4.79081], [121.73789, -4.79199], [121.73956, -4.79327], [121.73843, -4.79602], [121.73944, -4.79644], [121.74115, -4.79594], [121.7436, -4.79911], [121.74532, -4.79969], [121.74521, -4.80119], [121.74424, -4.80231], [121.74559, -4.80336], [121.74639, -4.80554], [121.74521, -4.80851], [121.74257, -4.80776], [121.74272, -4.8125], [121.74198, -4.81584], [121.73949, -4.8162], [121.73864, -4.81714], [121.73884, -4.8194], [121.74394, -4.82099], [121.74659, -4.82578], [121.74296, -4.82829], [121.74424, -4.83198], [121.74269, -4.83664], [121.73791, -4.83664], [121.73638, -4.83754], [121.73557, -4.83639], [121.73469, -4.83634], [121.73433, -4.83901], [121.73208, -4.83965], [121.7318, -4.84092], [121.7304, -4.84116]]], [[[121.65343, -4.81208], [121.65416, -4.81193], [121.65508, -4.81313], [121.65261, -4.81401], [121.65169, -4.81369], [121.65053, -4.81178], [121.65127, -4.8108], [121.65343, -4.81208]]]]}}, {"type": "Feature", "properties": {"domain_id": "740337", "name": "TOWEA"}, "geometry": {"type": "MultiPolygon", "coordinates": [[[[122.70477, -4.51947], [122.70709, -4.5206], [122.70701, -4.52228], [122.7063, -4.52262], [122.70719, -4.52337], [122.7073, -4.52657], [122.70662, -4.52793], [122.70486, -4.52834], [122.70358, -4.52951], [122.70305, -4.53253], [122.70396, -4.53201], [122.70441, -4.53004], [122.7071, -4.52934], [122.70844, -4.52965], [122.70983, -4.52894], [122.71007, -4.52821], [122.7089, -4.52613], [122.71004, -4.52458], [122.70955, -4.52321], [122.71138, -4.52213], [122.71305, -4.52252], [122.71487, -4.52151], [122.71362, -4.52021], [122.71331, -4.5179], [122.71476, -4.51474], [122.71547, -4.51443], [122.71911, -4.51592], [122.71939, -4.51676], [122.71851, -4.51805], [122.71894, -4.51851], [122.7205, -4.51694], [122.72245, -4.51732], [122.72375, -4.51821], [122.72319, -4.5198], [122.72436, -4.52052], [122.72616, -4.52005], [122.72796, -4.52173], [122.73078, -4.52288], [122.73202, -4.52512], [122.73399, -4.52593], [122.73657, -4.52905], [122.74087, -4.5307], [122.74278, -4.53079], [122.74301, -4.53208], [122.74125, -4.53176], [122.74055, -4.53498], [122.73842, -4.53778], [122.73447, -4.53961], [122.73429, -4.54043], [122.73284, -4.54046], [122.73276, -4.53932], [122.73113, -4.53955], [122.73029, -4.54094], [122.72911, -4.54053], [122.72871, -4.54207], [122.72894, -4.54421], [122.73039, -4.5458], [122.73366, -4.54463], [122.73505, -4.54583], [122.73833, -4.54692], [122.73875, -4.54818], [122.74241, -4.54874], [122.7425, -4.54953], [122.74084, -4.55216], [122.7379, -4.5519], [122.73789, -4.55283], [122.73706, -4.55333], [122.73831, -4.55344], [122.73849, -4.5546], [122.73683, -4.55556], [122.73828, -4.55609], [122.74043, -4.55552], [122.7408, -4.55672], [122.74027, -4.55704], [122.74114, -4.55733], [122.74099, -4.55808], [122.74233, -4.55927], [122.74135, -4.56213], [122.74058, -4.56213], [122.73907, -4.56065], [122.73806, -4.56083], [122.73733, -4.56222], [122.7386, -4.56351], [122.73951, -4.56658], [122.74034, -4.56623], [122.74098, -4.56689], [122.74053, -4.56728], [122.74117, -4.56765], [122.74033, -4.5683], [122.74241, -4.56848], [122.74384, -4.57126], [122.74324, -4.57541], [122.74068, -4.57435], [122.73668, -4.57569], [122.73742, -4.57347], [122.73517, -4.57147], [122.73611, -4.56894], [122.73437, -4.56801], [122.73125, -4.56431], [122.72925, -4.56723], [122.72705, -4.56852], [122.72588, -4.56815], [122.72559, -4.56547], [122.72669, -4.56371], [122.72409, -4.56261], [122.72403, -4.55997], [122.72553, -4.55901], [122.72456, -4.55849], [122.72225, -4.55986], [122.71999, -4.55823], [122.71914, -4.55659], [122.71784, -4.55782], [122.71759, -4.56091], [122.71469, -4.56223], [122.71409, -4.56323], [122.71187, -4.56343], [122.71026, -4.56032], [122.71039, -4.55886], [122.7147, -4.55377], [122.71379, -4.55154], [122.71198, -4.55148], [122.70926, -4.549], [122.70837, -4.54911], [122.70945, -4.5497], [122.71107, -4.55258], [122.71186, -4.55548], [122.70966, -4.5568], [122.70826, -4.55948], [122.70949, -4.56412], [122.7091, -4.56514], [122.70479, -4.56481], [122.70069, -4.56296], [122.6938, -4.55667], [122.692, -4.5529], [122.6921, -4.55148], [122.69051, -4.5508], [122.68841, -4.54693], [122.68871, -4.54592], [122.68653, -4.54035], [122.68671, -4.53871], [122.68932, -4.53277], [122.69303, -4.52732], [122.69518, -4.52636], [122.69688, -4.52376], [122.70105, -4.52021], [122.70477, -4.51947]]], [[[122.69066, -4.56623], [122.69047, -4.5654], [122.69276, -4.567], [122.69176, -4.56788], [122.69037, -4.56721], [122.69091, -4.56829], [122.69033, -4.56876], [122.69207, -4.57116], [122.68984, -4.572], [122.69281, -4.57262], [122.69595, -4.57468], [122.6966, -4.57412], [122.69947, -4.57474], [122.69918, -4.57692], [122.69458, -4.57721], [122.68965, -4.58047], [122.68843, -4.57992], [122.68686, -4.57713], [122.68626, -4.57737], [122.6869, -4.57844], [122.68594, -4.57909], [122.68638, -4.57996], [122.68412, -4.57934], [122.68248, -4.57732], [122.68239, -4.57397], [122.6842, -4.5664], [122.68684, -4.56486], [122.6884, -4.56502], [122.68946, -4.56611], [122.68921, -4.56462], [122.69066, -4.56623]]], [[[122.71022, -4.59073], [122.71109, -4.59027], [122.71236, -4.59094], [122.71372, -4.59235], [122.71334, -4.593], [122.71484, -4.59393], [122.71629, -4.59294], [122.71644, -4.5938], [122.71731, -4.59388], [122.71716, -4.59471], [122.71765, -4.5937], [122.71922, -4.5941], [122.72693, -4.60036], [122.73111, -4.60184], [122.73198, -4.60158], [122.7327, -4.60261], [122.72694, -4.60338], [122.72235, -4.60178], [122.72078, -4.60263], [122.71948, -4.60241], [122.71819, -4.60121], [122.71769, -4.59954], [122.7181, -4.59749], [122.71702, -4.5972], [122.71713, -4.59616], [122.71551, -4.59708], [122.71614, -4.5979], [122.71584, -4.59858], [122.71429, -4.59882], [122.71267, -4.59819], [122.70809, -4.59451], [122.70724, -4.59198], [122.70851, -4.5884], [122.70918, -4.5885], [122.71022, -4.59073]]], [[[122.69614, -4.57925], [122.69674, -4.58013], [122.69482, -4.58141], [122.69358, -4.58148], [122.69324, -4.58025], [122.69256, -4.58048], [122.69219, -4.57977], [122.69566, -4.57856], [122.69614, -4.57925]]], [[[122.6978, -4.58142], [122.69842, -4.58218], [122.69776, -4.58325], [122.69644, -4.583], [122.69638, -4.58217], [122.69547, -4.58228], [122.69709, -4.581], [122.6978, -4.58142]]]]}}, {"type": "Feature", "properties": {"domain_id": "740318", "name": "LOHIA"}, "geometry": {"type": "Polygon", "coordinates": [[[122.73721, -4.94706], [122.71816, -4.94336], [122.70435, -4.94267], [122.68874, -4.94616], [122.67935, -4.94571], [122.67144, -4.94076], [122.66389, -4.93456], [122.66048, -4.93288], [122.64466, -4.92761], [122.6385, -4.92655], [122.65956, -4.89715], [122.65676, -4.8937], [122.66254, -4.89731], [122.66717, -4.8907], [122.67078, -4.88203], [122.67504, -4.8794], [122.67948, -4.87772], [122.68147, -4.87576], [122.68515, -4.87422], [122.68639, -4.8687], [122.68818, -4.86559], [122.68843, -4.86278], [122.69085, -4.86182], [122.69775, -4.86201], [122.69779, -4.86795], [122.71213, -4.8696], [122.71238, -4.87034], [122.7087, -4.87194], [122.70777, -4.87705], [122.70538, -4.87679], [122.70451, -4.88141], [122.70784, -4.88507], [122.71438, -4.88623], [122.71608, -4.88543], [122.71826, -4.88615], [122.72783, -4.88409], [122.73105, -4.88721], [122.73477, -4.88749], [122.73613, -4.88561], [122.7382, -4.88456], [122.73859, -4.88319], [122.74058, -4.88476], [122.74194, -4.88447], [122.74238, -4.8859], [122.74398, -4.88613], [122.74558, -4.88731], [122.74501, -4.88822], [122.74556, -4.88869], [122.74739, -4.88753], [122.74746, -4.88652], [122.7484, -4.88579], [122.74824, -4.88458], [122.75158, -4.88252], [122.75314, -4.88241], [122.75443, -4.88113], [122.75717, -4.88283], [122.75715, -4.88478], [122.75608, -4.88456], [122.75456, -4.88595], [122.75374, -4.88562], [122.75286, -4.88753], [122.75382, -4.88876], [122.75305, -4.88878], [122.7531, -4.88973], [122.75454, -4.89084], [122.75522, -4.89046], [122.75463, -4.8895], [122.75554, -4.88955], [122.75626, -4.89087], [122.75785, -4.89032], [122.75845, -4.89113], [122.75824, -4.88994], [122.75713, -4.88942], [122.7585, -4.88956], [122.75846, -4.88875], [122.75923, -4.88886], [122.75979, -4.8896], [122.7589, -4.88967], [122.76046, -4.89087], [122.759, -4.89087], [122.75875, -4.89224], [122.76172, -4.89299], [122.76345, -4.89438], [122.76652, -4.89478], [122.76618, -4.89544], [122.76707, -4.89563], [122.76598, -4.89595], [122.76432, -4.89536], [122.76532, -4.89597], [122.76381, -4.8957], [122.76362, -4.89625], [122.7648, -4.89732], [122.7629, -4.89701], [122.76606, -4.89858], [122.76583, -4.8995], [122.76673, -4.89991], [122.76545, -4.8998], [122.76576, -4.90092], [122.76721, -4.90077], [122.76701, -4.90175], [122.76804, -4.90221], [122.76752, -4.90126], [122.76888, -4.90114], [122.76907, -4.90171], [122.76829, -4.90165], [122.76955, -4.90247], [122.76833, -4.90222], [122.76892, -4.9032], [122.76541, -4.90169], [122.76652, -4.903], [122.76727, -4.90255], [122.76804, -4.9035], [122.76402, -4.90245], [122.76335, -4.90353], [122.76406, -4.90326], [122.76394, -4.90466], [122.76252, -4.90336], [122.76332, -4.90254], [122.76359, -4.90085], [122.76173, -4.90076], [122.76127, -4.90167], [122.76196, -4.9028], [122.76129, -4.90281], [122.76122, -4.90359], [122.76088, -4.90302], [122.75857, -4.90296], [122.75873, -4.9024], [122.75821, -4.90259], [122.75785, -4.90165], [122.75703, -4.90246], [122.75616, -4.90225], [122.75669, -4.90149], [122.75553, -4.9019], [122.75697, -4.90516], [122.7575, -4.90501], [122.75749, -4.9056], [122.76078, -4.90754], [122.75977, -4.90808], [122.76187, -4.90873], [122.7617, -4.90932], [122.75961, -4.90946], [122.75936, -4.91019], [122.75682, -4.91087], [122.75965, -4.91056], [122.75928, -4.91117], [122.75987, -4.91157], [122.75907, -4.91242], [122.76028, -4.91185], [122.75983, -4.91288], [122.76051, -4.91362], [122.75968, -4.91472], [122.76045, -4.91426], [122.76214, -4.91489], [122.76129, -4.91593], [122.76087, -4.9153], [122.76004, -4.91591], [122.76071, -4.91769], [122.76357, -4.92005], [122.76338, -4.92097], [122.76192, -4.92159], [122.7616, -4.92305], [122.7643, -4.92643], [122.76355, -4.92751], [122.76433, -4.92774], [122.76499, -4.92953], [122.76147, -4.9286], [122.76005, -4.92726], [122.75831, -4.92758], [122.75827, -4.92631], [122.75736, -4.92736], [122.75665, -4.92546], [122.75592, -4.92621], [122.75556, -4.92825], [122.75499, -4.92829], [122.75652, -4.92978], [122.75815, -4.92989], [122.75791, -4.93117], [122.76066, -4.93165], [122.76059, -4.93357], [122.76239, -4.9384], [122.76184, -4.93816], [122.7623, -4.93905], [122.76073, -4.93955], [122.76217, -4.94122], [122.76149, -4.9419], [122.76216, -4.94183], [122.76212, -4.94394], [122.7632, -4.94469], [122.76141, -4.9449], [122.76204, -4.94542], [122.76016, -4.94526], [122.76015, -4.94588], [122.76036, -4.94543], [122.76123, -4.9459], [122.76044, -4.94626], [122.75961, -4.9463], [122.75937, -4.94565], [122.75896, -4.94665], [122.76035, -4.947], [122.75887, -4.94733], [122.75879, -4.94847], [122.75905, -4.94922], [122.76165, -4.95039], [122.76184, -4.95165], [122.76253, -4.95196], [122.76157, -4.9522], [122.7626, -4.95332], [122.76114, -4.95276], [122.76126, -4.95366], [122.76072, -4.95384], [122.75807, -4.95207], [122.75733, -4.95305], [122.75726, -4.95209], [122.75599, -4.95157], [122.7548, -4.95253], [122.75563, -4.95303], [122.75674, -4.95269], [122.75662, -4.95351], [122.75769, -4.95356], [122.75771, -4.95443], [122.7586, -4.95456], [122.75733, -4.95494], [122.75529, -4.9543], [122.75513, -4.95362], [122.75393, -4.95364], [122.7542, -4.95318], [122.75211, -4.9521], [122.74856, -4.95134], [122.74625, -4.94961], [122.73721, -4.94706]]]}}, {"type": "Feature", "properties": {"domain_id": "740703", "name": "TOMIA"}, "geometry": {"type": "MultiPolygon", "coordinates": [[[[123.93141, -5.75239], [123.91501, -5.76913], [123.90815, -5.76173], [123.90701, -5.7614], [123.90343, -5.75446], [123.90186, -5.753], [123.90068, -5.75335], [123.89985, -5.74874], [123.89639, -5.74565], [123.89397, -5.7421], [123.89347, -5.74085], [123.89407, -5.73836], [123.89301, -5.73706], [123.89377, -5.73648], [123.89473, -5.73131], [123.89376, -5.72924], [123.89488, -5.7291], [123.89609, -5.72765], [123.89689, -5.72502], [123.90052, -5.72441], [123.90139, -5.72205], [123.90449, -5.71969], [123.90756, -5.71942], [123.91268, -5.72106], [123.91682, -5.71938], [123.93149, -5.72215], [123.93743, -5.72266], [123.94592, -5.72575], [123.94992, -5.72627], [123.95354, -5.72824], [123.94932, -5.73229], [123.93744, -5.74649], [123.93174, -5.75264], [123.93141, -5.75239]]], [[[124.34646, -5.33533], [124.34702, -5.3365], [124.34712, -5.33606], [124.34783, -5.33632], [124.34763, -5.33487], [124.34887, -5.33649], [124.35153, -5.34085], [124.35262, -5.34395], [124.35159, -5.34831], [124.34989, -5.3501], [124.34238, -5.34881], [124.33677, -5.34581], [124.33418, -5.34351], [124.3246, -5.33068], [124.32211, -5.32372], [124.32442, -5.3248], [124.32404, -5.3239], [124.32488, -5.32313], [124.32806, -5.32259], [124.33344, -5.32367], [124.33683, -5.326], [124.33903, -5.32839], [124.34176, -5.32977], [124.34646, -5.33533]]], [[[123.90172, -5.75983], [123.90105, -5.76101], [123.90261, -5.76285], [123.90838, -5.76752], [123.91089, -5.77097], [123.91209, -5.77129], [123.90555, -5.77772], [123.9007, -5.7762], [123.8952, -5.77726], [123.89334, -5.77087], [123.89274, -5.76527], [123.89556, -5.76083], [123.90172, -5.75983]]], [[[124.29744, -5.29115], [124.29978, -5.29225], [124.30071, -5.29449], [124.30049, -5.29658], [124.29935, -5.29662], [124.29832, -5.29856], [124.29616, -5.29763], [124.29318, -5.29432], [124.29482, -5.29253], [124.29479, -5.29184], [124.29549, -5.29293], [124.29513, -5.29168], [124.29744, -5.29115]]], [[[123.86833, -5.78771], [123.86842, -5.78157], [123.87, -5.78019], [123.87027, -5.78384], [123.86945, -5.78649], [123.86833, -5.78771]]]]}}, {"type": "Feature", "properties": {"domain_id": "741505", "name": "SIOMPU BARAT"}, "geometry": {"type": "Polygon", "coordinates": [[[122.52743, -5.69511], [122.51893, -5.69432], [122.51259, -5.69683], [122.50775, -5.6979], [122.50429, -5.69771], [122.49916, -5.69907], [122.49244, -5.69953], [122.48837, -5.69835], [122.48293, -5.69375], [122.47874, -5.69147], [122.47511, -5.69036], [122.47238, -5.69037], [122.46285, -5.69322], [122.45887, -5.69372], [122.45714, -5.69333], [122.45613, -5.68631], [122.45736, -5.68401], [122.46352, -5.6798], [122.46555, -5.67952], [122.46904, -5.68086], [122.47547, -5.67388], [122.47944, -5.67349], [122.48293, -5.67218], [122.48469, -5.66871], [122.48778, -5.6669], [122.48905, -5.66526], [122.49096, -5.66117], [122.4908, -5.65994], [122.49292, -5.65835], [122.49393, -5.65568], [122.50655, -5.66449], [122.5104, -5.67028], [122.50593, -5.67318], [122.5018, -5.67415], [122.49605, -5.67728], [122.50015, -5.68096], [122.50321, -5.68478], [122.51679, -5.67981], [122.52823, -5.69503], [122.52743, -5.69511]]]}}, {"type": "Feature", "properties": {"domain_id": "740422", "name": "KAPONTORI"}, "geometry": {"type": "MultiPolygon", "coordinates": [[[[122.76378, -5.36107], [122.763, -5.35473], [122.76146, -5.35394], [122.75566, -5.35643], [122.74908, -5.36157], [122.74869, -5.36077], [122.74643, -5.36158], [122.74585, -5.36055], [122.74264, -5.35837], [122.74018, -5.35961], [122.73864, -5.35964], [122.73623, -5.35662], [122.73447, -5.35801], [122.72789, -5.35708], [122.7279, -5.35611], [122.72577, -5.35437], [122.72545, -5.35247], [122.72642, -5.34934], [122.72783, -5.33884], [122.72766, -5.33498], [122.72631, -5.32942], [122.722, -5.32176], [122.7147, -5.31633], [122.70885, -5.31691], [122.70615, -5.31831], [122.7044, -5.32159], [122.7022, -5.32247], [122.69762, -5.3208], [122.69593, -5.32236], [122.6911, -5.32425], [122.68805, -5.32441], [122.68407, -5.32313], [122.6838, -5.32217], [122.68712, -5.32052], [122.68794, -5.31583], [122.69161, -5.31119], [122.69328, -5.30648], [122.69674, -5.30119], [122.69722, -5.29822], [122.69966, -5.2927], [122.70551, -5.28608], [122.70491, -5.28501], [122.70387, -5.28486], [122.70561, -5.28288], [122.70773, -5.27858], [122.70819, -5.27647], [122.70734, -5.27423], [122.70764, -5.27304], [122.7111, -5.26903], [122.71179, -5.26629], [122.71329, -5.26491], [122.71288, -5.26433], [122.71414, -5.26173], [122.71518, -5.26061], [122.71853, -5.25981], [122.72047, -5.25813], [122.72319, -5.25256], [122.72621, -5.24852], [122.72882, -5.24686], [122.7324, -5.24214], [122.73772, -5.2414], [122.74097, -5.24326], [122.74302, -5.2436], [122.74548, -5.24247], [122.74899, -5.23838], [122.75396, -5.239], [122.75429, -5.23944], [122.7534, -5.24097], [122.74762, -5.2442], [122.74916, -5.24807], [122.75522, -5.25483], [122.76165, -5.25596], [122.76893, -5.25451], [122.77034, -5.25394], [122.77046, -5.25327], [122.77122, -5.25397], [122.77521, -5.24952], [122.78105, -5.24567], [122.78128, -5.24471], [122.78387, -5.24374], [122.78679, -5.24427], [122.78821, -5.24236], [122.78982, -5.24308], [122.79358, -5.24227], [122.79457, -5.23976], [122.79702, -5.23776], [122.79805, -5.23511], [122.80042, -5.23364], [122.80074, -5.23226], [122.80477, -5.2276], [122.80497, -5.22652], [122.80433, -5.22557], [122.80384, -5.2256], [122.80385, -5.22543], [122.80829, -5.22248], [122.81005, -5.22215], [122.81231, -5.2195], [122.81248, -5.21829], [122.81134, -5.21715], [122.80708, -5.2147], [122.80795, -5.20819], [122.80619, -5.2035], [122.80631, -5.20186], [122.80335, -5.19847], [122.80238, -5.19575], [122.80146, -5.19642], [122.79907, -5.19154], [122.7931, -5.18519], [122.79016, -5.18599], [122.78887, -5.18541], [122.7879, -5.18396], [122.78418, -5.18442], [122.78321, -5.18489], [122.78185, -5.1872], [122.77807, -5.19615], [122.76907, -5.20546], [122.76634, -5.21318], [122.7626, -5.21864], [122.7601, -5.22435], [122.75534, -5.22847], [122.75439, -5.22851], [122.75361, -5.22563], [122.74965, -5.22312], [122.74824, -5.22131], [122.74734, -5.21708], [122.74841, -5.21394], [122.7477, -5.2119], [122.74873, -5.20653], [122.75659, -5.19172], [122.75717, -5.18821], [122.75653, -5.18496], [122.75266, -5.17766], [122.75299, -5.17639], [122.75177, -5.17352], [122.74903, -5.17348], [122.74906, -5.17443], [122.74819, -5.17451], [122.7431, -5.17975], [122.74096, -5.18015], [122.73872, -5.17823], [122.73722, -5.17545], [122.73713, -5.17001], [122.73922, -5.16937], [122.74095, -5.16714], [122.74587, -5.15753], [122.74779, -5.15519], [122.74837, -5.15102], [122.75069, -5.14728], [122.75934, -5.13656], [122.76065, -5.13571], [122.76496, -5.12533], [122.76813, -5.12152], [122.77043, -5.12001], [122.76985, -5.11638], [122.77106, -5.11117], [122.77186, -5.1106], [122.77633, -5.11015], [122.77858, -5.11066], [122.78125, -5.11023], [122.78246, -5.11076], [122.78603, -5.10998], [122.79108, -5.10596], [122.78899, -5.10277], [122.78575, -5.09986], [122.78662, -5.0956], [122.7883, -5.09518], [122.78724, -5.09408], [122.7884, -5.09307], [122.78756, -5.09244], [122.78812, -5.09029], [122.78936, -5.08917], [122.79126, -5.08895], [122.78699, -5.08668], [122.78733, -5.08492], [122.78893, -5.08252], [122.79009, -5.08234], [122.79215, -5.08433], [122.79351, -5.08418], [122.79396, -5.08376], [122.79354, -5.08186], [122.7943, -5.0809], [122.7983, -5.07986], [122.80811, -5.07418], [122.81737, -5.07142], [122.8224, -5.06885], [122.82472, -5.06874], [122.82825, -5.07035], [122.83216, -5.07358], [122.83694, -5.07603], [122.84165, -5.08285], [122.84292, -5.08708], [122.84202, -5.09192], [122.84736, -5.09734], [122.84835, -5.10223], [122.85177, -5.10777], [122.85357, -5.11251], [122.88069, -5.11262], [122.88591, -5.12226], [122.89899, -5.12241], [122.89974, -5.125], [122.89937, -5.12662], [122.89584, -5.12844], [122.89224, -5.13239], [122.89291, -5.13761], [122.8913, -5.1453], [122.89246, -5.14775], [122.89579, -5.15136], [122.89624, -5.15383], [122.89454, -5.15681], [122.89049, -5.16017], [122.88967, -5.16212], [122.89322, -5.16635], [122.89556, -5.17568], [122.89231, -5.17734], [122.88972, -5.18152], [122.88981, -5.18325], [122.88695, -5.18666], [122.88617, -5.18935], [122.88657, -5.19785], [122.88779, -5.20062], [122.8913, -5.20439], [122.89346, -5.20786], [122.89527, -5.21403], [122.89469, -5.21634], [122.89119, -5.22008], [122.88979, -5.22298], [122.88843, -5.23003], [122.89067, -5.23484], [122.89413, -5.2371], [122.89837, -5.24161], [122.9, -5.25], [122.8984, -5.26168], [122.89886, -5.26656], [122.90095, -5.27224], [122.89985, -5.27467], [122.89997, -5.27656], [122.90317, -5.27975], [122.91048, -5.28509], [122.91105, -5.28645], [122.91075, -5.29056], [122.91485, -5.29107], [122.9172, -5.29383], [122.91618, -5.29605], [122.9081, -5.30564], [122.90483, -5.3105], [122.89882, -5.31589], [122.89014, -5.32234], [122.8825, -5.32703], [122.87831, -5.33062], [122.875, -5.33178], [122.86373, -5.33206], [122.8594, -5.33134], [122.85818, -5.33043], [122.85744, -5.32837], [122.86002, -5.32463], [122.85747, -5.32429], [122.85141, -5.32518], [122.85121, -5.32381], [122.85195, -5.32215], [122.85152, -5.31921], [122.84808, -5.31703], [122.84663, -5.31712], [122.84292, -5.3216], [122.84066, -5.32779], [122.83517, -5.3346], [122.82959, -5.34487], [122.8272, -5.35047], [122.82718, -5.35632], [122.82783, -5.35852], [122.82721, -5.36004], [122.82568, -5.36099], [122.82315, -5.36154], [122.82243, -5.36085], [122.82278, -5.35906], [122.82022, -5.35951], [122.81805, -5.35851], [122.81074, -5.36027], [122.80673, -5.35842], [122.80206, -5.35901], [122.79968, -5.35846], [122.79776, -5.35443], [122.79368, -5.35351], [122.79052, -5.35538], [122.78706, -5.35575], [122.7845, -5.35681], [122.78063, -5.36675], [122.77594, -5.37044], [122.77414, -5.37106], [122.77008, -5.37072], [122.76682, -5.3688], [122.76484, -5.36496], [122.76378, -5.36107]]], [[[122.68244, -5.29502], [122.68031, -5.29381], [122.68015, -5.2894], [122.68265, -5.28735], [122.68649, -5.28032], [122.69581, -5.26726], [122.70064, -5.25288], [122.70289, -5.25084], [122.70663, -5.24541], [122.71105, -5.24049], [122.71271, -5.24028], [122.70656, -5.25382], [122.70293, -5.25838], [122.70183, -5.26754], [122.70201, -5.27446], [122.69893, -5.28359], [122.68982, -5.29234], [122.68244, -5.29502]]], [[[122.73823, -5.18864], [122.73872, -5.19375], [122.73719, -5.19894], [122.72626, -5.21064], [122.7211, -5.21288], [122.71747, -5.21281], [122.71769, -5.2108], [122.7197, -5.20709], [122.72421, -5.20204], [122.72576, -5.19917], [122.72995, -5.19629], [122.73592, -5.18892], [122.73823, -5.18864]]]]}}, {"type": "Feature", "properties": {"domain_id": "741303", "name": "LAWA"}, "geometry": {"type": "Polygon", "coordinates": [[[122.57288, -4.91192], [122.55744, -4.90708], [122.5347, -4.90359], [122.53294, -4.90137], [122.52922, -4.89893], [122.52609, -4.89507], [122.52454, -4.88747], [122.52567, -4.88197], [122.52325, -4.87954], [122.52319, -4.87469], [122.51997, -4.871], [122.51738, -4.86955], [122.51738, -4.86816], [122.51556, -4.86697], [122.51561, -4.86594], [122.5148, -4.86493], [122.51558, -4.86338], [122.51716, -4.8641], [122.51796, -4.86325], [122.51823, -4.86204], [122.51773, -4.86151], [122.51825, -4.86042], [122.51712, -4.85967], [122.51733, -4.85896], [122.5156, -4.85894], [122.51386, -4.86034], [122.51379, -4.86501], [122.51158, -4.86628], [122.50852, -4.86655], [122.4996, -4.86543], [122.49318, -4.85996], [122.49278, -4.85853], [122.49001, -4.85763], [122.49113, -4.85421], [122.48969, -4.85219], [122.49012, -4.85074], [122.48904, -4.85035], [122.48914, -4.8494], [122.49046, -4.84854], [122.49144, -4.8513], [122.49243, -4.8514], [122.49496, -4.85048], [122.49706, -4.85055], [122.49767, -4.84774], [122.50081, -4.84852], [122.50141, -4.84722], [122.5053, -4.84924], [122.5067, -4.84939], [122.50721, -4.84878], [122.51694, -4.85078], [122.51817, -4.85022], [122.51848, -4.84852], [122.52021, -4.84734], [122.52088, -4.84556], [122.52441, -4.84739], [122.52571, -4.85282], [122.52931, -4.85261], [122.53021, -4.85375], [122.53195, -4.85294], [122.53373, -4.85441], [122.53963, -4.8537], [122.54249, -4.85408], [122.54489, -4.85535], [122.54893, -4.85577], [122.55657, -4.85892], [122.56098, -4.85913], [122.56589, -4.86077], [122.56807, -4.86051], [122.57847, -4.8561], [122.58193, -4.85595], [122.58367, -4.85465], [122.58935, -4.85403], [122.59144, -4.85466], [122.59437, -4.85457], [122.59975, -4.85317], [122.60164, -4.85438], [122.60392, -4.85413], [122.61151, -4.84874], [122.61164, -4.85886], [122.61842, -4.85839], [122.6216, -4.87103], [122.63053, -4.8746], [122.63365, -4.87475], [122.64897, -4.8865], [122.65611, -4.89289], [122.65956, -4.89715], [122.64644, -4.91568], [122.64144, -4.90902], [122.6398, -4.90859], [122.63537, -4.91116], [122.62981, -4.91594], [122.62357, -4.91852], [122.61613, -4.9194], [122.61086, -4.91913], [122.60539, -4.92139], [122.59619, -4.91854], [122.59002, -4.91781], [122.5805, -4.91535], [122.57824, -4.91284], [122.57288, -4.91192]]]}}, {"type": "Feature", "properties": {"domain_id": "740223", "name": "ROUTA"}, "geometry": {"type": "Polygon", "coordinates": [[[121.36715, -2.98881], [121.36857, -2.99584], [121.37263, -3.00002], [121.37796, -3.00252], [121.38313, -3.00906], [121.38832, -3.01167], [121.38938, -3.01447], [121.39546, -3.01638], [121.40183, -3.01714], [121.40729, -3.01701], [121.41094, -3.01597], [121.41753, -3.01595], [121.41929, -3.01507], [121.4217, -3.01048], [121.4271, -3.00764], [121.42849, -3.00415], [121.43035, -3.00238], [121.43266, -3.00177], [121.43631, -3.00154], [121.43726, -3.00215], [121.44336, -3.00853], [121.44262, -3.01062], [121.44366, -3.01164], [121.44501, -3.01103], [121.44638, -3.00889], [121.44999, -3.00848], [121.45348, -3.00902], [121.45461, -3.01183], [121.45539, -3.01213], [121.46156, -3.0114], [121.46265, -3.01007], [121.46217, -3.00485], [121.46435, -3.00223], [121.46459, -2.99997], [121.46853, -2.99717], [121.47029, -2.993], [121.47121, -2.99214], [121.47451, -2.99097], [121.47656, -2.98906], [121.48082, -2.98724], [121.48279, -2.98424], [121.4817, -2.98075], [121.48221, -2.97689], [121.48119, -2.97492], [121.48028, -2.97401], [121.47698, -2.97364], [121.47531, -2.97246], [121.47247, -2.97332], [121.47213, -2.97261], [121.47326, -2.9714], [121.4758, -2.97079], [121.48002, -2.96524], [121.48081, -2.96215], [121.47932, -2.95789], [121.47969, -2.95621], [121.48239, -2.95425], [121.48366, -2.95173], [121.48382, -2.94891], [121.48597, -2.94748], [121.48678, -2.94465], [121.49399, -2.94182], [121.50023, -2.9437], [121.50369, -2.94223], [121.51565, -2.93315], [121.51603, -2.93218], [121.51533, -2.92606], [121.51622, -2.92518], [121.52141, -2.92889], [121.52271, -2.93123], [121.52366, -2.93152], [121.52526, -2.9314], [121.52643, -2.93], [121.52931, -2.92907], [121.53049, -2.92752], [121.54009, -2.92891], [121.54067, -2.92855], [121.54125, -2.92336], [121.5435, -2.92083], [121.54781, -2.91778], [121.54994, -2.91751], [121.5541, -2.9196], [121.5581, -2.92024], [121.56166, -2.92201], [121.56487, -2.92105], [121.5716, -2.91705], [121.57344, -2.91467], [121.57569, -2.91371], [121.57892, -2.9111], [121.58576, -2.90898], [121.58898, -2.90908], [121.59235, -2.9042], [121.60016, -2.90197], [121.60723, -2.90462], [121.61294, -2.9028], [121.61716, -2.90243], [121.61932, -2.90137], [121.62349, -2.89715], [121.62908, -2.89681], [121.63079, -2.8943], [121.6343, -2.89358], [121.63973, -2.89502], [121.64517, -2.89858], [121.64974, -2.89793], [121.65157, -2.8985], [121.65283, -2.89992], [121.65492, -2.90012], [121.65613, -2.90099], [121.66121, -2.89701], [121.66261, -2.8968], [121.67022, -2.90045], [121.6827, -2.90268], [121.68498, -2.90709], [121.68563, -2.91043], [121.68869, -2.91572], [121.69507, -2.92115], [121.69561, -2.91989], [121.69993, -2.91872], [121.70233, -2.91974], [121.703, -2.91848], [121.70443, -2.91772], [121.70703, -2.91976], [121.70919, -2.91962], [121.70962, -2.92143], [121.71189, -2.92286], [121.71212, -2.92182], [121.71321, -2.92154], [121.7139, -2.9205], [121.71533, -2.9205], [121.71601, -2.92148], [121.71739, -2.92033], [121.7191, -2.91999], [121.72072, -2.91697], [121.72203, -2.91621], [121.72213, -2.91862], [121.7274, -2.91616], [121.72739, -2.91917], [121.72839, -2.91863], [121.73059, -2.91917], [121.734, -2.91865], [121.73596, -2.92054], [121.73517, -2.92173], [121.73705, -2.92505], [121.73826, -2.92593], [121.7415, -2.92634], [121.75153, -2.9234], [121.75745, -2.92588], [121.76599, -2.93217], [121.76906, -2.93683], [121.76985, -2.94034], [121.77177, -2.9435], [121.77554, -2.94364], [121.77888, -2.9464], [121.78316, -2.94418], [121.78527, -2.94606], [121.78743, -2.9448], [121.79127, -2.94496], [121.79578, -2.94692], [121.80626, -2.95442], [121.81002, -2.95637], [121.82001, -2.95984], [121.81982, -2.96177], [121.82285, -2.9632], [121.82308, -2.96476], [121.82506, -2.96673], [121.82606, -2.96981], [121.82818, -2.96963], [121.82937, -2.971], [121.83265, -2.97152], [121.83418, -2.97296], [121.83572, -2.9713], [121.83801, -2.972], [121.84185, -2.97178], [121.84436, -2.97076], [121.8468, -2.96853], [121.85167, -2.9681], [121.85402, -2.96497], [121.85631, -2.9657], [121.85814, -2.96486], [121.86056, -2.96563], [121.86287, -2.96762], [121.86562, -2.96789], [121.87212, -2.9733], [121.87201, -2.97428], [121.86913, -2.97756], [121.87258, -2.98003], [121.87389, -2.98201], [121.87361, -2.98741], [121.87686, -2.99587], [121.87994, -2.99766], [121.88077, -2.99994], [121.88437, -3.00231], [121.88491, -3.00336], [121.88482, -3.00509], [121.88312, -3.00588], [121.8842, -3.00963], [121.88533, -3.01067], [121.88735, -3.01084], [121.89559, -3.01009], [121.90267, -3.01463], [121.90632, -3.01407], [121.91006, -3.01478], [121.91121, -3.01556], [121.91155, -3.01851], [121.91387, -3.01799], [121.91412, -3.01561], [121.91531, -3.01485], [121.91646, -3.01623], [121.91823, -3.02154], [121.91986, -3.02359], [121.92106, -3.02376], [121.92244, -3.0223], [121.92373, -3.02237], [121.92412, -3.02423], [121.92596, -3.02674], [121.92804, -3.02777], [121.93065, -3.02763], [121.93137, -3.03011], [121.93397, -3.03008], [121.93442, -3.02902], [121.9367, -3.02853], [121.93776, -3.02669], [121.93863, -3.02789], [121.94124, -3.02832], [121.94182, -3.02912], [121.94006, -3.03264], [121.94135, -3.0348], [121.94314, -3.03492], [121.94385, -3.03565], [121.94326, -3.03744], [121.94337, -3.04094], [121.94405, -3.04251], [121.94919, -3.04569], [121.95096, -3.0483], [121.93052, -3.10787], [121.93212, -3.11146], [121.9277, -3.11958], [121.92665, -3.12303], [121.9244, -3.1251], [121.91858, -3.12803], [121.91482, -3.13097], [121.9023, -3.14544], [121.88674, -3.15613], [121.84611, -3.20107], [121.84627, -3.20283], [121.84506, -3.20492], [121.84593, -3.20772], [121.84462, -3.20829], [121.84386, -3.21001], [121.84096, -3.21026], [121.83732, -3.21255], [121.83776, -3.21644], [121.83496, -3.22021], [121.83576, -3.22267], [121.8352, -3.22288], [121.83502, -3.22528], [121.8342, -3.22638], [121.83298, -3.22702], [121.83156, -3.22624], [121.83071, -3.22648], [121.829, -3.22784], [121.82837, -3.22965], [121.82627, -3.23063], [121.82469, -3.23272], [121.82113, -3.23232], [121.81956, -3.23392], [121.81718, -3.2351], [121.81437, -3.23516], [121.81208, -3.23446], [121.80958, -3.23656], [121.80415, -3.23813], [121.79735, -3.24184], [121.79521, -3.24196], [121.78854, -3.2387], [121.78453, -3.23898], [121.78313, -3.23853], [121.78162, -3.24094], [121.78195, -3.24309], [121.77882, -3.24166], [121.77446, -3.24239], [121.77441, -3.24544], [121.77331, -3.24812], [121.77502, -3.25043], [121.77396, -3.25136], [121.77094, -3.25027], [121.7681, -3.25055], [121.7656, -3.25197], [121.7655, -3.24972], [121.76372, -3.24829], [121.76317, -3.24493], [121.75853, -3.23932], [121.75741, -3.24011], [121.75772, -3.24193], [121.75695, -3.24196], [121.75503, -3.23751], [121.75221, -3.23482], [121.74555, -3.23722], [121.74566, -3.2405], [121.73841, -3.24163], [121.73772, -3.24524], [121.73384, -3.24718], [121.73073, -3.24486], [121.7283, -3.24611], [121.72591, -3.24327], [121.72315, -3.24476], [121.72248, -3.24146], [121.71584, -3.24157], [121.71318, -3.23854], [121.70988, -3.23889], [121.70975, -3.23773], [121.71143, -3.23703], [121.71319, -3.23491], [121.71105, -3.23144], [121.71138, -3.23], [121.71088, -3.22935], [121.70526, -3.22846], [121.70362, -3.22646], [121.70127, -3.22832], [121.70049, -3.23069], [121.69969, -3.231], [121.69451, -3.22865], [121.69048, -3.22923], [121.68812, -3.22721], [121.6846, -3.22707], [121.6823, -3.22547], [121.68294, -3.22255], [121.67529, -3.22398], [121.67348, -3.21853], [121.6753, -3.21733], [121.67795, -3.21889], [121.67881, -3.21831], [121.67895, -3.21373], [121.68005, -3.2126], [121.68054, -3.20998], [121.68027, -3.20635], [121.68241, -3.20259], [121.67217, -3.19706], [121.66804, -3.19257], [121.66537, -3.19211], [121.66395, -3.18836], [121.66175, -3.18536], [121.65774, -3.17436], [121.65483, -3.16961], [121.64865, -3.16612], [121.64624, -3.16639], [121.64464, -3.16454], [121.64223, -3.16339], [121.64113, -3.16328], [121.64044, -3.16402], [121.63853, -3.16104], [121.63346, -3.15796], [121.63274, -3.15892], [121.63393, -3.16165], [121.63249, -3.16284], [121.63013, -3.1634], [121.62803, -3.16195], [121.6252, -3.16372], [121.6248, -3.16612], [121.62383, -3.16683], [121.62288, -3.16625], [121.62084, -3.16282], [121.61855, -3.16451], [121.61781, -3.16704], [121.61545, -3.16762], [121.61326, -3.16733], [121.61007, -3.16463], [121.60731, -3.1638], [121.6054, -3.164], [121.60251, -3.16108], [121.60157, -3.16101], [121.59931, -3.16277], [121.59775, -3.16269], [121.59681, -3.16208], [121.5955, -3.15936], [121.59396, -3.16063], [121.59265, -3.16338], [121.58889, -3.16555], [121.58823, -3.16781], [121.58698, -3.16865], [121.58719, -3.17062], [121.58361, -3.17367], [121.58318, -3.1752], [121.58503, -3.1762], [121.58523, -3.17701], [121.58158, -3.178], [121.58145, -3.17675], [121.58, -3.17538], [121.57714, -3.17677], [121.57635, -3.17831], [121.5765, -3.17959], [121.57356, -3.18011], [121.56709, -3.19003], [121.56233, -3.19133], [121.56089, -3.1926], [121.56145, -3.19445], [121.56018, -3.19418], [121.55916, -3.19558], [121.55578, -3.19746], [121.5555, -3.19906], [121.55677, -3.2006], [121.5559, -3.20337], [121.55489, -3.20333], [121.55413, -3.20494], [121.55296, -3.20487], [121.55062, -3.20645], [121.55094, -3.20807], [121.54679, -3.20982], [121.54649, -3.21158], [121.54414, -3.21039], [121.54415, -3.21184], [121.54256, -3.21341], [121.54068, -3.21387], [121.53914, -3.21346], [121.53823, -3.21787], [121.53614, -3.21732], [121.53266, -3.21896], [121.52814, -3.22413], [121.52463, -3.22339], [121.52254, -3.2218], [121.51898, -3.2212], [121.51733, -3.22239], [121.51562, -3.22266], [121.51448, -3.22496], [121.51209, -3.22501], [121.5099, -3.22392], [121.5064, -3.22469], [121.50216, -3.23204], [121.49955, -3.23434], [121.49216, -3.23747], [121.48948, -3.2414], [121.48266, -3.2476], [121.48207, -3.24978], [121.48091, -3.25104], [121.46504, -3.2637], [121.46424, -3.26393], [121.46199, -3.2627], [121.46053, -3.26287], [121.45701, -3.26449], [121.45289, -3.26772], [121.4475, -3.26825], [121.44496, -3.26641], [121.43926, -3.26806], [121.43836, -3.27071], [121.43922, -3.27414], [121.43397, -3.2791], [121.43255, -3.28153], [121.43182, -3.27593], [121.43097, -3.27544], [121.43123, -3.26893], [121.42992, -3.24586], [121.43409, -3.22856], [121.43563, -3.21771], [121.43511, -3.2116], [121.43816, -3.19499], [121.43943, -3.17819], [121.44162, -3.16953], [121.43876, -3.1622], [121.43591, -3.1582], [121.42991, -3.15373], [121.42163, -3.15021], [121.41944, -3.14764], [121.41689, -3.14307], [121.41482, -3.13479], [121.41405, -3.12708], [121.41168, -3.11947], [121.41206, -3.10966], [121.40884, -3.10523], [121.40746, -3.10452], [121.39887, -3.10383], [121.39435, -3.10216], [121.38821, -3.0974], [121.38878, -3.08603], [121.3854, -3.0777], [121.38036, -3.06999], [121.36689, -3.05966], [121.36299, -3.05581], [121.36094, -3.05148], [121.36018, -3.04762], [121.36256, -3.02511], [121.3696, -3.01169], [121.3696, -3.01031], [121.36332, -2.99451], [121.36122, -2.98757], [121.36715, -2.98881]]]}}, {"type": "Feature", "properties": {"domain_id": "740803", "name": "BATU PUTIH"}, "geometry": {"type": "Polygon", "coordinates": [[[121.0758, -3.08903], [121.06809, -3.08525], [121.06769, -3.08693], [121.0685, -3.08987], [121.06224, -3.0878], [121.05764, -3.08734], [121.05675, -3.08202], [121.05667, -3.07477], [121.05729, -3.07351], [121.05823, -3.0733], [121.05823, -3.07105], [121.05989, -3.07017], [121.05942, -3.06924], [121.06006, -3.06763], [121.05793, -3.06294], [121.05846, -3.05946], [121.05715, -3.05879], [121.05581, -3.0563], [121.05266, -3.05699], [121.05276, -3.05843], [121.05216, -3.05906], [121.0503, -3.05398], [121.04842, -3.05474], [121.04779, -3.05193], [121.04543, -3.05071], [121.0451, -3.04858], [121.04677, -3.04734], [121.04549, -3.04687], [121.04603, -3.04597], [121.04481, -3.04607], [121.04322, -3.04468], [121.04445, -3.04417], [121.04502, -3.04235], [121.04469, -3.04132], [121.04384, -3.04109], [121.04442, -3.03843], [121.0435, -3.03709], [121.04469, -3.03383], [121.0461, -3.03391], [121.04775, -3.03624], [121.04969, -3.03634], [121.05131, -3.03111], [121.05153, -3.02668], [121.0549, -3.0246], [121.05609, -3.02287], [121.05896, -3.02386], [121.06079, -3.02836], [121.0606, -3.0296], [121.06337, -3.03038], [121.06489, -3.03171], [121.06345, -3.03465], [121.06433, -3.03712], [121.06611, -3.03442], [121.06792, -3.03347], [121.06809, -3.03249], [121.06957, -3.03311], [121.0705, -3.03178], [121.07162, -3.03321], [121.07305, -3.03247], [121.07315, -3.03148], [121.07487, -3.02929], [121.07459, -3.02679], [121.0753, -3.0261], [121.07683, -3.01977], [121.07672, -3.01685], [121.07586, -3.01556], [121.07742, -3.01315], [121.07518, -3.01155], [121.07578, -3.00897], [121.07693, -3.00922], [121.07788, -3.00828], [121.07935, -3.0086], [121.08032, -3.00999], [121.08006, -3.01055], [121.08142, -3.01097], [121.08117, -3.0122], [121.08176, -3.0117], [121.08262, -3.01198], [121.08231, -3.01025], [121.08299, -3.01091], [121.08278, -3.01431], [121.08407, -3.01288], [121.0857, -3.01394], [121.08633, -3.01589], [121.08771, -3.01537], [121.0888, -3.01612], [121.08964, -3.01573], [121.08889, -3.01435], [121.08901, -3.01299], [121.08753, -3.01138], [121.08708, -3.00504], [121.08862, -3.00328], [121.08847, -3.00085], [121.08984, -2.99968], [121.09068, -2.99722], [121.09152, -2.9967], [121.0901, -2.9959], [121.08745, -2.99583], [121.08734, -2.99629], [121.08886, -2.99701], [121.0874, -2.99738], [121.087, -2.99883], [121.08277, -2.99805], [121.08087, -2.99935], [121.08087, -2.99773], [121.08187, -2.99764], [121.08071, -2.99534], [121.08224, -2.99456], [121.08102, -2.99404], [121.07979, -2.99464], [121.07992, -2.99702], [121.07857, -2.99857], [121.07725, -2.99837], [121.0766, -2.99915], [121.07481, -2.99789], [121.07372, -2.99874], [121.07328, -2.99838], [121.07366, -2.9963], [121.07699, -2.99509], [121.0775, -2.99391], [121.07477, -2.99153], [121.07621, -2.99106], [121.07435, -2.98832], [121.076, -2.98588], [121.07446, -2.98312], [121.07673, -2.98236], [121.07736, -2.98268], [121.0778, -2.98135], [121.07869, -2.98142], [121.07466, -2.97971], [121.07345, -2.97982], [121.07201, -2.98184], [121.07003, -2.98156], [121.06914, -2.98349], [121.06633, -2.98348], [121.06785, -2.98007], [121.06795, -2.97733], [121.0667, -2.97594], [121.06529, -2.96903], [121.06428, -2.9681], [121.06541, -2.96632], [121.06399, -2.96543], [121.06503, -2.9645], [121.06568, -2.96556], [121.06654, -2.96521], [121.06806, -2.96758], [121.06672, -2.96452], [121.06794, -2.96333], [121.06625, -2.96247], [121.06639, -2.9612], [121.06466, -2.96042], [121.06425, -2.95853], [121.06287, -2.95847], [121.06321, -2.95694], [121.06382, -2.95664], [121.06542, -2.95956], [121.07269, -2.96683], [121.07498, -2.9702], [121.07573, -2.97307], [121.08515, -2.97924], [121.10819, -2.98131], [121.10445, -3.00585], [121.10318, -3.03032], [121.10414, -3.03114], [121.12309, -3.03363], [121.12509, -3.03491], [121.12411, -3.03978], [121.12655, -3.04486], [121.12599, -3.04665], [121.1231, -3.04917], [121.12368, -3.04974], [121.13359, -3.05017], [121.13721, -3.04895], [121.13882, -3.04998], [121.13951, -3.05213], [121.14041, -3.05263], [121.13655, -3.05756], [121.13201, -3.05933], [121.13086, -3.06113], [121.12906, -3.06752], [121.12994, -3.06886], [121.12798, -3.07056], [121.13084, -3.07342], [121.13435, -3.07576], [121.14348, -3.07798], [121.15571, -3.07917], [121.16108, -3.07795], [121.16865, -3.07796], [121.17436, -3.07912], [121.18486, -3.08331], [121.20012, -3.08336], [121.21037, -3.08922], [121.2146, -3.08892], [121.21712, -3.09213], [121.22235, -3.0951], [121.22283, -3.09861], [121.22411, -3.1017], [121.23366, -3.10825], [121.24415, -3.11415], [121.25663, -3.11943], [121.27536, -3.12926], [121.2882, -3.13503], [121.30509, -3.1451], [121.32459, -3.15184], [121.34529, -3.15689], [121.3779, -3.16125], [121.40765, -3.16202], [121.42146, -3.16084], [121.43814, -3.16133], [121.44076, -3.16639], [121.44162, -3.16953], [121.43943, -3.17819], [121.43816, -3.19499], [121.43644, -3.20281], [121.42592, -3.19925], [121.38578, -3.19809], [121.37878, -3.1968], [121.37125, -3.19393], [121.36063, -3.19432], [121.33828, -3.19096], [121.31439, -3.18471], [121.27402, -3.17242], [121.26779, -3.16978], [121.24753, -3.15843], [121.20689, -3.14382], [121.19272, -3.13759], [121.16288, -3.12037], [121.15616, -3.11824], [121.1448, -3.11242], [121.14069, -3.11183], [121.12234, -3.1046], [121.11282, -3.10294], [121.10633, -3.10072], [121.10586, -3.09985], [121.09953, -3.09873], [121.08852, -3.09445], [121.08597, -3.09133], [121.08283, -3.08982], [121.0758, -3.08903]]]}}, {"type": "Feature", "properties": {"domain_id": "741305", "name": "TIWORO SELATAN"}, "geometry": {"type": "MultiPolygon", "coordinates": [[[[122.37767, -4.92463], [122.37114, -4.92133], [122.36737, -4.92042], [122.36426, -4.91796], [122.36401, -4.91931], [122.36544, -4.92069], [122.36404, -4.92282], [122.36426, -4.92361], [122.36567, -4.9244], [122.36507, -4.92618], [122.36384, -4.92654], [122.36287, -4.92476], [122.36056, -4.92332], [122.35905, -4.92373], [122.35917, -4.92587], [122.36134, -4.92826], [122.36109, -4.93004], [122.35907, -4.93044], [122.35845, -4.93145], [122.35759, -4.93], [122.35631, -4.93007], [122.353, -4.92817], [122.3495, -4.92424], [122.34929, -4.92223], [122.35042, -4.91942], [122.34534, -4.90957], [122.34472, -4.90498], [122.34348, -4.90219], [122.3433, -4.90015], [122.34291, -4.90051], [122.34256, -4.89978], [122.34395, -4.8993], [122.34538, -4.90092], [122.34709, -4.90061], [122.34792, -4.89989], [122.34779, -4.89837], [122.35001, -4.8989], [122.35077, -4.89721], [122.35204, -4.89697], [122.35206, -4.89527], [122.35346, -4.89583], [122.35404, -4.89771], [122.35504, -4.89759], [122.35543, -4.89606], [122.3566, -4.89481], [122.35728, -4.89623], [122.35877, -4.89678], [122.3579, -4.89418], [122.35935, -4.89439], [122.36056, -4.89179], [122.36203, -4.89123], [122.3612, -4.8902], [122.36212, -4.88943], [122.36172, -4.88795], [122.3635, -4.88583], [122.3665, -4.88408], [122.36745, -4.88494], [122.3686, -4.88486], [122.36984, -4.88327], [122.37119, -4.88332], [122.37179, -4.88237], [122.3729, -4.88275], [122.37319, -4.88194], [122.37459, -4.88159], [122.374, -4.8807], [122.3746, -4.87945], [122.37381, -4.87846], [122.375, -4.87872], [122.37559, -4.87806], [122.37609, -4.87627], [122.37545, -4.87516], [122.37653, -4.87262], [122.37514, -4.86863], [122.37568, -4.86664], [122.375, -4.86445], [122.37551, -4.86201], [122.37612, -4.86158], [122.37536, -4.85892], [122.37796, -4.85817], [122.38314, -4.85493], [122.38687, -4.84879], [122.3912, -4.83857], [122.3973, -4.84299], [122.40286, -4.84556], [122.411, -4.84602], [122.41919, -4.84863], [122.42227, -4.84847], [122.42261, -4.85597], [122.42986, -4.86052], [122.42738, -4.8642], [122.4262, -4.8649], [122.42447, -4.87808], [122.42546, -4.87857], [122.42644, -4.88037], [122.42516, -4.88285], [122.42454, -4.88631], [122.42336, -4.88753], [122.4273, -4.88995], [122.43051, -4.89494], [122.43405, -4.89566], [122.43489, -4.89661], [122.43785, -4.89739], [122.44203, -4.90131], [122.44215, -4.90265], [122.44117, -4.90428], [122.44316, -4.91256], [122.42532, -4.91008], [122.42013, -4.91039], [122.42115, -4.90907], [122.41777, -4.90651], [122.41525, -4.90997], [122.40609, -4.90919], [122.39723, -4.91484], [122.39061, -4.91471], [122.38833, -4.91642], [122.38521, -4.92052], [122.38124, -4.92356], [122.37767, -4.92463]]], [[[122.33881, -4.91174], [122.33649, -4.91036], [122.33759, -4.90819], [122.33974, -4.91049], [122.33971, -4.91156], [122.33881, -4.91174]]]]}}, {"type": "Feature", "properties": {"domain_id": "740810", "name": "PAKUE TENGAH"}, "geometry": {"type": "Polygon", "coordinates": [[[121.20449, -3.26377], [121.19798, -3.26752], [121.19564, -3.26756], [121.19161, -3.27081], [121.16802, -3.25301], [121.15064, -3.24104], [121.1389, -3.23392], [121.13044, -3.22967], [121.1186, -3.2215], [121.10438, -3.21372], [121.09292, -3.2087], [121.07968, -3.19806], [121.07341, -3.19708], [121.06999, -3.19833], [121.06742, -3.20032], [121.06519, -3.20027], [121.06499, -3.1982], [121.06248, -3.19796], [121.06197, -3.19591], [121.06051, -3.19541], [121.06068, -3.19437], [121.06144, -3.194], [121.0604, -3.19316], [121.06071, -3.1919], [121.05936, -3.19156], [121.05955, -3.19045], [121.057, -3.18851], [121.05763, -3.18623], [121.05586, -3.18466], [121.05629, -3.18189], [121.05562, -3.17276], [121.05663, -3.16919], [121.05623, -3.16769], [121.0568, -3.16565], [121.05596, -3.16157], [121.05734, -3.15783], [121.05615, -3.15595], [121.05607, -3.15313], [121.06059, -3.14528], [121.06096, -3.14005], [121.06001, -3.13783], [121.06045, -3.13577], [121.05991, -3.1342], [121.06179, -3.13445], [121.06255, -3.13375], [121.06297, -3.13433], [121.06465, -3.13362], [121.06538, -3.13463], [121.07005, -3.13311], [121.07077, -3.13377], [121.07437, -3.13398], [121.07571, -3.13466], [121.08036, -3.13249], [121.08186, -3.13111], [121.08205, -3.12897], [121.08363, -3.12853], [121.09031, -3.12858], [121.09969, -3.13006], [121.10434, -3.1324], [121.1067, -3.1357], [121.1108, -3.13666], [121.11386, -3.13645], [121.11504, -3.13794], [121.11963, -3.14075], [121.1221, -3.14175], [121.12342, -3.14132], [121.16368, -3.16046], [121.18135, -3.17093], [121.19234, -3.17532], [121.19282, -3.17732], [121.19582, -3.17779], [121.2002, -3.1803], [121.20161, -3.18325], [121.20539, -3.18621], [121.20758, -3.18624], [121.21882, -3.19069], [121.23155, -3.19979], [121.23598, -3.20192], [121.24208, -3.20372], [121.24808, -3.20849], [121.26344, -3.21766], [121.27047, -3.22043], [121.27928, -3.22668], [121.26239, -3.22499], [121.22994, -3.22753], [121.22642, -3.22936], [121.22278, -3.23509], [121.2236, -3.23808], [121.22174, -3.24119], [121.21981, -3.24665], [121.2206, -3.24772], [121.22034, -3.25], [121.22133, -3.25372], [121.20449, -3.26377]]]}}, {"type": "Feature", "properties": {"domain_id": "740801", "name": "LASUSUA"}, "geometry": {"type": "Polygon", "coordinates": [[[120.90112, -3.56883], [120.90021, -3.56813], [120.89942, -3.56561], [120.90315, -3.5656], [120.90573, -3.56756], [120.90902, -3.56867], [120.91087, -3.56797], [120.90997, -3.56615], [120.90844, -3.56501], [120.90788, -3.56236], [120.90681, -3.56127], [120.90715, -3.55949], [120.90627, -3.55766], [120.90521, -3.5564], [120.90357, -3.55583], [120.90327, -3.55354], [120.89962, -3.55023], [120.89852, -3.54745], [120.89544, -3.54476], [120.89265, -3.54414], [120.89148, -3.5428], [120.88927, -3.54225], [120.88885, -3.53933], [120.88519, -3.53616], [120.88455, -3.53419], [120.88046, -3.52956], [120.88181, -3.52584], [120.88139, -3.52165], [120.8821, -3.52146], [120.8786, -3.51478], [120.87842, -3.5125], [120.87695, -3.51213], [120.87439, -3.49933], [120.87326, -3.49879], [120.87414, -3.4977], [120.87238, -3.48833], [120.8741, -3.48812], [120.87231, -3.48805], [120.87005, -3.47247], [120.87508, -3.47128], [120.88644, -3.47142], [120.90331, -3.46842], [120.91772, -3.46842], [120.92351, -3.46807], [120.92476, -3.46745], [120.92915, -3.4675], [120.92986, -3.46839], [120.95864, -3.47398], [121.03879, -3.49409], [121.07148, -3.49837], [121.08656, -3.49896], [121.10082, -3.49787], [121.11032, -3.4962], [121.12469, -3.49133], [121.12783, -3.4941], [121.12943, -3.49413], [121.12959, -3.49579], [121.1308, -3.49638], [121.13121, -3.49757], [121.13336, -3.49776], [121.13349, -3.49984], [121.13422, -3.50047], [121.14416, -3.50513], [121.14961, -3.50524], [121.1509, -3.50684], [121.15049, -3.50983], [121.14157, -3.5164], [121.13627, -3.51893], [121.13233, -3.52306], [121.12756, -3.52649], [121.12001, -3.5298], [121.11166, -3.5363], [121.10482, -3.53767], [121.10014, -3.5415], [121.09214, -3.54481], [121.0851, -3.5495], [121.0776, -3.55256], [121.07257, -3.55544], [121.06499, -3.55762], [121.06003, -3.56003], [121.05197, -3.56172], [121.04818, -3.56364], [121.04215, -3.56505], [121.0371, -3.56786], [121.03537, -3.56783], [121.0257, -3.57038], [121.02232, -3.57202], [121.01707, -3.57327], [121.00636, -3.57879], [120.99321, -3.58437], [120.98941, -3.58542], [120.98729, -3.58712], [120.98182, -3.58867], [120.97432, -3.59183], [120.96905, -3.59546], [120.96628, -3.59866], [120.96464, -3.59787], [120.96292, -3.59811], [120.9612, -3.59711], [120.95908, -3.59759], [120.95795, -3.59552], [120.95713, -3.59673], [120.9583, -3.59853], [120.95778, -3.59967], [120.95932, -3.60322], [120.96526, -3.61077], [120.96458, -3.61325], [120.96496, -3.61587], [120.96377, -3.6164], [120.96347, -3.61731], [120.96187, -3.61692], [120.9613, -3.61749], [120.96135, -3.62012], [120.95947, -3.62631], [120.95724, -3.62423], [120.95264, -3.62292], [120.94806, -3.62213], [120.94774, -3.62255], [120.94726, -3.62149], [120.94477, -3.62036], [120.94609, -3.61547], [120.94584, -3.61151], [120.9438, -3.60966], [120.94239, -3.60722], [120.93971, -3.60553], [120.93579, -3.6043], [120.93694, -3.60103], [120.93488, -3.59544], [120.92834, -3.59202], [120.92669, -3.59196], [120.92566, -3.59288], [120.92444, -3.59262], [120.92225, -3.58855], [120.91898, -3.5871], [120.91918, -3.58415], [120.91754, -3.58149], [120.91571, -3.58038], [120.91315, -3.58027], [120.90926, -3.57656], [120.90579, -3.57655], [120.90409, -3.57314], [120.90371, -3.57031], [120.90237, -3.56907], [120.90112, -3.56883]]]}}, {"type": "Feature", "properties": {"domain_id": "740613", "name": "KABAENA SELATAN"}, "geometry": {"type": "Polygon", "coordinates": [[[121.95373, -5.3427], [121.95744, -5.36744], [121.95839, -5.38412], [121.95365, -5.41233], [121.94246, -5.41212], [121.94137, -5.4136], [121.94183, -5.41631], [121.93933, -5.41905], [121.94007, -5.42545], [121.93798, -5.42693], [121.93725, -5.42628], [121.93542, -5.42794], [121.9325, -5.42882], [121.93058, -5.42661], [121.92782, -5.42543], [121.92558, -5.42294], [121.923, -5.42246], [121.92318, -5.42084], [121.92264, -5.42037], [121.92172, -5.42065], [121.92204, -5.42123], [121.92154, -5.42068], [121.92031, -5.42088], [121.92052, -5.42166], [121.91934, -5.41974], [121.92033, -5.42055], [121.92164, -5.42014], [121.92058, -5.4144], [121.9237, -5.41107], [121.92207, -5.40961], [121.9218, -5.40843], [121.92316, -5.40606], [121.92257, -5.40242], [121.91766, -5.40116], [121.91684, -5.40019], [121.91448, -5.4004], [121.91358, -5.40366], [121.91252, -5.40471], [121.91128, -5.40502], [121.91061, -5.40399], [121.90954, -5.40381], [121.90763, -5.40528], [121.90525, -5.40575], [121.90488, -5.40445], [121.90286, -5.40217], [121.8993, -5.40144], [121.89856, -5.4002], [121.89681, -5.39938], [121.89192, -5.39909], [121.8921, -5.39575], [121.88716, -5.39342], [121.88203, -5.38975], [121.87494, -5.38635], [121.87354, -5.38502], [121.87064, -5.37777], [121.86742, -5.37318], [121.86648, -5.37273], [121.86558, -5.37387], [121.86491, -5.37343], [121.86636, -5.37253], [121.86558, -5.37063], [121.86366, -5.36884], [121.85946, -5.36669], [121.8589, -5.36363], [121.86071, -5.36159], [121.86062, -5.36086], [121.85905, -5.35812], [121.85947, -5.35799], [121.85864, -5.35578], [121.8553, -5.35165], [121.85449, -5.35183], [121.85528, -5.35161], [121.85511, -5.3497], [121.85288, -5.34799], [121.85199, -5.34816], [121.84956, -5.34677], [121.84411, -5.34254], [121.843, -5.33646], [121.84181, -5.33464], [121.84004, -5.33414], [121.83875, -5.3348], [121.83753, -5.33189], [121.83325, -5.32642], [121.83174, -5.32563], [121.82982, -5.32262], [121.82992, -5.32118], [121.8309, -5.32104], [121.83171, -5.31922], [121.83129, -5.31817], [121.82958, -5.31812], [121.82803, -5.31895], [121.82799, -5.31702], [121.82622, -5.31658], [121.82592, -5.31451], [121.8239, -5.31265], [121.82347, -5.30848], [121.82235, -5.30638], [121.82299, -5.30246], [121.82052, -5.30205], [121.82312, -5.30196], [121.82386, -5.30123], [121.82386, -5.2997], [121.82321, -5.29939], [121.82384, -5.29853], [121.82096, -5.29967], [121.8238, -5.29827], [121.8232, -5.29726], [121.823, -5.29381], [121.81859, -5.29214], [121.81541, -5.29261], [121.81307, -5.28977], [121.81135, -5.28963], [121.81065, -5.28808], [121.80684, -5.28624], [121.81018, -5.2865], [121.81307, -5.28487], [121.82126, -5.28318], [121.83105, -5.27993], [121.85666, -5.279], [121.86256, -5.29144], [121.86402, -5.30187], [121.86588, -5.30486], [121.87942, -5.31512], [121.88815, -5.31737], [121.9069, -5.32597], [121.91302, -5.32766], [121.92696, -5.32731], [121.93197, -5.32862], [121.93717, -5.33199], [121.95394, -5.33767], [121.95336, -5.34027], [121.95373, -5.3427]]]}}, {"type": "Feature", "properties": {"domain_id": "740202", "name": "UNAAHA"}, "geometry": {"type": "Polygon", "coordinates": [[[122.05667, -3.87152], [122.05429, -3.86972], [122.05227, -3.86953], [122.05047, -3.87039], [122.04756, -3.87365], [122.04712, -3.87517], [122.04956, -3.87783], [122.0494, -3.88196], [122.04865, -3.88355], [122.04716, -3.88344], [122.04544, -3.88157], [122.04187, -3.875], [122.03931, -3.8739], [122.03747, -3.87445], [122.03766, -3.87209], [122.03375, -3.86822], [122.03032, -3.86662], [122.03163, -3.86296], [122.03032, -3.86055], [122.0333, -3.85652], [122.02761, -3.85], [122.03001, -3.84785], [122.03085, -3.84848], [122.03362, -3.84379], [122.04553, -3.84959], [122.04883, -3.84292], [122.04706, -3.84212], [122.04784, -3.84046], [122.04654, -3.83987], [122.04748, -3.83819], [122.0452, -3.83706], [122.05034, -3.82681], [122.04744, -3.82351], [122.04771, -3.82194], [122.05014, -3.82074], [122.05033, -3.81984], [122.04868, -3.81901], [122.05116, -3.8184], [122.05261, -3.81437], [122.05443, -3.81329], [122.05489, -3.81231], [122.05665, -3.81218], [122.05793, -3.8124], [122.05869, -3.81346], [122.05998, -3.81342], [122.06069, -3.81454], [122.06278, -3.81575], [122.06286, -3.81643], [122.0648, -3.8169], [122.06521, -3.818], [122.06645, -3.81735], [122.06774, -3.8176], [122.06798, -3.81703], [122.07272, -3.8185], [122.07259, -3.81943], [122.07335, -3.82006], [122.07257, -3.82096], [122.07517, -3.82362], [122.0697, -3.8246], [122.06944, -3.82924], [122.07013, -3.82949], [122.06959, -3.83414], [122.0706, -3.83761], [122.06989, -3.84103], [122.06912, -3.8412], [122.06897, -3.84214], [122.07191, -3.84251], [122.07344, -3.84334], [122.07155, -3.85154], [122.07602, -3.85205], [122.07336, -3.86417], [122.08687, -3.8669], [122.08637, -3.87028], [122.08495, -3.86986], [122.08448, -3.87182], [122.0826, -3.87206], [122.08126, -3.87621], [122.07951, -3.87531], [122.07764, -3.87679], [122.07822, -3.87759], [122.07634, -3.88105], [122.07618, -3.8854], [122.07306, -3.8925], [122.07179, -3.89198], [122.0695, -3.89258], [122.06761, -3.89186], [122.06723, -3.89091], [122.06765, -3.88999], [122.07174, -3.8883], [122.0718, -3.8863], [122.07069, -3.88428], [122.06872, -3.88695], [122.06683, -3.88696], [122.06613, -3.8862], [122.06598, -3.88545], [122.06866, -3.8824], [122.0686, -3.88162], [122.06683, -3.88107], [122.06315, -3.88255], [122.06234, -3.88236], [122.06048, -3.8787], [122.05864, -3.87867], [122.05579, -3.87987], [122.05353, -3.87849], [122.0531, -3.87729], [122.05354, -3.8758], [122.05772, -3.87387], [122.05748, -3.87213], [122.05667, -3.87152]]]}}, {"type": "Feature", "properties": {"domain_id": "740605", "name": "KABAENA"}, "geometry": {"type": "Polygon", "coordinates": [[[121.95442, -5.33551], [121.95394, -5.33767], [121.94241, -5.33404], [121.93717, -5.33199], [121.93197, -5.32862], [121.92696, -5.32731], [121.91302, -5.32766], [121.9069, -5.32597], [121.88815, -5.31737], [121.87942, -5.31512], [121.86588, -5.30486], [121.86402, -5.30187], [121.86256, -5.29144], [121.85666, -5.279], [121.83105, -5.27993], [121.82126, -5.28318], [121.81307, -5.28487], [121.81018, -5.2865], [121.80684, -5.28624], [121.80137, -5.28348], [121.79907, -5.28093], [121.80218, -5.27978], [121.80556, -5.26863], [121.80977, -5.2654], [121.82306, -5.24034], [121.82118, -5.2384], [121.82056, -5.23621], [121.82554, -5.22755], [121.83188, -5.23301], [121.84315, -5.23926], [121.86134, -5.24125], [121.86656, -5.2436], [121.876, -5.25106], [121.88027, -5.25311], [121.89162, -5.24289], [121.90854, -5.23709], [121.91915, -5.23456], [121.93158, -5.23514], [121.93263, -5.24427], [121.93154, -5.25767], [121.92967, -5.26102], [121.92521, -5.26511], [121.92, -5.26752], [121.91816, -5.27103], [121.91795, -5.27571], [121.92058, -5.28126], [121.92747, -5.28876], [121.95333, -5.3038], [121.95542, -5.30837], [121.9556, -5.31358], [121.95442, -5.33551]]]}}, {"type": "Feature", "properties": {"domain_id": "747103", "name": "BARUGA"}, "geometry": {"type": "Polygon", "coordinates": [[[122.52116, -4.04124], [122.5239, -4.04317], [122.52366, -4.04519], [122.52461, -4.04912], [122.52948, -4.05434], [122.53205, -4.0651], [122.53465, -4.08428], [122.52907, -4.08427], [122.52692, -4.08759], [122.52588, -4.08789], [122.52551, -4.09003], [122.52393, -4.09021], [122.52271, -4.09167], [122.52051, -4.08899], [122.51929, -4.08899], [122.51532, -4.08679], [122.51392, -4.08759], [122.5105, -4.08771], [122.50891, -4.08722], [122.50708, -4.08551], [122.5069, -4.08221], [122.51251, -4.0722], [122.51399, -4.06811], [122.5003, -4.07122], [122.49951, -4.06989], [122.49548, -4.06769], [122.4931, -4.06812], [122.49114, -4.06774], [122.49067, -4.06692], [122.49204, -4.0649], [122.49212, -4.0589], [122.48969, -4.05499], [122.48673, -4.05096], [122.48435, -4.05317], [122.48156, -4.05462], [122.46741, -4.02822], [122.46453, -4.02531], [122.4627, -4.0249], [122.46297, -4.0241], [122.46234, -4.02327], [122.4597, -4.02153], [122.45869, -4.02007], [122.45838, -4.01759], [122.45759, -4.01701], [122.46085, -4.01544], [122.46311, -4.01523], [122.4651, -4.0141], [122.4656, -4.01294], [122.46728, -4.01177], [122.47211, -4.01121], [122.47366, -4.01286], [122.47642, -4.01972], [122.47896, -4.02088], [122.48306, -4.02014], [122.48929, -4.01717], [122.48394, -4.01271], [122.49276, -4.01383], [122.49563, -4.01246], [122.49701, -4.01411], [122.51212, -4.00996], [122.51278, -4.01108], [122.51203, -4.01241], [122.5132, -4.01289], [122.5118, -4.01441], [122.51258, -4.01496], [122.5134, -4.01454], [122.5137, -4.0151], [122.51306, -4.01553], [122.51255, -4.01925], [122.51306, -4.02101], [122.51245, -4.02338], [122.51478, -4.02721], [122.51473, -4.03387], [122.51801, -4.0385], [122.52116, -4.04124]]]}}, {"type": "Feature", "properties": {"domain_id": "740510", "name": "MORAMO"}, "geometry": {"type": "MultiPolygon", "coordinates": [[[[122.69662, -4.2429], [122.6927, -4.24877], [122.68961, -4.2521], [122.67327, -4.25565], [122.66913, -4.25463], [122.65929, -4.25791], [122.65675, -4.25711], [122.65626, -4.25531], [122.65547, -4.25483], [122.65145, -4.25489], [122.6488, -4.2539], [122.64542, -4.25495], [122.63964, -4.25531], [122.60653, -4.24964], [122.60671, -4.2483], [122.60399, -4.24163], [122.60156, -4.24114], [122.59946, -4.24265], [122.59404, -4.24382], [122.59272, -4.24608], [122.58969, -4.24727], [122.58762, -4.24954], [122.58589, -4.24938], [122.58497, -4.24787], [122.5834, -4.24767], [122.57279, -4.24766], [122.56376, -4.25245], [122.56058, -4.25298], [122.55662, -4.2519], [122.55689, -4.25082], [122.55524, -4.25141], [122.55308, -4.24879], [122.55289, -4.24742], [122.55077, -4.24576], [122.55082, -4.24708], [122.55006, -4.2472], [122.54769, -4.24603], [122.54686, -4.24467], [122.54601, -4.24474], [122.54572, -4.24575], [122.54348, -4.24498], [122.54246, -4.24522], [122.54125, -4.24436], [122.53978, -4.24502], [122.53638, -4.24286], [122.53744, -4.24173], [122.53753, -4.239], [122.53871, -4.23883], [122.54096, -4.2306], [122.53871, -4.20105], [122.58426, -4.17616], [122.60118, -4.1632], [122.60728, -4.15733], [122.60871, -4.15716], [122.61197, -4.1532], [122.61611, -4.15054], [122.61546, -4.145], [122.61718, -4.14138], [122.62041, -4.12673], [122.62308, -4.12235], [122.6267, -4.11816], [122.6345, -4.11549], [122.63745, -4.10358], [122.66335, -4.10157], [122.66393, -4.10243], [122.6634, -4.10312], [122.66381, -4.10433], [122.66253, -4.1049], [122.66437, -4.10707], [122.66418, -4.1109], [122.66531, -4.1112], [122.66383, -4.11274], [122.66471, -4.11251], [122.66435, -4.1138], [122.66493, -4.11336], [122.66617, -4.11428], [122.66616, -4.11285], [122.6667, -4.11255], [122.66774, -4.11407], [122.66731, -4.11514], [122.66579, -4.11573], [122.66558, -4.11676], [122.6624, -4.11756], [122.66331, -4.11826], [122.66287, -4.12023], [122.66341, -4.12021], [122.66403, -4.12147], [122.66327, -4.12525], [122.66429, -4.12641], [122.66845, -4.12695], [122.66913, -4.12775], [122.67068, -4.12797], [122.66886, -4.12986], [122.6649, -4.13062], [122.66325, -4.13326], [122.66466, -4.13403], [122.66619, -4.137], [122.66554, -4.13931], [122.66801, -4.14052], [122.66869, -4.14524], [122.66989, -4.14492], [122.67, -4.14547], [122.6724, -4.14646], [122.67327, -4.14753], [122.67327, -4.14954], [122.67431, -4.15041], [122.67587, -4.15049], [122.67547, -4.15207], [122.67653, -4.15274], [122.67717, -4.15567], [122.6766, -4.15767], [122.67904, -4.15898], [122.68213, -4.15939], [122.68511, -4.15847], [122.68984, -4.15825], [122.69108, -4.15875], [122.69261, -4.15716], [122.69606, -4.15661], [122.69868, -4.1592], [122.7017, -4.15894], [122.70188, -4.16034], [122.70462, -4.16099], [122.70533, -4.1622], [122.70717, -4.16324], [122.70775, -4.16461], [122.71029, -4.16523], [122.71335, -4.16365], [122.71417, -4.16172], [122.71304, -4.16063], [122.71387, -4.15959], [122.71306, -4.15795], [122.71247, -4.15728], [122.70895, -4.15642], [122.70903, -4.15551], [122.70688, -4.15135], [122.70691, -4.14989], [122.70844, -4.14891], [122.70812, -4.14674], [122.70427, -4.14257], [122.7032, -4.14333], [122.70216, -4.14324], [122.70323, -4.14186], [122.70288, -4.14125], [122.70092, -4.14122], [122.69796, -4.13808], [122.69637, -4.13854], [122.69567, -4.13727], [122.6966, -4.13658], [122.69647, -4.1353], [122.70042, -4.13476], [122.70217, -4.13392], [122.70639, -4.13668], [122.71242, -4.13769], [122.71326, -4.13544], [122.71466, -4.13444], [122.71479, -4.13122], [122.71881, -4.13172], [122.7198, -4.13276], [122.71962, -4.13602], [122.72097, -4.14037], [122.72489, -4.14188], [122.72837, -4.13727], [122.73129, -4.1382], [122.73191, -4.14126], [122.73005, -4.14281], [122.73036, -4.14346], [122.72834, -4.14564], [122.72856, -4.1465], [122.73003, -4.14738], [122.73063, -4.14668], [122.735, -4.14704], [122.73733, -4.13943], [122.73804, -4.14496], [122.7377, -4.147], [122.74109, -4.15197], [122.74138, -4.15367], [122.73995, -4.15955], [122.73863, -4.16108], [122.73589, -4.16181], [122.73457, -4.16588], [122.73537, -4.1677], [122.73669, -4.17586], [122.73905, -4.17884], [122.74386, -4.17975], [122.7468, -4.17648], [122.75175, -4.19568], [122.75255, -4.19551], [122.75996, -4.19855], [122.76102, -4.19971], [122.76155, -4.20253], [122.75679, -4.2092], [122.76623, -4.23434], [122.72082, -4.24948], [122.71321, -4.24751], [122.69812, -4.24213], [122.69662, -4.2429]]], [[[122.72747, -4.12564], [122.73001, -4.12553], [122.72879, -4.12806], [122.7269, -4.12768], [122.72614, -4.12863], [122.72547, -4.12754], [122.7241, -4.12736], [122.72233, -4.13048], [122.72193, -4.12676], [122.7238, -4.12655], [122.72427, -4.12383], [122.72551, -4.12362], [122.72635, -4.12521], [122.72747, -4.12564]]]]}}, {"type": "Feature", "properties": {"domain_id": "740612", "name": "POLEANG TENGGARA"}, "geometry": {"type": "MultiPolygon", "coordinates": [[[[121.90388, -4.88221], [121.89441, -4.88006], [121.89345, -4.8792], [121.8917, -4.87917], [121.88998, -4.8777], [121.88764, -4.87779], [121.87931, -4.87444], [121.87468, -4.8733], [121.87373, -4.87184], [121.87032, -4.87156], [121.86899, -4.86896], [121.86505, -4.86754], [121.86333, -4.86807], [121.86112, -4.86678], [121.86051, -4.86698], [121.85085, -4.85977], [121.84572, -4.85779], [121.84284, -4.85518], [121.84436, -4.85322], [121.84463, -4.85085], [121.84549, -4.84941], [121.84572, -4.84549], [121.85109, -4.84031], [121.85375, -4.83461], [121.85741, -4.83092], [121.85825, -4.82744], [121.85808, -4.82441], [121.86213, -4.81538], [121.86309, -4.81455], [121.86774, -4.81313], [121.87125, -4.80988], [121.87243, -4.80764], [121.87284, -4.80535], [121.86935, -4.80072], [121.86965, -4.79773], [121.87386, -4.79658], [121.87641, -4.79774], [121.88052, -4.79629], [121.88413, -4.79637], [121.88637, -4.79543], [121.88829, -4.79342], [121.89058, -4.79278], [121.89184, -4.79092], [121.89425, -4.7894], [121.89469, -4.78811], [121.89857, -4.78621], [121.89975, -4.78485], [121.90254, -4.78427], [121.90716, -4.78116], [121.90981, -4.77835], [121.91046, -4.77717], [121.91048, -4.77482], [121.91292, -4.76897], [121.91337, -4.77096], [121.91667, -4.7728], [121.91751, -4.77394], [121.91937, -4.77455], [121.92684, -4.77512], [121.92779, -4.77435], [121.92934, -4.77434], [121.93111, -4.77507], [121.93155, -4.77586], [121.93274, -4.77542], [121.93508, -4.77578], [121.93723, -4.77773], [121.94317, -4.77965], [121.94357, -4.7809], [121.94553, -4.78215], [121.94825, -4.7816], [121.94929, -4.78256], [121.95269, -4.78314], [121.95397, -4.78218], [121.95499, -4.7831], [121.95757, -4.78207], [121.9601, -4.78341], [121.96138, -4.78264], [121.964, -4.78418], [121.96679, -4.78301], [121.96937, -4.78719], [121.97067, -4.78735], [121.97466, -4.79033], [121.97588, -4.79009], [121.97683, -4.79115], [121.97786, -4.7909], [121.9796, -4.79225], [121.98115, -4.79235], [121.9818, -4.79343], [121.98399, -4.79367], [121.98534, -4.79292], [121.98616, -4.79374], [121.98795, -4.79398], [121.99006, -4.79309], [121.99056, -4.7939], [121.98951, -4.79447], [121.98922, -4.79617], [121.98276, -4.79855], [121.98305, -4.8007], [121.98205, -4.80236], [121.98258, -4.8057], [121.98223, -4.80849], [121.98406, -4.81282], [121.98404, -4.81672], [121.98479, -4.81981], [121.98406, -4.82809], [121.9813, -4.82978], [121.97908, -4.83018], [121.97673, -4.83212], [121.97025, -4.83425], [121.9683, -4.83621], [121.96674, -4.83658], [121.96524, -4.83797], [121.95731, -4.83936], [121.95652, -4.84678], [121.95072, -4.86039], [121.94976, -4.86783], [121.94856, -4.86699], [121.94529, -4.86745], [121.94144, -4.875], [121.94234, -4.8759], [121.94201, -4.87695], [121.93892, -4.87902], [121.93753, -4.88234], [121.93689, -4.88284], [121.92934, -4.88159], [121.92519, -4.88293], [121.9214, -4.88143], [121.91697, -4.88089], [121.91182, -4.88102], [121.90595, -4.88254], [121.90388, -4.88221]]], [[[121.94782, -4.91181], [121.94684, -4.91152], [121.94624, -4.91027], [121.94666, -4.90831], [121.94902, -4.90975], [121.94782, -4.91181]]]]}}, {"type": "Feature", "properties": {"domain_id": "740809", "name": "WATUNOHU"}, "geometry": {"type": "Polygon", "coordinates": [[[120.99871, -3.29558], [120.99678, -3.30282], [120.99445, -3.30422], [120.99086, -3.30373], [120.99013, -3.30589], [120.98927, -3.30595], [120.98866, -3.30457], [120.98771, -3.30491], [120.98737, -3.30553], [120.98923, -3.30825], [120.98968, -3.31028], [120.98755, -3.31139], [120.98519, -3.31412], [120.98373, -3.31858], [120.98186, -3.31625], [120.9801, -3.31246], [120.97794, -3.31084], [120.97636, -3.31117], [120.96889, -3.31546], [120.96721, -3.31497], [120.96236, -3.3117], [120.95882, -3.31383], [120.95808, -3.31352], [120.95801, -3.31301], [120.9587, -3.31321], [120.95791, -3.30703], [120.95884, -3.30349], [120.95736, -3.30132], [120.95877, -3.30184], [120.95893, -3.30167], [120.95723, -3.30076], [120.95733, -3.29922], [120.95624, -3.29855], [120.95625, -3.29726], [120.95555, -3.29671], [120.95688, -3.29456], [120.95666, -3.29196], [120.9601, -3.29102], [120.95976, -3.29023], [120.96047, -3.28754], [120.9647, -3.28432], [120.96475, -3.28267], [120.9657, -3.2808], [120.96724, -3.28026], [120.96775, -3.27829], [120.9692, -3.27639], [120.96973, -3.27259], [120.97092, -3.26989], [120.97075, -3.26761], [120.97246, -3.26418], [120.97434, -3.26305], [120.97679, -3.26019], [120.97786, -3.26016], [120.97888, -3.25907], [120.98206, -3.25965], [120.98329, -3.25777], [120.98951, -3.25658], [120.99859, -3.25255], [121.00082, -3.25363], [121.00192, -3.25104], [121.00728, -3.24776], [121.01248, -3.24744], [121.01169, -3.24905], [121.00913, -3.25009], [121.01468, -3.25241], [121.01473, -3.25389], [121.01391, -3.25575], [121.01305, -3.25618], [121.01347, -3.25936], [121.013, -3.25978], [121.01518, -3.26234], [121.01856, -3.26853], [121.02237, -3.2718], [121.02438, -3.2784], [121.02314, -3.27924], [121.02387, -3.28049], [121.0235, -3.28135], [121.0253, -3.28295], [121.02929, -3.28429], [121.03229, -3.28336], [121.0342, -3.28346], [121.03383, -3.29123], [121.03218, -3.29255], [121.02742, -3.291], [121.02487, -3.29134], [121.01827, -3.28789], [121.01737, -3.28844], [121.0161, -3.28741], [121.01394, -3.28812], [121.01222, -3.28668], [121.01146, -3.28729], [121.00909, -3.28543], [121.0079, -3.28524], [121.00098, -3.29329], [120.99925, -3.2941], [120.99871, -3.29558]]]}}, {"type": "Feature", "properties": {"domain_id": "741306", "name": "MAGINTI"}, "geometry": {"type": "MultiPolygon", "coordinates": [[[[122.37611, -4.8717], [122.37653, -4.87262], [122.37545, -4.87516], [122.37609, -4.87627], [122.37576, -4.87757], [122.37513, -4.87867], [122.37381, -4.87846], [122.3746, -4.87945], [122.374, -4.88075], [122.37462, -4.88155], [122.37319, -4.88194], [122.3729, -4.88275], [122.37179, -4.88237], [122.37119, -4.88332], [122.36984, -4.88327], [122.3686, -4.88486], [122.36745, -4.88494], [122.3665, -4.88408], [122.3635, -4.88583], [122.36172, -4.88795], [122.36212, -4.88943], [122.3612, -4.8902], [122.36203, -4.89123], [122.36056, -4.89179], [122.35935, -4.89439], [122.3579, -4.89418], [122.35877, -4.89678], [122.35728, -4.89623], [122.3566, -4.89481], [122.35543, -4.89606], [122.35504, -4.89759], [122.35404, -4.89771], [122.35346, -4.89583], [122.35206, -4.89527], [122.35204, -4.89697], [122.35077, -4.89721], [122.35001, -4.8989], [122.34779, -4.89837], [122.34792, -4.89989], [122.34709, -4.90061], [122.3456, -4.90099], [122.34432, -4.89946], [122.34296, -4.89932], [122.34288, -4.89827], [122.34105, -4.89704], [122.33961, -4.89493], [122.33885, -4.89174], [122.33779, -4.89053], [122.33874, -4.88881], [122.3378, -4.88871], [122.33856, -4.88828], [122.33773, -4.88274], [122.34002, -4.88032], [122.33865, -4.87986], [122.33801, -4.87879], [122.3376, -4.87712], [122.33804, -4.87588], [122.33703, -4.87556], [122.3362, -4.87236], [122.33176, -4.86305], [122.32843, -4.86104], [122.32744, -4.85813], [122.32645, -4.85794], [122.32495, -4.85561], [122.32507, -4.85164], [122.31808, -4.83616], [122.31835, -4.83121], [122.31931, -4.83031], [122.32019, -4.8271], [122.32096, -4.82689], [122.32132, -4.82495], [122.32328, -4.82483], [122.3241, -4.82403], [122.32499, -4.82498], [122.32513, -4.82642], [122.32388, -4.83022], [122.3244, -4.83139], [122.32684, -4.83129], [122.32797, -4.82846], [122.32987, -4.82802], [122.33197, -4.82941], [122.33212, -4.83113], [122.33467, -4.83406], [122.33698, -4.83401], [122.33881, -4.83487], [122.34046, -4.83731], [122.34295, -4.83637], [122.34382, -4.83828], [122.34369, -4.83948], [122.34499, -4.84059], [122.34658, -4.83994], [122.34703, -4.84126], [122.34918, -4.84201], [122.35007, -4.8399], [122.35344, -4.84035], [122.35554, -4.8396], [122.35687, -4.84], [122.357, -4.84078], [122.35825, -4.84065], [122.35895, -4.84231], [122.36122, -4.84093], [122.36281, -4.84222], [122.36456, -4.84226], [122.36503, -4.84374], [122.3696, -4.84485], [122.37111, -4.84703], [122.37207, -4.84645], [122.37278, -4.84688], [122.37295, -4.84585], [122.37378, -4.84653], [122.37482, -4.84637], [122.37636, -4.84502], [122.38212, -4.84763], [122.38249, -4.85046], [122.38492, -4.85248], [122.38222, -4.85571], [122.37772, -4.85829], [122.37545, -4.85871], [122.37612, -4.86158], [122.37551, -4.86201], [122.375, -4.86445], [122.37568, -4.86664], [122.37514, -4.86863], [122.37611, -4.8717]]], [[[122.33517, -4.91297], [122.33885, -4.91376], [122.34218, -4.91749], [122.34257, -4.92129], [122.34146, -4.92639], [122.3384, -4.93059], [122.33509, -4.93277], [122.33185, -4.93349], [122.32693, -4.93223], [122.32567, -4.93086], [122.32496, -4.92798], [122.3267, -4.92206], [122.32727, -4.92185], [122.32711, -4.92079], [122.33068, -4.91441], [122.33308, -4.91293], [122.33517, -4.91297]]], [[[122.26324, -4.87467], [122.26171, -4.87136], [122.26195, -4.86972], [122.26294, -4.86841], [122.26986, -4.86661], [122.27027, -4.86853], [122.27229, -4.86975], [122.27213, -4.87088], [122.26586, -4.87469], [122.26324, -4.87467]]], [[[122.19706, -4.83428], [122.19744, -4.83491], [122.19687, -4.83659], [122.19341, -4.83878], [122.19173, -4.83872], [122.18875, -4.8372], [122.18667, -4.83813], [122.18513, -4.83759], [122.18501, -4.83534], [122.1869, -4.83659], [122.19176, -4.83551], [122.19483, -4.83407], [122.19706, -4.83428]]], [[[122.17337, -4.97349], [122.17276, -4.97244], [122.17287, -4.97054], [122.17378, -4.96947], [122.17518, -4.96949], [122.17582, -4.97075], [122.17494, -4.97294], [122.17423, -4.97368], [122.17337, -4.97349]]], [[[122.16026, -4.9579], [122.1604, -4.95633], [122.16133, -4.95583], [122.16269, -4.95576], [122.16326, -4.95655], [122.16347, -4.95833], [122.1629, -4.95912], [122.16176, -4.95926], [122.16026, -4.9579]]], [[[122.29358, -4.88906], [122.29297, -4.88757], [122.29476, -4.88653], [122.29714, -4.88834], [122.29522, -4.88949], [122.29358, -4.88906]]], [[[122.25005, -4.87093], [122.24746, -4.87245], [122.24704, -4.87195], [122.24847, -4.87029], [122.25096, -4.87008], [122.25005, -4.87093]]], [[[122.26238, -4.76974], [122.2646, -4.76797], [122.26601, -4.76811], [122.26465, -4.76965], [122.26238, -4.76974]]]]}}, {"type": "Feature", "properties": {"domain_id": "740326", "name": "BONE"}, "geometry": {"type": "Polygon", "coordinates": [[[122.48348, -5.14552], [122.48545, -5.14822], [122.48544, -5.15455], [122.48359, -5.15978], [122.48055, -5.16385], [122.47807, -5.17035], [122.47811, -5.17731], [122.47884, -5.17907], [122.4462, -5.23255], [122.40732, -5.20981], [122.4076, -5.19161], [122.37568, -5.19287], [122.377, -5.19095], [122.37712, -5.18819], [122.37562, -5.18554], [122.37241, -5.18283], [122.36977, -5.18233], [122.36913, -5.18583], [122.36834, -5.18654], [122.36734, -5.18626], [122.36627, -5.18462], [122.36777, -5.18019], [122.36734, -5.17933], [122.3642, -5.17812], [122.36199, -5.17841], [122.3597, -5.17669], [122.35899, -5.17534], [122.35928, -5.17441], [122.36342, -5.17334], [122.37652, -5.15621], [122.37993, -5.14615], [122.38004, -5.14155], [122.38451, -5.13336], [122.38453, -5.12791], [122.38574, -5.12665], [122.39987, -5.12519], [122.41258, -5.1228], [122.40846, -5.11492], [122.41408, -5.11333], [122.42058, -5.11055], [122.4227, -5.12178], [122.44996, -5.12065], [122.45216, -5.12134], [122.46369, -5.12189], [122.4742, -5.1206], [122.47844, -5.11864], [122.47955, -5.11991], [122.48127, -5.12058], [122.48802, -5.12098], [122.49175, -5.12498], [122.49075, -5.12885], [122.49092, -5.13054], [122.48914, -5.13358], [122.48704, -5.13416], [122.48455, -5.13584], [122.48475, -5.14035], [122.48426, -5.14157], [122.48511, -5.14297], [122.48356, -5.14321], [122.48348, -5.14552]]]}}, {"type": "Feature", "properties": {"domain_id": "741006", "name": "WAKORUMBA UTARA"}, "geometry": {"type": "Polygon", "coordinates": [[[122.95687, -4.57979], [122.95576, -4.58327], [122.95511, -4.58884], [122.95062, -4.59513], [122.94628, -4.59684], [122.93588, -4.59775], [122.93173, -4.59899], [122.92798, -4.61021], [122.92163, -4.6102], [122.91622, -4.61152], [122.91233, -4.61171], [122.91077, -4.61124], [122.90887, -4.60955], [122.90628, -4.60899], [122.90051, -4.60964], [122.89691, -4.61086], [122.89354, -4.61093], [122.89218, -4.61043], [122.89046, -4.6082], [122.89011, -4.60533], [122.88775, -4.60511], [122.88195, -4.6082], [122.87723, -4.61592], [122.87105, -4.61738], [122.86679, -4.62087], [122.86213, -4.6215], [122.86018, -4.62036], [122.85892, -4.616], [122.85865, -4.60782], [122.85803, -4.60622], [122.85223, -4.6054], [122.84942, -4.60602], [122.8492, -4.60509], [122.84786, -4.60451], [122.84885, -4.59466], [122.84815, -4.59438], [122.8486, -4.59342], [122.8478, -4.59082], [122.85027, -4.58369], [122.85107, -4.58334], [122.8504, -4.58198], [122.85141, -4.58061], [122.85327, -4.57386], [122.85392, -4.57353], [122.85386, -4.57172], [122.85501, -4.57145], [122.8587, -4.56615], [122.86201, -4.5579], [122.86361, -4.55493], [122.8656, -4.55316], [122.86703, -4.54695], [122.86783, -4.5458], [122.86727, -4.54162], [122.86751, -4.53884], [122.86836, -4.53811], [122.86775, -4.53748], [122.86846, -4.53687], [122.86764, -4.53542], [122.86852, -4.53291], [122.86784, -4.53195], [122.86836, -4.53033], [122.86652, -4.52575], [122.86822, -4.52541], [122.87079, -4.52298], [122.87256, -4.52266], [122.88036, -4.51643], [122.88071, -4.51315], [122.88173, -4.5125], [122.88036, -4.51128], [122.88095, -4.5104], [122.87907, -4.50498], [122.88105, -4.50275], [122.88312, -4.50211], [122.88789, -4.4987], [122.88943, -4.49611], [122.88991, -4.49045], [122.89105, -4.48772], [122.8919, -4.4876], [122.89235, -4.48832], [122.8933, -4.48804], [122.8944, -4.48547], [122.89852, -4.48212], [122.8994, -4.47973], [122.90015, -4.47956], [122.89986, -4.4782], [122.9007, -4.47623], [122.9012, -4.47629], [122.90271, -4.47415], [122.90384, -4.47392], [122.90417, -4.47245], [122.90315, -4.47099], [122.90479, -4.47184], [122.90611, -4.47117], [122.90522, -4.46476], [122.90766, -4.46051], [122.91109, -4.45855], [122.91129, -4.45787], [122.91382, -4.45783], [122.91589, -4.45602], [122.92285, -4.4538], [122.924, -4.45274], [122.92467, -4.44977], [122.92719, -4.44797], [122.92832, -4.44801], [122.931, -4.44655], [122.93252, -4.44459], [122.93579, -4.44428], [122.9389, -4.44075], [122.94584, -4.436], [122.94614, -4.4351], [122.94495, -4.43184], [122.94719, -4.42784], [122.94804, -4.4277], [122.94807, -4.4267], [122.95021, -4.42493], [122.95383, -4.42357], [122.95518, -4.422], [122.95954, -4.42068], [122.96721, -4.41497], [122.97685, -4.41238], [122.97882, -4.40947], [122.98171, -4.40817], [122.98354, -4.40518], [122.987, -4.40264], [122.98867, -4.40032], [122.98931, -4.39696], [122.99347, -4.39431], [122.99187, -4.40045], [122.98925, -4.40642], [122.98959, -4.40748], [122.99505, -4.41347], [122.99727, -4.4151], [122.99565, -4.42021], [122.99597, -4.42278], [122.99733, -4.42555], [122.99774, -4.42963], [122.99662, -4.43519], [122.9973, -4.44317], [122.99944, -4.45508], [122.99954, -4.46127], [122.9986, -4.47209], [122.9995, -4.4785], [122.99753, -4.48106], [122.99689, -4.48389], [122.99038, -4.4953], [122.98972, -4.49731], [122.98948, -4.50325], [122.98817, -4.50534], [122.98226, -4.50803], [122.97301, -4.5096], [122.97166, -4.51053], [122.96718, -4.53346], [122.96454, -4.54141], [122.95775, -4.55536], [122.95565, -4.56477], [122.95562, -4.56962], [122.95687, -4.57979]]]}}, {"type": "Feature", "properties": {"domain_id": "740621", "name": "LANTARI JAYA"}, "geometry": {"type": "Polygon", "coordinates": [[[121.99341, -4.63577], [121.99273, -4.63493], [121.98989, -4.63429], [121.98952, -4.63358], [121.98761, -4.63398], [121.98604, -4.63204], [121.98074, -4.63226], [121.97725, -4.62822], [121.97609, -4.628], [121.97421, -4.62879], [121.9727, -4.62737], [121.96855, -4.62571], [121.966, -4.62604], [121.96314, -4.62521], [121.95956, -4.62673], [121.95772, -4.62669], [121.95473, -4.62454], [121.94873, -4.62431], [121.94402, -4.62276], [121.94421, -4.614], [121.9434, -4.61269], [121.94366, -4.61158], [121.94431, -4.6124], [121.94533, -4.61239], [121.94518, -4.61041], [121.94591, -4.60995], [121.94664, -4.6108], [121.94743, -4.61071], [121.94837, -4.60866], [121.95065, -4.6076], [121.95126, -4.60604], [121.95073, -4.60495], [121.95206, -4.6038], [121.95105, -4.60309], [121.95213, -4.60167], [121.95132, -4.60151], [121.95112, -4.59995], [121.95003, -4.59886], [121.94841, -4.59855], [121.94827, -4.5961], [121.94716, -4.59669], [121.94716, -4.59806], [121.94535, -4.59863], [121.94457, -4.59789], [121.94569, -4.59691], [121.94302, -4.59664], [121.94259, -4.59784], [121.94306, -4.59859], [121.9419, -4.59876], [121.94207, -4.59768], [121.94066, -4.59704], [121.94134, -4.59625], [121.93863, -4.59628], [121.93791, -4.59428], [121.93712, -4.59411], [121.93674, -4.59309], [121.93245, -4.59342], [121.93061, -4.59172], [121.93293, -4.591], [121.93251, -4.58931], [121.93349, -4.58843], [121.93299, -4.58811], [121.93174, -4.58884], [121.93098, -4.58827], [121.93215, -4.58704], [121.93052, -4.58724], [121.93108, -4.58562], [121.93033, -4.58552], [121.92962, -4.58366], [121.92843, -4.58396], [121.92778, -4.58243], [121.92664, -4.58402], [121.9254, -4.58447], [121.92477, -4.58612], [121.92353, -4.58615], [121.92149, -4.58469], [121.92178, -4.58537], [121.92121, -4.58595], [121.91964, -4.58651], [121.91961, -4.58545], [121.91822, -4.58497], [121.91828, -4.58739], [121.91698, -4.58737], [121.91673, -4.58857], [121.91495, -4.58999], [121.91354, -4.58964], [121.91291, -4.58792], [121.91223, -4.58879], [121.91262, -4.59018], [121.91192, -4.59077], [121.9109, -4.59086], [121.90963, -4.58992], [121.90836, -4.59126], [121.90558, -4.59206], [121.90584, -4.59067], [121.90399, -4.59043], [121.90477, -4.58725], [121.90423, -4.58457], [121.90193, -4.58528], [121.90115, -4.58482], [121.90181, -4.58412], [121.90089, -4.58379], [121.90042, -4.58163], [121.90154, -4.58187], [121.90152, -4.58091], [121.89925, -4.57993], [121.89696, -4.58033], [121.89531, -4.57967], [121.89515, -4.57826], [121.89381, -4.57901], [121.89328, -4.57817], [121.89408, -4.57707], [121.89119, -4.57693], [121.89021, -4.57591], [121.8896, -4.5734], [121.88692, -4.57271], [121.88569, -4.57308], [121.88426, -4.57159], [121.8831, -4.56946], [121.88345, -4.56861], [121.88288, -4.56721], [121.88182, -4.56678], [121.88221, -4.56581], [121.881, -4.56353], [121.87913, -4.56427], [121.8781, -4.56402], [121.87836, -4.56229], [121.88043, -4.5623], [121.87999, -4.56132], [121.88085, -4.56069], [121.88134, -4.55825], [121.8797, -4.55874], [121.87958, -4.5573], [121.87843, -4.55827], [121.87634, -4.55674], [121.87518, -4.5574], [121.87517, -4.55829], [121.87368, -4.55874], [121.8724, -4.55742], [121.87259, -4.55616], [121.87037, -4.55563], [121.86863, -4.55438], [121.86701, -4.55527], [121.86659, -4.55364], [121.86506, -4.55403], [121.86516, -4.55308], [121.86428, -4.55285], [121.86388, -4.55188], [121.86086, -4.55117], [121.85971, -4.55025], [121.8588, -4.54828], [121.85684, -4.54806], [121.85456, -4.54874], [121.85266, -4.54738], [121.85161, -4.54849], [121.84938, -4.54812], [121.84789, -4.54664], [121.84452, -4.54502], [121.84358, -4.54358], [121.84121, -4.54414], [121.84194, -4.5425], [121.84055, -4.54194], [121.83952, -4.53984], [121.83808, -4.5401], [121.83741, -4.53804], [121.8387, -4.53662], [121.8383, -4.53564], [121.83996, -4.53552], [121.84146, -4.53413], [121.84351, -4.53401], [121.84711, -4.52976], [121.84698, -4.52676], [121.84902, -4.5249], [121.84966, -4.52201], [121.85104, -4.5217], [121.85246, -4.5199], [121.85484, -4.51927], [121.85596, -4.51913], [121.85799, -4.5203], [121.85794, -4.51867], [121.859, -4.51815], [121.85952, -4.51646], [121.86185, -4.51622], [121.86371, -4.51518], [121.86324, -4.51326], [121.86408, -4.51229], [121.86723, -4.51154], [121.86965, -4.51273], [121.87089, -4.51162], [121.87224, -4.51219], [121.87598, -4.51215], [121.87678, -4.51185], [121.8773, -4.51045], [121.87928, -4.51127], [121.8817, -4.51021], [121.88204, -4.51072], [121.88149, -4.51157], [121.8824, -4.51247], [121.88428, -4.51234], [121.88494, -4.51171], [121.88599, -4.51216], [121.8868, -4.5115], [121.88778, -4.51188], [121.88938, -4.51021], [121.89027, -4.51114], [121.89286, -4.51048], [121.89291, -4.50876], [121.89456, -4.50955], [121.89514, -4.5088], [121.89569, -4.50916], [121.89631, -4.50796], [121.89776, -4.50843], [121.89756, -4.50965], [121.89924, -4.51047], [121.89892, -4.51113], [121.89954, -4.51141], [121.89961, -4.51268], [121.90437, -4.51104], [121.90394, -4.50909], [121.90478, -4.50991], [121.90547, -4.50911], [121.90653, -4.50996], [121.90835, -4.50986], [121.90973, -4.51191], [121.91051, -4.51089], [121.91078, -4.51174], [121.91245, -4.51036], [121.91487, -4.51022], [121.91786, -4.51203], [121.91916, -4.51097], [121.92072, -4.51086], [121.92057, -4.51037], [121.92223, -4.51104], [121.92633, -4.50885], [121.92748, -4.50888], [121.92758, -4.50786], [121.92947, -4.50656], [121.93202, -4.50325], [121.93283, -4.5005], [121.93245, -4.4996], [121.93121, -4.49982], [121.93039, -4.49806], [121.93002, -4.49673], [121.93099, -4.49563], [121.92958, -4.49327], [121.92929, -4.49093], [121.9314, -4.48889], [121.93219, -4.48669], [121.9336, -4.48649], [121.93691, -4.48275], [121.93747, -4.4807], [121.93709, -4.47476], [121.93967, -4.47135], [121.94134, -4.46692], [121.94339, -4.46414], [121.94463, -4.46033], [121.94434, -4.4573], [121.94638, -4.45452], [121.94678, -4.45147], [121.95113, -4.44801], [121.95309, -4.44302], [121.95488, -4.44146], [121.95669, -4.43589], [121.96126, -4.43225], [121.96252, -4.42985], [121.96391, -4.42998], [121.96485, -4.42928], [121.96682, -4.42558], [121.96882, -4.42502], [121.97021, -4.42251], [121.96984, -4.42135], [121.97068, -4.42078], [121.97092, -4.41895], [121.98694, -4.42625], [121.99718, -4.42898], [122.00174, -4.43095], [122.01169, -4.44174], [122.0184, -4.44567], [122.01949, -4.4473], [122.02867, -4.45521], [122.04083, -4.46438], [122.04203, -4.466], [122.04714, -4.46882], [122.0476, -4.47156], [122.05097, -4.4734], [122.05169, -4.47624], [122.05172, -4.47931], [122.04906, -4.48062], [122.04816, -4.48171], [122.04823, -4.48339], [122.0526, -4.48776], [122.05588, -4.48881], [122.05818, -4.48853], [122.05943, -4.48963], [122.06045, -4.49187], [122.06267, -4.49237], [122.06313, -4.49173], [122.06561, -4.49132], [122.06926, -4.49324], [122.07203, -4.49298], [122.07593, -4.49473], [122.07831, -4.49365], [122.07935, -4.49548], [122.07876, -4.49598], [122.07994, -4.49605], [122.08003, -4.49783], [122.08103, -4.49782], [122.08124, -4.4969], [122.08329, -4.4977], [122.08347, -4.49578], [122.08229, -4.49466], [122.0837, -4.49385], [122.08486, -4.49501], [122.08618, -4.49461], [122.08865, -4.49648], [122.09, -4.49564], [122.09025, -4.4976], [122.09209, -4.49522], [122.09325, -4.49511], [122.0953, -4.4965], [122.09408, -4.4998], [122.09644, -4.50323], [122.1002, -4.50594], [122.10148, -4.50182], [122.10318, -4.50085], [122.10488, -4.50085], [122.10545, -4.50254], [122.10353, -4.5048], [122.10334, -4.50631], [122.10432, -4.50723], [122.10691, -4.50715], [122.10775, -4.50809], [122.10606, -4.51556], [122.10811, -4.52051], [122.10813, -4.52222], [122.10503, -4.52693], [122.10429, -4.5306], [122.10355, -4.53104], [122.10752, -4.53579], [122.10769, -4.53834], [122.10569, -4.54119], [122.1017, -4.54261], [122.09853, -4.54283], [122.09645, -4.54388], [122.09147, -4.54154], [122.0893, -4.54285], [122.09021, -4.54406], [122.09015, -4.54561], [122.08786, -4.54833], [122.08529, -4.54997], [122.08611, -4.55234], [122.08499, -4.55568], [122.07878, -4.56486], [122.0729, -4.57615], [122.07142, -4.5775], [122.06972, -4.57752], [122.06942, -4.57829], [122.07187, -4.58373], [122.07077, -4.58583], [122.06816, -4.58677], [122.06657, -4.58662], [122.06603, -4.58739], [122.06652, -4.5895], [122.06884, -4.59257], [122.06633, -4.59704], [122.06439, -4.59831], [122.06579, -4.60086], [122.06595, -4.60312], [122.06428, -4.60389], [122.0616, -4.60329], [122.06365, -4.60771], [122.06236, -4.61057], [122.05772, -4.61627], [122.05633, -4.61734], [122.05491, -4.61712], [122.05518, -4.61817], [122.05435, -4.62024], [122.04961, -4.62228], [122.04927, -4.62451], [122.05145, -4.6243], [122.05177, -4.62675], [122.04941, -4.63101], [122.04923, -4.63267], [122.04779, -4.63379], [122.0454, -4.63985], [122.04411, -4.64016], [122.04461, -4.64211], [122.04369, -4.64383], [122.04234, -4.64439], [122.041, -4.6483], [122.03517, -4.65358], [122.03182, -4.65542], [122.02719, -4.65023], [122.02318, -4.64844], [122.01985, -4.6484], [122.01949, -4.65289], [122.01896, -4.65355], [122.01775, -4.65362], [122.01654, -4.65234], [122.01587, -4.64923], [122.01254, -4.64783], [122.00991, -4.64424], [122.00854, -4.64466], [122.00811, -4.64801], [122.00714, -4.6482], [122.00619, -4.64525], [122.00322, -4.64336], [122.00333, -4.64242], [122.0045, -4.64277], [122.00497, -4.64161], [122.00617, -4.64237], [122.00572, -4.64055], [122.00421, -4.64109], [122.00377, -4.63948], [122.00294, -4.64012], [122.00165, -4.63932], [122.00143, -4.63975], [121.99661, -4.63686], [121.99485, -4.63731], [121.99341, -4.63577]]]}}, {"type": "Feature", "properties": {"domain_id": "741002", "name": "KAMBOWA"}, "geometry": {"type": "Polygon", "coordinates": [[[122.97603, -5.07036], [122.97477, -5.07557], [122.97448, -5.08041], [122.97294, -5.08578], [122.97221, -5.08719], [122.97004, -5.0877], [122.96904, -5.09059], [122.9708, -5.09368], [122.97181, -5.09758], [122.97196, -5.10351], [122.97313, -5.10659], [122.97196, -5.10733], [122.9728, -5.11163], [122.97254, -5.11383], [122.97382, -5.11534], [122.96621, -5.12459], [122.96638, -5.12669], [122.96507, -5.13224], [122.96357, -5.13267], [122.9606, -5.13663], [122.95994, -5.1364], [122.95607, -5.13883], [122.9513, -5.14412], [122.95008, -5.14669], [122.94579, -5.14567], [122.94299, -5.14419], [122.93545, -5.14264], [122.93237, -5.14082], [122.92808, -5.14099], [122.92525, -5.13918], [122.90981, -5.12585], [122.90386, -5.12247], [122.88591, -5.12226], [122.88069, -5.11262], [122.85357, -5.11251], [122.85177, -5.10777], [122.84835, -5.10223], [122.84736, -5.09734], [122.84202, -5.09192], [122.84292, -5.08708], [122.84165, -5.08285], [122.83694, -5.07603], [122.83216, -5.07358], [122.83452, -5.0711], [122.83958, -5.06942], [122.84103, -5.06805], [122.84122, -5.06512], [122.84274, -5.06227], [122.84289, -5.0578], [122.8449, -5.05453], [122.84911, -5.05097], [122.85016, -5.04824], [122.84846, -5.04245], [122.84853, -5.04], [122.84934, -5.03802], [122.8524, -5.03791], [122.85458, -5.04118], [122.85606, -5.04205], [122.8583, -5.03779], [122.86103, -5.03792], [122.86195, -5.03709], [122.86089, -5.03147], [122.86169, -5.02894], [122.86332, -5.02698], [122.86545, -5.02731], [122.86618, -5.03099], [122.86714, -5.03268], [122.86806, -5.03344], [122.86989, -5.03344], [122.87328, -5.03148], [122.87882, -5.02482], [122.88572, -5.02171], [122.88816, -5.01918], [122.88722, -5.01383], [122.88811, -5.01233], [122.89062, -5.01107], [122.89118, -5.00921], [122.89059, -5.00705], [122.88837, -5.00335], [122.88859, -4.99715], [122.88721, -4.99076], [122.88788, -4.98548], [122.88806, -4.97116], [122.8864, -4.96784], [122.88446, -4.95197], [122.88667, -4.94351], [122.88959, -4.94063], [122.89301, -4.93876], [122.89241, -4.93637], [122.89068, -4.93734], [122.89097, -4.9361], [122.89013, -4.9339], [122.8883, -4.93267], [122.88918, -4.93198], [122.89035, -4.93306], [122.89085, -4.93287], [122.89083, -4.93116], [122.8919, -4.93004], [122.8916, -4.9292], [122.88908, -4.92764], [122.89293, -4.92734], [122.89452, -4.92565], [122.89378, -4.92425], [122.8941, -4.92221], [122.89177, -4.92218], [122.89084, -4.92143], [122.89273, -4.91988], [122.88978, -4.91937], [122.88955, -4.91846], [122.89057, -4.91751], [122.88814, -4.91589], [122.88907, -4.9146], [122.88973, -4.91528], [122.89054, -4.91514], [122.89121, -4.91399], [122.89209, -4.91492], [122.89206, -4.91622], [122.89382, -4.9154], [122.89351, -4.9143], [122.89423, -4.91252], [122.89551, -4.9118], [122.8936, -4.91094], [122.89508, -4.90967], [122.89485, -4.9075], [122.89366, -4.90676], [122.89376, -4.90588], [122.89282, -4.90594], [122.89243, -4.90454], [122.89555, -4.90386], [122.89698, -4.9044], [122.89636, -4.9022], [122.89748, -4.90239], [122.89779, -4.90178], [122.89678, -4.89982], [122.89857, -4.89941], [122.89773, -4.89876], [122.89905, -4.89818], [122.89827, -4.89647], [122.89949, -4.89653], [122.90001, -4.89552], [122.90781, -4.89731], [122.91094, -4.89914], [122.91975, -4.89852], [122.92117, -4.89935], [122.9221, -4.902], [122.92314, -4.90245], [122.92912, -4.90117], [122.93308, -4.90327], [122.93548, -4.90148], [122.93755, -4.90128], [122.93839, -4.90284], [122.93974, -4.90332], [122.93971, -4.90451], [122.93848, -4.90582], [122.94008, -4.90605], [122.94081, -4.90938], [122.94274, -4.90863], [122.94367, -4.90934], [122.94408, -4.90821], [122.94689, -4.91062], [122.94861, -4.90964], [122.94824, -4.91216], [122.94923, -4.91404], [122.94867, -4.91544], [122.94946, -4.9152], [122.94996, -4.91656], [122.95179, -4.91733], [122.95102, -4.91854], [122.9525, -4.92095], [122.95488, -4.92103], [122.95642, -4.92622], [122.95724, -4.92688], [122.95676, -4.9285], [122.95414, -4.92928], [122.95459, -4.93026], [122.95337, -4.9313], [122.95439, -4.93269], [122.95448, -4.93435], [122.95571, -4.93417], [122.95636, -4.93596], [122.95698, -4.93578], [122.95679, -4.93791], [122.95724, -4.93819], [122.95654, -4.9391], [122.95743, -4.94137], [122.9565, -4.94218], [122.95639, -4.94417], [122.95835, -4.94432], [122.95794, -4.94727], [122.95937, -4.94868], [122.95938, -4.94956], [122.96116, -4.94815], [122.96069, -4.95074], [122.96141, -4.9505], [122.96154, -4.94911], [122.96222, -4.94876], [122.96314, -4.9505], [122.96497, -4.95129], [122.96773, -4.95021], [122.96871, -4.95063], [122.96934, -4.95214], [122.9648, -4.96604], [122.96351, -4.96641], [122.96374, -4.97018], [122.95952, -4.98929], [122.9579, -4.99567], [122.95529, -5.00196], [122.9552, -5.00751], [122.95633, -5.01064], [122.95549, -5.01409], [122.95663, -5.01672], [122.95499, -5.01809], [122.95213, -5.0186], [122.95183, -5.02129], [122.9528, -5.02545], [122.95535, -5.02872], [122.95714, -5.02875], [122.95764, -5.0279], [122.96013, -5.02791], [122.96237, -5.02606], [122.96617, -5.02556], [122.96761, -5.02592], [122.96982, -5.02816], [122.97004, -5.03461], [122.97255, -5.03942], [122.97241, -5.04431], [122.97364, -5.04852], [122.97878, -5.05362], [122.9782, -5.0563], [122.97862, -5.05696], [122.97896, -5.05629], [122.9801, -5.05785], [122.97989, -5.06025], [122.97603, -5.07036]]]}}, {"type": "Feature", "properties": {"domain_id": "740910", "name": "MOTUI"}, "geometry": {"type": "Polygon", "coordinates": [[[122.39491, -3.86727], [122.38287, -3.86645], [122.37861, -3.86435], [122.37211, -3.86317], [122.36583, -3.8596], [122.36021, -3.85728], [122.35823, -3.85438], [122.35679, -3.8502], [122.35342, -3.84726], [122.35221, -3.8453], [122.34877, -3.84309], [122.34134, -3.83554], [122.33896, -3.83235], [122.33951, -3.83124], [122.34142, -3.82969], [122.34827, -3.8266], [122.34976, -3.82451], [122.35228, -3.82269], [122.35673, -3.82275], [122.36055, -3.82047], [122.36398, -3.82014], [122.36622, -3.81848], [122.37044, -3.81753], [122.37224, -3.81369], [122.375, -3.81224], [122.37744, -3.80917], [122.37747, -3.80214], [122.37828, -3.80325], [122.37856, -3.80248], [122.38005, -3.80272], [122.38164, -3.80181], [122.38133, -3.80062], [122.38373, -3.8009], [122.38519, -3.80025], [122.38596, -3.80074], [122.38716, -3.79946], [122.38834, -3.80068], [122.38914, -3.79957], [122.39005, -3.79976], [122.39127, -3.79819], [122.39509, -3.79798], [122.39779, -3.79608], [122.40242, -3.79519], [122.40545, -3.79647], [122.40644, -3.79576], [122.40644, -3.79494], [122.40734, -3.79587], [122.40773, -3.7951], [122.41021, -3.79549], [122.41011, -3.80282], [122.41763, -3.8029], [122.42016, -3.80211], [122.42288, -3.80264], [122.42608, -3.80079], [122.42704, -3.80096], [122.42884, -3.80006], [122.4298, -3.79856], [122.43212, -3.79736], [122.43296, -3.79532], [122.43781, -3.79348], [122.44082, -3.79579], [122.44434, -3.79579], [122.45272, -3.79718], [122.45956, -3.79707], [122.46175, -3.79862], [122.46393, -3.79648], [122.46347, -3.79551], [122.46409, -3.79564], [122.46408, -3.79515], [122.46337, -3.79472], [122.46432, -3.79496], [122.46427, -3.79653], [122.4624, -3.79829], [122.46631, -3.80371], [122.47015, -3.80707], [122.47201, -3.81007], [122.47188, -3.8143], [122.47311, -3.82112], [122.4737, -3.82171], [122.47175, -3.82206], [122.46835, -3.82103], [122.46141, -3.82055], [122.45997, -3.82093], [122.45916, -3.82204], [122.46044, -3.83533], [122.4588, -3.83764], [122.45282, -3.83928], [122.45324, -3.84362], [122.45423, -3.84457], [122.45287, -3.8486], [122.45384, -3.85024], [122.45153, -3.85297], [122.45305, -3.85361], [122.45236, -3.85562], [122.45366, -3.85622], [122.45442, -3.85797], [122.45361, -3.85872], [122.45382, -3.86099], [122.4562, -3.86664], [122.45565, -3.86785], [122.452, -3.86874], [122.44898, -3.87041], [122.44579, -3.8655], [122.44293, -3.86351], [122.44236, -3.85915], [122.44014, -3.86], [122.43848, -3.86151], [122.42884, -3.86094], [122.42715, -3.86207], [122.42729, -3.86484], [122.4263, -3.86651], [122.42564, -3.86649], [122.42578, -3.86753], [122.42492, -3.86742], [122.42332, -3.86933], [122.42131, -3.86804], [122.41844, -3.86781], [122.39491, -3.86727]]]}}, {"type": "Feature", "properties": {"domain_id": "747101", "name": "MANDONGA"}, "geometry": {"type": "Polygon", "coordinates": [[[122.5241, -3.96236], [122.52222, -3.96636], [122.52589, -3.96851], [122.52733, -3.97084], [122.52935, -3.97241], [122.53065, -3.97309], [122.53269, -3.97268], [122.53174, -3.97438], [122.5334, -3.97553], [122.53377, -3.97795], [122.52965, -3.97973], [122.52641, -3.9794], [122.52541, -3.98057], [122.50632, -3.97192], [122.5057, -3.9707], [122.50755, -3.97042], [122.50714, -3.9695], [122.50759, -3.96831], [122.50987, -3.96782], [122.51112, -3.9654], [122.51229, -3.96477], [122.51254, -3.96218], [122.51152, -3.96138], [122.51136, -3.95825], [122.51281, -3.95442], [122.50948, -3.95022], [122.50131, -3.94652], [122.49846, -3.94398], [122.49782, -3.94409], [122.49544, -3.93974], [122.48706, -3.93681], [122.48232, -3.93606], [122.48075, -3.93778], [122.47878, -3.93796], [122.47412, -3.93299], [122.47112, -3.93187], [122.46764, -3.9292], [122.46356, -3.92899], [122.46977, -3.9222], [122.47701, -3.91765], [122.47747, -3.91636], [122.47919, -3.91544], [122.4795, -3.91407], [122.47885, -3.91184], [122.4829, -3.90988], [122.48416, -3.90868], [122.48425, -3.90633], [122.48594, -3.90556], [122.48722, -3.90401], [122.49147, -3.90358], [122.49472, -3.90143], [122.49697, -3.90295], [122.50154, -3.90206], [122.50564, -3.90287], [122.50808, -3.9044], [122.51016, -3.90789], [122.51212, -3.90818], [122.51307, -3.90899], [122.51333, -3.92025], [122.51434, -3.92088], [122.51691, -3.92072], [122.51735, -3.92498], [122.51986, -3.92755], [122.52268, -3.93336], [122.52079, -3.94096], [122.52566, -3.95159], [122.52574, -3.95471], [122.52458, -3.95905], [122.52521, -3.96118], [122.52486, -3.96231], [122.5241, -3.96236]]]}}, {"type": "Feature", "properties": {"domain_id": "740242", "name": "740242"}, "geometry": {"type": "Polygon", "coordinates": [[[122.06313, -3.80799], [122.0401, -3.80157], [122.03765, -3.79986], [122.03116, -3.8015], [122.03058, -3.80102], [122.03038, -3.79831], [122.026, -3.79821], [122.01944, -3.80069], [122.01846, -3.80055], [122.01451, -3.80288], [122.00477, -3.79552], [122.00407, -3.79609], [122.0021, -3.7952], [122.00155, -3.79549], [121.99651, -3.7898], [121.99128, -3.79431], [121.99023, -3.79259], [121.98745, -3.79064], [121.98814, -3.78992], [121.98748, -3.78924], [121.98954, -3.78738], [121.98767, -3.78512], [121.98915, -3.78412], [121.98654, -3.78037], [121.98676, -3.77985], [121.98373, -3.77802], [121.98359, -3.77722], [121.98187, -3.77665], [121.98106, -3.77722], [121.97872, -3.77601], [121.97761, -3.77758], [121.97683, -3.77673], [121.97532, -3.77751], [121.97598, -3.77652], [121.97509, -3.77548], [121.97441, -3.77664], [121.97259, -3.77598], [121.97207, -3.77747], [121.97026, -3.77614], [121.96965, -3.77703], [121.9688, -3.77678], [121.96911, -3.77773], [121.96658, -3.77687], [121.96628, -3.77613], [121.96701, -3.77582], [121.96579, -3.77331], [121.9665, -3.77275], [121.96564, -3.77231], [121.9658, -3.77154], [121.9628, -3.77144], [121.95993, -3.77055], [121.95967, -3.77127], [121.95693, -3.77024], [121.95875, -3.76775], [121.95897, -3.76655], [121.95831, -3.7654], [121.9596, -3.76495], [121.95161, -3.7618], [121.95105, -3.76056], [121.94817, -3.7584], [121.94838, -3.75764], [121.95071, -3.7575], [121.95257, -3.7565], [121.9528, -3.7556], [121.95209, -3.75411], [121.95271, -3.75267], [121.95797, -3.74668], [121.95799, -3.74447], [121.9597, -3.73856], [121.96294, -3.73718], [121.96578, -3.73401], [121.96851, -3.73267], [121.97015, -3.73092], [121.97223, -3.72563], [121.97197, -3.72351], [121.97453, -3.71723], [121.98173, -3.71523], [121.98278, -3.71177], [121.98206, -3.7096], [121.97904, -3.70555], [121.9788, -3.70366], [121.97961, -3.70113], [121.97873, -3.69891], [121.98288, -3.69231], [121.98765, -3.69246], [121.99052, -3.68948], [121.99236, -3.68894], [121.99608, -3.68623], [122.00099, -3.68613], [122.00291, -3.68324], [122.00345, -3.68125], [122.00988, -3.67492], [122.00922, -3.67169], [122.01008, -3.66958], [122.01159, -3.66814], [122.01522, -3.66681], [122.01734, -3.66431], [122.02205, -3.66249], [122.02639, -3.64986], [122.02852, -3.64839], [122.03105, -3.64489], [122.0305, -3.6395], [122.03408, -3.63677], [122.0354, -3.63396], [122.0387, -3.6322], [122.04106, -3.62687], [122.0425, -3.625], [122.04648, -3.63204], [122.04877, -3.63394], [122.0523, -3.63567], [122.0576, -3.64213], [122.06374, -3.64553], [122.06542, -3.6445], [122.07063, -3.63069], [122.07588, -3.63338], [122.08379, -3.64184], [122.08762, -3.64225], [122.08826, -3.6466], [122.08787, -3.65226], [122.08937, -3.6551], [122.09215, -3.65724], [122.09372, -3.65941], [122.09233, -3.66245], [122.09357, -3.66601], [122.09272, -3.66843], [122.09244, -3.67659], [122.08747, -3.6821], [122.08726, -3.68616], [122.08803, -3.68977], [122.0849, -3.6918], [122.08167, -3.6926], [122.08022, -3.69573], [122.07948, -3.69578], [122.0789, -3.70066], [122.07745, -3.70057], [122.0761, -3.70136], [122.07466, -3.70039], [122.07345, -3.70046], [122.06711, -3.70701], [122.0639, -3.70736], [122.0585, -3.70975], [122.05618, -3.70966], [122.05498, -3.71044], [122.0538, -3.71223], [122.05369, -3.71378], [122.05038, -3.71657], [122.04926, -3.71918], [122.04559, -3.72249], [122.04171, -3.72302], [122.04006, -3.72533], [122.03768, -3.72662], [122.03599, -3.73165], [122.04077, -3.73454], [122.0426, -3.73288], [122.04602, -3.73168], [122.04795, -3.73466], [122.05294, -3.7371], [122.0529, -3.73896], [122.05407, -3.73922], [122.05663, -3.74545], [122.05803, -3.74573], [122.05856, -3.74704], [122.06036, -3.74764], [122.06043, -3.74848], [122.05916, -3.74943], [122.05825, -3.75173], [122.05819, -3.75441], [122.06004, -3.75488], [122.06299, -3.7592], [122.06943, -3.76343], [122.06896, -3.76618], [122.06716, -3.76928], [122.06905, -3.77027], [122.06959, -3.77446], [122.0674, -3.77781], [122.06675, -3.78182], [122.0649, -3.78453], [122.06532, -3.78842], [122.06394, -3.79019], [122.06412, -3.79106], [122.06686, -3.79293], [122.06679, -3.79569], [122.06538, -3.79819], [122.06582, -3.80206], [122.06542, -3.80365], [122.06426, -3.80452], [122.06453, -3.80592], [122.06564, -3.80689], [122.06513, -3.80774], [122.0635, -3.80739], [122.06313, -3.80799]]]}}, {"type": "Feature", "properties": {"domain_id": "740240", "name": "ANGGALOMOARE"}, "geometry": {"type": "Polygon", "coordinates": [[[122.43733, -3.99025], [122.43703, -3.98964], [122.43379, -3.98952], [122.43334, -3.98758], [122.43239, -3.98759], [122.43236, -3.98572], [122.4313, -3.98546], [122.43028, -3.98373], [122.43056, -3.97415], [122.42946, -3.9713], [122.42826, -3.96994], [122.4286, -3.96842], [122.4259, -3.96554], [122.42621, -3.96452], [122.4249, -3.96428], [122.42412, -3.96319], [122.41704, -3.96226], [122.42044, -3.95802], [122.4227, -3.94905], [122.42428, -3.94697], [122.42693, -3.94513], [122.4281, -3.94265], [122.42817, -3.9407], [122.43059, -3.94094], [122.43222, -3.94032], [122.43349, -3.93882], [122.43067, -3.93655], [122.43367, -3.93521], [122.4344, -3.93405], [122.43464, -3.93165], [122.43331, -3.92844], [122.43374, -3.92721], [122.43485, -3.92653], [122.43744, -3.9271], [122.43839, -3.9292], [122.44048, -3.93147], [122.44115, -3.93382], [122.44324, -3.93483], [122.44495, -3.9343], [122.44529, -3.93195], [122.44783, -3.92954], [122.45091, -3.92794], [122.454, -3.92724], [122.46105, -3.93073], [122.45887, -3.93197], [122.45754, -3.93388], [122.4562, -3.93713], [122.45555, -3.94115], [122.45443, -3.94194], [122.45304, -3.94557], [122.45361, -3.94796], [122.4531, -3.95245], [122.45374, -3.9524], [122.45536, -3.9502], [122.4566, -3.96032], [122.45742, -3.96231], [122.45694, -3.96404], [122.4555, -3.96583], [122.4519, -3.96608], [122.4494, -3.96503], [122.44906, -3.96746], [122.45024, -3.9687], [122.45133, -3.97347], [122.45005, -3.97503], [122.44968, -3.97678], [122.44791, -3.97811], [122.44928, -3.98028], [122.44934, -3.9817], [122.44875, -3.98329], [122.4463, -3.98492], [122.44649, -3.98825], [122.44456, -3.9906], [122.44218, -3.99036], [122.44052, -3.99162], [122.43733, -3.99025]]]}}, {"type": "Feature", "properties": {"domain_id": "740804", "name": "RANTE ANGIN"}, "geometry": {"type": "Polygon", "coordinates": [[[121.0238, -3.68028], [121.02215, -3.68304], [121.02032, -3.68441], [121.00867, -3.67715], [121.00515, -3.67304], [121.00052, -3.66447], [120.99442, -3.65587], [120.98862, -3.65027], [120.98663, -3.64753], [120.98984, -3.64508], [120.99108, -3.64261], [120.99655, -3.63726], [120.9994, -3.62977], [121.01126, -3.62], [121.0148, -3.6154], [121.01858, -3.61449], [121.03248, -3.61543], [121.04197, -3.61268], [121.04855, -3.61182], [121.05097, -3.61063], [121.06392, -3.60259], [121.06908, -3.5979], [121.07303, -3.59606], [121.08994, -3.58318], [121.11049, -3.56972], [121.11832, -3.5656], [121.12908, -3.55666], [121.13231, -3.5551], [121.15011, -3.54176], [121.15799, -3.53689], [121.1609, -3.53906], [121.16408, -3.54039], [121.17019, -3.54121], [121.17344, -3.54284], [121.17493, -3.54483], [121.1786, -3.55285], [121.18091, -3.55535], [121.17509, -3.55517], [121.17295, -3.55756], [121.17114, -3.55793], [121.16948, -3.55925], [121.1661, -3.56005], [121.16324, -3.56359], [121.15789, -3.56332], [121.1549, -3.56462], [121.15304, -3.56471], [121.14791, -3.56742], [121.14599, -3.56993], [121.14213, -3.57054], [121.13781, -3.57741], [121.1368, -3.58239], [121.13345, -3.58468], [121.13079, -3.58819], [121.13052, -3.58951], [121.12802, -3.59007], [121.12713, -3.58961], [121.12549, -3.59103], [121.12158, -3.59205], [121.12014, -3.59436], [121.11493, -3.59488], [121.11288, -3.59827], [121.11188, -3.5989], [121.11083, -3.6023], [121.10876, -3.6024], [121.10792, -3.6059], [121.10671, -3.6071], [121.10472, -3.60757], [121.10336, -3.61135], [121.10101, -3.61228], [121.0984, -3.61538], [121.09437, -3.61662], [121.08872, -3.61653], [121.08536, -3.61885], [121.08439, -3.62028], [121.08276, -3.62102], [121.08159, -3.62493], [121.08062, -3.62549], [121.0791, -3.62825], [121.07747, -3.62881], [121.07564, -3.63093], [121.07543, -3.63345], [121.07358, -3.63347], [121.07295, -3.63536], [121.06701, -3.63608], [121.06446, -3.63532], [121.06213, -3.63322], [121.05968, -3.63422], [121.05739, -3.63395], [121.05667, -3.63786], [121.05395, -3.63758], [121.05416, -3.63992], [121.05224, -3.64333], [121.05196, -3.64667], [121.05105, -3.64901], [121.04805, -3.65017], [121.05006, -3.65563], [121.04813, -3.66016], [121.04593, -3.66111], [121.04311, -3.66034], [121.04215, -3.66062], [121.03931, -3.66646], [121.03604, -3.66837], [121.0344, -3.67095], [121.03031, -3.67433], [121.02861, -3.6771], [121.0238, -3.68028]]]}}, {"type": "Feature", "properties": {"domain_id": "740615", "name": "KABAENA UTARA"}, "geometry": {"type": "Polygon", "coordinates": [[[121.89168, -5.24287], [121.891, -5.2434], [121.878, -5.23244], [121.87201, -5.22854], [121.84982, -5.21668], [121.84598, -5.20986], [121.84555, -5.19418], [121.84488, -5.19168], [121.83833, -5.17985], [121.83765, -5.17712], [121.83766, -5.17303], [121.8388, -5.16667], [121.84062, -5.16349], [121.84516, -5.15884], [121.8531, -5.15738], [121.85494, -5.15554], [121.85524, -5.15629], [121.8576, -5.15695], [121.85889, -5.15981], [121.86014, -5.16053], [121.86184, -5.15954], [121.86212, -5.15851], [121.8648, -5.15714], [121.86896, -5.15898], [121.87028, -5.1585], [121.87092, -5.15586], [121.87244, -5.15681], [121.87167, -5.15519], [121.87197, -5.15361], [121.87389, -5.15029], [121.87476, -5.1498], [121.87582, -5.14996], [121.87628, -5.15149], [121.87831, -5.15399], [121.87982, -5.15436], [121.88072, -5.1554], [121.882, -5.15525], [121.88335, -5.153], [121.88239, -5.15099], [121.87994, -5.15007], [121.88058, -5.14965], [121.88068, -5.1479], [121.88022, -5.14393], [121.88086, -5.14269], [121.88267, -5.14234], [121.88264, -5.14001], [121.87991, -5.13982], [121.87835, -5.14066], [121.87358, -5.13781], [121.86997, -5.13869], [121.86797, -5.13816], [121.86711, -5.13672], [121.86391, -5.1377], [121.86387, -5.13557], [121.86637, -5.13459], [121.86706, -5.13263], [121.86721, -5.13064], [121.86603, -5.12861], [121.86304, -5.12675], [121.86185, -5.12779], [121.86022, -5.12661], [121.85946, -5.12475], [121.85764, -5.12402], [121.85628, -5.12433], [121.85413, -5.12635], [121.85152, -5.12485], [121.84944, -5.12534], [121.85745, -5.11405], [121.85848, -5.11099], [121.85969, -5.10998], [121.86095, -5.1113], [121.86186, -5.11498], [121.86568, -5.11989], [121.86656, -5.11918], [121.8691, -5.1192], [121.86736, -5.11218], [121.86861, -5.11184], [121.86934, -5.11065], [121.87059, -5.11099], [121.87235, -5.10888], [121.87542, -5.1106], [121.87667, -5.1102], [121.87678, -5.10943], [121.8753, -5.10712], [121.87334, -5.10668], [121.87175, -5.10511], [121.8686, -5.10453], [121.86592, -5.10485], [121.86491, -5.10578], [121.86403, -5.10399], [121.8629, -5.10358], [121.86059, -5.10393], [121.85994, -5.10491], [121.85823, -5.1048], [121.85678, -5.10653], [121.85447, -5.10226], [121.8545, -5.09824], [121.8505, -5.09619], [121.85007, -5.09492], [121.8557, -5.08406], [121.85838, -5.08089], [121.85967, -5.08037], [121.86226, -5.07655], [121.86286, -5.07602], [121.86533, -5.07594], [121.86764, -5.0731], [121.87088, -5.07267], [121.87337, -5.07005], [121.87612, -5.06561], [121.8782, -5.06552], [121.88488, -5.05859], [121.88868, -5.05673], [121.89277, -5.05571], [121.8968, -5.05731], [121.89868, -5.05878], [121.89969, -5.06076], [121.90032, -5.06472], [121.89938, -5.06941], [121.8954, -5.07168], [121.89451, -5.07349], [121.89486, -5.0766], [121.89367, -5.08012], [121.89361, -5.08349], [121.89556, -5.08743], [121.89579, -5.08938], [121.90328, -5.08982], [121.90505, -5.09143], [121.90848, -5.0925], [121.91007, -5.09399], [121.91114, -5.09631], [121.91366, -5.09844], [121.91583, -5.09673], [121.9185, -5.09983], [121.92175, -5.09931], [121.92332, -5.10133], [121.92526, -5.10182], [121.9253, -5.10339], [121.92578, -5.10329], [121.9267, -5.10651], [121.92962, -5.10701], [121.92945, -5.10824], [121.93062, -5.10929], [121.93404, -5.10985], [121.93467, -5.1106], [121.93637, -5.11053], [121.94154, -5.12734], [121.94382, -5.14234], [121.94265, -5.15214], [121.93917, -5.16943], [121.93371, -5.17129], [121.92301, -5.17127], [121.90395, -5.1759], [121.89795, -5.17766], [121.89428, -5.18224], [121.88904, -5.20735], [121.89205, -5.20962], [121.89697, -5.21594], [121.91497, -5.22975], [121.91924, -5.23466], [121.90854, -5.23709], [121.89168, -5.24287]]]}}, {"type": "Feature", "properties": {"domain_id": "740911", "name": "WAWOLESEA"}, "geometry": {"type": "Polygon", "coordinates": [[[122.31642, -3.71933], [122.31861, -3.7223], [122.32115, -3.72383], [122.32244, -3.72349], [122.32278, -3.72509], [122.32544, -3.72597], [122.32624, -3.72852], [122.32579, -3.72944], [122.3249, -3.7298], [122.32351, -3.72855], [122.32082, -3.72935], [122.31938, -3.72883], [122.31689, -3.72932], [122.31545, -3.72864], [122.31201, -3.72952], [122.31158, -3.73042], [122.30542, -3.73509], [122.30317, -3.74027], [122.30278, -3.74338], [122.29858, -3.74609], [122.29779, -3.75133], [122.29679, -3.75309], [122.29275, -3.75584], [122.28908, -3.75658], [122.2878, -3.75876], [122.28171, -3.76276], [122.2747, -3.76494], [122.27142, -3.7679], [122.26945, -3.7685], [122.25655, -3.76191], [122.25725, -3.76094], [122.2595, -3.75993], [122.26089, -3.75635], [122.25338, -3.7511], [122.24983, -3.74698], [122.24859, -3.74632], [122.24832, -3.74444], [122.24623, -3.74178], [122.24709, -3.73967], [122.24585, -3.73674], [122.246, -3.73154], [122.25059, -3.72322], [122.25138, -3.71577], [122.25473, -3.71326], [122.25841, -3.71258], [122.26196, -3.70935], [122.26509, -3.70881], [122.26554, -3.7052], [122.26448, -3.70105], [122.26486, -3.69737], [122.26434, -3.69639], [122.26507, -3.69293], [122.26396, -3.6882], [122.26417, -3.68645], [122.26969, -3.67957], [122.27022, -3.68062], [122.27208, -3.68082], [122.27167, -3.68151], [122.27216, -3.68191], [122.27268, -3.68202], [122.27265, -3.68117], [122.27523, -3.68169], [122.27713, -3.68324], [122.27769, -3.6825], [122.2792, -3.68233], [122.28188, -3.68378], [122.28452, -3.68415], [122.28564, -3.68289], [122.28683, -3.68344], [122.28738, -3.68526], [122.28856, -3.68596], [122.29172, -3.68485], [122.29345, -3.68538], [122.29401, -3.68776], [122.29567, -3.6879], [122.2987, -3.69033], [122.30196, -3.69132], [122.30288, -3.69422], [122.30592, -3.69769], [122.30519, -3.69847], [122.30458, -3.70094], [122.30491, -3.70235], [122.30402, -3.704], [122.30487, -3.70624], [122.30667, -3.70803], [122.31017, -3.70904], [122.30989, -3.70947], [122.31064, -3.7098], [122.30943, -3.71057], [122.31013, -3.71112], [122.31093, -3.71135], [122.3123, -3.70911], [122.31185, -3.70985], [122.3133, -3.70998], [122.31291, -3.7116], [122.31381, -3.71345], [122.31337, -3.71368], [122.31642, -3.71933]]]}}, {"type": "Feature", "properties": {"domain_id": "740904", "name": "MOLAWE"}, "geometry": {"type": "MultiPolygon", "coordinates": [[[[122.20963, -3.62655], [122.21372, -3.6296], [122.21339, -3.63007], [122.21105, -3.631], [122.20968, -3.62994], [122.20657, -3.63054], [122.20066, -3.62947], [122.19887, -3.63098], [122.19813, -3.63584], [122.19663, -3.63628], [122.19557, -3.63764], [122.1922, -3.63658], [122.19122, -3.6385], [122.18955, -3.6395], [122.17189, -3.64189], [122.17122, -3.64205], [122.1703, -3.64405], [122.16607, -3.64329], [122.16553, -3.64104], [122.16316, -3.64133], [122.15989, -3.6404], [122.15605, -3.63699], [122.15201, -3.63486], [122.15076, -3.63674], [122.14757, -3.63797], [122.1467, -3.63666], [122.14463, -3.638], [122.14225, -3.63758], [122.13874, -3.64178], [122.13159, -3.64627], [122.13066, -3.6475], [122.12392, -3.64503], [122.12162, -3.64252], [122.11824, -3.64092], [122.1164, -3.63929], [122.11282, -3.63958], [122.1118, -3.64142], [122.11152, -3.64392], [122.10953, -3.64523], [122.09556, -3.64344], [122.08997, -3.6407], [122.08727, -3.64233], [122.08379, -3.64184], [122.08115, -3.63951], [122.07725, -3.63442], [122.07063, -3.63069], [122.07025, -3.62783], [122.07049, -3.62646], [122.07317, -3.62255], [122.07338, -3.61526], [122.07575, -3.60994], [122.08335, -3.60828], [122.08279, -3.60118], [122.08381, -3.5989], [122.08272, -3.5947], [122.08524, -3.5914], [122.08311, -3.58755], [122.08315, -3.58657], [122.08513, -3.58474], [122.10279, -3.58652], [122.10622, -3.58904], [122.11141, -3.58973], [122.11695, -3.59139], [122.12024, -3.59086], [122.1216, -3.58807], [122.12418, -3.58588], [122.13033, -3.58691], [122.13121, -3.58528], [122.13613, -3.5819], [122.13896, -3.58128], [122.13997, -3.58194], [122.14108, -3.5843], [122.1439, -3.58661], [122.14604, -3.58498], [122.14876, -3.58108], [122.15315, -3.57876], [122.15578, -3.57658], [122.15379, -3.57089], [122.15564, -3.56131], [122.15909, -3.56228], [122.16026, -3.55962], [122.16188, -3.55973], [122.16301, -3.55842], [122.16674, -3.55752], [122.17029, -3.5544], [122.174, -3.55388], [122.1795, -3.5515], [122.18327, -3.54777], [122.18765, -3.54751], [122.18871, -3.54655], [122.18797, -3.54573], [122.18849, -3.54335], [122.18917, -3.54295], [122.1901, -3.54388], [122.19071, -3.54242], [122.19335, -3.54066], [122.19414, -3.53908], [122.1935, -3.53782], [122.19556, -3.53789], [122.19451, -3.53668], [122.19562, -3.53622], [122.19664, -3.53663], [122.19631, -3.53546], [122.19433, -3.53507], [122.19517, -3.5338], [122.19783, -3.53273], [122.19898, -3.53433], [122.19789, -3.53634], [122.19909, -3.53694], [122.20013, -3.53654], [122.20073, -3.53466], [122.2015, -3.53474], [122.20248, -3.53613], [122.20221, -3.53863], [122.20499, -3.53745], [122.2047, -3.53588], [122.20303, -3.53513], [122.20303, -3.53433], [122.20562, -3.53429], [122.20645, -3.53237], [122.20967, -3.53382], [122.20965, -3.53639], [122.21137, -3.53665], [122.2122, -3.53247], [122.21007, -3.53023], [122.21008, -3.52885], [122.21078, -3.52776], [122.21252, -3.52745], [122.21368, -3.52626], [122.21514, -3.5271], [122.21605, -3.52995], [122.22082, -3.53643], [122.22173, -3.53346], [122.21422, -3.52353], [122.21077, -3.52305], [122.20766, -3.52164], [122.20418, -3.51623], [122.19903, -3.5149], [122.1951, -3.51187], [122.18975, -3.51084], [122.1895, -3.50946], [122.18798, -3.50749], [122.18855, -3.50626], [122.1896, -3.50606], [122.18911, -3.50732], [122.19112, -3.50927], [122.19375, -3.50903], [122.19735, -3.51073], [122.20136, -3.51098], [122.21004, -3.51869], [122.21913, -3.51839], [122.22335, -3.51018], [122.22576, -3.50772], [122.22755, -3.50731], [122.23402, -3.50861], [122.24374, -3.50413], [122.24524, -3.50246], [122.25191, -3.49001], [122.25263, -3.48969], [122.25329, -3.49448], [122.25296, -3.49736], [122.25206, -3.49917], [122.25401, -3.50169], [122.25313, -3.50508], [122.2539, -3.50386], [122.25429, -3.50507], [122.25535, -3.50467], [122.2556, -3.50362], [122.2566, -3.50392], [122.25648, -3.50516], [122.25709, -3.50536], [122.2572, -3.50403], [122.25816, -3.50461], [122.25919, -3.5043], [122.26017, -3.50251], [122.26112, -3.5032], [122.2619, -3.50572], [122.26361, -3.50521], [122.26574, -3.50312], [122.26919, -3.50534], [122.27337, -3.50309], [122.27521, -3.5085], [122.27344, -3.51326], [122.2746, -3.51705], [122.27438, -3.51912], [122.27299, -3.52001], [122.26901, -3.52052], [122.26766, -3.52242], [122.2682, -3.52686], [122.26724, -3.53205], [122.26905, -3.53226], [122.26906, -3.5328], [122.26784, -3.53785], [122.26921, -3.53774], [122.27118, -3.53911], [122.26686, -3.5391], [122.27024, -3.54072], [122.27031, -3.54367], [122.26916, -3.54603], [122.26889, -3.55474], [122.26651, -3.55909], [122.2654, -3.55818], [122.2647, -3.55628], [122.26306, -3.55712], [122.25851, -3.55787], [122.25421, -3.56041], [122.25325, -3.56029], [122.25257, -3.55933], [122.24975, -3.5592], [122.24885, -3.56032], [122.24593, -3.56064], [122.24515, -3.56254], [122.24255, -3.56024], [122.24176, -3.56005], [122.24084, -3.56084], [122.23751, -3.56103], [122.23464, -3.56303], [122.23186, -3.56292], [122.23149, -3.56582], [122.23542, -3.57603], [122.23523, -3.57674], [122.23129, -3.56627], [122.22927, -3.56473], [122.22566, -3.56553], [122.22502, -3.56413], [122.22118, -3.56295], [122.21833, -3.56283], [122.21768, -3.56358], [122.21486, -3.5636], [122.21463, -3.56276], [122.21317, -3.5624], [122.21269, -3.56322], [122.21183, -3.5634], [122.2118, -3.56277], [122.21082, -3.56328], [122.21182, -3.56362], [122.21107, -3.56426], [122.20797, -3.56421], [122.20728, -3.56656], [122.20786, -3.5673], [122.20888, -3.56696], [122.20903, -3.56783], [122.20732, -3.56856], [122.2066, -3.56817], [122.20526, -3.56527], [122.20408, -3.56448], [122.20358, -3.56524], [122.20258, -3.56391], [122.20107, -3.56438], [122.19956, -3.56592], [122.19711, -3.5702], [122.19687, -3.57258], [122.19799, -3.57338], [122.19689, -3.57388], [122.19637, -3.57609], [122.19691, -3.57752], [122.19825, -3.57712], [122.19827, -3.57814], [122.19717, -3.57861], [122.19758, -3.57991], [122.19886, -3.5801], [122.19873, -3.58119], [122.19791, -3.58106], [122.19602, -3.58927], [122.19547, -3.60772], [122.19697, -3.61064], [122.19784, -3.61067], [122.19854, -3.60984], [122.20119, -3.61185], [122.202, -3.61121], [122.20176, -3.61066], [122.20212, -3.61119], [122.20201, -3.61162], [122.20134, -3.61186], [122.20246, -3.61561], [122.2048, -3.62057], [122.20613, -3.62252], [122.20801, -3.62363], [122.20963, -3.62655]]], [[[122.33484, -3.55637], [122.33506, -3.55772], [122.33645, -3.55814], [122.33455, -3.56017], [122.3334, -3.56287], [122.33458, -3.56391], [122.33443, -3.56487], [122.33628, -3.56477], [122.3366, -3.56654], [122.33955, -3.56492], [122.34031, -3.56613], [122.34186, -3.56564], [122.34221, -3.5674], [122.34389, -3.5682], [122.34514, -3.56973], [122.34612, -3.5701], [122.34717, -3.56886], [122.34918, -3.57023], [122.35073, -3.57258], [122.35363, -3.57398], [122.35845, -3.57405], [122.35919, -3.57371], [122.35947, -3.57233], [122.36134, -3.57245], [122.36342, -3.57089], [122.36686, -3.57144], [122.36749, -3.57098], [122.36874, -3.57252], [122.36765, -3.57377], [122.36818, -3.57737], [122.36662, -3.57644], [122.36303, -3.57675], [122.36181, -3.57631], [122.35942, -3.57753], [122.35786, -3.57942], [122.35598, -3.57539], [122.35356, -3.57471], [122.34951, -3.57719], [122.34434, -3.57729], [122.34298, -3.57829], [122.33876, -3.57911], [122.33723, -3.58053], [122.3355, -3.5804], [122.33424, -3.58179], [122.33507, -3.58393], [122.33432, -3.58461], [122.33302, -3.5831], [122.32974, -3.58294], [122.32748, -3.58409], [122.32588, -3.58215], [122.32217, -3.58245], [122.32178, -3.58169], [122.32053, -3.58186], [122.32009, -3.58127], [122.317, -3.5826], [122.31371, -3.58087], [122.30964, -3.57648], [122.30818, -3.57616], [122.30732, -3.57688], [122.30634, -3.57647], [122.30121, -3.57869], [122.29828, -3.57928], [122.29686, -3.58082], [122.29289, -3.5812], [122.29114, -3.58234], [122.29031, -3.58203], [122.288, -3.58525], [122.2891, -3.58859], [122.28755, -3.58909], [122.28523, -3.59216], [122.28352, -3.59212], [122.28166, -3.59092], [122.2817, -3.5897], [122.28048, -3.5876], [122.2839, -3.5865], [122.28414, -3.58499], [122.28512, -3.58464], [122.28538, -3.58359], [122.28482, -3.58272], [122.28398, -3.5828], [122.28278, -3.58182], [122.28171, -3.57967], [122.28175, -3.57749], [122.28072, -3.57618], [122.28114, -3.57536], [122.2806, -3.57224], [122.2793, -3.57106], [122.27844, -3.57132], [122.27828, -3.57034], [122.27992, -3.56878], [122.28055, -3.56692], [122.28218, -3.56621], [122.28309, -3.56439], [122.28463, -3.56331], [122.28735, -3.55845], [122.28732, -3.5546], [122.32016, -3.55635], [122.33484, -3.55637]]], [[[122.2814, -3.56151], [122.2791, -3.56044], [122.27868, -3.55915], [122.28151, -3.55584], [122.28252, -3.55997], [122.2814, -3.56151]]], [[[122.24954, -3.56159], [122.24998, -3.56376], [122.24951, -3.56446], [122.24822, -3.56461], [122.24644, -3.56296], [122.24647, -3.56139], [122.2472, -3.56083], [122.24963, -3.56056], [122.24954, -3.56159]]], [[[122.24295, -3.56338], [122.2408, -3.56313], [122.24042, -3.56218], [122.24163, -3.56035], [122.24285, -3.56081], [122.24295, -3.56338]]], [[[122.2607, -3.65258], [122.25866, -3.65174], [122.26052, -3.64938], [122.26135, -3.65029], [122.2607, -3.65258]]]]}}, {"type": "Feature", "properties": {"domain_id": "741111", "name": "UEESI"}, "geometry": {"type": "Polygon", "coordinates": [[[121.37957, -3.63494], [121.37625, -3.63493], [121.37538, -3.63421], [121.37373, -3.63411], [121.37162, -3.63198], [121.37055, -3.62795], [121.37005, -3.62796], [121.3682, -3.62928], [121.36763, -3.63132], [121.36416, -3.63546], [121.3599, -3.63593], [121.3588, -3.6415], [121.35732, -3.64363], [121.35068, -3.64514], [121.34964, -3.64886], [121.34755, -3.65049], [121.34661, -3.65509], [121.34497, -3.65577], [121.34433, -3.65867], [121.34182, -3.65986], [121.33583, -3.66886], [121.33607, -3.67068], [121.33997, -3.67455], [121.3387, -3.67808], [121.33941, -3.67933], [121.34136, -3.67947], [121.34116, -3.68111], [121.34314, -3.68581], [121.34193, -3.68647], [121.34151, -3.68773], [121.34015, -3.68806], [121.3387, -3.68744], [121.33695, -3.68878], [121.33636, -3.69013], [121.33713, -3.69243], [121.33628, -3.6929], [121.33531, -3.69499], [121.33232, -3.69664], [121.32959, -3.69696], [121.32743, -3.69862], [121.32523, -3.69879], [121.32272, -3.69787], [121.32141, -3.6954], [121.32071, -3.69642], [121.31726, -3.69665], [121.31621, -3.69497], [121.31311, -3.69302], [121.31038, -3.69236], [121.30897, -3.6924], [121.30825, -3.69321], [121.30733, -3.69249], [121.30618, -3.69444], [121.30578, -3.69163], [121.30428, -3.69257], [121.30376, -3.68825], [121.30213, -3.68916], [121.29957, -3.68773], [121.29783, -3.68958], [121.2974, -3.68794], [121.29595, -3.68697], [121.29479, -3.68912], [121.29176, -3.68483], [121.28844, -3.68552], [121.28501, -3.6823], [121.28386, -3.682], [121.28159, -3.67933], [121.27964, -3.67826], [121.27799, -3.67836], [121.27769, -3.67754], [121.27627, -3.67715], [121.27345, -3.67806], [121.27261, -3.67661], [121.27063, -3.67576], [121.26591, -3.67568], [121.26397, -3.6743], [121.26289, -3.67194], [121.25942, -3.67176], [121.25692, -3.6678], [121.25457, -3.6657], [121.25388, -3.662], [121.25529, -3.66143], [121.25468, -3.65996], [121.25284, -3.6585], [121.25259, -3.65664], [121.24877, -3.64862], [121.24673, -3.64119], [121.24465, -3.62268], [121.24293, -3.61579], [121.23838, -3.60828], [121.23732, -3.60486], [121.2359, -3.60263], [121.2314, -3.60004], [121.22102, -3.59577], [121.21711, -3.58998], [121.21187, -3.57844], [121.20128, -3.57038], [121.19396, -3.56907], [121.18652, -3.56345], [121.18303, -3.55789], [121.1786, -3.55285], [121.17493, -3.54483], [121.17344, -3.54284], [121.17019, -3.54121], [121.16408, -3.54039], [121.1609, -3.53906], [121.15717, -3.53609], [121.15543, -3.5323], [121.15403, -3.52483], [121.1523, -3.5223], [121.15404, -3.51699], [121.15396, -3.51556], [121.15314, -3.51286], [121.15055, -3.51017], [121.1509, -3.50684], [121.15033, -3.50569], [121.14861, -3.50506], [121.14416, -3.50513], [121.14002, -3.50284], [121.13801, -3.50243], [121.13356, -3.50003], [121.13364, -3.49804], [121.13121, -3.49757], [121.1308, -3.49638], [121.12959, -3.49579], [121.12943, -3.49413], [121.12783, -3.4941], [121.12389, -3.4904], [121.12057, -3.49035], [121.12231, -3.48903], [121.12086, -3.4874], [121.12233, -3.48555], [121.12161, -3.48423], [121.12327, -3.48428], [121.12713, -3.48055], [121.12566, -3.47861], [121.12291, -3.47027], [121.12392, -3.46841], [121.12486, -3.46765], [121.12664, -3.46833], [121.12895, -3.46749], [121.13212, -3.4689], [121.13245, -3.46627], [121.13494, -3.46199], [121.13652, -3.46072], [121.13913, -3.45998], [121.14389, -3.46004], [121.14533, -3.45864], [121.14594, -3.4565], [121.14837, -3.45407], [121.14795, -3.45304], [121.14868, -3.45152], [121.14821, -3.44999], [121.14936, -3.44936], [121.14938, -3.448], [121.15012, -3.44712], [121.14969, -3.44545], [121.15082, -3.44483], [121.15144, -3.44351], [121.15342, -3.44256], [121.15352, -3.44087], [121.15489, -3.43871], [121.15502, -3.43576], [121.15323, -3.43463], [121.15256, -3.43337], [121.15121, -3.43436], [121.14999, -3.43214], [121.14861, -3.43301], [121.14825, -3.43098], [121.14283, -3.42792], [121.14088, -3.42549], [121.13806, -3.42665], [121.13667, -3.42332], [121.13409, -3.42107], [121.13437, -3.41953], [121.13271, -3.41849], [121.13386, -3.41787], [121.13319, -3.41642], [121.12286, -3.41116], [121.12585, -3.40454], [121.12937, -3.40076], [121.13304, -3.39854], [121.13348, -3.39475], [121.13565, -3.38992], [121.13575, -3.38734], [121.1322, -3.38382], [121.13385, -3.38222], [121.13392, -3.38101], [121.13133, -3.37856], [121.13147, -3.37516], [121.13261, -3.37345], [121.13288, -3.36994], [121.13452, -3.36798], [121.13418, -3.36578], [121.14144, -3.36528], [121.14291, -3.36285], [121.14322, -3.35875], [121.14501, -3.35479], [121.14717, -3.35199], [121.14848, -3.34826], [121.15132, -3.34419], [121.1572, -3.34051], [121.15815, -3.33924], [121.15841, -3.33655], [121.15709, -3.33109], [121.15344, -3.32985], [121.15156, -3.32783], [121.15261, -3.32658], [121.15496, -3.32713], [121.15606, -3.32518], [121.15818, -3.32432], [121.15744, -3.32235], [121.1585, -3.32041], [121.15753, -3.31772], [121.15766, -3.31494], [121.15838, -3.31264], [121.15813, -3.30735], [121.15921, -3.3048], [121.15862, -3.3012], [121.15721, -3.2995], [121.15732, -3.2977], [121.15963, -3.29466], [121.16014, -3.2929], [121.16117, -3.29224], [121.16281, -3.29335], [121.16516, -3.29338], [121.16824, -3.29633], [121.17013, -3.29616], [121.17112, -3.29448], [121.17283, -3.29417], [121.17437, -3.2928], [121.1753, -3.28962], [121.18044, -3.2844], [121.18098, -3.28065], [121.18554, -3.27467], [121.18869, -3.27297], [121.19129, -3.27266], [121.19165, -3.27061], [121.19476, -3.26806], [121.19593, -3.26745], [121.19798, -3.26752], [121.2208, -3.25435], [121.22141, -3.25309], [121.22034, -3.25], [121.2206, -3.24772], [121.21981, -3.24665], [121.22174, -3.24119], [121.2236, -3.23808], [121.22278, -3.23509], [121.22642, -3.22936], [121.23031, -3.22737], [121.26239, -3.22499], [121.27935, -3.22668], [121.28322, -3.22752], [121.29072, -3.23072], [121.29548, -3.23462], [121.29794, -3.23564], [121.30846, -3.23806], [121.31592, -3.24065], [121.32719, -3.24094], [121.33761, -3.24864], [121.35206, -3.24911], [121.3705, -3.24639], [121.37887, -3.24769], [121.38553, -3.25001], [121.39623, -3.25746], [121.4244, -3.27299], [121.4318, -3.27586], [121.43255, -3.28153], [121.4311, -3.28388], [121.42954, -3.28884], [121.42747, -3.28983], [121.42588, -3.29193], [121.42725, -3.29457], [121.42908, -3.29542], [121.43001, -3.29778], [121.42871, -3.30061], [121.42521, -3.30517], [121.42382, -3.3135], [121.42422, -3.317], [121.42717, -3.32056], [121.42845, -3.32419], [121.42804, -3.32954], [121.42875, -3.33295], [121.43154, -3.33646], [121.43314, -3.3371], [121.43674, -3.33705], [121.4409, -3.34067], [121.44147, -3.34213], [121.44156, -3.34772], [121.44251, -3.34947], [121.44402, -3.35788], [121.45542, -3.37659], [121.456, -3.37993], [121.45735, -3.38114], [121.45681, -3.3828], [121.46391, -3.38547], [121.46414, -3.39146], [121.46508, -3.39336], [121.46733, -3.39497], [121.46863, -3.40237], [121.47352, -3.406], [121.47294, -3.40728], [121.4751, -3.41143], [121.47794, -3.41288], [121.47946, -3.4125], [121.48066, -3.41522], [121.47958, -3.41661], [121.47941, -3.41815], [121.48325, -3.41911], [121.48395, -3.42408], [121.49349, -3.43745], [121.49371, -3.43849], [121.49271, -3.44014], [121.49539, -3.44152], [121.5, -3.4454], [121.50348, -3.44685], [121.51251, -3.454], [121.5168, -3.45834], [121.51823, -3.46298], [121.52225, -3.46737], [121.52376, -3.47222], [121.52355, -3.47584], [121.52524, -3.48051], [121.52503, -3.48486], [121.52696, -3.48762], [121.52786, -3.49343], [121.52759, -3.49707], [121.52941, -3.50069], [121.53397, -3.50633], [121.53417, -3.50911], [121.53498, -3.51077], [121.53477, -3.51332], [121.53379, -3.51508], [121.53231, -3.52161], [121.53061, -3.52459], [121.53135, -3.52828], [121.53085, -3.53272], [121.53416, -3.53577], [121.53523, -3.53785], [121.53559, -3.54155], [121.53691, -3.54538], [121.53644, -3.54658], [121.53778, -3.54667], [121.54071, -3.54923], [121.54426, -3.55123], [121.54641, -3.55473], [121.54826, -3.55495], [121.54798, -3.55808], [121.54921, -3.55945], [121.5501, -3.56285], [121.55149, -3.56452], [121.55272, -3.56847], [121.55349, -3.56967], [121.55789, -3.5725], [121.55767, -3.57511], [121.55864, -3.5776], [121.55781, -3.58064], [121.55821, -3.58258], [121.56157, -3.58544], [121.56737, -3.58812], [121.56721, -3.59045], [121.56804, -3.59144], [121.56732, -3.59445], [121.5683, -3.59928], [121.56411, -3.60418], [121.56289, -3.60699], [121.56546, -3.61284], [121.56776, -3.61625], [121.56748, -3.61824], [121.56831, -3.62456], [121.56973, -3.62719], [121.56899, -3.62967], [121.57442, -3.63397], [121.57548, -3.63548], [121.5743, -3.64121], [121.57543, -3.65144], [121.57477, -3.65275], [121.5761, -3.65416], [121.58081, -3.65389], [121.58293, -3.65437], [121.58619, -3.65764], [121.5868, -3.66295], [121.58532, -3.66584], [121.58526, -3.66867], [121.58589, -3.67008], [121.58733, -3.67109], [121.58907, -3.67529], [121.58855, -3.678], [121.58951, -3.68023], [121.58926, -3.68268], [121.5904, -3.68583], [121.5933, -3.68525], [121.59553, -3.68616], [121.5998, -3.6856], [121.60184, -3.68345], [121.60375, -3.68497], [121.60762, -3.68579], [121.60883, -3.68692], [121.60892, -3.69034], [121.60774, -3.69543], [121.60613, -3.69776], [121.60554, -3.7015], [121.60753, -3.70274], [121.60733, -3.70434], [121.60831, -3.70802], [121.61034, -3.71024], [121.61009, -3.71158], [121.61151, -3.71391], [121.61085, -3.7168], [121.61145, -3.71932], [121.61263, -3.71991], [121.61197, -3.72427], [121.61268, -3.72619], [121.612, -3.72738], [121.61201, -3.73242], [121.61057, -3.734], [121.61193, -3.73473], [121.61332, -3.73679], [121.6117, -3.74023], [121.61055, -3.74081], [121.60981, -3.74217], [121.60847, -3.74224], [121.60409, -3.74862], [121.6009, -3.75505], [121.59426, -3.76192], [121.59289, -3.76589], [121.59305, -3.76806], [121.59216, -3.77188], [121.58866, -3.7753], [121.58413, -3.78371], [121.58133, -3.78556], [121.57863, -3.78917], [121.57837, -3.79577], [121.57657, -3.7973], [121.57537, -3.79745], [121.56956, -3.79548], [121.56724, -3.79762], [121.56231, -3.79701], [121.5595, -3.7956], [121.55874, -3.79482], [121.55716, -3.78707], [121.55318, -3.78577], [121.55097, -3.78051], [121.54706, -3.7778], [121.5437, -3.76866], [121.53808, -3.76378], [121.53579, -3.76037], [121.53352, -3.76104], [121.53137, -3.7594], [121.52911, -3.75891], [121.52387, -3.75299], [121.52269, -3.75067], [121.51979, -3.74959], [121.51798, -3.7478], [121.51273, -3.74573], [121.51171, -3.74478], [121.51102, -3.74247], [121.50773, -3.74269], [121.50297, -3.73972], [121.50036, -3.73482], [121.49872, -3.73349], [121.49469, -3.73299], [121.49286, -3.73202], [121.4903, -3.72747], [121.48693, -3.72389], [121.48402, -3.72347], [121.47916, -3.72501], [121.47511, -3.72174], [121.47226, -3.72194], [121.46909, -3.72029], [121.46339, -3.72078], [121.45872, -3.71934], [121.45444, -3.71227], [121.45297, -3.71081], [121.45144, -3.71054], [121.44965, -3.7076], [121.44899, -3.70858], [121.44608, -3.71008], [121.44412, -3.71009], [121.4419, -3.71107], [121.43737, -3.71108], [121.4361, -3.71189], [121.43261, -3.71208], [121.43044, -3.71119], [121.42582, -3.71203], [121.42524, -3.71005], [121.42233, -3.70774], [121.42214, -3.70393], [121.42034, -3.69981], [121.42018, -3.69759], [121.41844, -3.69622], [121.41812, -3.69502], [121.41936, -3.6885], [121.42095, -3.68451], [121.42476, -3.68003], [121.42626, -3.67916], [121.42734, -3.66993], [121.42678, -3.66634], [121.42727, -3.66347], [121.42444, -3.65823], [121.42563, -3.6571], [121.42482, -3.65329], [121.4258, -3.65147], [121.42592, -3.64811], [121.42551, -3.64647], [121.42276, -3.64229], [121.42095, -3.64184], [121.41997, -3.64086], [121.42019, -3.63406], [121.41884, -3.63292], [121.42009, -3.63014], [121.41767, -3.6292], [121.41707, -3.62837], [121.41417, -3.62925], [121.41283, -3.62875], [121.4116, -3.63016], [121.40603, -3.6282], [121.40579, -3.62997], [121.40677, -3.6326], [121.40446, -3.63243], [121.40307, -3.63455], [121.4002, -3.63529], [121.398, -3.63478], [121.39567, -3.63624], [121.395, -3.63746], [121.39214, -3.63724], [121.38724, -3.63944], [121.38512, -3.63714], [121.37957, -3.63494]]]}}, {"type": "Feature", "properties": {"domain_id": "747111", "name": "NAMBO"}, "geometry": {"type": "MultiPolygon", "coordinates": [[[[122.61142, -4.03921], [122.61139, -4.0424], [122.61017, -4.04244], [122.609, -4.04464], [122.60732, -4.04582], [122.60842, -4.04708], [122.60842, -4.04807], [122.60631, -4.04913], [122.60552, -4.05168], [122.60397, -4.05304], [122.60306, -4.05199], [122.60099, -4.04515], [122.59349, -4.04096], [122.59017, -4.04015], [122.58572, -4.03318], [122.58482, -4.02922], [122.58148, -4.02417], [122.58134, -4.0219], [122.58256, -4.01853], [122.58283, -4.0145], [122.5811, -4.00635], [122.58174, -4.00355], [122.58321, -4.00241], [122.58715, -4.00208], [122.59357, -4.0], [122.59649, -3.99205], [122.59797, -3.98382], [122.59976, -3.98486], [122.60317, -3.9847], [122.60447, -3.98537], [122.6057, -3.98766], [122.60769, -3.98943], [122.60748, -3.99206], [122.60886, -3.99191], [122.60998, -3.99274], [122.60976, -3.99387], [122.61201, -3.99616], [122.61386, -3.99522], [122.61251, -3.99662], [122.6132, -3.9972], [122.61444, -3.99686], [122.61428, -3.99618], [122.61563, -3.99669], [122.61855, -3.99613], [122.61817, -3.99682], [122.61574, -3.99687], [122.61484, -3.99823], [122.61727, -3.99931], [122.61893, -4.00309], [122.61975, -4.00363], [122.62218, -4.0031], [122.6225, -4.00349], [122.62371, -4.00242], [122.62527, -4.00224], [122.62542, -4.00153], [122.62795, -4.00142], [122.62873, -4.00307], [122.62774, -4.00482], [122.62894, -4.00609], [122.62981, -4.00583], [122.6318, -4.0032], [122.63213, -4.00419], [122.63248, -4.0034], [122.63468, -4.00398], [122.63597, -4.00281], [122.64108, -4.00409], [122.64465, -4.00162], [122.64808, -4.00116], [122.65127, -4.00286], [122.64853, -4.00597], [122.64357, -4.00898], [122.64098, -4.01136], [122.63888, -4.01698], [122.63892, -4.01834], [122.63658, -4.01874], [122.63599, -4.01948], [122.63433, -4.0191], [122.63368, -4.01968], [122.63123, -4.01979], [122.63003, -4.02124], [122.62928, -4.02063], [122.61734, -4.02595], [122.61475, -4.02649], [122.61355, -4.03052], [122.61456, -4.032], [122.61142, -4.03921]]], [[[122.6066, -3.97701], [122.60924, -3.97661], [122.60962, -3.97737], [122.61086, -3.97749], [122.61101, -3.97604], [122.61106, -3.97748], [122.61289, -3.97769], [122.61269, -3.9795], [122.61665, -3.98011], [122.618, -3.98215], [122.62055, -3.98939], [122.62114, -3.98968], [122.62072, -3.99001], [122.62213, -3.99179], [122.6215, -3.99137], [122.61969, -3.99285], [122.61998, -3.99358], [122.61947, -3.99299], [122.61882, -3.99322], [122.61752, -3.99143], [122.61498, -3.99246], [122.61421, -3.99162], [122.61049, -3.99262], [122.61166, -3.99096], [122.61044, -3.98843], [122.61098, -3.98787], [122.61045, -3.98498], [122.60996, -3.98531], [122.61006, -3.9848], [122.60835, -3.98439], [122.60774, -3.98324], [122.60732, -3.98393], [122.60683, -3.98324], [122.6047, -3.98312], [122.59926, -3.98349], [122.59962, -3.98181], [122.60148, -3.9806], [122.60267, -3.98071], [122.6027, -3.98024], [122.60173, -3.98012], [122.60406, -3.97619], [122.6066, -3.97701]]]]}}, {"type": "Feature", "properties": {"domain_id": "741502", "name": "SAMPOLAWA"}, "geometry": {"type": "MultiPolygon", "coordinates": [[[[122.67775, -5.67352], [122.67649, -5.67678], [122.67055, -5.68524], [122.66861, -5.68472], [122.66693, -5.68337], [122.66542, -5.67816], [122.66309, -5.67559], [122.66307, -5.67334], [122.661, -5.66981], [122.66098, -5.66716], [122.65891, -5.66094], [122.65942, -5.65777], [122.65408, -5.65394], [122.65552, -5.65178], [122.65412, -5.64918], [122.66325, -5.641], [122.66266, -5.63883], [122.66404, -5.63655], [122.66338, -5.6359], [122.66181, -5.63707], [122.65587, -5.63223], [122.65587, -5.63092], [122.65694, -5.62968], [122.65779, -5.62985], [122.65836, -5.62747], [122.65955, -5.62663], [122.66305, -5.62754], [122.66782, -5.62592], [122.66868, -5.62491], [122.67097, -5.62061], [122.67087, -5.61815], [122.67153, -5.61609], [122.6741, -5.61332], [122.67605, -5.61252], [122.67742, -5.61046], [122.67668, -5.60506], [122.67758, -5.60196], [122.6801, -5.60056], [122.68242, -5.59713], [122.68266, -5.59423], [122.68418, -5.5931], [122.68237, -5.58986], [122.68265, -5.58645], [122.68041, -5.58462], [122.6818, -5.58201], [122.68045, -5.57728], [122.68081, -5.57232], [122.68438, -5.5646], [122.68057, -5.56096], [122.6787, -5.56083], [122.67566, -5.55818], [122.67384, -5.5578], [122.67048, -5.55532], [122.66963, -5.55366], [122.66843, -5.55339], [122.66771, -5.551], [122.66479, -5.54958], [122.65894, -5.53878], [122.65586, -5.53782], [122.65365, -5.53597], [122.65291, -5.53326], [122.65093, -5.53042], [122.65126, -5.52789], [122.65075, -5.52562], [122.64909, -5.52446], [122.64602, -5.52029], [122.64429, -5.51948], [122.6443, -5.51799], [122.64309, -5.5171], [122.64307, -5.51595], [122.64214, -5.51469], [122.64221, -5.512], [122.64314, -5.51076], [122.64457, -5.51085], [122.64574, -5.50999], [122.64691, -5.51058], [122.65071, -5.5088], [122.65506, -5.50793], [122.65643, -5.50679], [122.65867, -5.50693], [122.66118, -5.50921], [122.66255, -5.50435], [122.66488, -5.50421], [122.66773, -5.4982], [122.67049, -5.49626], [122.70435, -5.49461], [122.71852, -5.49642], [122.72734, -5.49596], [122.73629, -5.49299], [122.73875, -5.4911], [122.74017, -5.4894], [122.74058, -5.48739], [122.73951, -5.48304], [122.74175, -5.48184], [122.74161, -5.48023], [122.74232, -5.47961], [122.74457, -5.48239], [122.74671, -5.48282], [122.74833, -5.48497], [122.75244, -5.48813], [122.76523, -5.49038], [122.77708, -5.49048], [122.78893, -5.48765], [122.79152, -5.50363], [122.78959, -5.51677], [122.7901, -5.52945], [122.78829, -5.5804], [122.79127, -5.60298], [122.78287, -5.60924], [122.78059, -5.61509], [122.77402, -5.61438], [122.76189, -5.60853], [122.75889, -5.61195], [122.75227, -5.612], [122.74219, -5.61486], [122.74178, -5.61054], [122.74387, -5.60511], [122.74282, -5.60121], [122.73892, -5.59769], [122.73406, -5.5959], [122.73287, -5.59845], [122.7305, -5.60124], [122.72691, -5.6013], [122.72751, -5.60315], [122.72939, -5.60353], [122.72908, -5.60427], [122.72601, -5.60549], [122.72815, -5.60622], [122.72749, -5.60782], [122.7282, -5.60875], [122.72689, -5.61284], [122.72561, -5.61374], [122.72337, -5.61817], [122.72213, -5.61921], [122.71961, -5.61764], [122.71794, -5.61755], [122.71685, -5.62064], [122.71334, -5.61915], [122.70984, -5.62062], [122.7075, -5.62264], [122.70638, -5.62885], [122.70529, -5.62978], [122.70206, -5.6302], [122.70004, -5.63279], [122.69993, -5.63429], [122.69766, -5.63687], [122.69751, -5.63871], [122.69585, -5.63994], [122.69563, -5.64248], [122.69239, -5.64644], [122.69205, -5.64935], [122.68975, -5.65184], [122.68968, -5.65303], [122.68887, -5.65309], [122.6881, -5.65428], [122.68851, -5.65538], [122.68732, -5.65671], [122.68671, -5.6589], [122.68281, -5.66361], [122.68186, -5.66801], [122.67775, -5.67352]]], [[[122.71691, -5.68396], [122.7132, -5.68159], [122.71197, -5.67879], [122.71047, -5.67771], [122.70994, -5.67399], [122.71244, -5.65837], [122.71545, -5.64871], [122.71641, -5.6479], [122.72094, -5.6369], [122.72272, -5.62829], [122.72775, -5.62803], [122.73029, -5.62371], [122.73604, -5.61939], [122.73806, -5.6272], [122.73982, -5.63042], [122.74121, -5.63091], [122.7398, -5.63358], [122.74123, -5.63489], [122.74536, -5.63598], [122.74609, -5.63824], [122.7479, -5.6395], [122.74659, -5.64034], [122.74521, -5.64033], [122.74569, -5.64133], [122.74378, -5.6432], [122.7427, -5.64799], [122.74021, -5.65227], [122.73975, -5.65865], [122.73456, -5.66468], [122.73273, -5.67137], [122.73186, -5.67192], [122.73004, -5.67146], [122.72684, -5.6745], [122.7262, -5.68131], [122.72813, -5.68546], [122.72867, -5.68881], [122.72586, -5.69153], [122.72487, -5.69156], [122.72108, -5.68648], [122.71691, -5.68396]]], [[[122.77793, -5.64961], [122.77646, -5.65016], [122.77171, -5.64949], [122.76767, -5.65016], [122.76205, -5.65349], [122.75845, -5.65678], [122.75721, -5.65594], [122.7581, -5.64628], [122.75891, -5.64383], [122.75471, -5.64009], [122.75122, -5.63915], [122.75157, -5.63788], [122.75041, -5.63757], [122.75034, -5.63494], [122.74645, -5.63374], [122.74624, -5.63415], [122.74502, -5.63325], [122.74649, -5.63129], [122.75172, -5.62915], [122.7477, -5.62637], [122.74729, -5.62541], [122.74838, -5.62432], [122.75198, -5.62442], [122.75252, -5.62402], [122.75216, -5.62313], [122.75309, -5.62308], [122.75059, -5.61904], [122.75656, -5.61639], [122.7568, -5.6146], [122.76064, -5.6142], [122.76721, -5.61463], [122.76962, -5.61748], [122.7711, -5.61806], [122.77251, -5.61991], [122.77352, -5.62277], [122.77361, -5.62646], [122.77442, -5.62749], [122.77375, -5.63055], [122.77564, -5.63215], [122.77747, -5.63573], [122.77827, -5.64077], [122.77968, -5.64343], [122.77908, -5.64744], [122.77793, -5.64961]]]]}}, {"type": "Feature", "properties": {"domain_id": "741407", "name": "SANGIA WAMBULU"}, "geometry": {"type": "Polygon", "coordinates": [[[122.62745, -5.36413], [122.62338, -5.36842], [122.62127, -5.36922], [122.6213, -5.37049], [122.62046, -5.37136], [122.61849, -5.37149], [122.61703, -5.37029], [122.61647, -5.36835], [122.61713, -5.36515], [122.61664, -5.36365], [122.61867, -5.35401], [122.62079, -5.35028], [122.62471, -5.3455], [122.62368, -5.34531], [122.62179, -5.34681], [122.61934, -5.34762], [122.6194, -5.34718], [122.63688, -5.31776], [122.63858, -5.31914], [122.64272, -5.31903], [122.64376, -5.32494], [122.64326, -5.32518], [122.64307, -5.33547], [122.64147, -5.33938], [122.64092, -5.3445], [122.64097, -5.35386], [122.63936, -5.35698], [122.63167, -5.36028], [122.62745, -5.36413]]]}}, {"type": "Feature", "properties": {"domain_id": "747107", "name": "WUA-WUA"}, "geometry": {"type": "Polygon", "coordinates": [[[122.49683, -4.01389], [122.49563, -4.01246], [122.49276, -4.01383], [122.48394, -4.01271], [122.48929, -4.01717], [122.48306, -4.02014], [122.47896, -4.02088], [122.47642, -4.01972], [122.47366, -4.01286], [122.47183, -4.01084], [122.47127, -4.00818], [122.47013, -4.00687], [122.47059, -4.00536], [122.46967, -4.00322], [122.46673, -4.00067], [122.46583, -3.99895], [122.46456, -3.99887], [122.46402, -3.99811], [122.46349, -3.99465], [122.46513, -3.99037], [122.46732, -3.99], [122.47085, -3.99073], [122.47203, -3.98981], [122.47561, -3.98884], [122.47705, -3.98783], [122.4771, -3.98661], [122.48068, -3.98588], [122.48172, -3.98497], [122.48267, -3.98522], [122.48361, -3.98338], [122.48529, -3.9823], [122.49085, -3.97628], [122.49156, -3.97745], [122.49264, -3.98504], [122.50038, -3.98571], [122.50621, -3.98861], [122.50358, -3.99132], [122.50154, -3.99481], [122.4998, -3.99608], [122.50516, -3.99886], [122.51064, -3.99995], [122.51241, -3.99898], [122.51396, -3.99901], [122.51364, -4.0015], [122.51237, -4.00256], [122.51381, -4.00481], [122.51075, -4.00663], [122.51097, -4.00726], [122.51215, -4.00724], [122.51259, -4.00838], [122.51346, -4.00722], [122.51463, -4.00933], [122.51366, -4.00988], [122.51421, -4.01097], [122.51278, -4.01108], [122.51193, -4.00994], [122.49683, -4.01389]]]}}, {"type": "Feature", "properties": {"domain_id": "741202", "name": "WAWONII UTARA"}, "geometry": {"type": "Polygon", "coordinates": [[[123.07874, -4.10603], [123.0713, -4.10801], [123.06667, -4.11101], [123.06462, -4.10495], [123.06081, -4.07867], [123.059, -4.07319], [123.05905, -4.06206], [123.05957, -4.05943], [123.05643, -4.05271], [123.05538, -4.04897], [123.05623, -4.04575], [123.05852, -4.04372], [123.06121, -4.0389], [123.06684, -4.03535], [123.06791, -4.02694], [123.07303, -4.01133], [123.08165, -4.01929], [123.08701, -4.022], [123.09062, -4.02193], [123.09627, -4.0236], [123.10438, -4.02031], [123.1189, -4.01911], [123.12029, -4.02015], [123.12203, -4.01896], [123.12568, -4.01863], [123.1298, -4.01589], [123.13312, -4.01125], [123.13625, -4.00926], [123.13974, -4.00828], [123.14253, -4.00854], [123.14423, -4.00963], [123.14506, -4.00939], [123.14656, -4.01092], [123.14999, -4.01106], [123.15106, -4.01181], [123.15656, -4.01098], [123.16118, -4.00896], [123.16298, -4.00916], [123.16618, -4.00756], [123.16805, -4.00823], [123.1717, -4.00783], [123.17539, -4.00917], [123.18186, -4.00987], [123.18348, -4.00953], [123.18415, -4.01146], [123.18333, -4.01344], [123.1839, -4.01771], [123.18304, -4.02167], [123.18622, -4.02527], [123.18747, -4.0277], [123.18758, -4.03531], [123.18669, -4.03589], [123.18752, -4.03827], [123.18695, -4.041], [123.18757, -4.04219], [123.18629, -4.04552], [123.18404, -4.04787], [123.18346, -4.05001], [123.18115, -4.05322], [123.17803, -4.05577], [123.173, -4.05749], [123.16648, -4.05872], [123.16517, -4.06015], [123.16268, -4.07021], [123.15915, -4.07084], [123.15676, -4.07227], [123.15323, -4.07281], [123.15234, -4.07482], [123.15267, -4.07911], [123.14458, -4.08486], [123.14019, -4.08929], [123.13641, -4.09183], [123.112, -4.10371], [123.10994, -4.10567], [123.10857, -4.1091], [123.10498, -4.11205], [123.10309, -4.11271], [123.09434, -4.11067], [123.0896, -4.10746], [123.08735, -4.10667], [123.07874, -4.10603]]]}}, {"type": "Feature", "properties": {"domain_id": "740912", "name": "LASOLO KEPULAUAN"}, "geometry": {"type": "MultiPolygon", "coordinates": [[[[122.26366, -3.42039], [122.26001, -3.42127], [122.25856, -3.42284], [122.25758, -3.42489], [122.25841, -3.42538], [122.2589, -3.42702], [122.26191, -3.42774], [122.2631, -3.43134], [122.26489, -3.43214], [122.26518, -3.43387], [122.26815, -3.43691], [122.26915, -3.43606], [122.27005, -3.43689], [122.27187, -3.43679], [122.27597, -3.43509], [122.27704, -3.43615], [122.27885, -3.43655], [122.27824, -3.43887], [122.27928, -3.43942], [122.28044, -3.44226], [122.2813, -3.44223], [122.28215, -3.44346], [122.28319, -3.4437], [122.28396, -3.4451], [122.28294, -3.44684], [122.28329, -3.44781], [122.28257, -3.44834], [122.28277, -3.44922], [122.28373, -3.45041], [122.28828, -3.45207], [122.2891, -3.45176], [122.28962, -3.45266], [122.2906, -3.45201], [122.29144, -3.45231], [122.29065, -3.45399], [122.29155, -3.45528], [122.29091, -3.45586], [122.29185, -3.45799], [122.29129, -3.45844], [122.29148, -3.46023], [122.29327, -3.4611], [122.29364, -3.46231], [122.29546, -3.46374], [122.29719, -3.46358], [122.30003, -3.46603], [122.30125, -3.46599], [122.3011, -3.46669], [122.30221, -3.46786], [122.30156, -3.46831], [122.2998, -3.46771], [122.29653, -3.47329], [122.29529, -3.47966], [122.29201, -3.48411], [122.28852, -3.49162], [122.28394, -3.4923], [122.28021, -3.50286], [122.2784, -3.5187], [122.27882, -3.52382], [122.27777, -3.53991], [122.27907, -3.54456], [122.2827, -3.54862], [122.28092, -3.54852], [122.27987, -3.54763], [122.27941, -3.54841], [122.27796, -3.54842], [122.27918, -3.54974], [122.27946, -3.55137], [122.27895, -3.55313], [122.2782, -3.55328], [122.27562, -3.55335], [122.2742, -3.55264], [122.26926, -3.55312], [122.26916, -3.54603], [122.27031, -3.54367], [122.27024, -3.54072], [122.26686, -3.5391], [122.27028, -3.53949], [122.27018, -3.53874], [122.27117, -3.5393], [122.2706, -3.53834], [122.26784, -3.53785], [122.26906, -3.5328], [122.26905, -3.53226], [122.26724, -3.53205], [122.2682, -3.52686], [122.26766, -3.52242], [122.26901, -3.52052], [122.27326, -3.51993], [122.27458, -3.51859], [122.27344, -3.51326], [122.27527, -3.50906], [122.2739, -3.50352], [122.27269, -3.50314], [122.26905, -3.50534], [122.26703, -3.50348], [122.26574, -3.50312], [122.26361, -3.50521], [122.2619, -3.50572], [122.26112, -3.5032], [122.26017, -3.50251], [122.25919, -3.5043], [122.25816, -3.50461], [122.2572, -3.50403], [122.25709, -3.50536], [122.25648, -3.50516], [122.2566, -3.50392], [122.2556, -3.50362], [122.25535, -3.50467], [122.25429, -3.50507], [122.2539, -3.50386], [122.25313, -3.50508], [122.25401, -3.50169], [122.25206, -3.49917], [122.25296, -3.49736], [122.25329, -3.49448], [122.25263, -3.48969], [122.25191, -3.49001], [122.24524, -3.50246], [122.24374, -3.50413], [122.23402, -3.50861], [122.22755, -3.50731], [122.22576, -3.50772], [122.22335, -3.51018], [122.21913, -3.51839], [122.21017, -3.51874], [122.20136, -3.51098], [122.19735, -3.51073], [122.19375, -3.50903], [122.19112, -3.50927], [122.18936, -3.50765], [122.1896, -3.50606], [122.19134, -3.50768], [122.19425, -3.50608], [122.19203, -3.50542], [122.19083, -3.50262], [122.19096, -3.5], [122.19397, -3.49025], [122.19387, -3.48647], [122.19076, -3.4821], [122.18702, -3.47847], [122.18528, -3.47759], [122.18543, -3.4743], [122.18486, -3.47328], [122.18133, -3.47247], [122.18034, -3.47168], [122.18179, -3.46806], [122.18152, -3.46669], [122.17734, -3.4671], [122.17636, -3.4665], [122.17571, -3.46439], [122.17263, -3.46369], [122.17224, -3.46288], [122.1699, -3.462], [122.16914, -3.45879], [122.17092, -3.45327], [122.17091, -3.44835], [122.16958, -3.4475], [122.16925, -3.44544], [122.16411, -3.43873], [122.16296, -3.4332], [122.16318, -3.42981], [122.16426, -3.42731], [122.16066, -3.42256], [122.15882, -3.42109], [122.1576, -3.41594], [122.15421, -3.41082], [122.15423, -3.40808], [122.15833, -3.40447], [122.16682, -3.40162], [122.17199, -3.40103], [122.17374, -3.40296], [122.17621, -3.40267], [122.17924, -3.39902], [122.18014, -3.39694], [122.1798, -3.39577], [122.17839, -3.39518], [122.17846, -3.39455], [122.18384, -3.38726], [122.18739, -3.385], [122.19705, -3.3839], [122.20098, -3.38241], [122.20604, -3.37807], [122.20621, -3.37444], [122.20893, -3.37116], [122.21094, -3.37118], [122.21277, -3.37218], [122.21528, -3.37252], [122.22409, -3.37183], [122.22834, -3.37505], [122.23174, -3.376], [122.23447, -3.3784], [122.23882, -3.3798], [122.24509, -3.38368], [122.24779, -3.38349], [122.24959, -3.38217], [122.25397, -3.38065], [122.25737, -3.38083], [122.25836, -3.38252], [122.26035, -3.38046], [122.26202, -3.37605], [122.26663, -3.37474], [122.26874, -3.36677], [122.27219, -3.35838], [122.27907, -3.3492], [122.28462, -3.34365], [122.28723, -3.34279], [122.29152, -3.34246], [122.29247, -3.34254], [122.29224, -3.34508], [122.29283, -3.34675], [122.29494, -3.3477], [122.29432, -3.34939], [122.29271, -3.35112], [122.29286, -3.3556], [122.29236, -3.35634], [122.29383, -3.35656], [122.29257, -3.35767], [122.29252, -3.35997], [122.29795, -3.36114], [122.30184, -3.361], [122.30275, -3.35879], [122.30167, -3.35686], [122.30434, -3.35567], [122.30426, -3.35801], [122.30551, -3.35926], [122.30484, -3.35957], [122.30451, -3.36375], [122.30533, -3.36457], [122.30675, -3.36461], [122.30771, -3.36583], [122.3096, -3.36595], [122.31124, -3.37003], [122.31336, -3.37047], [122.31452, -3.36974], [122.31756, -3.37022], [122.3209, -3.36975], [122.32312, -3.36659], [122.32353, -3.36321], [122.32433, -3.36241], [122.32532, -3.3628], [122.32602, -3.3645], [122.33084, -3.36602], [122.33343, -3.36504], [122.33536, -3.36611], [122.33741, -3.3651], [122.33966, -3.36813], [122.33934, -3.37011], [122.3402, -3.37008], [122.34041, -3.37602], [122.34184, -3.3761], [122.34561, -3.38022], [122.34708, -3.38074], [122.34816, -3.37994], [122.34919, -3.38032], [122.34891, -3.38191], [122.35102, -3.38237], [122.35155, -3.38421], [122.35339, -3.38367], [122.3536, -3.38585], [122.35567, -3.38507], [122.35643, -3.38246], [122.35913, -3.38139], [122.36278, -3.38105], [122.36467, -3.38296], [122.36643, -3.38294], [122.36684, -3.3835], [122.36809, -3.38301], [122.3684, -3.38187], [122.37136, -3.37969], [122.37399, -3.38254], [122.37553, -3.3832], [122.37585, -3.38421], [122.37656, -3.38389], [122.37428, -3.38566], [122.37484, -3.39122], [122.37902, -3.39367], [122.38349, -3.39987], [122.38456, -3.40031], [122.38562, -3.40187], [122.38689, -3.40216], [122.38793, -3.40442], [122.38846, -3.40359], [122.38892, -3.40438], [122.38856, -3.40536], [122.3905, -3.4088], [122.39001, -3.41159], [122.38759, -3.41623], [122.38784, -3.41749], [122.38709, -3.41761], [122.3865, -3.41941], [122.387, -3.41955], [122.38738, -3.41876], [122.38713, -3.42534], [122.38534, -3.42941], [122.38391, -3.43022], [122.38344, -3.4325], [122.38232, -3.43419], [122.38378, -3.43973], [122.38236, -3.44027], [122.38072, -3.44202], [122.38049, -3.44854], [122.38394, -3.45041], [122.38301, -3.45305], [122.38375, -3.45387], [122.3836, -3.45666], [122.38123, -3.46236], [122.38058, -3.46292], [122.37998, -3.46254], [122.37948, -3.45925], [122.37866, -3.4581], [122.37744, -3.45799], [122.37683, -3.45727], [122.3747, -3.45846], [122.37398, -3.45957], [122.3725, -3.46001], [122.36911, -3.4641], [122.36777, -3.46381], [122.36864, -3.46071], [122.36775, -3.45984], [122.36413, -3.46038], [122.36253, -3.4628], [122.35941, -3.46446], [122.35752, -3.46253], [122.35754, -3.46119], [122.35609, -3.45885], [122.35696, -3.45676], [122.35958, -3.45571], [122.36435, -3.45151], [122.36416, -3.44897], [122.3631, -3.4484], [122.36254, -3.44654], [122.36003, -3.4459], [122.36401, -3.44283], [122.36448, -3.44048], [122.36317, -3.43932], [122.36185, -3.44013], [122.36102, -3.43859], [122.3585, -3.43929], [122.35731, -3.4384], [122.35771, -3.43723], [122.35999, -3.43592], [122.36085, -3.43457], [122.3592, -3.43099], [122.35826, -3.43118], [122.35539, -3.429], [122.3515, -3.4308], [122.35041, -3.4297], [122.35446, -3.42799], [122.35827, -3.42368], [122.35917, -3.4201], [122.35827, -3.41737], [122.35633, -3.41654], [122.35282, -3.41782], [122.35088, -3.41713], [122.34995, -3.4177], [122.35033, -3.41633], [122.34944, -3.40961], [122.34785, -3.40974], [122.3466, -3.4079], [122.34522, -3.40809], [122.34425, -3.40729], [122.34358, -3.4087], [122.33764, -3.41274], [122.33411, -3.41403], [122.33331, -3.41592], [122.33119, -3.41757], [122.33131, -3.41837], [122.32909, -3.42147], [122.32763, -3.42517], [122.32646, -3.42613], [122.32473, -3.42577], [122.32332, -3.42359], [122.32115, -3.42384], [122.31651, -3.42634], [122.31525, -3.42451], [122.31569, -3.42294], [122.3152, -3.42145], [122.31839, -3.42114], [122.3202, -3.41936], [122.3224, -3.41862], [122.32294, -3.41731], [122.3239, -3.41729], [122.32456, -3.41636], [122.32424, -3.41578], [122.32593, -3.41426], [122.32586, -3.41289], [122.32438, -3.41236], [122.32472, -3.41048], [122.32308, -3.40996], [122.32225, -3.41088], [122.32006, -3.41064], [122.32031, -3.4093], [122.31962, -3.40834], [122.32096, -3.40786], [122.32197, -3.40558], [122.32353, -3.40441], [122.32748, -3.40376], [122.32801, -3.40138], [122.32631, -3.39928], [122.32494, -3.39924], [122.32025, -3.39663], [122.32178, -3.39605], [122.32301, -3.39461], [122.32407, -3.39526], [122.3266, -3.3952], [122.32851, -3.39242], [122.33044, -3.39143], [122.33084, -3.38924], [122.32972, -3.3868], [122.32831, -3.38615], [122.32712, -3.38675], [122.3232, -3.38674], [122.32508, -3.38397], [122.32309, -3.38174], [122.32481, -3.38082], [122.32493, -3.37913], [122.32767, -3.37725], [122.32902, -3.37722], [122.32828, -3.37604], [122.32919, -3.3742], [122.32804, -3.37333], [122.32429, -3.3731], [122.32037, -3.37461], [122.31955, -3.37571], [122.3183, -3.37554], [122.31769, -3.37672], [122.31616, -3.37744], [122.31558, -3.37917], [122.31477, -3.37899], [122.3135, -3.37989], [122.31412, -3.38317], [122.31253, -3.38435], [122.31037, -3.38434], [122.30934, -3.385], [122.30819, -3.38355], [122.30691, -3.38312], [122.30673, -3.38104], [122.30452, -3.38166], [122.30399, -3.37971], [122.3019, -3.38061], [122.30057, -3.38043], [122.29843, -3.38213], [122.29651, -3.38244], [122.298, -3.38089], [122.29858, -3.37901], [122.29785, -3.37724], [122.29456, -3.37828], [122.29365, -3.37756], [122.28957, -3.37708], [122.28883, -3.37601], [122.28904, -3.37484], [122.29189, -3.37524], [122.29445, -3.37451], [122.29495, -3.37299], [122.29427, -3.37205], [122.29311, -3.37188], [122.29337, -3.37061], [122.29525, -3.36974], [122.29417, -3.36789], [122.29092, -3.3679], [122.28894, -3.36858], [122.28776, -3.3682], [122.28501, -3.36985], [122.28427, -3.36738], [122.28179, -3.36692], [122.28056, -3.36429], [122.27978, -3.36428], [122.27853, -3.36577], [122.27681, -3.36406], [122.27603, -3.36416], [122.27579, -3.36513], [122.27464, -3.36589], [122.27566, -3.36688], [122.2772, -3.37227], [122.27805, -3.37306], [122.27432, -3.37499], [122.27449, -3.37727], [122.27364, -3.37829], [122.27448, -3.37869], [122.27461, -3.38082], [122.2738, -3.38161], [122.27296, -3.38085], [122.2715, -3.38171], [122.27075, -3.38061], [122.26754, -3.3804], [122.26716, -3.38202], [122.2645, -3.38169], [122.2638, -3.38316], [122.26611, -3.38838], [122.2678, -3.3885], [122.26828, -3.3895], [122.26934, -3.38923], [122.26968, -3.38996], [122.27114, -3.39004], [122.27103, -3.39124], [122.27007, -3.39207], [122.26544, -3.39076], [122.26444, -3.39185], [122.26484, -3.39327], [122.26381, -3.39371], [122.26429, -3.39517], [122.26772, -3.39929], [122.2658, -3.39884], [122.26538, -3.39804], [122.26355, -3.39789], [122.26117, -3.39823], [122.26087, -3.39781], [122.25883, -3.39872], [122.25851, -3.39787], [122.25769, -3.39772], [122.25739, -3.39604], [122.25532, -3.39593], [122.25435, -3.39391], [122.25184, -3.39402], [122.2516, -3.39214], [122.2525, -3.39137], [122.25276, -3.38946], [122.25225, -3.38816], [122.2519, -3.38903], [122.24967, -3.38838], [122.23586, -3.38311], [122.23005, -3.38868], [122.22923, -3.39509], [122.24431, -3.42526], [122.26252, -3.41788], [122.26351, -3.41879], [122.26366, -3.42039]]], [[[122.4212, -3.49082], [122.42031, -3.49032], [122.42009, -3.48766], [122.4179, -3.48651], [122.41724, -3.48443], [122.41517, -3.48388], [122.41443, -3.48249], [122.41303, -3.48289], [122.41136, -3.48091], [122.41212, -3.47939], [122.41108, -3.47929], [122.4099, -3.4773], [122.40914, -3.47724], [122.40932, -3.47589], [122.41047, -3.47514], [122.41015, -3.4744], [122.40936, -3.47447], [122.40929, -3.47168], [122.40826, -3.47205], [122.40879, -3.47061], [122.40818, -3.47047], [122.40744, -3.4674], [122.40762, -3.46612], [122.40842, -3.4656], [122.40729, -3.4633], [122.40703, -3.46049], [122.40821, -3.45918], [122.40738, -3.45908], [122.40618, -3.45512], [122.40722, -3.45385], [122.4084, -3.45408], [122.41017, -3.45142], [122.40781, -3.45164], [122.40718, -3.45082], [122.40667, -3.44935], [122.40731, -3.44783], [122.40698, -3.44659], [122.40567, -3.44804], [122.40395, -3.44523], [122.40448, -3.44891], [122.40374, -3.44769], [122.40291, -3.44782], [122.40065, -3.44619], [122.39982, -3.44382], [122.40044, -3.44295], [122.39983, -3.44248], [122.399, -3.43876], [122.39951, -3.43762], [122.40126, -3.43676], [122.40172, -3.43447], [122.40352, -3.43487], [122.40337, -3.43412], [122.40417, -3.43412], [122.40353, -3.43275], [122.40408, -3.42888], [122.40562, -3.42719], [122.40547, -3.42574], [122.40447, -3.4251], [122.40579, -3.42497], [122.40555, -3.42424], [122.40454, -3.42399], [122.40532, -3.42358], [122.40477, -3.42206], [122.4053, -3.42128], [122.40391, -3.42002], [122.40367, -3.41832], [122.40512, -3.41699], [122.40379, -3.4168], [122.40432, -3.41373], [122.40301, -3.41404], [122.40403, -3.41251], [122.40504, -3.41242], [122.40541, -3.41118], [122.40435, -3.40497], [122.40508, -3.40369], [122.40464, -3.4026], [122.40566, -3.4015], [122.40962, -3.39994], [122.41241, -3.39788], [122.41772, -3.3995], [122.41968, -3.40227], [122.41994, -3.40439], [122.41892, -3.40839], [122.42007, -3.41213], [122.4196, -3.41253], [122.42002, -3.41697], [122.42348, -3.42334], [122.42279, -3.42445], [122.42302, -3.42614], [122.42428, -3.42798], [122.42924, -3.4335], [122.43343, -3.43684], [122.43799, -3.43923], [122.44214, -3.4453], [122.44335, -3.44577], [122.44466, -3.44496], [122.44582, -3.44796], [122.44564, -3.44936], [122.44619, -3.44936], [122.44619, -3.44849], [122.44724, -3.44825], [122.44881, -3.44949], [122.44836, -3.45101], [122.44629, -3.45026], [122.4493, -3.45423], [122.44965, -3.45395], [122.44877, -3.45206], [122.44957, -3.45078], [122.45194, -3.45269], [122.4533, -3.45325], [122.45378, -3.4529], [122.45409, -3.45623], [122.45505, -3.45781], [122.458, -3.45945], [122.46024, -3.46194], [122.46502, -3.46378], [122.46659, -3.46514], [122.46664, -3.46662], [122.46808, -3.46961], [122.46893, -3.46995], [122.46824, -3.47132], [122.46867, -3.47222], [122.46716, -3.47368], [122.46704, -3.47462], [122.46973, -3.4775], [122.4683, -3.47918], [122.46809, -3.48065], [122.46704, -3.48072], [122.4658, -3.47979], [122.465, -3.48022], [122.46367, -3.4839], [122.46548, -3.4844], [122.46605, -3.48399], [122.46657, -3.48469], [122.46573, -3.48576], [122.46496, -3.48457], [122.46387, -3.48475], [122.46357, -3.48574], [122.46077, -3.48479], [122.46246, -3.48333], [122.46133, -3.48218], [122.46146, -3.48109], [122.4629, -3.48123], [122.46366, -3.48024], [122.46158, -3.47753], [122.46057, -3.47735], [122.45939, -3.47977], [122.45858, -3.48013], [122.459, -3.48084], [122.45809, -3.48239], [122.459, -3.48295], [122.45794, -3.4875], [122.45405, -3.48937], [122.45404, -3.49046], [122.45269, -3.48906], [122.45104, -3.48983], [122.44997, -3.48907], [122.44465, -3.48225], [122.44427, -3.47993], [122.4409, -3.47767], [122.43987, -3.47814], [122.43918, -3.48254], [122.44162, -3.48755], [122.44233, -3.48772], [122.44256, -3.48901], [122.44384, -3.48954], [122.44664, -3.49418], [122.44853, -3.49546], [122.44773, -3.49629], [122.44906, -3.4967], [122.44843, -3.49733], [122.44943, -3.49787], [122.45006, -3.49739], [122.4518, -3.50001], [122.45159, -3.50105], [122.45101, -3.50018], [122.45031, -3.50021], [122.44999, -3.50198], [122.44907, -3.5031], [122.44639, -3.50253], [122.44823, -3.50414], [122.44864, -3.5038], [122.44887, -3.50458], [122.44625, -3.50353], [122.44818, -3.50539], [122.44719, -3.50524], [122.44549, -3.50621], [122.44458, -3.50533], [122.44368, -3.50568], [122.44442, -3.50749], [122.44402, -3.50765], [122.44034, -3.50673], [122.44078, -3.50609], [122.44036, -3.50574], [122.43941, -3.50639], [122.4382, -3.50577], [122.43722, -3.50687], [122.43601, -3.50555], [122.43361, -3.50678], [122.43337, -3.50613], [122.43203, -3.50575], [122.42895, -3.50335], [122.42941, -3.50227], [122.42902, -3.50149], [122.42664, -3.50068], [122.4249, -3.49845], [122.42476, -3.49764], [122.42552, -3.49715], [122.42603, -3.49539], [122.42578, -3.49456], [122.42407, -3.49441], [122.4212, -3.49082]]], [[[122.32545, -3.53198], [122.32708, -3.53156], [122.32797, -3.53264], [122.32914, -3.53248], [122.32962, -3.53486], [122.33228, -3.53636], [122.33472, -3.53686], [122.33545, -3.53633], [122.33583, -3.53823], [122.33719, -3.53997], [122.33867, -3.54032], [122.34069, -3.54227], [122.34702, -3.54235], [122.34585, -3.54378], [122.34579, -3.54784], [122.34281, -3.54741], [122.34209, -3.54639], [122.33942, -3.54694], [122.33806, -3.54795], [122.33642, -3.54765], [122.33479, -3.55107], [122.33485, -3.55396], [122.33588, -3.55525], [122.33483, -3.5562], [122.32016, -3.55635], [122.28732, -3.5546], [122.28875, -3.55026], [122.29124, -3.54997], [122.29328, -3.54872], [122.29344, -3.54626], [122.29229, -3.54497], [122.29497, -3.54316], [122.29606, -3.54309], [122.2964, -3.5422], [122.29663, -3.53858], [122.29387, -3.53721], [122.2945, -3.53477], [122.2957, -3.53567], [122.29678, -3.53508], [122.29793, -3.53573], [122.29862, -3.53502], [122.30048, -3.53516], [122.30239, -3.53254], [122.3043, -3.53316], [122.30494, -3.53214], [122.30692, -3.53175], [122.30812, -3.53246], [122.30955, -3.53264], [122.31051, -3.53206], [122.31138, -3.53259], [122.31254, -3.53118], [122.31563, -3.53246], [122.31794, -3.53179], [122.31893, -3.5321], [122.31966, -3.53122], [122.32389, -3.53111], [122.32545, -3.53198]]], [[[122.39783, -3.4597], [122.39689, -3.46059], [122.397, -3.46141], [122.39623, -3.46173], [122.39421, -3.45994], [122.39338, -3.45674], [122.39438, -3.45272], [122.39708, -3.4557], [122.39884, -3.46003], [122.39783, -3.4597]]], [[[122.48589, -3.48209], [122.4863, -3.48383], [122.48698, -3.48399], [122.48711, -3.48343], [122.48832, -3.48452], [122.48728, -3.48486], [122.48641, -3.4867], [122.48438, -3.48869], [122.48335, -3.48788], [122.48296, -3.48607], [122.48354, -3.48089], [122.48448, -3.47938], [122.48645, -3.48225], [122.48589, -3.48209]]], [[[122.40054, -3.46099], [122.40149, -3.46531], [122.39893, -3.46454], [122.39883, -3.46593], [122.39783, -3.46628], [122.39647, -3.4653], [122.39593, -3.46684], [122.39502, -3.46727], [122.39457, -3.46593], [122.39542, -3.46422], [122.39646, -3.46471], [122.39675, -3.46342], [122.39772, -3.46294], [122.39768, -3.462], [122.39864, -3.46178], [122.39927, -3.46059], [122.40054, -3.46099]]], [[[122.42133, -3.49432], [122.42192, -3.49476], [122.42147, -3.49511], [122.4218, -3.49717], [122.42126, -3.49731], [122.41894, -3.49519], [122.41935, -3.49468], [122.41824, -3.49446], [122.41684, -3.49269], [122.42133, -3.49432]]]]}}, {"type": "Feature", "properties": {"domain_id": "741403", "name": "MAWASANGKA TENGAH"}, "geometry": {"type": "Polygon", "coordinates": [[[122.37784, -5.37664], [122.37494, -5.38074], [122.37141, -5.3822], [122.3703, -5.38429], [122.36755, -5.38612], [122.36675, -5.38765], [122.36137, -5.39063], [122.35173, -5.39182], [122.34829, -5.39328], [122.34148, -5.39375], [122.33605, -5.39559], [122.3328, -5.39551], [122.33083, -5.38514], [122.32573, -5.36912], [122.32552, -5.36457], [122.32236, -5.35216], [122.32368, -5.34276], [122.32961, -5.33204], [122.33018, -5.3293], [122.33335, -5.32587], [122.33566, -5.3189], [122.33724, -5.31746], [122.33923, -5.31289], [122.3448, -5.30628], [122.35222, -5.29285], [122.36591, -5.27692], [122.3633, -5.277], [122.35833, -5.27505], [122.35149, -5.26713], [122.35814, -5.2649], [122.3748, -5.2617], [122.37627, -5.26121], [122.37799, -5.25948], [122.38335, -5.26068], [122.38692, -5.26423], [122.39098, -5.26602], [122.39449, -5.26612], [122.39637, -5.26491], [122.39661, -5.26222], [122.39595, -5.26059], [122.3998, -5.25662], [122.40734, -5.25377], [122.40842, -5.25375], [122.41014, -5.25548], [122.41136, -5.25569], [122.41715, -5.25304], [122.42418, -5.25354], [122.43075, -5.25548], [122.44375, -5.25409], [122.44473, -5.25666], [122.45656, -5.27486], [122.46718, -5.28749], [122.4741, -5.29968], [122.47519, -5.30042], [122.4795, -5.30017], [122.47895, -5.30191], [122.48045, -5.30451], [122.47968, -5.3065], [122.47867, -5.30731], [122.47933, -5.30973], [122.47785, -5.30967], [122.47596, -5.30849], [122.46135, -5.31037], [122.45074, -5.31234], [122.44861, -5.31302], [122.4471, -5.31434], [122.44326, -5.31488], [122.44045, -5.31446], [122.44119, -5.31323], [122.43933, -5.31407], [122.43728, -5.31302], [122.43564, -5.31386], [122.43444, -5.31223], [122.43255, -5.31359], [122.43163, -5.31345], [122.43163, -5.31452], [122.43061, -5.31506], [122.42841, -5.31444], [122.42975, -5.31356], [122.42991, -5.31269], [122.427, -5.31317], [122.42443, -5.31452], [122.41362, -5.31534], [122.41209, -5.31492], [122.41124, -5.31588], [122.40892, -5.31644], [122.40227, -5.31693], [122.40036, -5.31594], [122.39934, -5.31318], [122.39753, -5.31289], [122.39668, -5.31356], [122.39715, -5.31592], [122.39489, -5.31604], [122.39225, -5.32057], [122.39076, -5.32146], [122.38499, -5.32066], [122.38032, -5.32249], [122.37683, -5.32535], [122.37271, -5.33215], [122.37079, -5.3372], [122.37034, -5.34073], [122.37451, -5.35234], [122.37592, -5.3544], [122.37822, -5.35521], [122.37905, -5.35686], [122.38148, -5.35887], [122.3823, -5.36066], [122.38168, -5.36823], [122.38053, -5.37144], [122.37927, -5.37241], [122.37784, -5.37664]]]}}, {"type": "Feature", "properties": {"domain_id": "740233", "name": "KAPOIALA"}, "geometry": {"type": "Polygon", "coordinates": [[[122.48974, -3.8877], [122.48882, -3.89026], [122.48684, -3.89135], [122.48642, -3.89346], [122.48474, -3.89507], [122.4841, -3.897], [122.49111, -3.90093], [122.49193, -3.90332], [122.48678, -3.90429], [122.48608, -3.90545], [122.48425, -3.90633], [122.48416, -3.90868], [122.48342, -3.90902], [122.4823, -3.90714], [122.48191, -3.90355], [122.48073, -3.90251], [122.48021, -3.89738], [122.47863, -3.89643], [122.4768, -3.89708], [122.47503, -3.89525], [122.47029, -3.89345], [122.46974, -3.89085], [122.47054, -3.88671], [122.46812, -3.88678], [122.46761, -3.88623], [122.46928, -3.88512], [122.46707, -3.88255], [122.46768, -3.88052], [122.45617, -3.86658], [122.45425, -3.8629], [122.45359, -3.85888], [122.45442, -3.85797], [122.45366, -3.85622], [122.45236, -3.85562], [122.45305, -3.85361], [122.45153, -3.85305], [122.45384, -3.85024], [122.45287, -3.8486], [122.45423, -3.84457], [122.45324, -3.84362], [122.45273, -3.83985], [122.45282, -3.83928], [122.4588, -3.83764], [122.46018, -3.83619], [122.46039, -3.83388], [122.45906, -3.82278], [122.45946, -3.82144], [122.46062, -3.8206], [122.46835, -3.82103], [122.47175, -3.82206], [122.4737, -3.82171], [122.47488, -3.82289], [122.47609, -3.82233], [122.47779, -3.8202], [122.47956, -3.82051], [122.48299, -3.82544], [122.48551, -3.82667], [122.49211, -3.83767], [122.49389, -3.83939], [122.49474, -3.84299], [122.49573, -3.84274], [122.49638, -3.84326], [122.49999, -3.84942], [122.50531, -3.85396], [122.50705, -3.85703], [122.50797, -3.85946], [122.50783, -3.86164], [122.50356, -3.86334], [122.50363, -3.86463], [122.50558, -3.8648], [122.5064, -3.86549], [122.50789, -3.86888], [122.50641, -3.87456], [122.50632, -3.87848], [122.50567, -3.87881], [122.50539, -3.88083], [122.50316, -3.88327], [122.49793, -3.88399], [122.49458, -3.8836], [122.49207, -3.8852], [122.48974, -3.8877]]]}}, {"type": "Feature", "properties": {"domain_id": "741308", "name": "TIWORO UTARA"}, "geometry": {"type": "MultiPolygon", "coordinates": [[[[122.32894, -4.72533], [122.32587, -4.72606], [122.32371, -4.72493], [122.3234, -4.7231], [122.3244, -4.71997], [122.3263, -4.71722], [122.33011, -4.70836], [122.34815, -4.68363], [122.36755, -4.66582], [122.36994, -4.66445], [122.37252, -4.66387], [122.37596, -4.66401], [122.37872, -4.66503], [122.3808, -4.66779], [122.38097, -4.67086], [122.3804, -4.67278], [122.36817, -4.68934], [122.36475, -4.69627], [122.35866, -4.70006], [122.35051, -4.70643], [122.34851, -4.71006], [122.34754, -4.71354], [122.34259, -4.7153], [122.33041, -4.72498], [122.32894, -4.72533]]], [[[122.38102, -4.74552], [122.3903, -4.74736], [122.39336, -4.74742], [122.39601, -4.74666], [122.39945, -4.74838], [122.39962, -4.75115], [122.40217, -4.75239], [122.4029, -4.75368], [122.40214, -4.75529], [122.39985, -4.75626], [122.40041, -4.75834], [122.3998, -4.75985], [122.40015, -4.76124], [122.39915, -4.76241], [122.4001, -4.76466], [122.39742, -4.7678], [122.39711, -4.77077], [122.38986, -4.77495], [122.38395, -4.77544], [122.38033, -4.77454], [122.37923, -4.77327], [122.37579, -4.77261], [122.37539, -4.77109], [122.37611, -4.7704], [122.37512, -4.76941], [122.37401, -4.76963], [122.37337, -4.76779], [122.37217, -4.76669], [122.37262, -4.76552], [122.36304, -4.76499], [122.36059, -4.76293], [122.3612, -4.76225], [122.36194, -4.75799], [122.36334, -4.75622], [122.36611, -4.75464], [122.36661, -4.75213], [122.36887, -4.74984], [122.36869, -4.74911], [122.37045, -4.74902], [122.37021, -4.74666], [122.37248, -4.74498], [122.37214, -4.7437], [122.37399, -4.73845], [122.37454, -4.73831], [122.37405, -4.73973], [122.37773, -4.74227], [122.37901, -4.74445], [122.38102, -4.74552]]], [[[122.30252, -4.71639], [122.3019, -4.71675], [122.29653, -4.71394], [122.29457, -4.71213], [122.29203, -4.70732], [122.29163, -4.70415], [122.29396, -4.69783], [122.29707, -4.69309], [122.30089, -4.68914], [122.30789, -4.68487], [122.31627, -4.68783], [122.31781, -4.69008], [122.31818, -4.69253], [122.31609, -4.698], [122.30389, -4.71606], [122.30252, -4.71639]]], [[[122.3533, -4.63576], [122.36019, -4.63681], [122.36336, -4.63919], [122.3639, -4.64126], [122.36369, -4.64538], [122.36137, -4.65342], [122.35728, -4.65965], [122.35527, -4.66116], [122.34913, -4.66439], [122.34617, -4.66519], [122.34331, -4.66516], [122.34128, -4.66337], [122.34127, -4.6617], [122.34065, -4.66136], [122.34017, -4.65933], [122.34015, -4.656], [122.34224, -4.65096], [122.34403, -4.65013], [122.34488, -4.65035], [122.34454, -4.64976], [122.34514, -4.64918], [122.34349, -4.64931], [122.34444, -4.64837], [122.34426, -4.64634], [122.34597, -4.64742], [122.34572, -4.64837], [122.34745, -4.64925], [122.34782, -4.6488], [122.34665, -4.64833], [122.34484, -4.64514], [122.34518, -4.64084], [122.34647, -4.63747], [122.34749, -4.63653], [122.34905, -4.63589], [122.3533, -4.63576]]], [[[122.34445, -4.62812], [122.3428, -4.62794], [122.33999, -4.63016], [122.33621, -4.63674], [122.33455, -4.64196], [122.33084, -4.64468], [122.33033, -4.64794], [122.32828, -4.64893], [122.32903, -4.65081], [122.32777, -4.65495], [122.32616, -4.65476], [122.32524, -4.65757], [122.32255, -4.65812], [122.32265, -4.65897], [122.32171, -4.659], [122.32215, -4.66105], [122.32161, -4.66172], [122.31962, -4.66099], [122.31924, -4.66238], [122.31788, -4.66281], [122.31753, -4.66046], [122.31706, -4.66206], [122.31496, -4.66333], [122.31406, -4.66316], [122.31305, -4.66162], [122.31268, -4.65818], [122.31364, -4.65553], [122.31359, -4.64961], [122.31454, -4.64753], [122.31847, -4.64471], [122.31913, -4.64553], [122.3229, -4.64569], [122.32375, -4.64661], [122.32378, -4.64557], [122.32127, -4.64234], [122.32389, -4.64003], [122.32481, -4.64001], [122.32459, -4.63931], [122.32715, -4.63735], [122.33079, -4.63552], [122.33936, -4.62828], [122.34485, -4.6207], [122.34755, -4.61955], [122.35059, -4.62058], [122.35134, -4.62342], [122.35021, -4.62565], [122.34445, -4.62812]]], [[[122.33015, -4.61224], [122.32511, -4.62313], [122.32355, -4.625], [122.3208, -4.62617], [122.31632, -4.62685], [122.31174, -4.6237], [122.31074, -4.6218], [122.31112, -4.614], [122.31204, -4.61171], [122.3143, -4.60975], [122.32033, -4.60902], [122.32454, -4.61012], [122.32479, -4.60945], [122.32709, -4.60922], [122.32987, -4.60761], [122.33106, -4.60915], [122.33015, -4.61224]]], [[[122.35835, -4.73138], [122.35735, -4.73334], [122.35558, -4.73415], [122.35818, -4.73434], [122.35646, -4.74101], [122.35481, -4.74012], [122.35091, -4.74028], [122.34792, -4.73693], [122.34758, -4.7359], [122.34891, -4.7303], [122.34848, -4.72895], [122.35437, -4.72981], [122.35527, -4.73046], [122.35652, -4.72878], [122.35804, -4.72865], [122.35848, -4.72894], [122.35835, -4.73138]]], [[[122.33136, -4.58124], [122.32991, -4.58405], [122.32741, -4.58498], [122.32388, -4.5825], [122.32332, -4.58292], [122.32194, -4.58248], [122.32117, -4.57973], [122.32204, -4.57814], [122.32392, -4.57879], [122.32439, -4.57963], [122.32494, -4.57798], [122.32712, -4.57625], [122.329, -4.57224], [122.33175, -4.57112], [122.33289, -4.57174], [122.33327, -4.57407], [122.33136, -4.58124]]], [[[122.29628, -4.66731], [122.29692, -4.65894], [122.29804, -4.65541], [122.30134, -4.65095], [122.30307, -4.65054], [122.30361, -4.65113], [122.30326, -4.65623], [122.30377, -4.65962], [122.30262, -4.65997], [122.30052, -4.66391], [122.29892, -4.66493], [122.29887, -4.66747], [122.29674, -4.66776], [122.29628, -4.66731]]], [[[122.32683, -4.69409], [122.32622, -4.69356], [122.32616, -4.69176], [122.32707, -4.68868], [122.33361, -4.68302], [122.33577, -4.68328], [122.33469, -4.68907], [122.32901, -4.69419], [122.3278, -4.69464], [122.32683, -4.69409]]], [[[122.39005, -4.69656], [122.3885, -4.6985], [122.38471, -4.69956], [122.38187, -4.69948], [122.3807, -4.69817], [122.38075, -4.69699], [122.38165, -4.69597], [122.38777, -4.69565], [122.38988, -4.69581], [122.39005, -4.69656]]], [[[122.35233, -4.58567], [122.34978, -4.59013], [122.3474, -4.59073], [122.34726, -4.58636], [122.348, -4.58405], [122.35214, -4.58325], [122.35233, -4.58567]]], [[[122.39873, -4.71847], [122.3976, -4.71708], [122.39815, -4.71492], [122.39907, -4.7141], [122.40126, -4.71408], [122.40218, -4.7154], [122.40133, -4.71835], [122.39933, -4.71905], [122.39873, -4.71847]]], [[[122.29914, -4.58099], [122.29772, -4.57965], [122.29728, -4.57827], [122.29779, -4.57668], [122.29909, -4.57608], [122.30107, -4.57768], [122.30165, -4.58018], [122.30079, -4.58129], [122.29914, -4.58099]]], [[[122.38783, -4.64393], [122.39114, -4.63873], [122.39334, -4.63643], [122.39475, -4.63623], [122.39439, -4.63723], [122.39145, -4.63945], [122.39168, -4.64089], [122.39051, -4.64252], [122.38847, -4.64406], [122.38783, -4.64393]]], [[[122.42416, -4.67049], [122.425, -4.67107], [122.42654, -4.67038], [122.4265, -4.67176], [122.42524, -4.67369], [122.42357, -4.67349], [122.42185, -4.67219], [122.42319, -4.6698], [122.42366, -4.6707], [122.42416, -4.67049]]], [[[122.40334, -4.66531], [122.40143, -4.66316], [122.40426, -4.66231], [122.40661, -4.66291], [122.40436, -4.66537], [122.40334, -4.66531]]], [[[122.30422, -4.66664], [122.3041, -4.66517], [122.3063, -4.66219], [122.30646, -4.66597], [122.30422, -4.66664]]]]}}, {"type": "Feature", "properties": {"domain_id": "740702", "name": "KALEDUPA"}, "geometry": {"type": "MultiPolygon", "coordinates": [[[[123.76219, -5.53741], [123.75515, -5.5436], [123.75298, -5.53997], [123.74966, -5.53672], [123.74917, -5.53461], [123.74957, -5.53332], [123.74775, -5.53507], [123.74686, -5.53351], [123.74517, -5.53238], [123.74393, -5.52999], [123.74179, -5.52972], [123.73955, -5.5277], [123.73765, -5.52704], [123.7349, -5.52696], [123.73022, -5.52313], [123.72952, -5.52149], [123.72782, -5.52147], [123.72644, -5.52041], [123.72363, -5.51552], [123.72138, -5.51469], [123.72015, -5.51334], [123.72008, -5.51145], [123.71672, -5.50946], [123.71741, -5.50796], [123.71592, -5.50832], [123.7134, -5.50627], [123.71218, -5.50398], [123.7131, -5.50248], [123.71076, -5.49958], [123.71003, -5.49729], [123.70836, -5.49689], [123.70878, -5.49597], [123.70719, -5.49289], [123.70496, -5.49186], [123.7037, -5.48815], [123.70283, -5.48836], [123.70288, -5.4874], [123.70115, -5.48572], [123.69927, -5.47981], [123.69612, -5.47784], [123.69147, -5.47309], [123.69002, -5.4708], [123.69017, -5.46963], [123.69124, -5.46923], [123.69444, -5.4708], [123.69503, -5.47039], [123.69623, -5.47162], [123.69967, -5.47327], [123.70369, -5.4721], [123.71514, -5.47859], [123.71887, -5.47796], [123.72108, -5.47581], [123.72332, -5.47681], [123.72401, -5.47627], [123.72653, -5.47658], [123.73212, -5.47988], [123.73384, -5.48231], [123.73353, -5.48505], [123.73153, -5.48688], [123.73275, -5.48787], [123.7329, -5.48941], [123.73491, -5.49002], [123.73665, -5.49157], [123.73715, -5.49114], [123.73988, -5.4916], [123.7406, -5.49253], [123.74236, -5.49266], [123.74477, -5.49397], [123.74667, -5.49526], [123.74691, -5.49668], [123.74811, -5.49757], [123.74811, -5.49878], [123.74853, -5.49748], [123.75055, -5.4982], [123.75161, -5.49785], [123.75238, -5.49848], [123.75297, -5.49731], [123.75443, -5.49758], [123.75413, -5.49623], [123.75513, -5.49649], [123.75551, -5.49584], [123.75572, -5.49688], [123.75521, -5.49673], [123.75577, -5.4976], [123.75717, -5.49755], [123.75619, -5.49898], [123.7574, -5.50238], [123.76339, -5.50403], [123.76452, -5.50483], [123.76449, -5.50563], [123.76525, -5.50503], [123.76537, -5.50615], [123.76587, -5.50605], [123.76566, -5.50553], [123.76627, -5.50626], [123.76578, -5.50706], [123.76645, -5.50648], [123.76739, -5.50712], [123.76801, -5.50863], [123.76931, -5.50952], [123.7704, -5.50834], [123.77085, -5.50855], [123.77046, -5.50963], [123.77002, -5.5091], [123.76985, -5.50943], [123.77254, -5.51166], [123.77396, -5.51493], [123.77538, -5.5141], [123.77404, -5.51509], [123.77493, -5.51721], [123.77474, -5.51969], [123.77686, -5.5206], [123.77866, -5.5245], [123.78008, -5.52502], [123.78028, -5.52609], [123.78208, -5.52772], [123.7776, -5.53175], [123.76937, -5.53119], [123.7679, -5.53248], [123.7636, -5.5344], [123.76219, -5.53741]]], [[[123.7789, -5.46692], [123.7808, -5.46708], [123.78445, -5.47135], [123.787, -5.47525], [123.7864, -5.47705], [123.78098, -5.47552], [123.78053, -5.47468], [123.78025, -5.47514], [123.78059, -5.47448], [123.78009, -5.47463], [123.77993, -5.47211], [123.77792, -5.47202], [123.77646, -5.47313], [123.77338, -5.46992], [123.77032, -5.47138], [123.76754, -5.47426], [123.76735, -5.47529], [123.76568, -5.47459], [123.7648, -5.47592], [123.76433, -5.47568], [123.76317, -5.47678], [123.76237, -5.47609], [123.76135, -5.47635], [123.76133, -5.4602], [123.76239, -5.45876], [123.76617, -5.45801], [123.76752, -5.4569], [123.76828, -5.45723], [123.76749, -5.45806], [123.7686, -5.45922], [123.77077, -5.45965], [123.77213, -5.45882], [123.77277, -5.45945], [123.77275, -5.45755], [123.77235, -5.45733], [123.77212, -5.45858], [123.77089, -5.4576], [123.772, -5.45641], [123.77373, -5.45668], [123.77373, -5.45848], [123.7747, -5.45853], [123.77513, -5.45752], [123.77609, -5.45898], [123.77525, -5.45947], [123.77526, -5.46113], [123.77676, -5.46272], [123.77714, -5.46564], [123.7789, -5.46692]]], [[[123.74167, -5.53555], [123.74277, -5.53674], [123.74557, -5.53636], [123.74948, -5.53831], [123.74948, -5.54069], [123.75366, -5.54383], [123.75495, -5.54569], [123.75466, -5.54635], [123.74638, -5.55088], [123.73939, -5.54412], [123.73649, -5.54226], [123.73839, -5.54002], [123.73791, -5.53807], [123.7362, -5.5365], [123.73672, -5.53455], [123.73763, -5.53351], [123.73967, -5.53398], [123.73996, -5.53327], [123.74167, -5.53555]]], [[[123.76468, -5.48526], [123.76716, -5.48703], [123.7705, -5.48757], [123.77167, -5.49085], [123.7711, -5.49197], [123.76445, -5.49], [123.76256, -5.49062], [123.76165, -5.49165], [123.76208, -5.49376], [123.76054, -5.49391], [123.75497, -5.49194], [123.74786, -5.49274], [123.74617, -5.49057], [123.746, -5.48934], [123.74732, -5.48759], [123.74706, -5.48611], [123.74755, -5.48543], [123.75206, -5.48446], [123.75977, -5.48403], [123.76222, -5.48543], [123.76468, -5.48526]]]]}}, {"type": "Feature", "properties": {"domain_id": "741108", "name": "ULUIWOI"}, "geometry": {"type": "Polygon", "coordinates": [[[121.70679, -3.81398], [121.70372, -3.81007], [121.7031, -3.81018], [121.70164, -3.81296], [121.70159, -3.81468], [121.70269, -3.81518], [121.70178, -3.81567], [121.70063, -3.81984], [121.69975, -3.82101], [121.69897, -3.82105], [121.69788, -3.8231], [121.69446, -3.82408], [121.69374, -3.82379], [121.69366, -3.82261], [121.69182, -3.82374], [121.69218, -3.82476], [121.68891, -3.82635], [121.68578, -3.82497], [121.68129, -3.82735], [121.6811, -3.82874], [121.67944, -3.82902], [121.6773, -3.83178], [121.67647, -3.83476], [121.67721, -3.83572], [121.67657, -3.83676], [121.67706, -3.8382], [121.67527, -3.83925], [121.67407, -3.84119], [121.66693, -3.84596], [121.6643, -3.84867], [121.66371, -3.85383], [121.66187, -3.85682], [121.66058, -3.86096], [121.65836, -3.86445], [121.65871, -3.87089], [121.65651, -3.87725], [121.65484, -3.888], [121.65484, -3.8919], [121.65244, -3.89547], [121.65396, -3.90109], [121.65542, -3.90466], [121.65696, -3.90655], [121.65736, -3.90947], [121.65496, -3.90982], [121.6541, -3.90921], [121.65351, -3.91061], [121.65277, -3.91087], [121.65027, -3.91009], [121.64693, -3.91092], [121.64242, -3.9098], [121.6383, -3.90984], [121.63497, -3.90677], [121.62696, -3.90121], [121.62697, -3.90009], [121.62455, -3.89773], [121.62408, -3.89441], [121.62306, -3.89396], [121.6208, -3.89429], [121.61884, -3.89224], [121.61796, -3.8901], [121.6183, -3.88459], [121.6131, -3.87958], [121.6061, -3.87658], [121.60547, -3.87542], [121.60523, -3.87221], [121.60339, -3.8711], [121.60415, -3.87044], [121.60406, -3.86968], [121.60175, -3.86317], [121.60372, -3.86068], [121.60519, -3.85396], [121.60439, -3.85034], [121.60484, -3.84937], [121.60444, -3.847], [121.60617, -3.84445], [121.60694, -3.8406], [121.60859, -3.83678], [121.61041, -3.83467], [121.61025, -3.83232], [121.61106, -3.82996], [121.60841, -3.8271], [121.60924, -3.82408], [121.60924, -3.82112], [121.60443, -3.81761], [121.59982, -3.81917], [121.59643, -3.81885], [121.59196, -3.81274], [121.58926, -3.81113], [121.58915, -3.80958], [121.58731, -3.80652], [121.58403, -3.80427], [121.58319, -3.80276], [121.57918, -3.80123], [121.57748, -3.79665], [121.57846, -3.79558], [121.57882, -3.79376], [121.57863, -3.78917], [121.58133, -3.78556], [121.58413, -3.78371], [121.58866, -3.7753], [121.59216, -3.77188], [121.59305, -3.76806], [121.59289, -3.76589], [121.59444, -3.76164], [121.6009, -3.75505], [121.60394, -3.74886], [121.60847, -3.74224], [121.60981, -3.74217], [121.61254, -3.73906], [121.61332, -3.73679], [121.61193, -3.73473], [121.61586, -3.73306], [121.6164, -3.73355], [121.61608, -3.73481], [121.61873, -3.73542], [121.61911, -3.73724], [121.62069, -3.73624], [121.62208, -3.7362], [121.62363, -3.73667], [121.62472, -3.73796], [121.62787, -3.73792], [121.63032, -3.73912], [121.6312, -3.73859], [121.63165, -3.73671], [121.63239, -3.73614], [121.63502, -3.73649], [121.63605, -3.73424], [121.63899, -3.73606], [121.6384, -3.73774], [121.64094, -3.73833], [121.64201, -3.73781], [121.64206, -3.7364], [121.64354, -3.73436], [121.64414, -3.73714], [121.64776, -3.7358], [121.64885, -3.73793], [121.64951, -3.73813], [121.65015, -3.73664], [121.6484, -3.73333], [121.64841, -3.73223], [121.65063, -3.73217], [121.65242, -3.73381], [121.65856, -3.73404], [121.659, -3.73347], [121.65859, -3.73136], [121.66152, -3.7324], [121.66221, -3.73005], [121.66423, -3.72999], [121.66639, -3.72891], [121.67252, -3.7319], [121.67362, -3.73309], [121.67485, -3.73633], [121.67826, -3.73909], [121.6804, -3.73874], [121.68135, -3.73988], [121.68095, -3.74103], [121.68157, -3.74241], [121.68535, -3.74418], [121.68521, -3.74751], [121.68229, -3.74764], [121.68105, -3.74676], [121.67871, -3.74789], [121.6786, -3.74928], [121.68049, -3.75034], [121.67946, -3.75319], [121.68076, -3.75388], [121.68211, -3.75215], [121.68383, -3.75213], [121.68457, -3.75762], [121.68548, -3.75936], [121.68881, -3.76116], [121.69242, -3.76095], [121.6929, -3.76398], [121.69367, -3.76451], [121.69612, -3.76353], [121.69634, -3.76511], [121.6954, -3.76646], [121.69554, -3.76808], [121.69653, -3.76889], [121.69942, -3.76891], [121.70046, -3.77168], [121.70153, -3.77168], [121.70167, -3.77423], [121.69988, -3.77652], [121.70044, -3.7779], [121.70382, -3.77764], [121.70775, -3.77538], [121.71262, -3.77553], [121.71528, -3.77139], [121.71626, -3.77106], [121.71764, -3.77183], [121.71942, -3.77183], [121.72185, -3.77114], [121.7213, -3.76867], [121.7232, -3.76832], [121.72599, -3.76619], [121.72901, -3.76653], [121.73043, -3.76834], [121.73127, -3.76854], [121.73251, -3.76788], [121.73355, -3.76574], [121.73495, -3.76539], [121.73718, -3.76656], [121.7381, -3.76905], [121.73943, -3.7697], [121.74045, -3.76895], [121.74095, -3.766], [121.74249, -3.76568], [121.74819, -3.76684], [121.75037, -3.76415], [121.75237, -3.76363], [121.75317, -3.7615], [121.75814, -3.75862], [121.76094, -3.75945], [121.76473, -3.76416], [121.7698, -3.76646], [121.77404, -3.76743], [121.77577, -3.76707], [121.78097, -3.76351], [121.78751, -3.76233], [121.78939, -3.76495], [121.79442, -3.76906], [121.7952, -3.77155], [121.7967, -3.77326], [121.79673, -3.77527], [121.79844, -3.7769], [121.79884, -3.78008], [121.7984, -3.78405], [121.79976, -3.78692], [121.80206, -3.78898], [121.80318, -3.79142], [121.80073, -3.79905], [121.80181, -3.80089], [121.80234, -3.80398], [121.80473, -3.80574], [121.80701, -3.81186], [121.80564, -3.81692], [121.80352, -3.8172], [121.80309, -3.81817], [121.79989, -3.81988], [121.79647, -3.82395], [121.79525, -3.8235], [121.78747, -3.82521], [121.7806, -3.82525], [121.77913, -3.82585], [121.7731, -3.82331], [121.77276, -3.82198], [121.76662, -3.82543], [121.76359, -3.82991], [121.75748, -3.83068], [121.75466, -3.83206], [121.75191, -3.83168], [121.73811, -3.83606], [121.73597, -3.835], [121.73167, -3.83533], [121.72974, -3.83247], [121.7289, -3.82826], [121.72747, -3.82698], [121.72757, -3.82172], [121.72581, -3.81964], [121.72484, -3.81928], [121.72289, -3.82033], [121.72011, -3.81842], [121.71731, -3.81862], [121.71302, -3.81716], [121.71183, -3.81729], [121.70777, -3.81546], [121.70679, -3.81398]]]}}, {"type": "Feature", "properties": {"domain_id": "747104", "name": "POASIA"}, "geometry": {"type": "Polygon", "coordinates": [[[122.56326, -4.07174], [122.5623, -4.07162], [122.56106, -4.04856], [122.55622, -4.04518], [122.55302, -4.04026], [122.55106, -4.03442], [122.54593, -4.0324], [122.53868, -4.02614], [122.53554, -4.0165], [122.53346, -3.9943], [122.53458, -3.98961], [122.53572, -3.98925], [122.53813, -3.99], [122.54203, -3.98925], [122.54493, -3.99034], [122.54692, -3.99005], [122.55188, -3.99148], [122.55183, -3.99202], [122.55231, -3.99163], [122.55203, -3.99225], [122.55351, -3.99283], [122.5541, -3.99256], [122.55344, -3.99205], [122.55472, -3.98831], [122.55603, -3.98723], [122.5559, -3.98659], [122.55715, -3.98629], [122.55751, -3.98716], [122.56008, -3.98554], [122.55921, -3.98478], [122.56046, -3.98444], [122.56019, -3.98555], [122.56112, -3.98588], [122.56099, -3.98492], [122.56636, -3.98296], [122.56834, -3.98284], [122.56868, -3.98416], [122.56783, -3.98498], [122.56799, -3.98592], [122.56929, -3.98792], [122.57072, -3.98877], [122.57096, -3.99015], [122.57309, -3.99264], [122.57264, -3.99458], [122.57309, -3.99561], [122.57197, -3.9978], [122.57235, -3.99972], [122.57088, -4.00182], [122.57161, -4.00442], [122.57108, -4.00863], [122.57342, -4.01068], [122.57601, -4.0102], [122.57361, -4.01383], [122.57354, -4.01669], [122.57441, -4.02623], [122.57728, -4.03015], [122.5769, -4.03188], [122.57829, -4.03479], [122.57759, -4.03976], [122.57932, -4.04234], [122.58213, -4.04282], [122.58327, -4.04381], [122.5879, -4.05056], [122.59, -4.06115], [122.56326, -4.07174]]]}}, {"type": "Feature", "properties": {"domain_id": "740101", "name": "WUNDULAKO"}, "geometry": {"type": "MultiPolygon", "coordinates": [[[[121.61499, -4.08472], [121.61522, -4.0868], [121.61816, -4.08857], [121.61799, -4.08994], [121.61891, -4.0904], [121.61885, -4.09275], [121.62229, -4.09433], [121.62309, -4.09541], [121.62358, -4.09707], [121.62241, -4.09734], [121.62252, -4.10055], [121.62407, -4.10104], [121.6245, -4.10229], [121.62407, -4.10448], [121.62529, -4.10364], [121.62833, -4.10586], [121.62949, -4.10527], [121.63134, -4.10606], [121.63323, -4.10509], [121.63463, -4.10271], [121.63689, -4.10096], [121.63775, -4.0999], [121.63739, -4.0988], [121.64057, -4.0976], [121.63953, -4.09782], [121.64349, -4.0903], [121.64465, -4.09016], [121.64561, -4.08708], [121.64658, -4.08626], [121.64619, -4.0838], [121.64992, -4.0777], [121.65189, -4.07708], [121.65322, -4.07577], [121.65483, -4.07697], [121.65648, -4.07724], [121.65751, -4.07896], [121.65998, -4.0783], [121.66303, -4.07852], [121.66537, -4.07622], [121.66751, -4.07609], [121.66834, -4.07289], [121.66987, -4.07348], [121.67087, -4.07163], [121.67221, -4.07223], [121.67334, -4.0719], [121.67457, -4.07013], [121.67595, -4.07], [121.67638, -4.06854], [121.6826, -4.0684], [121.68401, -4.06802], [121.68424, -4.06679], [121.68824, -4.06585], [121.69227, -4.06555], [121.6943, -4.06612], [121.69903, -4.06326], [121.7012, -4.06325], [121.70349, -4.05812], [121.70613, -4.05667], [121.70929, -4.05627], [121.71109, -4.05667], [121.7152, -4.05388], [121.72174, -4.05239], [121.72444, -4.05257], [121.72978, -4.05516], [121.73091, -4.05444], [121.7322, -4.05469], [121.73313, -4.0531], [121.73499, -4.05325], [121.73565, -4.05169], [121.73666, -4.05186], [121.73697, -4.05105], [121.73769, -4.05102], [121.73939, -4.04824], [121.74158, -4.04867], [121.74492, -4.04758], [121.748, -4.04805], [121.74943, -4.04937], [121.7495, -4.04733], [121.75247, -4.04637], [121.7529, -4.04495], [121.7561, -4.04276], [121.75848, -4.04567], [121.76036, -4.04676], [121.76504, -4.04732], [121.76597, -4.04817], [121.76833, -4.04724], [121.77107, -4.0475], [121.77543, -4.04902], [121.77661, -4.05], [121.77851, -4.05017], [121.78005, -4.05152], [121.78353, -4.05288], [121.78478, -4.05516], [121.78317, -4.05634], [121.78131, -4.05974], [121.78059, -4.06417], [121.7811, -4.06605], [121.77971, -4.06789], [121.78029, -4.07046], [121.78146, -4.071], [121.78155, -4.07395], [121.78266, -4.07525], [121.78212, -4.08045], [121.78295, -4.08213], [121.78241, -4.08391], [121.77953, -4.08804], [121.77867, -4.08888], [121.76797, -4.09333], [121.72435, -4.13173], [121.72186, -4.13021], [121.71547, -4.13162], [121.71456, -4.1294], [121.71367, -4.12923], [121.71363, -4.12788], [121.7113, -4.12802], [121.70936, -4.12612], [121.70888, -4.12447], [121.70634, -4.12358], [121.70587, -4.12515], [121.70386, -4.12669], [121.70003, -4.12701], [121.69828, -4.12896], [121.69343, -4.12856], [121.69263, -4.12692], [121.68992, -4.12671], [121.68675, -4.12944], [121.68387, -4.13067], [121.6826, -4.13045], [121.67905, -4.13149], [121.67584, -4.1341], [121.67444, -4.13697], [121.67001, -4.1376], [121.66972, -4.13647], [121.6703, -4.13626], [121.66998, -4.13551], [121.66936, -4.13573], [121.66924, -4.13445], [121.66691, -4.13488], [121.6665, -4.13409], [121.66488, -4.13461], [121.66279, -4.13348], [121.66333, -4.13155], [121.66205, -4.13342], [121.66089, -4.13344], [121.65993, -4.13582], [121.65658, -4.13509], [121.65606, -4.13678], [121.65378, -4.13613], [121.65446, -4.13406], [121.65246, -4.13346], [121.65336, -4.1303], [121.64781, -4.12888], [121.65111, -4.12393], [121.65011, -4.12294], [121.64841, -4.12307], [121.64812, -4.12494], [121.64531, -4.12697], [121.64535, -4.12778], [121.64465, -4.12746], [121.64404, -4.1292], [121.64107, -4.12848], [121.64011, -4.1295], [121.63742, -4.12828], [121.63427, -4.12901], [121.63297, -4.13114], [121.63055, -4.13103], [121.63111, -4.13299], [121.63252, -4.13369], [121.63022, -4.13765], [121.62928, -4.13672], [121.62714, -4.13672], [121.62732, -4.13967], [121.62831, -4.14083], [121.62806, -4.14249], [121.62585, -4.14352], [121.62433, -4.1429], [121.62159, -4.14386], [121.62044, -4.14154], [121.6178, -4.14077], [121.61593, -4.13298], [121.61692, -4.13034], [121.61579, -4.12949], [121.61423, -4.12298], [121.61231, -4.12052], [121.61301, -4.12002], [121.61184, -4.11883], [121.61206, -4.1176], [121.60735, -4.11042], [121.60662, -4.10523], [121.60713, -4.10462], [121.60609, -4.10296], [121.60638, -4.09146], [121.6082, -4.08781], [121.60751, -4.08488], [121.61494, -4.08426], [121.61499, -4.08472]]], [[[121.42691, -4.08586], [121.42727, -4.08677], [121.42661, -4.08763], [121.42477, -4.08666], [121.42239, -4.08772], [121.4213, -4.09088], [121.42005, -4.09199], [121.41966, -4.09772], [121.42394, -4.09969], [121.42222, -4.10157], [121.41827, -4.10104], [121.41741, -4.1015], [121.41613, -4.1036], [121.4162, -4.10661], [121.41451, -4.10859], [121.41544, -4.11193], [121.41652, -4.11169], [121.41773, -4.11312], [121.4204, -4.11363], [121.42108, -4.11491], [121.42307, -4.11465], [121.42462, -4.11307], [121.42603, -4.11513], [121.42739, -4.11547], [121.42875, -4.11352], [121.42949, -4.11334], [121.43051, -4.11542], [121.43204, -4.11658], [121.43489, -4.11675], [121.43678, -4.11588], [121.43752, -4.11694], [121.43971, -4.117], [121.44569, -4.1128], [121.44617, -4.111], [121.44511, -4.10944], [121.44956, -4.10551], [121.4502, -4.1024], [121.45295, -4.10522], [121.45466, -4.10579], [121.45691, -4.10509], [121.45831, -4.10387], [121.45849, -4.10278], [121.46176, -4.10415], [121.46295, -4.10388], [121.46639, -4.10566], [121.47085, -4.11117], [121.46847, -4.11119], [121.46941, -4.11378], [121.46915, -4.11501], [121.4673, -4.11521], [121.4669, -4.11719], [121.46413, -4.11774], [121.46275, -4.11865], [121.45736, -4.11661], [121.45564, -4.11729], [121.45508, -4.12024], [121.45716, -4.12334], [121.45716, -4.12484], [121.45912, -4.12843], [121.4597, -4.13271], [121.46076, -4.13366], [121.46264, -4.13351], [121.46288, -4.13468], [121.4571, -4.13786], [121.45624, -4.13568], [121.4529, -4.13489], [121.45084, -4.13153], [121.44671, -4.13009], [121.44293, -4.13124], [121.44246, -4.12909], [121.43978, -4.12727], [121.43242, -4.12819], [121.42923, -4.13005], [121.42868, -4.13467], [121.43007, -4.13661], [121.43117, -4.13704], [121.43105, -4.13957], [121.43218, -4.14233], [121.43402, -4.14313], [121.43417, -4.14551], [121.43347, -4.14769], [121.43395, -4.14947], [121.43725, -4.15202], [121.43739, -4.15704], [121.43829, -4.15934], [121.4389, -4.16029], [121.43981, -4.15998], [121.44078, -4.16102], [121.44229, -4.16017], [121.4455, -4.16079], [121.44224, -4.1658], [121.44174, -4.16868], [121.43871, -4.16774], [121.43606, -4.16772], [121.43219, -4.16863], [121.43005, -4.16817], [121.42736, -4.16945], [121.42805, -4.16528], [121.42901, -4.16432], [121.42816, -4.16196], [121.42409, -4.15765], [121.42284, -4.15796], [121.42258, -4.15688], [121.42077, -4.15562], [121.41674, -4.15415], [121.41537, -4.15552], [121.41002, -4.15566], [121.40702, -4.15687], [121.40249, -4.16088], [121.39803, -4.16186], [121.394, -4.16461], [121.39011, -4.17003], [121.38886, -4.16894], [121.39185, -4.16723], [121.392, -4.16617], [121.39355, -4.16487], [121.39506, -4.16102], [121.39503, -4.15899], [121.39381, -4.15734], [121.39494, -4.15199], [121.39389, -4.14983], [121.39796, -4.14885], [121.39968, -4.147], [121.4001, -4.14445], [121.4018, -4.14315], [121.40184, -4.13812], [121.40322, -4.1379], [121.40368, -4.13641], [121.40259, -4.13444], [121.40172, -4.1289], [121.39787, -4.12486], [121.39322, -4.12345], [121.38631, -4.12478], [121.38811, -4.12167], [121.38741, -4.11958], [121.38499, -4.11763], [121.38566, -4.11652], [121.38427, -4.1125], [121.38528, -4.10937], [121.38323, -4.10638], [121.38325, -4.10489], [121.38726, -4.10477], [121.38922, -4.10375], [121.38917, -4.10512], [121.39168, -4.10702], [121.39196, -4.10976], [121.39292, -4.11131], [121.39623, -4.1119], [121.39879, -4.11032], [121.40005, -4.11309], [121.40216, -4.1142], [121.40385, -4.11417], [121.40873, -4.11054], [121.40935, -4.10901], [121.41289, -4.1057], [121.41394, -4.1034], [121.41369, -4.10004], [121.41246, -4.09784], [121.41427, -4.09652], [121.41548, -4.09438], [121.41606, -4.08946], [121.41187, -4.08457], [121.41276, -4.08442], [121.41644, -4.08641], [121.42348, -4.08438], [121.42537, -4.0847], [121.42691, -4.08586]]], [[[121.49025, -4.19268], [121.49186, -4.19394], [121.49088, -4.19447], [121.49018, -4.19402], [121.48705, -4.19719], [121.48721, -4.19826], [121.4862, -4.19881], [121.48592, -4.20098], [121.48707, -4.20142], [121.48827, -4.20076], [121.48951, -4.20107], [121.49056, -4.20016], [121.49052, -4.19926], [121.49366, -4.19871], [121.49465, -4.19708], [121.4952, -4.19724], [121.49418, -4.19827], [121.49445, -4.2], [121.49263, -4.20087], [121.49236, -4.20194], [121.49364, -4.20268], [121.49341, -4.20366], [121.49428, -4.20426], [121.49514, -4.20417], [121.4969, -4.2019], [121.50009, -4.20116], [121.50102, -4.2002], [121.50303, -4.2], [121.50385, -4.20075], [121.50199, -4.20253], [121.49965, -4.20297], [121.49586, -4.20628], [121.49216, -4.20517], [121.4902, -4.20568], [121.48954, -4.20463], [121.48479, -4.20338], [121.48113, -4.20405], [121.48018, -4.20517], [121.48007, -4.21191], [121.47877, -4.2121], [121.47864, -4.21313], [121.4779, -4.2136], [121.47986, -4.21653], [121.47793, -4.2174], [121.47763, -4.21823], [121.47645, -4.21837], [121.47592, -4.22113], [121.47648, -4.2226], [121.47559, -4.22327], [121.47429, -4.22147], [121.47304, -4.2225], [121.47293, -4.22515], [121.47215, -4.22619], [121.47039, -4.22088], [121.46876, -4.21837], [121.47012, -4.21774], [121.47156, -4.21563], [121.47165, -4.21389], [121.47126, -4.21274], [121.46853, -4.21089], [121.46791, -4.20896], [121.46843, -4.20759], [121.47023, -4.20645], [121.47579, -4.2002], [121.47639, -4.19832], [121.47999, -4.19559], [121.48305, -4.19434], [121.48736, -4.19433], [121.49025, -4.19268]]], [[[121.36952, -4.08862], [121.37053, -4.09027], [121.37599, -4.09428], [121.37776, -4.10076], [121.37614, -4.09991], [121.37323, -4.09978], [121.37054, -4.10096], [121.36802, -4.09735], [121.36459, -4.09772], [121.36397, -4.09531], [121.36085, -4.09253], [121.35934, -4.09156], [121.35619, -4.09166], [121.35504, -4.09009], [121.35928, -4.08758], [121.36146, -4.08819], [121.36281, -4.08774], [121.36722, -4.08361], [121.36811, -4.08195], [121.36944, -4.0831], [121.36811, -4.08545], [121.36842, -4.08777], [121.36952, -4.08862]]], [[[121.33645, -4.07696], [121.33786, -4.07706], [121.33828, -4.07823], [121.33839, -4.08021], [121.33722, -4.08237], [121.33754, -4.08417], [121.33199, -4.08602], [121.32881, -4.0864], [121.32921, -4.08437], [121.33169, -4.08409], [121.33241, -4.08333], [121.33417, -4.07673], [121.33645, -4.07696]]], [[[121.48974, -4.17456], [121.48987, -4.17516], [121.48892, -4.17517], [121.48847, -4.17589], [121.48973, -4.17767], [121.48794, -4.17804], [121.48702, -4.17789], [121.48674, -4.17604], [121.48572, -4.17461], [121.48355, -4.17432], [121.48405, -4.17344], [121.48381, -4.16505], [121.48523, -4.16039], [121.4853, -4.16496], [121.4868, -4.17016], [121.48782, -4.17277], [121.48974, -4.17456]]], [[[121.48481, -4.15928], [121.48279, -4.15702], [121.48177, -4.15428], [121.48191, -4.15301], [121.48422, -4.15162], [121.48514, -4.15233], [121.48575, -4.15501], [121.4848, -4.15698], [121.48481, -4.15928]]], [[[121.47905, -4.11665], [121.48038, -4.11891], [121.48198, -4.11899], [121.4828, -4.12171], [121.47963, -4.1219], [121.47838, -4.12084], [121.47801, -4.11879], [121.47866, -4.11678], [121.47629, -4.11411], [121.47673, -4.11285], [121.47905, -4.11665]]]]}}, {"type": "Feature", "properties": {"domain_id": "740330", "name": "KONTU KOWUNA"}, "geometry": {"type": "Polygon", "coordinates": [[[122.55439, -4.96691], [122.5541, -4.97344], [122.4903, -4.97472], [122.48934, -4.97428], [122.48989, -4.97179], [122.49202, -4.9715], [122.49412, -4.96918], [122.49455, -4.96818], [122.49419, -4.96662], [122.49583, -4.96415], [122.4932, -4.96323], [122.49288, -4.96248], [122.49042, -4.96276], [122.48903, -4.96181], [122.48706, -4.95637], [122.48471, -4.95606], [122.48385, -4.9551], [122.48224, -4.95598], [122.48145, -4.95487], [122.48164, -4.95417], [122.47648, -4.95279], [122.46959, -4.95258], [122.46813, -4.95021], [122.4656, -4.94902], [122.46299, -4.95025], [122.46137, -4.94965], [122.45906, -4.9499], [122.45576, -4.94897], [122.45468, -4.94751], [122.45305, -4.94743], [122.45158, -4.94805], [122.45081, -4.95034], [122.44948, -4.95062], [122.44804, -4.94907], [122.44708, -4.94951], [122.4459, -4.9488], [122.44506, -4.94709], [122.44303, -4.9477], [122.44222, -4.94621], [122.43976, -4.9464], [122.44098, -4.9428], [122.43899, -4.9422], [122.43907, -4.9406], [122.44118, -4.94039], [122.44424, -4.92472], [122.46244, -4.92945], [122.46117, -4.92723], [122.46167, -4.91844], [122.496, -4.93366], [122.52123, -4.94591], [122.55339, -4.96579], [122.55439, -4.96691]]]}}, {"type": "Feature", "properties": {"domain_id": "740241", "name": "WONGGEDUKU BARAT"}, "geometry": {"type": "Polygon", "coordinates": [[[122.14664, -3.95051], [122.14762, -3.95737], [122.14986, -3.95872], [122.13851, -3.96292], [122.14337, -3.97622], [122.14261, -3.97661], [122.13863, -3.9739], [122.13462, -3.97274], [122.13328, -3.9769], [122.13112, -3.97812], [122.13095, -3.98023], [122.12963, -3.98065], [122.12896, -3.97948], [122.12934, -3.97746], [122.12575, -3.97629], [122.12393, -3.97378], [122.12629, -3.96688], [122.12467, -3.96264], [122.11944, -3.962], [122.11992, -3.96048], [122.1231, -3.96001], [122.1234, -3.95833], [122.12104, -3.95679], [122.11871, -3.95339], [122.11512, -3.9541], [122.11391, -3.95289], [122.11467, -3.95194], [122.11808, -3.95192], [122.12031, -3.95083], [122.11934, -3.94962], [122.11807, -3.95137], [122.11705, -3.95159], [122.11586, -3.94906], [122.11675, -3.94698], [122.122, -3.94389], [122.12425, -3.93299], [122.12564, -3.92897], [122.12728, -3.92664], [122.12319, -3.91858], [122.12206, -3.91034], [122.13317, -3.90651], [122.14309, -3.9012], [122.15263, -3.89249], [122.15319, -3.89119], [122.15314, -3.88718], [122.15867, -3.88678], [122.1633, -3.8905], [122.16251, -3.89382], [122.16338, -3.89756], [122.16696, -3.89749], [122.17039, -3.8961], [122.17116, -3.89806], [122.17003, -3.90079], [122.17031, -3.90201], [122.1715, -3.90235], [122.17397, -3.89979], [122.17473, -3.89978], [122.17749, -3.90559], [122.17923, -3.90614], [122.1763, -3.92234], [122.1735, -3.92524], [122.16808, -3.93306], [122.16777, -3.93726], [122.16527, -3.94105], [122.16423, -3.94393], [122.16156, -3.94276], [122.15935, -3.94067], [122.15543, -3.94072], [122.15498, -3.94168], [122.15425, -3.94165], [122.15448, -3.94292], [122.15729, -3.94342], [122.1566, -3.94536], [122.1579, -3.94773], [122.15529, -3.94716], [122.15413, -3.9456], [122.15372, -3.94767], [122.15269, -3.94655], [122.15153, -3.94744], [122.14992, -3.94708], [122.14948, -3.94791], [122.14814, -3.94683], [122.14654, -3.94912], [122.14664, -3.95051]]]}}, {"type": "Feature", "properties": {"domain_id": "740706", "name": "KALEDUPA SELATAN"}, "geometry": {"type": "MultiPolygon", "coordinates": [[[[123.80264, -5.59485], [123.80071, -5.59456], [123.80054, -5.59388], [123.79884, -5.59296], [123.79302, -5.59398], [123.78831, -5.5936], [123.78283, -5.59175], [123.78025, -5.58961], [123.7782, -5.58316], [123.77285, -5.5757], [123.77298, -5.57474], [123.77387, -5.57447], [123.77372, -5.57354], [123.77131, -5.56892], [123.76989, -5.56825], [123.76905, -5.56498], [123.76689, -5.56201], [123.76486, -5.56043], [123.7652, -5.55984], [123.76448, -5.55852], [123.76269, -5.55809], [123.76241, -5.55734], [123.7631, -5.55693], [123.76325, -5.55657], [123.76072, -5.55691], [123.75945, -5.55516], [123.75979, -5.55403], [123.75905, -5.55248], [123.7595, -5.55291], [123.7608, -5.55099], [123.76215, -5.55143], [123.76327, -5.55094], [123.76175, -5.55097], [123.75667, -5.54607], [123.7562, -5.54438], [123.75536, -5.54369], [123.76217, -5.53749], [123.7636, -5.5344], [123.76961, -5.53113], [123.7776, -5.53175], [123.78233, -5.5277], [123.7831, -5.52848], [123.78276, -5.53055], [123.78527, -5.53089], [123.78644, -5.53258], [123.78631, -5.53356], [123.78864, -5.53475], [123.78894, -5.53576], [123.7901, -5.53543], [123.79178, -5.53623], [123.79349, -5.53838], [123.79699, -5.54022], [123.79897, -5.54219], [123.79899, -5.54327], [123.80087, -5.54273], [123.80214, -5.5444], [123.80347, -5.54487], [123.8027, -5.5453], [123.80307, -5.54629], [123.80485, -5.54496], [123.80318, -5.54626], [123.8036, -5.54737], [123.80284, -5.54812], [123.80372, -5.54781], [123.80485, -5.5503], [123.80553, -5.55007], [123.80531, -5.55255], [123.80613, -5.55165], [123.80863, -5.55512], [123.80911, -5.55426], [123.80972, -5.5545], [123.80935, -5.55608], [123.81233, -5.55913], [123.81352, -5.55924], [123.81518, -5.5579], [123.81724, -5.55909], [123.8186, -5.55824], [123.82081, -5.55926], [123.82353, -5.55768], [123.82554, -5.55848], [123.82558, -5.56005], [123.82447, -5.56225], [123.8255, -5.56269], [123.82585, -5.56395], [123.82732, -5.56464], [123.82776, -5.56559], [123.82818, -5.56745], [123.82716, -5.5684], [123.82769, -5.569], [123.82716, -5.5711], [123.82586, -5.57139], [123.824, -5.57055], [123.82246, -5.57132], [123.82048, -5.5706], [123.81989, -5.57116], [123.81672, -5.57102], [123.81547, -5.57293], [123.81345, -5.57271], [123.81004, -5.57605], [123.80829, -5.57603], [123.80732, -5.57792], [123.80775, -5.57827], [123.80739, -5.57991], [123.80839, -5.58116], [123.81176, -5.58193], [123.8109, -5.58418], [123.81164, -5.58649], [123.81346, -5.58669], [123.81484, -5.5858], [123.81623, -5.58706], [123.81579, -5.58871], [123.81639, -5.5893], [123.81648, -5.59114], [123.815, -5.59481], [123.81688, -5.59689], [123.81835, -5.60159], [123.81144, -5.59952], [123.81045, -5.59875], [123.81062, -5.59787], [123.80927, -5.5961], [123.80264, -5.59485]]], [[[123.84152, -5.55055], [123.84452, -5.55227], [123.84531, -5.55583], [123.84857, -5.55819], [123.8542, -5.55861], [123.85592, -5.56167], [123.85602, -5.5631], [123.85466, -5.56346], [123.85486, -5.56477], [123.85554, -5.56553], [123.85779, -5.5657], [123.8589, -5.56829], [123.86086, -5.56918], [123.86192, -5.56887], [123.86631, -5.56997], [123.86665, -5.56931], [123.86776, -5.56927], [123.86799, -5.5705], [123.86979, -5.57174], [123.8704, -5.57072], [123.87223, -5.57017], [123.87264, -5.57082], [123.87353, -5.57014], [123.87435, -5.57067], [123.8764, -5.57028], [123.87705, -5.57117], [123.87884, -5.57074], [123.87938, -5.57149], [123.88014, -5.57139], [123.88133, -5.57328], [123.8823, -5.57369], [123.88276, -5.57507], [123.88184, -5.5803], [123.88182, -5.58122], [123.88266, -5.58195], [123.88235, -5.58276], [123.88064, -5.58429], [123.87996, -5.58338], [123.87781, -5.58385], [123.87674, -5.58504], [123.87209, -5.58374], [123.87201, -5.5846], [123.8729, -5.58486], [123.87265, -5.58528], [123.87375, -5.58585], [123.87433, -5.58724], [123.87325, -5.58959], [123.87234, -5.58988], [123.87321, -5.59003], [123.87312, -5.59053], [123.87195, -5.59189], [123.8697, -5.59218], [123.86757, -5.59348], [123.86399, -5.59402], [123.86329, -5.59313], [123.86183, -5.59307], [123.86071, -5.59208], [123.86005, -5.59354], [123.85937, -5.59174], [123.85634, -5.58968], [123.85599, -5.59034], [123.8542, -5.58888], [123.84962, -5.58821], [123.84752, -5.58698], [123.84401, -5.5864], [123.83771, -5.5867], [123.83692, -5.58651], [123.83668, -5.58569], [123.83209, -5.58608], [123.83115, -5.58429], [123.82883, -5.58239], [123.82795, -5.5824], [123.8282, -5.58061], [123.83135, -5.57834], [123.83221, -5.57671], [123.83155, -5.57573], [123.83264, -5.57526], [123.83069, -5.57443], [123.82926, -5.575], [123.82892, -5.57456], [123.82963, -5.57411], [123.8286, -5.57266], [123.82893, -5.57209], [123.8283, -5.57208], [123.82892, -5.57181], [123.8281, -5.57116], [123.82916, -5.5706], [123.82856, -5.56974], [123.82881, -5.56781], [123.82935, -5.56704], [123.83059, -5.56751], [123.83201, -5.56595], [123.83054, -5.56674], [123.82939, -5.56641], [123.82842, -5.56457], [123.82891, -5.56358], [123.82782, -5.5618], [123.82799, -5.56096], [123.82976, -5.55803], [123.83106, -5.55797], [123.83143, -5.55723], [123.83189, -5.55754], [123.8325, -5.55626], [123.83389, -5.55616], [123.83719, -5.55233], [123.83898, -5.55193], [123.84044, -5.55049], [123.84152, -5.55055]]], [[[123.86611, -5.53197], [123.8684, -5.5322], [123.869, -5.53435], [123.86869, -5.53677], [123.86784, -5.5372], [123.86791, -5.53913], [123.86673, -5.53952], [123.86526, -5.53699], [123.86369, -5.53689], [123.86523, -5.54412], [123.86484, -5.54666], [123.86376, -5.54694], [123.86121, -5.54241], [123.86107, -5.54551], [123.86248, -5.54619], [123.86034, -5.54778], [123.86082, -5.54806], [123.86191, -5.54694], [123.86285, -5.54919], [123.86411, -5.54946], [123.86502, -5.54822], [123.868, -5.5478], [123.86839, -5.54824], [123.86708, -5.54854], [123.86617, -5.54964], [123.86662, -5.5503], [123.86839, -5.55041], [123.8672, -5.55187], [123.86746, -5.55276], [123.86556, -5.55452], [123.8647, -5.55448], [123.8636, -5.55713], [123.85927, -5.55932], [123.85816, -5.55871], [123.86165, -5.5572], [123.85851, -5.55737], [123.85811, -5.55816], [123.85651, -5.55693], [123.85302, -5.55596], [123.85002, -5.55427], [123.84802, -5.55559], [123.84682, -5.55521], [123.8446, -5.5501], [123.84494, -5.54945], [123.84748, -5.54828], [123.85051, -5.54538], [123.85154, -5.54575], [123.84979, -5.54897], [123.85083, -5.54819], [123.85588, -5.54041], [123.8566, -5.54063], [123.85748, -5.53889], [123.8591, -5.53784], [123.85949, -5.53913], [123.86146, -5.53807], [123.86274, -5.53616], [123.86285, -5.53319], [123.86503, -5.53194], [123.86611, -5.53197]]], [[[123.81935, -5.58056], [123.82013, -5.58283], [123.81962, -5.58362], [123.82, -5.58512], [123.82042, -5.58219], [123.82468, -5.58237], [123.82688, -5.58332], [123.82474, -5.58539], [123.82209, -5.58617], [123.82263, -5.58679], [123.8222, -5.58752], [123.82375, -5.58857], [123.82269, -5.58853], [123.8222, -5.58939], [123.8211, -5.58874], [123.82155, -5.58971], [123.82107, -5.5903], [123.82157, -5.59102], [123.82295, -5.59032], [123.82357, -5.59082], [123.82447, -5.5902], [123.82469, -5.59066], [123.82416, -5.59262], [123.82311, -5.59363], [123.82296, -5.59461], [123.82362, -5.59495], [123.81953, -5.59812], [123.81786, -5.59728], [123.81622, -5.59515], [123.81884, -5.58815], [123.8194, -5.58787], [123.81867, -5.58398], [123.81957, -5.58277], [123.81835, -5.5825], [123.81912, -5.58116], [123.81845, -5.58164], [123.81797, -5.58125], [123.81926, -5.57991], [123.81935, -5.58056]]], [[[123.87341, -5.54544], [123.87482, -5.54593], [123.87508, -5.54533], [123.87653, -5.5451], [123.87697, -5.54641], [123.87558, -5.55021], [123.87378, -5.55152], [123.87212, -5.55122], [123.87039, -5.54984], [123.87047, -5.54802], [123.87208, -5.54771], [123.87205, -5.5462], [123.87289, -5.54461], [123.87341, -5.54544]]], [[[123.82478, -5.57427], [123.82499, -5.57543], [123.82607, -5.57553], [123.82653, -5.57471], [123.82744, -5.57618], [123.82426, -5.57678], [123.82311, -5.57521], [123.82283, -5.57662], [123.82122, -5.57648], [123.82087, -5.57741], [123.81805, -5.57733], [123.82137, -5.5753], [123.82187, -5.57432], [123.82478, -5.57427]]], [[[123.87166, -5.54229], [123.87202, -5.54365], [123.87093, -5.54503], [123.8702, -5.54463], [123.86975, -5.54245], [123.87166, -5.54229]]]]}}, {"type": "Feature", "properties": {"domain_id": "740225", "name": "MELUHU"}, "geometry": {"type": "Polygon", "coordinates": [[[122.20873, -3.84213], [122.21817, -3.85143], [122.21685, -3.85248], [122.21463, -3.85262], [122.20922, -3.85934], [122.20679, -3.86033], [122.20616, -3.86148], [122.2031, -3.86348], [122.20251, -3.8648], [122.20052, -3.86249], [122.19857, -3.86484], [122.197, -3.86498], [122.19606, -3.86645], [122.19375, -3.86727], [122.19099, -3.8699], [122.19, -3.87005], [122.18959, -3.87328], [122.19003, -3.87503], [122.18861, -3.87661], [122.18755, -3.87997], [122.18604, -3.88164], [122.18569, -3.8831], [122.18352, -3.88433], [122.18389, -3.88732], [122.18196, -3.88677], [122.18154, -3.88594], [122.17908, -3.88592], [122.17725, -3.88422], [122.17226, -3.88432], [122.172, -3.88005], [122.17586, -3.87991], [122.17466, -3.87498], [122.17361, -3.87461], [122.1736, -3.87361], [122.17046, -3.86806], [122.17188, -3.86649], [122.1721, -3.86461], [122.16957, -3.86096], [122.16797, -3.86198], [122.16815, -3.8608], [122.16717, -3.86042], [122.16682, -3.86183], [122.16467, -3.86012], [122.16572, -3.85909], [122.16448, -3.85819], [122.165, -3.85775], [122.16414, -3.85687], [122.16473, -3.85658], [122.16354, -3.85526], [122.16439, -3.85502], [122.16529, -3.85324], [122.16417, -3.85323], [122.16381, -3.85051], [122.16224, -3.84939], [122.16328, -3.84803], [122.16344, -3.84454], [122.16173, -3.838], [122.16154, -3.83473], [122.16203, -3.83354], [122.16462, -3.83152], [122.16656, -3.8289], [122.16648, -3.8263], [122.15969, -3.8224], [122.15762, -3.81903], [122.15398, -3.81701], [122.14652, -3.81763], [122.1453, -3.81643], [122.14358, -3.81625], [122.13649, -3.80644], [122.13617, -3.80492], [122.13264, -3.79917], [122.12885, -3.79542], [122.12697, -3.78878], [122.13059, -3.78289], [122.13343, -3.77076], [122.13603, -3.76731], [122.13789, -3.76098], [122.13821, -3.75016], [122.13787, -3.74535], [122.13696, -3.7437], [122.1451, -3.72485], [122.14506, -3.71895], [122.14761, -3.72177], [122.1498, -3.72178], [122.15137, -3.7229], [122.15586, -3.72355], [122.16061, -3.72277], [122.16937, -3.72544], [122.1721, -3.7321], [122.17568, -3.73436], [122.17643, -3.73618], [122.1812, -3.74053], [122.19193, -3.74249], [122.19351, -3.74425], [122.19618, -3.74495], [122.19812, -3.74625], [122.20259, -3.74106], [122.20438, -3.74104], [122.20656, -3.74195], [122.20785, -3.74433], [122.21175, -3.74523], [122.21268, -3.74653], [122.21733, -3.74977], [122.21985, -3.7527], [122.22053, -3.75403], [122.21938, -3.75807], [122.21998, -3.76052], [122.22443, -3.76223], [122.22729, -3.76126], [122.22832, -3.75908], [122.23167, -3.76097], [122.23415, -3.76601], [122.235, -3.77013], [122.24164, -3.77951], [122.24329, -3.78917], [122.24253, -3.79647], [122.23894, -3.80554], [122.22779, -3.80263], [122.22765, -3.80396], [122.22847, -3.80517], [122.22453, -3.81326], [122.22449, -3.8165], [122.22334, -3.8202], [122.22361, -3.82215], [122.22266, -3.82334], [122.2193, -3.82463], [122.21543, -3.82892], [122.21069, -3.83162], [122.20488, -3.83775], [122.20873, -3.84213]]]}}, {"type": "Feature", "properties": {"domain_id": "741110", "name": "AERE"}, "geometry": {"type": "Polygon", "coordinates": [[[121.86016, -4.35172], [121.86035, -4.35728], [121.85758, -4.36135], [121.85716, -4.36333], [121.85861, -4.36924], [121.85637, -4.37276], [121.85652, -4.375], [121.85396, -4.37988], [121.85034, -4.38343], [121.85067, -4.38713], [121.85008, -4.38843], [121.84834, -4.39017], [121.84658, -4.39077], [121.8437, -4.39364], [121.84244, -4.39389], [121.84228, -4.40015], [121.83048, -4.40676], [121.81142, -4.41583], [121.80983, -4.41483], [121.80728, -4.41475], [121.80599, -4.41389], [121.80532, -4.41165], [121.8067, -4.41148], [121.80699, -4.41089], [121.80516, -4.41035], [121.80467, -4.40871], [121.80252, -4.40934], [121.80132, -4.40679], [121.80205, -4.40524], [121.80222, -4.40226], [121.80122, -4.40027], [121.80117, -4.39745], [121.79966, -4.39644], [121.79907, -4.39477], [121.79831, -4.39525], [121.79826, -4.39617], [121.7976, -4.39602], [121.79684, -4.39439], [121.79737, -4.39155], [121.79618, -4.38918], [121.79489, -4.3893], [121.79441, -4.39002], [121.79344, -4.38982], [121.79251, -4.39163], [121.79139, -4.39193], [121.79019, -4.39066], [121.78931, -4.39175], [121.78855, -4.39118], [121.78787, -4.39156], [121.78679, -4.39007], [121.78636, -4.39128], [121.78415, -4.38986], [121.78372, -4.39081], [121.78279, -4.39089], [121.78275, -4.38892], [121.78152, -4.38927], [121.78125, -4.38804], [121.77978, -4.38791], [121.77918, -4.38875], [121.77849, -4.38762], [121.77682, -4.38791], [121.77598, -4.38589], [121.77421, -4.38495], [121.77441, -4.38405], [121.77307, -4.38264], [121.77189, -4.38341], [121.76895, -4.38201], [121.7672, -4.38051], [121.76653, -4.3778], [121.76246, -4.37621], [121.76106, -4.37669], [121.75945, -4.37551], [121.75568, -4.37604], [121.75486, -4.37581], [121.75465, -4.37501], [121.75384, -4.37684], [121.75323, -4.37575], [121.75133, -4.37541], [121.7505, -4.37402], [121.74908, -4.37411], [121.74823, -4.37289], [121.74559, -4.37261], [121.74447, -4.37088], [121.74587, -4.36942], [121.74566, -4.36835], [121.74263, -4.36785], [121.73864, -4.36523], [121.73672, -4.36491], [121.73608, -4.36349], [121.7317, -4.35981], [121.7303, -4.35763], [121.72759, -4.3576], [121.72651, -4.35679], [121.72728, -4.35541], [121.72567, -4.35208], [121.72694, -4.34915], [121.72533, -4.34576], [121.72398, -4.34488], [121.72459, -4.34317], [121.72362, -4.34172], [121.72459, -4.34008], [121.72424, -4.33821], [121.71697, -4.33333], [121.7181, -4.33129], [121.71748, -4.32944], [121.71854, -4.3266], [121.7167, -4.32536], [121.71651, -4.32057], [121.71559, -4.3189], [121.71454, -4.31847], [121.71282, -4.31914], [121.71, -4.31828], [121.70918, -4.31678], [121.708, -4.31633], [121.70746, -4.31259], [121.70433, -4.30958], [121.70569, -4.30675], [121.70565, -4.30464], [121.705, -4.30207], [121.70238, -4.29889], [121.70173, -4.29167], [121.70216, -4.29124], [121.70386, -4.29363], [121.70674, -4.29395], [121.7085, -4.295], [121.71343, -4.29486], [121.71601, -4.2933], [121.71719, -4.29416], [121.72125, -4.29331], [121.7233, -4.29356], [121.73082, -4.29026], [121.73936, -4.28873], [121.74817, -4.29198], [121.75218, -4.29273], [121.7564, -4.29462], [121.76119, -4.29447], [121.76577, -4.29733], [121.77217, -4.29677], [121.77326, -4.29444], [121.77327, -4.29201], [121.76946, -4.28887], [121.75857, -4.27503], [121.75619, -4.27355], [121.75132, -4.26829], [121.74963, -4.26872], [121.74763, -4.26789], [121.74068, -4.26709], [121.74012, -4.266], [121.74267, -4.26507], [121.74279, -4.26291], [121.73967, -4.26199], [121.73787, -4.25948], [121.73602, -4.25855], [121.73473, -4.25678], [121.73532, -4.25399], [121.73416, -4.25129], [121.73593, -4.24646], [121.73873, -4.24596], [121.73943, -4.24503], [121.74479, -4.2442], [121.74626, -4.24452], [121.7461, -4.23913], [121.74432, -4.23091], [121.74464, -4.22787], [121.74417, -4.22554], [121.74788, -4.21932], [121.74717, -4.21709], [121.74474, -4.21582], [121.7433, -4.2139], [121.74212, -4.21377], [121.74246, -4.20567], [121.74036, -4.20513], [121.73924, -4.20406], [121.73926, -4.20333], [121.74181, -4.20052], [121.74564, -4.1983], [121.74689, -4.19902], [121.74773, -4.19679], [121.74981, -4.19478], [121.75102, -4.19641], [121.75495, -4.19528], [121.75576, -4.19381], [121.7582, -4.19399], [121.75904, -4.1921], [121.7588, -4.19108], [121.7601, -4.19126], [121.76041, -4.19062], [121.76252, -4.19042], [121.76377, -4.18942], [121.76779, -4.1881], [121.77055, -4.18822], [121.77434, -4.18696], [121.77517, -4.18523], [121.7798, -4.18284], [121.78025, -4.18127], [121.78359, -4.18477], [121.78678, -4.19398], [121.78967, -4.19555], [121.79202, -4.19779], [121.79498, -4.19703], [121.79735, -4.19835], [121.7976, -4.20182], [121.79851, -4.20329], [121.79959, -4.20466], [121.80273, -4.20582], [121.80688, -4.21128], [121.80866, -4.21263], [121.81088, -4.21709], [121.81565, -4.21957], [121.81914, -4.22036], [121.82238, -4.2242], [121.82261, -4.22613], [121.82437, -4.22918], [121.82789, -4.22941], [121.83055, -4.23158], [121.83259, -4.23435], [121.83556, -4.23498], [121.83638, -4.23793], [121.84142, -4.24739], [121.84728, -4.24111], [121.84923, -4.24281], [121.85235, -4.24378], [121.853, -4.24503], [121.85249, -4.24632], [121.85644, -4.24663], [121.8586, -4.24788], [121.86101, -4.24718], [121.86611, -4.24426], [121.86641, -4.24562], [121.87296, -4.24517], [121.88123, -4.24411], [121.8825, -4.24289], [121.89241, -4.24156], [121.89118, -4.25404], [121.89128, -4.27234], [121.89226, -4.27198], [121.89292, -4.27306], [121.89405, -4.27265], [121.89371, -4.27219], [121.89423, -4.27171], [121.89476, -4.27211], [121.89663, -4.27164], [121.89494, -4.28743], [121.88353, -4.2871], [121.88344, -4.28408], [121.87975, -4.28406], [121.87973, -4.28573], [121.87357, -4.28613], [121.87052, -4.28696], [121.86845, -4.28876], [121.86734, -4.29082], [121.87041, -4.29257], [121.87278, -4.29151], [121.87535, -4.29166], [121.87618, -4.29254], [121.87885, -4.29228], [121.881, -4.29285], [121.88821, -4.29114], [121.88973, -4.29147], [121.8909, -4.29676], [121.89179, -4.29736], [121.892, -4.29886], [121.89326, -4.29994], [121.89504, -4.30019], [121.89588, -4.30214], [121.8937, -4.30255], [121.89351, -4.30316], [121.88806, -4.30309], [121.88586, -4.30419], [121.88556, -4.30965], [121.88698, -4.31187], [121.88743, -4.31487], [121.88687, -4.31581], [121.88771, -4.31689], [121.88606, -4.31788], [121.88536, -4.3209], [121.88396, -4.32268], [121.87261, -4.32903], [121.86822, -4.33291], [121.86418, -4.33397], [121.86259, -4.33641], [121.86013, -4.33716], [121.85959, -4.34063], [121.86016, -4.35172]]]}}, {"type": "Feature", "properties": {"domain_id": "740328", "name": "PASIR PUTIH"}, "geometry": {"type": "MultiPolygon", "coordinates": [[[[122.80131, -5.0779], [122.7983, -5.07986], [122.79418, -5.08097], [122.79354, -5.08186], [122.79396, -5.08376], [122.79351, -5.08418], [122.79215, -5.08433], [122.79009, -5.08234], [122.78906, -5.0824], [122.78733, -5.08492], [122.78699, -5.08668], [122.78388, -5.0889], [122.78122, -5.09223], [122.77772, -5.09414], [122.77214, -5.10023], [122.76319, -5.11272], [122.76111, -5.11306], [122.7587, -5.11152], [122.75739, -5.10876], [122.76022, -5.10559], [122.76078, -5.09686], [122.76435, -5.08948], [122.76561, -5.08863], [122.76725, -5.08555], [122.7696, -5.08472], [122.77415, -5.0784], [122.78264, -5.07107], [122.78784, -5.06813], [122.79085, -5.06411], [122.79465, -5.06046], [122.79603, -5.05485], [122.79941, -5.05123], [122.80041, -5.04714], [122.80269, -5.04454], [122.80333, -5.04096], [122.80229, -5.03963], [122.8005, -5.03316], [122.79876, -5.03185], [122.80259, -5.02785], [122.80294, -5.02634], [122.80037, -5.02354], [122.80001, -5.0223], [122.79479, -5.01886], [122.79259, -5.01808], [122.79454, -5.017], [122.79658, -5.0187], [122.79853, -5.01858], [122.79902, -5.01784], [122.79779, -5.01623], [122.79938, -5.01646], [122.80018, -5.01469], [122.8018, -5.01537], [122.80265, -5.01494], [122.80137, -5.01431], [122.79486, -5.00775], [122.79394, -5.0], [122.79517, -4.99741], [122.80258, -4.9958], [122.8062, -4.99379], [122.80812, -4.99003], [122.80701, -4.98517], [122.81113, -4.98334], [122.81288, -4.98078], [122.81453, -4.96788], [122.81228, -4.96242], [122.81217, -4.96055], [122.81307, -4.95489], [122.81575, -4.95007], [122.81597, -4.9482], [122.81473, -4.9454], [122.81481, -4.94263], [122.81562, -4.94125], [122.81707, -4.94015], [122.81978, -4.94006], [122.82631, -4.96795], [122.83802, -4.96914], [122.84075, -4.97749], [122.84247, -4.97921], [122.84595, -4.97906], [122.85449, -4.97577], [122.86051, -4.97443], [122.86264, -4.97095], [122.86359, -4.96764], [122.86514, -4.96671], [122.86854, -4.96689], [122.87366, -4.9686], [122.87605, -4.96833], [122.8782, -4.9661], [122.88287, -4.96487], [122.88612, -4.96584], [122.8864, -4.96784], [122.88806, -4.97116], [122.88788, -4.98548], [122.88721, -4.99076], [122.88859, -4.99715], [122.88837, -5.00335], [122.89059, -5.00705], [122.8912, -5.00966], [122.89022, -5.01147], [122.88746, -5.01304], [122.8874, -5.01595], [122.88818, -5.01837], [122.88783, -5.02001], [122.88572, -5.02171], [122.87882, -5.02482], [122.87328, -5.03148], [122.86904, -5.03369], [122.86769, -5.0332], [122.86673, -5.03197], [122.86545, -5.02731], [122.86332, -5.02698], [122.86169, -5.02894], [122.86089, -5.03147], [122.86195, -5.03709], [122.86103, -5.03792], [122.8583, -5.03779], [122.85606, -5.04205], [122.85458, -5.04118], [122.8524, -5.03791], [122.84934, -5.03802], [122.84853, -5.04], [122.84846, -5.04245], [122.85016, -5.04824], [122.84911, -5.05097], [122.84378, -5.05594], [122.84289, -5.0578], [122.84274, -5.06227], [122.84122, -5.06512], [122.84103, -5.06805], [122.83958, -5.06942], [122.83452, -5.0711], [122.83216, -5.07358], [122.82935, -5.07109], [122.82568, -5.06905], [122.8224, -5.06885], [122.81737, -5.07142], [122.80704, -5.07461], [122.80131, -5.0779]]], [[[122.79264, -4.96623], [122.79434, -4.9672], [122.79553, -4.97604], [122.79404, -4.97796], [122.78921, -4.97765], [122.78738, -4.97618], [122.78626, -4.9741], [122.78555, -4.97194], [122.78578, -4.96917], [122.78701, -4.9665], [122.79264, -4.96623]]], [[[122.80004, -4.93293], [122.80227, -4.93362], [122.80183, -4.93394], [122.80258, -4.93482], [122.80177, -4.936], [122.79908, -4.93366], [122.79926, -4.93277], [122.80004, -4.93293]]]]}}, {"type": "Feature", "properties": {"domain_id": "741402", "name": "MAWASANGKA TIMUR"}, "geometry": {"type": "Polygon", "coordinates": [[[122.45536, -5.40245], [122.45077, -5.40316], [122.44931, -5.40541], [122.44632, -5.40653], [122.44014, -5.40319], [122.43902, -5.4029], [122.43851, -5.40347], [122.43827, -5.4024], [122.43576, -5.40107], [122.43516, -5.40179], [122.43586, -5.4028], [122.4329, -5.40178], [122.43128, -5.40214], [122.43068, -5.40307], [122.43146, -5.40396], [122.42993, -5.40317], [122.42925, -5.40204], [122.42536, -5.40063], [122.42444, -5.40145], [122.42088, -5.40136], [122.41594, -5.40257], [122.41206, -5.40162], [122.40651, -5.39785], [122.39677, -5.38259], [122.39791, -5.3804], [122.39795, -5.37711], [122.39607, -5.37346], [122.39489, -5.3726], [122.39393, -5.36486], [122.39244, -5.36001], [122.39084, -5.35714], [122.39072, -5.35287], [122.38693, -5.34475], [122.38336, -5.33925], [122.3823, -5.33256], [122.3837, -5.3321], [122.38449, -5.32851], [122.38548, -5.32698], [122.39006, -5.32732], [122.40609, -5.32364], [122.41359, -5.32348], [122.41832, -5.32264], [122.42541, -5.31965], [122.43165, -5.31895], [122.43256, -5.31935], [122.43326, -5.31863], [122.43516, -5.31845], [122.43401, -5.31723], [122.43529, -5.31614], [122.43854, -5.3169], [122.44739, -5.31575], [122.44848, -5.31347], [122.44925, -5.3135], [122.44892, -5.31301], [122.45557, -5.31135], [122.47596, -5.30849], [122.47785, -5.30967], [122.47933, -5.30973], [122.48031, -5.31283], [122.48023, -5.31611], [122.48171, -5.31926], [122.48263, -5.31931], [122.48495, -5.32303], [122.4895, -5.32544], [122.49318, -5.32977], [122.4941, -5.33008], [122.494, -5.33084], [122.4948, -5.3314], [122.49432, -5.33329], [122.49703, -5.33531], [122.49623, -5.33626], [122.49632, -5.33784], [122.4983, -5.33923], [122.4972, -5.34094], [122.49602, -5.34137], [122.49543, -5.34367], [122.49653, -5.34522], [122.49816, -5.34589], [122.49738, -5.34784], [122.49363, -5.34985], [122.49155, -5.3519], [122.48607, -5.36226], [122.48755, -5.36706], [122.48317, -5.37142], [122.48383, -5.37365], [122.48218, -5.37379], [122.48171, -5.37195], [122.47889, -5.3685], [122.47802, -5.36624], [122.47388, -5.36674], [122.47277, -5.36577], [122.47028, -5.3609], [122.46829, -5.36104], [122.46704, -5.36611], [122.46908, -5.36919], [122.46927, -5.36509], [122.46993, -5.36609], [122.46925, -5.36916], [122.47153, -5.3732], [122.47133, -5.37569], [122.47379, -5.38469], [122.47335, -5.3882], [122.47226, -5.39027], [122.47004, -5.39198], [122.4685, -5.39414], [122.46994, -5.39813], [122.46578, -5.39993], [122.46563, -5.40231], [122.46228, -5.40322], [122.45536, -5.40245]]]}}, {"type": "Feature", "properties": {"domain_id": "740224", "name": "ANGGABERI"}, "geometry": {"type": "Polygon", "coordinates": [[[122.08981, -3.86054], [122.08892, -3.86787], [122.08729, -3.86697], [122.07336, -3.86417], [122.07602, -3.85205], [122.07155, -3.85154], [122.07344, -3.84334], [122.07191, -3.84251], [122.06897, -3.84214], [122.06912, -3.8412], [122.06989, -3.84103], [122.0706, -3.83761], [122.06959, -3.83414], [122.07013, -3.82949], [122.06944, -3.82924], [122.0697, -3.8246], [122.07517, -3.82362], [122.07257, -3.82096], [122.07335, -3.82006], [122.07259, -3.81943], [122.07259, -3.81841], [122.06798, -3.81703], [122.06774, -3.8176], [122.06645, -3.81735], [122.06521, -3.818], [122.0648, -3.8169], [122.06286, -3.81643], [122.06274, -3.81571], [122.06144, -3.81511], [122.06149, -3.80753], [122.06513, -3.80774], [122.06564, -3.80689], [122.06453, -3.80592], [122.06426, -3.80452], [122.06542, -3.80365], [122.06582, -3.80206], [122.06538, -3.79819], [122.06679, -3.79569], [122.06686, -3.79293], [122.06412, -3.79106], [122.06394, -3.79019], [122.06532, -3.78842], [122.0649, -3.78453], [122.06675, -3.78182], [122.0674, -3.77781], [122.06959, -3.77446], [122.06905, -3.77027], [122.06716, -3.76928], [122.06896, -3.76618], [122.06943, -3.76343], [122.06299, -3.7592], [122.06004, -3.75488], [122.05819, -3.75441], [122.05825, -3.75173], [122.05916, -3.74943], [122.06043, -3.74848], [122.06036, -3.74764], [122.05856, -3.74704], [122.05803, -3.74573], [122.05663, -3.74545], [122.05407, -3.73922], [122.0529, -3.73896], [122.05294, -3.7371], [122.04795, -3.73466], [122.04602, -3.73168], [122.0426, -3.73288], [122.04077, -3.73454], [122.03599, -3.73165], [122.03768, -3.72662], [122.04006, -3.72533], [122.04171, -3.72302], [122.04559, -3.72249], [122.04926, -3.71918], [122.05008, -3.71697], [122.05369, -3.71378], [122.05399, -3.71186], [122.05581, -3.70981], [122.0585, -3.70975], [122.06139, -3.70815], [122.06711, -3.70701], [122.07345, -3.70046], [122.07466, -3.70039], [122.0761, -3.70136], [122.07745, -3.70057], [122.0789, -3.70066], [122.07948, -3.69578], [122.08022, -3.69573], [122.08185, -3.6924], [122.0849, -3.6918], [122.08803, -3.68977], [122.08865, -3.69052], [122.08979, -3.69063], [122.0944, -3.68934], [122.09582, -3.68997], [122.09833, -3.68958], [122.09891, -3.69063], [122.09841, -3.69231], [122.09914, -3.69259], [122.09925, -3.69178], [122.10059, -3.69344], [122.10551, -3.69565], [122.10626, -3.69654], [122.1047, -3.70992], [122.10368, -3.71145], [122.10349, -3.71322], [122.10149, -3.7148], [122.10203, -3.71755], [122.1048, -3.71816], [122.10584, -3.71963], [122.10736, -3.71908], [122.11205, -3.72046], [122.12103, -3.71912], [122.12252, -3.72384], [122.12157, -3.72741], [122.12256, -3.72869], [122.1259, -3.72805], [122.12685, -3.72624], [122.12854, -3.72702], [122.13351, -3.72649], [122.13477, -3.72787], [122.13563, -3.72779], [122.13662, -3.72485], [122.13925, -3.72439], [122.14394, -3.72088], [122.14494, -3.71921], [122.14538, -3.72247], [122.1451, -3.72485], [122.13696, -3.7437], [122.13787, -3.74535], [122.13821, -3.75016], [122.13789, -3.76098], [122.13603, -3.76731], [122.13343, -3.77076], [122.13059, -3.78289], [122.12697, -3.78878], [122.12885, -3.79542], [122.12398, -3.80066], [122.12018, -3.80091], [122.1179, -3.80745], [122.11535, -3.80697], [122.11521, -3.80601], [122.11355, -3.80613], [122.1135, -3.80759], [122.11495, -3.81103], [122.11367, -3.81128], [122.11161, -3.81018], [122.11094, -3.81188], [122.10811, -3.81298], [122.10789, -3.8145], [122.10602, -3.81495], [122.10305, -3.81709], [122.10365, -3.81906], [122.10319, -3.82004], [122.10359, -3.8225], [122.10273, -3.82501], [122.10399, -3.82449], [122.10433, -3.82529], [122.10599, -3.82507], [122.10787, -3.82581], [122.11333, -3.83221], [122.11173, -3.84006], [122.10686, -3.847], [122.10359, -3.84854], [122.10163, -3.85232], [122.09514, -3.85699], [122.09319, -3.85468], [122.09091, -3.85412], [122.08981, -3.86054]]]}}, {"type": "Feature", "properties": {"domain_id": "740334", "name": "BATUKARA"}, "geometry": {"type": "Polygon", "coordinates": [[[122.90419, -4.82149], [122.91099, -4.82315], [122.91255, -4.82461], [122.91378, -4.82703], [122.91576, -4.84461], [122.91588, -4.85507], [122.91145, -4.87524], [122.91192, -4.88174], [122.91158, -4.88312], [122.90909, -4.88648], [122.90139, -4.88406], [122.89452, -4.88298], [122.89284, -4.88157], [122.89009, -4.8807], [122.88862, -4.88108], [122.88752, -4.88303], [122.8853, -4.88152], [122.883, -4.88472], [122.88201, -4.88473], [122.88122, -4.88378], [122.88269, -4.88106], [122.88067, -4.88148], [122.87966, -4.87886], [122.87802, -4.87838], [122.87801, -4.87694], [122.87684, -4.87611], [122.87771, -4.87359], [122.87562, -4.87261], [122.87199, -4.86796], [122.87095, -4.8682], [122.87066, -4.87093], [122.86954, -4.87106], [122.86953, -4.86868], [122.86885, -4.8674], [122.8623, -4.86269], [122.86147, -4.86137], [122.85854, -4.86064], [122.85698, -4.85726], [122.85485, -4.85777], [122.85401, -4.85868], [122.85407, -4.86051], [122.85501, -4.86006], [122.85533, -4.86055], [122.8532, -4.8647], [122.85072, -4.86213], [122.85076, -4.86121], [122.85191, -4.86027], [122.85137, -4.85955], [122.84977, -4.86005], [122.84835, -4.86176], [122.84788, -4.86127], [122.84862, -4.86004], [122.84647, -4.85975], [122.84512, -4.86161], [122.84451, -4.86407], [122.84221, -4.86422], [122.84158, -4.86182], [122.84357, -4.8623], [122.84397, -4.86124], [122.84368, -4.86027], [122.84203, -4.85934], [122.84137, -4.85764], [122.83928, -4.85802], [122.837, -4.85738], [122.83551, -4.85521], [122.83533, -4.85375], [122.83379, -4.85325], [122.83219, -4.85094], [122.8294, -4.85049], [122.82989, -4.84937], [122.82934, -4.84861], [122.8271, -4.84823], [122.82617, -4.84662], [122.82443, -4.84659], [122.82425, -4.84511], [122.82297, -4.84406], [122.82351, -4.8428], [122.82295, -4.84175], [122.82441, -4.84021], [122.82478, -4.83719], [122.82233, -4.83654], [122.82252, -4.83502], [122.82089, -4.83463], [122.8179, -4.83151], [122.81383, -4.82887], [122.81555, -4.82833], [122.81754, -4.83006], [122.81995, -4.83033], [122.82474, -4.83282], [122.82873, -4.83639], [122.83094, -4.83669], [122.83217, -4.83795], [122.8395, -4.83501], [122.84328, -4.82571], [122.84303, -4.82064], [122.84513, -4.81307], [122.84456, -4.80927], [122.84596, -4.80733], [122.84613, -4.80568], [122.84575, -4.80055], [122.84857, -4.79833], [122.85138, -4.79428], [122.85262, -4.79401], [122.85195, -4.79315], [122.85217, -4.79233], [122.85617, -4.7846], [122.85634, -4.77913], [122.85579, -4.77564], [122.84858, -4.76542], [122.84788, -4.75904], [122.84858, -4.75899], [122.84754, -4.75803], [122.8481, -4.75609], [122.84692, -4.75062], [122.85862, -4.75216], [122.8651, -4.75439], [122.87098, -4.75332], [122.87414, -4.75606], [122.87902, -4.7554], [122.8814, -4.75878], [122.88378, -4.76033], [122.88208, -4.76391], [122.8825, -4.76897], [122.88009, -4.77379], [122.87993, -4.77675], [122.88231, -4.78136], [122.89227, -4.79348], [122.89352, -4.79993], [122.89813, -4.80938], [122.90151, -4.82036], [122.90237, -4.82117], [122.90419, -4.82149]]]}}, {"type": "Feature", "properties": {"domain_id": "740114", "name": "LATAMBAGA"}, "geometry": {"type": "Polygon", "coordinates": [[[121.59556, -4.04994], [121.59425, -4.05094], [121.59295, -4.05369], [121.59333, -4.05518], [121.59262, -4.05659], [121.59252, -4.05909], [121.59311, -4.06231], [121.59119, -4.06202], [121.59053, -4.05721], [121.58723, -4.05835], [121.58877, -4.05756], [121.58851, -4.05587], [121.58731, -4.05522], [121.58756, -4.05131], [121.5826, -4.04976], [121.58189, -4.05174], [121.58244, -4.04986], [121.5807, -4.04913], [121.57888, -4.04992], [121.5807, -4.0499], [121.58072, -4.05066], [121.57926, -4.05065], [121.57926, -4.0519], [121.57912, -4.05066], [121.57844, -4.05068], [121.57831, -4.05179], [121.57795, -4.05001], [121.57708, -4.05029], [121.57453, -4.04884], [121.57401, -4.04781], [121.57236, -4.04769], [121.57172, -4.04618], [121.56453, -4.03923], [121.56433, -4.0396], [121.56279, -4.03851], [121.55935, -4.03998], [121.55881, -4.03967], [121.55644, -4.0429], [121.55708, -4.04372], [121.55527, -4.04508], [121.55464, -4.0443], [121.55526, -4.04346], [121.55366, -4.04328], [121.55179, -4.04182], [121.54685, -4.03573], [121.54592, -4.03619], [121.5452, -4.03524], [121.54383, -4.0355], [121.54354, -4.0348], [121.54133, -4.0338], [121.54043, -4.03229], [121.5385, -4.03227], [121.53612, -4.03064], [121.53071, -4.03067], [121.53007, -4.02995], [121.53068, -4.02871], [121.52972, -4.02821], [121.52964, -4.02731], [121.52558, -4.02728], [121.52224, -4.02497], [121.51763, -4.02336], [121.51719, -4.02401], [121.51333, -4.02249], [121.51174, -4.02275], [121.50937, -4.02098], [121.50826, -4.01911], [121.50604, -4.01902], [121.50498, -4.01799], [121.50033, -4.02029], [121.49773, -4.01997], [121.49377, -4.01791], [121.495, -4.01129], [121.50244, -4.00779], [121.50235, -4.00584], [121.50306, -4.0046], [121.50031, -4.00294], [121.4975, -4.00295], [121.49824, -4.00096], [121.49765, -3.99992], [121.49887, -3.99973], [121.49776, -3.99743], [121.49806, -3.99505], [121.4972, -3.99482], [121.49697, -3.99382], [121.49947, -3.99104], [121.50028, -3.98851], [121.50121, -3.98793], [121.50243, -3.98554], [121.50867, -3.9795], [121.50425, -3.98111], [121.50405, -3.97965], [121.50521, -3.97816], [121.50478, -3.97534], [121.50622, -3.97447], [121.50548, -3.97264], [121.50682, -3.97038], [121.50685, -3.96859], [121.5057, -3.9662], [121.50657, -3.96281], [121.50629, -3.96152], [121.50802, -3.96098], [121.50862, -3.95992], [121.50716, -3.95418], [121.50737, -3.95185], [121.50805, -3.9518], [121.5084, -3.95012], [121.50703, -3.94855], [121.50686, -3.94523], [121.50804, -3.94188], [121.50922, -3.94054], [121.50937, -3.93223], [121.50882, -3.93023], [121.50972, -3.92885], [121.50906, -3.92742], [121.51134, -3.9259], [121.51009, -3.9236], [121.51245, -3.92038], [121.51359, -3.91759], [121.51539, -3.91692], [121.51778, -3.91441], [121.51964, -3.91388], [121.51996, -3.91123], [121.52107, -3.9089], [121.52367, -3.90798], [121.52443, -3.90597], [121.52715, -3.90265], [121.53076, -3.90009], [121.53354, -3.89904], [121.53426, -3.89751], [121.53609, -3.89624], [121.53894, -3.8959], [121.54318, -3.894], [121.55189, -3.89668], [121.55535, -3.89671], [121.55969, -3.89546], [121.56067, -3.89578], [121.5674, -3.89345], [121.57226, -3.88723], [121.57786, -3.88267], [121.58475, -3.88435], [121.58675, -3.88553], [121.59141, -3.88444], [121.59283, -3.88518], [121.60179, -3.88046], [121.60288, -3.8789], [121.60442, -3.87832], [121.60627, -3.87652], [121.6131, -3.87958], [121.6183, -3.88459], [121.61796, -3.8901], [121.61884, -3.89224], [121.6208, -3.89429], [121.62306, -3.89396], [121.62408, -3.89441], [121.62455, -3.89773], [121.62697, -3.90009], [121.62696, -3.90121], [121.63497, -3.90677], [121.63762, -3.90957], [121.63917, -3.90994], [121.63921, -3.91256], [121.63819, -3.91666], [121.63902, -3.91895], [121.64007, -3.91975], [121.64061, -3.9243], [121.64358, -3.92829], [121.64356, -3.93248], [121.64265, -3.93477], [121.64364, -3.93806], [121.64346, -3.93961], [121.64573, -3.94172], [121.64553, -3.94346], [121.64667, -3.94516], [121.64506, -3.94857], [121.64577, -3.9509], [121.64354, -3.95375], [121.64297, -3.95731], [121.63783, -3.96353], [121.63671, -3.96907], [121.63114, -3.97445], [121.63143, -3.97768], [121.63079, -3.97968], [121.62745, -3.98322], [121.62805, -3.98531], [121.62694, -3.9881], [121.62633, -3.99291], [121.62633, -3.99608], [121.62707, -3.99775], [121.62668, -3.99913], [121.62224, -4.00103], [121.62259, -4.0026], [121.62046, -4.00288], [121.61965, -4.00422], [121.62069, -4.0044], [121.62062, -4.00544], [121.61872, -4.00565], [121.61923, -4.00745], [121.61744, -4.00846], [121.61761, -4.01], [121.61862, -4.01104], [121.6169, -4.01161], [121.61739, -4.01379], [121.61349, -4.01681], [121.61377, -4.0181], [121.61263, -4.01786], [121.61129, -4.01893], [121.61013, -4.0184], [121.60881, -4.02118], [121.60707, -4.02114], [121.60635, -4.02176], [121.60615, -4.02424], [121.60423, -4.02449], [121.60442, -4.02666], [121.60238, -4.02492], [121.60168, -4.02503], [121.59962, -4.02785], [121.59922, -4.03021], [121.59726, -4.02968], [121.59469, -4.03062], [121.59489, -4.03326], [121.59232, -4.03474], [121.59278, -4.03625], [121.59195, -4.03769], [121.59303, -4.03876], [121.59186, -4.04111], [121.59201, -4.0433], [121.59122, -4.04452], [121.59238, -4.04668], [121.59373, -4.04726], [121.59556, -4.04994]]]}}, {"type": "Feature", "properties": {"domain_id": "740429", "name": "WABULA"}, "geometry": {"type": "Polygon", "coordinates": [[[122.85157, -5.61742], [122.83752, -5.63268], [122.83581, -5.63682], [122.83357, -5.63962], [122.83265, -5.63969], [122.82988, -5.64233], [122.82582, -5.64774], [122.82479, -5.65017], [122.82278, -5.652], [122.81781, -5.64573], [122.81444, -5.64427], [122.80989, -5.63778], [122.8002, -5.6291], [122.79414, -5.61582], [122.79135, -5.60368], [122.79041, -5.59576], [122.80065, -5.58865], [122.80572, -5.58636], [122.81228, -5.58788], [122.82432, -5.5841], [122.829, -5.58162], [122.83325, -5.57817], [122.83727, -5.57353], [122.842, -5.56486], [122.84582, -5.56199], [122.84974, -5.56113], [122.8518, -5.56003], [122.86604, -5.54132], [122.86788, -5.54199], [122.87416, -5.54213], [122.88121, -5.53861], [122.88223, -5.53864], [122.88422, -5.53908], [122.89025, -5.54262], [122.89656, -5.54408], [122.89613, -5.54688], [122.89791, -5.55183], [122.89465, -5.55529], [122.89336, -5.55795], [122.89158, -5.55857], [122.8922, -5.55952], [122.89154, -5.56004], [122.89258, -5.56113], [122.89342, -5.56561], [122.89632, -5.56044], [122.89758, -5.56122], [122.89563, -5.56458], [122.89479, -5.56407], [122.88864, -5.57116], [122.88611, -5.57666], [122.87213, -5.58677], [122.86987, -5.59045], [122.86689, -5.59251], [122.86723, -5.59355], [122.86667, -5.59507], [122.86256, -5.60042], [122.862, -5.60613], [122.8603, -5.60968], [122.85807, -5.61245], [122.85157, -5.61742]]]}}, {"type": "Feature", "properties": {"domain_id": "740813", "name": "KATOI"}, "geometry": {"type": "Polygon", "coordinates": [[[121.12117, -3.4905], [121.12379, -3.49036], [121.12469, -3.49133], [121.11032, -3.4962], [121.10082, -3.49787], [121.08656, -3.49896], [121.07148, -3.49837], [121.03879, -3.49409], [120.95864, -3.47398], [120.92986, -3.46839], [120.92915, -3.4675], [120.92476, -3.46745], [120.92351, -3.46807], [120.91772, -3.46842], [120.90331, -3.46842], [120.88644, -3.47142], [120.87508, -3.47128], [120.87005, -3.47247], [120.86849, -3.4577], [120.86453, -3.435], [120.86593, -3.43176], [120.86618, -3.42875], [120.8701, -3.42322], [120.87478, -3.41983], [120.8816, -3.41776], [120.88787, -3.41405], [120.88989, -3.40929], [120.89636, -3.40265], [120.89684, -3.40054], [120.89601, -3.39909], [120.89592, -3.39653], [120.89502, -3.39681], [120.89543, -3.3928], [120.89421, -3.3908], [120.89433, -3.38978], [120.89489, -3.38982], [120.8947, -3.3868], [120.89615, -3.38582], [120.89654, -3.38686], [120.89877, -3.38741], [120.90398, -3.39028], [120.90613, -3.38974], [120.90677, -3.39071], [120.90783, -3.39072], [120.90938, -3.39301], [120.91085, -3.393], [120.91571, -3.39712], [120.91718, -3.39732], [120.91787, -3.40047], [120.92216, -3.40228], [120.92249, -3.40323], [120.92445, -3.40339], [120.92731, -3.40607], [120.92761, -3.40707], [120.92885, -3.40717], [120.93112, -3.40964], [120.93209, -3.4093], [120.93354, -3.4105], [120.93482, -3.41039], [120.93627, -3.41286], [120.93753, -3.41271], [120.94286, -3.41861], [120.94789, -3.42301], [120.9545, -3.42611], [120.95871, -3.42883], [120.96112, -3.43195], [120.97156, -3.43447], [120.97981, -3.43525], [120.98421, -3.43962], [120.9927, -3.44105], [121.00529, -3.44509], [121.01119, -3.44573], [121.01777, -3.44847], [121.04394, -3.45361], [121.05341, -3.4569], [121.0744, -3.46203], [121.08781, -3.46447], [121.10531, -3.46888], [121.12376, -3.47217], [121.12566, -3.47861], [121.12718, -3.48022], [121.12327, -3.48428], [121.12161, -3.48423], [121.12233, -3.48555], [121.12086, -3.4874], [121.12231, -3.48903], [121.12056, -3.49015], [121.12117, -3.4905]]]}}, {"type": "Feature", "properties": {"domain_id": "741507", "name": "KADATUA"}, "geometry": {"type": "MultiPolygon", "coordinates": [[[[122.48236, -5.55555], [122.47592, -5.54892], [122.47383, -5.54765], [122.47298, -5.54816], [122.47064, -5.54207], [122.46988, -5.53772], [122.47145, -5.53051], [122.47375, -5.53134], [122.4753, -5.53016], [122.48002, -5.51797], [122.4828, -5.51449], [122.48853, -5.51193], [122.49936, -5.50892], [122.50906, -5.50408], [122.51583, -5.50291], [122.52028, -5.49998], [122.52259, -5.50121], [122.52386, -5.50038], [122.52443, -5.49886], [122.52463, -5.50172], [122.52004, -5.50809], [122.51692, -5.51998], [122.51322, -5.52196], [122.51065, -5.52595], [122.5104, -5.53006], [122.51102, -5.53246], [122.5091, -5.53633], [122.50951, -5.53808], [122.51116, -5.54049], [122.50942, -5.54609], [122.50927, -5.54881], [122.50811, -5.55066], [122.50788, -5.55327], [122.50847, -5.55602], [122.50682, -5.56051], [122.50414, -5.56301], [122.4996, -5.56338], [122.48869, -5.56237], [122.48549, -5.56056], [122.48236, -5.55555]]], [[[122.51316, -5.58958], [122.51405, -5.58994], [122.51465, -5.59135], [122.51384, -5.59459], [122.50059, -5.59703], [122.50207, -5.59528], [122.50586, -5.59266], [122.50812, -5.59263], [122.51078, -5.59004], [122.51316, -5.58958]]]]}}, {"type": "Feature", "properties": {"domain_id": "740807", "name": "WAWO"}, "geometry": {"type": "Polygon", "coordinates": [[[121.24729, -3.64335], [121.24877, -3.64862], [121.25267, -3.65714], [121.22068, -3.67499], [121.21695, -3.6759], [121.16473, -3.69795], [121.1496, -3.7017], [121.13296, -3.70947], [121.12005, -3.71902], [121.11634, -3.72405], [121.11312, -3.73225], [121.10948, -3.73577], [121.10265, -3.74531], [121.09953, -3.74215], [121.09774, -3.73408], [121.0964, -3.73104], [121.09475, -3.73088], [121.09401, -3.72967], [121.09389, -3.72689], [121.09082, -3.72223], [121.08361, -3.71442], [121.08217, -3.71426], [121.07799, -3.71168], [121.07273, -3.70984], [121.06846, -3.70497], [121.067, -3.70436], [121.06626, -3.70538], [121.06378, -3.70208], [121.06176, -3.70134], [121.05716, -3.7013], [121.05416, -3.69848], [121.05131, -3.69696], [121.04575, -3.69687], [121.04386, -3.69742], [121.04147, -3.69663], [121.03678, -3.69344], [121.02826, -3.69068], [121.0238, -3.68652], [121.02246, -3.68634], [121.02032, -3.68441], [121.02215, -3.68304], [121.02443, -3.67968], [121.02865, -3.67706], [121.03031, -3.67433], [121.0344, -3.67095], [121.03604, -3.66837], [121.03931, -3.66646], [121.04215, -3.66062], [121.04311, -3.66034], [121.04593, -3.66111], [121.04813, -3.66016], [121.05006, -3.65563], [121.04805, -3.65017], [121.05105, -3.64901], [121.05196, -3.64667], [121.05224, -3.64333], [121.05416, -3.63992], [121.05395, -3.63758], [121.05667, -3.63786], [121.05739, -3.63395], [121.05968, -3.63422], [121.06213, -3.63322], [121.06446, -3.63532], [121.06701, -3.63608], [121.07295, -3.63536], [121.07358, -3.63347], [121.07543, -3.63345], [121.07564, -3.63093], [121.07747, -3.62881], [121.0791, -3.62825], [121.08062, -3.62549], [121.08159, -3.62493], [121.08276, -3.62102], [121.08439, -3.62028], [121.08536, -3.61885], [121.08872, -3.61653], [121.09437, -3.61662], [121.0984, -3.61538], [121.10101, -3.61228], [121.10336, -3.61135], [121.10472, -3.60757], [121.10671, -3.6071], [121.10792, -3.6059], [121.10876, -3.6024], [121.11083, -3.6023], [121.11188, -3.5989], [121.11288, -3.59827], [121.11493, -3.59488], [121.12014, -3.59436], [121.12158, -3.59205], [121.12549, -3.59103], [121.12713, -3.58961], [121.12802, -3.59007], [121.13052, -3.58951], [121.13079, -3.58819], [121.13345, -3.58468], [121.1368, -3.58239], [121.13781, -3.57741], [121.14213, -3.57054], [121.14599, -3.56993], [121.14791, -3.56742], [121.15304, -3.56471], [121.1549, -3.56462], [121.15789, -3.56332], [121.16324, -3.56359], [121.1661, -3.56005], [121.16948, -3.55925], [121.17114, -3.55793], [121.17295, -3.55756], [121.17509, -3.55517], [121.18091, -3.55535], [121.18652, -3.56345], [121.19217, -3.5679], [121.19498, -3.56943], [121.19788, -3.56943], [121.20128, -3.57038], [121.21187, -3.57844], [121.21711, -3.58998], [121.22102, -3.59577], [121.2314, -3.60004], [121.2359, -3.60263], [121.23732, -3.60486], [121.23838, -3.60828], [121.24293, -3.61579], [121.24465, -3.62268], [121.24729, -3.64335]]]}}, {"type": "Feature", "properties": {"domain_id": "741311", "name": "NAPANO KUSAMBI"}, "geometry": {"type": "MultiPolygon", "coordinates": [[[[122.63242, -4.74825], [122.62904, -4.74732], [122.62645, -4.74489], [122.62377, -4.74517], [122.6227, -4.74434], [122.62055, -4.74404], [122.62048, -4.74472], [122.61807, -4.74583], [122.61727, -4.74719], [122.61227, -4.74638], [122.60885, -4.7467], [122.60731, -4.74319], [122.60316, -4.74138], [122.60014, -4.74197], [122.59367, -4.74054], [122.59145, -4.74179], [122.58969, -4.74143], [122.58908, -4.74231], [122.58652, -4.73769], [122.58701, -4.73589], [122.58593, -4.7347], [122.5866, -4.73453], [122.58675, -4.73367], [122.58592, -4.72988], [122.58666, -4.72834], [122.58511, -4.72799], [122.58514, -4.72635], [122.58432, -4.72596], [122.58469, -4.72537], [122.58304, -4.72501], [122.58285, -4.72323], [122.57076, -4.72024], [122.56974, -4.71797], [122.5654, -4.71451], [122.55925, -4.71178], [122.55324, -4.70766], [122.5497, -4.70267], [122.54906, -4.69952], [122.54326, -4.69612], [122.55391, -4.6938], [122.55677, -4.69241], [122.55848, -4.69068], [122.56497, -4.67897], [122.57304, -4.67558], [122.57691, -4.67286], [122.58154, -4.67181], [122.58505, -4.66958], [122.58823, -4.66537], [122.59002, -4.66138], [122.59329, -4.65778], [122.59524, -4.65696], [122.59602, -4.65528], [122.59635, -4.65253], [122.59565, -4.64875], [122.59304, -4.64367], [122.59603, -4.64015], [122.59466, -4.63838], [122.59503, -4.63645], [122.59632, -4.63523], [122.59585, -4.6346], [122.59824, -4.63748], [122.59806, -4.63908], [122.60175, -4.64228], [122.60278, -4.64395], [122.60198, -4.6413], [122.60727, -4.64308], [122.60962, -4.64205], [122.61414, -4.64254], [122.61488, -4.642], [122.6148, -4.63944], [122.61616, -4.63836], [122.61749, -4.63864], [122.61926, -4.64072], [122.6216, -4.64102], [122.62384, -4.64222], [122.6264, -4.64202], [122.63291, -4.65004], [122.63054, -4.65989], [122.63144, -4.6675], [122.6339, -4.67442], [122.63767, -4.678], [122.64837, -4.678], [122.65332, -4.67933], [122.65368, -4.68049], [122.63695, -4.69599], [122.64129, -4.70033], [122.64909, -4.7117], [122.65831, -4.72712], [122.65878, -4.72962], [122.65492, -4.73332], [122.64765, -4.7386], [122.63242, -4.74825]]], [[[122.59102, -4.64202], [122.59149, -4.64283], [122.59022, -4.64656], [122.58908, -4.64725], [122.5877, -4.64705], [122.58749, -4.64177], [122.58995, -4.63897], [122.59076, -4.63918], [122.59102, -4.64202]]]]}}, {"type": "Feature", "properties": {"domain_id": "740609", "name": "RAROWATU UTARA"}, "geometry": {"type": "Polygon", "coordinates": [[[122.03111, -4.6904], [122.03172, -4.69327], [122.03285, -4.69433], [122.03327, -4.69758], [122.03196, -4.70173], [122.03264, -4.70227], [122.03309, -4.70445], [122.03329, -4.70752], [122.03248, -4.70828], [122.03321, -4.70885], [122.03332, -4.71146], [122.03183, -4.71859], [122.03264, -4.71945], [122.03513, -4.72914], [122.03397, -4.72882], [122.03074, -4.7249], [122.02795, -4.72346], [122.02425, -4.72234], [122.01911, -4.72275], [122.01276, -4.72065], [122.01011, -4.71851], [122.0023, -4.7178], [121.99978, -4.71588], [121.99932, -4.71342], [121.99465, -4.71022], [121.99137, -4.71038], [121.98883, -4.7078], [121.98453, -4.70773], [121.97822, -4.70628], [121.97444, -4.70387], [121.97049, -4.70256], [121.96438, -4.7027], [121.96018, -4.70077], [121.95079, -4.70104], [121.94922, -4.6998], [121.9489, -4.69832], [121.94456, -4.69634], [121.94256, -4.69369], [121.93863, -4.69312], [121.93295, -4.68986], [121.92559, -4.68974], [121.92198, -4.69134], [121.91811, -4.68981], [121.91488, -4.68627], [121.90807, -4.68478], [121.90429, -4.68715], [121.90238, -4.68653], [121.89974, -4.68714], [121.89756, -4.68631], [121.89651, -4.68511], [121.89527, -4.68534], [121.89425, -4.68466], [121.8899, -4.68394], [121.88722, -4.68183], [121.88492, -4.68168], [121.88343, -4.68048], [121.8808, -4.68077], [121.8777, -4.67996], [121.87277, -4.68042], [121.86951, -4.67858], [121.86647, -4.67812], [121.86437, -4.67861], [121.86253, -4.67641], [121.86149, -4.67611], [121.85937, -4.67707], [121.85945, -4.67871], [121.85863, -4.67926], [121.85827, -4.68107], [121.85748, -4.68026], [121.85614, -4.68072], [121.85709, -4.67863], [121.85773, -4.67265], [121.85984, -4.66836], [121.84955, -4.66342], [121.84634, -4.66332], [121.84709, -4.66127], [121.84842, -4.66031], [121.84907, -4.6574], [121.85067, -4.657], [121.85022, -4.65434], [121.85125, -4.65328], [121.85104, -4.65176], [121.85247, -4.651], [121.85285, -4.64737], [121.85248, -4.6465], [121.84941, -4.64532], [121.84976, -4.6428], [121.84851, -4.64194], [121.84862, -4.63855], [121.84727, -4.63721], [121.84823, -4.63657], [121.84822, -4.63489], [121.85022, -4.63237], [121.85134, -4.63256], [121.85216, -4.63024], [121.85326, -4.63033], [121.85357, -4.62783], [121.85538, -4.62671], [121.85538, -4.62548], [121.85425, -4.62401], [121.85443, -4.62239], [121.85329, -4.62145], [121.85555, -4.61984], [121.85607, -4.61842], [121.86301, -4.61592], [121.86211, -4.6123], [121.86114, -4.61274], [121.86045, -4.61197], [121.86143, -4.60969], [121.8632, -4.60972], [121.84424, -4.59176], [121.83862, -4.59598], [121.83713, -4.58913], [121.83496, -4.58773], [121.83275, -4.58459], [121.8337, -4.57959], [121.83301, -4.5773], [121.83113, -4.57606], [121.82952, -4.5763], [121.83001, -4.57569], [121.8293, -4.57497], [121.82747, -4.57531], [121.82684, -4.5733], [121.82623, -4.57342], [121.82549, -4.57067], [121.82673, -4.57021], [121.82571, -4.56901], [121.82652, -4.56783], [121.82517, -4.56835], [121.82344, -4.56734], [121.82255, -4.56436], [121.82568, -4.56197], [121.82554, -4.56148], [121.82618, -4.56178], [121.82713, -4.56032], [121.8266, -4.5577], [121.82728, -4.5537], [121.82536, -4.55095], [121.82677, -4.5473], [121.82628, -4.54626], [121.82767, -4.54493], [121.82349, -4.53946], [121.82334, -4.53544], [121.82425, -4.53479], [121.82401, -4.53328], [121.8265, -4.53302], [121.8291, -4.53559], [121.83152, -4.53595], [121.83396, -4.53535], [121.83823, -4.53591], [121.8387, -4.53662], [121.83741, -4.53791], [121.83823, -4.53927], [121.838, -4.53999], [121.83952, -4.53984], [121.84055, -4.54194], [121.84194, -4.5425], [121.84117, -4.54387], [121.84153, -4.54437], [121.84358, -4.54358], [121.84467, -4.54512], [121.84789, -4.54664], [121.84938, -4.54812], [121.85105, -4.54855], [121.8526, -4.54738], [121.85456, -4.54874], [121.85684, -4.54806], [121.8588, -4.54828], [121.85971, -4.55025], [121.86086, -4.55117], [121.86388, -4.55188], [121.86428, -4.55285], [121.86516, -4.55308], [121.86506, -4.55403], [121.86659, -4.55364], [121.86701, -4.55527], [121.86863, -4.55438], [121.87037, -4.55563], [121.87259, -4.55616], [121.8724, -4.55742], [121.87368, -4.55874], [121.87517, -4.55829], [121.87518, -4.5574], [121.87634, -4.55674], [121.87843, -4.55827], [121.87958, -4.5573], [121.8797, -4.55874], [121.88134, -4.55825], [121.88085, -4.56069], [121.87999, -4.56132], [121.88043, -4.5623], [121.87836, -4.56229], [121.8781, -4.56402], [121.87913, -4.56427], [121.881, -4.56353], [121.88221, -4.56581], [121.88182, -4.56678], [121.88288, -4.56721], [121.88345, -4.56861], [121.8831, -4.56946], [121.88426, -4.57159], [121.88569, -4.57308], [121.88692, -4.57271], [121.8896, -4.5734], [121.89021, -4.57591], [121.89119, -4.57693], [121.89408, -4.57707], [121.89328, -4.57817], [121.89381, -4.57901], [121.89515, -4.57826], [121.89531, -4.57967], [121.89696, -4.58033], [121.89925, -4.57993], [121.90152, -4.58091], [121.90154, -4.58187], [121.90042, -4.58163], [121.90089, -4.58379], [121.90181, -4.58412], [121.90115, -4.58482], [121.90193, -4.58528], [121.90423, -4.58457], [121.90477, -4.58725], [121.90399, -4.59043], [121.90584, -4.59067], [121.90558, -4.59206], [121.90836, -4.59126], [121.90963, -4.58992], [121.9109, -4.59086], [121.91192, -4.59077], [121.91262, -4.59018], [121.91223, -4.58879], [121.91291, -4.58792], [121.91354, -4.58964], [121.91495, -4.58999], [121.91673, -4.58857], [121.91698, -4.58737], [121.91828, -4.58739], [121.91822, -4.58497], [121.91961, -4.58545], [121.91964, -4.58651], [121.92121, -4.58595], [121.92178, -4.58537], [121.92149, -4.58469], [121.92353, -4.58615], [121.92477, -4.58612], [121.9254, -4.58447], [121.92664, -4.58402], [121.92778, -4.58243], [121.92843, -4.58396], [121.92962, -4.58366], [121.93033, -4.58552], [121.93108, -4.58562], [121.93052, -4.58724], [121.93215, -4.58704], [121.93098, -4.58827], [121.93174, -4.58884], [121.93299, -4.58811], [121.93349, -4.58843], [121.93251, -4.58931], [121.93293, -4.591], [121.93061, -4.59172], [121.93245, -4.59342], [121.93674, -4.59309], [121.93712, -4.59411], [121.93791, -4.59428], [121.93863, -4.59628], [121.94134, -4.59625], [121.94066, -4.59704], [121.94207, -4.59768], [121.9419, -4.59876], [121.94306, -4.59859], [121.94259, -4.59784], [121.94302, -4.59664], [121.94569, -4.59691], [121.94457, -4.59789], [121.94535, -4.59863], [121.94716, -4.59806], [121.94716, -4.59669], [121.94827, -4.5961], [121.94841, -4.59855], [121.95003, -4.59886], [121.95112, -4.59995], [121.95132, -4.60151], [121.95213, -4.60167], [121.95105, -4.60309], [121.95206, -4.6038], [121.95073, -4.60495], [121.95126, -4.60604], [121.95065, -4.6076], [121.94837, -4.60866], [121.94743, -4.61071], [121.94664, -4.6108], [121.94591, -4.60995], [121.94518, -4.61041], [121.94533, -4.61239], [121.94431, -4.6124], [121.94366, -4.61158], [121.9434, -4.61269], [121.94421, -4.614], [121.94402, -4.62276], [121.94873, -4.62431], [121.95473, -4.62454], [121.95772, -4.62669], [121.95956, -4.62673], [121.96314, -4.62521], [121.966, -4.62604], [121.96855, -4.62571], [121.9727, -4.62737], [121.9743, -4.62881], [121.97609, -4.628], [121.97718, -4.62819], [121.98052, -4.63217], [121.98604, -4.63204], [121.98761, -4.63398], [121.98937, -4.63354], [121.98997, -4.63433], [121.99282, -4.63498], [121.99485, -4.63731], [121.99661, -4.63686], [122.00143, -4.63975], [122.00165, -4.63932], [122.00294, -4.64012], [122.00377, -4.63948], [122.00421, -4.64109], [122.0056, -4.64047], [122.00617, -4.64237], [122.00497, -4.64161], [122.0045, -4.64277], [122.00333, -4.64242], [122.00322, -4.64336], [122.00619, -4.64525], [122.00714, -4.6482], [122.00811, -4.64801], [122.00854, -4.64466], [122.00991, -4.64424], [122.01254, -4.64783], [122.01587, -4.64923], [122.01654, -4.65234], [122.01775, -4.65362], [122.01896, -4.65355], [122.01949, -4.65289], [122.01985, -4.6484], [122.02318, -4.64844], [122.02719, -4.65023], [122.03182, -4.65542], [122.03039, -4.65651], [122.03149, -4.66061], [122.03625, -4.66204], [122.03421, -4.6626], [122.03364, -4.66348], [122.0342, -4.66478], [122.03164, -4.6659], [122.03077, -4.66747], [122.03341, -4.6676], [122.03456, -4.66885], [122.03154, -4.68855], [122.03183, -4.68976], [122.03091, -4.69003], [122.03111, -4.6904]]]}}, {"type": "Feature", "properties": {"domain_id": "740331", "name": "MAROBO"}, "geometry": {"type": "MultiPolygon", "coordinates": [[[[122.38558, -5.12686], [122.38429, -5.12836], [122.38418, -5.13445], [122.38004, -5.14155], [122.37993, -5.14615], [122.37652, -5.15621], [122.36342, -5.17334], [122.36334, -5.17248], [122.36142, -5.1722], [122.35778, -5.16813], [122.35792, -5.16541], [122.35706, -5.16249], [122.35514, -5.16106], [122.35628, -5.15928], [122.35599, -5.1582], [122.35514, -5.15721], [122.35378, -5.15685], [122.35478, -5.15528], [122.35485, -5.15342], [122.35335, -5.15114], [122.35128, -5.15199], [122.35021, -5.15142], [122.35042, -5.15064], [122.34921, -5.15042], [122.3475, -5.14878], [122.3465, -5.15078], [122.3455, -5.15057], [122.3445, -5.14978], [122.34464, -5.14892], [122.3455, -5.1485], [122.34571, -5.147], [122.34514, -5.14614], [122.34321, -5.14671], [122.34164, -5.14536], [122.33622, -5.147], [122.32505, -5.14589], [122.32176, -5.14626], [122.32015, -5.14575], [122.31879, -5.1431], [122.31683, -5.14229], [122.3184, -5.14254], [122.31897, -5.14205], [122.31751, -5.13904], [122.3186, -5.13158], [122.31759, -5.12801], [122.31795, -5.12612], [122.31887, -5.12591], [122.31794, -5.12444], [122.31977, -5.1179], [122.32037, -5.1169], [122.32174, -5.1164], [122.32283, -5.11077], [122.32445, -5.10995], [122.32575, -5.10761], [122.32678, -5.1072], [122.32699, -5.10505], [122.32789, -5.10377], [122.33088, -5.10264], [122.33258, -5.10105], [122.33847, -5.09923], [122.34423, -5.10056], [122.34696, -5.10271], [122.34849, -5.10301], [122.35348, -5.10066], [122.35677, -5.09767], [122.36328, -5.09647], [122.36405, -5.09528], [122.36566, -5.09455], [122.36481, -5.09304], [122.36517, -5.09147], [122.36956, -5.08991], [122.37127, -5.08979], [122.37358, -5.09264], [122.37769, -5.09478], [122.37893, -5.09629], [122.37923, -5.09942], [122.37826, -5.10351], [122.381, -5.10622], [122.38264, -5.10946], [122.38558, -5.12686]]], [[[122.33494, -5.08997], [122.33527, -5.0909], [122.33436, -5.09088], [122.33426, -5.09221], [122.33588, -5.0918], [122.33583, -5.09279], [122.3344, -5.0941], [122.33289, -5.09419], [122.33312, -5.09291], [122.3326, -5.0939], [122.33223, -5.09308], [122.33251, -5.09095], [122.33421, -5.08978], [122.33494, -5.08997]]], [[[122.27181, -5.02053], [122.27038, -5.02262], [122.26944, -5.02254], [122.2699, -5.02014], [122.27002, -5.02077], [122.27077, -5.02047], [122.27092, -5.02095], [122.27149, -5.01938], [122.27231, -5.01938], [122.27181, -5.02053]]]]}}, {"type": "Feature", "properties": {"domain_id": "740428", "name": "WOLOWA"}, "geometry": {"type": "Polygon", "coordinates": [[[122.91579, -5.43931], [122.91107, -5.43896], [122.90958, -5.43964], [122.90993, -5.44074], [122.90885, -5.44103], [122.90831, -5.43971], [122.90177, -5.43998], [122.90607, -5.43524], [122.90686, -5.43346], [122.90198, -5.43162], [122.90084, -5.42965], [122.90083, -5.42696], [122.90232, -5.42671], [122.90181, -5.42457], [122.90282, -5.42269], [122.90357, -5.42327], [122.90458, -5.42263], [122.90613, -5.42331], [122.90764, -5.42336], [122.90793, -5.42287], [122.90734, -5.42104], [122.90768, -5.41807], [122.90705, -5.41646], [122.90341, -5.41463], [122.90335, -5.41185], [122.9046, -5.41022], [122.90444, -5.40705], [122.90536, -5.40567], [122.90033, -5.40057], [122.90546, -5.39707], [122.90701, -5.39497], [122.90696, -5.3935], [122.90401, -5.38976], [122.90432, -5.38816], [122.90589, -5.38724], [122.90621, -5.38604], [122.90483, -5.38453], [122.90498, -5.38148], [122.90312, -5.38003], [122.9028, -5.37743], [122.9006, -5.3772], [122.90009, -5.3763], [122.90205, -5.3718], [122.90445, -5.3696], [122.90677, -5.3655], [122.90667, -5.36308], [122.905, -5.35958], [122.90505, -5.35679], [122.9037, -5.35313], [122.90405, -5.35078], [122.90589, -5.34667], [122.90704, -5.33783], [122.90695, -5.33473], [122.90563, -5.33332], [122.90563, -5.33208], [122.90916, -5.32881], [122.91525, -5.32536], [122.91658, -5.32324], [122.91803, -5.31669], [122.92056, -5.3108], [122.92007, -5.30799], [122.9179, -5.30449], [122.91868, -5.30268], [122.92051, -5.30132], [122.92069, -5.30014], [122.9226, -5.3019], [122.92802, -5.30378], [122.93256, -5.30891], [122.93502, -5.31022], [122.93796, -5.31055], [122.94215, -5.30935], [122.94357, -5.30785], [122.94565, -5.3069], [122.95088, -5.3077], [122.95355, -5.31026], [122.95613, -5.31654], [122.95795, -5.31835], [122.96133, -5.31987], [122.96799, -5.32134], [122.97067, -5.32283], [122.97162, -5.32519], [122.97156, -5.32934], [122.96933, -5.33536], [122.96601, -5.34034], [122.96582, -5.34269], [122.96657, -5.34546], [122.97232, -5.35443], [122.9728, -5.36062], [122.97644, -5.36511], [122.97668, -5.36911], [122.97741, -5.37076], [122.98345, -5.37418], [122.98496, -5.37687], [122.98466, -5.37957], [122.98535, -5.38104], [122.98855, -5.38232], [122.98977, -5.38445], [122.99283, -5.38719], [122.99355, -5.38898], [122.99721, -5.38948], [122.99915, -5.39247], [122.99884, -5.39364], [122.99609, -5.39686], [122.98833, -5.39534], [122.98745, -5.39456], [122.9833, -5.39508], [122.97776, -5.39403], [122.97587, -5.39418], [122.97159, -5.3959], [122.96789, -5.40195], [122.96151, -5.40878], [122.95699, -5.41032], [122.95399, -5.41036], [122.95176, -5.412], [122.9465, -5.41429], [122.9448, -5.41907], [122.94311, -5.42179], [122.93816, -5.42737], [122.92929, -5.43203], [122.92343, -5.4367], [122.91761, -5.43816], [122.91579, -5.43931]]]}}, {"type": "Feature", "properties": {"domain_id": "740313", "name": "WAKORUMBA SELATAN"}, "geometry": {"type": "MultiPolygon", "coordinates": [[[[122.82792, -4.92085], [122.83171, -4.92098], [122.83202, -4.92028], [122.83206, -4.91234], [122.83051, -4.90553], [122.83121, -4.89856], [122.82996, -4.89265], [122.82829, -4.88824], [122.82746, -4.88813], [122.8282, -4.88734], [122.82416, -4.88285], [122.81851, -4.87838], [122.81806, -4.87729], [122.81594, -4.87669], [122.81183, -4.87356], [122.80573, -4.86778], [122.80846, -4.86437], [122.80799, -4.86174], [122.80915, -4.85929], [122.81271, -4.85473], [122.81308, -4.84917], [122.81449, -4.84728], [122.8181, -4.8387], [122.81764, -4.83469], [122.81618, -4.83231], [122.81336, -4.82967], [122.81383, -4.82887], [122.8179, -4.83151], [122.82089, -4.83463], [122.82252, -4.83502], [122.82233, -4.83654], [122.82478, -4.83719], [122.82441, -4.84021], [122.82295, -4.84175], [122.82351, -4.8428], [122.82297, -4.84406], [122.82425, -4.84511], [122.82443, -4.84659], [122.82617, -4.84662], [122.8271, -4.84823], [122.82934, -4.84861], [122.82989, -4.84937], [122.8294, -4.85049], [122.83219, -4.85094], [122.83379, -4.85325], [122.83533, -4.85375], [122.83551, -4.85521], [122.837, -4.85738], [122.83928, -4.85802], [122.84125, -4.85757], [122.8423, -4.85967], [122.84368, -4.86027], [122.84373, -4.86224], [122.84158, -4.86182], [122.84221, -4.86422], [122.84451, -4.86407], [122.84512, -4.86161], [122.84647, -4.85975], [122.84862, -4.86004], [122.84788, -4.86127], [122.84835, -4.86176], [122.84977, -4.86005], [122.85137, -4.85955], [122.85191, -4.86027], [122.85076, -4.86121], [122.85072, -4.86213], [122.8532, -4.8647], [122.85533, -4.86055], [122.85501, -4.86006], [122.85407, -4.86051], [122.85401, -4.85868], [122.85669, -4.85714], [122.85854, -4.86064], [122.86147, -4.86137], [122.8623, -4.86269], [122.86885, -4.8674], [122.86953, -4.86868], [122.86954, -4.87106], [122.87066, -4.87093], [122.87095, -4.8682], [122.87199, -4.86796], [122.87562, -4.87261], [122.87771, -4.87359], [122.87684, -4.87611], [122.87801, -4.87694], [122.87802, -4.87838], [122.87966, -4.87886], [122.88067, -4.88148], [122.88269, -4.88106], [122.88122, -4.88378], [122.88201, -4.88473], [122.883, -4.88472], [122.8853, -4.88152], [122.88752, -4.88303], [122.88862, -4.88108], [122.89009, -4.8807], [122.89284, -4.88157], [122.89452, -4.88298], [122.90139, -4.88406], [122.90909, -4.88648], [122.90867, -4.88888], [122.90515, -4.89359], [122.90136, -4.89548], [122.90001, -4.89552], [122.89936, -4.8966], [122.89827, -4.89647], [122.89905, -4.89818], [122.89775, -4.8986], [122.89853, -4.89915], [122.8983, -4.89965], [122.89678, -4.89982], [122.89779, -4.90178], [122.89748, -4.90239], [122.89636, -4.9022], [122.89698, -4.9044], [122.89555, -4.90386], [122.89245, -4.9045], [122.89282, -4.90594], [122.89376, -4.90588], [122.89366, -4.90676], [122.89485, -4.9075], [122.89508, -4.90967], [122.8936, -4.91094], [122.89551, -4.9118], [122.89423, -4.91252], [122.89351, -4.9143], [122.89382, -4.9154], [122.89206, -4.91622], [122.89209, -4.91492], [122.89121, -4.91399], [122.89054, -4.91514], [122.88973, -4.91528], [122.88907, -4.9146], [122.88814, -4.91589], [122.89057, -4.91751], [122.88955, -4.91846], [122.88978, -4.91937], [122.89273, -4.91988], [122.89084, -4.92143], [122.89177, -4.92218], [122.8941, -4.92221], [122.89378, -4.92425], [122.89452, -4.92565], [122.89293, -4.92734], [122.88908, -4.92764], [122.8916, -4.9292], [122.8919, -4.93004], [122.89083, -4.93116], [122.89085, -4.93287], [122.89035, -4.93306], [122.88918, -4.93198], [122.8883, -4.93267], [122.89013, -4.9339], [122.89097, -4.9361], [122.89063, -4.93729], [122.89231, -4.93627], [122.89303, -4.93863], [122.88959, -4.94063], [122.88691, -4.94315], [122.88488, -4.94955], [122.88436, -4.95354], [122.88612, -4.96584], [122.88287, -4.96487], [122.8782, -4.9661], [122.87605, -4.96833], [122.87366, -4.9686], [122.86854, -4.96689], [122.86514, -4.96671], [122.86359, -4.96764], [122.86264, -4.97095], [122.86051, -4.97443], [122.85449, -4.97577], [122.8436, -4.97944], [122.84176, -4.97884], [122.84075, -4.97749], [122.83802, -4.96914], [122.82631, -4.96795], [122.81978, -4.94006], [122.81707, -4.94015], [122.81724, -4.93503], [122.81757, -4.93386], [122.81966, -4.93208], [122.81995, -4.92951], [122.81906, -4.92672], [122.82005, -4.92581], [122.82252, -4.92537], [122.82273, -4.92327], [122.82177, -4.92242], [122.82216, -4.92155], [122.82382, -4.92082], [122.82792, -4.92085]]], [[[122.81623, -4.91058], [122.81703, -4.91059], [122.81744, -4.91383], [122.81585, -4.91586], [122.8133, -4.91458], [122.81378, -4.91309], [122.81663, -4.91194], [122.8156, -4.91052], [122.81623, -4.91058]]]]}}, {"type": "Feature", "properties": {"domain_id": "740614", "name": "KABAENA BARAT"}, "geometry": {"type": "MultiPolygon", "coordinates": [[[[121.80218, -5.27978], [121.79907, -5.28093], [121.79536, -5.27756], [121.79385, -5.27307], [121.79438, -5.26988], [121.79604, -5.26857], [121.79527, -5.26789], [121.79493, -5.26625], [121.79378, -5.2662], [121.79323, -5.2641], [121.79405, -5.26365], [121.79449, -5.26235], [121.79685, -5.26217], [121.80169, -5.2579], [121.80229, -5.25709], [121.80171, -5.25571], [121.80318, -5.25378], [121.80453, -5.25424], [121.80598, -5.24828], [121.80777, -5.24527], [121.80775, -5.2388], [121.8102, -5.2322], [121.81163, -5.23066], [121.81291, -5.22322], [121.81224, -5.22023], [121.81252, -5.21553], [121.81101, -5.21167], [121.80784, -5.20814], [121.80802, -5.20724], [121.81092, -5.20576], [121.81143, -5.20449], [121.81405, -5.20308], [121.81912, -5.20298], [121.82054, -5.20366], [121.82191, -5.20272], [121.82406, -5.20248], [121.83197, -5.20271], [121.83367, -5.1985], [121.83321, -5.19764], [121.83156, -5.19693], [121.83162, -5.19581], [121.83443, -5.19553], [121.83496, -5.19406], [121.83905, -5.19235], [121.83863, -5.1915], [121.83908, -5.19061], [121.83809, -5.18962], [121.83582, -5.1897], [121.83408, -5.18786], [121.83187, -5.18866], [121.82944, -5.1879], [121.82762, -5.18958], [121.82597, -5.18801], [121.82221, -5.18241], [121.82348, -5.17888], [121.82074, -5.17696], [121.82239, -5.1731], [121.82299, -5.16901], [121.82605, -5.16721], [121.829, -5.16173], [121.83168, -5.16049], [121.83324, -5.15844], [121.83458, -5.15817], [121.83683, -5.15582], [121.83834, -5.1537], [121.8384, -5.15127], [121.84171, -5.15022], [121.84168, -5.14648], [121.8438, -5.14631], [121.84785, -5.1486], [121.85125, -5.14835], [121.85396, -5.15332], [121.85519, -5.15366], [121.85494, -5.15554], [121.8531, -5.15738], [121.84607, -5.1585], [121.84352, -5.16034], [121.84062, -5.16349], [121.8388, -5.16667], [121.83766, -5.17303], [121.83765, -5.17712], [121.83833, -5.17985], [121.84285, -5.18736], [121.84555, -5.19418], [121.84598, -5.20986], [121.84982, -5.21668], [121.87201, -5.22854], [121.878, -5.23244], [121.89103, -5.24342], [121.88027, -5.25311], [121.876, -5.25106], [121.86656, -5.2436], [121.86134, -5.24125], [121.84315, -5.23926], [121.83188, -5.23301], [121.82554, -5.22755], [121.82056, -5.23621], [121.82118, -5.2384], [121.82306, -5.24034], [121.80977, -5.2654], [121.80556, -5.26863], [121.80218, -5.27978]]], [[[121.83936, -5.11951], [121.83856, -5.12113], [121.83923, -5.12297], [121.83925, -5.12608], [121.84073, -5.12881], [121.84279, -5.12892], [121.84231, -5.13185], [121.84371, -5.13309], [121.84401, -5.13578], [121.8417, -5.14007], [121.8401, -5.14161], [121.83976, -5.14492], [121.83878, -5.14675], [121.83702, -5.14718], [121.83581, -5.15234], [121.83267, -5.15079], [121.82952, -5.1517], [121.82746, -5.15326], [121.82452, -5.15263], [121.8235, -5.15124], [121.82434, -5.14855], [121.82529, -5.1484], [121.82456, -5.14778], [121.82402, -5.14485], [121.82585, -5.14158], [121.82542, -5.14021], [121.82641, -5.13663], [121.82822, -5.13444], [121.82932, -5.13137], [121.83118, -5.12949], [121.8316, -5.1274], [121.83249, -5.12631], [121.83208, -5.12534], [121.83505, -5.1208], [121.83816, -5.12002], [121.83877, -5.11959], [121.83862, -5.11869], [121.83936, -5.11951]]], [[[121.85207, -5.0985], [121.85199, -5.09954], [121.85301, -5.10073], [121.8527, -5.1035], [121.85384, -5.10831], [121.85642, -5.11064], [121.85848, -5.11099], [121.85745, -5.11405], [121.84944, -5.12534], [121.84343, -5.12175], [121.844, -5.12099], [121.8432, -5.1184], [121.84034, -5.1162], [121.83998, -5.11513], [121.8402, -5.11089], [121.84109, -5.10779], [121.84319, -5.10638], [121.84865, -5.09924], [121.85155, -5.09769], [121.85207, -5.0985]]], [[[121.76696, -5.25645], [121.76901, -5.25751], [121.7721, -5.25654], [121.77278, -5.25804], [121.77409, -5.25712], [121.77086, -5.26341], [121.77044, -5.26638], [121.77106, -5.26945], [121.77089, -5.27362], [121.76912, -5.27649], [121.76749, -5.27755], [121.76392, -5.27489], [121.76326, -5.27318], [121.76335, -5.27068], [121.76477, -5.27062], [121.76528, -5.26987], [121.76571, -5.26637], [121.76489, -5.26578], [121.76635, -5.26579], [121.76845, -5.26452], [121.76983, -5.26246], [121.76988, -5.26136], [121.76802, -5.25787], [121.76669, -5.25737], [121.76572, -5.25844], [121.76651, -5.2562], [121.76696, -5.25645]]], [[[121.81985, -5.14155], [121.82255, -5.14265], [121.82199, -5.14767], [121.81772, -5.14731], [121.81601, -5.14563], [121.81601, -5.14374], [121.8171, -5.14186], [121.81985, -5.14155]]], [[[121.85954, -5.13626], [121.86061, -5.1363], [121.85993, -5.13713], [121.86096, -5.13819], [121.86309, -5.13742], [121.86267, -5.13979], [121.8614, -5.14043], [121.85987, -5.14002], [121.85712, -5.13694], [121.85814, -5.13569], [121.85954, -5.13626]]], [[[121.81145, -5.16322], [121.81228, -5.16482], [121.81204, -5.16644], [121.81154, -5.16642], [121.81173, -5.16455], [121.81094, -5.16628], [121.81163, -5.1694], [121.80993, -5.16981], [121.80899, -5.1686], [121.80902, -5.16763], [121.80936, -5.16627], [121.81005, -5.16602], [121.81007, -5.16373], [121.81145, -5.16322]]], [[[121.76686, -5.34225], [121.76808, -5.34285], [121.76384, -5.34188], [121.76172, -5.34241], [121.75279, -5.34763], [121.75594, -5.34432], [121.75962, -5.34201], [121.7629, -5.34119], [121.76686, -5.34225]]], [[[121.86692, -5.14262], [121.8677, -5.14305], [121.8686, -5.14194], [121.86871, -5.14446], [121.86647, -5.14399], [121.8643, -5.14439], [121.86468, -5.14343], [121.86571, -5.14296], [121.86594, -5.1411], [121.86692, -5.14262]]]]}}, {"type": "Feature", "properties": {"domain_id": "740604", "name": "RUMBIA"}, "geometry": {"type": "Polygon", "coordinates": [[[122.04157, -4.78702], [122.04063, -4.78804], [122.03984, -4.79095], [122.03817, -4.7926], [122.03326, -4.79417], [122.03178, -4.79701], [122.02782, -4.79917], [122.02496, -4.79839], [122.02165, -4.79947], [122.01923, -4.79722], [122.01671, -4.79751], [122.00269, -4.79523], [122.00118, -4.79367], [121.99952, -4.79347], [121.99852, -4.79407], [121.99561, -4.79349], [121.99491, -4.79427], [121.99269, -4.79346], [121.99056, -4.7939], [121.99084, -4.78812], [121.99026, -4.78022], [121.98803, -4.7793], [121.98723, -4.77829], [121.99058, -4.77124], [121.99085, -4.76883], [121.98939, -4.76685], [121.98925, -4.7651], [121.99219, -4.76307], [121.99217, -4.75974], [121.99456, -4.7579], [121.99664, -4.75213], [121.99933, -4.75095], [122.00125, -4.74684], [122.00498, -4.74209], [122.00557, -4.73928], [122.00806, -4.73485], [122.00968, -4.73019], [122.01242, -4.72711], [122.01219, -4.72448], [122.01333, -4.72089], [122.01911, -4.72275], [122.02425, -4.72234], [122.02916, -4.72393], [122.03074, -4.7249], [122.03397, -4.72882], [122.03513, -4.72914], [122.03734, -4.73361], [122.03889, -4.73387], [122.03791, -4.73648], [122.03894, -4.7394], [122.03981, -4.73984], [122.0392, -4.74021], [122.04064, -4.74515], [122.04153, -4.75399], [122.0408, -4.75653], [122.04739, -4.77009], [122.05096, -4.77277], [122.0501, -4.77138], [122.05187, -4.77219], [122.04898, -4.77824], [122.04715, -4.77977], [122.0468, -4.78119], [122.04733, -4.78188], [122.04379, -4.78599], [122.04157, -4.78702]]]}}, {"type": "Feature", "properties": {"domain_id": "740617", "name": "KEP. MASALOKA RAYA"}, "geometry": {"type": "MultiPolygon", "coordinates": [[[[122.12839, -4.82749], [122.12804, -4.82804], [122.1237, -4.82897], [122.12184, -4.83236], [122.12097, -4.83251], [122.12045, -4.82795], [122.11947, -4.82595], [122.12126, -4.82458], [122.12067, -4.82182], [122.12101, -4.82011], [122.12298, -4.82042], [122.12351, -4.82118], [122.12794, -4.82063], [122.13076, -4.81855], [122.1309, -4.81639], [122.13231, -4.81712], [122.13526, -4.81737], [122.14013, -4.81619], [122.14106, -4.81646], [122.13843, -4.81906], [122.1381, -4.82019], [122.13703, -4.82066], [122.13581, -4.82485], [122.13525, -4.82479], [122.13601, -4.82759], [122.12839, -4.82749]]], [[[122.15228, -4.80857], [122.15265, -4.81453], [122.15079, -4.81564], [122.14682, -4.81637], [122.14589, -4.8172], [122.14262, -4.81661], [122.14676, -4.81354], [122.1474, -4.81053], [122.14972, -4.80787], [122.15228, -4.80857]]], [[[122.11876, -4.8395], [122.11888, -4.842], [122.11677, -4.84429], [122.1162, -4.84614], [122.11382, -4.84592], [122.11192, -4.84709], [122.11121, -4.84679], [122.11136, -4.84613], [122.11426, -4.84481], [122.11652, -4.83935], [122.11759, -4.8392], [122.11867, -4.83678], [122.11876, -4.8395]]], [[[122.1433, -4.84175], [122.14356, -4.84394], [122.14302, -4.84568], [122.14212, -4.84483], [122.14179, -4.84242], [122.14299, -4.8409], [122.14345, -4.83657], [122.1433, -4.84175]]]]}}, {"type": "Feature", "properties": {"domain_id": "740601", "name": "POLEANG"}, "geometry": {"type": "Polygon", "coordinates": [[[121.58253, -4.78442], [121.57777, -4.78276], [121.57382, -4.77803], [121.57203, -4.77789], [121.5689, -4.77909], [121.56562, -4.77828], [121.56206, -4.77517], [121.56236, -4.7742], [121.56111, -4.7747], [121.56065, -4.77345], [121.55924, -4.77248], [121.55551, -4.77312], [121.55056, -4.7727], [121.54798, -4.76996], [121.53876, -4.76404], [121.53632, -4.76158], [121.53673, -4.76066], [121.5392, -4.76005], [121.53854, -4.75812], [121.53471, -4.7535], [121.53168, -4.75341], [121.53071, -4.75235], [121.52725, -4.75149], [121.52562, -4.74936], [121.52316, -4.74789], [121.5219, -4.74518], [121.52108, -4.73938], [121.51906, -4.73816], [121.52041, -4.73562], [121.52916, -4.73311], [121.53186, -4.73319], [121.53462, -4.73486], [121.53611, -4.73492], [121.53997, -4.73022], [121.54186, -4.72955], [121.54422, -4.72768], [121.54473, -4.72656], [121.54552, -4.72648], [121.54598, -4.72417], [121.55278, -4.72489], [121.55452, -4.72356], [121.55544, -4.7239], [121.56349, -4.719], [121.56625, -4.71855], [121.57109, -4.71591], [121.57403, -4.71185], [121.57914, -4.70833], [121.58276, -4.70709], [121.59325, -4.69577], [121.59762, -4.6922], [121.6009, -4.69064], [121.60417, -4.6874], [121.60539, -4.67607], [121.60745, -4.67149], [121.6098, -4.67127], [121.61147, -4.67295], [121.61382, -4.67324], [121.61464, -4.6742], [121.61787, -4.67559], [121.6189, -4.67227], [121.61995, -4.67142], [121.62182, -4.67346], [121.62652, -4.67565], [121.62957, -4.67579], [121.63, -4.67457], [121.62935, -4.67221], [121.63053, -4.6697], [121.63324, -4.66922], [121.63507, -4.66757], [121.63576, -4.66574], [121.64088, -4.66343], [121.64553, -4.65846], [121.65168, -4.65349], [121.6498, -4.65194], [121.65118, -4.65117], [121.65098, -4.64792], [121.65247, -4.64772], [121.65499, -4.64933], [121.65846, -4.64587], [121.6597, -4.63868], [121.66178, -4.63715], [121.66225, -4.63068], [121.66521, -4.62644], [121.66534, -4.62533], [121.67222, -4.62319], [121.67344, -4.62025], [121.68037, -4.61468], [121.68317, -4.61799], [121.68307, -4.62454], [121.68401, -4.62856], [121.68105, -4.63093], [121.67637, -4.63085], [121.67306, -4.63571], [121.67489, -4.63764], [121.67437, -4.64245], [121.6758, -4.64307], [121.67948, -4.64275], [121.68249, -4.64378], [121.68482, -4.64789], [121.68658, -4.64931], [121.68607, -4.65267], [121.68521, -4.65318], [121.6826, -4.65271], [121.67994, -4.65118], [121.67927, -4.6528], [121.67989, -4.65698], [121.67849, -4.65964], [121.67532, -4.66015], [121.67304, -4.65939], [121.6711, -4.66133], [121.66695, -4.6627], [121.66614, -4.66436], [121.66371, -4.66397], [121.66153, -4.6648], [121.65922, -4.66695], [121.65731, -4.67018], [121.65548, -4.67008], [121.6518, -4.6654], [121.64957, -4.6661], [121.64833, -4.66787], [121.64711, -4.67166], [121.6459, -4.67255], [121.64377, -4.67286], [121.64285, -4.67379], [121.64147, -4.67996], [121.63798, -4.68309], [121.63445, -4.68465], [121.63486, -4.68565], [121.6368, -4.68628], [121.63736, -4.68724], [121.63769, -4.69259], [121.63635, -4.6955], [121.63711, -4.69869], [121.63705, -4.70315], [121.63531, -4.69944], [121.63519, -4.69777], [121.63345, -4.69677], [121.63177, -4.70104], [121.62917, -4.70278], [121.6256, -4.70712], [121.62169, -4.71432], [121.62019, -4.71439], [121.6086, -4.72046], [121.60398, -4.73056], [121.60409, -4.73301], [121.60318, -4.73549], [121.602, -4.73725], [121.5999, -4.73845], [121.59945, -4.74204], [121.60885, -4.74271], [121.6179, -4.74447], [121.61941, -4.7486], [121.62461, -4.7526], [121.62412, -4.75631], [121.6231, -4.75659], [121.62394, -4.7581], [121.62517, -4.75858], [121.6251, -4.76007], [121.62424, -4.76201], [121.62141, -4.76153], [121.62099, -4.76202], [121.6215, -4.76268], [121.61931, -4.76506], [121.61901, -4.766], [121.6201, -4.76722], [121.6201, -4.76892], [121.61897, -4.77053], [121.61721, -4.77584], [121.6176, -4.77943], [121.62075, -4.78103], [121.62135, -4.78255], [121.61983, -4.78367], [121.61966, -4.78648], [121.61864, -4.78743], [121.61935, -4.79322], [121.62023, -4.79457], [121.61874, -4.79438], [121.6174, -4.79551], [121.61543, -4.79546], [121.61127, -4.79329], [121.60979, -4.79115], [121.60628, -4.79069], [121.60282, -4.78856], [121.59804, -4.78925], [121.59108, -4.78844], [121.5879, -4.78729], [121.58705, -4.78579], [121.58529, -4.78451], [121.58347, -4.78441], [121.58316, -4.78634], [121.58253, -4.78442]]]}}, {"type": "Feature", "properties": {"domain_id": "740610", "name": "POLEANG UTARA"}, "geometry": {"type": "Polygon", "coordinates": [[[121.86863, -4.75291], [121.871, -4.75292], [121.87258, -4.75452], [121.87377, -4.75423], [121.87696, -4.75575], [121.87809, -4.75557], [121.87896, -4.75642], [121.88143, -4.75641], [121.88377, -4.75546], [121.88504, -4.75567], [121.88566, -4.75667], [121.88789, -4.75629], [121.89249, -4.76071], [121.88831, -4.76396], [121.88318, -4.76974], [121.8806, -4.77105], [121.87757, -4.77193], [121.87422, -4.77168], [121.87262, -4.77287], [121.87092, -4.77173], [121.86622, -4.77266], [121.86346, -4.77165], [121.86171, -4.77368], [121.86099, -4.77558], [121.8567, -4.77697], [121.8556, -4.77843], [121.85005, -4.78146], [121.84969, -4.78248], [121.84857, -4.78274], [121.84813, -4.78353], [121.84668, -4.78333], [121.84506, -4.78417], [121.84265, -4.78286], [121.83906, -4.78359], [121.83724, -4.78596], [121.83569, -4.78569], [121.83015, -4.78676], [121.82958, -4.78819], [121.82683, -4.78813], [121.82687, -4.78875], [121.82607, -4.78891], [121.8263, -4.7896], [121.82438, -4.78873], [121.82338, -4.79012], [121.82151, -4.79085], [121.82045, -4.79034], [121.81882, -4.7924], [121.81774, -4.79187], [121.81686, -4.79338], [121.81707, -4.79451], [121.8155, -4.79445], [121.81495, -4.79528], [121.81278, -4.79429], [121.81141, -4.79578], [121.81063, -4.79462], [121.80946, -4.79481], [121.80928, -4.79391], [121.80739, -4.79393], [121.80583, -4.79548], [121.80567, -4.79693], [121.80436, -4.79794], [121.80253, -4.79855], [121.8003, -4.79796], [121.79862, -4.79852], [121.79287, -4.80272], [121.79177, -4.79914], [121.78488, -4.80197], [121.77944, -4.80317], [121.77412, -4.80173], [121.77039, -4.80277], [121.76892, -4.80179], [121.76823, -4.80052], [121.7685, -4.79916], [121.7649, -4.79605], [121.76495, -4.79434], [121.76139, -4.79244], [121.76291, -4.79111], [121.76438, -4.79116], [121.76522, -4.78644], [121.76602, -4.78627], [121.76795, -4.78737], [121.77236, -4.78611], [121.77417, -4.78271], [121.77404, -4.78116], [121.77568, -4.77962], [121.77536, -4.77823], [121.77393, -4.77764], [121.77461, -4.7768], [121.77625, -4.77716], [121.77698, -4.77657], [121.77682, -4.77403], [121.77602, -4.77393], [121.77484, -4.77522], [121.77404, -4.77363], [121.77133, -4.77444], [121.77206, -4.77315], [121.771, -4.77159], [121.77152, -4.77022], [121.77118, -4.76941], [121.77037, -4.76959], [121.7696, -4.7716], [121.76698, -4.7688], [121.76377, -4.77052], [121.76395, -4.76911], [121.76197, -4.76933], [121.76212, -4.76595], [121.76107, -4.76631], [121.75989, -4.76521], [121.75846, -4.76523], [121.75774, -4.76321], [121.7544, -4.76227], [121.75479, -4.76018], [121.75411, -4.75931], [121.75231, -4.75854], [121.75186, -4.75989], [121.75168, -4.75825], [121.7503, -4.75868], [121.74913, -4.75671], [121.74758, -4.75679], [121.74647, -4.7552], [121.74606, -4.75608], [121.74464, -4.75586], [121.74267, -4.75349], [121.74182, -4.75509], [121.74063, -4.75485], [121.74055, -4.75394], [121.7401, -4.75403], [121.73895, -4.75679], [121.7391, -4.75597], [121.73692, -4.75536], [121.73644, -4.75377], [121.7354, -4.75468], [121.73411, -4.75393], [121.73275, -4.75148], [121.73032, -4.75299], [121.72683, -4.75772], [121.727, -4.76032], [121.72216, -4.77474], [121.70828, -4.77365], [121.70093, -4.77224], [121.67034, -4.7599], [121.68394, -4.74339], [121.69104, -4.74928], [121.69069, -4.74745], [121.68884, -4.74497], [121.68945, -4.74207], [121.69122, -4.73864], [121.69001, -4.73795], [121.68966, -4.73694], [121.6879, -4.73709], [121.68697, -4.73616], [121.68885, -4.73326], [121.68915, -4.73104], [121.68321, -4.7297], [121.68312, -4.7287], [121.69098, -4.72818], [121.69564, -4.7292], [121.69921, -4.72808], [121.70054, -4.72675], [121.70358, -4.72539], [121.70305, -4.72377], [121.70531, -4.71969], [121.70598, -4.72106], [121.70715, -4.72014], [121.70914, -4.72067], [121.70946, -4.71989], [121.71136, -4.72109], [121.71027, -4.71729], [121.70844, -4.71833], [121.70846, -4.71606], [121.71616, -4.71492], [121.71624, -4.71335], [121.72154, -4.7099], [121.72439, -4.70687], [121.72722, -4.70506], [121.7278, -4.70354], [121.72769, -4.69975], [121.72665, -4.69911], [121.72752, -4.69848], [121.72771, -4.6973], [121.72918, -4.69736], [121.72902, -4.69488], [121.72839, -4.69395], [121.73108, -4.6925], [121.73109, -4.69077], [121.73312, -4.69107], [121.73369, -4.68974], [121.73276, -4.68949], [121.73264, -4.68798], [121.7338, -4.68686], [121.7333, -4.68622], [121.73167, -4.68757], [121.73233, -4.68622], [121.73138, -4.68576], [121.73009, -4.68295], [121.72893, -4.68394], [121.72874, -4.68201], [121.72686, -4.68216], [121.72774, -4.68085], [121.72583, -4.6809], [121.72726, -4.67874], [121.72631, -4.67809], [121.72497, -4.67843], [121.7247, -4.67726], [121.72595, -4.67688], [121.72726, -4.67749], [121.72762, -4.67518], [121.72695, -4.6748], [121.72638, -4.67629], [121.72576, -4.67556], [121.72432, -4.67573], [121.72509, -4.67471], [121.72412, -4.67322], [121.72606, -4.67321], [121.72618, -4.67256], [121.72509, -4.67165], [121.72505, -4.6704], [121.72231, -4.66663], [121.72274, -4.6613], [121.72487, -4.65924], [121.72562, -4.65756], [121.7268, -4.65727], [121.72789, -4.65584], [121.72884, -4.65615], [121.73049, -4.65507], [121.73196, -4.65497], [121.73232, -4.65596], [121.73101, -4.65548], [121.72984, -4.65638], [121.73149, -4.65766], [121.73236, -4.6576], [121.73285, -4.65391], [121.73348, -4.65381], [121.73454, -4.65496], [121.73511, -4.65377], [121.73663, -4.65312], [121.73713, -4.65152], [121.73939, -4.6512], [121.73828, -4.6499], [121.73874, -4.64913], [121.74012, -4.64977], [121.73928, -4.64836], [121.73969, -4.64777], [121.74339, -4.64769], [121.74542, -4.65025], [121.74646, -4.65056], [121.74582, -4.64876], [121.7475, -4.64681], [121.74621, -4.64559], [121.74613, -4.6446], [121.74906, -4.64148], [121.75159, -4.64426], [121.75263, -4.64439], [121.75289, -4.64341], [121.75511, -4.64436], [121.75665, -4.64359], [121.75703, -4.64195], [121.75661, -4.64134], [121.75593, -4.64176], [121.75353, -4.64038], [121.7518, -4.6406], [121.74995, -4.63746], [121.75041, -4.63438], [121.74926, -4.63384], [121.74626, -4.63422], [121.74759, -4.62981], [121.74648, -4.62768], [121.74679, -4.62604], [121.74605, -4.62344], [121.74867, -4.62312], [121.74892, -4.62064], [121.7512, -4.62131], [121.75142, -4.61851], [121.75222, -4.61762], [121.75287, -4.61784], [121.75424, -4.62065], [121.75559, -4.62113], [121.75668, -4.6205], [121.75666, -4.61887], [121.75563, -4.6178], [121.75597, -4.61725], [121.75974, -4.61953], [121.76071, -4.61905], [121.76051, -4.6177], [121.76105, -4.61701], [121.76205, -4.61807], [121.76314, -4.61811], [121.76289, -4.61619], [121.76342, -4.61533], [121.76585, -4.61613], [121.77069, -4.61568], [121.77144, -4.6136], [121.77277, -4.61313], [121.77277, -4.61042], [121.7741, -4.60886], [121.77727, -4.60771], [121.77792, -4.60646], [121.77697, -4.60551], [121.775, -4.60497], [121.77404, -4.60333], [121.77145, -4.60366], [121.77073, -4.60221], [121.77135, -4.59866], [121.76932, -4.60039], [121.76693, -4.59922], [121.76604, -4.59764], [121.7656, -4.59475], [121.76735, -4.59431], [121.76934, -4.59481], [121.77216, -4.59784], [121.77327, -4.59718], [121.77352, -4.59592], [121.77237, -4.59597], [121.77062, -4.59472], [121.7701, -4.59324], [121.77341, -4.59404], [121.77365, -4.59233], [121.77453, -4.59171], [121.78035, -4.59327], [121.78245, -4.59679], [121.78139, -4.59889], [121.78419, -4.60171], [121.78699, -4.60171], [121.78909, -4.60242], [121.79153, -4.60664], [121.79678, -4.60946], [121.80447, -4.61087], [121.80753, -4.61492], [121.8118, -4.62353], [121.81328, -4.63009], [121.81649, -4.63483], [121.82212, -4.63202], [121.82292, -4.63245], [121.82374, -4.63467], [121.8266, -4.63436], [121.82811, -4.6355], [121.8275, -4.64004], [121.82828, -4.64188], [121.826, -4.64252], [121.82663, -4.64436], [121.82604, -4.64555], [121.82507, -4.64575], [121.825, -4.64675], [121.8214, -4.64865], [121.8188, -4.65212], [121.81602, -4.65252], [121.81165, -4.65442], [121.80956, -4.65685], [121.80921, -4.65885], [121.80713, -4.65993], [121.80618, -4.66141], [121.80444, -4.66151], [121.80475, -4.66364], [121.80601, -4.66382], [121.80645, -4.6648], [121.80455, -4.66584], [121.80427, -4.66906], [121.8026, -4.66974], [121.80486, -4.67128], [121.80501, -4.67348], [121.80358, -4.67392], [121.80279, -4.6731], [121.80139, -4.6737], [121.80248, -4.67372], [121.80181, -4.67552], [121.81036, -4.69453], [121.81248, -4.70786], [121.81462, -4.71496], [121.8159, -4.71647], [121.81953, -4.72616], [121.82271, -4.72982], [121.82701, -4.73692], [121.83273, -4.74442], [121.83579, -4.7462], [121.84007, -4.74711], [121.84205, -4.74666], [121.8457, -4.74821], [121.84776, -4.74777], [121.84956, -4.74858], [121.85237, -4.74809], [121.85567, -4.74855], [121.86447, -4.75203], [121.86863, -4.75291]]]}}, {"type": "Feature", "properties": {"domain_id": "740315", "name": "BATALAIWORU"}, "geometry": {"type": "Polygon", "coordinates": [[[122.73459, -4.80326], [122.73627, -4.80357], [122.73931, -4.80542], [122.73873, -4.80715], [122.73933, -4.80666], [122.74068, -4.80712], [122.74018, -4.80878], [122.73834, -4.80827], [122.73794, -4.80991], [122.73905, -4.81075], [122.73896, -4.81176], [122.73611, -4.81423], [122.73513, -4.81692], [122.73538, -4.81762], [122.73673, -4.81814], [122.73639, -4.81921], [122.73736, -4.81988], [122.73633, -4.81961], [122.73591, -4.8209], [122.73413, -4.81963], [122.73364, -4.82019], [122.73589, -4.82113], [122.73469, -4.82538], [122.72402, -4.82303], [122.72083, -4.82179], [122.71685, -4.82293], [122.70919, -4.82337], [122.70839, -4.82617], [122.7088, -4.82812], [122.70832, -4.83333], [122.70485, -4.83882], [122.70565, -4.8442], [122.70412, -4.84559], [122.70334, -4.84819], [122.7004, -4.84849], [122.69672, -4.84439], [122.69362, -4.84351], [122.691, -4.84103], [122.68815, -4.8402], [122.6881, -4.83883], [122.69146, -4.83621], [122.69282, -4.83426], [122.69197, -4.83295], [122.69066, -4.83281], [122.69339, -4.82928], [122.69298, -4.82688], [122.69388, -4.82627], [122.69523, -4.82338], [122.69559, -4.81841], [122.69537, -4.81719], [122.69208, -4.81536], [122.69222, -4.81193], [122.69071, -4.79889], [122.68963, -4.7949], [122.69673, -4.79365], [122.69686, -4.79159], [122.69826, -4.78885], [122.69985, -4.79081], [122.70227, -4.79046], [122.70301, -4.79139], [122.70482, -4.791], [122.71004, -4.79241], [122.71456, -4.79086], [122.71503, -4.79134], [122.71719, -4.79083], [122.71761, -4.79121], [122.7168, -4.79244], [122.71757, -4.79339], [122.71816, -4.79296], [122.71881, -4.7936], [122.71896, -4.79281], [122.71961, -4.79414], [122.72058, -4.79416], [122.72125, -4.79339], [122.72236, -4.79428], [122.72437, -4.79385], [122.72518, -4.79445], [122.72489, -4.79534], [122.72591, -4.79552], [122.72641, -4.79743], [122.72866, -4.79813], [122.73459, -4.80326]]]}}, {"type": "Feature", "properties": {"domain_id": "740620", "name": "TONTONUNU"}, "geometry": {"type": "Polygon", "coordinates": [[[121.68101, -4.73016], [121.68025, -4.73236], [121.68052, -4.73326], [121.67951, -4.73394], [121.67707, -4.73909], [121.67426, -4.73979], [121.67233, -4.7452], [121.67043, -4.74626], [121.6682, -4.75], [121.66744, -4.75023], [121.66685, -4.75176], [121.66726, -4.75249], [121.66673, -4.75261], [121.66581, -4.75561], [121.6609, -4.75451], [121.65782, -4.75611], [121.6568, -4.75587], [121.6475, -4.75802], [121.64586, -4.75482], [121.64434, -4.75432], [121.64099, -4.75468], [121.63974, -4.75374], [121.63924, -4.7521], [121.63646, -4.75089], [121.63424, -4.74707], [121.63412, -4.74562], [121.63264, -4.74463], [121.63275, -4.74334], [121.63198, -4.74256], [121.63281, -4.74132], [121.63168, -4.74016], [121.63121, -4.73698], [121.63041, -4.73605], [121.63103, -4.73288], [121.63707, -4.73004], [121.63691, -4.72742], [121.63812, -4.72614], [121.6377, -4.72561], [121.63815, -4.72484], [121.63802, -4.71577], [121.63888, -4.7138], [121.63813, -4.70913], [121.63851, -4.70645], [121.63705, -4.70315], [121.63711, -4.69869], [121.63635, -4.69565], [121.63766, -4.69276], [121.6376, -4.68935], [121.63718, -4.68678], [121.63486, -4.68565], [121.63445, -4.68465], [121.63798, -4.68309], [121.64147, -4.67996], [121.64294, -4.67364], [121.64711, -4.67166], [121.64849, -4.66752], [121.6502, -4.66562], [121.65203, -4.66555], [121.65548, -4.67008], [121.65671, -4.6704], [121.66153, -4.6648], [121.66371, -4.66397], [121.66614, -4.66436], [121.66695, -4.6627], [121.6711, -4.66133], [121.67304, -4.65939], [121.67532, -4.66015], [121.67849, -4.65964], [121.67989, -4.65698], [121.67927, -4.6528], [121.67994, -4.65118], [121.6826, -4.65271], [121.68521, -4.65318], [121.68607, -4.65267], [121.68658, -4.64931], [121.68482, -4.64789], [121.68249, -4.64378], [121.67948, -4.64275], [121.6758, -4.64307], [121.67437, -4.64245], [121.67489, -4.63764], [121.67338, -4.6365], [121.67307, -4.63526], [121.67637, -4.63085], [121.68105, -4.63093], [121.68401, -4.62856], [121.68307, -4.62454], [121.68317, -4.61799], [121.68059, -4.61495], [121.68499, -4.61085], [121.68799, -4.6108], [121.68824, -4.6057], [121.68949, -4.60417], [121.69048, -4.60404], [121.69082, -4.60255], [121.69828, -4.59346], [121.69828, -4.59117], [121.70001, -4.59055], [121.70028, -4.58662], [121.69966, -4.58348], [121.70205, -4.58182], [121.70245, -4.57937], [121.70372, -4.5786], [121.70586, -4.58004], [121.70842, -4.57882], [121.70828, -4.57723], [121.71308, -4.5758], [121.71292, -4.57437], [121.71537, -4.57317], [121.71658, -4.57011], [121.71609, -4.56711], [121.71728, -4.56598], [121.7197, -4.56584], [121.72121, -4.56503], [121.72107, -4.5625], [121.72499, -4.56187], [121.72616, -4.56111], [121.72669, -4.56147], [121.72619, -4.56363], [121.72917, -4.56275], [121.72999, -4.56482], [121.73238, -4.56357], [121.73305, -4.56538], [121.73184, -4.56595], [121.73229, -4.56711], [121.73542, -4.56569], [121.73693, -4.56598], [121.73691, -4.56383], [121.73924, -4.56396], [121.7384, -4.56171], [121.73987, -4.56134], [121.74252, -4.55848], [121.74391, -4.55913], [121.74735, -4.55904], [121.74744, -4.56034], [121.74856, -4.56057], [121.7512, -4.56337], [121.75209, -4.56171], [121.75409, -4.56218], [121.75603, -4.56151], [121.75591, -4.56031], [121.75464, -4.55998], [121.75572, -4.55867], [121.75804, -4.55996], [121.75898, -4.55882], [121.76014, -4.55903], [121.76108, -4.56028], [121.76423, -4.56161], [121.76286, -4.56335], [121.76324, -4.56451], [121.76148, -4.56536], [121.76244, -4.56653], [121.76313, -4.56538], [121.76436, -4.56623], [121.76381, -4.56853], [121.7662, -4.56783], [121.76804, -4.56886], [121.76864, -4.56978], [121.7675, -4.57051], [121.76784, -4.57108], [121.77259, -4.57021], [121.77413, -4.57159], [121.77464, -4.5706], [121.77411, -4.56971], [121.77474, -4.56944], [121.77538, -4.57051], [121.77564, -4.57321], [121.77382, -4.57369], [121.77565, -4.57576], [121.77622, -4.57745], [121.77567, -4.57841], [121.77666, -4.57935], [121.77601, -4.58092], [121.77685, -4.58111], [121.77727, -4.58014], [121.77925, -4.58234], [121.77714, -4.58487], [121.77672, -4.58636], [121.77505, -4.58664], [121.77624, -4.58802], [121.77756, -4.58729], [121.77852, -4.58764], [121.77868, -4.58836], [121.77375, -4.58988], [121.77582, -4.59201], [121.77382, -4.59209], [121.77367, -4.59392], [121.7701, -4.59324], [121.77062, -4.59472], [121.77237, -4.59597], [121.77339, -4.59572], [121.77299, -4.59746], [121.77186, -4.59774], [121.76914, -4.59473], [121.76735, -4.59431], [121.7656, -4.59475], [121.76681, -4.59911], [121.76932, -4.60039], [121.77135, -4.59866], [121.77073, -4.60221], [121.77145, -4.60366], [121.77427, -4.60343], [121.77519, -4.60512], [121.77777, -4.60611], [121.77775, -4.6071], [121.7755, -4.6087], [121.77391, -4.60898], [121.77385, -4.60973], [121.77277, -4.61042], [121.77277, -4.61313], [121.77144, -4.6136], [121.77032, -4.61592], [121.76585, -4.61613], [121.76342, -4.61533], [121.76289, -4.61619], [121.76314, -4.61811], [121.76205, -4.61807], [121.76105, -4.61701], [121.76051, -4.6177], [121.76071, -4.61905], [121.75974, -4.61953], [121.75597, -4.61725], [121.75563, -4.6178], [121.75666, -4.61887], [121.75668, -4.6205], [121.75539, -4.62115], [121.75388, -4.62027], [121.75287, -4.61784], [121.75222, -4.61762], [121.75142, -4.61851], [121.7512, -4.62131], [121.74892, -4.62064], [121.74867, -4.62312], [121.74605, -4.62344], [121.74679, -4.62604], [121.74648, -4.62768], [121.74759, -4.62981], [121.74626, -4.63422], [121.74926, -4.63384], [121.75041, -4.63438], [121.74987, -4.63677], [121.75063, -4.63879], [121.75209, -4.64084], [121.75353, -4.64038], [121.75524, -4.64165], [121.75661, -4.64134], [121.75703, -4.64195], [121.75642, -4.64382], [121.75511, -4.64436], [121.75289, -4.64341], [121.75263, -4.64439], [121.75149, -4.64423], [121.74906, -4.64148], [121.74613, -4.6446], [121.74621, -4.64559], [121.7475, -4.64681], [121.74582, -4.64876], [121.74646, -4.65056], [121.74542, -4.65025], [121.74339, -4.64769], [121.73969, -4.64777], [121.73928, -4.64836], [121.74012, -4.64977], [121.73874, -4.64913], [121.73828, -4.6499], [121.73939, -4.6512], [121.73713, -4.65152], [121.73663, -4.65312], [121.73511, -4.65377], [121.73454, -4.65496], [121.73348, -4.65381], [121.73285, -4.65391], [121.73236, -4.6576], [121.73149, -4.65766], [121.72984, -4.65638], [121.73101, -4.65548], [121.73232, -4.65596], [121.73196, -4.65497], [121.73049, -4.65507], [121.72884, -4.65615], [121.72789, -4.65584], [121.7268, -4.65727], [121.72562, -4.65756], [121.72487, -4.65924], [121.72285, -4.66104], [121.72231, -4.66663], [121.72505, -4.6704], [121.72509, -4.67165], [121.72618, -4.67256], [121.72606, -4.67321], [121.72412, -4.67322], [121.72509, -4.67471], [121.72432, -4.67573], [121.72576, -4.67556], [121.72638, -4.67629], [121.72695, -4.6748], [121.72762, -4.67518], [121.72726, -4.67749], [121.72595, -4.67688], [121.7247, -4.67726], [121.72497, -4.67843], [121.72631, -4.67809], [121.72726, -4.67874], [121.72583, -4.6809], [121.72774, -4.68085], [121.72686, -4.68216], [121.72874, -4.68201], [121.72893, -4.68394], [121.73009, -4.68295], [121.73138, -4.68576], [121.73233, -4.68622], [121.73167, -4.68757], [121.7333, -4.68622], [121.7338, -4.68686], [121.73264, -4.68798], [121.73276, -4.68949], [121.73369, -4.68974], [121.73312, -4.69107], [121.73109, -4.69077], [121.73108, -4.6925], [121.72839, -4.69395], [121.72902, -4.69488], [121.72918, -4.69736], [121.72771, -4.6973], [121.72752, -4.69848], [121.72665, -4.69911], [121.72769, -4.69975], [121.7278, -4.70354], [121.72722, -4.70506], [121.72439, -4.70687], [121.72154, -4.7099], [121.71624, -4.71335], [121.71616, -4.71492], [121.70846, -4.71606], [121.70844, -4.71833], [121.71027, -4.71729], [121.71136, -4.72109], [121.70946, -4.71989], [121.70914, -4.72067], [121.70715, -4.72014], [121.70598, -4.72106], [121.70531, -4.71969], [121.70305, -4.72377], [121.70358, -4.72539], [121.70054, -4.72675], [121.69921, -4.72808], [121.69564, -4.7292], [121.69098, -4.72818], [121.68353, -4.72848], [121.68321, -4.7297], [121.68101, -4.73016]]]}}, {"type": "Feature", "properties": {"domain_id": "740606", "name": "KABAENA TIMUR"}, "geometry": {"type": "MultiPolygon", "coordinates": [[[[122.03545, -5.33408], [122.03729, -5.33534], [122.03782, -5.3374], [122.04066, -5.33885], [122.04119, -5.34073], [122.03936, -5.34078], [122.03598, -5.33916], [122.03347, -5.34425], [122.03347, -5.34792], [122.03477, -5.3493], [122.03772, -5.3507], [122.03828, -5.35364], [122.04154, -5.35697], [122.0382, -5.3565], [122.03692, -5.35744], [122.03859, -5.35929], [122.03955, -5.36173], [122.0388, -5.36557], [122.03758, -5.3678], [122.0378, -5.36951], [122.03962, -5.37051], [122.04091, -5.37048], [122.04455, -5.36636], [122.0472, -5.36495], [122.0479, -5.3652], [122.04468, -5.373], [122.04294, -5.38368], [122.04385, -5.38563], [122.04385, -5.38977], [122.04497, -5.3933], [122.04441, -5.40094], [122.04561, -5.40206], [122.04516, -5.40437], [122.0468, -5.40954], [122.04815, -5.41053], [122.04817, -5.41227], [122.049, -5.41351], [122.00877, -5.41318], [122.00903, -5.40209], [122.00821, -5.39328], [122.00405, -5.379], [122.00029, -5.37018], [121.99278, -5.30548], [121.99335, -5.30396], [121.99634, -5.30163], [121.99774, -5.29955], [122.00159, -5.29037], [122.00256, -5.28021], [122.00338, -5.27851], [122.00571, -5.26267], [122.00446, -5.26082], [122.00268, -5.25575], [122.00231, -5.24664], [122.00808, -5.24652], [122.01056, -5.22964], [122.01313, -5.23103], [122.0129, -5.22957], [122.01931, -5.21522], [122.02212, -5.1979], [122.028, -5.19312], [122.03165, -5.19175], [122.03536, -5.19255], [122.04827, -5.19924], [122.06139, -5.20468], [122.06418, -5.20441], [122.0707, -5.2014], [122.06816, -5.20634], [122.06579, -5.20615], [122.06347, -5.20867], [122.0638, -5.20993], [122.06272, -5.21404], [122.06514, -5.21816], [122.06614, -5.221], [122.06592, -5.22226], [122.06735, -5.22475], [122.06726, -5.22686], [122.06847, -5.22887], [122.07085, -5.23069], [122.07327, -5.22961], [122.075, -5.23252], [122.06983, -5.23453], [122.06904, -5.23409], [122.06793, -5.23565], [122.06738, -5.23393], [122.0659, -5.23408], [122.06492, -5.23685], [122.06331, -5.23588], [122.06293, -5.23442], [122.06192, -5.23453], [122.06165, -5.23677], [122.0608, -5.23773], [122.05911, -5.23623], [122.05129, -5.23952], [122.05049, -5.24124], [122.04944, -5.24194], [122.05035, -5.24333], [122.04923, -5.24433], [122.04574, -5.24197], [122.04275, -5.24235], [122.04213, -5.24104], [122.04062, -5.24019], [122.03554, -5.24054], [122.03389, -5.2414], [122.03581, -5.24305], [122.03773, -5.24666], [122.03957, -5.24917], [122.04119, -5.25024], [122.04174, -5.25231], [122.04307, -5.25332], [122.0428, -5.25782], [122.04381, -5.26047], [122.04915, -5.2637], [122.05113, -5.26658], [122.05118, -5.27004], [122.04997, -5.27285], [122.04938, -5.27675], [122.04975, -5.2811], [122.04918, -5.2848], [122.0495, -5.28624], [122.05392, -5.28609], [122.0495, -5.28678], [122.05343, -5.28691], [122.04992, -5.28709], [122.05085, -5.28791], [122.05128, -5.29009], [122.05046, -5.29576], [122.05203, -5.29984], [122.05048, -5.30584], [122.05104, -5.31161], [122.04985, -5.3171], [122.05041, -5.31762], [122.04877, -5.31868], [122.04807, -5.31825], [122.04039, -5.32365], [122.03541, -5.33202], [122.03545, -5.33408]]], [[[122.07645, -5.28618], [122.07411, -5.28911], [122.07206, -5.29308], [122.06951, -5.29538], [122.06918, -5.29814], [122.07002, -5.30031], [122.06801, -5.30273], [122.06612, -5.30648], [122.06273, -5.30798], [122.06142, -5.30633], [122.05995, -5.30624], [122.05731, -5.30379], [122.05668, -5.30157], [122.0576, -5.29728], [122.05663, -5.29618], [122.05935, -5.29575], [122.06808, -5.28737], [122.07068, -5.28616], [122.07477, -5.28597], [122.07532, -5.2852], [122.07645, -5.28618]]], [[[122.05651, -5.31862], [122.05788, -5.31841], [122.05842, -5.31904], [122.05533, -5.32213], [122.05449, -5.32471], [122.0535, -5.3251], [122.05269, -5.32271], [122.05295, -5.32127], [122.05426, -5.32064], [122.05378, -5.3193], [122.05555, -5.31826], [122.05651, -5.31862]]]]}}, {"type": "Feature", "properties": {"domain_id": "740524", "name": "SABULAKOA"}, "geometry": {"type": "MultiPolygon", "coordinates": [[[[122.31628, -4.04218], [122.31983, -4.04523], [122.32556, -4.04828], [122.32818, -4.04932], [122.3328, -4.04957], [122.33413, -4.05179], [122.33533, -4.05706], [122.31659, -4.05511], [122.30467, -4.04497], [122.30379, -4.04607], [122.29673, -4.04107], [122.29011, -4.04937], [122.28337, -4.04155], [122.2719, -4.03439], [122.27268, -4.03304], [122.27202, -4.0324], [122.27239, -4.03162], [122.2699, -4.02931], [122.27294, -4.02454], [122.24484, -4.00513], [122.24677, -4.00488], [122.2484, -4.00612], [122.25046, -4.00372], [122.25515, -4.00251], [122.25717, -4.0039], [122.25726, -4.0061], [122.25807, -4.00659], [122.25911, -4.00563], [122.25924, -4.00457], [122.25718, -4.00187], [122.25835, -4.0012], [122.26185, -4.00217], [122.26439, -4.00511], [122.26548, -4.00351], [122.26522, -4.00196], [122.26334, -4.00017], [122.26332, -3.99953], [122.26421, -3.99924], [122.26631, -4.00045], [122.26695, -4.00307], [122.26938, -4.00311], [122.27177, -4.00014], [122.2711, -3.99669], [122.27234, -3.99427], [122.26852, -3.99067], [122.26781, -3.98633], [122.26923, -3.98412], [122.27161, -3.98332], [122.27351, -3.98333], [122.27537, -3.98483], [122.27611, -3.98943], [122.27455, -3.99321], [122.27825, -3.99519], [122.27858, -4.00021], [122.28188, -4.0006], [122.28535, -3.99912], [122.28667, -3.99976], [122.28637, -4.0013], [122.28398, -4.00316], [122.28377, -4.00422], [122.28463, -4.00524], [122.28935, -4.00629], [122.29322, -4.00542], [122.29797, -3.99754], [122.29942, -3.99638], [122.30126, -3.9965], [122.30274, -3.99798], [122.29973, -4.00002], [122.29501, -4.00665], [122.29225, -4.01828], [122.29241, -4.02019], [122.29564, -4.02435], [122.29836, -4.02422], [122.29942, -4.02281], [122.29945, -4.02183], [122.29772, -4.01947], [122.29832, -4.01814], [122.30542, -4.01381], [122.30476, -4.01189], [122.30247, -4.01126], [122.30272, -4.0095], [122.30848, -4.00589], [122.31002, -4.00267], [122.3111, -4.00213], [122.31219, -4.00228], [122.31324, -4.00368], [122.31246, -4.00763], [122.31145, -4.00862], [122.30857, -4.00878], [122.30817, -4.00975], [122.3094, -4.01109], [122.31243, -4.0122], [122.31431, -4.01406], [122.31443, -4.01579], [122.31277, -4.01968], [122.3129, -4.02113], [122.3137, -4.02197], [122.31584, -4.0222], [122.31986, -4.01658], [122.32133, -4.01671], [122.32294, -4.01893], [122.32482, -4.02002], [122.32808, -4.02082], [122.3292, -4.02064], [122.32989, -4.01974], [122.32962, -4.0159], [122.33085, -4.01562], [122.33242, -4.0164], [122.33229, -4.01871], [122.33415, -4.02528], [122.33414, -4.03487], [122.33077, -4.04005], [122.32265, -4.03943], [122.31879, -4.03832], [122.31562, -4.03846], [122.31628, -4.04218]]], [[[122.2547, -4.05348], [122.22951, -4.05349], [122.22926, -4.05085], [122.22728, -4.04782], [122.22371, -4.04572], [122.21985, -4.03913], [122.20403, -4.02347], [122.20375, -4.02044], [122.20517, -4.01983], [122.20767, -4.02105], [122.20954, -4.01965], [122.21259, -4.02033], [122.21284, -4.0191], [122.21109, -4.01641], [122.21233, -4.01363], [122.21497, -4.01096], [122.21771, -4.01234], [122.21886, -4.01229], [122.21911, -4.00924], [122.22106, -4.00915], [122.22372, -4.01031], [122.22382, -4.00932], [122.22171, -4.00773], [122.22207, -4.00623], [122.22315, -4.00517], [122.22444, -4.00494], [122.22626, -4.00634], [122.22813, -4.00605], [122.23102, -4.00705], [122.23282, -4.00659], [122.2632, -4.03303], [122.26221, -4.03429], [122.25852, -4.04585], [122.26034, -4.04777], [122.26134, -4.04993], [122.25865, -4.05305], [122.25475, -4.05565], [122.2547, -4.05348]]]]}}, {"type": "Feature", "properties": {"domain_id": "741504", "name": "BATU ATAS"}, "geometry": {"type": "Polygon", "coordinates": [[[122.70643, -6.2124], [122.69971, -6.21041], [122.698, -6.21151], [122.69674, -6.21117], [122.69604, -6.21201], [122.6942, -6.21085], [122.69309, -6.20845], [122.69125, -6.20902], [122.68739, -6.20668], [122.68433, -6.20362], [122.68301, -6.20351], [122.68207, -6.20219], [122.68203, -6.2027], [122.68098, -6.20201], [122.67944, -6.20002], [122.67905, -6.19694], [122.67957, -6.19693], [122.67852, -6.19419], [122.67736, -6.19318], [122.68025, -6.19448], [122.68171, -6.19637], [122.68065, -6.1945], [122.67748, -6.19278], [122.67642, -6.19055], [122.67598, -6.1914], [122.67678, -6.19306], [122.67626, -6.19286], [122.67286, -6.18984], [122.67306, -6.18856], [122.66692, -6.1852], [122.66708, -6.18397], [122.66804, -6.18336], [122.67033, -6.18375], [122.67505, -6.18146], [122.68834, -6.17808], [122.6901, -6.18055], [122.69009, -6.18737], [122.69229, -6.19346], [122.69519, -6.19652], [122.69872, -6.19895], [122.70201, -6.20035], [122.70502, -6.20038], [122.7062, -6.20154], [122.70792, -6.20152], [122.71041, -6.20306], [122.71354, -6.20322], [122.71449, -6.20361], [122.71441, -6.20462], [122.71632, -6.20516], [122.72302, -6.20463], [122.72567, -6.20347], [122.72585, -6.20219], [122.72605, -6.20301], [122.72772, -6.20277], [122.72819, -6.20367], [122.72623, -6.20627], [122.72593, -6.20585], [122.71978, -6.20844], [122.71946, -6.20898], [122.72023, -6.20956], [122.72034, -6.21144], [122.7188, -6.21127], [122.71775, -6.21258], [122.71465, -6.21289], [122.71312, -6.21239], [122.70987, -6.21308], [122.70643, -6.2124]]]}}, {"type": "Feature", "properties": {"domain_id": "747203", "name": "SORAWOLIO"}, "geometry": {"type": "Polygon", "coordinates": [[[122.69439, -5.49514], [122.66975, -5.4963], [122.67101, -5.4878], [122.66897, -5.48483], [122.66891, -5.48275], [122.66747, -5.47926], [122.66734, -5.47422], [122.66676, -5.47343], [122.66504, -5.47331], [122.66295, -5.47041], [122.6654, -5.46876], [122.66598, -5.46712], [122.66375, -5.46536], [122.65876, -5.46405], [122.6519, -5.45986], [122.65666, -5.45678], [122.65766, -5.4553], [122.66082, -5.45376], [122.66326, -5.45352], [122.66572, -5.45121], [122.67016, -5.44872], [122.67146, -5.44636], [122.67521, -5.44342], [122.67893, -5.43699], [122.68111, -5.42927], [122.68538, -5.42599], [122.69037, -5.41974], [122.69136, -5.4177], [122.69223, -5.41259], [122.69599, -5.41169], [122.6982, -5.40843], [122.70369, -5.40589], [122.70385, -5.39979], [122.70486, -5.39823], [122.70731, -5.39674], [122.70815, -5.39351], [122.71018, -5.3907], [122.71137, -5.38537], [122.71296, -5.38377], [122.71676, -5.38241], [122.72659, -5.37091], [122.7303, -5.36878], [122.73693, -5.363], [122.73885, -5.36068], [122.73891, -5.35971], [122.74284, -5.35842], [122.74643, -5.36158], [122.74869, -5.36077], [122.7498, -5.36351], [122.75491, -5.36914], [122.75662, -5.37289], [122.76007, -5.37582], [122.76082, -5.3822], [122.76245, -5.38812], [122.76317, -5.40415], [122.76937, -5.40918], [122.77031, -5.4112], [122.77009, -5.41389], [122.76651, -5.416], [122.76589, -5.41795], [122.76374, -5.41829], [122.76277, -5.42028], [122.76037, -5.42214], [122.76048, -5.4244], [122.76244, -5.4274], [122.76253, -5.4315], [122.76134, -5.43374], [122.75863, -5.43554], [122.75923, -5.43699], [122.75744, -5.43867], [122.75775, -5.44095], [122.75687, -5.44182], [122.75692, -5.44397], [122.75613, -5.44493], [122.75687, -5.44702], [122.75548, -5.44809], [122.75525, -5.45002], [122.75434, -5.45053], [122.75177, -5.44927], [122.75088, -5.44728], [122.74868, -5.44882], [122.74891, -5.44958], [122.74803, -5.45088], [122.74875, -5.45231], [122.74724, -5.45318], [122.75013, -5.45393], [122.75041, -5.45664], [122.75182, -5.45951], [122.75033, -5.46148], [122.74873, -5.46156], [122.74639, -5.46559], [122.74479, -5.46651], [122.74515, -5.47221], [122.74222, -5.47357], [122.74239, -5.47482], [122.7413, -5.47555], [122.74202, -5.47772], [122.74164, -5.47857], [122.74232, -5.47961], [122.74161, -5.48023], [122.74175, -5.48184], [122.73951, -5.48304], [122.74058, -5.48739], [122.74017, -5.4894], [122.73875, -5.4911], [122.73629, -5.49299], [122.72734, -5.49596], [122.7229, -5.49656], [122.70435, -5.49461], [122.69439, -5.49514]]]}}, {"type": "Feature", "properties": {"domain_id": "747207", "name": "LEA-LEA"}, "geometry": {"type": "Polygon", "coordinates": [[[122.65673, -5.39718], [122.65477, -5.40248], [122.65302, -5.404], [122.65135, -5.40316], [122.64994, -5.40638], [122.65056, -5.40938], [122.6524, -5.41006], [122.65142, -5.41085], [122.65005, -5.41043], [122.64906, -5.4116], [122.64888, -5.4107], [122.64791, -5.41023], [122.64803, -5.40917], [122.64725, -5.41109], [122.64566, -5.4101], [122.64613, -5.41203], [122.64456, -5.41422], [122.64353, -5.41281], [122.64183, -5.41254], [122.63777, -5.408], [122.63627, -5.40745], [122.63256, -5.40826], [122.63082, -5.40783], [122.62875, -5.40972], [122.62616, -5.40745], [122.62156, -5.40634], [122.61975, -5.4066], [122.61869, -5.40591], [122.61995, -5.39952], [122.6256, -5.39341], [122.63004, -5.38735], [122.63733, -5.37414], [122.6402, -5.36729], [122.64192, -5.36466], [122.64531, -5.36182], [122.64857, -5.3569], [122.64944, -5.35016], [122.64889, -5.34925], [122.64613, -5.34776], [122.64578, -5.34646], [122.64737, -5.3433], [122.64909, -5.34156], [122.64998, -5.33681], [122.6496, -5.33406], [122.65187, -5.3303], [122.65326, -5.32625], [122.65558, -5.32382], [122.65971, -5.32307], [122.66403, -5.32326], [122.66538, -5.32223], [122.6687, -5.32148], [122.6726, -5.31878], [122.67476, -5.31534], [122.67483, -5.31168], [122.67622, -5.30826], [122.6772, -5.31509], [122.67648, -5.32051], [122.67749, -5.3238], [122.67568, -5.32847], [122.67453, -5.32986], [122.67335, -5.33463], [122.67098, -5.3382], [122.67207, -5.33869], [122.67146, -5.34215], [122.67284, -5.34282], [122.67425, -5.35222], [122.67595, -5.37688], [122.65673, -5.39718]]]}}, {"type": "Feature", "properties": {"domain_id": "747110", "name": "KAMBU"}, "geometry": {"type": "Polygon", "coordinates": [[[122.53562, -4.01676], [122.53894, -4.02669], [122.54593, -4.0324], [122.55106, -4.03442], [122.55302, -4.04026], [122.55622, -4.04518], [122.56106, -4.04856], [122.5623, -4.07162], [122.55946, -4.07199], [122.55389, -4.07483], [122.55267, -4.0745], [122.55294, -4.07323], [122.55188, -4.07281], [122.55188, -4.0741], [122.54852, -4.07648], [122.54852, -4.07837], [122.54712, -4.08038], [122.54388, -4.08118], [122.5436, -4.08007], [122.54227, -4.0806], [122.54167, -4.08026], [122.54178, -4.07932], [122.54023, -4.07872], [122.53772, -4.0838], [122.53465, -4.08428], [122.53205, -4.0651], [122.52948, -4.05434], [122.52461, -4.04912], [122.52395, -4.04736], [122.52371, -4.04283], [122.51845, -4.039], [122.51473, -4.03387], [122.51478, -4.02721], [122.51245, -4.02338], [122.51306, -4.02101], [122.51255, -4.01925], [122.51306, -4.01553], [122.51366, -4.01478], [122.5118, -4.01441], [122.5132, -4.01289], [122.51207, -4.01225], [122.51286, -4.01098], [122.51429, -4.01088], [122.51366, -4.00988], [122.51463, -4.00933], [122.51342, -4.00718], [122.51259, -4.00838], [122.51215, -4.00724], [122.51097, -4.00726], [122.51075, -4.00663], [122.51381, -4.00481], [122.51237, -4.00256], [122.51364, -4.0015], [122.51396, -3.99901], [122.51241, -3.99898], [122.51216, -3.99756], [122.51731, -3.99392], [122.51679, -3.99169], [122.52007, -3.98862], [122.52641, -3.9794], [122.52965, -3.97973], [122.53377, -3.97795], [122.53422, -3.97894], [122.53734, -3.97774], [122.53922, -3.97744], [122.54071, -3.97754], [122.54221, -3.97792], [122.54474, -3.97892], [122.54439, -3.97764], [122.54539, -3.97742], [122.54487, -3.97896], [122.5453, -3.97996], [122.54455, -3.98182], [122.54507, -3.98044], [122.54412, -3.98078], [122.54341, -3.98], [122.54408, -3.97876], [122.54144, -3.97783], [122.53811, -3.97767], [122.53415, -3.97912], [122.53455, -3.98069], [122.53589, -3.98091], [122.53716, -3.98408], [122.53569, -3.98643], [122.53572, -3.98925], [122.53458, -3.98961], [122.53346, -3.9943], [122.53562, -4.01676]]]}}]}