{"type": "FeatureCollection", "features": [{"type": "Feature", "properties": {"domain_id": "5201092016", "name": "BUKITTINGGI"}, "geometry": {"type": "Polygon", "coordinates": [[[116.191, -8.467], [116.166, -8.465], [116.161, -8.456], [116.149, -8.458], [116.154, -8.48], [116.144, -8.502], [116.144, -8.535], [116.149, -8.536], [116.153, -8.518], [116.164, -8.504], [116.198, -8.481], [116.191, -8.467]]]}}, {"type": "Feature", "properties": {"domain_id": "5201122012", "name": "BUG-BUG"}, "geometry": {"type": "Polygon", "coordinates": [[[116.155, -8.583], [116.158, -8.571], [116.148, -8.572], [116.149, -8.583], [116.155, -8.583]]]}}, {"type": "Feature", "properties": {"domain_id": "5201142001", "name": "BATULAYAR"}, "geometry": {"type": "Polygon", "coordinates": [[[116.084, -8.517], [116.084, -8.495], [116.077, -8.484], [116.074, -8.503], [116.079, -8.506], [116.067, -8.529], [116.078, -8.531], [116.084, -8.517]]]}}, {"type": "Feature", "properties": {"domain_id": "5202022013", "name": "BUNKATE"}, "geometry": {"type": "Polygon", "coordinates": [[[116.246, -8.657], [116.236, -8.651], [116.23, -8.656], [116.233, -8.67], [116.246, -8.667], [116.246, -8.657]]]}}, {"type": "Feature", "properties": {"domain_id": "5202062009", "name": "MARONG"}, "geometry": {"type": "Polygon", "coordinates": [[[116.364, -8.776], [116.362, -8.781], [116.344, -8.771], [116.33, -8.771], [116.339, -8.783], [116.339, -8.798], [116.358, -8.796], [116.358, -8.806], [116.364, -8.807], [116.369, -8.781], [116.364, -8.776]]]}}, {"type": "Feature", "properties": {"domain_id": "5206062002", "name": "BOKE"}, "geometry": {"type": "Polygon", "coordinates": [[[118.931, -8.483], [118.924, -8.483], [118.933, -8.497], [118.936, -8.529], [118.92, -8.548], [118.929, -8.583], [118.926, -8.592], [118.934, -8.593], [118.944, -8.588], [118.939, -8.563], [118.957, -8.571], [118.946, -8.514], [118.931, -8.483]]]}}, {"type": "Feature", "properties": {"domain_id": "5206132009", "name": "BOLO"}, "geometry": {"type": "Polygon", "coordinates": [[[118.597, -8.517], [118.571, -8.473], [118.57, -8.505], [118.577, -8.515], [118.597, -8.517]]]}}, {"type": "Feature", "properties": {"domain_id": "5207021004", "name": "MENALA"}, "geometry": {"type": "Polygon", "coordinates": [[[116.867, -8.745], [116.855, -8.743], [116.856, -8.755], [116.841, -8.774], [116.856, -8.783], [116.867, -8.76], [116.858, -8.744], [116.867, -8.745]]]}}, {"type": "Feature", "properties": {"domain_id": "5208042001", "name": "BAYAN"}, "geometry": {"type": "Polygon", "coordinates": [[[116.419, -8.392], [116.416, -8.38], [116.424, -8.37], [116.428, -8.314], [116.438, -8.292], [116.434, -8.29], [116.438, -8.285], [116.433, -8.259], [116.422, -8.266], [116.417, -8.29], [116.404, -8.311], [116.408, -8.328], [116.402, -8.368], [116.406, -8.381], [116.419, -8.392]]]}}, {"type": "Feature", "properties": {"domain_id": "5208042006", "name": "SENARU"}, "geometry": {"type": "Polygon", "coordinates": [[[116.412, -8.251], [116.39, -8.252], [116.387, -8.281], [116.401, -8.336], [116.393, -8.356], [116.402, -8.382], [116.388, -8.394], [116.382, -8.41], [116.385, -8.421], [116.406, -8.435], [116.424, -8.411], [116.419, -8.392], [116.406, -8.381], [116.402, -8.368], [116.408, -8.328], [116.405, -8.306], [116.414, -8.297], [116.423, -8.271], [116.415, -8.265], [116.412, -8.251]]]}}, {"type": "Feature", "properties": {"domain_id": "5201082012", "name": "KURANJI DALANG"}, "geometry": {"type": "Polygon", "coordinates": [[[116.088, -8.626], [116.075, -8.623], [116.07, -8.643], [116.089, -8.634], [116.088, -8.626]]]}}, {"type": "Feature", "properties": {"domain_id": "5201022009", "name": "KEDIRI SELATAN"}, "geometry": {"type": "Polygon", "coordinates": [[[116.159, -8.644], [116.158, -8.636], [116.145, -8.636], [116.147, -8.648], [116.159, -8.644]]]}}, {"type": "Feature", "properties": {"domain_id": "5201032001", "name": "LEMBUAK"}, "geometry": {"type": "Polygon", "coordinates": [[[116.204, -8.597], [116.202, -8.589], [116.191, -8.598], [116.204, -8.597]]]}}, {"type": "Feature", "properties": {"domain_id": "5201032003", "name": "PERESAK"}, "geometry": {"type": "Polygon", "coordinates": [[[116.227, -8.584], [116.217, -8.585], [116.2, -8.601], [116.224, -8.6], [116.227, -8.584]]]}}, {"type": "Feature", "properties": {"domain_id": "5201032004", "name": "KERU"}, "geometry": {"type": "Polygon", "coordinates": [[[116.259, -8.582], [116.252, -8.581], [116.245, -8.571], [116.239, -8.596], [116.259, -8.582]]]}}, {"type": "Feature", "properties": {"domain_id": "5201032012", "name": "DASAN TERENG"}, "geometry": {"type": "Polygon", "coordinates": [[[116.191, -8.598], [116.181, -8.594], [116.173, -8.606], [116.177, -8.608], [116.191, -8.598]]]}}, {"type": "Feature", "properties": {"domain_id": "5201032016", "name": "GERIMAX INDAH"}, "geometry": {"type": "Polygon", "coordinates": [[[116.175, -8.589], [116.161, -8.59], [116.17, -8.592], [116.164, -8.603], [116.177, -8.601], [116.181, -8.594], [116.175, -8.589]]]}}, {"type": "Feature", "properties": {"domain_id": "5201072002", "name": "SEKOTONG BARAT"}, "geometry": {"type": "MultiPolygon", "coordinates": [[[[116.035, -8.723], [116.029, -8.728], [116.03, -8.739], [116.01, -8.752], [115.99, -8.731], [115.969, -8.734], [115.966, -8.726], [115.964, -8.739], [115.942, -8.753], [115.937, -8.767], [115.94, -8.779], [115.945, -8.784], [115.952, -8.773], [115.95, -8.765], [115.979, -8.745], [116.018, -8.765], [116.02, -8.759], [116.039, -8.755], [116.037, -8.75], [116.046, -8.746], [116.042, -8.734], [116.047, -8.727], [116.035, -8.723]]], [[[115.947, -8.743], [115.947, -8.742], [115.946, -8.742], [115.947, -8.743]]], [[[116.026, -8.731], [116.026, -8.73], [116.025, -8.731], [116.026, -8.731]]], [[[116.025, -8.727], [116.026, -8.722], [116.021, -8.724], [116.025, -8.727]]], [[[115.961, -8.724], [115.962, -8.722], [115.96, -8.722], [115.961, -8.724]]], [[[116.017, -8.725], [116.014, -8.72], [116.012, -8.724], [116.017, -8.725]]], [[[116.01, -8.72], [116.007, -8.716], [116.007, -8.719], [116.01, -8.72]]], [[[115.976, -8.709], [115.976, -8.708], [115.975, -8.707], [115.976, -8.709]]]]}}, {"type": "Feature", "properties": {"domain_id": "5201092007", "name": "DOPANG"}, "geometry": {"type": "Polygon", "coordinates": [[[116.135, -8.501], [116.14, -8.468], [116.135, -8.461], [116.128, -8.53], [116.115, -8.545], [116.126, -8.546], [116.135, -8.501]]]}}, {"type": "Feature", "properties": {"domain_id": "5201122005", "name": "KARANG BAYAN"}, "geometry": {"type": "Polygon", "coordinates": [[[116.205, -8.48], [116.186, -8.501], [116.175, -8.56], [116.18, -8.563], [116.198, -8.557], [116.193, -8.529], [116.205, -8.48]]]}}, {"type": "Feature", "properties": {"domain_id": "5201092001", "name": "GUNUNGSARI"}, "geometry": {"type": "Polygon", "coordinates": [[[116.105, -8.533], [116.097, -8.536], [116.1, -8.548], [116.108, -8.546], [116.105, -8.533]]]}}, {"type": "Feature", "properties": {"domain_id": "5201122006", "name": "LANGKO"}, "geometry": {"type": "Polygon", "coordinates": [[[116.203, -8.48], [116.177, -8.497], [116.177, -8.517], [116.17, -8.54], [116.159, -8.546], [116.158, -8.561], [116.175, -8.56], [116.186, -8.501], [116.203, -8.48]]]}}, {"type": "Feature", "properties": {"domain_id": "5201132004", "name": "SEKOTONG TIMUR"}, "geometry": {"type": "Polygon", "coordinates": [[[116.131, -8.746], [116.122, -8.736], [116.11, -8.737], [116.11, -8.749], [116.084, -8.747], [116.077, -8.761], [116.085, -8.761], [116.086, -8.771], [116.098, -8.777], [116.107, -8.768], [116.132, -8.775], [116.142, -8.766], [116.131, -8.746]]]}}, {"type": "Feature", "properties": {"domain_id": "5202022007", "name": "PENGENJEK"}, "geometry": {"type": "Polygon", "coordinates": [[[116.26, -8.629], [116.247, -8.626], [116.233, -8.642], [116.259, -8.641], [116.26, -8.629]]]}}, {"type": "Feature", "properties": {"domain_id": "5202022008", "name": "PUYUNG"}, "geometry": {"type": "Polygon", "coordinates": [[[116.248, -8.668], [116.237, -8.671], [116.225, -8.691], [116.24, -8.714], [116.253, -8.693], [116.254, -8.684], [116.241, -8.681], [116.248, -8.668]]]}}, {"type": "Feature", "properties": {"domain_id": "5202032001", "name": "BUJAK"}, "geometry": {"type": "Polygon", "coordinates": [[[116.334, -8.625], [116.328, -8.622], [116.321, -8.642], [116.332, -8.651], [116.346, -8.646], [116.347, -8.631], [116.334, -8.625]]]}}, {"type": "Feature", "properties": {"domain_id": "5203012001", "name": "TANJUNG LUAR"}, "geometry": {"type": "Polygon", "coordinates": [[[116.531, -8.766], [116.514, -8.77], [116.509, -8.782], [116.531, -8.766]]]}}, {"type": "Feature", "properties": {"domain_id": "5203022009", "name": "MOYOT"}, "geometry": {"type": "Polygon", "coordinates": [[[116.481, -8.676], [116.482, -8.671], [116.473, -8.669], [116.481, -8.676]]]}}, {"type": "Feature", "properties": {"domain_id": "5206112014", "name": "PUSU"}, "geometry": {"type": "MultiPolygon", "coordinates": [[[[118.793, -8.789], [118.784, -8.82], [118.807, -8.822], [118.818, -8.837], [118.833, -8.839], [118.836, -8.846], [118.851, -8.834], [118.863, -8.838], [118.865, -8.846], [118.889, -8.84], [118.89, -8.813], [118.868, -8.812], [118.82, -8.794], [118.805, -8.796], [118.793, -8.789]]]]}}, {"type": "Feature", "properties": {"domain_id": "5203032016", "name": "PANDAN DURI"}, "geometry": {"type": "Polygon", "coordinates": [[[116.435, -8.659], [116.431, -8.654], [116.425, -8.659], [116.435, -8.679], [116.449, -8.674], [116.435, -8.659]]]}}, {"type": "Feature", "properties": {"domain_id": "5203052003", "name": "MASBAGIK SELATAN"}, "geometry": {"type": "Polygon", "coordinates": [[[116.494, -8.634], [116.484, -8.618], [116.47, -8.622], [116.473, -8.629], [116.494, -8.634]]]}}, {"type": "Feature", "properties": {"domain_id": "5203082003", "name": "KERUMUT"}, "geometry": {"type": "Polygon", "coordinates": [[[116.625, -8.576], [116.617, -8.572], [116.613, -8.578], [116.629, -8.598], [116.625, -8.576]]]}}, {"type": "Feature", "properties": {"domain_id": "5203112004", "name": "PERIAN"}, "geometry": {"type": "Polygon", "coordinates": [[[116.396, -8.513], [116.392, -8.483], [116.384, -8.491], [116.379, -8.531], [116.388, -8.582], [116.399, -8.582], [116.392, -8.535], [116.396, -8.513]]]}}, {"type": "Feature", "properties": {"domain_id": "5203142008", "name": "BERIRI JARAK"}, "geometry": {"type": "Polygon", "coordinates": [[[116.546, -8.521], [116.538, -8.494], [116.523, -8.479], [116.509, -8.445], [116.496, -8.447], [116.504, -8.486], [116.526, -8.523], [116.536, -8.532], [116.544, -8.527], [116.539, -8.52], [116.546, -8.521]]]}}, {"type": "Feature", "properties": {"domain_id": "5203142009", "name": "BANDOK"}, "geometry": {"type": "Polygon", "coordinates": [[[116.577, -8.588], [116.571, -8.587], [116.588, -8.602], [116.593, -8.597], [116.588, -8.587], [116.577, -8.588]]]}}, {"type": "Feature", "properties": {"domain_id": "5203192009", "name": "JEROGUNUNG"}, "geometry": {"type": "Polygon", "coordinates": [[[116.476, -8.735], [116.466, -8.731], [116.464, -8.736], [116.476, -8.735]]]}}, {"type": "Feature", "properties": {"domain_id": "5203192005", "name": "PENGKELAK MAS"}, "geometry": {"type": "Polygon", "coordinates": [[[116.495, -8.72], [116.492, -8.726], [116.505, -8.748], [116.51, -8.744], [116.508, -8.731], [116.495, -8.72]]]}}, {"type": "Feature", "properties": {"domain_id": "5203212001", "name": "LENEK"}, "geometry": {"type": "Polygon", "coordinates": [[[116.519, -8.575], [116.513, -8.568], [116.503, -8.596], [116.519, -8.593], [116.507, -8.588], [116.519, -8.575]]]}}, {"type": "Feature", "properties": {"domain_id": "5206022013", "name": "KARA"}, "geometry": {"type": "Polygon", "coordinates": [[[118.629, -8.529], [118.614, -8.521], [118.606, -8.542], [118.611, -8.55], [118.629, -8.529]]]}}, {"type": "Feature", "properties": {"domain_id": "5204052005", "name": "JURAN ALAS"}, "geometry": {"type": "Polygon", "coordinates": [[[117.034, -8.526], [117.002, -8.516], [116.995, -8.519], [116.997, -8.536], [117.006, -8.54], [117.008, -8.552], [117.013, -8.535], [117.018, -8.539], [117.034, -8.526]]]}}, {"type": "Feature", "properties": {"domain_id": "5204132009", "name": "UPT. PRODE SP II"}, "geometry": {"type": "Polygon", "coordinates": [[[117.837, -8.842], [117.817, -8.824], [117.809, -8.837], [117.831, -8.854], [117.837, -8.842]]]}}, {"type": "Feature", "properties": {"domain_id": "5204132003", "name": "MUER"}, "geometry": {"type": "Polygon", "coordinates": [[[117.771, -8.746], [117.76, -8.716], [117.739, -8.716], [117.716, -8.704], [117.713, -8.726], [117.697, -8.759], [117.698, -8.78], [117.679, -8.798], [117.669, -8.828], [117.651, -8.855], [117.64, -8.855], [117.622, -8.869], [117.618, -8.902], [117.623, -8.914], [117.631, -8.913], [117.687, -8.818], [117.705, -8.823], [117.704, -8.811], [117.714, -8.802], [117.738, -8.803], [117.757, -8.797], [117.765, -8.78], [117.755, -8.77], [117.771, -8.746]]]}}, {"type": "Feature", "properties": {"domain_id": "5204182001", "name": "LABUHAN BADAS"}, "geometry": {"type": "Polygon", "coordinates": [[[117.368, -8.467], [117.373, -8.463], [117.369, -8.458], [117.316, -8.44], [117.292, -8.532], [117.32, -8.529], [117.368, -8.467]]]}}, {"type": "Feature", "properties": {"domain_id": "5204212004", "name": "RHEE LOKA"}, "geometry": {"type": "Polygon", "coordinates": [[[117.213, -8.408], [117.198, -8.411], [117.208, -8.461], [117.225, -8.455], [117.232, -8.461], [117.234, -8.479], [117.246, -8.482], [117.237, -8.427], [117.225, -8.423], [117.213, -8.408]]]}}, {"type": "Feature", "properties": {"domain_id": "5204222003", "name": "BOAK"}, "geometry": {"type": "Polygon", "coordinates": [[[117.474, -8.559], [117.474, -8.54], [117.455, -8.531], [117.438, -8.532], [117.426, -8.552], [117.441, -8.566], [117.43, -8.565], [117.441, -8.569], [117.452, -8.567], [117.467, -8.553], [117.474, -8.559]]]}}, {"type": "Feature", "properties": {"domain_id": "5204262004", "name": "LANGAM"}, "geometry": {"type": "Polygon", "coordinates": [[[117.587, -8.617], [117.582, -8.613], [117.579, -8.57], [117.56, -8.558], [117.552, -8.566], [117.562, -8.582], [117.562, -8.611], [117.551, -8.612], [117.536, -8.625], [117.553, -8.631], [117.568, -8.626], [117.575, -8.631], [117.587, -8.617]]]}}, {"type": "Feature", "properties": {"domain_id": "5205042006", "name": "KARAMA"}, "geometry": {"type": "Polygon", "coordinates": [[[118.442, -8.386], [118.414, -8.331], [118.401, -8.322], [118.363, -8.339], [118.356, -8.352], [118.347, -8.344], [118.336, -8.348], [118.355, -8.383], [118.37, -8.396], [118.388, -8.39], [118.408, -8.403], [118.442, -8.386]]]}}, {"type": "Feature", "properties": {"domain_id": "5206052005", "name": "NTORI"}, "geometry": {"type": "Polygon", "coordinates": [[[118.857, -8.495], [118.835, -8.497], [118.819, -8.524], [118.835, -8.528], [118.84, -8.513], [118.857, -8.495]]]}}, {"type": "Feature", "properties": {"domain_id": "5205072009", "name": "KAMPASI MECI"}, "geometry": {"type": "Polygon", "coordinates": [[[118.321, -8.45], [118.307, -8.433], [118.278, -8.458], [118.266, -8.459], [118.266, -8.468], [118.328, -8.474], [118.321, -8.45]]]}}, {"type": "Feature", "properties": {"domain_id": "5206012015", "name": "WILAMACI"}, "geometry": {"type": "MultiPolygon", "coordinates": [[[[118.709, -8.733], [118.685, -8.715], [118.674, -8.741], [118.683, -8.738], [118.693, -8.746], [118.696, -8.739], [118.716, -8.74], [118.709, -8.733]]], [[[118.698, -8.743], [118.699, -8.742], [118.699, -8.741], [118.698, -8.743]]]]}}, {"type": "Feature", "properties": {"domain_id": "5206022003", "name": "RATO"}, "geometry": {"type": "Polygon", "coordinates": [[[118.623, -8.507], [118.611, -8.493], [118.606, -8.465], [118.597, -8.477], [118.601, -8.492], [118.619, -8.507], [118.62, -8.514], [118.625, -8.514], [118.623, -8.507]]]}}, {"type": "Feature", "properties": {"domain_id": "5206032001", "name": "KELI"}, "geometry": {"type": "Polygon", "coordinates": [[[118.666, -8.598], [118.658, -8.594], [118.65, -8.606], [118.632, -8.605], [118.602, -8.62], [118.62, -8.691], [118.639, -8.684], [118.653, -8.665], [118.657, -8.643], [118.67, -8.636], [118.66, -8.62], [118.66, -8.614], [118.668, -8.611], [118.66, -8.608], [118.666, -8.598]]]}}, {"type": "Feature", "properties": {"domain_id": "5206032010", "name": "DADIBOU"}, "geometry": {"type": "Polygon", "coordinates": [[[118.678, -8.567], [118.658, -8.545], [118.653, -8.547], [118.666, -8.564], [118.66, -8.585], [118.669, -8.585], [118.678, -8.567]]]}}, {"type": "Feature", "properties": {"domain_id": "5206042005", "name": "CENGGU"}, "geometry": {"type": "Polygon", "coordinates": [[[118.719, -8.588], [118.701, -8.585], [118.699, -8.61], [118.712, -8.61], [118.71, -8.604], [118.718, -8.599], [118.743, -8.592], [118.719, -8.588]]]}}, {"type": "Feature", "properties": {"domain_id": "5206052006", "name": "MARIA"}, "geometry": {"type": "Polygon", "coordinates": [[[118.897, -8.538], [118.898, -8.511], [118.908, -8.5], [118.902, -8.492], [118.895, -8.507], [118.842, -8.518], [118.838, -8.529], [118.84, -8.533], [118.875, -8.526], [118.897, -8.538]]]}}, {"type": "Feature", "properties": {"domain_id": "5206092006", "name": "SANDUE"}, "geometry": {"type": "Polygon", "coordinates": [[[118.317, -8.37], [118.302, -8.368], [118.294, -8.399], [118.247, -8.419], [118.226, -8.438], [118.237, -8.439], [118.25, -8.423], [118.277, -8.417], [118.27, -8.414], [118.287, -8.414], [118.285, -8.409], [118.295, -8.407], [118.312, -8.387], [118.322, -8.383], [118.317, -8.37]]]}}, {"type": "Feature", "properties": {"domain_id": "5206102001", "name": "NIPA"}, "geometry": {"type": "Polygon", "coordinates": [[[118.797, -8.324], [118.776, -8.305], [118.765, -8.31], [118.746, -8.339], [118.737, -8.338], [118.747, -8.377], [118.764, -8.366], [118.771, -8.334], [118.786, -8.333], [118.797, -8.324]]]}}, {"type": "Feature", "properties": {"domain_id": "5206112007", "name": "LAJU"}, "geometry": {"type": "MultiPolygon", "coordinates": [[[[118.742, -8.668], [118.731, -8.668], [118.725, -8.679], [118.716, -8.74], [118.725, -8.728], [118.731, -8.729], [118.748, -8.701], [118.742, -8.694], [118.742, -8.668]]], [[[118.745, -8.806], [118.746, -8.805], [118.745, -8.805], [118.745, -8.806]]], [[[118.726, -8.778], [118.723, -8.758], [118.718, -8.798], [118.722, -8.793], [118.73, -8.802], [118.733, -8.796], [118.746, -8.804], [118.747, -8.797], [118.755, -8.796], [118.755, -8.767], [118.739, -8.765], [118.726, -8.778]]], [[[118.744, -8.731], [118.743, -8.737], [118.748, -8.732], [118.744, -8.731]]], [[[118.751, -8.713], [118.752, -8.712], [118.751, -8.712], [118.751, -8.713]]]]}}, {"type": "Feature", "properties": {"domain_id": "5206112015", "name": "SAMBANE"}, "geometry": {"type": "Polygon", "coordinates": [[[118.878, -8.673], [118.861, -8.672], [118.855, -8.713], [118.865, -8.723], [118.888, -8.709], [118.875, -8.7], [118.883, -8.688], [118.878, -8.673]]]}}, {"type": "Feature", "properties": {"domain_id": "5206132007", "name": "RADE"}, "geometry": {"type": "Polygon", "coordinates": [[[118.597, -8.517], [118.581, -8.514], [118.577, -8.519], [118.582, -8.546], [118.577, -8.557], [118.595, -8.575], [118.62, -8.558], [118.602, -8.536], [118.597, -8.517]]]}}, {"type": "Feature", "properties": {"domain_id": "5271041002", "name": "TANJUNG KARANG"}, "geometry": {"type": "Polygon", "coordinates": [[[116.085, -8.598], [116.073, -8.594], [116.074, -8.612], [116.089, -8.602], [116.089, -8.595], [116.085, -8.598]]]}}, {"type": "Feature", "properties": {"domain_id": "5207082002", "name": "BENETE"}, "geometry": {"type": "Polygon", "coordinates": [[[116.787, -8.884], [116.775, -8.877], [116.767, -8.883], [116.734, -8.881], [116.752, -8.887], [116.753, -8.899], [116.783, -8.913], [116.79, -8.907], [116.786, -8.891], [116.794, -8.889], [116.787, -8.884]]]}}, {"type": "Feature", "properties": {"domain_id": "5207082003", "name": "BUKIT DAMAI"}, "geometry": {"type": "Polygon", "coordinates": [[[116.783, -8.913], [116.755, -8.9], [116.75, -8.907], [116.761, -8.916], [116.796, -8.918], [116.783, -8.913]]]}}, {"type": "Feature", "properties": {"domain_id": "5207072005", "name": "MUJAHIDDIN"}, "geometry": {"type": "Polygon", "coordinates": [[[116.961, -8.859], [116.953, -8.847], [116.952, -8.82], [116.934, -8.814], [116.935, -8.795], [116.92, -8.794], [116.92, -8.784], [116.914, -8.789], [116.893, -8.777], [116.895, -8.803], [116.883, -8.825], [116.89, -8.857], [116.895, -8.861], [116.905, -8.852], [116.909, -8.835], [116.914, -8.835], [116.912, -8.825], [116.923, -8.82], [116.939, -8.834], [116.947, -8.873], [116.961, -8.859]]]}}, {"type": "Feature", "properties": {"domain_id": "5208042003", "name": "ANYAR"}, "geometry": {"type": "Polygon", "coordinates": [[[116.429, -8.221], [116.406, -8.217], [116.39, -8.252], [116.421, -8.251], [116.426, -8.246], [116.432, -8.25], [116.429, -8.221]]]}}, {"type": "Feature", "properties": {"domain_id": "5272041008", "name": "RABADOMPU TIMUR"}, "geometry": {"type": "Polygon", "coordinates": [[[118.775, -8.476], [118.77, -8.473], [118.762, -8.487], [118.775, -8.476]]]}}, {"type": "Feature", "properties": {"domain_id": "5201132005", "name": "LABUAN TERENG"}, "geometry": {"type": "MultiPolygon", "coordinates": [[[[116.098, -8.727], [116.082, -8.727], [116.06, -8.751], [116.11, -8.749], [116.11, -8.735], [116.098, -8.727]]], [[[116.064, -8.743], [116.065, -8.742], [116.064, -8.741], [116.064, -8.743]]]]}}, {"type": "Feature", "properties": {"domain_id": "5203012012", "name": "MENDANA RAYA"}, "geometry": {"type": "Polygon", "coordinates": [[[116.476, -8.747], [116.47, -8.749], [116.474, -8.756], [116.483, -8.746], [116.476, -8.747]]]}}, {"type": "Feature", "properties": {"domain_id": "5202082004", "name": "BAGU"}, "geometry": {"type": "Polygon", "coordinates": [[[116.21, -8.62], [116.21, -8.611], [116.218, -8.606], [116.202, -8.61], [116.191, -8.632], [116.21, -8.62]]]}}, {"type": "Feature", "properties": {"domain_id": "5202102004", "name": "JURANG JALER"}, "geometry": {"type": "Polygon", "coordinates": [[[116.322, -8.696], [116.315, -8.687], [116.297, -8.7], [116.312, -8.709], [116.322, -8.696]]]}}, {"type": "Feature", "properties": {"domain_id": "5201142005", "name": "SENTELUK"}, "geometry": {"type": "Polygon", "coordinates": [[[116.081, -8.541], [116.084, -8.523], [116.078, -8.531], [116.067, -8.529], [116.068, -8.54], [116.081, -8.541]]]}}, {"type": "Feature", "properties": {"domain_id": "5201082003", "name": "BAGIK POLAK"}, "geometry": {"type": "Polygon", "coordinates": [[[116.137, -8.617], [116.127, -8.622], [116.132, -8.632], [116.148, -8.628], [116.137, -8.617]]]}}, {"type": "Feature", "properties": {"domain_id": "5201011011", "name": "GERUNG SELATAN"}, "geometry": {"type": "Polygon", "coordinates": [[[116.131, -8.696], [116.134, -8.682], [116.112, -8.691], [116.131, -8.701], [116.131, -8.696]]]}}, {"type": "Feature", "properties": {"domain_id": "5201122004", "name": "DUMAN"}, "geometry": {"type": "Polygon", "coordinates": [[[116.164, -8.542], [116.156, -8.537], [116.149, -8.559], [116.141, -8.566], [116.159, -8.562], [116.159, -8.546], [116.164, -8.542]]]}}, {"type": "Feature", "properties": {"domain_id": "5201122008", "name": "PETELUAN INDAH"}, "geometry": {"type": "Polygon", "coordinates": [[[116.185, -8.581], [116.179, -8.578], [116.169, -8.588], [116.192, -8.589], [116.185, -8.581]]]}}, {"type": "Feature", "properties": {"domain_id": "5202042001", "name": "SENGKOL"}, "geometry": {"type": "Polygon", "coordinates": [[[116.308, -8.876], [116.306, -8.83], [116.294, -8.82], [116.283, -8.824], [116.276, -8.848], [116.283, -8.862], [116.308, -8.876]]]}}, {"type": "Feature", "properties": {"domain_id": "5202062004", "name": "MUJUR"}, "geometry": {"type": "Polygon", "coordinates": [[[116.374, -8.747], [116.361, -8.744], [116.353, -8.759], [116.34, -8.754], [116.34, -8.767], [116.33, -8.771], [116.344, -8.771], [116.362, -8.781], [116.361, -8.771], [116.374, -8.747]]]}}, {"type": "Feature", "properties": {"domain_id": "5202072005", "name": "SABA"}, "geometry": {"type": "Polygon", "coordinates": [[[116.432, -8.702], [116.413, -8.704], [116.411, -8.698], [116.403, -8.73], [116.421, -8.733], [116.433, -8.715], [116.432, -8.702]]]}}, {"type": "Feature", "properties": {"domain_id": "5202112004", "name": "PELAMBIK"}, "geometry": {"type": "Polygon", "coordinates": [[[116.197, -8.729], [116.195, -8.722], [116.178, -8.746], [116.169, -8.745], [116.17, -8.77], [116.177, -8.767], [116.196, -8.774], [116.197, -8.729]]]}}, {"type": "Feature", "properties": {"domain_id": "5202112006", "name": "RANGGAGATA"}, "geometry": {"type": "Polygon", "coordinates": [[[116.2, -8.707], [116.186, -8.704], [116.17, -8.716], [116.174, -8.727], [116.167, -8.73], [116.18, -8.737], [116.191, -8.732], [116.19, -8.716], [116.2, -8.707]]]}}, {"type": "Feature", "properties": {"domain_id": "5203012002", "name": "PIJOT"}, "geometry": {"type": "Polygon", "coordinates": [[[116.528, -8.755], [116.505, -8.759], [116.507, -8.773], [116.539, -8.759], [116.528, -8.755]]]}}, {"type": "Feature", "properties": {"domain_id": "5203022003", "name": "KABAR"}, "geometry": {"type": "Polygon", "coordinates": [[[116.473, -8.657], [116.466, -8.661], [116.478, -8.668], [116.481, -8.658], [116.473, -8.657]]]}}, {"type": "Feature", "properties": {"domain_id": "5203022006", "name": "SAKRA SELATAN"}, "geometry": {"type": "Polygon", "coordinates": [[[116.49, -8.683], [116.474, -8.689], [116.476, -8.699], [116.486, -8.707], [116.498, -8.705], [116.501, -8.694], [116.497, -8.696], [116.49, -8.683]]]}}, {"type": "Feature", "properties": {"domain_id": "5203032013", "name": "EMBUNG KANDONG"}, "geometry": {"type": "Polygon", "coordinates": [[[116.404, -8.664], [116.394, -8.662], [116.399, -8.679], [116.404, -8.664]]]}}, {"type": "Feature", "properties": {"domain_id": "5203042004", "name": "LOYOK"}, "geometry": {"type": "Polygon", "coordinates": [[[116.425, -8.601], [116.417, -8.598], [116.423, -8.622], [116.437, -8.634], [116.439, -8.626], [116.428, -8.618], [116.431, -8.609], [116.425, -8.601]]]}}, {"type": "Feature", "properties": {"domain_id": "5203082001", "name": "BAGIK PAPAN"}, "geometry": {"type": "Polygon", "coordinates": [[[116.591, -8.553], [116.582, -8.545], [116.575, -8.55], [116.585, -8.57], [116.598, -8.572], [116.603, -8.561], [116.591, -8.553]]]}}, {"type": "Feature", "properties": {"domain_id": "5203082007", "name": "LABUHAN LOMBOK"}, "geometry": {"type": "Polygon", "coordinates": [[[116.663, -8.521], [116.678, -8.504], [116.677, -8.48], [116.674, -8.486], [116.669, -8.483], [116.676, -8.494], [116.671, -8.504], [116.668, -8.498], [116.648, -8.509], [116.637, -8.504], [116.632, -8.513], [116.663, -8.521]]]}}, {"type": "Feature", "properties": {"domain_id": "5203092008", "name": "KALIJAGA TIMUR"}, "geometry": {"type": "Polygon", "coordinates": [[[116.545, -8.574], [116.537, -8.574], [116.559, -8.588], [116.57, -8.604], [116.585, -8.608], [116.556, -8.576], [116.545, -8.574]]]}}, {"type": "Feature", "properties": {"domain_id": "5203092021", "name": "AIK PRAPA"}, "geometry": {"type": "Polygon", "coordinates": [[[116.525, -8.52], [116.503, -8.481], [116.512, -8.538], [116.523, -8.534], [116.52, -8.524], [116.525, -8.52]]]}}, {"type": "Feature", "properties": {"domain_id": "5203132003", "name": "KERONGKONG"}, "geometry": {"type": "Polygon", "coordinates": [[[116.541, -8.627], [116.535, -8.622], [116.524, -8.63], [116.531, -8.637], [116.541, -8.627]]]}}, {"type": "Feature", "properties": {"domain_id": "5203142004", "name": "KARANG BARU"}, "geometry": {"type": "Polygon", "coordinates": [[[116.546, -8.534], [116.544, -8.527], [116.536, -8.532], [116.545, -8.548], [116.552, -8.544], [116.546, -8.534]]]}}, {"type": "Feature", "properties": {"domain_id": "5203162004", "name": "SUELA"}, "geometry": {"type": "Polygon", "coordinates": [[[116.571, -8.51], [116.557, -8.504], [116.553, -8.51], [116.572, -8.545], [116.58, -8.53], [116.571, -8.51]]]}}, {"type": "Feature", "properties": {"domain_id": "5203162005", "name": "SAPIT"}, "geometry": {"type": "Polygon", "coordinates": [[[116.563, -8.426], [116.555, -8.427], [116.546, -8.418], [116.532, -8.422], [116.53, -8.443], [116.546, -8.493], [116.571, -8.51], [116.572, -8.469], [116.563, -8.452], [116.563, -8.426]]]}}, {"type": "Feature", "properties": {"domain_id": "5202102006", "name": "BATUNYALA"}, "geometry": {"type": "Polygon", "coordinates": [[[116.334, -8.725], [116.329, -8.715], [116.315, -8.72], [116.312, -8.727], [116.307, -8.724], [116.291, -8.729], [116.32, -8.746], [116.334, -8.725]]]}}, {"type": "Feature", "properties": {"domain_id": "5202112003", "name": "KABUL"}, "geometry": {"type": "Polygon", "coordinates": [[[116.19, -8.776], [116.177, -8.767], [116.162, -8.776], [116.16, -8.788], [116.153, -8.793], [116.162, -8.817], [116.179, -8.815], [116.19, -8.796], [116.19, -8.776]]]}}, {"type": "Feature", "properties": {"domain_id": "5203012010", "name": "DANE RASE"}, "geometry": {"type": "Polygon", "coordinates": [[[116.502, -8.783], [116.492, -8.769], [116.482, -8.773], [116.492, -8.783], [116.502, -8.783]]]}}, {"type": "Feature", "properties": {"domain_id": "5203162007", "name": "MEKAR SARI"}, "geometry": {"type": "Polygon", "coordinates": [[[116.585, -8.424], [116.571, -8.421], [116.561, -8.436], [116.572, -8.469], [116.572, -8.511], [116.597, -8.504], [116.587, -8.489], [116.582, -8.462], [116.585, -8.424]]]}}, {"type": "Feature", "properties": {"domain_id": "5203192011", "name": "BOYEMARE"}, "geometry": {"type": "Polygon", "coordinates": [[[116.495, -8.74], [116.482, -8.737], [116.482, -8.747], [116.497, -8.747], [116.495, -8.74]]]}}, {"type": "Feature", "properties": {"domain_id": "5203182006", "name": "MENCEH"}, "geometry": {"type": "Polygon", "coordinates": [[[116.552, -8.734], [116.518, -8.726], [116.512, -8.732], [116.536, -8.761], [116.546, -8.753], [116.552, -8.734]]]}}, {"type": "Feature", "properties": {"domain_id": "5203192012", "name": "MONTONG BETER"}, "geometry": {"type": "Polygon", "coordinates": [[[116.474, -8.719], [116.454, -8.705], [116.449, -8.711], [116.479, -8.729], [116.474, -8.719]]]}}, {"type": "Feature", "properties": {"domain_id": "5203192018", "name": "GERISAK SEMANGGELENG"}, "geometry": {"type": "Polygon", "coordinates": [[[116.512, -8.732], [116.507, -8.731], [116.508, -8.742], [116.525, -8.746], [116.512, -8.732]]]}}, {"type": "Feature", "properties": {"domain_id": "5203202004", "name": "PEMONGKONG"}, "geometry": {"type": "MultiPolygon", "coordinates": [[[[116.48, -8.825], [116.468, -8.831], [116.474, -8.84], [116.458, -8.857], [116.475, -8.859], [116.474, -8.879], [116.49, -8.878], [116.491, -8.858], [116.498, -8.854], [116.493, -8.848], [116.497, -8.841], [116.482, -8.844], [116.48, -8.825]]], [[[116.499, -8.844], [116.499, -8.843], [116.498, -8.843], [116.499, -8.844]]], [[[116.467, -8.842], [116.466, -8.84], [116.466, -8.841], [116.467, -8.842]]]]}}, {"type": "Feature", "properties": {"domain_id": "5203212002", "name": "LENEK LAUK"}, "geometry": {"type": "Polygon", "coordinates": [[[116.536, -8.587], [116.527, -8.592], [116.552, -8.606], [116.536, -8.587]]]}}, {"type": "Feature", "properties": {"domain_id": "5204072001", "name": "BATU ROTOK"}, "geometry": {"type": "Polygon", "coordinates": [[[117.162, -8.658], [117.139, -8.652], [117.118, -8.629], [117.104, -8.576], [117.066, -8.642], [117.055, -8.652], [117.049, -8.67], [117.056, -8.677], [117.069, -8.678], [117.086, -8.7], [117.161, -8.709], [117.167, -8.672], [117.162, -8.658]]]}}, {"type": "Feature", "properties": {"domain_id": "5204081001", "name": "SAMAPUIN"}, "geometry": {"type": "Polygon", "coordinates": [[[117.425, -8.506], [117.419, -8.506], [117.414, -8.516], [117.429, -8.52], [117.433, -8.53], [117.448, -8.532], [117.447, -8.511], [117.433, -8.507], [117.425, -8.512], [117.425, -8.506]]]}}, {"type": "Feature", "properties": {"domain_id": "5204081008", "name": "UMA SIMA"}, "geometry": {"type": "Polygon", "coordinates": [[[117.451, -8.483], [117.447, -8.475], [117.419, -8.489], [117.425, -8.497], [117.451, -8.483]]]}}, {"type": "Feature", "properties": {"domain_id": "5204092004", "name": "BERARE"}, "geometry": {"type": "Polygon", "coordinates": [[[117.495, -8.492], [117.493, -8.501], [117.482, -8.51], [117.485, -8.518], [117.51, -8.523], [117.501, -8.506], [117.502, -8.495], [117.495, -8.492]]]}}, {"type": "Feature", "properties": {"domain_id": "5204102002", "name": "SEMAMUNG"}, "geometry": {"type": "Polygon", "coordinates": [[[117.427, -8.633], [117.411, -8.636], [117.388, -8.628], [117.384, -8.64], [117.393, -8.656], [117.382, -8.663], [117.385, -8.677], [117.407, -8.68], [117.446, -8.66], [117.427, -8.633]]]}}, {"type": "Feature", "properties": {"domain_id": "5204112009", "name": "LAWIN"}, "geometry": {"type": "MultiPolygon", "coordinates": [[[[117.457, -8.876], [117.453, -8.887], [117.43, -8.884], [117.425, -8.911], [117.431, -8.919], [117.43, -8.932], [117.446, -8.937], [117.447, -8.944], [117.424, -8.993], [117.441, -9.034], [117.476, -9.023], [117.474, -8.88], [117.457, -8.876]]]]}}, {"type": "Feature", "properties": {"domain_id": "5204172001", "name": "MAPIN REA"}, "geometry": {"type": "Polygon", "coordinates": [[[116.957, -8.535], [116.945, -8.542], [116.943, -8.557], [116.915, -8.584], [116.921, -8.592], [116.936, -8.591], [116.935, -8.606], [116.961, -8.605], [116.972, -8.617], [116.983, -8.618], [116.984, -8.609], [116.962, -8.572], [116.968, -8.563], [116.959, -8.552], [116.957, -8.535]]]}}, {"type": "Feature", "properties": {"domain_id": "5204242001", "name": "SIMU"}, "geometry": {"type": "Polygon", "coordinates": [[[117.699, -8.636], [117.673, -8.665], [117.607, -8.783], [117.574, -8.802], [117.582, -8.844], [117.599, -8.853], [117.619, -8.854], [117.622, -8.869], [117.64, -8.855], [117.651, -8.855], [117.669, -8.828], [117.679, -8.798], [117.699, -8.777], [117.697, -8.759], [117.71, -8.734], [117.69, -8.726], [117.702, -8.709], [117.695, -8.698], [117.704, -8.674], [117.699, -8.636]]]}}, {"type": "Feature", "properties": {"domain_id": "5204252004", "name": "LABUHAN JAMBU"}, "geometry": {"type": "MultiPolygon", "coordinates": [[[[118.072, -8.662], [118.036, -8.671], [118.035, -8.683], [118.011, -8.707], [118.027, -8.709], [118.034, -8.701], [118.051, -8.705], [118.069, -8.692], [118.096, -8.706], [118.131, -8.712], [118.075, -8.674], [118.072, -8.662]]], [[[118.011, -8.692], [118.011, -8.694], [118.014, -8.694], [118.011, -8.692]]], [[[118.009, -8.687], [118.009, -8.685], [118.006, -8.684], [118.009, -8.687]]], [[[118.052, -8.662], [118.052, -8.661], [118.05, -8.66], [118.052, -8.662]]], [[[117.978, -8.611], [117.97, -8.614], [117.968, -8.625], [117.996, -8.646], [117.998, -8.666], [117.993, -8.678], [118.003, -8.693], [118.002, -8.684], [118.011, -8.678], [118.002, -8.664], [118.005, -8.658], [117.997, -8.652], [118.005, -8.633], [117.999, -8.627], [117.992, -8.635], [117.987, -8.627], [117.977, -8.628], [117.984, -8.619], [117.978, -8.611]]]]}}, {"type": "Feature", "properties": {"domain_id": "5204252005", "name": "MATA"}, "geometry": {"type": "Polygon", "coordinates": [[[118.333, -8.713], [118.328, -8.707], [118.307, -8.71], [118.237, -8.763], [118.213, -8.758], [118.224, -8.721], [118.213, -8.718], [118.214, -8.724], [118.173, -8.707], [118.136, -8.709], [118.143, -8.719], [118.13, -8.752], [118.133, -8.763], [118.114, -8.811], [118.102, -8.818], [118.087, -8.841], [118.093, -8.859], [118.125, -8.878], [118.159, -8.859], [118.185, -8.854], [118.21, -8.833], [118.222, -8.807], [118.249, -8.795], [118.259, -8.775], [118.284, -8.769], [118.287, -8.74], [118.316, -8.729], [118.324, -8.732], [118.333, -8.713]]]}}, {"type": "Feature", "properties": {"domain_id": "5204252007", "name": "BANDA"}, "geometry": {"type": "Polygon", "coordinates": [[[118.096, -8.706], [118.069, -8.692], [118.057, -8.703], [118.034, -8.701], [118.027, -8.709], [118.027, -8.726], [118.038, -8.734], [118.096, -8.706]]]}}, {"type": "Feature", "properties": {"domain_id": "5204272002", "name": "LENANGGUAR"}, "geometry": {"type": "Polygon", "coordinates": [[[117.38, -8.702], [117.338, -8.704], [117.306, -8.678], [117.297, -8.688], [117.299, -8.701], [117.28, -8.705], [117.284, -8.722], [117.266, -8.746], [117.265, -8.757], [117.275, -8.747], [117.31, -8.746], [117.333, -8.733], [117.381, -8.76], [117.405, -8.747], [117.441, -8.774], [117.452, -8.763], [117.45, -8.753], [117.457, -8.736], [117.472, -8.724], [117.47, -8.706], [117.464, -8.703], [117.403, -8.708], [117.38, -8.702]]]}}, {"type": "Feature", "properties": {"domain_id": "5204272003", "name": "LEDANG"}, "geometry": {"type": "Polygon", "coordinates": [[[117.327, -8.846], [117.348, -8.826], [117.361, -8.798], [117.343, -8.792], [117.337, -8.809], [117.314, -8.813], [117.297, -8.823], [117.327, -8.846]]]}}, {"type": "Feature", "properties": {"domain_id": "5205022008", "name": "SORO BARAT"}, "geometry": {"type": "MultiPolygon", "coordinates": [[[[118.225, -8.545], [118.199, -8.554], [118.195, -8.571], [118.204, -8.569], [118.21, -8.552], [118.221, -8.556], [118.23, -8.551], [118.24, -8.559], [118.243, -8.555], [118.225, -8.545]]], [[[118.2, -8.598], [118.2, -8.596], [118.199, -8.596], [118.2, -8.598]]], [[[118.222, -8.56], [118.222, -8.558], [118.222, -8.559], [118.222, -8.56]]]]}}, {"type": "Feature", "properties": {"domain_id": "5205072004", "name": "LANCI JAYA"}, "geometry": {"type": "Polygon", "coordinates": [[[118.343, -8.476], [118.334, -8.45], [118.321, -8.45], [118.328, -8.478], [118.323, -8.486], [118.299, -8.482], [118.299, -8.499], [118.311, -8.501], [118.318, -8.51], [118.329, -8.488], [118.343, -8.476]]]}}, {"type": "Feature", "properties": {"domain_id": "5205082002", "name": "JAMBU"}, "geometry": {"type": "MultiPolygon", "coordinates": [[[[118.448, -8.622], [118.443, -8.614], [118.432, -8.623], [118.419, -8.623], [118.426, -8.65], [118.418, -8.658], [118.433, -8.674], [118.421, -8.685], [118.425, -8.689], [118.439, -8.689], [118.452, -8.68], [118.445, -8.665], [118.437, -8.662], [118.438, -8.641], [118.448, -8.622]]], [[[118.424, -8.671], [118.425, -8.668], [118.423, -8.669], [118.424, -8.671]]]]}}, {"type": "Feature", "properties": {"domain_id": "5206012018", "name": "NONTOTERA"}, "geometry": {"type": "Polygon", "coordinates": [[[118.668, -8.756], [118.637, -8.725], [118.681, -8.81], [118.674, -8.76], [118.668, -8.756]]]}}, {"type": "Feature", "properties": {"domain_id": "5206052011", "name": "KAMBILO"}, "geometry": {"type": "Polygon", "coordinates": [[[118.892, -8.537], [118.866, -8.525], [118.855, -8.527], [118.849, -8.537], [118.861, -8.545], [118.867, -8.539], [118.867, -8.544], [118.892, -8.537]]]}}, {"type": "Feature", "properties": {"domain_id": "5206062008", "name": "NA'E"}, "geometry": {"type": "MultiPolygon", "coordinates": [[[[118.986, -8.563], [119.0, -8.575], [119.012, -8.575], [119.013, -8.57], [118.986, -8.563]]], [[[118.982, -8.565], [118.983, -8.56], [118.976, -8.568], [118.982, -8.565]]]]}}, {"type": "Feature", "properties": {"domain_id": "5206152001", "name": "BAJO"}, "geometry": {"type": "MultiPolygon", "coordinates": [[[[118.627, -8.431], [118.62, -8.457], [118.635, -8.453], [118.668, -8.468], [118.68, -8.468], [118.686, -8.46], [118.689, -8.445], [118.68, -8.446], [118.682, -8.44], [118.657, -8.44], [118.627, -8.431]]], [[[118.698, -8.452], [118.699, -8.451], [118.692, -8.45], [118.698, -8.452]]]]}}, {"type": "Feature", "properties": {"domain_id": "5207022001", "name": "LABUHAN LALAR"}, "geometry": {"type": "MultiPolygon", "coordinates": [[[[116.831, -8.804], [116.813, -8.796], [116.809, -8.803], [116.815, -8.812], [116.812, -8.82], [116.829, -8.829], [116.819, -8.821], [116.829, -8.814], [116.831, -8.804]]], [[[116.802, -8.807], [116.801, -8.806], [116.801, -8.807], [116.802, -8.807]]]]}}, {"type": "Feature", "properties": {"domain_id": "5207022020", "name": "SERMONG"}, "geometry": {"type": "Polygon", "coordinates": [[[116.869, -8.747], [116.858, -8.744], [116.865, -8.766], [116.879, -8.759], [116.872, -8.757], [116.869, -8.747]]]}}, {"type": "Feature", "properties": {"domain_id": "5207032008", "name": "KELANIR"}, "geometry": {"type": "Polygon", "coordinates": [[[116.807, -8.657], [116.797, -8.654], [116.802, -8.662], [116.796, -8.667], [116.814, -8.686], [116.817, -8.706], [116.826, -8.708], [116.838, -8.693], [116.84, -8.68], [116.85, -8.673], [116.807, -8.657]]]}}, {"type": "Feature", "properties": {"domain_id": "5207082005", "name": "PASIR PUTIH"}, "geometry": {"type": "Polygon", "coordinates": [[[116.76, -8.945], [116.759, -8.926], [116.751, -8.913], [116.744, -8.914], [116.752, -8.924], [116.736, -8.934], [116.736, -8.948], [116.743, -8.946], [116.748, -8.953], [116.76, -8.945]]]}}, {"type": "Feature", "properties": {"domain_id": "5208012002", "name": "SOKONG"}, "geometry": {"type": "Polygon", "coordinates": [[[116.165, -8.375], [116.147, -8.349], [116.138, -8.357], [116.143, -8.408], [116.155, -8.418], [116.165, -8.375]]]}}, {"type": "Feature", "properties": {"domain_id": "5204182007", "name": "BUGIS MEDANG"}, "geometry": {"type": "MultiPolygon", "coordinates": [[[[117.4, -8.142], [117.396, -8.13], [117.386, -8.131], [117.377, -8.146], [117.359, -8.146], [117.345, -8.155], [117.361, -8.153], [117.36, -8.159], [117.378, -8.16], [117.383, -8.158], [117.376, -8.15], [117.4, -8.142]]]]}}, {"type": "Feature", "properties": {"domain_id": "5208022008", "name": "SEGARA KATON"}, "geometry": {"type": "Polygon", "coordinates": [[[116.225, -8.325], [116.205, -8.314], [116.204, -8.302], [116.194, -8.306], [116.186, -8.32], [116.192, -8.328], [116.213, -8.327], [116.218, -8.34], [116.225, -8.325]]]}}, {"type": "Feature", "properties": {"domain_id": "5271011007", "name": "AMPENAN UTARA"}, "geometry": {"type": "Polygon", "coordinates": [[[116.074, -8.553], [116.076, -8.566], [116.096, -8.565], [116.095, -8.556], [116.074, -8.553]]]}}, {"type": "Feature", "properties": {"domain_id": "5272021019", "name": "OI FO'O"}, "geometry": {"type": "Polygon", "coordinates": [[[118.762, -8.486], [118.755, -8.491], [118.756, -8.514], [118.776, -8.516], [118.783, -8.497], [118.762, -8.486]]]}}, {"type": "Feature", "properties": {"domain_id": "5272021020", "name": "LELAMASE"}, "geometry": {"type": "Polygon", "coordinates": [[[118.896, -8.49], [118.882, -8.47], [118.887, -8.454], [118.882, -8.449], [118.87, -8.453], [118.86, -8.467], [118.838, -8.476], [118.821, -8.471], [118.815, -8.482], [118.824, -8.485], [118.824, -8.493], [118.832, -8.491], [118.837, -8.497], [118.858, -8.495], [118.875, -8.483], [118.896, -8.49]]]}}, {"type": "Feature", "properties": {"domain_id": "5204292003", "name": "AI MUAL"}, "geometry": {"type": "Polygon", "coordinates": [[[117.528, -8.717], [117.515, -8.716], [117.504, -8.744], [117.521, -8.76], [117.528, -8.75], [117.528, -8.717]]]}}, {"type": "Feature", "properties": {"domain_id": "5206022009", "name": "NGGEMBE"}, "geometry": {"type": "Polygon", "coordinates": [[[118.64, -8.456], [118.632, -8.454], [118.652, -8.488], [118.653, -8.501], [118.664, -8.5], [118.671, -8.483], [118.64, -8.456]]]}}, {"type": "Feature", "properties": {"domain_id": "5206032015", "name": "PENAPALI"}, "geometry": {"type": "Polygon", "coordinates": [[[118.67, -8.54], [118.657, -8.544], [118.674, -8.558], [118.675, -8.565], [118.685, -8.567], [118.682, -8.552], [118.674, -8.554], [118.67, -8.54]]]}}, {"type": "Feature", "properties": {"domain_id": "5206052001", "name": "TARLAWI"}, "geometry": {"type": "Polygon", "coordinates": [[[118.858, -8.552], [118.845, -8.555], [118.841, -8.562], [118.831, -8.554], [118.816, -8.57], [118.807, -8.592], [118.783, -8.616], [118.799, -8.641], [118.815, -8.651], [118.824, -8.651], [118.84, -8.626], [118.839, -8.592], [118.848, -8.559], [118.858, -8.552]]]}}, {"type": "Feature", "properties": {"domain_id": "5203182009", "name": "GERENENG TIMUR"}, "geometry": {"type": "Polygon", "coordinates": [[[116.542, -8.685], [116.521, -8.692], [116.545, -8.709], [116.542, -8.685]]]}}, {"type": "Feature", "properties": {"domain_id": "5204022001", "name": "LUNYUK REA"}, "geometry": {"type": "Polygon", "coordinates": [[[117.297, -8.823], [117.277, -8.799], [117.267, -8.823], [117.236, -8.829], [117.23, -8.843], [117.187, -8.825], [117.183, -8.855], [117.175, -8.87], [117.182, -8.907], [117.182, -8.986], [117.203, -8.973], [117.214, -8.974], [117.214, -8.963], [117.23, -8.965], [117.243, -8.957], [117.254, -8.92], [117.276, -8.914], [117.276, -8.907], [117.287, -8.908], [117.29, -8.895], [117.295, -8.9], [117.297, -8.893], [117.32, -8.891], [117.332, -8.882], [117.341, -8.888], [117.364, -8.886], [117.332, -8.85], [117.297, -8.823]]]}}, {"type": "Feature", "properties": {"domain_id": "5205051002", "name": "KANDAI II"}, "geometry": {"type": "Polygon", "coordinates": [[[118.44, -8.493], [118.432, -8.496], [118.434, -8.557], [118.445, -8.541], [118.438, -8.532], [118.44, -8.493]]]}}, {"type": "Feature", "properties": {"domain_id": "5205082001", "name": "RANGGO"}, "geometry": {"type": "Polygon", "coordinates": [[[118.509, -8.583], [118.474, -8.586], [118.456, -8.599], [118.461, -8.622], [118.454, -8.643], [118.467, -8.644], [118.466, -8.637], [118.479, -8.625], [118.481, -8.606], [118.516, -8.61], [118.507, -8.595], [118.509, -8.583]]]}}, {"type": "Feature", "properties": {"domain_id": "5205082005", "name": "WOKO"}, "geometry": {"type": "Polygon", "coordinates": [[[118.534, -8.671], [118.506, -8.669], [118.478, -8.649], [118.471, -8.663], [118.455, -8.661], [118.456, -8.68], [118.483, -8.681], [118.497, -8.703], [118.509, -8.707], [118.518, -8.706], [118.536, -8.682], [118.534, -8.671]]]}}, {"type": "Feature", "properties": {"domain_id": "5206012005", "name": "TOLOTANGGA"}, "geometry": {"type": "Polygon", "coordinates": [[[118.657, -8.809], [118.653, -8.772], [118.641, -8.774], [118.638, -8.751], [118.624, -8.731], [118.612, -8.734], [118.631, -8.79], [118.634, -8.817], [118.657, -8.809]]]}}, {"type": "Feature", "properties": {"domain_id": "5206012016", "name": "PELA"}, "geometry": {"type": "Polygon", "coordinates": [[[118.665, -8.709], [118.665, -8.697], [118.656, -8.695], [118.66, -8.692], [118.644, -8.681], [118.604, -8.702], [118.612, -8.734], [118.63, -8.73], [118.652, -8.715], [118.667, -8.721], [118.665, -8.709]]]}}, {"type": "Feature", "properties": {"domain_id": "5206032004", "name": "RABAKODO"}, "geometry": {"type": "Polygon", "coordinates": [[[118.699, -8.562], [118.695, -8.566], [118.682, -8.563], [118.7, -8.582], [118.699, -8.562]]]}}, {"type": "Feature", "properties": {"domain_id": "5206062003", "name": "JIA"}, "geometry": {"type": "Polygon", "coordinates": [[[118.934, -8.483], [118.957, -8.571], [118.938, -8.564], [118.948, -8.593], [118.964, -8.573], [118.955, -8.555], [118.951, -8.505], [118.934, -8.483]]]}}, {"type": "Feature", "properties": {"domain_id": "5206062009", "name": "RAI O'I"}, "geometry": {"type": "MultiPolygon", "coordinates": [[[[118.982, -8.553], [118.975, -8.534], [118.957, -8.543], [118.964, -8.553], [118.975, -8.555], [118.975, -8.566], [118.982, -8.553]]], [[[119.004, -8.578], [118.998, -8.574], [118.996, -8.585], [119.011, -8.582], [119.004, -8.578]]]]}}, {"type": "Feature", "properties": {"domain_id": "5206122003", "name": "MANGGE"}, "geometry": {"type": "Polygon", "coordinates": [[[118.965, -8.644], [118.919, -8.636], [118.891, -8.643], [118.906, -8.673], [118.921, -8.668], [118.944, -8.681], [118.972, -8.681], [118.973, -8.649], [118.965, -8.644]]]}}, {"type": "Feature", "properties": {"domain_id": "5206052014", "name": "RIANMAU"}, "geometry": {"type": "Polygon", "coordinates": [[[118.921, -8.545], [118.936, -8.527], [118.933, -8.497], [118.924, -8.483], [118.9, -8.49], [118.908, -8.5], [118.898, -8.511], [118.895, -8.53], [118.902, -8.555], [118.921, -8.545]]]}}, {"type": "Feature", "properties": {"domain_id": "5206172003", "name": "SAMBORI"}, "geometry": {"type": "Polygon", "coordinates": [[[118.795, -8.594], [118.781, -8.595], [118.771, -8.587], [118.77, -8.593], [118.76, -8.593], [118.75, -8.611], [118.761, -8.63], [118.791, -8.61], [118.799, -8.596], [118.795, -8.594]]]}}, {"type": "Feature", "properties": {"domain_id": "5207022011", "name": "SELOTO"}, "geometry": {"type": "Polygon", "coordinates": [[[116.919, -8.656], [116.909, -8.642], [116.889, -8.686], [116.855, -8.699], [116.89, -8.721], [116.914, -8.693], [116.919, -8.656]]]}}, {"type": "Feature", "properties": {"domain_id": "5271031009", "name": "SAYANG-SAYANG"}, "geometry": {"type": "Polygon", "coordinates": [[[116.141, -8.566], [116.124, -8.564], [116.119, -8.571], [116.147, -8.572], [116.141, -8.566]]]}}, {"type": "Feature", "properties": {"domain_id": "5203092004", "name": "KEMBANG KERANG"}, "geometry": {"type": "Polygon", "coordinates": [[[116.545, -8.548], [116.532, -8.556], [116.54, -8.564], [116.543, -8.559], [116.55, -8.565], [116.545, -8.548]]]}}, {"type": "Feature", "properties": {"domain_id": "5208022005", "name": "SAMBIK BANGKOL"}, "geometry": {"type": "Polygon", "coordinates": [[[116.253, -8.293], [116.236, -8.267], [116.218, -8.29], [116.23, -8.294], [116.255, -8.325], [116.309, -8.353], [116.328, -8.387], [116.332, -8.387], [116.33, -8.374], [116.313, -8.356], [116.303, -8.334], [116.286, -8.32], [116.266, -8.318], [116.253, -8.293]]]}}, {"type": "Feature", "properties": {"domain_id": "5203142002", "name": "MAMBEN LAUK"}, "geometry": {"type": "Polygon", "coordinates": [[[116.571, -8.574], [116.566, -8.572], [116.56, -8.582], [116.577, -8.588], [116.571, -8.574]]]}}, {"type": "Feature", "properties": {"domain_id": "5272041002", "name": "RONTU"}, "geometry": {"type": "Polygon", "coordinates": [[[118.75, -8.475], [118.745, -8.474], [118.743, -8.49], [118.746, -8.503], [118.753, -8.507], [118.756, -8.489], [118.763, -8.484], [118.75, -8.475]]]}}, {"type": "Feature", "properties": {"domain_id": "5202112001", "name": "MONTONG SAPAH"}, "geometry": {"type": "Polygon", "coordinates": [[[116.153, -8.793], [116.144, -8.782], [116.142, -8.766], [116.134, -8.768], [116.121, -8.804], [116.146, -8.806], [116.155, -8.801], [116.153, -8.793]]]}}, {"type": "Feature", "properties": {"domain_id": "5202122003", "name": "TANAK BEAK"}, "geometry": {"type": "Polygon", "coordinates": [[[116.302, -8.58], [116.292, -8.571], [116.259, -8.591], [116.301, -8.59], [116.302, -8.58]]]}}, {"type": "Feature", "properties": {"domain_id": "5203012009", "name": "PIJOT UTARA"}, "geometry": {"type": "Polygon", "coordinates": [[[116.527, -8.744], [116.509, -8.744], [116.504, -8.748], [116.505, -8.759], [116.52, -8.753], [116.526, -8.757], [116.527, -8.744]]]}}, {"type": "Feature", "properties": {"domain_id": "5203071011", "name": "KELAJU JORONG"}, "geometry": {"type": "Polygon", "coordinates": [[[116.554, -8.674], [116.545, -8.668], [116.533, -8.678], [116.536, -8.686], [116.555, -8.687], [116.554, -8.674]]]}}, {"type": "Feature", "properties": {"domain_id": "5203092009", "name": "KALIJAGA SELATAN"}, "geometry": {"type": "Polygon", "coordinates": [[[116.552, -8.586], [116.546, -8.591], [116.559, -8.599], [116.561, -8.592], [116.552, -8.586]]]}}, {"type": "Feature", "properties": {"domain_id": "5203082010", "name": "TEKO"}, "geometry": {"type": "Polygon", "coordinates": [[[116.614, -8.579], [116.602, -8.577], [116.598, -8.592], [116.603, -8.596], [116.617, -8.587], [116.614, -8.579]]]}}, {"type": "Feature", "properties": {"domain_id": "5203102008", "name": "DADAP"}, "geometry": {"type": "Polygon", "coordinates": [[[116.717, -8.355], [116.718, -8.347], [116.71, -8.342], [116.692, -8.348], [116.705, -8.364], [116.717, -8.355]]]}}, {"type": "Feature", "properties": {"domain_id": "5203092011", "name": "KEMBANG KERANG DAYA"}, "geometry": {"type": "Polygon", "coordinates": [[[116.536, -8.532], [116.525, -8.52], [116.52, -8.524], [116.526, -8.547], [116.538, -8.554], [116.545, -8.547], [116.536, -8.532]]]}}, {"type": "Feature", "properties": {"domain_id": "5203122005", "name": "AIK DEWA"}, "geometry": {"type": "Polygon", "coordinates": [[[116.478, -8.6], [116.472, -8.583], [116.456, -8.574], [116.47, -8.602], [116.478, -8.6]]]}}, {"type": "Feature", "properties": {"domain_id": "5203132005", "name": "SURALAGA"}, "geometry": {"type": "Polygon", "coordinates": [[[116.527, -8.592], [116.513, -8.598], [116.537, -8.608], [116.54, -8.602], [116.527, -8.592]]]}}, {"type": "Feature", "properties": {"domain_id": "5203192004", "name": "BUNGTIANG"}, "geometry": {"type": "Polygon", "coordinates": [[[116.492, -8.723], [116.478, -8.727], [116.475, -8.747], [116.483, -8.746], [116.482, -8.737], [116.497, -8.737], [116.492, -8.723]]]}}, {"type": "Feature", "properties": {"domain_id": "5203202009", "name": "EKAS BUANA"}, "geometry": {"type": "MultiPolygon", "coordinates": [[[[116.475, -8.859], [116.459, -8.859], [116.449, -8.893], [116.473, -8.889], [116.475, -8.859]]], [[[116.45, -8.901], [116.442, -8.902], [116.431, -8.916], [116.456, -8.921], [116.46, -8.916], [116.449, -8.912], [116.455, -8.906], [116.45, -8.901]]]]}}, {"type": "Feature", "properties": {"domain_id": "5203212005", "name": "LENEK KALIBAMBANG"}, "geometry": {"type": "Polygon", "coordinates": [[[116.507, -8.585], [116.493, -8.57], [116.499, -8.587], [116.504, -8.59], [116.507, -8.585]]]}}, {"type": "Feature", "properties": {"domain_id": "5204062004", "name": "ORONG BAWA"}, "geometry": {"type": "Polygon", "coordinates": [[[117.129, -8.41], [117.138, -8.401], [117.137, -8.381], [117.125, -8.387], [117.129, -8.41]]]}}, {"type": "Feature", "properties": {"domain_id": "5205022001", "name": "KEMPO"}, "geometry": {"type": "Polygon", "coordinates": [[[118.205, -8.437], [118.201, -8.433], [118.232, -8.489], [118.238, -8.553], [118.267, -8.574], [118.285, -8.535], [118.297, -8.524], [118.293, -8.519], [118.276, -8.525], [118.262, -8.543], [118.252, -8.541], [118.256, -8.517], [118.231, -8.468], [118.205, -8.437]]]}}, {"type": "Feature", "properties": {"domain_id": "5204092013", "name": "MOYO MEKAR"}, "geometry": {"type": "Polygon", "coordinates": [[[117.494, -8.522], [117.482, -8.514], [117.473, -8.521], [117.449, -8.516], [117.448, -8.529], [117.474, -8.54], [117.474, -8.559], [117.485, -8.544], [117.498, -8.543], [117.494, -8.522]]]}}, {"type": "Feature", "properties": {"domain_id": "5206122002", "name": "SIMPASAI"}, "geometry": {"type": "Polygon", "coordinates": [[[118.997, -8.59], [118.99, -8.587], [118.99, -8.599], [118.984, -8.596], [118.965, -8.609], [118.97, -8.646], [118.975, -8.647], [118.997, -8.59]]]}}, {"type": "Feature", "properties": {"domain_id": "5201092002", "name": "MIDANG"}, "geometry": {"type": "Polygon", "coordinates": [[[116.107, -8.548], [116.104, -8.555], [116.121, -8.562], [116.122, -8.551], [116.107, -8.548]]]}}, {"type": "Feature", "properties": {"domain_id": "5207012001", "name": "GOA"}, "geometry": {"type": "Polygon", "coordinates": [[[116.799, -8.822], [116.787, -8.814], [116.785, -8.827], [116.77, -8.833], [116.8, -8.85], [116.818, -8.854], [116.824, -8.848], [116.82, -8.839], [116.799, -8.822]]]}}, {"type": "Feature", "properties": {"domain_id": "5203012005", "name": "BATU PUTIK"}, "geometry": {"type": "Polygon", "coordinates": [[[116.468, -8.75], [116.445, -8.747], [116.435, -8.757], [116.45, -8.775], [116.461, -8.77], [116.468, -8.75]]]}}, {"type": "Feature", "properties": {"domain_id": "5201072001", "name": "SEKOTONG TENGAH"}, "geometry": {"type": "Polygon", "coordinates": [[[116.049, -8.758], [116.043, -8.766], [116.039, -8.754], [116.019, -8.759], [116.02, -8.777], [116.012, -8.779], [115.992, -8.806], [116.052, -8.791], [116.049, -8.758]]]}}, {"type": "Feature", "properties": {"domain_id": "5207022015", "name": "BATU PUTIH"}, "geometry": {"type": "Polygon", "coordinates": [[[116.815, -8.703], [116.798, -8.713], [116.784, -8.754], [116.798, -8.755], [116.8, -8.743], [116.811, -8.734], [116.836, -8.741], [116.844, -8.725], [116.837, -8.723], [116.839, -8.709], [116.829, -8.703], [116.819, -8.708], [116.815, -8.703]]]}}, {"type": "Feature", "properties": {"domain_id": "5208042004", "name": "SUKADANA"}, "geometry": {"type": "Polygon", "coordinates": [[[116.406, -8.217], [116.369, -8.211], [116.378, -8.264], [116.39, -8.265], [116.389, -8.249], [116.406, -8.217]]]}}, {"type": "Feature", "properties": {"domain_id": "5201022005", "name": "RUMAK"}, "geometry": {"type": "Polygon", "coordinates": [[[116.137, -8.645], [116.131, -8.637], [116.12, -8.642], [116.124, -8.652], [116.137, -8.645]]]}}, {"type": "Feature", "properties": {"domain_id": "5201022008", "name": "DASAN BARU"}, "geometry": {"type": "Polygon", "coordinates": [[[116.127, -8.654], [116.106, -8.654], [116.106, -8.666], [116.121, -8.666], [116.127, -8.654]]]}}, {"type": "Feature", "properties": {"domain_id": "5201072003", "name": "PELANGAN"}, "geometry": {"type": "MultiPolygon", "coordinates": [[[[115.938, -8.77], [115.92, -8.769], [115.916, -8.776], [115.906, -8.772], [115.905, -8.838], [115.918, -8.845], [115.923, -8.836], [115.933, -8.833], [115.958, -8.859], [115.98, -8.813], [115.946, -8.788], [115.938, -8.77]]], [[[115.948, -8.854], [115.948, -8.853], [115.947, -8.854], [115.948, -8.854]]], [[[115.913, -8.843], [115.914, -8.842], [115.913, -8.842], [115.913, -8.843]]]]}}, {"type": "Feature", "properties": {"domain_id": "5201122011", "name": "GIRI MADIA"}, "geometry": {"type": "Polygon", "coordinates": [[[116.164, -8.542], [116.177, -8.517], [116.177, -8.497], [116.163, -8.506], [116.17, -8.511], [116.161, -8.515], [116.157, -8.536], [116.164, -8.542]]]}}, {"type": "Feature", "properties": {"domain_id": "5201132010", "name": "EYAT MAYANG"}, "geometry": {"type": "Polygon", "coordinates": [[[116.08, -8.752], [116.06, -8.751], [116.066, -8.775], [116.077, -8.777], [116.087, -8.771], [116.085, -8.761], [116.077, -8.761], [116.08, -8.752]]]}}, {"type": "Feature", "properties": {"domain_id": "5201152006", "name": "GIRI SASAK"}, "geometry": {"type": "Polygon", "coordinates": [[[116.175, -8.699], [116.16, -8.71], [116.162, -8.725], [116.174, -8.727], [116.17, -8.716], [116.177, -8.712], [116.175, -8.699]]]}}, {"type": "Feature", "properties": {"domain_id": "5202032007", "name": "BARABALI"}, "geometry": {"type": "Polygon", "coordinates": [[[116.328, -8.622], [116.317, -8.617], [116.316, -8.623], [116.302, -8.618], [116.289, -8.622], [116.293, -8.629], [116.285, -8.64], [116.317, -8.642], [116.325, -8.649], [116.321, -8.642], [116.328, -8.622]]]}}, {"type": "Feature", "properties": {"domain_id": "5202042003", "name": "SUKADANA"}, "geometry": {"type": "Polygon", "coordinates": [[[116.347, -8.836], [116.338, -8.827], [116.337, -8.814], [116.318, -8.816], [116.317, -8.849], [116.326, -8.852], [116.328, -8.863], [116.338, -8.87], [116.36, -8.874], [116.366, -8.855], [116.347, -8.836]]]}}, {"type": "Feature", "properties": {"domain_id": "5202042013", "name": "PRABU"}, "geometry": {"type": "Polygon", "coordinates": [[[116.287, -8.757], [116.278, -8.759], [116.273, -8.785], [116.283, -8.803], [116.299, -8.785], [116.3, -8.773], [116.287, -8.757]]]}}, {"type": "Feature", "properties": {"domain_id": "5202062006", "name": "SENGKERANG"}, "geometry": {"type": "Polygon", "coordinates": [[[116.377, -8.746], [116.361, -8.771], [116.369, -8.78], [116.388, -8.776], [116.391, -8.765], [116.391, -8.75], [116.377, -8.746]]]}}, {"type": "Feature", "properties": {"domain_id": "5202122006", "name": "AIK BERIK"}, "geometry": {"type": "Polygon", "coordinates": [[[116.382, -8.41], [116.36, -8.413], [116.36, -8.447], [116.349, -8.468], [116.356, -8.484], [116.353, -8.496], [116.328, -8.527], [116.334, -8.548], [116.32, -8.564], [116.331, -8.573], [116.342, -8.566], [116.358, -8.541], [116.367, -8.509], [116.375, -8.506], [116.406, -8.435], [116.385, -8.421], [116.382, -8.41]]]}}, {"type": "Feature", "properties": {"domain_id": "5202092003", "name": "MUNCAN"}, "geometry": {"type": "Polygon", "coordinates": [[[116.325, -8.649], [116.313, -8.642], [116.313, -8.651], [116.321, -8.656], [116.314, -8.672], [116.333, -8.659], [116.332, -8.651], [116.325, -8.649]]]}}, {"type": "Feature", "properties": {"domain_id": "5272031005", "name": "JATIBARU TIMUR"}, "geometry": {"type": "Polygon", "coordinates": [[[118.772, -8.408], [118.758, -8.401], [118.768, -8.419], [118.756, -8.438], [118.777, -8.443], [118.779, -8.438], [118.81, -8.43], [118.793, -8.421], [118.789, -8.412], [118.772, -8.408]]]}}, {"type": "Feature", "properties": {"domain_id": "5272041009", "name": "RITE"}, "geometry": {"type": "Polygon", "coordinates": [[[118.77, -8.453], [118.752, -8.457], [118.758, -8.461], [118.77, -8.453]]]}}, {"type": "Feature", "properties": {"domain_id": "5202102007", "name": "LAJUT"}, "geometry": {"type": "Polygon", "coordinates": [[[116.32, -8.746], [116.303, -8.734], [116.29, -8.738], [116.289, -8.765], [116.309, -8.766], [116.32, -8.746]]]}}, {"type": "Feature", "properties": {"domain_id": "5203032012", "name": "SELAGIK"}, "geometry": {"type": "Polygon", "coordinates": [[[116.403, -8.661], [116.408, -8.653], [116.4, -8.647], [116.403, -8.661]]]}}, {"type": "Feature", "properties": {"domain_id": "5203042014", "name": "SIKUR BARAT"}, "geometry": {"type": "Polygon", "coordinates": [[[116.444, -8.63], [116.438, -8.626], [116.44, -8.644], [116.451, -8.645], [116.444, -8.63]]]}}, {"type": "Feature", "properties": {"domain_id": "5203062003", "name": "PADAMARA"}, "geometry": {"type": "Polygon", "coordinates": [[[116.475, -8.636], [116.46, -8.634], [116.467, -8.655], [116.483, -8.645], [116.475, -8.636]]]}}, {"type": "Feature", "properties": {"domain_id": "5203062008", "name": "NYIUR TEBEL"}, "geometry": {"type": "Polygon", "coordinates": [[[116.501, -8.635], [116.499, -8.631], [116.489, -8.638], [116.501, -8.635]]]}}, {"type": "Feature", "properties": {"domain_id": "5203092002", "name": "AIKMEL"}, "geometry": {"type": "Polygon", "coordinates": [[[116.54, -8.573], [116.525, -8.557], [116.514, -8.561], [116.525, -8.572], [116.54, -8.573]]]}}, {"type": "Feature", "properties": {"domain_id": "5203092003", "name": "KALIJAGA"}, "geometry": {"type": "Polygon", "coordinates": [[[116.537, -8.573], [116.531, -8.574], [116.527, -8.583], [116.532, -8.588], [116.547, -8.583], [116.537, -8.573]]]}}, {"type": "Feature", "properties": {"domain_id": "5203122003", "name": "JURIT"}, "geometry": {"type": "Polygon", "coordinates": [[[116.458, -8.573], [116.45, -8.562], [116.445, -8.563], [116.453, -8.592], [116.464, -8.606], [116.469, -8.602], [116.458, -8.573]]]}}, {"type": "Feature", "properties": {"domain_id": "5203142001", "name": "MAMBEN DAYA"}, "geometry": {"type": "Polygon", "coordinates": [[[116.559, -8.566], [116.554, -8.561], [116.547, -8.577], [116.556, -8.575], [116.56, -8.582], [116.566, -8.572], [116.559, -8.566]]]}}, {"type": "Feature", "properties": {"domain_id": "5203192002", "name": "GUNUNG RAJAK"}, "geometry": {"type": "Polygon", "coordinates": [[[116.475, -8.71], [116.468, -8.709], [116.468, -8.703], [116.454, -8.705], [116.473, -8.719], [116.475, -8.71]]]}}, {"type": "Feature", "properties": {"domain_id": "5203182007", "name": "LEPAK TIMUR"}, "geometry": {"type": "Polygon", "coordinates": [[[116.528, -8.7], [116.518, -8.703], [116.52, -8.713], [116.55, -8.714], [116.528, -8.7]]]}}, {"type": "Feature", "properties": {"domain_id": "5204072002", "name": "TANGKAM PULIT"}, "geometry": {"type": "Polygon", "coordinates": [[[117.208, -8.712], [117.196, -8.698], [117.202, -8.671], [117.195, -8.661], [117.17, -8.646], [117.162, -8.658], [117.167, -8.672], [117.161, -8.709], [117.208, -8.712]]]}}, {"type": "Feature", "properties": {"domain_id": "5204081004", "name": "SEKETENG"}, "geometry": {"type": "Polygon", "coordinates": [[[117.451, -8.483], [117.429, -8.492], [117.427, -8.505], [117.449, -8.514], [117.457, -8.5], [117.451, -8.483]]]}}, {"type": "Feature", "properties": {"domain_id": "5204102001", "name": "SEMPE"}, "geometry": {"type": "Polygon", "coordinates": [[[117.317, -8.611], [117.263, -8.624], [117.253, -8.634], [117.271, -8.644], [117.282, -8.662], [117.321, -8.685], [117.323, -8.696], [117.336, -8.703], [117.38, -8.702], [117.375, -8.696], [117.382, -8.686], [117.377, -8.681], [117.38, -8.667], [117.393, -8.656], [117.384, -8.64], [117.388, -8.628], [117.35, -8.63], [117.317, -8.611]]]}}, {"type": "Feature", "properties": {"domain_id": "5205052009", "name": "MADA PRAMA"}, "geometry": {"type": "Polygon", "coordinates": [[[118.377, -8.561], [118.381, -8.552], [118.374, -8.495], [118.357, -8.52], [118.363, -8.535], [118.325, -8.564], [118.308, -8.594], [118.326, -8.615], [118.329, -8.601], [118.359, -8.562], [118.377, -8.561]]]}}, {"type": "Feature", "properties": {"domain_id": "5206012010", "name": "MONTA"}, "geometry": {"type": "Polygon", "coordinates": [[[118.715, -8.636], [118.711, -8.623], [118.698, -8.621], [118.699, -8.64], [118.729, -8.649], [118.715, -8.636]]]}}, {"type": "Feature", "properties": {"domain_id": "5204182002", "name": "KARANG DIMA"}, "geometry": {"type": "Polygon", "coordinates": [[[117.393, -8.472], [117.377, -8.464], [117.368, -8.467], [117.32, -8.529], [117.344, -8.542], [117.375, -8.521], [117.394, -8.495], [117.399, -8.481], [117.393, -8.472]]]}}, {"type": "Feature", "properties": {"domain_id": "5204192005", "name": "JAYA MAKMUR"}, "geometry": {"type": "Polygon", "coordinates": [[[117.705, -8.852], [117.685, -8.852], [117.653, -8.87], [117.631, -8.913], [117.6, -8.926], [117.605, -8.931], [117.599, -8.937], [117.605, -8.967], [117.638, -8.952], [117.644, -8.943], [117.668, -8.938], [117.679, -8.923], [117.703, -8.92], [117.705, -8.852]]]}}, {"type": "Feature", "properties": {"domain_id": "5204262003", "name": "LOPOK"}, "geometry": {"type": "Polygon", "coordinates": [[[117.553, -8.614], [117.562, -8.611], [117.562, -8.584], [117.552, -8.566], [117.52, -8.591], [117.482, -8.595], [117.495, -8.609], [117.536, -8.604], [117.553, -8.614]]]}}, {"type": "Feature", "properties": {"domain_id": "5205012009", "name": "KARAMABURA"}, "geometry": {"type": "Polygon", "coordinates": [[[118.533, -8.379], [118.527, -8.366], [118.499, -8.347], [118.496, -8.383], [118.461, -8.472], [118.467, -8.48], [118.477, -8.482], [118.483, -8.497], [118.507, -8.478], [118.49, -8.475], [118.482, -8.46], [118.525, -8.428], [118.541, -8.402], [118.542, -8.392], [118.533, -8.379]]]}}, {"type": "Feature", "properties": {"domain_id": "5205042004", "name": "KIWU"}, "geometry": {"type": "Polygon", "coordinates": [[[118.496, -8.342], [118.477, -8.306], [118.445, -8.268], [118.439, -8.278], [118.423, -8.287], [118.425, -8.298], [118.453, -8.328], [118.486, -8.351], [118.496, -8.342]]]}}, {"type": "Feature", "properties": {"domain_id": "5206012006", "name": "SONDO"}, "geometry": {"type": "Polygon", "coordinates": [[[118.674, -8.741], [118.643, -8.721], [118.637, -8.725], [118.663, -8.748], [118.661, -8.755], [118.672, -8.755], [118.674, -8.741]]]}}, {"type": "Feature", "properties": {"domain_id": "5271031007", "name": "CAKRANEGARA UTARA"}, "geometry": {"type": "Polygon", "coordinates": [[[116.136, -8.573], [116.131, -8.572], [116.13, -8.583], [116.139, -8.586], [116.136, -8.573]]]}}, {"type": "Feature", "properties": {"domain_id": "5206122006", "name": "RATO"}, "geometry": {"type": "MultiPolygon", "coordinates": [[[[119.004, -8.596], [118.998, -8.61], [119.005, -8.624], [118.998, -8.649], [118.971, -8.646], [118.972, -8.681], [118.944, -8.681], [118.957, -8.7], [118.952, -8.721], [118.971, -8.749], [118.998, -8.74], [119.017, -8.743], [119.009, -8.73], [119.004, -8.696], [119.014, -8.684], [119.017, -8.619], [119.003, -8.616], [119.009, -8.601], [119.004, -8.596]]]]}}, {"type": "Feature", "properties": {"domain_id": "5206132004", "name": "NDANO"}, "geometry": {"type": "Polygon", "coordinates": [[[118.543, -8.486], [118.529, -8.477], [118.528, -8.503], [118.543, -8.505], [118.543, -8.486]]]}}, {"type": "Feature", "properties": {"domain_id": "5206162001", "name": "PARADO WANE"}, "geometry": {"type": "Polygon", "coordinates": [[[118.612, -8.734], [118.604, -8.699], [118.577, -8.708], [118.587, -8.741], [118.57, -8.756], [118.577, -8.79], [118.589, -8.812], [118.588, -8.842], [118.605, -8.839], [118.634, -8.817], [118.631, -8.79], [118.612, -8.734]]]}}, {"type": "Feature", "properties": {"domain_id": "5207032004", "name": "SETELUK ATAS"}, "geometry": {"type": "Polygon", "coordinates": [[[116.897, -8.641], [116.88, -8.62], [116.878, -8.626], [116.869, -8.621], [116.868, -8.632], [116.861, -8.634], [116.872, -8.655], [116.877, -8.654], [116.877, -8.637], [116.897, -8.641]]]}}, {"type": "Feature", "properties": {"domain_id": "5207052009", "name": "SEMINAR SALIT"}, "geometry": {"type": "MultiPolygon", "coordinates": [[[[116.956, -8.738], [116.947, -8.729], [116.927, -8.73], [116.915, -8.739], [116.906, -8.733], [116.912, -8.758], [116.937, -8.786], [116.966, -8.786], [116.993, -8.775], [116.956, -8.738]]], [[[117.036, -8.727], [116.998, -8.726], [117.024, -8.735], [117.036, -8.727]]]]}}, {"type": "Feature", "properties": {"domain_id": "5207082004", "name": "MANTUN"}, "geometry": {"type": "Polygon", "coordinates": [[[116.751, -8.898], [116.732, -8.892], [116.732, -8.904], [116.725, -8.911], [116.734, -8.916], [116.751, -8.913], [116.751, -8.898]]]}}, {"type": "Feature", "properties": {"domain_id": "5271031012", "name": "CILINAYA"}, "geometry": {"type": "Polygon", "coordinates": [[[116.118, -8.586], [116.113, -8.594], [116.119, -8.604], [116.125, -8.6], [116.12, -8.592], [116.127, -8.594], [116.13, -8.587], [116.118, -8.586]]]}}, {"type": "Feature", "properties": {"domain_id": "5208012005", "name": "SIGAR PENJALIN"}, "geometry": {"type": "Polygon", "coordinates": [[[116.135, -8.407], [116.123, -8.359], [116.119, -8.37], [116.099, -8.361], [116.105, -8.387], [116.112, -8.391], [116.108, -8.4], [116.121, -8.406], [116.124, -8.424], [116.114, -8.427], [116.108, -8.438], [116.123, -8.443], [116.135, -8.461], [116.143, -8.455], [116.135, -8.407]]]}}, {"type": "Feature", "properties": {"domain_id": "5208042008", "name": "SAMBIK ELEN"}, "geometry": {"type": "Polygon", "coordinates": [[[116.494, -8.246], [116.457, -8.227], [116.443, -8.271], [116.445, -8.299], [116.461, -8.325], [116.447, -8.357], [116.467, -8.331], [116.472, -8.269], [116.494, -8.246]]]}}, {"type": "Feature", "properties": {"domain_id": "5272021021", "name": "OIMBO"}, "geometry": {"type": "Polygon", "coordinates": [[[118.781, -8.483], [118.769, -8.489], [118.784, -8.501], [118.781, -8.483]]]}}, {"type": "Feature", "properties": {"domain_id": "5201092009", "name": "TAMAN SARI"}, "geometry": {"type": "Polygon", "coordinates": [[[116.131, -8.492], [116.135, -8.461], [116.105, -8.533], [116.107, -8.548], [116.115, -8.549], [116.131, -8.492]]]}}, {"type": "Feature", "properties": {"domain_id": "5201092014", "name": "GELANGSAR"}, "geometry": {"type": "Polygon", "coordinates": [[[116.143, -8.455], [116.135, -8.461], [116.14, -8.468], [116.135, -8.501], [116.143, -8.509], [116.143, -8.455]]]}}, {"type": "Feature", "properties": {"domain_id": "5201122002", "name": "BATU KUMBUNG"}, "geometry": {"type": "Polygon", "coordinates": [[[116.226, -8.559], [116.19, -8.565], [116.185, -8.582], [116.191, -8.589], [116.201, -8.584], [116.199, -8.58], [116.221, -8.569], [116.226, -8.559]]]}}, {"type": "Feature", "properties": {"domain_id": "5201132006", "name": "JEMBATAN GANTUNG"}, "geometry": {"type": "Polygon", "coordinates": [[[116.11, -8.733], [116.108, -8.726], [116.119, -8.713], [116.106, -8.71], [116.109, -8.693], [116.095, -8.697], [116.11, -8.733]]]}}, {"type": "Feature", "properties": {"domain_id": "5202092002", "name": "MONGGAS"}, "geometry": {"type": "Polygon", "coordinates": [[[116.333, -8.659], [116.313, -8.671], [116.311, -8.689], [116.302, -8.696], [116.321, -8.68], [116.33, -8.678], [116.338, -8.666], [116.333, -8.659]]]}}, {"type": "Feature", "properties": {"domain_id": "5202101002", "name": "JONTLAK"}, "geometry": {"type": "Polygon", "coordinates": [[[116.306, -8.707], [116.298, -8.702], [116.285, -8.714], [116.295, -8.721], [116.306, -8.707]]]}}, {"type": "Feature", "properties": {"domain_id": "5202112007", "name": "PANDAN INDAH"}, "geometry": {"type": "Polygon", "coordinates": [[[116.196, -8.775], [116.19, -8.776], [116.19, -8.796], [116.179, -8.815], [116.205, -8.815], [116.219, -8.796], [116.218, -8.78], [116.207, -8.787], [116.196, -8.775]]]}}, {"type": "Feature", "properties": {"domain_id": "5202112009", "name": "MONTONG AJAN"}, "geometry": {"type": "Polygon", "coordinates": [[[116.145, -8.845], [116.139, -8.827], [116.113, -8.817], [116.107, -8.817], [116.092, -8.846], [116.096, -8.854], [116.109, -8.857], [116.121, -8.849], [116.145, -8.845]]]}}, {"type": "Feature", "properties": {"domain_id": "5203032004", "name": "SANTONG"}, "geometry": {"type": "Polygon", "coordinates": [[[116.42, -8.656], [116.416, -8.656], [116.413, -8.681], [116.435, -8.671], [116.42, -8.656]]]}}, {"type": "Feature", "properties": {"domain_id": "5203032011", "name": "EMBUNG RAJA"}, "geometry": {"type": "Polygon", "coordinates": [[[116.434, -8.672], [116.413, -8.681], [116.43, -8.695], [116.439, -8.692], [116.434, -8.672]]]}}, {"type": "Feature", "properties": {"domain_id": "5203052006", "name": "DANGER"}, "geometry": {"type": "Polygon", "coordinates": [[[116.464, -8.606], [116.449, -8.61], [116.458, -8.625], [116.47, -8.622], [116.47, -8.609], [116.464, -8.606]]]}}, {"type": "Feature", "properties": {"domain_id": "5203072012", "name": "DANGGEN TIMUR"}, "geometry": {"type": "Polygon", "coordinates": [[[116.527, -8.672], [116.516, -8.682], [116.525, -8.689], [116.536, -8.686], [116.527, -8.672]]]}}, {"type": "Feature", "properties": {"domain_id": "5201082010", "name": "LABUAPI"}, "geometry": {"type": "Polygon", "coordinates": [[[116.129, -8.618], [116.117, -8.619], [116.12, -8.642], [116.129, -8.618]]]}}, {"type": "Feature", "properties": {"domain_id": "5201032006", "name": "TANAK BEAK"}, "geometry": {"type": "Polygon", "coordinates": [[[116.224, -8.6], [116.185, -8.606], [116.183, -8.612], [116.186, -8.618], [116.194, -8.618], [116.224, -8.6]]]}}, {"type": "Feature", "properties": {"domain_id": "5201132009", "name": "JEMBATAN KEMBAR TIMUR"}, "geometry": {"type": "Polygon", "coordinates": [[[116.095, -8.696], [116.087, -8.695], [116.092, -8.718], [116.084, -8.718], [116.085, -8.727], [116.094, -8.723], [116.109, -8.735], [116.095, -8.696]]]}}, {"type": "Feature", "properties": {"domain_id": "5203212009", "name": "SUKAREMA"}, "geometry": {"type": "Polygon", "coordinates": [[[116.555, -8.597], [116.544, -8.594], [116.551, -8.606], [116.558, -8.604], [116.555, -8.597]]]}}, {"type": "Feature", "properties": {"domain_id": "5201072004", "name": "BUWUN MAS"}, "geometry": {"type": "MultiPolygon", "coordinates": [[[[116.012, -8.806], [115.992, -8.806], [115.958, -8.858], [115.964, -8.862], [115.961, -8.868], [115.972, -8.87], [115.972, -8.879], [115.981, -8.877], [115.989, -8.89], [115.997, -8.888], [115.996, -8.897], [116.004, -8.903], [116.023, -8.903], [116.016, -8.895], [116.024, -8.891], [116.027, -8.882], [116.01, -8.871], [116.019, -8.86], [116.033, -8.858], [116.037, -8.864], [116.054, -8.851], [116.073, -8.856], [116.073, -8.863], [116.045, -8.87], [116.05, -8.885], [116.072, -8.885], [116.077, -8.895], [116.083, -8.874], [116.109, -8.873], [116.114, -8.862], [116.096, -8.854], [116.092, -8.846], [116.107, -8.817], [116.093, -8.825], [116.074, -8.826], [116.029, -8.807], [116.012, -8.806]]], [[[116.024, -8.904], [116.024, -8.903], [116.023, -8.904], [116.024, -8.904]]], [[[116.02, -8.902], [116.019, -8.902], [116.02, -8.903], [116.02, -8.902]]], [[[116.02, -8.902], [116.019, -8.901], [116.019, -8.902], [116.02, -8.902]]], [[[116.017, -8.901], [116.018, -8.9], [116.017, -8.9], [116.017, -8.901]]], [[[115.994, -8.898], [115.993, -8.901], [115.995, -8.9], [115.994, -8.898]]], [[[116.05, -8.897], [116.049, -8.899], [116.05, -8.899], [116.05, -8.897]]], [[[116.077, -8.897], [116.078, -8.896], [116.077, -8.896], [116.077, -8.897]]], [[[115.987, -8.892], [115.987, -8.891], [115.986, -8.891], [115.987, -8.892]]], [[[115.988, -8.891], [115.988, -8.89], [115.987, -8.891], [115.988, -8.891]]], [[[116.083, -8.888], [116.083, -8.889], [116.085, -8.889], [116.083, -8.888]]], [[[115.988, -8.884], [115.987, -8.883], [115.987, -8.884], [115.988, -8.884]]], [[[115.981, -8.883], [115.98, -8.884], [115.981, -8.884], [115.981, -8.883]]], [[[116.097, -8.88], [116.096, -8.88], [116.097, -8.881], [116.097, -8.88]]], [[[115.975, -8.879], [115.974, -8.88], [115.975, -8.88], [115.975, -8.879]]], [[[116.097, -8.873], [116.096, -8.873], [116.097, -8.874], [116.097, -8.873]]], [[[116.019, -8.871], [116.02, -8.87], [116.019, -8.869], [116.019, -8.871]]], [[[115.961, -8.868], [115.96, -8.868], [115.96, -8.869], [115.961, -8.868]]]]}}, {"type": "Feature", "properties": {"domain_id": "5201072006", "name": "BATU PUTIH"}, "geometry": {"type": "MultiPolygon", "coordinates": [[[[115.859, -8.726], [115.853, -8.72], [115.843, -8.725], [115.837, -8.741], [115.821, -8.752], [115.832, -8.78], [115.826, -8.795], [115.827, -8.801], [115.833, -8.8], [115.831, -8.815], [115.848, -8.813], [115.846, -8.826], [115.869, -8.818], [115.881, -8.83], [115.887, -8.826], [115.889, -8.833], [115.901, -8.83], [115.905, -8.835], [115.908, -8.784], [115.904, -8.768], [115.894, -8.761], [115.899, -8.747], [115.883, -8.764], [115.88, -8.752], [115.865, -8.743], [115.866, -8.721], [115.859, -8.726]]], [[[115.871, -8.827], [115.869, -8.827], [115.871, -8.829], [115.871, -8.827]]], [[[115.873, -8.826], [115.873, -8.827], [115.874, -8.827], [115.873, -8.826]]], [[[115.845, -8.825], [115.845, -8.824], [115.844, -8.824], [115.845, -8.825]]], [[[115.862, -8.824], [115.862, -8.823], [115.861, -8.823], [115.862, -8.824]]], [[[115.828, -8.798], [115.828, -8.799], [115.829, -8.799], [115.828, -8.798]]], [[[115.831, -8.782], [115.83, -8.782], [115.831, -8.783], [115.831, -8.782]]], [[[115.892, -8.75], [115.893, -8.749], [115.89, -8.747], [115.892, -8.75]]], [[[115.885, -8.732], [115.883, -8.741], [115.89, -8.746], [115.891, -8.735], [115.885, -8.732]]]]}}, {"type": "Feature", "properties": {"domain_id": "5201011001", "name": "GERUNG UTARA"}, "geometry": {"type": "Polygon", "coordinates": [[[116.134, -8.682], [116.133, -8.673], [116.12, -8.674], [116.108, -8.693], [116.134, -8.682]]]}}, {"type": "Feature", "properties": {"domain_id": "5201082005", "name": "PERAMPUAN"}, "geometry": {"type": "Polygon", "coordinates": [[[116.089, -8.63], [116.082, -8.636], [116.092, -8.644], [116.095, -8.629], [116.089, -8.63]]]}}, {"type": "Feature", "properties": {"domain_id": "5201012003", "name": "GAPUK"}, "geometry": {"type": "Polygon", "coordinates": [[[116.113, -8.665], [116.099, -8.669], [116.106, -8.688], [116.113, -8.683], [116.113, -8.665]]]}}, {"type": "Feature", "properties": {"domain_id": "5201012005", "name": "SUKA MAKMUR"}, "geometry": {"type": "Polygon", "coordinates": [[[116.1, -8.651], [116.094, -8.646], [116.091, -8.651], [116.091, -8.669], [116.099, -8.675], [116.105, -8.664], [116.106, -8.654], [116.1, -8.651]]]}}, {"type": "Feature", "properties": {"domain_id": "5201082007", "name": "TERONG TAWAH"}, "geometry": {"type": "Polygon", "coordinates": [[[116.117, -8.631], [116.117, -8.62], [116.114, -8.626], [116.097, -8.629], [116.101, -8.64], [116.117, -8.631]]]}}, {"type": "Feature", "properties": {"domain_id": "5201012006", "name": "BANYU URIP"}, "geometry": {"type": "Polygon", "coordinates": [[[116.16, -8.71], [116.148, -8.705], [116.137, -8.709], [116.14, -8.729], [116.153, -8.738], [116.167, -8.73], [116.158, -8.72], [116.16, -8.71]]]}}, {"type": "Feature", "properties": {"domain_id": "5201012008", "name": "DASAN TAPEN"}, "geometry": {"type": "Polygon", "coordinates": [[[116.146, -8.655], [116.136, -8.66], [116.135, -8.669], [116.152, -8.662], [116.146, -8.655]]]}}, {"type": "Feature", "properties": {"domain_id": "5201022004", "name": "GELOGOR"}, "geometry": {"type": "Polygon", "coordinates": [[[116.148, -8.628], [116.131, -8.637], [116.134, -8.645], [116.145, -8.641], [116.148, -8.628]]]}}, {"type": "Feature", "properties": {"domain_id": "5206022010", "name": "SANOLO"}, "geometry": {"type": "Polygon", "coordinates": [[[118.642, -8.525], [118.629, -8.523], [118.626, -8.539], [118.612, -8.551], [118.62, -8.558], [118.63, -8.556], [118.633, -8.548], [118.65, -8.55], [118.661, -8.533], [118.642, -8.525]]]}}, {"type": "Feature", "properties": {"domain_id": "5201012012", "name": "MESANGGOK"}, "geometry": {"type": "Polygon", "coordinates": [[[116.121, -8.666], [116.113, -8.663], [116.113, -8.683], [116.107, -8.688], [116.113, -8.69], [116.121, -8.666]]]}}, {"type": "Feature", "properties": {"domain_id": "5201012013", "name": "TAMAN AYU"}, "geometry": {"type": "Polygon", "coordinates": [[[116.092, -8.644], [116.069, -8.651], [116.068, -8.679], [116.095, -8.672], [116.092, -8.644]]]}}, {"type": "Feature", "properties": {"domain_id": "5201022001", "name": "KEDIRI"}, "geometry": {"type": "Polygon", "coordinates": [[[116.15, -8.63], [116.145, -8.636], [116.158, -8.636], [116.159, -8.644], [116.168, -8.639], [116.15, -8.63]]]}}, {"type": "Feature", "properties": {"domain_id": "5201082009", "name": "KARANG BONGKOT"}, "geometry": {"type": "Polygon", "coordinates": [[[116.103, -8.64], [116.095, -8.629], [116.092, -8.644], [116.1, -8.651], [116.103, -8.64]]]}}, {"type": "Feature", "properties": {"domain_id": "5201032020", "name": "BUWUN SEJATI"}, "geometry": {"type": "Polygon", "coordinates": [[[116.337, -8.41], [116.311, -8.429], [116.278, -8.44], [116.281, -8.454], [116.245, -8.49], [116.246, -8.517], [116.239, -8.532], [116.221, -8.548], [116.224, -8.555], [116.241, -8.538], [116.259, -8.531], [116.278, -8.479], [116.306, -8.461], [116.337, -8.41]]]}}, {"type": "Feature", "properties": {"domain_id": "5201032019", "name": "MEKARSARI"}, "geometry": {"type": "Polygon", "coordinates": [[[116.173, -8.6], [116.159, -8.604], [116.17, -8.609], [116.173, -8.6]]]}}, {"type": "Feature", "properties": {"domain_id": "5201082001", "name": "BENGKEL"}, "geometry": {"type": "Polygon", "coordinates": [[[116.149, -8.612], [116.136, -8.613], [116.15, -8.63], [116.149, -8.612]]]}}, {"type": "Feature", "properties": {"domain_id": "5201092013", "name": "RANJOK"}, "geometry": {"type": "Polygon", "coordinates": [[[116.124, -8.545], [116.115, -8.549], [116.123, -8.552], [116.124, -8.545]]]}}, {"type": "Feature", "properties": {"domain_id": "5201092015", "name": "JERINGO"}, "geometry": {"type": "Polygon", "coordinates": [[[116.138, -8.507], [116.135, -8.501], [116.125, -8.547], [116.136, -8.538], [116.138, -8.507]]]}}, {"type": "Feature", "properties": {"domain_id": "5201122003", "name": "SIGERONGAN"}, "geometry": {"type": "Polygon", "coordinates": [[[116.175, -8.56], [116.141, -8.566], [116.146, -8.572], [116.171, -8.572], [116.179, -8.562], [116.175, -8.56]]]}}, {"type": "Feature", "properties": {"domain_id": "5201122013", "name": "GEGELANG"}, "geometry": {"type": "Polygon", "coordinates": [[[116.169, -8.571], [116.158, -8.571], [116.155, -8.583], [116.169, -8.582], [116.169, -8.571]]]}}, {"type": "Feature", "properties": {"domain_id": "5201132002", "name": "JEMBATAN KEMBAR"}, "geometry": {"type": "Polygon", "coordinates": [[[116.089, -8.69], [116.08, -8.692], [116.084, -8.718], [116.092, -8.718], [116.091, -8.704], [116.086, -8.706], [116.089, -8.69]]]}}, {"type": "Feature", "properties": {"domain_id": "5201122015", "name": "GONTORAN"}, "geometry": {"type": "Polygon", "coordinates": [[[116.167, -8.575], [116.169, -8.582], [116.161, -8.59], [116.175, -8.586], [116.167, -8.575]]]}}, {"type": "Feature", "properties": {"domain_id": "5201132003", "name": "MAREJE"}, "geometry": {"type": "Polygon", "coordinates": [[[116.086, -8.771], [116.077, -8.777], [116.09, -8.787], [116.098, -8.819], [116.107, -8.817], [116.121, -8.807], [116.12, -8.799], [116.086, -8.771]]]}}, {"type": "Feature", "properties": {"domain_id": "5201142002", "name": "MENINTING"}, "geometry": {"type": "Polygon", "coordinates": [[[116.081, -8.541], [116.068, -8.54], [116.069, -8.552], [116.078, -8.552], [116.085, -8.544], [116.081, -8.541]]]}}, {"type": "Feature", "properties": {"domain_id": "5206032014", "name": "WADUWANI"}, "geometry": {"type": "MultiPolygon", "coordinates": [[[[118.672, -8.604], [118.66, -8.608], [118.668, -8.607], [118.663, -8.623], [118.67, -8.636], [118.681, -8.625], [118.672, -8.604]]], [[[118.667, -8.599], [118.666, -8.598], [118.665, -8.601], [118.667, -8.599]]], [[[118.684, -8.597], [118.685, -8.591], [118.677, -8.592], [118.677, -8.597], [118.684, -8.597]]]]}}, {"type": "Feature", "properties": {"domain_id": "5201152004", "name": "KURIPAN SELATAN"}, "geometry": {"type": "Polygon", "coordinates": [[[116.167, -8.677], [116.153, -8.684], [116.149, -8.694], [116.158, -8.708], [116.175, -8.699], [116.167, -8.677]]]}}, {"type": "Feature", "properties": {"domain_id": "5202011002", "name": "LENENG"}, "geometry": {"type": "Polygon", "coordinates": [[[116.27, -8.696], [116.255, -8.693], [116.246, -8.704], [116.268, -8.706], [116.27, -8.696]]]}}, {"type": "Feature", "properties": {"domain_id": "5206062015", "name": "NARU BARAT"}, "geometry": {"type": "Polygon", "coordinates": [[[118.982, -8.566], [118.986, -8.593], [118.99, -8.587], [118.982, -8.566]]]}}, {"type": "Feature", "properties": {"domain_id": "5202011001", "name": "PRAYA"}, "geometry": {"type": "Polygon", "coordinates": [[[116.285, -8.698], [116.271, -8.696], [116.268, -8.706], [116.281, -8.711], [116.285, -8.698]]]}}, {"type": "Feature", "properties": {"domain_id": "5202011003", "name": "GERUNUNG"}, "geometry": {"type": "Polygon", "coordinates": [[[116.283, -8.679], [116.266, -8.684], [116.27, -8.696], [116.284, -8.694], [116.289, -8.685], [116.283, -8.679]]]}}, {"type": "Feature", "properties": {"domain_id": "5202011005", "name": "PERAPEN"}, "geometry": {"type": "Polygon", "coordinates": [[[116.281, -8.711], [116.268, -8.706], [116.259, -8.716], [116.259, -8.73], [116.267, -8.728], [116.281, -8.711]]]}}, {"type": "Feature", "properties": {"domain_id": "5202011008", "name": "PANJI SARI"}, "geometry": {"type": "Polygon", "coordinates": [[[116.268, -8.706], [116.246, -8.704], [116.258, -8.723], [116.268, -8.706]]]}}, {"type": "Feature", "properties": {"domain_id": "5202011009", "name": "RENTENG"}, "geometry": {"type": "Polygon", "coordinates": [[[116.263, -8.68], [116.256, -8.681], [116.253, -8.695], [116.27, -8.696], [116.263, -8.68]]]}}, {"type": "Feature", "properties": {"domain_id": "5202012014", "name": "BUNUT BAOK"}, "geometry": {"type": "Polygon", "coordinates": [[[116.312, -8.671], [116.296, -8.672], [116.285, -8.698], [116.298, -8.702], [116.311, -8.689], [116.312, -8.671]]]}}, {"type": "Feature", "properties": {"domain_id": "5202012013", "name": "JAGO"}, "geometry": {"type": "Polygon", "coordinates": [[[116.273, -8.646], [116.261, -8.645], [116.268, -8.65], [116.256, -8.672], [116.257, -8.68], [116.264, -8.679], [116.281, -8.658], [116.273, -8.646]]]}}, {"type": "Feature", "properties": {"domain_id": "5202022001", "name": "BAREJULAT"}, "geometry": {"type": "Polygon", "coordinates": [[[116.261, -8.645], [116.248, -8.646], [116.244, -8.668], [116.253, -8.67], [116.263, -8.661], [116.268, -8.649], [116.261, -8.645]]]}}, {"type": "Feature", "properties": {"domain_id": "5202022010", "name": "SUKARARA"}, "geometry": {"type": "Polygon", "coordinates": [[[116.216, -8.693], [116.197, -8.684], [116.198, -8.706], [116.229, -8.713], [116.234, -8.709], [116.23, -8.693], [116.216, -8.693]]]}}, {"type": "Feature", "properties": {"domain_id": "5202022011", "name": "GEMEL"}, "geometry": {"type": "Polygon", "coordinates": [[[116.258, -8.667], [116.244, -8.671], [116.241, -8.681], [116.254, -8.684], [116.258, -8.667]]]}}, {"type": "Feature", "properties": {"domain_id": "5202032002", "name": "SELEBUNG"}, "geometry": {"type": "Polygon", "coordinates": [[[116.334, -8.591], [116.316, -8.592], [116.311, -8.582], [116.304, -8.588], [116.314, -8.61], [116.324, -8.609], [116.334, -8.591]]]}}, {"type": "Feature", "properties": {"domain_id": "5203012013", "name": "SETUNGKEP LINGSAR"}, "geometry": {"type": "Polygon", "coordinates": [[[116.45, -8.73], [116.444, -8.729], [116.445, -8.747], [116.453, -8.747], [116.458, -8.73], [116.45, -8.73]]]}}, {"type": "Feature", "properties": {"domain_id": "5202032003", "name": "PERESAK"}, "geometry": {"type": "Polygon", "coordinates": [[[116.353, -8.617], [116.347, -8.604], [116.331, -8.62], [116.347, -8.631], [116.355, -8.624], [116.353, -8.617]]]}}, {"type": "Feature", "properties": {"domain_id": "5202032008", "name": "BEBER"}, "geometry": {"type": "Polygon", "coordinates": [[[116.3, -8.614], [116.297, -8.606], [116.276, -8.599], [116.267, -8.621], [116.278, -8.63], [116.303, -8.618], [116.3, -8.614]]]}}, {"type": "Feature", "properties": {"domain_id": "5202042004", "name": "TERUWAI"}, "geometry": {"type": "MultiPolygon", "coordinates": [[[[116.322, -8.849], [116.313, -8.86], [116.323, -8.881], [116.323, -8.9], [116.338, -8.903], [116.346, -8.898], [116.351, -8.905], [116.358, -8.905], [116.358, -8.911], [116.378, -8.905], [116.381, -8.91], [116.367, -8.925], [116.373, -8.946], [116.368, -8.954], [116.38, -8.956], [116.39, -8.947], [116.394, -8.953], [116.398, -8.941], [116.394, -8.923], [116.405, -8.899], [116.395, -8.874], [116.372, -8.873], [116.366, -8.867], [116.358, -8.874], [116.34, -8.87], [116.328, -8.863], [116.322, -8.849]]], [[[116.367, -8.953], [116.366, -8.954], [116.366, -8.955], [116.367, -8.953]]], [[[116.368, -8.953], [116.368, -8.952], [116.367, -8.953], [116.368, -8.953]]], [[[116.369, -8.913], [116.371, -8.911], [116.37, -8.909], [116.369, -8.913]]]]}}, {"type": "Feature", "properties": {"domain_id": "5202042006", "name": "KAWO"}, "geometry": {"type": "Polygon", "coordinates": [[[116.312, -8.764], [116.296, -8.765], [116.299, -8.78], [116.328, -8.785], [116.33, -8.767], [116.312, -8.764]]]}}, {"type": "Feature", "properties": {"domain_id": "5202042010", "name": "PENGEMBUR"}, "geometry": {"type": "MultiPolygon", "coordinates": [[[[116.308, -8.814], [116.294, -8.807], [116.292, -8.815], [116.306, -8.831], [116.306, -8.898], [116.322, -8.919], [116.32, -8.912], [116.328, -8.909], [116.33, -8.92], [116.337, -8.916], [116.347, -8.93], [116.351, -8.926], [116.345, -8.91], [116.335, -8.899], [116.322, -8.897], [116.323, -8.881], [116.313, -8.86], [116.319, -8.846], [116.318, -8.824], [116.308, -8.814]]], [[[116.35, -8.932], [116.35, -8.931], [116.349, -8.932], [116.35, -8.932]]], [[[116.33, -8.921], [116.329, -8.92], [116.328, -8.922], [116.33, -8.921]]], [[[116.235, -8.918], [116.235, -8.916], [116.235, -8.917], [116.235, -8.918]]]]}}, {"type": "Feature", "properties": {"domain_id": "5202042015", "name": "KETARA"}, "geometry": {"type": "Polygon", "coordinates": [[[116.281, -8.757], [116.264, -8.759], [116.252, -8.775], [116.257, -8.796], [116.265, -8.796], [116.27, -8.803], [116.276, -8.802], [116.273, -8.785], [116.281, -8.757]]]}}, {"type": "Feature", "properties": {"domain_id": "5202052006", "name": "PENUJAK"}, "geometry": {"type": "Polygon", "coordinates": [[[116.255, -8.742], [116.246, -8.745], [116.226, -8.736], [116.22, -8.753], [116.228, -8.752], [116.253, -8.778], [116.264, -8.759], [116.281, -8.757], [116.276, -8.748], [116.281, -8.74], [116.255, -8.742]]]}}, {"type": "Feature", "properties": {"domain_id": "5202062001", "name": "SUKARAJA"}, "geometry": {"type": "Polygon", "coordinates": [[[116.361, -8.744], [116.361, -8.737], [116.351, -8.734], [116.34, -8.753], [116.353, -8.759], [116.361, -8.744]]]}}, {"type": "Feature", "properties": {"domain_id": "5202052008", "name": "MEKAR SARI"}, "geometry": {"type": "MultiPolygon", "coordinates": [[[[116.186, -8.855], [116.178, -8.859], [116.182, -8.866], [116.176, -8.889], [116.162, -8.908], [116.167, -8.905], [116.174, -8.914], [116.191, -8.911], [116.195, -8.917], [116.202, -8.902], [116.215, -8.902], [116.222, -8.909], [116.223, -8.88], [116.19, -8.87], [116.186, -8.855]]], [[[116.186, -8.914], [116.187, -8.913], [116.186, -8.913], [116.186, -8.914]]], [[[116.201, -8.914], [116.201, -8.913], [116.2, -8.914], [116.201, -8.914]]], [[[116.218, -8.91], [116.217, -8.909], [116.217, -8.91], [116.218, -8.91]]]]}}, {"type": "Feature", "properties": {"domain_id": "5202052010", "name": "TANAK RARANG"}, "geometry": {"type": "Polygon", "coordinates": [[[116.227, -8.764], [116.206, -8.776], [116.196, -8.775], [116.198, -8.782], [116.207, -8.787], [116.22, -8.782], [116.227, -8.764]]]}}, {"type": "Feature", "properties": {"domain_id": "5202072007", "name": "DURIAN"}, "geometry": {"type": "Polygon", "coordinates": [[[116.367, -8.665], [116.36, -8.664], [116.356, -8.677], [116.371, -8.678], [116.372, -8.667], [116.367, -8.665]]]}}, {"type": "Feature", "properties": {"domain_id": "5203012014", "name": "MONTONG BELAE"}, "geometry": {"type": "Polygon", "coordinates": [[[116.505, -8.768], [116.492, -8.769], [116.502, -8.783], [116.505, -8.768]]]}}, {"type": "Feature", "properties": {"domain_id": "5202082007", "name": "PEMEPEK"}, "geometry": {"type": "Polygon", "coordinates": [[[116.295, -8.551], [116.267, -8.564], [116.265, -8.578], [116.243, -8.597], [116.25, -8.598], [116.262, -8.587], [116.288, -8.577], [116.299, -8.556], [116.295, -8.551]]]}}, {"type": "Feature", "properties": {"domain_id": "5202062005", "name": "LANDAH"}, "geometry": {"type": "Polygon", "coordinates": [[[116.388, -8.776], [116.369, -8.78], [116.367, -8.798], [116.381, -8.808], [116.388, -8.776]]]}}, {"type": "Feature", "properties": {"domain_id": "5206082013", "name": "BUMI PAJO"}, "geometry": {"type": "Polygon", "coordinates": [[[118.573, -8.398], [118.572, -8.355], [118.533, -8.379], [118.542, -8.392], [118.541, -8.402], [118.525, -8.428], [118.511, -8.439], [118.511, -8.456], [118.529, -8.454], [118.537, -8.448], [118.539, -8.437], [118.561, -8.427], [118.573, -8.398]]]}}, {"type": "Feature", "properties": {"domain_id": "5202072008", "name": "PENDEM"}, "geometry": {"type": "Polygon", "coordinates": [[[116.38, -8.666], [116.374, -8.663], [116.371, -8.669], [116.379, -8.696], [116.395, -8.684], [116.38, -8.666]]]}}, {"type": "Feature", "properties": {"domain_id": "5202122001", "name": "LANTAN"}, "geometry": {"type": "Polygon", "coordinates": [[[116.321, -8.568], [116.321, -8.561], [116.334, -8.548], [116.328, -8.527], [116.353, -8.496], [116.356, -8.484], [116.349, -8.468], [116.328, -8.502], [116.324, -8.532], [116.301, -8.588], [116.321, -8.568]]]}}, {"type": "Feature", "properties": {"domain_id": "5203012015", "name": "PULAU MARINGKIK"}, "geometry": {"type": "MultiPolygon", "coordinates": [[[[116.533, -8.815], [116.529, -8.816], [116.532, -8.82], [116.533, -8.815]]], [[[116.522, -8.817], [116.521, -8.816], [116.521, -8.817], [116.522, -8.817]]], [[[116.528, -8.806], [116.528, -8.804], [116.527, -8.804], [116.528, -8.806]]]]}}, {"type": "Feature", "properties": {"domain_id": "5202122007", "name": "MAS-MAS"}, "geometry": {"type": "Polygon", "coordinates": [[[116.358, -8.597], [116.359, -8.587], [116.344, -8.592], [116.342, -8.604], [116.349, -8.606], [116.352, -8.617], [116.358, -8.597]]]}}, {"type": "Feature", "properties": {"domain_id": "5202082006", "name": "BILEBANTE"}, "geometry": {"type": "Polygon", "coordinates": [[[116.191, -8.632], [116.202, -8.61], [116.175, -8.622], [116.18, -8.623], [116.181, -8.639], [116.191, -8.632]]]}}, {"type": "Feature", "properties": {"domain_id": "5202082009", "name": "ARJANGKA"}, "geometry": {"type": "Polygon", "coordinates": [[[116.25, -8.61], [116.239, -8.608], [116.233, -8.614], [116.237, -8.618], [116.227, -8.618], [116.227, -8.625], [116.242, -8.625], [116.25, -8.61]]]}}, {"type": "Feature", "properties": {"domain_id": "5202092011", "name": "SEMPARU"}, "geometry": {"type": "Polygon", "coordinates": [[[116.332, -8.651], [116.332, -8.658], [116.341, -8.665], [116.332, -8.651]]]}}, {"type": "Feature", "properties": {"domain_id": "5202102008", "name": "PENGADANG"}, "geometry": {"type": "Polygon", "coordinates": [[[116.339, -8.679], [116.321, -8.68], [116.315, -8.686], [116.318, -8.694], [116.328, -8.701], [116.342, -8.699], [116.339, -8.679]]]}}, {"type": "Feature", "properties": {"domain_id": "5202122005", "name": "TERATAK"}, "geometry": {"type": "Polygon", "coordinates": [[[116.342, -8.566], [116.331, -8.573], [116.321, -8.568], [116.311, -8.581], [116.315, -8.591], [116.334, -8.591], [116.341, -8.585], [116.342, -8.566]]]}}, {"type": "Feature", "properties": {"domain_id": "5203012004", "name": "SEPIT"}, "geometry": {"type": "Polygon", "coordinates": [[[116.464, -8.732], [116.456, -8.731], [116.453, -8.75], [116.47, -8.749], [116.463, -8.741], [116.464, -8.732]]]}}, {"type": "Feature", "properties": {"domain_id": "5203032014", "name": "KALIANYAR"}, "geometry": {"type": "Polygon", "coordinates": [[[116.409, -8.638], [116.399, -8.633], [116.403, -8.642], [116.408, -8.644], [116.409, -8.638]]]}}, {"type": "Feature", "properties": {"domain_id": "5203032006", "name": "SUKADANA"}, "geometry": {"type": "Polygon", "coordinates": [[[116.41, -8.621], [116.397, -8.616], [116.396, -8.631], [116.416, -8.636], [116.417, -8.621], [116.41, -8.621]]]}}, {"type": "Feature", "properties": {"domain_id": "5203032009", "name": "LANDO"}, "geometry": {"type": "Polygon", "coordinates": [[[116.39, -8.592], [116.378, -8.597], [116.377, -8.623], [116.387, -8.624], [116.392, -8.616], [116.39, -8.592]]]}}, {"type": "Feature", "properties": {"domain_id": "5203042002", "name": "SIKUR"}, "geometry": {"type": "Polygon", "coordinates": [[[116.449, -8.63], [116.443, -8.632], [116.444, -8.638], [116.462, -8.64], [116.449, -8.63]]]}}, {"type": "Feature", "properties": {"domain_id": "5203042003", "name": "MONTONG BAAN"}, "geometry": {"type": "Polygon", "coordinates": [[[116.434, -8.634], [116.427, -8.624], [116.413, -8.625], [116.417, -8.639], [116.434, -8.634]]]}}, {"type": "Feature", "properties": {"domain_id": "5203042005", "name": "KOTA RAJA"}, "geometry": {"type": "Polygon", "coordinates": [[[116.424, -8.57], [116.411, -8.57], [116.416, -8.585], [116.41, -8.585], [116.425, -8.601], [116.423, -8.595], [116.429, -8.593], [116.424, -8.57]]]}}, {"type": "Feature", "properties": {"domain_id": "5203042007", "name": "KEMBANG KUNING"}, "geometry": {"type": "Polygon", "coordinates": [[[116.43, -8.546], [116.424, -8.552], [116.425, -8.568], [116.43, -8.546]]]}}, {"type": "Feature", "properties": {"domain_id": "5203042013", "name": "SIKUR SELATAN"}, "geometry": {"type": "Polygon", "coordinates": [[[116.462, -8.64], [116.449, -8.639], [116.456, -8.655], [116.465, -8.658], [116.462, -8.64]]]}}, {"type": "Feature", "properties": {"domain_id": "5203052002", "name": "PAOKMOTONG"}, "geometry": {"type": "Polygon", "coordinates": [[[116.47, -8.622], [116.461, -8.625], [116.45, -8.619], [116.449, -8.63], [116.47, -8.638], [116.483, -8.633], [116.47, -8.622]]]}}, {"type": "Feature", "properties": {"domain_id": "5203052008", "name": "MASBAGIK UTARA BARU"}, "geometry": {"type": "Polygon", "coordinates": [[[116.472, -8.603], [116.464, -8.606], [116.471, -8.614], [116.482, -8.614], [116.472, -8.603]]]}}, {"type": "Feature", "properties": {"domain_id": "5203052005", "name": "MASBAGIK UTARA"}, "geometry": {"type": "Polygon", "coordinates": [[[116.482, -8.614], [116.467, -8.615], [116.474, -8.622], [116.484, -8.618], [116.482, -8.614]]]}}, {"type": "Feature", "properties": {"domain_id": "5203052007", "name": "LENDANG NANGKA"}, "geometry": {"type": "Polygon", "coordinates": [[[116.461, -8.599], [116.453, -8.592], [116.449, -8.573], [116.442, -8.577], [116.443, -8.585], [116.432, -8.589], [116.444, -8.601], [116.461, -8.599]]]}}, {"type": "Feature", "properties": {"domain_id": "5272051001", "name": "MONGGONAO"}, "geometry": {"type": "Polygon", "coordinates": [[[118.74, -8.455], [118.735, -8.458], [118.745, -8.461], [118.74, -8.455]]]}}, {"type": "Feature", "properties": {"domain_id": "5203062004", "name": "DASAN LEKONG"}, "geometry": {"type": "Polygon", "coordinates": [[[116.501, -8.635], [116.49, -8.638], [116.49, -8.644], [116.504, -8.654], [116.513, -8.64], [116.501, -8.635]]]}}, {"type": "Feature", "properties": {"domain_id": "5203062005", "name": "SUKAMULIA"}, "geometry": {"type": "Polygon", "coordinates": [[[116.514, -8.636], [116.505, -8.623], [116.498, -8.627], [116.504, -8.637], [116.513, -8.64], [116.514, -8.636]]]}}, {"type": "Feature", "properties": {"domain_id": "5203062009", "name": "SETANGGOR SELATAN"}, "geometry": {"type": "Polygon", "coordinates": [[[116.488, -8.655], [116.485, -8.649], [116.473, -8.657], [116.484, -8.661], [116.488, -8.655]]]}}, {"type": "Feature", "properties": {"domain_id": "5203071003", "name": "KELAYU SELATAN"}, "geometry": {"type": "Polygon", "coordinates": [[[116.547, -8.655], [116.54, -8.663], [116.553, -8.676], [116.557, -8.662], [116.547, -8.655]]]}}, {"type": "Feature", "properties": {"domain_id": "5203071002", "name": "SELONG"}, "geometry": {"type": "Polygon", "coordinates": [[[116.546, -8.655], [116.531, -8.647], [116.528, -8.655], [116.542, -8.662], [116.546, -8.655]]]}}, {"type": "Feature", "properties": {"domain_id": "5203071007", "name": "RAKAM"}, "geometry": {"type": "Polygon", "coordinates": [[[116.518, -8.666], [116.522, -8.651], [116.513, -8.647], [116.506, -8.653], [116.518, -8.666]]]}}, {"type": "Feature", "properties": {"domain_id": "5203071006", "name": "MAJIDI"}, "geometry": {"type": "Polygon", "coordinates": [[[116.529, -8.65], [116.516, -8.647], [116.522, -8.651], [116.518, -8.666], [116.527, -8.672], [116.529, -8.65]]]}}, {"type": "Feature", "properties": {"domain_id": "5203071010", "name": "KELAYU UTARA"}, "geometry": {"type": "Polygon", "coordinates": [[[116.564, -8.644], [116.558, -8.642], [116.547, -8.655], [116.557, -8.661], [116.564, -8.644]]]}}, {"type": "Feature", "properties": {"domain_id": "5203082002", "name": "APIT AIK"}, "geometry": {"type": "Polygon", "coordinates": [[[116.619, -8.568], [116.599, -8.567], [116.602, -8.577], [116.61, -8.579], [116.619, -8.568]]]}}, {"type": "Feature", "properties": {"domain_id": "5203132002", "name": "TEBABAN"}, "geometry": {"type": "Polygon", "coordinates": [[[116.526, -8.615], [116.521, -8.613], [116.512, -8.622], [116.53, -8.628], [116.535, -8.622], [116.526, -8.615]]]}}, {"type": "Feature", "properties": {"domain_id": "5203082012", "name": "TANAK GADANG"}, "geometry": {"type": "Polygon", "coordinates": [[[116.602, -8.577], [116.589, -8.581], [116.587, -8.589], [116.595, -8.597], [116.602, -8.595], [116.598, -8.59], [116.602, -8.577]]]}}, {"type": "Feature", "properties": {"domain_id": "5203082013", "name": "GUNUNG MALANG"}, "geometry": {"type": "Polygon", "coordinates": [[[116.698, -8.451], [116.666, -8.425], [116.661, -8.436], [116.654, -8.435], [116.619, -8.414], [116.605, -8.413], [116.585, -8.424], [116.599, -8.431], [116.607, -8.444], [116.639, -8.458], [116.666, -8.483], [116.698, -8.451]]]}}, {"type": "Feature", "properties": {"domain_id": "5203082015", "name": "TELAGA WARU"}, "geometry": {"type": "Polygon", "coordinates": [[[116.602, -8.577], [116.601, -8.568], [116.588, -8.571], [116.589, -8.581], [116.602, -8.577]]]}}, {"type": "Feature", "properties": {"domain_id": "5203092020", "name": "BAGIK NYAKA SANTRI"}, "geometry": {"type": "Polygon", "coordinates": [[[116.546, -8.572], [116.539, -8.567], [116.54, -8.573], [116.546, -8.572]]]}}, {"type": "Feature", "properties": {"domain_id": "5204022007", "name": "PADA SUKA"}, "geometry": {"type": "Polygon", "coordinates": [[[117.21, -8.985], [117.197, -8.989], [117.198, -9.019], [117.207, -9.005], [117.22, -9.004], [117.21, -8.985]]]}}, {"type": "Feature", "properties": {"domain_id": "5203092014", "name": "TOYA"}, "geometry": {"type": "Polygon", "coordinates": [[[116.496, -8.447], [116.484, -8.423], [116.466, -8.416], [116.452, -8.423], [116.451, -8.442], [116.475, -8.469], [116.484, -8.525], [116.502, -8.56], [116.52, -8.562], [116.524, -8.557], [116.511, -8.548], [116.496, -8.447]]]}}, {"type": "Feature", "properties": {"domain_id": "5203092023", "name": "AIKMEL TIMUR"}, "geometry": {"type": "Polygon", "coordinates": [[[116.532, -8.553], [116.527, -8.548], [116.524, -8.557], [116.54, -8.573], [116.532, -8.553]]]}}, {"type": "Feature", "properties": {"domain_id": "5203102005", "name": "SUGIAN"}, "geometry": {"type": "MultiPolygon", "coordinates": [[[[116.669, -8.324], [116.653, -8.328], [116.628, -8.35], [116.61, -8.35], [116.561, -8.368], [116.615, -8.366], [116.631, -8.355], [116.681, -8.355], [116.708, -8.345], [116.689, -8.333], [116.693, -8.334], [116.686, -8.324], [116.669, -8.324]]], [[[116.719, -8.31], [116.707, -8.314], [116.71, -8.325], [116.744, -8.345], [116.742, -8.335], [116.719, -8.31]]], [[[116.697, -8.285], [116.69, -8.281], [116.686, -8.291], [116.705, -8.31], [116.712, -8.3], [116.697, -8.285]]]]}}, {"type": "Feature", "properties": {"domain_id": "5203102007", "name": "BAGIK MANIS"}, "geometry": {"type": "Polygon", "coordinates": [[[116.705, -8.364], [116.692, -8.352], [116.631, -8.355], [116.615, -8.366], [116.561, -8.368], [116.588, -8.376], [116.63, -8.368], [116.63, -8.378], [116.646, -8.381], [116.666, -8.38], [116.681, -8.374], [116.682, -8.368], [116.697, -8.374], [116.697, -8.369], [116.709, -8.37], [116.705, -8.364]]]}}, {"type": "Feature", "properties": {"domain_id": "5203102011", "name": "PADAK GUAR"}, "geometry": {"type": "Polygon", "coordinates": [[[116.709, -8.402], [116.585, -8.403], [116.574, -8.405], [116.577, -8.413], [116.571, -8.421], [116.585, -8.424], [116.6, -8.413], [116.619, -8.414], [116.661, -8.436], [116.666, -8.425], [116.698, -8.451], [116.711, -8.442], [116.714, -8.408], [116.709, -8.402]]]}}, {"type": "Feature", "properties": {"domain_id": "5203112003", "name": "KILANG"}, "geometry": {"type": "Polygon", "coordinates": [[[116.41, -8.621], [116.404, -8.605], [116.391, -8.603], [116.392, -8.616], [116.41, -8.621]]]}}, {"type": "Feature", "properties": {"domain_id": "5203122001", "name": "REMPUNG"}, "geometry": {"type": "Polygon", "coordinates": [[[116.499, -8.604], [116.483, -8.601], [116.495, -8.621], [116.505, -8.613], [116.499, -8.604]]]}}, {"type": "Feature", "properties": {"domain_id": "5203112008", "name": "LENDANG BELO"}, "geometry": {"type": "Polygon", "coordinates": [[[116.393, -8.581], [116.388, -8.582], [116.389, -8.605], [116.399, -8.592], [116.393, -8.581]]]}}, {"type": "Feature", "properties": {"domain_id": "5203132015", "name": "PAOK LOMBOK"}, "geometry": {"type": "Polygon", "coordinates": [[[116.536, -8.609], [116.529, -8.601], [116.524, -8.605], [116.53, -8.62], [116.536, -8.609]]]}}, {"type": "Feature", "properties": {"domain_id": "5205011003", "name": "POTU"}, "geometry": {"type": "Polygon", "coordinates": [[[118.487, -8.537], [118.458, -8.54], [118.481, -8.546], [118.487, -8.537]]]}}, {"type": "Feature", "properties": {"domain_id": "5203132007", "name": "TUMBUH MULIA"}, "geometry": {"type": "Polygon", "coordinates": [[[116.551, -8.606], [116.54, -8.602], [116.536, -8.609], [116.552, -8.615], [116.551, -8.606]]]}}, {"type": "Feature", "properties": {"domain_id": "5203132012", "name": "WARINGIN"}, "geometry": {"type": "Polygon", "coordinates": [[[116.552, -8.624], [116.548, -8.631], [116.565, -8.644], [116.564, -8.63], [116.552, -8.624]]]}}, {"type": "Feature", "properties": {"domain_id": "5203132011", "name": "BAGIK PAYUNG TIMUR"}, "geometry": {"type": "Polygon", "coordinates": [[[116.585, -8.628], [116.564, -8.628], [116.566, -8.642], [116.589, -8.639], [116.585, -8.628]]]}}, {"type": "Feature", "properties": {"domain_id": "5203142003", "name": "WANASABA"}, "geometry": {"type": "Polygon", "coordinates": [[[116.571, -8.574], [116.578, -8.562], [116.57, -8.557], [116.559, -8.566], [116.571, -8.574]]]}}, {"type": "Feature", "properties": {"domain_id": "5203142012", "name": "JINENG"}, "geometry": {"type": "Polygon", "coordinates": [[[116.546, -8.521], [116.539, -8.52], [116.551, -8.534], [116.546, -8.521]]]}}, {"type": "Feature", "properties": {"domain_id": "5203142011", "name": "OTAK RARANGAN"}, "geometry": {"type": "Polygon", "coordinates": [[[116.561, -8.527], [116.55, -8.531], [116.553, -8.539], [116.564, -8.535], [116.561, -8.527]]]}}, {"type": "Feature", "properties": {"domain_id": "5203152001", "name": "SEMBALUN BUMBUNG"}, "geometry": {"type": "Polygon", "coordinates": [[[116.561, -8.368], [116.533, -8.378], [116.507, -8.409], [116.531, -8.424], [116.546, -8.418], [116.555, -8.427], [116.569, -8.425], [116.577, -8.411], [116.561, -8.368]]]}}, {"type": "Feature", "properties": {"domain_id": "5203142014", "name": "KARANG BARU TIMUR"}, "geometry": {"type": "Polygon", "coordinates": [[[116.552, -8.533], [116.546, -8.534], [116.552, -8.544], [116.552, -8.533]]]}}, {"type": "Feature", "properties": {"domain_id": "5203152003", "name": "SAJANG"}, "geometry": {"type": "Polygon", "coordinates": [[[116.512, -8.303], [116.473, -8.303], [116.467, -8.331], [116.42, -8.391], [116.442, -8.384], [116.471, -8.362], [116.485, -8.36], [116.496, -8.368], [116.508, -8.345], [116.517, -8.341], [116.53, -8.342], [116.535, -8.35], [116.542, -8.344], [116.538, -8.336], [116.519, -8.329], [116.512, -8.303]]]}}, {"type": "Feature", "properties": {"domain_id": "5203171012", "name": "GERES"}, "geometry": {"type": "Polygon", "coordinates": [[[116.58, -8.643], [116.564, -8.644], [116.564, -8.661], [116.597, -8.659], [116.58, -8.643]]]}}, {"type": "Feature", "properties": {"domain_id": "5203172003", "name": "TEROS"}, "geometry": {"type": "Polygon", "coordinates": [[[116.557, -8.662], [116.552, -8.671], [116.556, -8.675], [116.562, -8.668], [116.557, -8.662]]]}}, {"type": "Feature", "properties": {"domain_id": "5203172010", "name": "BANJARSARI"}, "geometry": {"type": "Polygon", "coordinates": [[[116.565, -8.671], [116.562, -8.667], [116.554, -8.678], [116.564, -8.687], [116.572, -8.684], [116.565, -8.671]]]}}, {"type": "Feature", "properties": {"domain_id": "5203192017", "name": "TANAK KAKEN"}, "geometry": {"type": "Polygon", "coordinates": [[[116.47, -8.7], [116.456, -8.695], [116.454, -8.705], [116.47, -8.7]]]}}, {"type": "Feature", "properties": {"domain_id": "5203192013", "name": "MENGKURU"}, "geometry": {"type": "Polygon", "coordinates": [[[116.481, -8.703], [116.479, -8.698], [116.47, -8.7], [116.468, -8.709], [116.475, -8.71], [116.481, -8.703]]]}}, {"type": "Feature", "properties": {"domain_id": "5205011005", "name": "DORA TANGGA"}, "geometry": {"type": "Polygon", "coordinates": [[[118.475, -8.534], [118.466, -8.526], [118.466, -8.538], [118.475, -8.534]]]}}, {"type": "Feature", "properties": {"domain_id": "5203202011", "name": "SERIWE"}, "geometry": {"type": "MultiPolygon", "coordinates": [[[[116.481, -8.878], [116.474, -8.879], [116.473, -8.921], [116.499, -8.909], [116.51, -8.884], [116.481, -8.878]]], [[[116.499, -8.927], [116.497, -8.928], [116.498, -8.928], [116.499, -8.927]]]]}}, {"type": "Feature", "properties": {"domain_id": "5203202005", "name": "SEKAROH"}, "geometry": {"type": "MultiPolygon", "coordinates": [[[[116.523, -8.826], [116.531, -8.833], [116.52, -8.832], [116.533, -8.838], [116.517, -8.839], [116.515, -8.832], [116.519, -8.845], [116.505, -8.841], [116.51, -8.856], [116.492, -8.856], [116.489, -8.868], [116.493, -8.883], [116.51, -8.882], [116.511, -8.87], [116.513, -8.88], [116.523, -8.886], [116.516, -8.897], [116.528, -8.899], [116.522, -8.908], [116.509, -8.912], [116.511, -8.916], [116.542, -8.899], [116.571, -8.892], [116.575, -8.872], [116.586, -8.871], [116.585, -8.865], [116.595, -8.862], [116.576, -8.858], [116.566, -8.868], [116.561, -8.864], [116.564, -8.853], [116.558, -8.859], [116.543, -8.857], [116.549, -8.865], [116.542, -8.869], [116.542, -8.863], [116.533, -8.859], [116.542, -8.852], [116.532, -8.847], [116.545, -8.847], [116.537, -8.841], [116.541, -8.833], [116.523, -8.826]]], [[[116.561, -8.899], [116.561, -8.898], [116.56, -8.899], [116.561, -8.899]]], [[[116.571, -8.855], [116.571, -8.856], [116.572, -8.856], [116.571, -8.855]]], [[[116.571, -8.854], [116.571, -8.855], [116.572, -8.855], [116.571, -8.854]]], [[[116.552, -8.854], [116.549, -8.85], [116.55, -8.854], [116.552, -8.854]]], [[[116.511, -8.839], [116.51, -8.837], [116.509, -8.839], [116.511, -8.839]]], [[[116.507, -8.837], [116.508, -8.836], [116.507, -8.836], [116.507, -8.837]]]]}}, {"type": "Feature", "properties": {"domain_id": "5271021002", "name": "MATARAM TIMUR"}, "geometry": {"type": "Polygon", "coordinates": [[[116.117, -8.588], [116.108, -8.585], [116.108, -8.595], [116.117, -8.588]]]}}, {"type": "Feature", "properties": {"domain_id": "5203202008", "name": "KWANG RUNDUN"}, "geometry": {"type": "Polygon", "coordinates": [[[116.473, -8.889], [116.449, -8.893], [116.448, -8.899], [116.455, -8.904], [116.449, -8.913], [116.473, -8.921], [116.473, -8.889]]]}}, {"type": "Feature", "properties": {"domain_id": "5203202013", "name": "BATUNAMPAR SELATAN"}, "geometry": {"type": "MultiPolygon", "coordinates": [[[[116.405, -8.836], [116.399, -8.838], [116.404, -8.866], [116.411, -8.842], [116.405, -8.836]]], [[[116.416, -8.852], [116.416, -8.85], [116.415, -8.852], [116.416, -8.852]]]]}}, {"type": "Feature", "properties": {"domain_id": "5203212004", "name": "LENEK BARU"}, "geometry": {"type": "Polygon", "coordinates": [[[116.557, -8.606], [116.551, -8.606], [116.576, -8.621], [116.583, -8.612], [116.557, -8.606]]]}}, {"type": "Feature", "properties": {"domain_id": "5204022010", "name": "EMANG LESTARI"}, "geometry": {"type": "MultiPolygon", "coordinates": [[[[117.135, -8.95], [117.097, -8.964], [117.087, -8.976], [117.07, -8.974], [117.062, -9.013], [117.067, -9.042], [117.059, -9.043], [117.054, -9.053], [117.059, -9.056], [117.052, -9.062], [117.056, -9.065], [117.048, -9.071], [117.04, -9.101], [117.057, -9.104], [117.066, -9.098], [117.135, -9.084], [117.134, -9.071], [117.163, -9.049], [117.175, -9.025], [117.198, -9.019], [117.197, -8.992], [117.184, -8.986], [117.173, -8.996], [117.16, -8.983], [117.134, -8.973], [117.135, -8.95]]]]}}, {"type": "Feature", "properties": {"domain_id": "5204092005", "name": "POTO"}, "geometry": {"type": "Polygon", "coordinates": [[[117.495, -8.492], [117.457, -8.495], [117.449, -8.516], [117.473, -8.521], [117.488, -8.509], [117.495, -8.492]]]}}, {"type": "Feature", "properties": {"domain_id": "5204062003", "name": "PUKAT"}, "geometry": {"type": "MultiPolygon", "coordinates": [[[[117.111, -8.378], [117.089, -8.397], [117.094, -8.409], [117.109, -8.412], [117.118, -8.405], [117.115, -8.377], [117.111, -8.378]]], [[[117.112, -8.371], [117.107, -8.376], [117.115, -8.377], [117.112, -8.371]]]]}}, {"type": "Feature", "properties": {"domain_id": "5204052007", "name": "PULAU BUNGIN"}, "geometry": {"type": "Polygon", "coordinates": [[[116.991, -8.476], [116.99, -8.477], [116.997, -8.478], [116.991, -8.476]]]}}, {"type": "Feature", "properties": {"domain_id": "5204062005", "name": "JOROK"}, "geometry": {"type": "Polygon", "coordinates": [[[117.141, -8.381], [117.136, -8.381], [117.138, -8.401], [117.129, -8.414], [117.154, -8.407], [117.158, -8.4], [117.157, -8.395], [117.143, -8.394], [117.141, -8.381]]]}}, {"type": "Feature", "properties": {"domain_id": "5206022014", "name": "DARUSSALAM"}, "geometry": {"type": "Polygon", "coordinates": [[[118.664, -8.5], [118.65, -8.502], [118.649, -8.512], [118.663, -8.512], [118.664, -8.5]]]}}, {"type": "Feature", "properties": {"domain_id": "5204062007", "name": "TENGAH"}, "geometry": {"type": "Polygon", "coordinates": [[[117.123, -8.461], [117.134, -8.414], [117.103, -8.425], [117.109, -8.459], [117.123, -8.461]]]}}, {"type": "Feature", "properties": {"domain_id": "5204062002", "name": "LABUHAN BAJO"}, "geometry": {"type": "MultiPolygon", "coordinates": [[[[117.105, -8.409], [117.096, -8.41], [117.097, -8.415], [117.104, -8.419], [117.109, -8.412], [117.105, -8.409]], [[117.088, -8.403], [117.089, -8.397], [117.091, -8.41], [117.088, -8.403]]], [[[117.075, -8.391], [117.075, -8.389], [117.073, -8.39], [117.075, -8.391]]], [[[117.081, -8.371], [117.071, -8.373], [117.078, -8.378], [117.081, -8.371]]]]}}, {"type": "Feature", "properties": {"domain_id": "5204081005", "name": "BUGIS"}, "geometry": {"type": "Polygon", "coordinates": [[[117.425, -8.497], [117.417, -8.49], [117.419, -8.498], [117.425, -8.497]]]}}, {"type": "Feature", "properties": {"domain_id": "5204081006", "name": "LEMPEH"}, "geometry": {"type": "Polygon", "coordinates": [[[117.417, -8.49], [117.411, -8.475], [117.4, -8.478], [117.403, -8.492], [117.416, -8.497], [117.417, -8.49]]]}}, {"type": "Feature", "properties": {"domain_id": "5204072003", "name": "BAO DESA"}, "geometry": {"type": "Polygon", "coordinates": [[[117.126, -8.578], [117.104, -8.576], [117.116, -8.626], [117.139, -8.652], [117.161, -8.659], [117.17, -8.646], [117.137, -8.594], [117.13, -8.594], [117.126, -8.578]]]}}, {"type": "Feature", "properties": {"domain_id": "5204081002", "name": "BRANG BARA"}, "geometry": {"type": "Polygon", "coordinates": [[[117.426, -8.498], [117.416, -8.497], [117.416, -8.511], [117.427, -8.507], [117.426, -8.498]]]}}, {"type": "Feature", "properties": {"domain_id": "5204092003", "name": "NGERU"}, "geometry": {"type": "Polygon", "coordinates": [[[117.55, -8.508], [117.542, -8.479], [117.501, -8.506], [117.51, -8.523], [117.541, -8.531], [117.547, -8.541], [117.553, -8.533], [117.55, -8.508]]]}}, {"type": "Feature", "properties": {"domain_id": "5204092014", "name": "LABUHAN IJUK"}, "geometry": {"type": "MultiPolygon", "coordinates": [[[[117.567, -8.46], [117.566, -8.448], [117.561, -8.459], [117.54, -8.473], [117.55, -8.508], [117.563, -8.497], [117.571, -8.502], [117.564, -8.479], [117.569, -8.473], [117.56, -8.464], [117.567, -8.46]]], [[[117.59, -8.426], [117.584, -8.426], [117.574, -8.442], [117.58, -8.447], [117.575, -8.451], [117.578, -8.461], [117.585, -8.466], [117.577, -8.467], [117.581, -8.482], [117.589, -8.487], [117.601, -8.473], [117.591, -8.473], [117.591, -8.444], [117.581, -8.447], [117.582, -8.436], [117.602, -8.435], [117.6, -8.427], [117.596, -8.434], [117.584, -8.435], [117.592, -8.43], [117.59, -8.426]]]]}}, {"type": "Feature", "properties": {"domain_id": "5204232005", "name": "BARU TAHAN"}, "geometry": {"type": "Polygon", "coordinates": [[[117.482, -8.427], [117.476, -8.429], [117.479, -8.434], [117.47, -8.447], [117.473, -8.479], [117.48, -8.474], [117.478, -8.452], [117.487, -8.431], [117.482, -8.427]]]}}, {"type": "Feature", "properties": {"domain_id": "5204102004", "name": "BATU TERING"}, "geometry": {"type": "Polygon", "coordinates": [[[117.481, -8.705], [117.5, -8.672], [117.486, -8.652], [117.491, -8.633], [117.485, -8.633], [117.484, -8.623], [117.465, -8.659], [117.466, -8.675], [117.448, -8.696], [117.448, -8.704], [117.481, -8.705]]]}}, {"type": "Feature", "properties": {"domain_id": "5204112008", "name": "ROPANG"}, "geometry": {"type": "MultiPolygon", "coordinates": [[[[117.499, -8.823], [117.491, -8.81], [117.42, -8.84], [117.424, -8.851], [117.403, -8.879], [117.388, -8.922], [117.39, -8.96], [117.382, -8.975], [117.391, -8.999], [117.384, -9.015], [117.386, -9.053], [117.411, -9.049], [117.44, -9.036], [117.424, -9.001], [117.427, -8.979], [117.447, -8.944], [117.446, -8.937], [117.43, -8.932], [117.431, -8.919], [117.425, -8.911], [117.43, -8.884], [117.453, -8.887], [117.456, -8.875], [117.474, -8.88], [117.497, -8.874], [117.5, -8.843], [117.513, -8.837], [117.509, -8.826], [117.499, -8.823]]]]}}, {"type": "Feature", "properties": {"domain_id": "5204122005", "name": "LABUHAN KURIS"}, "geometry": {"type": "MultiPolygon", "coordinates": [[[[117.627, -8.502], [117.601, -8.521], [117.6, -8.558], [117.606, -8.564], [117.6, -8.581], [117.616, -8.601], [117.621, -8.594], [117.641, -8.596], [117.664, -8.63], [117.678, -8.607], [117.683, -8.613], [117.683, -8.606], [117.705, -8.601], [117.715, -8.568], [117.7, -8.564], [117.689, -8.578], [117.685, -8.571], [117.653, -8.564], [117.644, -8.556], [117.634, -8.563], [117.631, -8.536], [117.623, -8.538], [117.635, -8.521], [117.628, -8.517], [117.627, -8.502]]], [[[117.712, -8.565], [117.713, -8.563], [117.712, -8.563], [117.712, -8.565]]], [[[117.699, -8.546], [117.699, -8.544], [117.698, -8.546], [117.699, -8.546]]], [[[117.694, -8.526], [117.694, -8.524], [117.694, -8.525], [117.694, -8.526]]], [[[117.662, -8.523], [117.662, -8.522], [117.661, -8.523], [117.662, -8.523]]], [[[117.637, -8.519], [117.636, -8.52], [117.638, -8.52], [117.637, -8.519]]], [[[117.75, -8.504], [117.748, -8.505], [117.749, -8.506], [117.75, -8.504]]], [[[117.632, -8.508], [117.632, -8.502], [117.629, -8.508], [117.632, -8.508]]], [[[117.638, -8.505], [117.641, -8.501], [117.638, -8.498], [117.638, -8.505]]], [[[117.752, -8.493], [117.752, -8.492], [117.751, -8.492], [117.752, -8.493]]], [[[117.762, -8.489], [117.761, -8.489], [117.763, -8.49], [117.762, -8.489]]], [[[117.728, -8.478], [117.725, -8.473], [117.715, -8.478], [117.701, -8.495], [117.714, -8.513], [117.71, -8.52], [117.714, -8.535], [117.732, -8.549], [117.733, -8.559], [117.751, -8.54], [117.735, -8.519], [117.747, -8.503], [117.742, -8.498], [117.738, -8.506], [117.732, -8.501], [117.728, -8.478]]], [[[117.678, -8.467], [117.676, -8.467], [117.677, -8.468], [117.678, -8.467]]], [[[117.653, -8.448], [117.65, -8.471], [117.641, -8.476], [117.65, -8.487], [117.639, -8.487], [117.644, -8.496], [117.636, -8.509], [117.651, -8.533], [117.654, -8.521], [117.661, -8.517], [117.663, -8.522], [117.667, -8.514], [117.672, -8.523], [117.68, -8.522], [117.678, -8.514], [117.671, -8.513], [117.678, -8.503], [117.668, -8.476], [117.674, -8.466], [117.667, -8.454], [117.653, -8.448]]], [[[117.661, -8.434], [117.664, -8.423], [117.658, -8.419], [117.642, -8.439], [117.661, -8.434]]]]}}, {"type": "Feature", "properties": {"domain_id": "5204132012", "name": "SELANTEH"}, "geometry": {"type": "Polygon", "coordinates": [[[117.734, -8.804], [117.714, -8.802], [117.704, -8.811], [117.705, -8.823], [117.687, -8.818], [117.653, -8.87], [117.685, -8.852], [117.705, -8.852], [117.771, -8.859], [117.788, -8.876], [117.831, -8.873], [117.815, -8.862], [117.803, -8.868], [117.803, -8.856], [117.794, -8.852], [117.799, -8.844], [117.814, -8.842], [117.786, -8.806], [117.734, -8.804]]]}}, {"type": "Feature", "properties": {"domain_id": "5204132013", "name": "BRANG KOLONG"}, "geometry": {"type": "Polygon", "coordinates": [[[117.794, -8.721], [117.773, -8.712], [117.773, -8.684], [117.765, -8.672], [117.725, -8.689], [117.716, -8.704], [117.739, -8.716], [117.76, -8.716], [117.774, -8.747], [117.8, -8.747], [117.794, -8.739], [117.794, -8.721]]]}}, {"type": "Feature", "properties": {"domain_id": "5204132004", "name": "PLAMPANG"}, "geometry": {"type": "MultiPolygon", "coordinates": [[[[117.894, -8.849], [117.866, -8.827], [117.837, -8.842], [117.834, -8.854], [117.823, -8.852], [117.815, -8.86], [117.841, -8.89], [117.84, -8.912], [117.834, -8.918], [117.838, -8.932], [117.853, -8.926], [117.873, -8.942], [117.889, -8.94], [117.896, -8.923], [117.902, -8.92], [117.893, -8.891], [117.9, -8.848], [117.894, -8.849]]], [[[117.797, -8.718], [117.794, -8.739], [117.8, -8.747], [117.771, -8.746], [117.755, -8.77], [117.765, -8.78], [117.762, -8.785], [117.767, -8.781], [117.781, -8.8], [117.815, -8.782], [117.803, -8.738], [117.807, -8.727], [117.797, -8.718]]]]}}, {"type": "Feature", "properties": {"domain_id": "5271021010", "name": "PAGESANGAN TIMUR"}, "geometry": {"type": "Polygon", "coordinates": [[[116.113, -8.594], [116.101, -8.595], [116.108, -8.604], [116.119, -8.604], [116.113, -8.594]]]}}, {"type": "Feature", "properties": {"domain_id": "5204132007", "name": "SEPAKAT"}, "geometry": {"type": "Polygon", "coordinates": [[[117.798, -8.792], [117.778, -8.799], [117.767, -8.781], [117.753, -8.801], [117.734, -8.804], [117.786, -8.806], [117.801, -8.824], [117.807, -8.82], [117.806, -8.789], [117.798, -8.792]]]}}, {"type": "Feature", "properties": {"domain_id": "5204142002", "name": "JOTANG"}, "geometry": {"type": "Polygon", "coordinates": [[[118.113, -8.811], [118.088, -8.78], [118.028, -8.76], [118.023, -8.768], [118.008, -8.769], [118.023, -8.78], [118.045, -8.855], [118.07, -8.841], [118.089, -8.846], [118.087, -8.841], [118.102, -8.818], [118.113, -8.811]]]}}, {"type": "Feature", "properties": {"domain_id": "5204222005", "name": "KERATO"}, "geometry": {"type": "Polygon", "coordinates": [[[117.418, -8.504], [117.409, -8.497], [117.397, -8.505], [117.39, -8.524], [117.4, -8.526], [117.418, -8.504]]]}}, {"type": "Feature", "properties": {"domain_id": "5204142004", "name": "EMPANG BAWA"}, "geometry": {"type": "Polygon", "coordinates": [[[118.009, -8.747], [118.0, -8.748], [118.002, -8.761], [117.991, -8.764], [118.005, -8.768], [118.017, -8.75], [118.009, -8.747]]]}}, {"type": "Feature", "properties": {"domain_id": "5204142005", "name": "ONGKO"}, "geometry": {"type": "Polygon", "coordinates": [[[118.096, -8.706], [118.036, -8.735], [118.028, -8.76], [118.09, -8.781], [118.114, -8.811], [118.133, -8.763], [118.13, -8.752], [118.143, -8.719], [118.136, -8.709], [118.125, -8.712], [118.096, -8.706]]]}}, {"type": "Feature", "properties": {"domain_id": "5204222007", "name": "UMA BERINGIN"}, "geometry": {"type": "Polygon", "coordinates": [[[117.416, -8.497], [117.408, -8.494], [117.419, -8.504], [117.416, -8.497]]]}}, {"type": "Feature", "properties": {"domain_id": "5204142015", "name": "BUNGA EJA"}, "geometry": {"type": "Polygon", "coordinates": [[[117.994, -8.745], [117.982, -8.748], [117.991, -8.764], [118.002, -8.761], [118.004, -8.751], [117.994, -8.745]]]}}, {"type": "Feature", "properties": {"domain_id": "5204142016", "name": "JOTANG BERU"}, "geometry": {"type": "Polygon", "coordinates": [[[118.045, -8.855], [118.023, -8.78], [118.008, -8.771], [118.004, -8.856], [118.045, -8.855]]]}}, {"type": "Feature", "properties": {"domain_id": "5204182004", "name": "LABUHAN AJI"}, "geometry": {"type": "Polygon", "coordinates": [[[117.538, -8.155], [117.516, -8.161], [117.481, -8.189], [117.479, -8.208], [117.488, -8.228], [117.479, -8.257], [117.496, -8.261], [117.508, -8.273], [117.493, -8.317], [117.476, -8.332], [117.47, -8.355], [117.528, -8.39], [117.57, -8.335], [117.586, -8.282], [117.607, -8.264], [117.61, -8.238], [117.69, -8.181], [117.626, -8.18], [117.575, -8.186], [117.56, -8.18], [117.555, -8.169], [117.54, -8.17], [117.538, -8.155]]]}}, {"type": "Feature", "properties": {"domain_id": "5204182003", "name": "LABUHAN SUMBAWA"}, "geometry": {"type": "Polygon", "coordinates": [[[117.411, -8.475], [117.406, -8.463], [117.391, -8.475], [117.401, -8.482], [117.411, -8.475]]]}}, {"type": "Feature", "properties": {"domain_id": "5271021012", "name": "PUNIA"}, "geometry": {"type": "Polygon", "coordinates": [[[116.108, -8.588], [116.1, -8.588], [116.101, -8.595], [116.108, -8.595], [116.108, -8.588]]]}}, {"type": "Feature", "properties": {"domain_id": "5204192003", "name": "SUKA MULYA"}, "geometry": {"type": "Polygon", "coordinates": [[[117.831, -8.873], [117.788, -8.876], [117.771, -8.859], [117.775, -8.886], [117.796, -8.906], [117.817, -8.899], [117.832, -8.919], [117.842, -8.904], [117.837, -8.897], [117.841, -8.89], [117.831, -8.873]]]}}, {"type": "Feature", "properties": {"domain_id": "5204202003", "name": "KALABESO"}, "geometry": {"type": "Polygon", "coordinates": [[[117.065, -8.435], [117.045, -8.443], [117.047, -8.458], [117.035, -8.469], [117.045, -8.486], [117.072, -8.477], [117.058, -8.45], [117.067, -8.443], [117.065, -8.435]]]}}, {"type": "Feature", "properties": {"domain_id": "5204202005", "name": "PULAU KAUNG"}, "geometry": {"type": "Polygon", "coordinates": [[[117.015, -8.466], [117.008, -8.46], [117.01, -8.465], [117.015, -8.466]]]}}, {"type": "Feature", "properties": {"domain_id": "5204202004", "name": "LABUHAN BURUNG"}, "geometry": {"type": "MultiPolygon", "coordinates": [[[[117.047, -8.379], [117.031, -8.386], [117.022, -8.407], [117.0, -8.413], [116.992, -8.403], [116.977, -8.431], [117.004, -8.432], [116.995, -8.426], [116.999, -8.421], [116.99, -8.423], [116.992, -8.416], [117.001, -8.422], [117.014, -8.416], [117.024, -8.418], [117.024, -8.409], [117.034, -8.412], [117.044, -8.402], [117.047, -8.379]]], [[[117.046, -8.445], [117.035, -8.444], [117.032, -8.455], [117.038, -8.467], [117.047, -8.458], [117.046, -8.445]]], [[[116.992, -8.421], [116.992, -8.42], [116.991, -8.421], [116.992, -8.421]]], [[[117.055, -8.375], [117.05, -8.378], [117.056, -8.381], [117.059, -8.378], [117.055, -8.375]]]]}}, {"type": "Feature", "properties": {"domain_id": "5204212003", "name": "LUK"}, "geometry": {"type": "Polygon", "coordinates": [[[117.316, -8.44], [117.309, -8.435], [117.305, -8.441], [117.306, -8.432], [117.283, -8.426], [117.268, -8.439], [117.258, -8.481], [117.235, -8.485], [117.241, -8.492], [117.233, -8.507], [117.27, -8.531], [117.279, -8.552], [117.296, -8.546], [117.292, -8.519], [117.308, -8.485], [117.316, -8.44]]]}}, {"type": "Feature", "properties": {"domain_id": "5204232004", "name": "KUKIN"}, "geometry": {"type": "Polygon", "coordinates": [[[117.532, -8.409], [117.49, -8.413], [117.478, -8.452], [117.482, -8.465], [117.51, -8.449], [117.533, -8.422], [117.532, -8.409]]]}}, {"type": "Feature", "properties": {"domain_id": "5204252008", "name": "LABUHAN PIDANG"}, "geometry": {"type": "MultiPolygon", "coordinates": [[[[118.142, -8.651], [118.125, -8.648], [118.123, -8.658], [118.116, -8.651], [118.11, -8.657], [118.088, -8.652], [118.082, -8.659], [118.069, -8.658], [118.075, -8.674], [118.131, -8.712], [118.187, -8.708], [118.177, -8.689], [118.176, -8.655], [118.173, -8.661], [118.166, -8.652], [118.155, -8.651], [118.154, -8.656], [118.149, -8.65], [118.145, -8.656], [118.142, -8.651]]], [[[118.139, -8.648], [118.137, -8.647], [118.138, -8.648], [118.139, -8.648]]]]}}, {"type": "Feature", "properties": {"domain_id": "5272051002", "name": "SADIA"}, "geometry": {"type": "Polygon", "coordinates": [[[118.745, -8.461], [118.734, -8.469], [118.736, -8.475], [118.745, -8.461]]]}}, {"type": "Feature", "properties": {"domain_id": "5206062018", "name": "OI MACI"}, "geometry": {"type": "MultiPolygon", "coordinates": [[[[119.009, -8.564], [119.004, -8.569], [119.013, -8.57], [119.009, -8.564]]], [[[118.987, -8.568], [119.001, -8.576], [118.995, -8.569], [118.987, -8.568]]]]}}, {"type": "Feature", "properties": {"domain_id": "5204262005", "name": "MAMA"}, "geometry": {"type": "Polygon", "coordinates": [[[117.593, -8.657], [117.587, -8.651], [117.564, -8.652], [117.567, -8.642], [117.547, -8.646], [117.552, -8.672], [117.576, -8.728], [117.589, -8.728], [117.608, -8.712], [117.593, -8.683], [117.593, -8.657]]]}}, {"type": "Feature", "properties": {"domain_id": "5205012008", "name": "KATUA"}, "geometry": {"type": "Polygon", "coordinates": [[[118.506, -8.489], [118.491, -8.503], [118.482, -8.498], [118.486, -8.519], [118.507, -8.535], [118.514, -8.506], [118.506, -8.489]]]}}, {"type": "Feature", "properties": {"domain_id": "5204262007", "name": "TATEDE"}, "geometry": {"type": "Polygon", "coordinates": [[[117.536, -8.623], [117.527, -8.625], [117.518, -8.618], [117.512, -8.626], [117.523, -8.626], [117.536, -8.64], [117.533, -8.647], [117.547, -8.651], [117.552, -8.628], [117.536, -8.623]]]}}, {"type": "Feature", "properties": {"domain_id": "5205012014", "name": "MANGGEASI"}, "geometry": {"type": "Polygon", "coordinates": [[[118.486, -8.519], [118.471, -8.515], [118.466, -8.526], [118.475, -8.534], [118.492, -8.533], [118.486, -8.519]]]}}, {"type": "Feature", "properties": {"domain_id": "5206042006", "name": "RUNGGU"}, "geometry": {"type": "Polygon", "coordinates": [[[118.704, -8.572], [118.7, -8.584], [118.719, -8.588], [118.72, -8.582], [118.707, -8.582], [118.704, -8.572]]]}}, {"type": "Feature", "properties": {"domain_id": "5204282003", "name": "MUNGKIN"}, "geometry": {"type": "Polygon", "coordinates": [[[117.161, -8.709], [117.086, -8.7], [117.09, -8.706], [117.079, -8.729], [117.09, -8.761], [117.074, -8.767], [117.054, -8.786], [117.053, -8.795], [117.041, -8.791], [117.035, -8.8], [117.061, -8.805], [117.097, -8.837], [117.082, -8.836], [117.074, -8.858], [117.092, -8.858], [117.134, -8.838], [117.158, -8.807], [117.143, -8.75], [117.16, -8.734], [117.161, -8.709]]]}}, {"type": "Feature", "properties": {"domain_id": "5206072007", "name": "SANGIANG"}, "geometry": {"type": "MultiPolygon", "coordinates": [[[[119.068, -8.131], [119.054, -8.127], [119.035, -8.137], [119.012, -8.154], [119.0, -8.179], [119.001, -8.231], [119.012, -8.247], [119.043, -8.261], [119.089, -8.251], [119.096, -8.237], [119.115, -8.224], [119.123, -8.199], [119.113, -8.157], [119.089, -8.133], [119.068, -8.131]]], [[[118.941, -8.294], [118.93, -8.299], [118.958, -8.312], [118.962, -8.309], [118.962, -8.302], [118.941, -8.294]]]]}}, {"type": "Feature", "properties": {"domain_id": "5206072006", "name": "WORA"}, "geometry": {"type": "Polygon", "coordinates": [[[118.906, -8.322], [118.889, -8.32], [118.885, -8.329], [118.859, -8.337], [118.866, -8.387], [118.89, -8.383], [118.893, -8.338], [118.906, -8.322]]]}}, {"type": "Feature", "properties": {"domain_id": "5205012011", "name": "DORE BARA"}, "geometry": {"type": "Polygon", "coordinates": [[[118.481, -8.561], [118.475, -8.551], [118.457, -8.559], [118.454, -8.575], [118.443, -8.579], [118.449, -8.593], [118.456, -8.599], [118.465, -8.596], [118.471, -8.583], [118.467, -8.565], [118.481, -8.561]]]}}, {"type": "Feature", "properties": {"domain_id": "5205032001", "name": "RASA BOU"}, "geometry": {"type": "Polygon", "coordinates": [[[118.445, -8.718], [118.439, -8.716], [118.438, -8.726], [118.422, -8.736], [118.436, -8.746], [118.463, -8.742], [118.455, -8.729], [118.446, -8.73], [118.452, -8.72], [118.445, -8.718]]]}}, {"type": "Feature", "properties": {"domain_id": "5205022006", "name": "SONGGAJA"}, "geometry": {"type": "Polygon", "coordinates": [[[118.222, -8.543], [118.222, -8.532], [118.208, -8.527], [118.198, -8.535], [118.197, -8.544], [118.185, -8.546], [118.187, -8.563], [118.195, -8.571], [118.199, -8.554], [118.222, -8.543]]]}}, {"type": "Feature", "properties": {"domain_id": "5205022005", "name": "TOLO KALO"}, "geometry": {"type": "Polygon", "coordinates": [[[118.193, -8.426], [118.178, -8.416], [118.158, -8.417], [118.134, -8.432], [118.122, -8.451], [118.125, -8.485], [118.132, -8.483], [118.129, -8.49], [118.139, -8.509], [118.18, -8.532], [118.184, -8.547], [118.197, -8.544], [118.198, -8.535], [118.219, -8.519], [118.195, -8.445], [118.2, -8.433], [118.193, -8.426]]]}}, {"type": "Feature", "properties": {"domain_id": "5205032005", "name": "CEMPI JAYA"}, "geometry": {"type": "Polygon", "coordinates": [[[118.455, -8.68], [118.444, -8.682], [118.439, -8.689], [118.42, -8.686], [118.418, -8.693], [118.429, -8.715], [118.445, -8.718], [118.452, -8.712], [118.455, -8.68]]]}}, {"type": "Feature", "properties": {"domain_id": "5205042003", "name": "MBUJU"}, "geometry": {"type": "MultiPolygon", "coordinates": [[[[118.341, -8.355], [118.336, -8.348], [118.335, -8.365], [118.323, -8.36], [118.325, -8.366], [118.317, -8.372], [118.322, -8.382], [118.322, -8.404], [118.351, -8.426], [118.353, -8.435], [118.385, -8.429], [118.408, -8.403], [118.388, -8.39], [118.369, -8.396], [118.355, -8.383], [118.341, -8.355]]], [[[118.302, -8.426], [118.273, -8.439], [118.263, -8.437], [118.257, -8.457], [118.275, -8.46], [118.294, -8.448], [118.302, -8.426]]]]}}, {"type": "Feature", "properties": {"domain_id": "5206042014", "name": "SOKI"}, "geometry": {"type": "MultiPolygon", "coordinates": [[[[118.74, -8.63], [118.736, -8.647], [118.738, -8.668], [118.743, -8.668], [118.74, -8.63]]], [[[118.757, -8.621], [118.747, -8.61], [118.738, -8.623], [118.759, -8.627], [118.757, -8.621]]]]}}, {"type": "Feature", "properties": {"domain_id": "5271031004", "name": "CAKRANEGARA SELATAN"}, "geometry": {"type": "Polygon", "coordinates": [[[116.139, -8.593], [116.129, -8.592], [116.129, -8.597], [116.139, -8.597], [116.139, -8.593]]]}}, {"type": "Feature", "properties": {"domain_id": "5205062009", "name": "KADINDI BARAT"}, "geometry": {"type": "Polygon", "coordinates": [[[117.741, -8.168], [117.727, -8.169], [117.73, -8.191], [117.723, -8.204], [117.739, -8.198], [117.745, -8.215], [117.751, -8.203], [117.744, -8.177], [117.749, -8.175], [117.741, -8.168]]]}}, {"type": "Feature", "properties": {"domain_id": "5271031006", "name": "CAKRANEGARA TIMUR"}, "geometry": {"type": "Polygon", "coordinates": [[[116.14, -8.593], [116.13, -8.587], [116.129, -8.592], [116.14, -8.593]]]}}, {"type": "Feature", "properties": {"domain_id": "5201082011", "name": "BAGIK POLAK BARAT"}, "geometry": {"type": "Polygon", "coordinates": [[[116.138, -8.632], [116.128, -8.627], [116.125, -8.641], [116.138, -8.632]]]}}, {"type": "Feature", "properties": {"domain_id": "5205062005", "name": "SORI NOMO"}, "geometry": {"type": "Polygon", "coordinates": [[[117.863, -8.234], [117.833, -8.232], [117.816, -8.218], [117.781, -8.221], [117.774, -8.224], [117.755, -8.262], [117.809, -8.287], [117.839, -8.252], [117.863, -8.234]]]}}, {"type": "Feature", "properties": {"domain_id": "5205062006", "name": "TAMBORA"}, "geometry": {"type": "Polygon", "coordinates": [[[117.921, -8.217], [117.86, -8.217], [117.808, -8.181], [117.787, -8.196], [117.777, -8.222], [117.815, -8.218], [117.833, -8.232], [117.877, -8.235], [117.897, -8.228], [117.939, -8.236], [117.921, -8.217]]]}}, {"type": "Feature", "properties": {"domain_id": "5205062011", "name": "SORI TATANGA"}, "geometry": {"type": "Polygon", "coordinates": [[[118.091, -8.364], [118.047, -8.337], [118.025, -8.299], [117.976, -8.275], [117.961, -8.261], [117.83, -8.373], [117.847, -8.372], [117.904, -8.417], [117.968, -8.447], [117.98, -8.465], [118.04, -8.452], [118.082, -8.451], [118.11, -8.497], [118.126, -8.484], [118.122, -8.451], [118.134, -8.432], [118.172, -8.415], [118.146, -8.406], [118.139, -8.39], [118.103, -8.378], [118.091, -8.364]]]}}, {"type": "Feature", "properties": {"domain_id": "5205072002", "name": "BANGGO"}, "geometry": {"type": "Polygon", "coordinates": [[[118.328, -8.536], [118.318, -8.533], [118.312, -8.542], [118.299, -8.531], [118.286, -8.533], [118.267, -8.568], [118.268, -8.588], [118.278, -8.591], [118.279, -8.599], [118.302, -8.577], [118.319, -8.572], [118.341, -8.554], [118.345, -8.547], [118.333, -8.545], [118.328, -8.536]]]}}, {"type": "Feature", "properties": {"domain_id": "5205072003", "name": "KWANGKO"}, "geometry": {"type": "MultiPolygon", "coordinates": [[[[118.246, -8.653], [118.24, -8.65], [118.235, -8.658], [118.228, -8.655], [118.229, -8.665], [118.219, -8.663], [118.204, -8.673], [118.182, -8.667], [118.176, -8.655], [118.178, -8.693], [118.189, -8.706], [118.24, -8.703], [118.264, -8.695], [118.257, -8.678], [118.263, -8.663], [118.258, -8.651], [118.25, -8.665], [118.246, -8.653]]], [[[118.228, -8.652], [118.228, -8.651], [118.227, -8.651], [118.228, -8.652]]], [[[118.192, -8.649], [118.193, -8.648], [118.191, -8.648], [118.192, -8.649]]], [[[118.22, -8.647], [118.214, -8.65], [118.225, -8.653], [118.224, -8.659], [118.226, -8.649], [118.22, -8.647]]], [[[118.227, -8.647], [118.227, -8.644], [118.225, -8.647], [118.227, -8.647]]], [[[118.241, -8.645], [118.241, -8.643], [118.239, -8.641], [118.241, -8.645]]], [[[118.195, -8.642], [118.195, -8.64], [118.194, -8.641], [118.195, -8.642]]], [[[118.206, -8.643], [118.201, -8.638], [118.202, -8.645], [118.195, -8.649], [118.209, -8.654], [118.213, -8.638], [118.206, -8.643]]], [[[118.224, -8.637], [118.22, -8.637], [118.224, -8.647], [118.224, -8.637]]]]}}, {"type": "Feature", "properties": {"domain_id": "5205072005", "name": "SUKA DAMAI"}, "geometry": {"type": "Polygon", "coordinates": [[[118.263, -8.437], [118.214, -8.438], [118.243, -8.462], [118.245, -8.482], [118.267, -8.502], [118.304, -8.507], [118.295, -8.471], [118.266, -8.468], [118.266, -8.459], [118.257, -8.457], [118.263, -8.437]]]}}, {"type": "Feature", "properties": {"domain_id": "5205072006", "name": "NUSA JAYA"}, "geometry": {"type": "Polygon", "coordinates": [[[118.328, -8.474], [118.295, -8.472], [118.299, -8.482], [118.314, -8.486], [118.323, -8.486], [118.328, -8.474]]]}}, {"type": "Feature", "properties": {"domain_id": "5205082004", "name": "LUNE"}, "geometry": {"type": "Polygon", "coordinates": [[[118.454, -8.643], [118.461, -8.622], [118.455, -8.609], [118.446, -8.617], [118.449, -8.625], [118.438, -8.641], [118.437, -8.662], [118.445, -8.665], [118.452, -8.68], [118.454, -8.643]]]}}, {"type": "Feature", "properties": {"domain_id": "5206022008", "name": "SONDOSIA"}, "geometry": {"type": "Polygon", "coordinates": [[[118.661, -8.533], [118.671, -8.519], [118.663, -8.512], [118.649, -8.512], [118.644, -8.526], [118.661, -8.533]]]}}, {"type": "Feature", "properties": {"domain_id": "5206012007", "name": "SIMPASAI"}, "geometry": {"type": "Polygon", "coordinates": [[[118.722, -8.692], [118.68, -8.695], [118.653, -8.665], [118.641, -8.682], [118.665, -8.697], [118.665, -8.709], [118.673, -8.715], [118.692, -8.717], [118.714, -8.737], [118.722, -8.692]]]}}, {"type": "Feature", "properties": {"domain_id": "5206012019", "name": "WARO"}, "geometry": {"type": "Polygon", "coordinates": [[[118.685, -8.715], [118.674, -8.716], [118.666, -8.709], [118.667, -8.721], [118.652, -8.715], [118.643, -8.721], [118.674, -8.741], [118.685, -8.715]]]}}, {"type": "Feature", "properties": {"domain_id": "5206022001", "name": "TAMBE"}, "geometry": {"type": "Polygon", "coordinates": [[[118.589, -8.478], [118.571, -8.473], [118.6, -8.527], [118.61, -8.509], [118.595, -8.499], [118.589, -8.478]]]}}, {"type": "Feature", "properties": {"domain_id": "5206022012", "name": "RADA"}, "geometry": {"type": "Polygon", "coordinates": [[[118.653, -8.501], [118.637, -8.458], [118.634, -8.454], [118.62, -8.457], [118.636, -8.472], [118.632, -8.503], [118.646, -8.507], [118.653, -8.501]]]}}, {"type": "Feature", "properties": {"domain_id": "5206022007", "name": "BONTOKAPE"}, "geometry": {"type": "Polygon", "coordinates": [[[118.649, -8.505], [118.641, -8.505], [118.638, -8.512], [118.642, -8.526], [118.649, -8.505]]]}}, {"type": "Feature", "properties": {"domain_id": "5206032002", "name": "TENGA"}, "geometry": {"type": "Polygon", "coordinates": [[[118.699, -8.601], [118.688, -8.601], [118.685, -8.594], [118.674, -8.605], [118.681, -8.625], [118.699, -8.611], [118.699, -8.601]]]}}, {"type": "Feature", "properties": {"domain_id": "5206032003", "name": "TENTE"}, "geometry": {"type": "MultiPolygon", "coordinates": [[[[118.662, -8.612], [118.66, -8.62], [118.666, -8.621], [118.667, -8.613], [118.662, -8.612]]], [[[118.701, -8.586], [118.697, -8.582], [118.694, -8.59], [118.7, -8.593], [118.701, -8.586]]]]}}, {"type": "Feature", "properties": {"domain_id": "5206032008", "name": "PANDAI"}, "geometry": {"type": "Polygon", "coordinates": [[[118.647, -8.55], [118.633, -8.548], [118.63, -8.556], [118.596, -8.574], [118.6, -8.592], [118.629, -8.574], [118.641, -8.574], [118.647, -8.55]]]}}, {"type": "Feature", "properties": {"domain_id": "5206032013", "name": "NISA"}, "geometry": {"type": "Polygon", "coordinates": [[[118.7, -8.593], [118.694, -8.59], [118.695, -8.597], [118.7, -8.593]]]}}, {"type": "Feature", "properties": {"domain_id": "5206042003", "name": "NGALI"}, "geometry": {"type": "Polygon", "coordinates": [[[118.738, -8.623], [118.747, -8.61], [118.708, -8.621], [118.715, -8.636], [118.738, -8.623]]]}}, {"type": "Feature", "properties": {"domain_id": "5206062013", "name": "POJA"}, "geometry": {"type": "MultiPolygon", "coordinates": [[[[119.041, -8.451], [119.047, -8.438], [119.0, -8.465], [118.964, -8.472], [118.972, -8.488], [118.99, -8.504], [119.044, -8.519], [119.053, -8.511], [119.04, -8.503], [119.048, -8.499], [119.048, -8.477], [119.035, -8.467], [119.054, -8.464], [119.047, -8.461], [119.051, -8.452], [119.04, -8.456], [119.045, -8.45], [119.041, -8.451]]]]}}, {"type": "Feature", "properties": {"domain_id": "5206062014", "name": "BAJO PULO"}, "geometry": {"type": "MultiPolygon", "coordinates": [[[[119.275, -8.397], [119.263, -8.401], [119.269, -8.403], [119.271, -8.414], [119.265, -8.438], [119.274, -8.437], [119.268, -8.446], [119.273, -8.454], [119.281, -8.449], [119.28, -8.468], [119.293, -8.459], [119.301, -8.43], [119.309, -8.45], [119.314, -8.445], [119.321, -8.455], [119.318, -8.433], [119.327, -8.442], [119.319, -8.428], [119.326, -8.431], [119.325, -8.424], [119.335, -8.431], [119.328, -8.415], [119.318, -8.409], [119.321, -8.401], [119.316, -8.398], [119.313, -8.408], [119.283, -8.419], [119.275, -8.411], [119.275, -8.397]]], [[[119.047, -8.59], [119.048, -8.585], [119.045, -8.588], [119.047, -8.59]]], [[[119.034, -8.579], [119.035, -8.578], [119.034, -8.578], [119.034, -8.579]]], [[[119.04, -8.573], [119.04, -8.572], [119.039, -8.573], [119.04, -8.573]]], [[[119.038, -8.573], [119.032, -8.573], [119.04, -8.576], [119.038, -8.573]]], [[[119.041, -8.569], [119.041, -8.568], [119.04, -8.568], [119.041, -8.569]]], [[[119.041, -8.56], [119.041, -8.559], [119.04, -8.559], [119.041, -8.56]]], [[[119.045, -8.557], [119.038, -8.566], [119.047, -8.569], [119.043, -8.582], [119.056, -8.571], [119.045, -8.557]]], [[[119.043, -8.558], [119.043, -8.556], [119.041, -8.556], [119.043, -8.558]]], [[[119.266, -8.551], [119.267, -8.549], [119.265, -8.547], [119.266, -8.551]]], [[[119.345, -8.509], [119.345, -8.505], [119.344, -8.507], [119.345, -8.509]]], [[[119.317, -8.456], [119.317, -8.455], [119.316, -8.456], [119.317, -8.456]]], [[[119.329, -8.433], [119.327, -8.432], [119.33, -8.436], [119.329, -8.433]]]]}}, {"type": "Feature", "properties": {"domain_id": "5206042016", "name": "DIHA"}, "geometry": {"type": "Polygon", "coordinates": [[[118.75, -8.664], [118.746, -8.635], [118.738, -8.643], [118.745, -8.648], [118.746, -8.667], [118.75, -8.664]]]}}, {"type": "Feature", "properties": {"domain_id": "5206052007", "name": "PESA"}, "geometry": {"type": "Polygon", "coordinates": [[[118.86, -8.544], [118.849, -8.541], [118.851, -8.53], [118.833, -8.533], [118.831, -8.554], [118.841, -8.562], [118.86, -8.544]]]}}, {"type": "Feature", "properties": {"domain_id": "5206062016", "name": "TANAH PUTIH"}, "geometry": {"type": "Polygon", "coordinates": [[[118.926, -8.592], [118.921, -8.545], [118.911, -8.552], [118.913, -8.598], [118.926, -8.592]]]}}, {"type": "Feature", "properties": {"domain_id": "5206052013", "name": "KOMBO"}, "geometry": {"type": "Polygon", "coordinates": [[[118.877, -8.541], [118.867, -8.544], [118.867, -8.539], [118.848, -8.559], [118.835, -8.637], [118.869, -8.629], [118.862, -8.603], [118.852, -8.595], [118.869, -8.583], [118.871, -8.574], [118.861, -8.561], [118.877, -8.541]]]}}, {"type": "Feature", "properties": {"domain_id": "5206062005", "name": "NARU"}, "geometry": {"type": "Polygon", "coordinates": [[[118.986, -8.569], [118.99, -8.587], [119.0, -8.59], [118.998, -8.574], [118.986, -8.569]]]}}, {"type": "Feature", "properties": {"domain_id": "5206072010", "name": "TADEWA"}, "geometry": {"type": "Polygon", "coordinates": [[[118.93, -8.295], [118.914, -8.29], [118.908, -8.311], [118.921, -8.31], [118.93, -8.295]]]}}, {"type": "Feature", "properties": {"domain_id": "5206062010", "name": "PARANGINA"}, "geometry": {"type": "Polygon", "coordinates": [[[118.974, -8.532], [118.955, -8.517], [118.955, -8.555], [118.964, -8.573], [118.975, -8.566], [118.975, -8.555], [118.964, -8.553], [118.957, -8.543], [118.974, -8.532]]]}}, {"type": "Feature", "properties": {"domain_id": "5206072008", "name": "BALA"}, "geometry": {"type": "Polygon", "coordinates": [[[118.983, -8.371], [118.949, -8.358], [118.92, -8.361], [118.916, -8.375], [118.922, -8.385], [118.923, -8.416], [118.938, -8.425], [118.944, -8.417], [118.976, -8.414], [119.008, -8.396], [118.983, -8.371]]]}}, {"type": "Feature", "properties": {"domain_id": "5206122005", "name": "NGGELU"}, "geometry": {"type": "MultiPolygon", "coordinates": [[[[119.158, -8.671], [119.134, -8.672], [119.118, -8.681], [119.103, -8.675], [119.078, -8.68], [119.06, -8.676], [119.045, -8.735], [119.1, -8.751], [119.104, -8.739], [119.098, -8.731], [119.105, -8.726], [119.115, -8.733], [119.117, -8.745], [119.133, -8.753], [119.139, -8.744], [119.134, -8.737], [119.172, -8.724], [119.148, -8.711], [119.158, -8.704], [119.173, -8.706], [119.169, -8.695], [119.176, -8.701], [119.158, -8.671]]], [[[119.099, -8.752], [119.099, -8.751], [119.098, -8.75], [119.099, -8.752]]], [[[119.096, -8.751], [119.096, -8.75], [119.096, -8.749], [119.096, -8.751]]], [[[119.2, -8.695], [119.199, -8.694], [119.199, -8.698], [119.2, -8.695]]], [[[119.174, -8.69], [119.174, -8.691], [119.175, -8.691], [119.174, -8.69]]], [[[119.222, -8.69], [119.221, -8.689], [119.221, -8.69], [119.222, -8.69]]], [[[119.243, -8.674], [119.243, -8.673], [119.242, -8.674], [119.243, -8.674]]], [[[119.241, -8.672], [119.24, -8.673], [119.241, -8.673], [119.241, -8.672]]], [[[119.246, -8.672], [119.246, -8.673], [119.248, -8.674], [119.246, -8.672]]], [[[119.25, -8.671], [119.247, -8.672], [119.251, -8.673], [119.25, -8.671]]], [[[119.241, -8.672], [119.242, -8.671], [119.241, -8.671], [119.241, -8.672]]], [[[119.228, -8.654], [119.219, -8.661], [119.216, -8.654], [119.217, -8.67], [119.208, -8.673], [119.223, -8.69], [119.222, -8.679], [119.229, -8.675], [119.234, -8.679], [119.239, -8.664], [119.228, -8.654]]], [[[119.227, -8.652], [119.227, -8.651], [119.226, -8.652], [119.227, -8.652]]]]}}, {"type": "Feature", "properties": {"domain_id": "5206072003", "name": "NUNGGI"}, "geometry": {"type": "Polygon", "coordinates": [[[118.921, -8.362], [118.916, -8.353], [118.905, -8.391], [118.924, -8.409], [118.916, -8.375], [118.921, -8.362]]]}}, {"type": "Feature", "properties": {"domain_id": "5206072012", "name": "RANGGASOLO"}, "geometry": {"type": "Polygon", "coordinates": [[[118.942, -8.304], [118.93, -8.299], [118.921, -8.31], [118.934, -8.316], [118.942, -8.304]]]}}, {"type": "Feature", "properties": {"domain_id": "5206082007", "name": "O'O"}, "geometry": {"type": "Polygon", "coordinates": [[[118.611, -8.425], [118.581, -8.407], [118.579, -8.415], [118.603, -8.442], [118.611, -8.425]]]}}, {"type": "Feature", "properties": {"domain_id": "5206072014", "name": "MANDALA"}, "geometry": {"type": "Polygon", "coordinates": [[[118.899, -8.334], [118.893, -8.338], [118.895, -8.356], [118.888, -8.36], [118.894, -8.374], [118.89, -8.383], [118.905, -8.391], [118.917, -8.342], [118.899, -8.334]]]}}, {"type": "Feature", "properties": {"domain_id": "5206092001", "name": "PIONG"}, "geometry": {"type": "Polygon", "coordinates": [[[118.275, -8.334], [118.263, -8.336], [118.257, -8.35], [118.234, -8.332], [118.218, -8.284], [118.206, -8.273], [118.184, -8.268], [118.177, -8.252], [118.163, -8.242], [118.157, -8.206], [118.143, -8.218], [118.122, -8.224], [118.118, -8.234], [118.101, -8.245], [118.101, -8.269], [118.078, -8.296], [118.078, -8.324], [118.065, -8.346], [118.103, -8.378], [118.139, -8.39], [118.146, -8.406], [118.182, -8.417], [118.193, -8.426], [118.239, -8.397], [118.254, -8.368], [118.265, -8.36], [118.275, -8.334]], [[118.227, -8.36], [118.217, -8.356], [118.208, -8.334], [118.222, -8.32], [118.23, -8.333], [118.252, -8.347], [118.227, -8.36]]]}}, {"type": "Feature", "properties": {"domain_id": "5206102003", "name": "RITE"}, "geometry": {"type": "Polygon", "coordinates": [[[118.813, -8.385], [118.801, -8.369], [118.781, -8.369], [118.77, -8.379], [118.745, -8.383], [118.741, -8.403], [118.757, -8.399], [118.772, -8.408], [118.813, -8.385]]]}}, {"type": "Feature", "properties": {"domain_id": "5206092004", "name": "TALOKO"}, "geometry": {"type": "Polygon", "coordinates": [[[118.32, -8.386], [118.312, -8.387], [118.295, -8.407], [118.285, -8.409], [118.287, -8.414], [118.25, -8.423], [118.237, -8.439], [118.259, -8.434], [118.272, -8.439], [118.298, -8.429], [118.308, -8.412], [118.323, -8.406], [118.32, -8.386]]]}}, {"type": "Feature", "properties": {"domain_id": "5206102005", "name": "TALAPITI"}, "geometry": {"type": "Polygon", "coordinates": [[[118.865, -8.368], [118.82, -8.337], [118.792, -8.358], [118.791, -8.369], [118.801, -8.369], [118.812, -8.384], [118.832, -8.393], [118.85, -8.412], [118.864, -8.414], [118.865, -8.368]]]}}, {"type": "Feature", "properties": {"domain_id": "5206112004", "name": "KALODU"}, "geometry": {"type": "Polygon", "coordinates": [[[118.891, -8.643], [118.872, -8.635], [118.869, -8.629], [118.835, -8.637], [118.821, -8.653], [118.836, -8.678], [118.861, -8.665], [118.861, -8.672], [118.875, -8.669], [118.876, -8.674], [118.89, -8.665], [118.897, -8.653], [118.891, -8.643]]]}}, {"type": "Feature", "properties": {"domain_id": "5206112008", "name": "KANGGA"}, "geometry": {"type": "Polygon", "coordinates": [[[118.944, -8.681], [118.93, -8.699], [118.952, -8.721], [118.957, -8.7], [118.944, -8.681]]]}}, {"type": "Feature", "properties": {"domain_id": "5206122001", "name": "KALEO"}, "geometry": {"type": "Polygon", "coordinates": [[[118.98, -8.568], [118.964, -8.573], [118.981, -8.587], [118.973, -8.586], [118.966, -8.594], [118.982, -8.59], [118.98, -8.568]]]}}, {"type": "Feature", "properties": {"domain_id": "5206122014", "name": "MONTA BARU"}, "geometry": {"type": "Polygon", "coordinates": [[[118.966, -8.594], [118.973, -8.586], [118.981, -8.587], [118.964, -8.573], [118.948, -8.593], [118.948, -8.6], [118.955, -8.605], [118.966, -8.594]]]}}, {"type": "Feature", "properties": {"domain_id": "5206122009", "name": "LAMBU"}, "geometry": {"type": "MultiPolygon", "coordinates": [[[[119.166, -8.557], [119.156, -8.567], [119.147, -8.567], [119.151, -8.593], [119.141, -8.591], [119.131, -8.603], [119.121, -8.595], [119.121, -8.6], [119.109, -8.596], [119.107, -8.607], [119.13, -8.63], [119.106, -8.637], [119.1, -8.633], [119.079, -8.651], [119.055, -8.653], [119.06, -8.676], [119.078, -8.68], [119.103, -8.675], [119.118, -8.681], [119.134, -8.672], [119.159, -8.67], [119.157, -8.657], [119.172, -8.647], [119.156, -8.647], [119.159, -8.641], [119.151, -8.637], [119.162, -8.638], [119.161, -8.628], [119.17, -8.635], [119.171, -8.625], [119.183, -8.634], [119.177, -8.624], [119.183, -8.621], [119.172, -8.611], [119.192, -8.61], [119.18, -8.599], [119.183, -8.586], [119.16, -8.58], [119.169, -8.574], [119.162, -8.574], [119.164, -8.569], [119.176, -8.563], [119.166, -8.557]]], [[[119.128, -8.593], [119.13, -8.596], [119.131, -8.595], [119.128, -8.593]]], [[[119.187, -8.566], [119.188, -8.583], [119.198, -8.585], [119.198, -8.571], [119.187, -8.566]]], [[[119.178, -8.547], [119.177, -8.551], [119.18, -8.548], [119.178, -8.547]]], [[[119.245, -8.547], [119.244, -8.546], [119.243, -8.547], [119.245, -8.547]]], [[[119.232, -8.539], [119.232, -8.537], [119.231, -8.538], [119.232, -8.539]]]]}}, {"type": "Feature", "properties": {"domain_id": "5206132003", "name": "MPURI"}, "geometry": {"type": "Polygon", "coordinates": [[[118.577, -8.557], [118.546, -8.539], [118.507, -8.535], [118.507, -8.542], [118.535, -8.55], [118.562, -8.568], [118.577, -8.557]]]}}, {"type": "Feature", "properties": {"domain_id": "5206132006", "name": "DENA"}, "geometry": {"type": "Polygon", "coordinates": [[[118.549, -8.516], [118.521, -8.513], [118.51, -8.518], [118.511, -8.529], [118.544, -8.522], [118.561, -8.529], [118.569, -8.544], [118.582, -8.546], [118.577, -8.519], [118.549, -8.516]]]}}, {"type": "Feature", "properties": {"domain_id": "5206152007", "name": "LEWINTANA"}, "geometry": {"type": "Polygon", "coordinates": [[[118.68, -8.468], [118.64, -8.456], [118.671, -8.483], [118.68, -8.468]]]}}, {"type": "Feature", "properties": {"domain_id": "5206142002", "name": "KAWINDA NAE"}, "geometry": {"type": "Polygon", "coordinates": [[[117.917, -8.137], [117.881, -8.128], [117.856, -8.11], [117.829, -8.129], [117.8, -8.128], [117.815, -8.16], [117.889, -8.182], [117.939, -8.236], [117.952, -8.219], [117.95, -8.195], [117.917, -8.137]]]}}, {"type": "Feature", "properties": {"domain_id": "5206172004", "name": "TETA"}, "geometry": {"type": "Polygon", "coordinates": [[[118.823, -8.561], [118.796, -8.559], [118.791, -8.57], [118.794, -8.593], [118.807, -8.593], [118.823, -8.561]]]}}, {"type": "Feature", "properties": {"domain_id": "5206182008", "name": "DORE"}, "geometry": {"type": "Polygon", "coordinates": [[[118.721, -8.555], [118.708, -8.553], [118.711, -8.56], [118.733, -8.561], [118.722, -8.56], [118.721, -8.555]]]}}, {"type": "Feature", "properties": {"domain_id": "5206182006", "name": "NTONGGU"}, "geometry": {"type": "Polygon", "coordinates": [[[118.795, -8.517], [118.781, -8.512], [118.776, -8.517], [118.76, -8.514], [118.756, -8.55], [118.79, -8.547], [118.789, -8.538], [118.802, -8.532], [118.795, -8.517]]]}}, {"type": "Feature", "properties": {"domain_id": "5206182012", "name": "PADOLO"}, "geometry": {"type": "Polygon", "coordinates": [[[118.708, -8.562], [118.695, -8.551], [118.699, -8.572], [118.709, -8.568], [118.708, -8.562]]]}}, {"type": "Feature", "properties": {"domain_id": "5207012003", "name": "BERU"}, "geometry": {"type": "Polygon", "coordinates": [[[117.073, -8.857], [117.082, -8.836], [117.097, -8.837], [117.065, -8.81], [117.059, -8.822], [117.014, -8.831], [116.971, -8.851], [116.939, -8.884], [116.93, -8.885], [116.912, -8.906], [116.9, -8.911], [116.897, -8.921], [116.886, -8.924], [116.872, -8.913], [116.873, -8.894], [116.895, -8.864], [116.887, -8.843], [116.851, -8.831], [116.844, -8.832], [116.836, -8.848], [116.83, -8.845], [116.815, -8.854], [116.769, -8.834], [116.768, -8.855], [116.757, -8.864], [116.733, -8.869], [116.74, -8.873], [116.734, -8.881], [116.767, -8.883], [116.775, -8.877], [116.788, -8.884], [116.803, -8.869], [116.83, -8.858], [116.84, -8.879], [116.84, -8.909], [116.862, -8.936], [116.882, -8.944], [116.907, -8.939], [116.994, -8.967], [117.057, -8.945], [117.085, -8.944], [117.084, -8.903], [117.063, -8.9], [117.054, -8.89], [117.065, -8.876], [117.061, -8.862], [117.073, -8.857]]]}}, {"type": "Feature", "properties": {"domain_id": "5207021006", "name": "BUGIS"}, "geometry": {"type": "Polygon", "coordinates": [[[116.848, -8.742], [116.842, -8.738], [116.831, -8.741], [116.828, -8.75], [116.818, -8.75], [116.816, -8.756], [116.819, -8.76], [116.848, -8.742]]]}}, {"type": "Feature", "properties": {"domain_id": "5207021008", "name": "SAMPIR"}, "geometry": {"type": "Polygon", "coordinates": [[[116.89, -8.721], [116.855, -8.699], [116.839, -8.708], [116.837, -8.723], [116.856, -8.726], [116.854, -8.747], [116.874, -8.743], [116.876, -8.735], [116.885, -8.737], [116.89, -8.721]]]}}, {"type": "Feature", "properties": {"domain_id": "5207022014", "name": "BANJAR"}, "geometry": {"type": "Polygon", "coordinates": [[[116.831, -8.741], [116.811, -8.734], [116.8, -8.743], [116.798, -8.755], [116.788, -8.751], [116.781, -8.759], [116.801, -8.765], [116.805, -8.757], [116.816, -8.759], [116.818, -8.75], [116.828, -8.75], [116.831, -8.741]]]}}, {"type": "Feature", "properties": {"domain_id": "5207022013", "name": "TAMEKAN"}, "geometry": {"type": "Polygon", "coordinates": [[[116.884, -8.737], [116.869, -8.74], [116.874, -8.758], [116.887, -8.757], [116.884, -8.737]]]}}, {"type": "Feature", "properties": {"domain_id": "5272011014", "name": "DARA"}, "geometry": {"type": "Polygon", "coordinates": [[[118.718, -8.453], [118.712, -8.452], [118.714, -8.459], [118.731, -8.457], [118.718, -8.453]]]}}, {"type": "Feature", "properties": {"domain_id": "5207032001", "name": "MERARAN"}, "geometry": {"type": "Polygon", "coordinates": [[[116.871, -8.685], [116.85, -8.673], [116.838, -8.683], [116.83, -8.706], [116.839, -8.708], [116.871, -8.685]]]}}, {"type": "Feature", "properties": {"domain_id": "5207032003", "name": "REMPE"}, "geometry": {"type": "Polygon", "coordinates": [[[116.873, -8.654], [116.862, -8.643], [116.87, -8.674], [116.892, -8.678], [116.895, -8.673], [116.874, -8.67], [116.873, -8.654]]]}}, {"type": "Feature", "properties": {"domain_id": "5207032005", "name": "SETELUK TENGAH"}, "geometry": {"type": "Polygon", "coordinates": [[[116.917, -8.577], [116.909, -8.573], [116.888, -8.581], [116.877, -8.575], [116.871, -8.618], [116.84, -8.622], [116.841, -8.629], [116.852, -8.626], [116.864, -8.634], [116.869, -8.621], [116.878, -8.626], [116.88, -8.62], [116.907, -8.646], [116.932, -8.614], [116.936, -8.592], [116.921, -8.592], [116.917, -8.577]]]}}, {"type": "Feature", "properties": {"domain_id": "5207042007", "name": "KEMUNING"}, "geometry": {"type": "Polygon", "coordinates": [[[116.791, -8.94], [116.76, -8.945], [116.756, -8.967], [116.791, -8.948], [116.791, -8.94]]]}}, {"type": "Feature", "properties": {"domain_id": "5207032014", "name": "SERAN"}, "geometry": {"type": "Polygon", "coordinates": [[[116.897, -8.641], [116.877, -8.637], [116.874, -8.67], [116.895, -8.673], [116.907, -8.646], [116.897, -8.641]]]}}, {"type": "Feature", "properties": {"domain_id": "5207032013", "name": "LAMUSUNG"}, "geometry": {"type": "Polygon", "coordinates": [[[116.857, -8.673], [116.858, -8.653], [116.837, -8.649], [116.842, -8.652], [116.835, -8.667], [116.857, -8.673]]]}}, {"type": "Feature", "properties": {"domain_id": "5272031001", "name": "MELAYU"}, "geometry": {"type": "Polygon", "coordinates": [[[118.723, -8.444], [118.718, -8.443], [118.72, -8.448], [118.73, -8.447], [118.723, -8.444]]]}}, {"type": "Feature", "properties": {"domain_id": "5207042003", "name": "TONGO"}, "geometry": {"type": "Polygon", "coordinates": [[[116.885, -8.975], [116.862, -8.967], [116.857, -8.96], [116.824, -8.975], [116.807, -8.992], [116.793, -8.995], [116.792, -9.036], [116.806, -9.032], [116.824, -9.04], [116.827, -9.034], [116.81, -9.026], [116.829, -8.991], [116.852, -8.979], [116.867, -8.985], [116.885, -8.975]]]}}, {"type": "Feature", "properties": {"domain_id": "5207042006", "name": "TALONANG BARU"}, "geometry": {"type": "MultiPolygon", "coordinates": [[[[116.991, -9.038], [116.975, -9.032], [116.977, -9.04], [116.967, -9.037], [116.95, -9.057], [116.971, -9.08], [117.004, -9.093], [117.009, -9.107], [117.016, -9.109], [117.022, -9.102], [117.039, -9.105], [117.055, -9.063], [117.025, -9.057], [117.008, -9.041], [116.991, -9.038]]]]}}, {"type": "Feature", "properties": {"domain_id": "5207052008", "name": "MOTENG"}, "geometry": {"type": "Polygon", "coordinates": [[[116.94, -8.702], [116.941, -8.69], [116.921, -8.663], [116.914, -8.694], [116.928, -8.706], [116.94, -8.702]]]}}, {"type": "Feature", "properties": {"domain_id": "5207052007", "name": "RARAK RONGES"}, "geometry": {"type": "Polygon", "coordinates": [[[117.039, -8.671], [117.021, -8.64], [117.011, -8.637], [117.004, -8.622], [116.986, -8.614], [116.985, -8.648], [116.962, -8.678], [117.026, -8.679], [117.039, -8.671]]]}}, {"type": "Feature", "properties": {"domain_id": "5207062001", "name": "SENAYAN"}, "geometry": {"type": "MultiPolygon", "coordinates": [[[[116.838, -8.581], [116.825, -8.572], [116.82, -8.577], [116.826, -8.584], [116.825, -8.6], [116.835, -8.606], [116.838, -8.622], [116.859, -8.622], [116.859, -8.605], [116.852, -8.596], [116.856, -8.584], [116.838, -8.581]]], [[[116.788, -8.529], [116.773, -8.538], [116.769, -8.559], [116.788, -8.543], [116.788, -8.529]]], [[[116.79, -8.526], [116.792, -8.524], [116.79, -8.524], [116.79, -8.526]]], [[[116.791, -8.512], [116.789, -8.518], [116.794, -8.516], [116.791, -8.512]]], [[[116.856, -8.502], [116.842, -8.51], [116.849, -8.518], [116.86, -8.505], [116.856, -8.502]]], [[[116.819, -8.5], [116.819, -8.499], [116.818, -8.5], [116.819, -8.5]]], [[[116.835, -8.501], [116.831, -8.496], [116.831, -8.499], [116.835, -8.501]]]]}}, {"type": "Feature", "properties": {"domain_id": "5208012001", "name": "TANJUNG"}, "geometry": {"type": "Polygon", "coordinates": [[[116.158, -8.344], [116.147, -8.349], [116.163, -8.375], [116.17, -8.375], [116.158, -8.344]]]}}, {"type": "Feature", "properties": {"domain_id": "5207062006", "name": "KOKARLIAN"}, "geometry": {"type": "Polygon", "coordinates": [[[116.876, -8.539], [116.873, -8.53], [116.853, -8.541], [116.849, -8.549], [116.849, -8.566], [116.859, -8.581], [116.87, -8.583], [116.877, -8.575], [116.888, -8.581], [116.911, -8.573], [116.876, -8.539]]]}}, {"type": "Feature", "properties": {"domain_id": "5208012004", "name": "TEGAL MAJA"}, "geometry": {"type": "Polygon", "coordinates": [[[116.191, -8.467], [116.178, -8.443], [116.182, -8.401], [116.166, -8.374], [116.159, -8.414], [116.15, -8.426], [116.15, -8.447], [116.166, -8.465], [116.191, -8.467]]]}}, {"type": "Feature", "properties": {"domain_id": "5271031013", "name": "MAYURA"}, "geometry": {"type": "Polygon", "coordinates": [[[116.14, -8.586], [116.13, -8.583], [116.144, -8.594], [116.145, -8.587], [116.14, -8.586]]]}}, {"type": "Feature", "properties": {"domain_id": "5271031014", "name": "KARANG TALIWANG"}, "geometry": {"type": "Polygon", "coordinates": [[[116.131, -8.572], [116.125, -8.572], [116.126, -8.583], [116.131, -8.572]]]}}, {"type": "Feature", "properties": {"domain_id": "5208032005", "name": "GUMANTAR"}, "geometry": {"type": "Polygon", "coordinates": [[[116.291, -8.24], [116.269, -8.245], [116.28, -8.264], [116.285, -8.296], [116.301, -8.292], [116.311, -8.307], [116.312, -8.315], [116.305, -8.318], [116.346, -8.372], [116.34, -8.386], [116.352, -8.395], [116.347, -8.402], [116.353, -8.411], [116.377, -8.414], [116.382, -8.41], [116.359, -8.4], [116.347, -8.388], [116.36, -8.377], [116.358, -8.372], [116.327, -8.331], [116.332, -8.307], [116.291, -8.263], [116.291, -8.24]]]}}, {"type": "Feature", "properties": {"domain_id": "5208032006", "name": "SALUT"}, "geometry": {"type": "Polygon", "coordinates": [[[116.355, -8.322], [116.329, -8.268], [116.324, -8.241], [116.305, -8.243], [116.301, -8.256], [116.315, -8.267], [116.318, -8.282], [116.339, -8.302], [116.334, -8.319], [116.359, -8.364], [116.369, -8.378], [116.392, -8.389], [116.387, -8.369], [116.355, -8.322]]]}}, {"type": "Feature", "properties": {"domain_id": "5208022004", "name": "REMPEK"}, "geometry": {"type": "Polygon", "coordinates": [[[116.328, -8.387], [116.309, -8.353], [116.255, -8.325], [116.23, -8.294], [116.214, -8.289], [116.201, -8.308], [116.206, -8.315], [116.219, -8.318], [116.229, -8.329], [116.247, -8.323], [116.25, -8.329], [116.271, -8.335], [116.289, -8.352], [116.286, -8.362], [116.328, -8.387]]]}}, {"type": "Feature", "properties": {"domain_id": "5208012008", "name": "SAMA GUNA"}, "geometry": {"type": "Polygon", "coordinates": [[[116.206, -8.404], [116.187, -8.404], [116.189, -8.387], [116.176, -8.361], [116.17, -8.363], [116.167, -8.375], [116.182, -8.401], [116.178, -8.443], [116.199, -8.478], [116.214, -8.48], [116.223, -8.456], [116.278, -8.445], [116.278, -8.44], [116.244, -8.434], [116.236, -8.418], [116.223, -8.416], [116.217, -8.404], [116.206, -8.404]]]}}, {"type": "Feature", "properties": {"domain_id": "5208022001", "name": "GONDANG"}, "geometry": {"type": "Polygon", "coordinates": [[[116.219, -8.34], [116.213, -8.327], [116.192, -8.328], [116.191, -8.323], [116.171, -8.353], [116.175, -8.36], [116.184, -8.358], [116.196, -8.333], [116.216, -8.355], [116.216, -8.372], [116.225, -8.377], [116.231, -8.361], [116.219, -8.34]]]}}, {"type": "Feature", "properties": {"domain_id": "5208022002", "name": "BENTEK"}, "geometry": {"type": "Polygon", "coordinates": [[[116.221, -8.378], [116.216, -8.355], [116.196, -8.333], [116.184, -8.357], [116.175, -8.36], [116.189, -8.389], [116.187, -8.404], [116.208, -8.403], [116.221, -8.378]]]}}, {"type": "Feature", "properties": {"domain_id": "5208022007", "name": "REMPEK DARUSSALAM"}, "geometry": {"type": "Polygon", "coordinates": [[[116.328, -8.387], [116.286, -8.362], [116.289, -8.352], [116.271, -8.335], [116.25, -8.329], [116.247, -8.323], [116.23, -8.329], [116.274, -8.379], [116.302, -8.395], [116.339, -8.403], [116.338, -8.391], [116.328, -8.387]]]}}, {"type": "Feature", "properties": {"domain_id": "5208032007", "name": "DANGIANG"}, "geometry": {"type": "Polygon", "coordinates": [[[116.274, -8.256], [116.262, -8.263], [116.281, -8.291], [116.283, -8.275], [116.274, -8.256]]]}}, {"type": "Feature", "properties": {"domain_id": "5271011008", "name": "TAMAN SARI"}, "geometry": {"type": "Polygon", "coordinates": [[[116.084, -8.575], [116.077, -8.579], [116.077, -8.59], [116.085, -8.589], [116.084, -8.575]]]}}, {"type": "Feature", "properties": {"domain_id": "5271011009", "name": "BANJAR"}, "geometry": {"type": "Polygon", "coordinates": [[[116.078, -8.573], [116.071, -8.577], [116.076, -8.577], [116.078, -8.573]]]}}, {"type": "Feature", "properties": {"domain_id": "5208042011", "name": "ANDALAN"}, "geometry": {"type": "Polygon", "coordinates": [[[116.375, -8.254], [116.369, -8.211], [116.353, -8.212], [116.362, -8.266], [116.357, -8.307], [116.365, -8.34], [116.378, -8.353], [116.368, -8.326], [116.374, -8.3], [116.37, -8.287], [116.375, -8.286], [116.363, -8.268], [116.364, -8.256], [116.375, -8.254]]]}}, {"type": "Feature", "properties": {"domain_id": "5208052002", "name": "PEMENANG BARAT"}, "geometry": {"type": "Polygon", "coordinates": [[[116.1, -8.424], [116.105, -8.413], [116.099, -8.394], [116.08, -8.402], [116.083, -8.42], [116.1, -8.424]]]}}, {"type": "Feature", "properties": {"domain_id": "5271011010", "name": "KEBUN SARI"}, "geometry": {"type": "Polygon", "coordinates": [[[116.103, -8.574], [116.096, -8.572], [116.093, -8.577], [116.103, -8.574]]]}}, {"type": "Feature", "properties": {"domain_id": "5271011011", "name": "PAJARAKAN KARYA"}, "geometry": {"type": "Polygon", "coordinates": [[[116.104, -8.564], [116.092, -8.566], [116.091, -8.576], [116.103, -8.574], [116.104, -8.564]]]}}, {"type": "Feature", "properties": {"domain_id": "5271011005", "name": "AMPENAN TENGAH"}, "geometry": {"type": "Polygon", "coordinates": [[[116.084, -8.575], [116.086, -8.568], [116.072, -8.57], [116.084, -8.575]]]}}, {"type": "Feature", "properties": {"domain_id": "5271051001", "name": "MATARAM BARAT"}, "geometry": {"type": "Polygon", "coordinates": [[[116.102, -8.579], [116.1, -8.588], [116.108, -8.588], [116.109, -8.58], [116.102, -8.579]]]}}, {"type": "Feature", "properties": {"domain_id": "5271041002", "name": "TANJUNG KARANG"}, "geometry": {"type": "Polygon", "coordinates": [[[116.077, -8.59], [116.072, -8.587], [116.076, -8.598], [116.085, -8.598], [116.077, -8.59]]]}}, {"type": "Feature", "properties": {"domain_id": "5271051008", "name": "MONJOK TIMUR"}, "geometry": {"type": "Polygon", "coordinates": [[[116.127, -8.578], [116.11, -8.577], [116.109, -8.58], [116.127, -8.578]]]}}, {"type": "Feature", "properties": {"domain_id": "5271051006", "name": "GOMONG"}, "geometry": {"type": "Polygon", "coordinates": [[[116.102, -8.579], [116.095, -8.589], [116.101, -8.595], [116.102, -8.579]]]}}, {"type": "Feature", "properties": {"domain_id": "5271051007", "name": "DASAN AGUNG BARU"}, "geometry": {"type": "Polygon", "coordinates": [[[116.091, -8.576], [116.086, -8.583], [116.094, -8.589], [116.1, -8.581], [116.091, -8.576]]]}}, {"type": "Feature", "properties": {"domain_id": "5271061002", "name": "BABAKAN"}, "geometry": {"type": "Polygon", "coordinates": [[[116.136, -8.6], [116.132, -8.603], [116.136, -8.612], [116.136, -8.6]]]}}, {"type": "Feature", "properties": {"domain_id": "5271061005", "name": "ABIAN TUBUH BARU"}, "geometry": {"type": "Polygon", "coordinates": [[[116.129, -8.597], [116.126, -8.606], [116.134, -8.606], [116.129, -8.597]]]}}, {"type": "Feature", "properties": {"domain_id": "5272011001", "name": "PARUGA"}, "geometry": {"type": "Polygon", "coordinates": [[[118.712, -8.453], [118.716, -8.464], [118.723, -8.464], [118.717, -8.473], [118.71, -8.471], [118.711, -8.489], [118.716, -8.499], [118.725, -8.503], [118.715, -8.479], [118.732, -8.457], [118.714, -8.459], [118.712, -8.453]]]}}, {"type": "Feature", "properties": {"domain_id": "5272011003", "name": "SARAE"}, "geometry": {"type": "Polygon", "coordinates": [[[118.73, -8.447], [118.724, -8.453], [118.732, -8.452], [118.73, -8.447]]]}}, {"type": "Feature", "properties": {"domain_id": "5271061006", "name": "TURIDA"}, "geometry": {"type": "Polygon", "coordinates": [[[116.153, -8.608], [116.142, -8.597], [116.136, -8.6], [116.136, -8.612], [116.153, -8.608]]]}}, {"type": "Feature", "properties": {"domain_id": "5272021008", "name": "LAMPE"}, "geometry": {"type": "Polygon", "coordinates": [[[118.826, -8.505], [118.814, -8.498], [118.81, -8.508], [118.797, -8.508], [118.801, -8.532], [118.82, -8.522], [118.826, -8.505]]]}}, {"type": "Feature", "properties": {"domain_id": "5272041006", "name": "NITU"}, "geometry": {"type": "Polygon", "coordinates": [[[118.745, -8.495], [118.728, -8.502], [118.729, -8.511], [118.758, -8.521], [118.759, -8.502], [118.749, -8.507], [118.745, -8.495]]]}}, {"type": "Feature", "properties": {"domain_id": "5272031004", "name": "KOLO"}, "geometry": {"type": "Polygon", "coordinates": [[[118.737, -8.341], [118.729, -8.343], [118.729, -8.359], [118.702, -8.388], [118.712, -8.405], [118.698, -8.409], [118.705, -8.418], [118.742, -8.4], [118.747, -8.377], [118.737, -8.341]]]}}, {"type": "Feature", "properties": {"domain_id": "5272041001", "name": "PENARAGA"}, "geometry": {"type": "Polygon", "coordinates": [[[118.766, -8.466], [118.76, -8.459], [118.753, -8.464], [118.766, -8.466]]]}}, {"type": "Feature", "properties": {"domain_id": "5272051007", "name": "MANDE"}, "geometry": {"type": "Polygon", "coordinates": [[[118.751, -8.47], [118.744, -8.466], [118.741, -8.473], [118.75, -8.475], [118.751, -8.47]]]}}, {"type": "Feature", "properties": {"domain_id": "5272051005", "name": "PENATOI"}, "geometry": {"type": "Polygon", "coordinates": [[[118.752, -8.457], [118.745, -8.461], [118.755, -8.464], [118.752, -8.457]]]}}, {"type": "Feature", "properties": {"domain_id": "5203012006", "name": "SENYIUR"}, "geometry": {"type": "Polygon", "coordinates": [[[116.474, -8.756], [116.471, -8.749], [116.465, -8.752], [116.461, -8.77], [116.45, -8.775], [116.468, -8.774], [116.476, -8.766], [116.474, -8.756]]]}}, {"type": "Feature", "properties": {"domain_id": "5201032005", "name": "BATU KUTA"}, "geometry": {"type": "Polygon", "coordinates": [[[116.2, -8.6], [116.186, -8.6], [116.186, -8.606], [116.208, -8.603], [116.2, -8.6]]]}}, {"type": "Feature", "properties": {"domain_id": "5201072009", "name": "TAMAN BARU"}, "geometry": {"type": "Polygon", "coordinates": [[[116.09, -8.799], [116.083, -8.79], [116.082, -8.798], [116.067, -8.796], [116.05, -8.781], [116.052, -8.791], [116.0, -8.806], [116.029, -8.807], [116.065, -8.824], [116.086, -8.827], [116.107, -8.817], [116.098, -8.819], [116.09, -8.799]]]}}, {"type": "Feature", "properties": {"domain_id": "5201122001", "name": "LINGSAR"}, "geometry": {"type": "Polygon", "coordinates": [[[116.189, -8.569], [116.166, -8.575], [116.175, -8.582], [116.182, -8.577], [116.187, -8.581], [116.189, -8.569]]]}}, {"type": "Feature", "properties": {"domain_id": "5201142003", "name": "SANDIK"}, "geometry": {"type": "Polygon", "coordinates": [[[116.094, -8.535], [116.084, -8.517], [116.081, -8.539], [116.091, -8.549], [116.098, -8.544], [116.094, -8.535]]]}}, {"type": "Feature", "properties": {"domain_id": "5201142007", "name": "BENGKAUNG"}, "geometry": {"type": "Polygon", "coordinates": [[[116.069, -8.462], [116.059, -8.469], [116.082, -8.488], [116.083, -8.515], [116.094, -8.535], [116.092, -8.504], [116.069, -8.462]]]}}, {"type": "Feature", "properties": {"domain_id": "5201152005", "name": "KURIPAN TIMUR"}, "geometry": {"type": "Polygon", "coordinates": [[[116.196, -8.674], [116.194, -8.667], [116.172, -8.671], [116.181, -8.68], [116.196, -8.674]]]}}, {"type": "Feature", "properties": {"domain_id": "5202022003", "name": "JELANTIK"}, "geometry": {"type": "Polygon", "coordinates": [[[116.23, -8.656], [116.208, -8.65], [116.201, -8.674], [116.217, -8.682], [116.233, -8.67], [116.23, -8.656]]]}}, {"type": "Feature", "properties": {"domain_id": "5202022012", "name": "BONJERUK"}, "geometry": {"type": "Polygon", "coordinates": [[[116.233, -8.636], [116.217, -8.63], [116.207, -8.649], [116.228, -8.658], [116.236, -8.651], [116.233, -8.636]]]}}, {"type": "Feature", "properties": {"domain_id": "5202032006", "name": "TAMPAK SIRING"}, "geometry": {"type": "Polygon", "coordinates": [[[116.341, -8.585], [116.328, -8.595], [116.329, -8.615], [116.339, -8.611], [116.347, -8.596], [116.341, -8.585]]]}}, {"type": "Feature", "properties": {"domain_id": "5202042012", "name": "MERTAK"}, "geometry": {"type": "Polygon", "coordinates": [[[116.275, -8.797], [116.271, -8.803], [116.263, -8.795], [116.253, -8.801], [116.241, -8.849], [116.271, -8.843], [116.272, -8.823], [116.282, -8.814], [116.281, -8.799], [116.275, -8.797]]]}}, {"type": "Feature", "properties": {"domain_id": "5202072001", "name": "LEKOR"}, "geometry": {"type": "Polygon", "coordinates": [[[116.444, -8.729], [116.445, -8.721], [116.433, -8.715], [116.424, -8.723], [116.421, -8.754], [116.435, -8.756], [116.444, -8.748], [116.444, -8.729]]]}}, {"type": "Feature", "properties": {"domain_id": "5202102012", "name": "PRAI MEKE"}, "geometry": {"type": "Polygon", "coordinates": [[[116.335, -8.7], [116.322, -8.696], [116.314, -8.708], [116.328, -8.712], [116.335, -8.7]]]}}, {"type": "Feature", "properties": {"domain_id": "5202082011", "name": "SISIK"}, "geometry": {"type": "Polygon", "coordinates": [[[116.23, -8.618], [116.208, -8.62], [116.209, -8.63], [116.221, -8.629], [116.233, -8.636], [116.227, -8.625], [116.23, -8.618]]]}}, {"type": "Feature", "properties": {"domain_id": "5202092006", "name": "DASAN BARU"}, "geometry": {"type": "Polygon", "coordinates": [[[116.369, -8.655], [116.346, -8.646], [116.332, -8.653], [116.361, -8.672], [116.36, -8.664], [116.371, -8.663], [116.369, -8.655]]]}}, {"type": "Feature", "properties": {"domain_id": "5202101003", "name": "SASAKE"}, "geometry": {"type": "Polygon", "coordinates": [[[116.295, -8.721], [116.276, -8.736], [116.258, -8.736], [116.255, -8.742], [116.281, -8.74], [116.276, -8.748], [116.287, -8.757], [116.289, -8.739], [116.301, -8.734], [116.291, -8.729], [116.301, -8.726], [116.295, -8.721]]]}}, {"type": "Feature", "properties": {"domain_id": "5202112005", "name": "DAREK"}, "geometry": {"type": "Polygon", "coordinates": [[[116.227, -8.724], [116.194, -8.732], [116.2, -8.748], [116.196, -8.775], [116.204, -8.775], [116.206, -8.763], [116.22, -8.752], [116.227, -8.724]]]}}, {"type": "Feature", "properties": {"domain_id": "5203022007", "name": "RUMBUK TIMUR"}, "geometry": {"type": "Polygon", "coordinates": [[[116.499, -8.661], [116.488, -8.662], [116.495, -8.672], [116.492, -8.68], [116.511, -8.674], [116.499, -8.661]]]}}, {"type": "Feature", "properties": {"domain_id": "5203022008", "name": "SUWANGI TIMUR"}, "geometry": {"type": "Polygon", "coordinates": [[[116.456, -8.695], [116.467, -8.68], [116.461, -8.672], [116.445, -8.676], [116.446, -8.686], [116.452, -8.686], [116.45, -8.694], [116.456, -8.695]]]}}, {"type": "Feature", "properties": {"domain_id": "5203052009", "name": "LENDANG NANGKA UTARA"}, "geometry": {"type": "Polygon", "coordinates": [[[116.445, -8.563], [116.445, -8.559], [116.435, -8.562], [116.431, -8.543], [116.423, -8.574], [116.432, -8.589], [116.443, -8.585], [116.442, -8.577], [116.449, -8.573], [116.445, -8.563]]]}}, {"type": "Feature", "properties": {"domain_id": "5205032007", "name": "JALA"}, "geometry": {"type": "Polygon", "coordinates": [[[118.439, -8.716], [118.429, -8.715], [118.418, -8.732], [118.422, -8.736], [118.433, -8.732], [118.439, -8.716]]]}}, {"type": "Feature", "properties": {"domain_id": "5203152004", "name": "BILOK PETUNG"}, "geometry": {"type": "Polygon", "coordinates": [[[116.503, -8.254], [116.494, -8.246], [116.472, -8.269], [116.473, -8.304], [116.512, -8.303], [116.505, -8.291], [116.511, -8.271], [116.497, -8.264], [116.503, -8.254]]]}}, {"type": "Feature", "properties": {"domain_id": "5203172001", "name": "LABUHAN HAJI"}, "geometry": {"type": "Polygon", "coordinates": [[[116.572, -8.684], [116.556, -8.684], [116.565, -8.69], [116.555, -8.71], [116.56, -8.717], [116.572, -8.7], [116.58, -8.701], [116.572, -8.684]]]}}, {"type": "Feature", "properties": {"domain_id": "5205032008", "name": "SAWE"}, "geometry": {"type": "Polygon", "coordinates": [[[118.51, -8.729], [118.452, -8.712], [118.445, -8.718], [118.452, -8.72], [118.446, -8.73], [118.455, -8.729], [118.464, -8.742], [118.491, -8.735], [118.499, -8.746], [118.512, -8.744], [118.51, -8.729]]]}}, {"type": "Feature", "properties": {"domain_id": "5204022009", "name": "PERUNG"}, "geometry": {"type": "MultiPolygon", "coordinates": [[[[117.384, -8.983], [117.382, -8.974], [117.359, -8.97], [117.21, -8.985], [117.22, -9.004], [117.207, -9.005], [117.198, -9.019], [117.225, -9.021], [117.29, -9.046], [117.306, -9.042], [117.324, -9.056], [117.348, -9.042], [117.364, -9.056], [117.371, -9.047], [117.385, -9.052], [117.389, -9.046], [117.384, -9.015], [117.391, -8.999], [117.384, -8.983]]]]}}, {"type": "Feature", "properties": {"domain_id": "5204052003", "name": "KALIMANGO"}, "geometry": {"type": "Polygon", "coordinates": [[[116.995, -8.521], [116.983, -8.553], [117.0, -8.584], [117.009, -8.561], [116.995, -8.521]]]}}, {"type": "Feature", "properties": {"domain_id": "5204072005", "name": "BATU DULANG"}, "geometry": {"type": "Polygon", "coordinates": [[[117.279, -8.552], [117.262, -8.563], [117.242, -8.552], [117.227, -8.552], [117.213, -8.572], [117.214, -8.581], [117.238, -8.61], [117.262, -8.624], [117.317, -8.611], [117.324, -8.603], [117.342, -8.604], [117.315, -8.574], [117.299, -8.572], [117.279, -8.552]]]}}, {"type": "Feature", "properties": {"domain_id": "5204182006", "name": "BAJO MEDANG"}, "geometry": {"type": "MultiPolygon", "coordinates": [[[[117.406, -8.129], [117.396, -8.13], [117.401, -8.143], [117.424, -8.138], [117.406, -8.129]]]]}}, {"type": "Feature", "properties": {"domain_id": "5206012011", "name": "SAKURU"}, "geometry": {"type": "Polygon", "coordinates": [[[118.698, -8.621], [118.693, -8.616], [118.657, -8.643], [118.653, -8.665], [118.699, -8.64], [118.698, -8.621]]]}}, {"type": "Feature", "properties": {"domain_id": "5204192002", "name": "SEKOKAT"}, "geometry": {"type": "Polygon", "coordinates": [[[117.727, -8.853], [117.705, -8.852], [117.703, -8.92], [117.744, -8.919], [117.728, -8.904], [117.725, -8.883], [117.738, -8.862], [117.727, -8.853]]]}}, {"type": "Feature", "properties": {"domain_id": "5204282001", "name": "SENAWANG"}, "geometry": {"type": "Polygon", "coordinates": [[[117.265, -8.757], [117.266, -8.746], [117.284, -8.722], [117.28, -8.705], [117.239, -8.713], [117.235, -8.728], [117.212, -8.747], [117.218, -8.755], [117.196, -8.771], [117.185, -8.771], [117.151, -8.812], [117.23, -8.843], [117.236, -8.829], [117.267, -8.823], [117.274, -8.81], [117.276, -8.795], [117.263, -8.79], [117.265, -8.757]]]}}, {"type": "Feature", "properties": {"domain_id": "5204282002", "name": "KELAWIS"}, "geometry": {"type": "Polygon", "coordinates": [[[117.187, -8.771], [117.183, -8.762], [117.17, -8.763], [117.167, -8.748], [117.144, -8.748], [117.158, -8.807], [117.165, -8.791], [117.187, -8.771]]]}}, {"type": "Feature", "properties": {"domain_id": "5205012007", "name": "O'O"}, "geometry": {"type": "Polygon", "coordinates": [[[118.483, -8.497], [118.477, -8.482], [118.461, -8.475], [118.459, -8.506], [118.466, -8.516], [118.486, -8.519], [118.483, -8.497]]]}}, {"type": "Feature", "properties": {"domain_id": "5205022007", "name": "DORO KOBO"}, "geometry": {"type": "Polygon", "coordinates": [[[118.296, -8.505], [118.274, -8.504], [118.271, -8.523], [118.292, -8.521], [118.296, -8.505]]]}}, {"type": "Feature", "properties": {"domain_id": "5205052012", "name": "SERA KAPI"}, "geometry": {"type": "Polygon", "coordinates": [[[118.46, -8.478], [118.455, -8.472], [118.44, -8.477], [118.432, -8.496], [118.462, -8.489], [118.46, -8.478]]]}}, {"type": "Feature", "properties": {"domain_id": "5206062004", "name": "BUGIS"}, "geometry": {"type": "Polygon", "coordinates": [[[119.02, -8.577], [119.021, -8.573], [119.015, -8.574], [119.017, -8.564], [119.01, -8.578], [119.001, -8.576], [119.012, -8.584], [119.02, -8.577]]]}}, {"type": "Feature", "properties": {"domain_id": "5206082010", "name": "RORA"}, "geometry": {"type": "Polygon", "coordinates": [[[118.528, -8.454], [118.482, -8.46], [118.483, -8.466], [118.49, -8.475], [118.512, -8.479], [118.528, -8.454]]]}}, {"type": "Feature", "properties": {"domain_id": "5206092002", "name": "BORO"}, "geometry": {"type": "MultiPolygon", "coordinates": [[[[118.277, -8.344], [118.275, -8.334], [118.265, -8.36], [118.254, -8.368], [118.239, -8.397], [118.193, -8.426], [118.201, -8.433], [118.221, -8.429], [118.28, -8.374], [118.287, -8.361], [118.28, -8.365], [118.272, -8.359], [118.277, -8.344]]], [[[118.285, -8.359], [118.285, -8.358], [118.284, -8.358], [118.285, -8.359]]]]}}, {"type": "Feature", "properties": {"domain_id": "5206102002", "name": "TOLOWATA"}, "geometry": {"type": "Polygon", "coordinates": [[[118.82, -8.337], [118.797, -8.324], [118.786, -8.333], [118.771, -8.334], [118.764, -8.366], [118.745, -8.383], [118.77, -8.379], [118.781, -8.369], [118.793, -8.371], [118.792, -8.358], [118.82, -8.337]]]}}, {"type": "Feature", "properties": {"domain_id": "5206132005", "name": "MONGGO"}, "geometry": {"type": "Polygon", "coordinates": [[[118.542, -8.475], [118.543, -8.505], [118.513, -8.501], [118.51, -8.518], [118.526, -8.514], [118.547, -8.52], [118.553, -8.509], [118.569, -8.516], [118.564, -8.478], [118.542, -8.475]]]}}, {"type": "Feature", "properties": {"domain_id": "5206152002", "name": "PUNTI"}, "geometry": {"type": "MultiPolygon", "coordinates": [[[[118.692, -8.396], [118.636, -8.408], [118.641, -8.418], [118.672, -8.423], [118.672, -8.439], [118.687, -8.446], [118.693, -8.42], [118.683, -8.412], [118.689, -8.411], [118.692, -8.397], [118.698, -8.397], [118.692, -8.396]]], [[[118.697, -8.449], [118.698, -8.446], [118.692, -8.449], [118.697, -8.449]]]]}}, {"type": "Feature", "properties": {"domain_id": "5206162005", "name": "LERE"}, "geometry": {"type": "MultiPolygon", "coordinates": [[[[118.588, -8.841], [118.588, -8.809], [118.493, -8.81], [118.479, -8.838], [118.477, -8.883], [118.49, -8.886], [118.497, -8.879], [118.503, -8.883], [118.509, -8.876], [118.519, -8.878], [118.559, -8.848], [118.574, -8.85], [118.588, -8.841]]]]}}, {"type": "Feature", "properties": {"domain_id": "5207042002", "name": "SEKONGKANG BAWAH"}, "geometry": {"type": "MultiPolygon", "coordinates": [[[[116.744, -8.948], [116.736, -8.948], [116.737, -8.955], [116.727, -8.958], [116.727, -8.965], [116.716, -8.966], [116.719, -8.975], [116.726, -8.97], [116.737, -8.977], [116.729, -9.006], [116.74, -8.997], [116.792, -9.036], [116.793, -8.995], [116.781, -8.992], [116.77, -9.006], [116.759, -9.008], [116.753, -8.993], [116.756, -8.948], [116.746, -8.953], [116.744, -8.948]]]]}}, {"type": "Feature", "properties": {"domain_id": "5207062008", "name": "TUANANGA"}, "geometry": {"type": "MultiPolygon", "coordinates": [[[[116.809, -8.644], [116.795, -8.62], [116.783, -8.612], [116.77, -8.629], [116.764, -8.654], [116.746, -8.663], [116.759, -8.675], [116.783, -8.674], [116.795, -8.655], [116.807, -8.657], [116.809, -8.644]]], [[[116.729, -8.685], [116.728, -8.684], [116.724, -8.688], [116.729, -8.685]]], [[[116.731, -8.682], [116.73, -8.682], [116.73, -8.684], [116.731, -8.682]]]]}}, {"type": "Feature", "properties": {"domain_id": "5207072001", "name": "MURA"}, "geometry": {"type": "Polygon", "coordinates": [[[116.895, -8.757], [116.873, -8.76], [116.868, -8.764], [116.87, -8.774], [116.859, -8.783], [116.868, -8.777], [116.877, -8.782], [116.883, -8.774], [116.887, -8.782], [116.895, -8.757]]]}}, {"type": "Feature", "properties": {"domain_id": "5208022003", "name": "GENGGELANG"}, "geometry": {"type": "Polygon", "coordinates": [[[116.23, -8.329], [116.225, -8.325], [116.219, -8.33], [116.23, -8.37], [116.251, -8.399], [116.26, -8.402], [116.248, -8.417], [116.235, -8.417], [116.243, -8.434], [116.281, -8.44], [116.311, -8.429], [116.338, -8.408], [116.33, -8.399], [116.302, -8.395], [116.268, -8.375], [116.23, -8.329]]]}}, {"type": "Feature", "properties": {"domain_id": "5208032001", "name": "KAYANGAN"}, "geometry": {"type": "Polygon", "coordinates": [[[116.274, -8.256], [116.269, -8.245], [116.236, -8.267], [116.253, -8.293], [116.273, -8.281], [116.262, -8.263], [116.274, -8.256]]]}}, {"type": "Feature", "properties": {"domain_id": "5208052004", "name": "MALAKA"}, "geometry": {"type": "Polygon", "coordinates": [[[116.08, -8.402], [116.074, -8.407], [116.057, -8.404], [116.052, -8.418], [116.042, -8.422], [116.046, -8.432], [116.036, -8.436], [116.039, -8.44], [116.032, -8.447], [116.037, -8.47], [116.071, -8.459], [116.067, -8.439], [116.082, -8.425], [116.08, -8.402]]]}}, {"type": "Feature", "properties": {"domain_id": "5271061003", "name": "BERTAIS"}, "geometry": {"type": "Polygon", "coordinates": [[[116.16, -8.586], [116.145, -8.591], [116.154, -8.599], [116.17, -8.594], [116.16, -8.586]]]}}, {"type": "Feature", "properties": {"domain_id": "5272051003", "name": "SANTI"}, "geometry": {"type": "Polygon", "coordinates": [[[118.749, -8.449], [118.74, -8.455], [118.747, -8.458], [118.749, -8.449]]]}}, {"type": "Feature", "properties": {"domain_id": "5272021009", "name": "DODU"}, "geometry": {"type": "Polygon", "coordinates": [[[118.837, -8.497], [118.832, -8.491], [118.824, -8.493], [118.824, -8.485], [118.816, -8.482], [118.789, -8.487], [118.805, -8.509], [118.814, -8.498], [118.825, -8.505], [118.837, -8.497]]]}}, {"type": "Feature", "properties": {"domain_id": "5272041004", "name": "KENDO"}, "geometry": {"type": "Polygon", "coordinates": [[[118.827, -8.455], [118.766, -8.468], [118.789, -8.482], [118.802, -8.471], [118.817, -8.469], [118.827, -8.455]]]}}, {"type": "Feature", "properties": {"domain_id": "5201072008", "name": "CENDI MANIK"}, "geometry": {"type": "Polygon", "coordinates": [[[116.062, -8.766], [116.057, -8.768], [116.049, -8.758], [116.051, -8.784], [116.067, -8.796], [116.082, -8.798], [116.083, -8.79], [116.09, -8.799], [116.086, -8.78], [116.066, -8.775], [116.062, -8.766]]]}}, {"type": "Feature", "properties": {"domain_id": "5201092012", "name": "MEKAR SARI"}, "geometry": {"type": "Polygon", "coordinates": [[[116.149, -8.458], [116.135, -8.548], [116.146, -8.532], [116.144, -8.502], [116.154, -8.481], [116.149, -8.458]]]}}, {"type": "Feature", "properties": {"domain_id": "5201152003", "name": "KURIPAN UTARA"}, "geometry": {"type": "Polygon", "coordinates": [[[116.189, -8.642], [116.181, -8.642], [116.177, -8.661], [116.17, -8.664], [116.174, -8.669], [116.194, -8.667], [116.189, -8.642]]]}}, {"type": "Feature", "properties": {"domain_id": "5202012010", "name": "MERTAK TOMBOK"}, "geometry": {"type": "Polygon", "coordinates": [[[116.304, -8.669], [116.298, -8.66], [116.287, -8.662], [116.283, -8.681], [116.289, -8.685], [116.304, -8.669]]]}}, {"type": "Feature", "properties": {"domain_id": "5202022009", "name": "NYEROT"}, "geometry": {"type": "Polygon", "coordinates": [[[116.24, -8.67], [116.224, -8.673], [116.213, -8.684], [116.216, -8.692], [116.232, -8.686], [116.24, -8.67]]]}}, {"type": "Feature", "properties": {"domain_id": "5202112002", "name": "UNGGA"}, "geometry": {"type": "Polygon", "coordinates": [[[116.2, -8.707], [116.19, -8.717], [116.2, -8.732], [116.227, -8.724], [116.214, -8.708], [116.2, -8.707]]]}}, {"type": "Feature", "properties": {"domain_id": "5203122007", "name": "PRINGGASELA SELATAN"}, "geometry": {"type": "Polygon", "coordinates": [[[116.493, -8.589], [116.487, -8.584], [116.479, -8.587], [116.483, -8.595], [116.472, -8.603], [116.475, -8.607], [116.485, -8.6], [116.499, -8.604], [116.493, -8.589]]]}}, {"type": "Feature", "properties": {"domain_id": "5203192010", "name": "PEJARING"}, "geometry": {"type": "Polygon", "coordinates": [[[116.455, -8.7], [116.442, -8.698], [116.448, -8.706], [116.455, -8.7]]]}}, {"type": "Feature", "properties": {"domain_id": "5203182005", "name": "MONTONG TANGI"}, "geometry": {"type": "Polygon", "coordinates": [[[116.506, -8.683], [116.503, -8.677], [116.49, -8.683], [116.497, -8.696], [116.506, -8.683]]]}}, {"type": "Feature", "properties": {"domain_id": "5203192006", "name": "BOROK TOYANG"}, "geometry": {"type": "Polygon", "coordinates": [[[116.488, -8.706], [116.476, -8.707], [116.478, -8.727], [116.495, -8.72], [116.488, -8.706]]]}}, {"type": "Feature", "properties": {"domain_id": "5204222008", "name": "NIJANG"}, "geometry": {"type": "Polygon", "coordinates": [[[117.411, -8.493], [117.403, -8.492], [117.403, -8.483], [117.398, -8.484], [117.392, -8.511], [117.411, -8.493]]]}}, {"type": "Feature", "properties": {"domain_id": "5204102010", "name": "MARGA KARYA"}, "geometry": {"type": "Polygon", "coordinates": [[[117.45, -8.624], [117.442, -8.621], [117.427, -8.633], [117.468, -8.659], [117.474, -8.643], [117.45, -8.624]]]}}, {"type": "Feature", "properties": {"domain_id": "5204262006", "name": "LOPOK BERU"}, "geometry": {"type": "Polygon", "coordinates": [[[117.553, -8.614], [117.536, -8.604], [117.495, -8.609], [117.511, -8.627], [117.518, -8.618], [117.528, -8.625], [117.553, -8.614]]]}}, {"type": "Feature", "properties": {"domain_id": "5205062004", "name": "BERINGIN JAYA"}, "geometry": {"type": "Polygon", "coordinates": [[[117.809, -8.287], [117.755, -8.262], [117.735, -8.266], [117.743, -8.28], [117.764, -8.289], [117.774, -8.308], [117.809, -8.287]]]}}, {"type": "Feature", "properties": {"domain_id": "5205072010", "name": "TEKA SIRE"}, "geometry": {"type": "Polygon", "coordinates": [[[118.357, -8.52], [118.339, -8.512], [118.326, -8.526], [118.33, -8.527], [118.33, -8.542], [118.344, -8.547], [118.36, -8.539], [118.364, -8.532], [118.357, -8.52]]]}}, {"type": "Feature", "properties": {"domain_id": "5205082003", "name": "LEPADI"}, "geometry": {"type": "Polygon", "coordinates": [[[118.509, -8.583], [118.503, -8.555], [118.467, -8.565], [118.47, -8.59], [118.509, -8.583]]]}}, {"type": "Feature", "properties": {"domain_id": "5201082006", "name": "BAJUR"}, "geometry": {"type": "Polygon", "coordinates": [[[116.114, -8.621], [116.111, -8.617], [116.088, -8.626], [116.103, -8.629], [116.114, -8.621]]]}}, {"type": "Feature", "properties": {"domain_id": "5201012007", "name": "BABUSSALAM"}, "geometry": {"type": "Polygon", "coordinates": [[[116.155, -8.67], [116.152, -8.666], [116.141, -8.676], [116.147, -8.692], [116.155, -8.67]]]}}, {"type": "Feature", "properties": {"domain_id": "5201012014", "name": "GIRI TEMBESI"}, "geometry": {"type": "Polygon", "coordinates": [[[116.112, -8.691], [116.106, -8.71], [116.119, -8.713], [116.108, -8.726], [116.11, -8.736], [116.122, -8.737], [116.131, -8.746], [116.141, -8.726], [116.137, -8.71], [116.112, -8.691]]]}}, {"type": "Feature", "properties": {"domain_id": "5201032010", "name": "LEBAH SEMPAGE"}, "geometry": {"type": "Polygon", "coordinates": [[[116.32, -8.5], [116.263, -8.542], [116.258, -8.565], [116.264, -8.564], [116.274, -8.542], [116.317, -8.512], [116.32, -8.5]]]}}, {"type": "Feature", "properties": {"domain_id": "5201122007", "name": "DASAN GERIA"}, "geometry": {"type": "Polygon", "coordinates": [[[116.153, -8.543], [116.147, -8.555], [116.134, -8.555], [116.132, -8.564], [116.145, -8.563], [116.153, -8.543]]]}}, {"type": "Feature", "properties": {"domain_id": "5201132001", "name": "LEMBAR"}, "geometry": {"type": "MultiPolygon", "coordinates": [[[[116.081, -8.677], [116.068, -8.679], [116.072, -8.683], [116.063, -8.711], [116.079, -8.707], [116.081, -8.69], [116.089, -8.69], [116.087, -8.678], [116.081, -8.677]]], [[[116.063, -8.735], [116.06, -8.734], [116.065, -8.736], [116.063, -8.735]]], [[[116.06, -8.733], [116.061, -8.732], [116.06, -8.73], [116.06, -8.733]]]]}}, {"type": "Feature", "properties": {"domain_id": "5202011007", "name": "GONJAK"}, "geometry": {"type": "Polygon", "coordinates": [[[116.282, -8.669], [116.273, -8.667], [116.264, -8.684], [116.283, -8.679], [116.282, -8.669]]]}}, {"type": "Feature", "properties": {"domain_id": "5202012011", "name": "AIK MUAL"}, "geometry": {"type": "Polygon", "coordinates": [[[116.289, -8.651], [116.273, -8.667], [116.297, -8.661], [116.289, -8.651]]]}}, {"type": "Feature", "properties": {"domain_id": "5202032004", "name": "MANTANG"}, "geometry": {"type": "Polygon", "coordinates": [[[116.334, -8.616], [116.325, -8.606], [116.302, -8.617], [116.334, -8.625], [116.334, -8.616]]]}}, {"type": "Feature", "properties": {"domain_id": "5202042011", "name": "TUMPAK"}, "geometry": {"type": "Polygon", "coordinates": [[[116.308, -8.807], [116.295, -8.791], [116.288, -8.795], [116.282, -8.814], [116.272, -8.823], [116.272, -8.844], [116.281, -8.841], [116.283, -8.824], [116.294, -8.82], [116.294, -8.807], [116.309, -8.814], [116.308, -8.807]]]}}, {"type": "Feature", "properties": {"domain_id": "5202052002", "name": "BANYU URIP"}, "geometry": {"type": "Polygon", "coordinates": [[[116.238, -8.847], [116.232, -8.824], [116.225, -8.823], [116.2, -8.849], [116.19, -8.87], [116.214, -8.877], [116.23, -8.867], [116.238, -8.847]]]}}, {"type": "Feature", "properties": {"domain_id": "5202072012", "name": "SETUTA"}, "geometry": {"type": "Polygon", "coordinates": [[[116.394, -8.71], [116.38, -8.695], [116.373, -8.702], [116.384, -8.727], [116.394, -8.71]]]}}, {"type": "Feature", "properties": {"domain_id": "5202112010", "name": "BATU JANGKIH"}, "geometry": {"type": "Polygon", "coordinates": [[[116.155, -8.801], [116.136, -8.808], [116.121, -8.804], [116.107, -8.817], [116.132, -8.822], [116.142, -8.831], [116.145, -8.845], [116.158, -8.836], [116.163, -8.821], [116.155, -8.801]]]}}, {"type": "Feature", "properties": {"domain_id": "5203032005", "name": "TERARA"}, "geometry": {"type": "Polygon", "coordinates": [[[116.417, -8.639], [116.409, -8.637], [116.409, -8.645], [116.425, -8.663], [116.43, -8.647], [116.417, -8.639]]]}}, {"type": "Feature", "properties": {"domain_id": "5203032010", "name": "RARANG TENGAH"}, "geometry": {"type": "Polygon", "coordinates": [[[116.399, -8.648], [116.389, -8.647], [116.38, -8.666], [116.403, -8.661], [116.399, -8.648]]]}}, {"type": "Feature", "properties": {"domain_id": "5203071008", "name": "SANDU BAYA"}, "geometry": {"type": "Polygon", "coordinates": [[[116.556, -8.639], [116.543, -8.638], [116.531, -8.647], [116.547, -8.655], [116.556, -8.639]]]}}, {"type": "Feature", "properties": {"domain_id": "5203082014", "name": "SERUNI MUMBUL"}, "geometry": {"type": "Polygon", "coordinates": [[[116.666, -8.483], [116.64, -8.462], [116.633, -8.501], [116.644, -8.51], [116.662, -8.502], [116.667, -8.498], [116.661, -8.494], [116.666, -8.483]]]}}, {"type": "Feature", "properties": {"domain_id": "5203092007", "name": "AIKMEL UTARA"}, "geometry": {"type": "Polygon", "coordinates": [[[116.527, -8.548], [116.524, -8.534], [116.511, -8.538], [116.515, -8.553], [116.524, -8.557], [116.527, -8.548]]]}}, {"type": "Feature", "properties": {"domain_id": "5203092024", "name": "KEROYA"}, "geometry": {"type": "Polygon", "coordinates": [[[116.554, -8.561], [116.549, -8.558], [116.55, -8.565], [116.543, -8.559], [116.539, -8.567], [116.546, -8.572], [116.554, -8.561]]]}}, {"type": "Feature", "properties": {"domain_id": "5203102001", "name": "OBEL-OBEL"}, "geometry": {"type": "Polygon", "coordinates": [[[116.599, -8.281], [116.531, -8.254], [116.528, -8.264], [116.539, -8.264], [116.528, -8.273], [116.54, -8.304], [116.544, -8.342], [116.552, -8.328], [116.588, -8.303], [116.592, -8.285], [116.599, -8.281]]]}}, {"type": "Feature", "properties": {"domain_id": "5203102002", "name": "BELANTING"}, "geometry": {"type": "Polygon", "coordinates": [[[116.651, -8.288], [116.599, -8.281], [116.592, -8.285], [116.588, -8.303], [116.552, -8.328], [116.544, -8.342], [116.562, -8.357], [116.609, -8.343], [116.638, -8.322], [116.648, -8.308], [116.651, -8.288]]]}}, {"type": "Feature", "properties": {"domain_id": "5203132014", "name": "BINTANG RINJANI"}, "geometry": {"type": "Polygon", "coordinates": [[[116.524, -8.605], [116.511, -8.603], [116.526, -8.615], [116.529, -8.611], [116.524, -8.605]]]}}, {"type": "Feature", "properties": {"domain_id": "5204092011", "name": "BATU BANGKA"}, "geometry": {"type": "MultiPolygon", "coordinates": [[[[117.567, -8.409], [117.537, -8.447], [117.502, -8.475], [117.508, -8.486], [117.501, -8.501], [117.531, -8.488], [117.542, -8.479], [117.543, -8.47], [117.561, -8.459], [117.563, -8.44], [117.57, -8.429], [117.567, -8.409]]], [[[117.636, -8.424], [117.628, -8.426], [117.633, -8.426], [117.636, -8.424]]]]}}, {"type": "Feature", "properties": {"domain_id": "5204232006", "name": "SONGKAR"}, "geometry": {"type": "Polygon", "coordinates": [[[117.503, -8.498], [117.508, -8.486], [117.502, -8.475], [117.514, -8.46], [117.489, -8.477], [117.49, -8.486], [117.503, -8.498]]]}}, {"type": "Feature", "properties": {"domain_id": "5204102011", "name": "MAMAN"}, "geometry": {"type": "Polygon", "coordinates": [[[117.484, -8.6], [117.475, -8.6], [117.477, -8.608], [117.468, -8.602], [117.451, -8.609], [117.45, -8.624], [117.474, -8.643], [117.481, -8.619], [117.492, -8.616], [117.483, -8.612], [117.489, -8.605], [117.484, -8.6]]]}}, {"type": "Feature", "properties": {"domain_id": "5204142014", "name": "PAMANTO"}, "geometry": {"type": "Polygon", "coordinates": [[[118.005, -8.768], [117.989, -8.775], [117.994, -8.793], [117.97, -8.822], [117.959, -8.847], [117.959, -8.88], [117.972, -8.897], [117.982, -8.893], [117.989, -8.876], [117.98, -8.861], [117.978, -8.84], [118.003, -8.799], [118.005, -8.768]]]}}, {"type": "Feature", "properties": {"domain_id": "5204232003", "name": "PENYARING"}, "geometry": {"type": "Polygon", "coordinates": [[[117.49, -8.413], [117.451, -8.412], [117.44, -8.399], [117.427, -8.396], [117.443, -8.406], [117.441, -8.464], [117.457, -8.489], [117.473, -8.479], [117.47, -8.447], [117.479, -8.434], [117.476, -8.429], [117.49, -8.413]]]}}, {"type": "Feature", "properties": {"domain_id": "5204252001", "name": "BANTULANTEH"}, "geometry": {"type": "Polygon", "coordinates": [[[118.038, -8.734], [118.027, -8.726], [118.03, -8.714], [118.026, -8.709], [118.024, -8.719], [118.011, -8.734], [118.003, -8.731], [117.996, -8.742], [118.028, -8.76], [118.038, -8.734]]]}}, {"type": "Feature", "properties": {"domain_id": "5204262001", "name": "PUNGKIT"}, "geometry": {"type": "Polygon", "coordinates": [[[117.547, -8.651], [117.533, -8.647], [117.536, -8.64], [117.523, -8.626], [117.511, -8.627], [117.503, -8.642], [117.515, -8.716], [117.531, -8.717], [117.549, -8.699], [117.567, -8.702], [117.547, -8.651]]]}}, {"type": "Feature", "properties": {"domain_id": "5204272001", "name": "TATEBAL"}, "geometry": {"type": "Polygon", "coordinates": [[[117.449, -8.767], [117.44, -8.774], [117.402, -8.746], [117.381, -8.76], [117.357, -8.748], [117.343, -8.792], [117.363, -8.8], [117.327, -8.846], [117.371, -8.891], [117.388, -8.923], [117.403, -8.879], [117.425, -8.849], [117.407, -8.819], [117.41, -8.802], [117.445, -8.781], [117.451, -8.773], [117.449, -8.767]]]}}, {"type": "Feature", "properties": {"domain_id": "5204292001", "name": "LANTUNG"}, "geometry": {"type": "Polygon", "coordinates": [[[117.567, -8.702], [117.549, -8.699], [117.528, -8.717], [117.528, -8.75], [117.522, -8.76], [117.574, -8.802], [117.591, -8.771], [117.587, -8.749], [117.574, -8.737], [117.567, -8.702]]]}}, {"type": "Feature", "properties": {"domain_id": "5202032009", "name": "PAGUTAN"}, "geometry": {"type": "Polygon", "coordinates": [[[116.289, -8.622], [116.273, -8.632], [116.263, -8.632], [116.258, -8.643], [116.284, -8.642], [116.293, -8.629], [116.289, -8.622]]]}}, {"type": "Feature", "properties": {"domain_id": "5202042009", "name": "KUTA"}, "geometry": {"type": "Polygon", "coordinates": [[[116.328, -8.785], [116.298, -8.78], [116.298, -8.786], [116.317, -8.795], [116.328, -8.785]]]}}, {"type": "Feature", "properties": {"domain_id": "5204292002", "name": "SEPUKUR"}, "geometry": {"type": "Polygon", "coordinates": [[[117.574, -8.802], [117.522, -8.76], [117.501, -8.772], [117.491, -8.788], [117.49, -8.808], [117.499, -8.823], [117.511, -8.828], [117.511, -8.842], [117.518, -8.846], [117.539, -8.817], [117.554, -8.817], [117.565, -8.826], [117.575, -8.822], [117.574, -8.802]]]}}, {"type": "Feature", "properties": {"domain_id": "5205011001", "name": "BADA"}, "geometry": {"type": "Polygon", "coordinates": [[[118.507, -8.535], [118.494, -8.528], [118.467, -8.538], [118.463, -8.532], [118.458, -8.539], [118.476, -8.541], [118.482, -8.536], [118.506, -8.542], [118.507, -8.535]]]}}, {"type": "Feature", "properties": {"domain_id": "5271021014", "name": "PAGUTAN BARAT"}, "geometry": {"type": "Polygon", "coordinates": [[[116.114, -8.604], [116.103, -8.608], [116.105, -8.613], [116.115, -8.611], [116.114, -8.604]]]}}, {"type": "Feature", "properties": {"domain_id": "5205032003", "name": "HU'U"}, "geometry": {"type": "Polygon", "coordinates": [[[118.492, -8.815], [118.424, -8.784], [118.408, -8.758], [118.393, -8.767], [118.386, -8.764], [118.372, -8.78], [118.38, -8.787], [118.379, -8.828], [118.388, -8.843], [118.412, -8.868], [118.45, -8.885], [118.462, -8.88], [118.468, -8.882], [118.467, -8.889], [118.48, -8.885], [118.474, -8.867], [118.479, -8.838], [118.484, -8.82], [118.492, -8.815]]]}}, {"type": "Feature", "properties": {"domain_id": "5205042002", "name": "LASI"}, "geometry": {"type": "Polygon", "coordinates": [[[118.486, -8.351], [118.44, -8.315], [118.423, -8.294], [118.423, -8.287], [118.389, -8.304], [118.419, -8.321], [118.443, -8.326], [118.471, -8.36], [118.486, -8.351]]]}}, {"type": "Feature", "properties": {"domain_id": "5205052004", "name": "SANEO"}, "geometry": {"type": "Polygon", "coordinates": [[[118.499, -8.347], [118.496, -8.342], [118.462, -8.379], [118.43, -8.387], [118.408, -8.403], [118.417, -8.412], [118.414, -8.433], [118.428, -8.433], [118.435, -8.443], [118.433, -8.485], [118.453, -8.472], [118.461, -8.477], [118.496, -8.383], [118.499, -8.347]]]}}, {"type": "Feature", "properties": {"domain_id": "5206012014", "name": "TOLOUWI"}, "geometry": {"type": "Polygon", "coordinates": [[[118.676, -8.808], [118.659, -8.762], [118.65, -8.755], [118.637, -8.725], [118.624, -8.731], [118.638, -8.751], [118.641, -8.774], [118.653, -8.772], [118.657, -8.809], [118.676, -8.808]]]}}, {"type": "Feature", "properties": {"domain_id": "5206062001", "name": "SARI"}, "geometry": {"type": "Polygon", "coordinates": [[[118.913, -8.598], [118.911, -8.552], [118.897, -8.561], [118.877, -8.591], [118.866, -8.594], [118.861, -8.615], [118.865, -8.619], [118.913, -8.598]]]}}, {"type": "Feature", "properties": {"domain_id": "5206022005", "name": "LEU"}, "geometry": {"type": "MultiPolygon", "coordinates": [[[[118.617, -8.513], [118.61, -8.513], [118.6, -8.527], [118.606, -8.542], [118.616, -8.519], [118.629, -8.529], [118.63, -8.519], [118.617, -8.513]]], [[[118.628, -8.504], [118.622, -8.508], [118.627, -8.509], [118.628, -8.504]]]]}}, {"type": "Feature", "properties": {"domain_id": "5206042001", "name": "NCERA"}, "geometry": {"type": "Polygon", "coordinates": [[[118.76, -8.627], [118.748, -8.622], [118.738, -8.64], [118.749, -8.638], [118.75, -8.664], [118.787, -8.656], [118.76, -8.627]]]}}, {"type": "Feature", "properties": {"domain_id": "5206042002", "name": "LIDO"}, "geometry": {"type": "Polygon", "coordinates": [[[118.745, -8.627], [118.738, -8.623], [118.715, -8.636], [118.73, -8.651], [118.733, -8.669], [118.738, -8.668], [118.737, -8.632], [118.745, -8.627]]]}}, {"type": "Feature", "properties": {"domain_id": "5202042016", "name": "BANGKET PARAK"}, "geometry": {"type": "Polygon", "coordinates": [[[116.34, -8.805], [116.333, -8.808], [116.324, -8.792], [116.325, -8.799], [116.309, -8.805], [116.308, -8.811], [116.316, -8.82], [116.337, -8.814], [116.338, -8.827], [116.347, -8.836], [116.35, -8.82], [116.34, -8.805]]]}}, {"type": "Feature", "properties": {"domain_id": "5202052001", "name": "BONDER"}, "geometry": {"type": "Polygon", "coordinates": [[[116.25, -8.775], [116.234, -8.757], [116.229, -8.759], [116.217, -8.795], [116.232, -8.794], [116.25, -8.775]]]}}, {"type": "Feature", "properties": {"domain_id": "5202052005", "name": "SETANGGOR"}, "geometry": {"type": "Polygon", "coordinates": [[[116.229, -8.759], [116.228, -8.752], [116.216, -8.753], [116.205, -8.763], [116.204, -8.775], [116.224, -8.767], [116.229, -8.759]]]}}, {"type": "Feature", "properties": {"domain_id": "5202072003", "name": "JANAPRIA"}, "geometry": {"type": "Polygon", "coordinates": [[[116.414, -8.682], [116.403, -8.678], [116.381, -8.694], [116.381, -8.699], [116.394, -8.71], [116.404, -8.699], [116.409, -8.705], [116.414, -8.682]]]}}, {"type": "Feature", "properties": {"domain_id": "5202092005", "name": "KOPANG REMBIGA"}, "geometry": {"type": "Polygon", "coordinates": [[[116.355, -8.624], [116.344, -8.635], [116.346, -8.646], [116.368, -8.656], [116.367, -8.627], [116.355, -8.624]]]}}, {"type": "Feature", "properties": {"domain_id": "5202101001", "name": "GERANTUNG"}, "geometry": {"type": "Polygon", "coordinates": [[[116.314, -8.708], [116.306, -8.707], [116.295, -8.721], [116.312, -8.727], [116.315, -8.72], [116.328, -8.716], [116.314, -8.708]]]}}, {"type": "Feature", "properties": {"domain_id": "5203212003", "name": "LENEK DAYA"}, "geometry": {"type": "Polygon", "coordinates": [[[116.503, -8.561], [116.49, -8.532], [116.477, -8.538], [116.507, -8.585], [116.511, -8.577], [116.496, -8.563], [116.503, -8.561]]]}}, {"type": "Feature", "properties": {"domain_id": "5206102006", "name": "KOLE"}, "geometry": {"type": "Polygon", "coordinates": [[[118.864, -8.414], [118.851, -8.412], [118.832, -8.393], [118.813, -8.385], [118.772, -8.408], [118.789, -8.412], [118.802, -8.428], [118.806, -8.412], [118.812, -8.412], [118.825, -8.426], [118.868, -8.439], [118.864, -8.414]]]}}, {"type": "Feature", "properties": {"domain_id": "5206112011", "name": "DUMU"}, "geometry": {"type": "Polygon", "coordinates": [[[118.942, -8.678], [118.921, -8.668], [118.906, -8.673], [118.897, -8.653], [118.878, -8.673], [118.883, -8.688], [118.908, -8.68], [118.93, -8.699], [118.942, -8.678]]]}}, {"type": "Feature", "properties": {"domain_id": "5206162003", "name": "KUTA"}, "geometry": {"type": "MultiPolygon", "coordinates": [[[[118.555, -8.76], [118.501, -8.765], [118.495, -8.776], [118.501, -8.793], [118.493, -8.81], [118.588, -8.809], [118.576, -8.787], [118.557, -8.775], [118.555, -8.76]]], [[[118.503, -8.884], [118.502, -8.883], [118.502, -8.884], [118.503, -8.884]]]]}}, {"type": "Feature", "properties": {"domain_id": "5203212010", "name": "KALIJAGA BARU"}, "geometry": {"type": "Polygon", "coordinates": [[[116.585, -8.608], [116.563, -8.595], [116.553, -8.6], [116.579, -8.613], [116.585, -8.608]]]}}, {"type": "Feature", "properties": {"domain_id": "5204092009", "name": "SERADING"}, "geometry": {"type": "Polygon", "coordinates": [[[117.492, -8.546], [117.485, -8.544], [117.474, -8.559], [117.482, -8.595], [117.519, -8.592], [117.536, -8.578], [117.538, -8.574], [117.519, -8.567], [117.519, -8.556], [117.492, -8.546]]]}}, {"type": "Feature", "properties": {"domain_id": "5207062003", "name": "KIANTAR"}, "geometry": {"type": "Polygon", "coordinates": [[[116.825, -8.6], [116.826, -8.584], [116.82, -8.577], [116.802, -8.582], [116.787, -8.592], [116.783, -8.613], [116.795, -8.62], [116.825, -8.6]]]}}, {"type": "Feature", "properties": {"domain_id": "5206072001", "name": "NTOKE"}, "geometry": {"type": "Polygon", "coordinates": [[[118.89, -8.383], [118.866, -8.387], [118.865, -8.434], [118.868, -8.439], [118.876, -8.437], [118.875, -8.443], [118.887, -8.454], [118.882, -8.47], [118.896, -8.49], [118.903, -8.49], [118.924, -8.483], [118.939, -8.445], [118.938, -8.425], [118.923, -8.416], [118.924, -8.409], [118.913, -8.396], [118.89, -8.383]]]}}, {"type": "Feature", "properties": {"domain_id": "5206092005", "name": "OI SARO"}, "geometry": {"type": "Polygon", "coordinates": [[[118.227, -8.36], [118.252, -8.347], [118.23, -8.333], [118.222, -8.32], [118.208, -8.334], [118.217, -8.356], [118.227, -8.36]]]}}, {"type": "Feature", "properties": {"domain_id": "5206112002", "name": "KARUMBU"}, "geometry": {"type": "MultiPolygon", "coordinates": [[[[118.821, -8.653], [118.814, -8.659], [118.815, -8.678], [118.807, -8.698], [118.821, -8.713], [118.832, -8.713], [118.839, -8.684], [118.821, -8.653]]], [[[118.823, -8.731], [118.824, -8.736], [118.825, -8.733], [118.823, -8.731]]]]}}, {"type": "Feature", "properties": {"domain_id": "5206112001", "name": "WAWORADA"}, "geometry": {"type": "MultiPolygon", "coordinates": [[[[118.801, -8.703], [118.809, -8.702], [118.808, -8.691], [118.815, -8.678], [118.818, -8.652], [118.808, -8.647], [118.787, -8.656], [118.785, -8.69], [118.776, -8.707], [118.796, -8.709], [118.801, -8.703]]], [[[118.785, -8.731], [118.783, -8.731], [118.786, -8.735], [118.785, -8.731]]]]}}, {"type": "Feature", "properties": {"domain_id": "5206182002", "name": "BELO"}, "geometry": {"type": "Polygon", "coordinates": [[[118.702, -8.531], [118.675, -8.517], [118.681, -8.524], [118.677, -8.527], [118.681, -8.541], [118.699, -8.551], [118.706, -8.563], [118.702, -8.531]]]}}, {"type": "Feature", "properties": {"domain_id": "5271031010", "name": "CAKRANEGARA SELATAN BARU"}, "geometry": {"type": "Polygon", "coordinates": [[[116.14, -8.593], [116.129, -8.602], [116.142, -8.597], [116.14, -8.593]]]}}, {"type": "Feature", "properties": {"domain_id": "5207072003", "name": "LAMPOK"}, "geometry": {"type": "Polygon", "coordinates": [[[116.908, -8.746], [116.895, -8.753], [116.888, -8.78], [116.891, -8.777], [116.914, -8.789], [116.92, -8.784], [116.92, -8.794], [116.934, -8.794], [116.934, -8.814], [116.952, -8.82], [116.953, -8.847], [116.961, -8.859], [117.014, -8.831], [117.04, -8.828], [116.993, -8.775], [116.966, -8.786], [116.937, -8.786], [116.916, -8.765], [116.908, -8.746]]]}}, {"type": "Feature", "properties": {"domain_id": "5208052003", "name": "GILI INDAH"}, "geometry": {"type": "MultiPolygon", "coordinates": [[[[116.035, -8.362], [116.045, -8.352], [116.041, -8.339], [116.028, -8.346], [116.035, -8.362]]], [[[116.088, -8.359], [116.085, -8.35], [116.075, -8.357], [116.08, -8.365], [116.087, -8.365], [116.088, -8.359]]], [[[116.059, -8.359], [116.061, -8.346], [116.055, -8.342], [116.052, -8.349], [116.059, -8.359]]]]}}, {"type": "Feature", "properties": {"domain_id": "5271011012", "name": "DAYAN PEKEN"}, "geometry": {"type": "Polygon", "coordinates": [[[116.091, -8.566], [116.076, -8.566], [116.076, -8.571], [116.091, -8.566]]]}}, {"type": "Feature", "properties": {"domain_id": "5272031003", "name": "JATIBARU"}, "geometry": {"type": "Polygon", "coordinates": [[[118.759, -8.4], [118.743, -8.404], [118.755, -8.426], [118.75, -8.446], [118.769, -8.44], [118.755, -8.437], [118.768, -8.419], [118.759, -8.4]]]}}, {"type": "Feature", "properties": {"domain_id": "5201022010", "name": "LELEDE"}, "geometry": {"type": "Polygon", "coordinates": [[[116.12, -8.642], [116.113, -8.641], [116.116, -8.653], [116.127, -8.654], [116.12, -8.642]]]}}, {"type": "Feature", "properties": {"domain_id": "5201142008", "name": "PUSUK LESTARI"}, "geometry": {"type": "Polygon", "coordinates": [[[116.097, -8.497], [116.083, -8.465], [116.078, -8.475], [116.089, -8.497], [116.097, -8.497]]]}}, {"type": "Feature", "properties": {"domain_id": "5203012008", "name": "KETAPANG RAYA"}, "geometry": {"type": "Polygon", "coordinates": [[[116.511, -8.775], [116.503, -8.776], [116.503, -8.798], [116.511, -8.775]]]}}, {"type": "Feature", "properties": {"domain_id": "5202032005", "name": "AIK DAREK"}, "geometry": {"type": "Polygon", "coordinates": [[[116.314, -8.61], [116.304, -8.588], [116.275, -8.589], [116.277, -8.599], [116.299, -8.6], [116.302, -8.617], [116.314, -8.61]]]}}, {"type": "Feature", "properties": {"domain_id": "5202042005", "name": "PENGENGAT"}, "geometry": {"type": "MultiPolygon", "coordinates": [[[[116.257, -8.845], [116.244, -8.85], [116.239, -8.845], [116.225, -8.872], [116.208, -8.878], [116.223, -8.88], [116.221, -8.907], [116.227, -8.909], [116.23, -8.901], [116.239, -8.917], [116.245, -8.913], [116.246, -8.865], [116.254, -8.86], [116.257, -8.845]]], [[[116.224, -8.915], [116.224, -8.914], [116.223, -8.914], [116.224, -8.915]]]]}}, {"type": "Feature", "properties": {"domain_id": "5202052003", "name": "MANGKUNG"}, "geometry": {"type": "Polygon", "coordinates": [[[116.218, -8.827], [116.232, -8.809], [116.232, -8.794], [116.211, -8.8], [116.205, -8.815], [116.162, -8.817], [116.154, -8.838], [116.18, -8.857], [116.186, -8.855], [116.188, -8.865], [116.218, -8.827]]]}}, {"type": "Feature", "properties": {"domain_id": "5202082001", "name": "PRINGGARATA"}, "geometry": {"type": "Polygon", "coordinates": [[[116.261, -8.612], [116.25, -8.61], [116.242, -8.625], [116.228, -8.626], [116.233, -8.636], [116.247, -8.626], [116.26, -8.629], [116.261, -8.612]]]}}, {"type": "Feature", "properties": {"domain_id": "5202082003", "name": "MURBAYA"}, "geometry": {"type": "Polygon", "coordinates": [[[116.27, -8.605], [116.241, -8.599], [116.233, -8.603], [116.253, -8.614], [116.266, -8.61], [116.269, -8.617], [116.27, -8.605]]]}}, {"type": "Feature", "properties": {"domain_id": "5203052001", "name": "KESIK"}, "geometry": {"type": "Polygon", "coordinates": [[[116.45, -8.608], [116.437, -8.606], [116.432, -8.612], [116.443, -8.63], [116.449, -8.63], [116.45, -8.608]]]}}, {"type": "Feature", "properties": {"domain_id": "5203071004", "name": "DENGGEN"}, "geometry": {"type": "Polygon", "coordinates": [[[116.518, -8.666], [116.508, -8.657], [116.507, -8.666], [116.516, -8.682], [116.526, -8.673], [116.518, -8.666]]]}}, {"type": "Feature", "properties": {"domain_id": "5203082011", "name": "ANGGARAKSA"}, "geometry": {"type": "Polygon", "coordinates": [[[116.629, -8.598], [116.617, -8.587], [116.603, -8.595], [116.617, -8.608], [116.629, -8.598]]]}}, {"type": "Feature", "properties": {"domain_id": "5203112001", "name": "PRINGGA JURANG"}, "geometry": {"type": "Polygon", "coordinates": [[[116.412, -8.565], [116.402, -8.567], [116.407, -8.591], [116.418, -8.603], [116.41, -8.621], [116.421, -8.623], [116.425, -8.62], [116.41, -8.585], [116.416, -8.585], [116.412, -8.565]]]}}, {"type": "Feature", "properties": {"domain_id": "5203112007", "name": "PESANGGRAHAN"}, "geometry": {"type": "Polygon", "coordinates": [[[116.403, -8.564], [116.406, -8.554], [116.396, -8.513], [116.396, -8.575], [116.405, -8.597], [116.411, -8.594], [116.403, -8.564]]]}}, {"type": "Feature", "properties": {"domain_id": "5203122009", "name": "TIMBANUH"}, "geometry": {"type": "Polygon", "coordinates": [[[116.454, -8.538], [116.473, -8.538], [116.461, -8.515], [116.447, -8.505], [116.454, -8.538]]]}}, {"type": "Feature", "properties": {"domain_id": "5203142007", "name": "WANASABA LAUK"}, "geometry": {"type": "Polygon", "coordinates": [[[116.572, -8.545], [116.563, -8.534], [116.553, -8.539], [116.578, -8.562], [116.571, -8.575], [116.589, -8.577], [116.572, -8.545]]]}}, {"type": "Feature", "properties": {"domain_id": "5203142013", "name": "WANASABA DAYA"}, "geometry": {"type": "Polygon", "coordinates": [[[116.57, -8.557], [116.555, -8.543], [116.545, -8.548], [116.559, -8.566], [116.57, -8.557]]]}}, {"type": "Feature", "properties": {"domain_id": "5203182001", "name": "GELANGGANG"}, "geometry": {"type": "Polygon", "coordinates": [[[116.498, -8.705], [116.488, -8.706], [116.498, -8.725], [116.509, -8.732], [116.518, -8.73], [116.515, -8.721], [116.506, -8.721], [116.498, -8.705]]]}}, {"type": "Feature", "properties": {"domain_id": "5203182008", "name": "SURABAYA UTARA"}, "geometry": {"type": "Polygon", "coordinates": [[[116.55, -8.714], [116.529, -8.711], [116.517, -8.714], [116.515, -8.72], [116.545, -8.721], [116.553, -8.72], [116.55, -8.714]]]}}, {"type": "Feature", "properties": {"domain_id": "5203202001", "name": "BATU NAMPAR"}, "geometry": {"type": "Polygon", "coordinates": [[[116.427, -8.827], [116.415, -8.806], [116.401, -8.816], [116.417, -8.835], [116.427, -8.827]]]}}, {"type": "Feature", "properties": {"domain_id": "5203202015", "name": "PARE MAS"}, "geometry": {"type": "MultiPolygon", "coordinates": [[[[116.501, -8.812], [116.485, -8.815], [116.479, -8.824], [116.482, -8.844], [116.497, -8.841], [116.501, -8.812]]], [[[116.502, -8.82], [116.503, -8.819], [116.502, -8.819], [116.502, -8.82]]], [[[116.511, -8.814], [116.511, -8.813], [116.51, -8.813], [116.511, -8.814]]], [[[116.508, -8.813], [116.504, -8.813], [116.503, -8.815], [116.508, -8.813]]], [[[116.516, -8.813], [116.517, -8.812], [116.516, -8.812], [116.516, -8.813]]]]}}, {"type": "Feature", "properties": {"domain_id": "5271021009", "name": "PAGESANGAN BARAT"}, "geometry": {"type": "Polygon", "coordinates": [[[116.099, -8.594], [116.095, -8.592], [116.094, -8.606], [116.1, -8.608], [116.099, -8.594]]]}}, {"type": "Feature", "properties": {"domain_id": "5204102006", "name": "MOKONG"}, "geometry": {"type": "Polygon", "coordinates": [[[117.451, -8.609], [117.434, -8.609], [117.424, -8.599], [117.41, -8.596], [117.403, -8.585], [117.375, -8.598], [117.352, -8.598], [117.342, -8.606], [117.324, -8.603], [117.317, -8.611], [117.35, -8.63], [117.388, -8.628], [117.412, -8.636], [117.427, -8.633], [117.442, -8.621], [117.45, -8.624], [117.451, -8.609]]]}}, {"type": "Feature", "properties": {"domain_id": "5204102008", "name": "LESENG"}, "geometry": {"type": "Polygon", "coordinates": [[[117.463, -8.557], [117.448, -8.569], [117.451, -8.609], [117.472, -8.602], [117.467, -8.588], [117.461, -8.587], [117.466, -8.579], [117.463, -8.557]]]}}, {"type": "Feature", "properties": {"domain_id": "5204112002", "name": "LEBIN"}, "geometry": {"type": "Polygon", "coordinates": [[[117.491, -8.788], [117.451, -8.773], [117.427, -8.795], [117.41, -8.801], [117.407, -8.819], [117.42, -8.84], [117.491, -8.81], [117.491, -8.788]]]}}, {"type": "Feature", "properties": {"domain_id": "5204122006", "name": "DETE"}, "geometry": {"type": "Polygon", "coordinates": [[[117.618, -8.602], [117.613, -8.6], [117.609, -8.617], [117.589, -8.615], [117.579, -8.624], [117.591, -8.648], [117.6, -8.648], [117.602, -8.637], [117.616, -8.623], [117.618, -8.602]]]}}, {"type": "Feature", "properties": {"domain_id": "5204132006", "name": "SEPAYUNG"}, "geometry": {"type": "Polygon", "coordinates": [[[117.924, -8.744], [117.827, -8.741], [117.806, -8.743], [117.805, -8.752], [117.823, -8.785], [117.876, -8.792], [117.883, -8.815], [117.878, -8.823], [117.866, -8.827], [117.885, -8.847], [117.895, -8.849], [117.913, -8.832], [117.9, -8.816], [117.912, -8.767], [117.909, -8.759], [117.924, -8.744]]]}}, {"type": "Feature", "properties": {"domain_id": "5204222004", "name": "JOROK"}, "geometry": {"type": "Polygon", "coordinates": [[[117.438, -8.532], [117.429, -8.52], [117.418, -8.517], [117.423, -8.537], [117.418, -8.541], [117.426, -8.552], [117.438, -8.532]]]}}, {"type": "Feature", "properties": {"domain_id": "5204172007", "name": "GONTAR BARU"}, "geometry": {"type": "Polygon", "coordinates": [[[116.988, -8.479], [116.983, -8.492], [116.966, -8.493], [116.968, -8.5], [116.974, -8.501], [116.975, -8.495], [116.991, -8.499], [116.988, -8.479]]]}}, {"type": "Feature", "properties": {"domain_id": "5204202002", "name": "JURU  MAPIN"}, "geometry": {"type": "Polygon", "coordinates": [[[117.038, -8.467], [117.034, -8.454], [117.021, -8.464], [117.04, -8.481], [117.046, -8.512], [117.042, -8.521], [117.057, -8.521], [117.074, -8.535], [117.101, -8.578], [117.137, -8.577], [117.148, -8.586], [117.172, -8.584], [117.179, -8.574], [117.146, -8.545], [117.118, -8.489], [117.093, -8.471], [117.045, -8.486], [117.038, -8.467]]]}}, {"type": "Feature", "properties": {"domain_id": "5204252002", "name": "LABUHAN BONTONG"}, "geometry": {"type": "MultiPolygon", "coordinates": [[[[117.94, -8.727], [117.938, -8.721], [117.927, -8.739], [117.943, -8.747], [117.999, -8.748], [117.996, -8.742], [118.004, -8.733], [117.99, -8.722], [117.974, -8.74], [117.949, -8.744], [117.949, -8.731], [117.94, -8.727]]], [[[117.948, -8.741], [117.948, -8.74], [117.947, -8.74], [117.948, -8.741]]], [[[117.95, -8.726], [117.952, -8.722], [117.949, -8.725], [117.95, -8.726]]]]}}, {"type": "Feature", "properties": {"domain_id": "5204292004", "name": "PADESA"}, "geometry": {"type": "Polygon", "coordinates": [[[117.511, -8.71], [117.47, -8.706], [117.472, -8.725], [117.457, -8.736], [117.45, -8.753], [117.453, -8.776], [117.491, -8.788], [117.502, -8.772], [117.521, -8.76], [117.504, -8.744], [117.515, -8.721], [117.511, -8.71]]]}}, {"type": "Feature", "properties": {"domain_id": "5205062002", "name": "NANGAMIRO"}, "geometry": {"type": "MultiPolygon", "coordinates": [[[[117.765, -8.144], [117.74, -8.156], [117.733, -8.147], [117.725, -8.149], [117.727, -8.158], [117.719, -8.165], [117.766, -8.172], [117.772, -8.207], [117.782, -8.211], [117.787, -8.196], [117.808, -8.181], [117.779, -8.163], [117.765, -8.144]]], [[[117.748, -8.098], [117.737, -8.1], [117.735, -8.108], [117.752, -8.121], [117.76, -8.11], [117.748, -8.098]]]]}}, {"type": "Feature", "properties": {"domain_id": "5206022002", "name": "RASABAU"}, "geometry": {"type": "Polygon", "coordinates": [[[118.62, -8.514], [118.619, -8.507], [118.601, -8.493], [118.597, -8.477], [118.589, -8.478], [118.595, -8.499], [118.61, -8.513], [118.62, -8.514]]]}}, {"type": "Feature", "properties": {"domain_id": "5206072002", "name": "PAI"}, "geometry": {"type": "MultiPolygon", "coordinates": [[[[119.018, -8.412], [118.976, -8.427], [118.964, -8.438], [118.94, -8.432], [118.924, -8.483], [118.941, -8.483], [119.0, -8.465], [119.04, -8.444], [119.047, -8.438], [119.029, -8.442], [119.028, -8.427], [119.018, -8.412]]], [[[119.034, -8.429], [119.033, -8.429], [119.033, -8.43], [119.034, -8.429]]]]}}, {"type": "Feature", "properties": {"domain_id": "5206082005", "name": "DORI DUNGGA"}, "geometry": {"type": "Polygon", "coordinates": [[[118.625, -8.429], [118.62, -8.425], [118.606, -8.427], [118.603, -8.448], [118.613, -8.46], [118.62, -8.457], [118.625, -8.429]]]}}, {"type": "Feature", "properties": {"domain_id": "5206082006", "name": "KALA"}, "geometry": {"type": "Polygon", "coordinates": [[[118.636, -8.408], [118.615, -8.404], [118.581, -8.407], [118.625, -8.429], [118.636, -8.408]]]}}, {"type": "Feature", "properties": {"domain_id": "5206112006", "name": "DORO O\"O"}, "geometry": {"type": "MultiPolygon", "coordinates": [[[[118.784, -8.663], [118.787, -8.656], [118.742, -8.668], [118.743, -8.695], [118.748, -8.701], [118.764, -8.693], [118.777, -8.709], [118.786, -8.685], [118.784, -8.663]]], [[[118.815, -8.765], [118.814, -8.795], [118.828, -8.799], [118.835, -8.771], [118.815, -8.765]]], [[[118.82, -8.763], [118.82, -8.762], [118.819, -8.762], [118.82, -8.763]]], [[[118.818, -8.762], [118.818, -8.761], [118.817, -8.762], [118.818, -8.762]]], [[[118.775, -8.719], [118.774, -8.713], [118.773, -8.716], [118.775, -8.719]]]]}}, {"type": "Feature", "properties": {"domain_id": "5206182007", "name": "NATA"}, "geometry": {"type": "Polygon", "coordinates": [[[118.756, -8.55], [118.756, -8.542], [118.723, -8.548], [118.721, -8.56], [118.738, -8.56], [118.756, -8.55]]]}}, {"type": "Feature", "properties": {"domain_id": "5206182009", "name": "ROI"}, "geometry": {"type": "Polygon", "coordinates": [[[118.746, -8.568], [118.741, -8.558], [118.711, -8.559], [118.707, -8.569], [118.712, -8.576], [118.74, -8.581], [118.746, -8.568]]]}}, {"type": "Feature", "properties": {"domain_id": "5207042001", "name": "SEKONGKANG ATAS"}, "geometry": {"type": "Polygon", "coordinates": [[[116.89, -8.964], [116.87, -8.964], [116.854, -8.954], [116.842, -8.959], [116.826, -8.946], [116.791, -8.94], [116.791, -8.948], [116.761, -8.962], [116.753, -9.0], [116.765, -9.008], [116.781, -8.992], [116.807, -8.992], [116.824, -8.975], [116.857, -8.96], [116.862, -8.967], [116.885, -8.975], [116.89, -8.964]]]}}, {"type": "Feature", "properties": {"domain_id": "5207052006", "name": "LAMUNTET"}, "geometry": {"type": "Polygon", "coordinates": [[[116.984, -8.618], [116.973, -8.618], [116.961, -8.605], [116.935, -8.606], [116.935, -8.601], [116.932, -8.614], [116.909, -8.642], [116.919, -8.656], [116.939, -8.664], [116.941, -8.681], [116.948, -8.688], [116.96, -8.682], [116.985, -8.648], [116.984, -8.618]]]}}, {"type": "Feature", "properties": {"domain_id": "5207052004", "name": "SAPUGARA BREE"}, "geometry": {"type": "Polygon", "coordinates": [[[116.901, -8.714], [116.885, -8.728], [116.887, -8.757], [116.895, -8.757], [116.908, -8.746], [116.901, -8.714]]]}}, {"type": "Feature", "properties": {"domain_id": "5208012006", "name": "MEDANA"}, "geometry": {"type": "Polygon", "coordinates": [[[116.143, -8.405], [116.14, -8.361], [116.13, -8.365], [116.123, -8.359], [116.131, -8.404], [116.143, -8.405]]]}}, {"type": "Feature", "properties": {"domain_id": "5271041001", "name": "KARANG PULE"}, "geometry": {"type": "Polygon", "coordinates": [[[116.095, -8.607], [116.094, -8.594], [116.087, -8.605], [116.095, -8.607]]]}}, {"type": "Feature", "properties": {"domain_id": "5208032010", "name": "SANTONG MULIA"}, "geometry": {"type": "Polygon", "coordinates": [[[116.285, -8.289], [116.273, -8.281], [116.258, -8.289], [116.275, -8.296], [116.285, -8.289]]]}}, {"type": "Feature", "properties": {"domain_id": "5271011004", "name": "AMPENAN SELATAN"}, "geometry": {"type": "MultiPolygon", "coordinates": [[[[116.081, -8.577], [116.071, -8.577], [116.077, -8.59], [116.081, -8.577]]]]}}, {"type": "Feature", "properties": {"domain_id": "5272031006", "name": "ULE"}, "geometry": {"type": "MultiPolygon", "coordinates": [[[[118.742, -8.42], [118.739, -8.403], [118.706, -8.422], [118.722, -8.432], [118.723, -8.444], [118.734, -8.446], [118.742, -8.42]]], [[[118.731, -8.446], [118.729, -8.445], [118.73, -8.447], [118.731, -8.446]]]]}}, {"type": "Feature", "properties": {"domain_id": "5207082001", "name": "MALUK"}, "geometry": {"type": "Polygon", "coordinates": [[[116.787, -8.919], [116.751, -8.913], [116.76, -8.945], [116.782, -8.941], [116.782, -8.933], [116.792, -8.927], [116.787, -8.919]]]}}, {"type": "Feature", "properties": {"domain_id": "5208042005", "name": "AKAR AKAR"}, "geometry": {"type": "Polygon", "coordinates": [[[116.353, -8.212], [116.334, -8.218], [116.346, -8.253], [116.358, -8.245], [116.353, -8.212]]]}}, {"type": "Feature", "properties": {"domain_id": "5271041003", "name": "JEMPONG BARU"}, "geometry": {"type": "Polygon", "coordinates": [[[116.087, -8.603], [116.074, -8.612], [116.074, -8.624], [116.107, -8.621], [116.103, -8.609], [116.087, -8.603]]]}}, {"type": "Feature", "properties": {"domain_id": "5272011002", "name": "NAE"}, "geometry": {"type": "Polygon", "coordinates": [[[118.736, -8.454], [118.729, -8.454], [118.735, -8.458], [118.736, -8.454]]]}}, {"type": "Feature", "properties": {"domain_id": "5201032013", "name": "BADRAIN"}, "geometry": {"type": "Polygon", "coordinates": [[[116.177, -8.608], [116.172, -8.608], [116.164, -8.623], [116.173, -8.624], [116.177, -8.608]]]}}, {"type": "Feature", "properties": {"domain_id": "5201032002", "name": "NYUR LEMBANG"}, "geometry": {"type": "Polygon", "coordinates": [[[116.204, -8.587], [116.175, -8.591], [116.189, -8.598], [116.204, -8.587]]]}}, {"type": "Feature", "properties": {"domain_id": "5201032011", "name": "SESAOT"}, "geometry": {"type": "Polygon", "coordinates": [[[116.306, -8.461], [116.279, -8.479], [116.26, -8.528], [116.226, -8.551], [116.226, -8.559], [116.245, -8.551], [116.26, -8.552], [116.262, -8.545], [116.254, -8.538], [116.267, -8.533], [116.285, -8.506], [116.3, -8.495], [116.309, -8.478], [116.306, -8.461]]]}}, {"type": "Feature", "properties": {"domain_id": "5201122009", "name": "GEGERUNG"}, "geometry": {"type": "Polygon", "coordinates": [[[116.157, -8.536], [116.161, -8.515], [116.17, -8.511], [116.162, -8.508], [116.153, -8.518], [116.148, -8.546], [116.134, -8.555], [116.147, -8.555], [116.157, -8.536]]]}}, {"type": "Feature", "properties": {"domain_id": "5201132008", "name": "MAREJE TIMUR"}, "geometry": {"type": "Polygon", "coordinates": [[[116.132, -8.775], [116.109, -8.768], [116.1, -8.777], [116.092, -8.774], [116.093, -8.781], [116.12, -8.798], [116.132, -8.775]]]}}, {"type": "Feature", "properties": {"domain_id": "5201142009", "name": "BATU LAYAR BARAT"}, "geometry": {"type": "Polygon", "coordinates": [[[116.077, -8.484], [116.07, -8.48], [116.053, -8.505], [116.066, -8.527], [116.079, -8.506], [116.074, -8.503], [116.077, -8.484]]]}}, {"type": "Feature", "properties": {"domain_id": "5202011006", "name": "TIWUGALIH"}, "geometry": {"type": "Polygon", "coordinates": [[[116.297, -8.703], [116.285, -8.698], [116.273, -8.722], [116.297, -8.703]]]}}, {"type": "Feature", "properties": {"domain_id": "5202042002", "name": "SEGALA ANYAR"}, "geometry": {"type": "Polygon", "coordinates": [[[116.339, -8.798], [116.339, -8.783], [116.33, -8.773], [116.324, -8.792], [116.295, -8.788], [116.306, -8.807], [116.321, -8.803], [116.324, -8.792], [116.333, -8.808], [116.34, -8.804], [116.339, -8.798]]]}}, {"type": "Feature", "properties": {"domain_id": "5202052009", "name": "BATUJAI"}, "geometry": {"type": "Polygon", "coordinates": [[[116.246, -8.704], [116.24, -8.714], [116.234, -8.709], [116.217, -8.714], [116.227, -8.723], [116.221, -8.733], [116.246, -8.745], [116.255, -8.742], [116.26, -8.725], [116.246, -8.704]]]}}, {"type": "Feature", "properties": {"domain_id": "5202092008", "name": "DARMAJI"}, "geometry": {"type": "Polygon", "coordinates": [[[116.356, -8.67], [116.342, -8.662], [116.33, -8.678], [116.349, -8.676], [116.36, -8.692], [116.356, -8.67]]]}}, {"type": "Feature", "properties": {"domain_id": "5202112008", "name": "SERAGE"}, "geometry": {"type": "Polygon", "coordinates": [[[116.14, -8.729], [116.131, -8.745], [116.144, -8.782], [116.154, -8.792], [116.17, -8.77], [116.171, -8.743], [116.166, -8.732], [116.153, -8.738], [116.14, -8.729]]]}}, {"type": "Feature", "properties": {"domain_id": "5202122004", "name": "AIK BUKAQ"}, "geometry": {"type": "Polygon", "coordinates": [[[116.364, -8.572], [116.342, -8.566], [116.341, -8.589], [116.36, -8.587], [116.364, -8.572]]]}}, {"type": "Feature", "properties": {"domain_id": "5203012003", "name": "SELEBUNG KETANGGA"}, "geometry": {"type": "Polygon", "coordinates": [[[116.49, -8.749], [116.475, -8.753], [116.481, -8.77], [116.489, -8.765], [116.49, -8.749]]]}}, {"type": "Feature", "properties": {"domain_id": "5203022010", "name": "SONGAK"}, "geometry": {"type": "Polygon", "coordinates": [[[116.506, -8.653], [116.499, -8.652], [116.498, -8.664], [116.507, -8.666], [116.506, -8.653]]]}}, {"type": "Feature", "properties": {"domain_id": "5203042009", "name": "GELORA"}, "geometry": {"type": "Polygon", "coordinates": [[[116.429, -8.593], [116.423, -8.595], [116.431, -8.609], [116.428, -8.618], [116.438, -8.626], [116.432, -8.612], [116.437, -8.601], [116.429, -8.593]]]}}, {"type": "Feature", "properties": {"domain_id": "5203062007", "name": "SUKAMULIA TIMUR"}, "geometry": {"type": "Polygon", "coordinates": [[[116.512, -8.622], [116.505, -8.614], [116.496, -8.62], [116.514, -8.636], [116.522, -8.63], [116.527, -8.634], [116.512, -8.622]]]}}, {"type": "Feature", "properties": {"domain_id": "5203071005", "name": "SEKARTEJA"}, "geometry": {"type": "Polygon", "coordinates": [[[116.527, -8.634], [116.519, -8.631], [116.513, -8.641], [116.534, -8.646], [116.543, -8.638], [116.527, -8.634]]]}}, {"type": "Feature", "properties": {"domain_id": "5203102006", "name": "DARAKUNCI"}, "geometry": {"type": "Polygon", "coordinates": [[[116.686, -8.324], [116.651, -8.288], [116.648, -8.308], [116.635, -8.325], [116.609, -8.343], [116.562, -8.357], [116.561, -8.368], [116.61, -8.35], [116.628, -8.35], [116.658, -8.327], [116.686, -8.324]]]}}, {"type": "Feature", "properties": {"domain_id": "5203112005", "name": "JENGGIK UTARA"}, "geometry": {"type": "Polygon", "coordinates": [[[116.388, -8.582], [116.38, -8.536], [116.378, -8.597], [116.39, -8.592], [116.388, -8.582]]]}}, {"type": "Feature", "properties": {"domain_id": "5203122004", "name": "PENGADANGAN"}, "geometry": {"type": "Polygon", "coordinates": [[[116.477, -8.538], [116.455, -8.496], [116.448, -8.452], [116.437, -8.444], [116.434, -8.424], [116.424, -8.431], [116.425, -8.444], [116.446, -8.503], [116.468, -8.524], [116.473, -8.539], [116.454, -8.538], [116.462, -8.56], [116.472, -8.562], [116.479, -8.579], [116.48, -8.573], [116.495, -8.569], [116.477, -8.538]]]}}, {"type": "Feature", "properties": {"domain_id": "5203132001", "name": "ANJANI"}, "geometry": {"type": "Polygon", "coordinates": [[[116.494, -8.589], [116.512, -8.622], [116.521, -8.613], [116.512, -8.604], [116.516, -8.6], [116.494, -8.589]]]}}, {"type": "Feature", "properties": {"domain_id": "5203171005", "name": "SURYAWANGI"}, "geometry": {"type": "Polygon", "coordinates": [[[116.597, -8.659], [116.566, -8.662], [116.565, -8.671], [116.576, -8.688], [116.597, -8.659]]]}}, {"type": "Feature", "properties": {"domain_id": "5203171007", "name": "IJOBALIT"}, "geometry": {"type": "Polygon", "coordinates": [[[116.612, -8.64], [116.589, -8.63], [116.592, -8.636], [116.58, -8.643], [116.597, -8.659], [116.612, -8.64]]]}}, {"type": "Feature", "properties": {"domain_id": "5203172009", "name": "TIRTANADI"}, "geometry": {"type": "Polygon", "coordinates": [[[116.603, -8.595], [116.593, -8.596], [116.585, -8.609], [116.603, -8.614], [116.62, -8.608], [116.603, -8.595]]]}}, {"type": "Feature", "properties": {"domain_id": "5203192015", "name": "KEMBANG ARE SAMPAI"}, "geometry": {"type": "Polygon", "coordinates": [[[116.505, -8.748], [116.503, -8.742], [116.494, -8.748], [116.504, -8.756], [116.505, -8.748]]]}}, {"type": "Feature", "properties": {"domain_id": "5204092002", "name": "KAKIANG"}, "geometry": {"type": "Polygon", "coordinates": [[[117.51, -8.523], [117.493, -8.523], [117.515, -8.536], [117.511, -8.551], [117.519, -8.557], [117.521, -8.569], [117.538, -8.574], [117.563, -8.556], [117.56, -8.537], [117.547, -8.541], [117.541, -8.531], [117.51, -8.523]]]}}, {"type": "Feature", "properties": {"domain_id": "5204102007", "name": "PERNEK"}, "geometry": {"type": "Polygon", "coordinates": [[[117.43, -8.565], [117.415, -8.566], [117.403, -8.585], [117.41, -8.596], [117.424, -8.599], [117.434, -8.609], [117.451, -8.609], [117.448, -8.569], [117.43, -8.565]]]}}, {"type": "Feature", "properties": {"domain_id": "5204102012", "name": "BRANG REA"}, "geometry": {"type": "Polygon", "coordinates": [[[117.442, -8.705], [117.446, -8.66], [117.407, -8.68], [117.386, -8.678], [117.382, -8.663], [117.378, -8.7], [117.403, -8.708], [117.442, -8.705]]]}}, {"type": "Feature", "properties": {"domain_id": "5204172006", "name": "USAR MAPIN"}, "geometry": {"type": "Polygon", "coordinates": [[[116.957, -8.535], [116.965, -8.528], [116.963, -8.516], [116.954, -8.511], [116.948, -8.522], [116.957, -8.535]]]}}, {"type": "Feature", "properties": {"domain_id": "5204282004", "name": "SEBEOK"}, "geometry": {"type": "Polygon", "coordinates": [[[117.208, -8.712], [117.165, -8.71], [117.16, -8.734], [117.148, -8.745], [117.167, -8.748], [117.171, -8.764], [117.183, -8.762], [117.188, -8.772], [117.196, -8.771], [117.218, -8.755], [117.212, -8.747], [117.237, -8.724], [117.239, -8.713], [117.208, -8.712]]]}}, {"type": "Feature", "properties": {"domain_id": "5205012012", "name": "KAREKE"}, "geometry": {"type": "Polygon", "coordinates": [[[118.506, -8.542], [118.487, -8.537], [118.481, -8.546], [118.468, -8.544], [118.481, -8.561], [118.503, -8.555], [118.5, -8.548], [118.506, -8.542]]]}}, {"type": "Feature", "properties": {"domain_id": "5205022003", "name": "SORO"}, "geometry": {"type": "Polygon", "coordinates": [[[118.267, -8.574], [118.249, -8.556], [118.239, -8.559], [118.25, -8.57], [118.251, -8.587], [118.268, -8.588], [118.267, -8.574]]]}}, {"type": "Feature", "properties": {"domain_id": "5205032006", "name": "MERADA"}, "geometry": {"type": "Polygon", "coordinates": [[[118.498, -8.781], [118.412, -8.741], [118.408, -8.758], [118.417, -8.777], [118.47, -8.809], [118.492, -8.815], [118.5, -8.797], [118.498, -8.781]]]}}, {"type": "Feature", "properties": {"domain_id": "5205032004", "name": "ADU"}, "geometry": {"type": "Polygon", "coordinates": [[[118.518, -8.706], [118.498, -8.703], [118.483, -8.681], [118.463, -8.677], [118.455, -8.68], [118.449, -8.706], [118.453, -8.713], [118.51, -8.729], [118.518, -8.706]]]}}, {"type": "Feature", "properties": {"domain_id": "5205051001", "name": "MONTA BARU"}, "geometry": {"type": "Polygon", "coordinates": [[[118.433, -8.485], [118.435, -8.443], [118.428, -8.433], [118.414, -8.433], [118.411, -8.445], [118.418, -8.451], [118.424, -8.478], [118.418, -8.491], [118.425, -8.497], [118.421, -8.511], [118.433, -8.53], [118.43, -8.545], [118.418, -8.547], [118.421, -8.561], [118.432, -8.553], [118.433, -8.485]]]}}, {"type": "Feature", "properties": {"domain_id": "5205051003", "name": "SIMPASAI"}, "geometry": {"type": "Polygon", "coordinates": [[[118.448, -8.493], [118.44, -8.493], [118.438, -8.532], [118.444, -8.548], [118.458, -8.517], [118.448, -8.493]]]}}, {"type": "Feature", "properties": {"domain_id": "5206022006", "name": "TIMU"}, "geometry": {"type": "Polygon", "coordinates": [[[118.632, -8.503], [118.626, -8.503], [118.632, -8.51], [118.627, -8.517], [118.629, -8.523], [118.642, -8.525], [118.638, -8.512], [118.642, -8.504], [118.632, -8.503]]]}}, {"type": "Feature", "properties": {"domain_id": "5206072013", "name": "KALAJENA"}, "geometry": {"type": "Polygon", "coordinates": [[[119.017, -8.41], [119.012, -8.403], [119.017, -8.398], [119.008, -8.396], [118.976, -8.414], [118.94, -8.419], [118.937, -8.435], [118.964, -8.438], [118.976, -8.427], [119.006, -8.421], [119.017, -8.41]]]}}, {"type": "Feature", "properties": {"domain_id": "5206082008", "name": "MBAWA"}, "geometry": {"type": "Polygon", "coordinates": [[[118.583, -8.403], [118.573, -8.398], [118.563, -8.425], [118.549, -8.433], [118.557, -8.459], [118.547, -8.467], [118.544, -8.479], [118.566, -8.479], [118.572, -8.473], [118.592, -8.478], [118.602, -8.471], [118.592, -8.442], [118.579, -8.43], [118.583, -8.403]]]}}, {"type": "Feature", "properties": {"domain_id": "5206102004", "name": "MAWU"}, "geometry": {"type": "Polygon", "coordinates": [[[118.859, -8.289], [118.816, -8.281], [118.78, -8.304], [118.796, -8.324], [118.865, -8.368], [118.856, -8.32], [118.859, -8.289]]]}}, {"type": "Feature", "properties": {"domain_id": "5206122007", "name": "SUMI"}, "geometry": {"type": "Polygon", "coordinates": [[[119.013, -8.598], [119.004, -8.597], [119.009, -8.601], [119.003, -8.616], [119.017, -8.619], [119.018, -8.644], [119.014, -8.685], [119.004, -8.696], [119.009, -8.73], [119.017, -8.743], [119.035, -8.733], [119.045, -8.735], [119.06, -8.676], [119.055, -8.653], [119.032, -8.634], [119.035, -8.614], [119.023, -8.604], [119.013, -8.606], [119.013, -8.598]]]}}, {"type": "Feature", "properties": {"domain_id": "5206122008", "name": "SORO"}, "geometry": {"type": "MultiPolygon", "coordinates": [[[[119.023, -8.579], [119.011, -8.582], [119.013, -8.606], [119.023, -8.604], [119.037, -8.614], [119.037, -8.596], [119.03, -8.595], [119.023, -8.579]]], [[[119.04, -8.6], [119.04, -8.598], [119.039, -8.598], [119.04, -8.6]]], [[[119.046, -8.595], [119.047, -8.594], [119.046, -8.593], [119.046, -8.595]]], [[[119.041, -8.594], [119.041, -8.593], [119.04, -8.593], [119.041, -8.594]]]]}}, {"type": "Feature", "properties": {"domain_id": "5206142001", "name": "LABUHAN KENANGA"}, "geometry": {"type": "Polygon", "coordinates": [[[117.801, -8.125], [117.78, -8.126], [117.765, -8.144], [117.78, -8.163], [117.802, -8.155], [117.813, -8.158], [117.8, -8.135], [117.801, -8.125]]]}}, {"type": "Feature", "properties": {"domain_id": "5206152003", "name": "WADUKOPA"}, "geometry": {"type": "Polygon", "coordinates": [[[118.672, -8.439], [118.672, -8.423], [118.641, -8.418], [118.638, -8.412], [118.629, -8.417], [118.626, -8.431], [118.672, -8.439]]]}}, {"type": "Feature", "properties": {"domain_id": "5206172006", "name": "LONDU"}, "geometry": {"type": "Polygon", "coordinates": [[[118.79, -8.547], [118.769, -8.549], [118.772, -8.567], [118.781, -8.574], [118.79, -8.574], [118.8, -8.557], [118.79, -8.547]]]}}, {"type": "Feature", "properties": {"domain_id": "5206182003", "name": "TOLONGONDOA"}, "geometry": {"type": "Polygon", "coordinates": [[[118.721, -8.551], [118.714, -8.523], [118.706, -8.531], [118.708, -8.553], [118.721, -8.555], [118.721, -8.551]]]}}, {"type": "Feature", "properties": {"domain_id": "5206182005", "name": "TEKE"}, "geometry": {"type": "Polygon", "coordinates": [[[118.758, -8.521], [118.733, -8.514], [118.726, -8.533], [118.729, -8.547], [118.755, -8.542], [118.758, -8.521]]]}}, {"type": "Feature", "properties": {"domain_id": "5207021012", "name": "TELAGA BERTONG"}, "geometry": {"type": "Polygon", "coordinates": [[[116.838, -8.75], [116.834, -8.747], [116.819, -8.76], [116.805, -8.757], [116.801, -8.765], [116.781, -8.759], [116.778, -8.768], [116.782, -8.775], [116.793, -8.766], [116.808, -8.784], [116.811, -8.796], [116.839, -8.804], [116.848, -8.795], [116.838, -8.75]]]}}, {"type": "Feature", "properties": {"domain_id": "5207062004", "name": "POTO TANO"}, "geometry": {"type": "Polygon", "coordinates": [[[116.873, -8.529], [116.855, -8.539], [116.843, -8.539], [116.832, -8.526], [116.831, -8.515], [116.819, -8.517], [116.83, -8.538], [116.849, -8.548], [116.873, -8.529]]]}}, {"type": "Feature", "properties": {"domain_id": "5208032002", "name": "SANTONG"}, "geometry": {"type": "Polygon", "coordinates": [[[116.297, -8.308], [116.289, -8.312], [116.284, -8.306], [116.281, -8.313], [116.275, -8.307], [116.278, -8.312], [116.266, -8.318], [116.286, -8.32], [116.303, -8.334], [116.338, -8.392], [116.334, -8.41], [116.353, -8.411], [116.347, -8.402], [116.352, -8.395], [116.34, -8.386], [116.346, -8.372], [116.297, -8.308]]]}}, {"type": "Feature", "properties": {"domain_id": "5208032009", "name": "PANSOR"}, "geometry": {"type": "Polygon", "coordinates": [[[116.305, -8.317], [116.312, -8.315], [116.312, -8.309], [116.301, -8.292], [116.293, -8.298], [116.305, -8.317]]]}}, {"type": "Feature", "properties": {"domain_id": "5208042007", "name": "MUMBUL SARI"}, "geometry": {"type": "Polygon", "coordinates": [[[116.339, -8.234], [116.336, -8.215], [116.317, -8.225], [116.329, -8.268], [116.355, -8.322], [116.344, -8.288], [116.342, -8.259], [116.334, -8.244], [116.333, -8.235], [116.339, -8.234]]]}}, {"type": "Feature", "properties": {"domain_id": "5201082002", "name": "MEREMBU"}, "geometry": {"type": "Polygon", "coordinates": [[[116.162, -8.618], [116.153, -8.608], [116.15, -8.63], [116.165, -8.63], [116.169, -8.625], [116.162, -8.618]]]}}, {"type": "Feature", "properties": {"domain_id": "5201092008", "name": "PENIMBUNG"}, "geometry": {"type": "Polygon", "coordinates": [[[116.149, -8.536], [116.144, -8.535], [116.136, -8.553], [116.145, -8.55], [116.149, -8.536]]]}}, {"type": "Feature", "properties": {"domain_id": "5206032005", "name": "SAMILI"}, "geometry": {"type": "Polygon", "coordinates": [[[118.697, -8.582], [118.687, -8.565], [118.678, -8.567], [118.68, -8.58], [118.686, -8.581], [118.673, -8.592], [118.691, -8.59], [118.697, -8.582]]]}}, {"type": "Feature", "properties": {"domain_id": "5204132010", "name": "UPT. PRODE SP III"}, "geometry": {"type": "Polygon", "coordinates": [[[117.866, -8.827], [117.878, -8.823], [117.883, -8.815], [117.876, -8.792], [117.825, -8.785], [117.847, -8.8], [117.866, -8.827]]]}}, {"type": "Feature", "properties": {"domain_id": "5205011004", "name": "KARIJAWA"}, "geometry": {"type": "Polygon", "coordinates": [[[118.458, -8.538], [118.456, -8.531], [118.449, -8.534], [118.45, -8.545], [118.458, -8.538]]]}}, {"type": "Feature", "properties": {"domain_id": "5203202012", "name": "PENE"}, "geometry": {"type": "Polygon", "coordinates": [[[116.401, -8.816], [116.396, -8.818], [116.399, -8.84], [116.402, -8.834], [116.412, -8.842], [116.416, -8.834], [116.401, -8.816]]]}}, {"type": "Feature", "properties": {"domain_id": "5271021001", "name": "PAGESANGAN"}, "geometry": {"type": "Polygon", "coordinates": [[[116.101, -8.595], [116.102, -8.609], [116.109, -8.604], [116.101, -8.595]]]}}, {"type": "Feature", "properties": {"domain_id": "5201122014", "name": "SARIBAYE"}, "geometry": {"type": "Polygon", "coordinates": [[[116.19, -8.565], [116.179, -8.561], [116.172, -8.569], [116.19, -8.565]]]}}, {"type": "Feature", "properties": {"domain_id": "5201082004", "name": "TELAGAWARU"}, "geometry": {"type": "Polygon", "coordinates": [[[116.12, -8.642], [116.121, -8.63], [116.106, -8.636], [116.102, -8.647], [116.12, -8.642]]]}}, {"type": "Feature", "properties": {"domain_id": "5201012010", "name": "TEMPOS"}, "geometry": {"type": "Polygon", "coordinates": [[[116.153, -8.683], [116.148, -8.692], [116.143, -8.687], [116.141, -8.696], [116.131, -8.695], [116.136, -8.708], [116.162, -8.708], [116.149, -8.695], [116.153, -8.683]]]}}, {"type": "Feature", "properties": {"domain_id": "5201122010", "name": "BATU MEKAR"}, "geometry": {"type": "Polygon", "coordinates": [[[116.224, -8.555], [116.221, -8.548], [116.239, -8.532], [116.246, -8.517], [116.245, -8.49], [116.281, -8.454], [116.278, -8.443], [116.265, -8.451], [116.222, -8.457], [116.215, -8.48], [116.203, -8.485], [116.193, -8.529], [116.198, -8.557], [116.19, -8.564], [116.222, -8.562], [116.224, -8.555]]]}}, {"type": "Feature", "properties": {"domain_id": "5202052004", "name": "KATENG"}, "geometry": {"type": "Polygon", "coordinates": [[[116.254, -8.777], [116.24, -8.782], [116.232, -8.794], [116.232, -8.809], [116.217, -8.822], [116.218, -8.827], [116.232, -8.824], [116.238, -8.847], [116.257, -8.798], [116.254, -8.777]]]}}, {"type": "Feature", "properties": {"domain_id": "5202112011", "name": "TEDUH"}, "geometry": {"type": "Polygon", "coordinates": [[[116.18, -8.737], [116.166, -8.731], [116.173, -8.746], [116.179, -8.746], [116.18, -8.737]]]}}, {"type": "Feature", "properties": {"domain_id": "5205072011", "name": "ANAMINA"}, "geometry": {"type": "Polygon", "coordinates": [[[118.317, -8.524], [118.313, -8.52], [118.288, -8.531], [118.299, -8.531], [118.312, -8.542], [118.318, -8.533], [118.328, -8.536], [118.33, -8.53], [118.317, -8.524]]]}}, {"type": "Feature", "properties": {"domain_id": "5202082008", "name": "MENEMENG"}, "geometry": {"type": "Polygon", "coordinates": [[[116.209, -8.624], [116.194, -8.628], [116.182, -8.64], [116.191, -8.642], [116.21, -8.631], [116.209, -8.624]]]}}, {"type": "Feature", "properties": {"domain_id": "5202092007", "name": "MONTONG GAMANG"}, "geometry": {"type": "Polygon", "coordinates": [[[116.377, -8.625], [116.366, -8.627], [116.37, -8.666], [116.384, -8.653], [116.376, -8.638], [116.377, -8.625]]]}}, {"type": "Feature", "properties": {"domain_id": "5202082005", "name": "SINTUNG"}, "geometry": {"type": "Polygon", "coordinates": [[[116.235, -8.596], [116.211, -8.605], [116.219, -8.61], [116.21, -8.611], [116.21, -8.621], [116.237, -8.618], [116.235, -8.596]]]}}, {"type": "Feature", "properties": {"domain_id": "5203132006", "name": "BAGIK PAYUNG SELATAN"}, "geometry": {"type": "Polygon", "coordinates": [[[116.552, -8.615], [116.535, -8.622], [116.548, -8.631], [116.556, -8.618], [116.552, -8.615]]]}}, {"type": "Feature", "properties": {"domain_id": "5202102010", "name": "PEJANGGIK"}, "geometry": {"type": "Polygon", "coordinates": [[[116.341, -8.745], [116.334, -8.74], [116.322, -8.744], [116.312, -8.754], [116.312, -8.764], [116.34, -8.767], [116.341, -8.745]]]}}, {"type": "Feature", "properties": {"domain_id": "5203032003", "name": "SURADADI"}, "geometry": {"type": "Polygon", "coordinates": [[[116.402, -8.642], [116.399, -8.646], [116.408, -8.653], [116.403, -8.664], [116.412, -8.664], [116.42, -8.655], [116.402, -8.642]]]}}, {"type": "Feature", "properties": {"domain_id": "5203042006", "name": "TETE BATU"}, "geometry": {"type": "Polygon", "coordinates": [[[116.416, -8.435], [116.406, -8.435], [116.403, -8.442], [116.407, -8.459], [116.401, -8.486], [116.411, -8.552], [116.417, -8.563], [116.426, -8.547], [116.419, -8.53], [116.417, -8.482], [116.427, -8.47], [116.415, -8.448], [116.416, -8.435]]]}}, {"type": "Feature", "properties": {"domain_id": "5204081003", "name": "PEKAT"}, "geometry": {"type": "Polygon", "coordinates": [[[117.43, -8.508], [117.427, -8.505], [117.425, -8.512], [117.43, -8.508]]]}}, {"type": "Feature", "properties": {"domain_id": "5203042010", "name": "DARMASARI"}, "geometry": {"type": "Polygon", "coordinates": [[[116.465, -8.658], [116.459, -8.656], [116.442, -8.667], [116.455, -8.675], [116.472, -8.667], [116.465, -8.658]]]}}, {"type": "Feature", "properties": {"domain_id": "5203042012", "name": "JERUK MANIS"}, "geometry": {"type": "Polygon", "coordinates": [[[116.432, -8.542], [116.425, -8.51], [116.427, -8.47], [116.417, -8.481], [116.416, -8.505], [116.421, -8.539], [116.425, -8.546], [116.432, -8.542]]]}}, {"type": "Feature", "properties": {"domain_id": "5203052004", "name": "MASBAGIK TIMUR"}, "geometry": {"type": "Polygon", "coordinates": [[[116.496, -8.621], [116.485, -8.604], [116.478, -8.609], [116.494, -8.634], [116.5, -8.625], [116.496, -8.621]]]}}, {"type": "Feature", "properties": {"domain_id": "5203071009", "name": "KEMBANG SARI"}, "geometry": {"type": "Polygon", "coordinates": [[[116.542, -8.662], [116.528, -8.655], [116.527, -8.672], [116.534, -8.678], [116.545, -8.668], [116.542, -8.662]]]}}, {"type": "Feature", "properties": {"domain_id": "5203092019", "name": "KALIJAGA TENGAH"}, "geometry": {"type": "Polygon", "coordinates": [[[116.552, -8.586], [116.548, -8.582], [116.535, -8.589], [116.545, -8.594], [116.552, -8.586]]]}}, {"type": "Feature", "properties": {"domain_id": "5203142006", "name": "TEMBENG PUTIK"}, "geometry": {"type": "Polygon", "coordinates": [[[116.589, -8.577], [116.574, -8.575], [116.577, -8.589], [116.588, -8.587], [116.589, -8.577]]]}}, {"type": "Feature", "properties": {"domain_id": "5203112002", "name": "MONTONG BETOK"}, "geometry": {"type": "Polygon", "coordinates": [[[116.399, -8.582], [116.393, -8.581], [116.398, -8.606], [116.404, -8.605], [116.41, -8.621], [116.417, -8.598], [116.405, -8.597], [116.399, -8.582]]]}}, {"type": "Feature", "properties": {"domain_id": "5203122010", "name": "PRINGGASELA TIMUR"}, "geometry": {"type": "Polygon", "coordinates": [[[116.502, -8.589], [116.493, -8.571], [116.48, -8.573], [116.483, -8.583], [116.502, -8.589]]]}}, {"type": "Feature", "properties": {"domain_id": "5203122006", "name": "JURIT BARU"}, "geometry": {"type": "Polygon", "coordinates": [[[116.447, -8.505], [116.424, -8.431], [116.416, -8.435], [116.415, -8.448], [116.429, -8.472], [116.425, -8.51], [116.434, -8.545], [116.431, -8.555], [116.435, -8.562], [116.445, -8.559], [116.445, -8.563], [116.452, -8.561], [116.446, -8.542], [116.447, -8.505]]]}}, {"type": "Feature", "properties": {"domain_id": "5203192016", "name": "RENSING BAT"}, "geometry": {"type": "Polygon", "coordinates": [[[116.46, -8.718], [116.451, -8.714], [116.45, -8.726], [116.46, -8.718]]]}}, {"type": "Feature", "properties": {"domain_id": "5203171004", "name": "TANJUNG"}, "geometry": {"type": "Polygon", "coordinates": [[[116.566, -8.662], [116.561, -8.654], [116.556, -8.663], [116.565, -8.671], [116.566, -8.662]]]}}, {"type": "Feature", "properties": {"domain_id": "5203192003", "name": "RENSING"}, "geometry": {"type": "Polygon", "coordinates": [[[116.465, -8.721], [116.45, -8.729], [116.476, -8.735], [116.478, -8.729], [116.465, -8.721]]]}}, {"type": "Feature", "properties": {"domain_id": "5203212006", "name": "LENEK PESIRAMAN"}, "geometry": {"type": "Polygon", "coordinates": [[[116.527, -8.583], [116.519, -8.575], [116.507, -8.588], [116.523, -8.593], [116.527, -8.583]]]}}, {"type": "Feature", "properties": {"domain_id": "5204052002", "name": "BARU"}, "geometry": {"type": "Polygon", "coordinates": [[[116.993, -8.52], [116.989, -8.524], [116.993, -8.523], [116.993, -8.52]]]}}, {"type": "Feature", "properties": {"domain_id": "5205062003", "name": "KADINDI"}, "geometry": {"type": "Polygon", "coordinates": [[[117.782, -8.211], [117.772, -8.207], [117.766, -8.172], [117.741, -8.168], [117.749, -8.175], [117.744, -8.177], [117.751, -8.203], [117.745, -8.215], [117.774, -8.224], [117.782, -8.211]]]}}, {"type": "Feature", "properties": {"domain_id": "5204142003", "name": "EMPANG ATAS"}, "geometry": {"type": "MultiPolygon", "coordinates": [[[[118.026, -8.763], [118.028, -8.76], [118.015, -8.754], [118.005, -8.765], [118.003, -8.799], [117.98, -8.835], [117.978, -8.857], [117.987, -8.874], [118.004, -8.856], [118.008, -8.769], [118.026, -8.763]]], [[[117.984, -8.754], [117.982, -8.748], [117.973, -8.748], [117.988, -8.774], [118.003, -8.769], [117.984, -8.754]]]]}}, {"type": "Feature", "properties": {"domain_id": "5204132005", "name": "TELUK SANTONG"}, "geometry": {"type": "MultiPolygon", "coordinates": [[[[117.88, -8.702], [117.871, -8.696], [117.845, -8.719], [117.829, -8.71], [117.807, -8.726], [117.806, -8.744], [117.855, -8.739], [117.919, -8.746], [117.938, -8.721], [117.928, -8.725], [117.919, -8.72], [117.905, -8.741], [117.902, -8.728], [117.898, -8.733], [117.889, -8.723], [117.902, -8.713], [117.902, -8.705], [117.88, -8.702]]], [[[117.826, -8.713], [117.826, -8.711], [117.825, -8.711], [117.826, -8.713]]], [[[117.844, -8.684], [117.843, -8.685], [117.845, -8.686], [117.844, -8.684]]], [[[117.833, -8.663], [117.833, -8.661], [117.832, -8.662], [117.833, -8.663]]], [[[117.888, -8.662], [117.887, -8.66], [117.887, -8.661], [117.888, -8.662]]], [[[117.862, -8.658], [117.86, -8.656], [117.857, -8.658], [117.862, -8.658]]]]}}, {"type": "Feature", "properties": {"domain_id": "5204192001", "name": "LABANGKA"}, "geometry": {"type": "Polygon", "coordinates": [[[117.773, -8.885], [117.763, -8.878], [117.754, -8.886], [117.753, -8.917], [117.765, -8.934], [117.776, -8.931], [117.796, -8.906], [117.773, -8.885]]]}}, {"type": "Feature", "properties": {"domain_id": "5204202001", "name": "TARUSA"}, "geometry": {"type": "Polygon", "coordinates": [[[117.021, -8.464], [117.015, -8.467], [117.019, -8.479], [117.014, -8.482], [117.034, -8.526], [117.046, -8.511], [117.04, -8.481], [117.021, -8.464]]]}}, {"type": "Feature", "properties": {"domain_id": "5204262002", "name": "BERORA"}, "geometry": {"type": "Polygon", "coordinates": [[[117.58, -8.628], [117.558, -8.627], [117.551, -8.632], [117.55, -8.645], [117.567, -8.642], [117.564, -8.652], [117.587, -8.651], [117.597, -8.658], [117.58, -8.628]]]}}, {"type": "Feature", "properties": {"domain_id": "5205052005", "name": "WAWONDURU"}, "geometry": {"type": "Polygon", "coordinates": [[[118.431, -8.556], [118.421, -8.561], [118.408, -8.587], [118.414, -8.59], [118.43, -8.578], [118.438, -8.56], [118.431, -8.556]]]}}, {"type": "Feature", "properties": {"domain_id": "5204272004", "name": "TELAGA"}, "geometry": {"type": "Polygon", "coordinates": [[[117.357, -8.748], [117.333, -8.733], [117.31, -8.746], [117.275, -8.747], [117.265, -8.757], [117.263, -8.79], [117.276, -8.795], [117.297, -8.823], [117.314, -8.813], [117.324, -8.815], [117.337, -8.809], [117.357, -8.748]]]}}, {"type": "Feature", "properties": {"domain_id": "5205052008", "name": "BARA"}, "geometry": {"type": "Polygon", "coordinates": [[[118.395, -8.576], [118.399, -8.559], [118.406, -8.555], [118.404, -8.539], [118.39, -8.512], [118.39, -8.495], [118.38, -8.486], [118.374, -8.495], [118.381, -8.552], [118.377, -8.561], [118.395, -8.576]]]}}, {"type": "Feature", "properties": {"domain_id": "5205052011", "name": "MUMBU"}, "geometry": {"type": "Polygon", "coordinates": [[[118.377, -8.561], [118.359, -8.562], [118.344, -8.583], [118.38, -8.622], [118.387, -8.609], [118.395, -8.61], [118.403, -8.603], [118.395, -8.575], [118.377, -8.561]]]}}, {"type": "Feature", "properties": {"domain_id": "5206122004", "name": "LANTA"}, "geometry": {"type": "Polygon", "coordinates": [[[119.0, -8.59], [118.985, -8.647], [119.001, -8.645], [119.005, -8.624], [118.998, -8.61], [119.0, -8.59]]]}}, {"type": "Feature", "properties": {"domain_id": "5205072001", "name": "SORIUTU"}, "geometry": {"type": "Polygon", "coordinates": [[[118.374, -8.495], [118.349, -8.472], [118.329, -8.488], [118.317, -8.524], [118.325, -8.526], [118.339, -8.512], [118.357, -8.52], [118.374, -8.495]]]}}, {"type": "Feature", "properties": {"domain_id": "5206012017", "name": "TANGGA BARU"}, "geometry": {"type": "Polygon", "coordinates": [[[118.693, -8.746], [118.683, -8.738], [118.668, -8.756], [118.674, -8.76], [118.682, -8.81], [118.718, -8.798], [118.723, -8.758], [118.696, -8.752], [118.693, -8.746]]]}}, {"type": "Feature", "properties": {"domain_id": "5206022011", "name": "TUMPU"}, "geometry": {"type": "Polygon", "coordinates": [[[118.632, -8.503], [118.636, -8.472], [118.62, -8.457], [118.613, -8.46], [118.62, -8.469], [118.62, -8.492], [118.632, -8.503]]]}}, {"type": "Feature", "properties": {"domain_id": "5206032012", "name": "NARU"}, "geometry": {"type": "MultiPolygon", "coordinates": [[[[118.677, -8.592], [118.67, -8.592], [118.665, -8.603], [118.68, -8.604], [118.677, -8.592]]], [[[118.694, -8.586], [118.685, -8.591], [118.688, -8.601], [118.699, -8.601], [118.694, -8.586]]]]}}, {"type": "Feature", "properties": {"domain_id": "5206052012", "name": "MARIA UTARA"}, "geometry": {"type": "Polygon", "coordinates": [[[118.896, -8.49], [118.874, -8.483], [118.84, -8.513], [118.835, -8.528], [118.827, -8.529], [118.836, -8.536], [118.842, -8.518], [118.895, -8.507], [118.902, -8.492], [118.896, -8.49]]]}}, {"type": "Feature", "properties": {"domain_id": "5206072011", "name": "NANGA WERA"}, "geometry": {"type": "Polygon", "coordinates": [[[118.914, -8.29], [118.889, -8.284], [118.859, -8.289], [118.859, -8.337], [118.885, -8.329], [118.889, -8.32], [118.906, -8.322], [118.904, -8.312], [118.914, -8.29]]]}}, {"type": "Feature", "properties": {"domain_id": "5206112012", "name": "ROMPO"}, "geometry": {"type": "Polygon", "coordinates": [[[118.809, -8.704], [118.799, -8.703], [118.797, -8.708], [118.809, -8.704]]]}}, {"type": "Feature", "properties": {"domain_id": "5206122012", "name": "MELAYU"}, "geometry": {"type": "Polygon", "coordinates": [[[119.008, -8.582], [118.996, -8.587], [119.002, -8.597], [119.013, -8.598], [119.008, -8.582]]]}}, {"type": "Feature", "properties": {"domain_id": "5206132001", "name": "WORO"}, "geometry": {"type": "Polygon", "coordinates": [[[118.558, -8.564], [118.517, -8.544], [118.507, -8.542], [118.5, -8.548], [118.508, -8.568], [118.507, -8.595], [118.521, -8.615], [118.52, -8.639], [118.536, -8.65], [118.536, -8.682], [118.524, -8.694], [118.51, -8.731], [118.577, -8.708], [118.567, -8.653], [118.569, -8.619], [118.556, -8.593], [118.561, -8.577], [118.558, -8.564]]]}}, {"type": "Feature", "properties": {"domain_id": "5272011013", "name": "PANE"}, "geometry": {"type": "Polygon", "coordinates": [[[118.74, -8.453], [118.729, -8.452], [118.739, -8.456], [118.74, -8.453]]]}}, {"type": "Feature", "properties": {"domain_id": "5206172005", "name": "KA'OWA"}, "geometry": {"type": "Polygon", "coordinates": [[[118.827, -8.528], [118.818, -8.523], [118.79, -8.538], [118.79, -8.547], [118.804, -8.563], [118.817, -8.565], [118.831, -8.553], [118.827, -8.528]]]}}, {"type": "Feature", "properties": {"domain_id": "5207021019", "name": "ARAB KENANGAN"}, "geometry": {"type": "Polygon", "coordinates": [[[116.848, -8.742], [116.84, -8.747], [116.847, -8.746], [116.848, -8.742]]]}}, {"type": "Feature", "properties": {"domain_id": "5207052001", "name": "DESA BERU"}, "geometry": {"type": "Polygon", "coordinates": [[[116.947, -8.729], [116.916, -8.723], [116.901, -8.714], [116.911, -8.738], [116.927, -8.73], [116.947, -8.729]]]}}, {"type": "Feature", "properties": {"domain_id": "5207072002", "name": "KALIMANTONG"}, "geometry": {"type": "Polygon", "coordinates": [[[116.888, -8.781], [116.882, -8.774], [116.869, -8.783], [116.87, -8.805], [116.861, -8.806], [116.85, -8.831], [116.884, -8.842], [116.883, -8.824], [116.895, -8.803], [116.895, -8.782], [116.891, -8.777], [116.888, -8.781]]]}}, {"type": "Feature", "properties": {"domain_id": "5271051005", "name": "REMBIGA"}, "geometry": {"type": "Polygon", "coordinates": [[[116.104, -8.555], [116.095, -8.556], [116.096, -8.565], [116.122, -8.567], [116.116, -8.557], [116.104, -8.555]]]}}, {"type": "Feature", "properties": {"domain_id": "5207072006", "name": "MATAIYANG"}, "geometry": {"type": "Polygon", "coordinates": [[[116.947, -8.873], [116.939, -8.833], [116.929, -8.821], [116.913, -8.824], [116.905, -8.852], [116.873, -8.894], [116.872, -8.916], [116.884, -8.924], [116.897, -8.921], [116.9, -8.911], [116.947, -8.873]]]}}, {"type": "Feature", "properties": {"domain_id": "5271061001", "name": "DASAN CERMEN"}, "geometry": {"type": "Polygon", "coordinates": [[[116.136, -8.612], [116.134, -8.606], [116.126, -8.606], [116.122, -8.619], [116.137, -8.617], [116.136, -8.612]]]}}, {"type": "Feature", "properties": {"domain_id": "5208012007", "name": "TENIGA"}, "geometry": {"type": "Polygon", "coordinates": [[[116.155, -8.418], [116.14, -8.403], [116.133, -8.411], [116.141, -8.431], [116.138, -8.447], [116.146, -8.458], [116.155, -8.46], [116.149, -8.434], [116.155, -8.418]]]}}, {"type": "Feature", "properties": {"domain_id": "5271061004", "name": "SELAGALAS"}, "geometry": {"type": "Polygon", "coordinates": [[[116.148, -8.572], [116.136, -8.573], [116.14, -8.587], [116.16, -8.586], [116.149, -8.583], [116.148, -8.572]]]}}, {"type": "Feature", "properties": {"domain_id": "5272051008", "name": "PANGGI"}, "geometry": {"type": "Polygon", "coordinates": [[[118.746, -8.474], [118.741, -8.473], [118.73, -8.49], [118.728, -8.503], [118.745, -8.495], [118.746, -8.474]]]}}, {"type": "Feature", "properties": {"domain_id": "5201092010", "name": "JATISELA"}, "geometry": {"type": "Polygon", "coordinates": [[[116.093, -8.548], [116.083, -8.545], [116.074, -8.553], [116.086, -8.558], [116.085, -8.551], [116.094, -8.553], [116.093, -8.548]]]}}, {"type": "Feature", "properties": {"domain_id": "5271021013", "name": "PAGUTAN TIMUR"}, "geometry": {"type": "Polygon", "coordinates": [[[116.125, -8.602], [116.114, -8.604], [116.117, -8.62], [116.122, -8.619], [116.125, -8.602]]]}}, {"type": "Feature", "properties": {"domain_id": "5271031005", "name": "CAKRANEGARA BARAT"}, "geometry": {"type": "Polygon", "coordinates": [[[116.126, -8.583], [116.119, -8.582], [116.118, -8.586], [116.13, -8.587], [116.126, -8.583]]]}}, {"type": "Feature", "properties": {"domain_id": "5201092005", "name": "KEKERI"}, "geometry": {"type": "Polygon", "coordinates": [[[116.134, -8.555], [116.122, -8.551], [116.121, -8.562], [116.131, -8.565], [116.134, -8.555]]]}}, {"type": "Feature", "properties": {"domain_id": "5201032021", "name": "NARMADA"}, "geometry": {"type": "Polygon", "coordinates": [[[116.226, -8.578], [116.203, -8.587], [116.204, -8.597], [116.222, -8.582], [116.229, -8.583], [116.226, -8.578]]]}}, {"type": "Feature", "properties": {"domain_id": "5202012015", "name": "MEKAR DAMAI"}, "geometry": {"type": "Polygon", "coordinates": [[[116.285, -8.64], [116.273, -8.646], [116.28, -8.657], [116.298, -8.643], [116.285, -8.64]]]}}, {"type": "Feature", "properties": {"domain_id": "5202022002", "name": "UBUNG"}, "geometry": {"type": "Polygon", "coordinates": [[[116.216, -8.63], [116.189, -8.642], [116.198, -8.676], [116.204, -8.672], [116.202, -8.66], [116.216, -8.63]]]}}, {"type": "Feature", "properties": {"domain_id": "5203192007", "name": "RENSING RAYA"}, "geometry": {"type": "Polygon", "coordinates": [[[116.465, -8.721], [116.46, -8.718], [116.457, -8.728], [116.465, -8.721]]]}}, {"type": "Feature", "properties": {"domain_id": "5202062002", "name": "BELEKA"}, "geometry": {"type": "Polygon", "coordinates": [[[116.421, -8.733], [116.394, -8.735], [116.391, -8.754], [116.422, -8.753], [116.421, -8.733]]]}}, {"type": "Feature", "properties": {"domain_id": "5202062003", "name": "SEMOYANG"}, "geometry": {"type": "Polygon", "coordinates": [[[116.415, -8.797], [116.397, -8.783], [116.383, -8.785], [116.378, -8.817], [116.394, -8.812], [116.401, -8.816], [116.414, -8.807], [116.415, -8.797]]]}}, {"type": "Feature", "properties": {"domain_id": "5203192014", "name": "GADUNGMAS"}, "geometry": {"type": "Polygon", "coordinates": [[[116.503, -8.742], [116.495, -8.739], [116.495, -8.744], [116.503, -8.742]]]}}, {"type": "Feature", "properties": {"domain_id": "5202072002", "name": "LANGKO"}, "geometry": {"type": "Polygon", "coordinates": [[[116.378, -8.715], [116.373, -8.72], [116.365, -8.709], [116.358, -8.717], [116.38, -8.737], [116.385, -8.727], [116.378, -8.715]]]}}, {"type": "Feature", "properties": {"domain_id": "5202072006", "name": "BAKAN"}, "geometry": {"type": "Polygon", "coordinates": [[[116.36, -8.692], [116.351, -8.677], [116.34, -8.675], [116.34, -8.698], [116.36, -8.692]]]}}, {"type": "Feature", "properties": {"domain_id": "5203032001", "name": "JENGGIK"}, "geometry": {"type": "Polygon", "coordinates": [[[116.387, -8.624], [116.377, -8.623], [116.376, -8.638], [116.384, -8.645], [116.394, -8.641], [116.387, -8.624]]]}}, {"type": "Feature", "properties": {"domain_id": "5203032008", "name": "LEMING"}, "geometry": {"type": "Polygon", "coordinates": [[[116.416, -8.66], [116.404, -8.664], [116.401, -8.681], [116.415, -8.682], [116.416, -8.66]]]}}, {"type": "Feature", "properties": {"domain_id": "5203132008", "name": "DASAN BOROK"}, "geometry": {"type": "Polygon", "coordinates": [[[116.548, -8.615], [116.537, -8.612], [116.544, -8.619], [116.548, -8.615]]]}}, {"type": "Feature", "properties": {"domain_id": "5203122002", "name": "PRINGGASELA"}, "geometry": {"type": "Polygon", "coordinates": [[[116.477, -8.578], [116.45, -8.562], [116.454, -8.571], [116.472, -8.583], [116.478, -8.6], [116.483, -8.595], [116.479, -8.587], [116.487, -8.584], [116.477, -8.578]]]}}, {"type": "Feature", "properties": {"domain_id": "5203162003", "name": "SUNTALANGU"}, "geometry": {"type": "Polygon", "coordinates": [[[116.597, -8.504], [116.572, -8.511], [116.581, -8.531], [116.591, -8.53], [116.593, -8.522], [116.608, -8.514], [116.597, -8.504]]]}}, {"type": "Feature", "properties": {"domain_id": "5203172002", "name": "PENEDA GANDOR"}, "geometry": {"type": "Polygon", "coordinates": [[[116.555, -8.687], [116.542, -8.685], [116.546, -8.7], [116.559, -8.703], [116.565, -8.69], [116.555, -8.687]]]}}, {"type": "Feature", "properties": {"domain_id": "5203202007", "name": "WAKAN"}, "geometry": {"type": "Polygon", "coordinates": [[[116.427, -8.78], [116.418, -8.776], [116.415, -8.806], [116.441, -8.842], [116.445, -8.829], [116.441, -8.804], [116.45, -8.8], [116.432, -8.793], [116.427, -8.78]]]}}, {"type": "Feature", "properties": {"domain_id": "5271021011", "name": "PEJANGGIK"}, "geometry": {"type": "Polygon", "coordinates": [[[116.125, -8.581], [116.109, -8.58], [116.108, -8.585], [116.117, -8.588], [116.125, -8.581]]]}}, {"type": "Feature", "properties": {"domain_id": "5204052006", "name": "DALAM"}, "geometry": {"type": "Polygon", "coordinates": [[[116.988, -8.498], [116.981, -8.498], [116.978, -8.508], [116.998, -8.518], [117.002, -8.516], [116.988, -8.498]]]}}, {"type": "Feature", "properties": {"domain_id": "5204092001", "name": "MOYO"}, "geometry": {"type": "Polygon", "coordinates": [[[117.512, -8.551], [117.515, -8.536], [117.497, -8.527], [117.498, -8.543], [117.489, -8.548], [117.512, -8.551]]]}}, {"type": "Feature", "properties": {"domain_id": "5204242004", "name": "LABUHAN SANGORO"}, "geometry": {"type": "MultiPolygon", "coordinates": [[[[117.729, -8.559], [117.713, -8.571], [117.702, -8.612], [117.687, -8.62], [117.75, -8.633], [117.761, -8.599], [117.754, -8.59], [117.737, -8.594], [117.728, -8.589], [117.738, -8.571], [117.737, -8.564], [117.729, -8.559]]], [[[117.867, -8.608], [117.867, -8.611], [117.873, -8.608], [117.867, -8.608]]], [[[117.842, -8.607], [117.842, -8.604], [117.841, -8.607], [117.842, -8.607]]], [[[117.834, -8.575], [117.826, -8.578], [117.835, -8.595], [117.842, -8.582], [117.834, -8.575]]], [[[117.823, -8.556], [117.813, -8.561], [117.825, -8.568], [117.831, -8.564], [117.825, -8.563], [117.823, -8.556]]], [[[117.771, -8.548], [117.766, -8.539], [117.762, -8.548], [117.751, -8.54], [117.733, -8.56], [117.747, -8.569], [117.76, -8.57], [117.77, -8.565], [117.771, -8.553], [117.778, -8.562], [117.8, -8.552], [117.795, -8.548], [117.778, -8.555], [117.771, -8.548]]]]}}, {"type": "Feature", "properties": {"domain_id": "5204081007", "name": "BRANG BIJI"}, "geometry": {"type": "Polygon", "coordinates": [[[117.447, -8.475], [117.441, -8.464], [117.443, -8.408], [117.427, -8.396], [117.436, -8.411], [117.405, -8.454], [117.406, -8.465], [117.417, -8.49], [117.447, -8.475]]]}}, {"type": "Feature", "properties": {"domain_id": "5204142012", "name": "LAMENTA"}, "geometry": {"type": "MultiPolygon", "coordinates": [[[[117.974, -8.751], [117.956, -8.748], [117.973, -8.771], [117.966, -8.78], [117.973, -8.787], [117.946, -8.838], [117.942, -8.864], [117.951, -8.907], [117.972, -8.897], [117.959, -8.88], [117.958, -8.849], [117.995, -8.787], [117.974, -8.751]]], [[[117.958, -8.905], [117.957, -8.904], [117.957, -8.906], [117.958, -8.905]]]]}}, {"type": "Feature", "properties": {"domain_id": "5204172002", "name": "MAPIN KEBAK"}, "geometry": {"type": "MultiPolygon", "coordinates": [[[[116.938, -8.533], [116.937, -8.526], [116.914, -8.546], [116.899, -8.536], [116.89, -8.54], [116.878, -8.536], [116.876, -8.541], [116.899, -8.556], [116.917, -8.577], [116.943, -8.556], [116.945, -8.542], [116.939, -8.542], [116.938, -8.533]]], [[[116.943, -8.523], [116.938, -8.527], [116.942, -8.539], [116.943, -8.523]]]]}}, {"type": "Feature", "properties": {"domain_id": "5205011006", "name": "KANDAI I"}, "geometry": {"type": "Polygon", "coordinates": [[[118.468, -8.542], [118.438, -8.546], [118.432, -8.574], [118.452, -8.576], [118.457, -8.559], [118.475, -8.551], [118.468, -8.542]]]}}, {"type": "Feature", "properties": {"domain_id": "5205012015", "name": "SORI SAKOLO"}, "geometry": {"type": "Polygon", "coordinates": [[[118.468, -8.517], [118.459, -8.506], [118.461, -8.49], [118.448, -8.492], [118.458, -8.514], [118.453, -8.527], [118.469, -8.525], [118.468, -8.517]]]}}, {"type": "Feature", "properties": {"domain_id": "5205032002", "name": "DAHA"}, "geometry": {"type": "Polygon", "coordinates": [[[118.422, -8.736], [118.418, -8.732], [118.413, -8.743], [118.497, -8.781], [118.497, -8.77], [118.513, -8.748], [118.499, -8.746], [118.491, -8.735], [118.436, -8.746], [118.422, -8.736]]]}}, {"type": "Feature", "properties": {"domain_id": "5205042005", "name": "TAROPO"}, "geometry": {"type": "Polygon", "coordinates": [[[118.323, -8.406], [118.308, -8.412], [118.302, -8.435], [118.308, -8.433], [118.321, -8.45], [118.344, -8.447], [118.353, -8.435], [118.351, -8.427], [118.323, -8.406]]]}}, {"type": "Feature", "properties": {"domain_id": "5205072012", "name": "TANJU"}, "geometry": {"type": "Polygon", "coordinates": [[[118.38, -8.486], [118.375, -8.458], [118.354, -8.436], [118.344, -8.447], [118.333, -8.448], [118.341, -8.459], [118.343, -8.476], [118.349, -8.472], [118.374, -8.495], [118.38, -8.486]]]}}, {"type": "Feature", "properties": {"domain_id": "5206072009", "name": "OI TUI"}, "geometry": {"type": "Polygon", "coordinates": [[[118.996, -8.327], [118.964, -8.321], [118.955, -8.334], [118.981, -8.352], [118.983, -8.371], [118.991, -8.375], [118.989, -8.343], [118.996, -8.327]]]}}, {"type": "Feature", "properties": {"domain_id": "5206042015", "name": "ROKA"}, "geometry": {"type": "Polygon", "coordinates": [[[118.76, -8.586], [118.746, -8.568], [118.74, -8.581], [118.712, -8.576], [118.707, -8.57], [118.704, -8.574], [118.707, -8.582], [118.72, -8.582], [118.722, -8.592], [118.737, -8.589], [118.756, -8.598], [118.76, -8.586]]]}}, {"type": "Feature", "properties": {"domain_id": "5206072005", "name": "HADIRASA"}, "geometry": {"type": "Polygon", "coordinates": [[[118.921, -8.31], [118.904, -8.312], [118.903, -8.328], [118.928, -8.33], [118.934, -8.316], [118.921, -8.31]]]}}, {"type": "Feature", "properties": {"domain_id": "5206082012", "name": "MPILI"}, "geometry": {"type": "Polygon", "coordinates": [[[118.603, -8.442], [118.579, -8.415], [118.581, -8.436], [118.592, -8.442], [118.602, -8.471], [118.613, -8.46], [118.603, -8.442]]]}}, {"type": "Feature", "properties": {"domain_id": "5207012002", "name": "BELO"}, "geometry": {"type": "MultiPolygon", "coordinates": [[[[116.837, -8.875], [116.829, -8.858], [116.803, -8.869], [116.787, -8.884], [116.794, -8.889], [116.786, -8.891], [116.79, -8.907], [116.783, -8.913], [116.796, -8.918], [116.787, -8.919], [116.792, -8.927], [116.782, -8.933], [116.782, -8.941], [116.807, -8.941], [116.84, -8.952], [116.842, -8.959], [116.854, -8.954], [116.87, -8.964], [116.895, -8.965], [116.973, -9.03], [117.008, -9.041], [117.034, -9.06], [117.052, -9.063], [117.059, -9.057], [117.054, -9.053], [117.068, -9.035], [117.062, -9.013], [117.07, -8.988], [117.069, -8.959], [117.062, -8.952], [117.068, -8.947], [117.057, -8.945], [116.994, -8.967], [116.907, -8.939], [116.881, -8.944], [116.859, -8.934], [116.841, -8.911], [116.837, -8.875]]], [[[117.044, -9.097], [117.043, -9.096], [117.043, -9.097], [117.044, -9.097]]], [[[117.042, -9.095], [117.042, -9.094], [117.043, -9.095], [117.042, -9.095]]], [[[117.048, -9.078], [117.048, -9.077], [117.047, -9.077], [117.048, -9.078]], [[117.047, -9.076], [117.046, -9.076], [117.047, -9.077], [117.047, -9.076]]], [[[117.047, -9.075], [117.049, -9.074], [117.047, -9.076], [117.047, -9.075]]], [[[117.054, -9.069], [117.054, -9.068], [117.053, -9.068], [117.054, -9.069]]]]}}, {"type": "Feature", "properties": {"domain_id": "5207021005", "name": "KUANG"}, "geometry": {"type": "Polygon", "coordinates": [[[116.854, -8.747], [116.854, -8.74], [116.838, -8.748], [116.841, -8.774], [116.856, -8.755], [116.854, -8.747]]]}}, {"type": "Feature", "properties": {"domain_id": "5207022009", "name": "LALAR LIANG"}, "geometry": {"type": "Polygon", "coordinates": [[[116.856, -8.783], [116.841, -8.774], [116.848, -8.797], [116.833, -8.804], [116.82, -8.823], [116.836, -8.832], [116.85, -8.831], [116.859, -8.814], [116.852, -8.798], [116.856, -8.783]]]}}, {"type": "Feature", "properties": {"domain_id": "5207032002", "name": "AIR SUNING"}, "geometry": {"type": "Polygon", "coordinates": [[[116.856, -8.647], [116.85, -8.641], [116.836, -8.645], [116.858, -8.653], [116.857, -8.677], [116.871, -8.685], [116.856, -8.647]]]}}, {"type": "Feature", "properties": {"domain_id": "5271031011", "name": "SAPTA MARGA"}, "geometry": {"type": "Polygon", "coordinates": [[[116.129, -8.592], [116.12, -8.592], [116.12, -8.596], [116.129, -8.597], [116.129, -8.592]]]}}, {"type": "Feature", "properties": {"domain_id": "5207072004", "name": "MANEMENG"}, "geometry": {"type": "Polygon", "coordinates": [[[116.865, -8.764], [116.86, -8.764], [116.852, -8.797], [116.859, -8.813], [116.861, -8.806], [116.87, -8.805], [116.868, -8.785], [116.875, -8.78], [116.867, -8.778], [116.859, -8.783], [116.871, -8.772], [116.865, -8.764]]]}}, {"type": "Feature", "properties": {"domain_id": "5208032003", "name": "SELENGEN"}, "geometry": {"type": "Polygon", "coordinates": [[[116.322, -8.241], [116.318, -8.223], [116.299, -8.232], [116.288, -8.246], [116.291, -8.263], [116.334, -8.31], [116.327, -8.331], [116.344, -8.347], [116.36, -8.377], [116.347, -8.388], [116.359, -8.4], [116.382, -8.41], [116.392, -8.389], [116.369, -8.378], [116.359, -8.364], [116.334, -8.319], [116.339, -8.302], [116.318, -8.282], [116.315, -8.267], [116.301, -8.256], [116.305, -8.243], [116.322, -8.241]]]}}, {"type": "Feature", "properties": {"domain_id": "5208042009", "name": "KARANG BAJO"}, "geometry": {"type": "Polygon", "coordinates": [[[116.432, -8.25], [116.426, -8.246], [116.412, -8.251], [116.415, -8.265], [116.429, -8.266], [116.432, -8.25]]]}}, {"type": "Feature", "properties": {"domain_id": "5271051002", "name": "DASAN AGUNG"}, "geometry": {"type": "Polygon", "coordinates": [[[116.102, -8.579], [116.103, -8.575], [116.094, -8.577], [116.102, -8.579]]]}}, {"type": "Feature", "properties": {"domain_id": "5272021011", "name": "NUNGGA"}, "geometry": {"type": "Polygon", "coordinates": [[[118.815, -8.483], [118.821, -8.471], [118.838, -8.476], [118.86, -8.467], [118.87, -8.453], [118.849, -8.458], [118.827, -8.455], [118.817, -8.469], [118.802, -8.471], [118.78, -8.485], [118.815, -8.483]]]}}, {"type": "Feature", "properties": {"domain_id": "5272051010", "name": "MATAKANDO"}, "geometry": {"type": "Polygon", "coordinates": [[[118.8, -8.435], [118.782, -8.437], [118.777, -8.443], [118.753, -8.443], [118.748, -8.456], [118.77, -8.453], [118.801, -8.44], [118.8, -8.435]]]}}, {"type": "Feature", "properties": {"domain_id": "5271041005", "name": "KEKALIK JAYA"}, "geometry": {"type": "Polygon", "coordinates": [[[116.095, -8.589], [116.087, -8.584], [116.076, -8.595], [116.085, -8.599], [116.095, -8.589]]]}}, {"type": "Feature", "properties": {"domain_id": "5271051009", "name": "MONJOK BARAT"}, "geometry": {"type": "Polygon", "coordinates": [[[116.11, -8.577], [116.104, -8.574], [116.102, -8.579], [116.11, -8.577]]]}}, {"type": "Feature", "properties": {"domain_id": "5206062012", "name": "BUNCU"}, "geometry": {"type": "Polygon", "coordinates": [[[119.003, -8.51], [118.998, -8.507], [119.009, -8.522], [119.006, -8.531], [119.019, -8.53], [119.003, -8.51]]]}}, {"type": "Feature", "properties": {"domain_id": "5203062001", "name": "SETANGGOR"}, "geometry": {"type": "Polygon", "coordinates": [[[116.482, -8.646], [116.471, -8.648], [116.467, -8.656], [116.481, -8.653], [116.482, -8.646]]]}}, {"type": "Feature", "properties": {"domain_id": "5203062002", "name": "JANTUK"}, "geometry": {"type": "Polygon", "coordinates": [[[116.499, -8.652], [116.482, -8.645], [116.489, -8.656], [116.499, -8.652]]]}}, {"type": "Feature", "properties": {"domain_id": "5203082009", "name": "POHGADING TIMUR"}, "geometry": {"type": "Polygon", "coordinates": [[[116.647, -8.581], [116.635, -8.572], [116.625, -8.576], [116.632, -8.595], [116.647, -8.581]]]}}, {"type": "Feature", "properties": {"domain_id": "5203132009", "name": "GERUNG PERMAI"}, "geometry": {"type": "Polygon", "coordinates": [[[116.541, -8.616], [116.537, -8.612], [116.531, -8.619], [116.541, -8.616]]]}}, {"type": "Feature", "properties": {"domain_id": "5201032008", "name": "SURANADI"}, "geometry": {"type": "Polygon", "coordinates": [[[116.259, -8.553], [116.245, -8.551], [116.226, -8.559], [116.227, -8.584], [116.258, -8.565], [116.259, -8.553]]]}}, {"type": "Feature", "properties": {"domain_id": "5201011004", "name": "DASAN GERES"}, "geometry": {"type": "Polygon", "coordinates": [[[116.147, -8.67], [116.133, -8.669], [116.131, -8.696], [116.141, -8.696], [116.141, -8.676], [116.147, -8.67]]]}}, {"type": "Feature", "properties": {"domain_id": "5201032017", "name": "PAKUAN"}, "geometry": {"type": "Polygon", "coordinates": [[[116.32, -8.5], [116.308, -8.478], [116.273, -8.527], [116.254, -8.538], [116.262, -8.545], [116.283, -8.522], [116.297, -8.519], [116.32, -8.5]]]}}, {"type": "Feature", "properties": {"domain_id": "5203012007", "name": "KERUAK"}, "geometry": {"type": "Polygon", "coordinates": [[[116.494, -8.767], [116.481, -8.77], [116.488, -8.772], [116.494, -8.767]]]}}, {"type": "Feature", "properties": {"domain_id": "5201132007", "name": "LEMBAR SELATAN"}, "geometry": {"type": "Polygon", "coordinates": [[[116.079, -8.707], [116.063, -8.711], [116.072, -8.683], [116.068, -8.679], [116.056, -8.738], [116.059, -8.727], [116.073, -8.732], [116.085, -8.726], [116.079, -8.707]]]}}, {"type": "Feature", "properties": {"domain_id": "5202011004", "name": "SEMAYAN"}, "geometry": {"type": "Polygon", "coordinates": [[[116.293, -8.719], [116.285, -8.713], [116.258, -8.736], [116.276, -8.736], [116.293, -8.719]]]}}, {"type": "Feature", "properties": {"domain_id": "5202022005", "name": "BATU TULIS"}, "geometry": {"type": "Polygon", "coordinates": [[[116.213, -8.684], [116.201, -8.674], [116.196, -8.679], [116.214, -8.694], [116.213, -8.684]]]}}, {"type": "Feature", "properties": {"domain_id": "5202062007", "name": "BILELANDO"}, "geometry": {"type": "Polygon", "coordinates": [[[116.398, -8.815], [116.376, -8.814], [116.376, -8.819], [116.392, -8.84], [116.386, -8.858], [116.401, -8.856], [116.401, -8.865], [116.398, -8.815]]]}}, {"type": "Feature", "properties": {"domain_id": "5202072004", "name": "LOANG MAKA"}, "geometry": {"type": "Polygon", "coordinates": [[[116.409, -8.705], [116.402, -8.7], [116.39, -8.712], [116.39, -8.723], [116.38, -8.737], [116.371, -8.736], [116.381, -8.751], [116.391, -8.75], [116.392, -8.736], [116.402, -8.734], [116.409, -8.705]]]}}, {"type": "Feature", "properties": {"domain_id": "5202092004", "name": "BEBUAK"}, "geometry": {"type": "Polygon", "coordinates": [[[116.372, -8.6], [116.358, -8.597], [116.355, -8.625], [116.368, -8.626], [116.372, -8.6]]]}}, {"type": "Feature", "properties": {"domain_id": "5202122008", "name": "KARANG SIDEMEN"}, "geometry": {"type": "MultiPolygon", "coordinates": [[[[116.352, -8.41], [116.337, -8.41], [116.306, -8.457], [116.305, -8.469], [116.321, -8.502], [116.301, -8.526], [116.289, -8.531], [116.299, -8.556], [116.291, -8.572], [116.302, -8.58], [116.324, -8.532], [116.328, -8.502], [116.36, -8.447], [116.36, -8.413], [116.352, -8.41]]]]}}, {"type": "Feature", "properties": {"domain_id": "5202122002", "name": "SETILING"}, "geometry": {"type": "Polygon", "coordinates": [[[116.375, -8.509], [116.38, -8.492], [116.375, -8.506], [116.367, -8.509], [116.358, -8.541], [116.346, -8.554], [116.342, -8.566], [116.354, -8.572], [116.366, -8.567], [116.372, -8.531], [116.367, -8.522], [116.375, -8.509]]]}}, {"type": "Feature", "properties": {"domain_id": "5203022011", "name": "PERESAK"}, "geometry": {"type": "Polygon", "coordinates": [[[116.484, -8.661], [116.479, -8.659], [116.478, -8.668], [116.484, -8.661]]]}}, {"type": "Feature", "properties": {"domain_id": "5203032002", "name": "RARANG"}, "geometry": {"type": "Polygon", "coordinates": [[[116.397, -8.616], [116.389, -8.62], [116.386, -8.63], [116.394, -8.641], [116.384, -8.645], [116.383, -8.657], [116.389, -8.647], [116.4, -8.647], [116.397, -8.616]]]}}, {"type": "Feature", "properties": {"domain_id": "5203042001", "name": "SEMAYA"}, "geometry": {"type": "Polygon", "coordinates": [[[116.451, -8.645], [116.44, -8.644], [116.444, -8.652], [116.435, -8.659], [116.442, -8.667], [116.458, -8.657], [116.451, -8.645]]]}}, {"type": "Feature", "properties": {"domain_id": "5203142010", "name": "MAMBEN BARU"}, "geometry": {"type": "Polygon", "coordinates": [[[116.588, -8.602], [116.569, -8.589], [116.581, -8.608], [116.588, -8.602]]]}}, {"type": "Feature", "properties": {"domain_id": "5203162002", "name": "KETANGGA"}, "geometry": {"type": "Polygon", "coordinates": [[[116.587, -8.531], [116.58, -8.53], [116.572, -8.545], [116.595, -8.552], [116.595, -8.539], [116.587, -8.531]]]}}, {"type": "Feature", "properties": {"domain_id": "5203172011", "name": "KORLEKO SELATAN"}, "geometry": {"type": "Polygon", "coordinates": [[[116.621, -8.627], [116.584, -8.611], [116.576, -8.621], [116.608, -8.64], [116.621, -8.627]]]}}, {"type": "Feature", "properties": {"domain_id": "5271011013", "name": "BINTARO"}, "geometry": {"type": "Polygon", "coordinates": [[[116.074, -8.553], [116.069, -8.552], [116.072, -8.57], [116.076, -8.571], [116.074, -8.553]]]}}, {"type": "Feature", "properties": {"domain_id": "5271061007", "name": "MANDALIKA"}, "geometry": {"type": "Polygon", "coordinates": [[[116.17, -8.594], [116.154, -8.599], [116.145, -8.591], [116.142, -8.597], [116.156, -8.608], [116.17, -8.594]]]}}, {"type": "Feature", "properties": {"domain_id": "5203202006", "name": "PANDAN WANGI"}, "geometry": {"type": "Polygon", "coordinates": [[[116.465, -8.783], [116.446, -8.775], [116.443, -8.79], [116.45, -8.8], [116.441, -8.804], [116.44, -8.814], [116.45, -8.832], [116.469, -8.823], [116.465, -8.807], [116.475, -8.793], [116.465, -8.783]]]}}, {"type": "Feature", "properties": {"domain_id": "5203202014", "name": "SUKADAMAI"}, "geometry": {"type": "Polygon", "coordinates": [[[116.444, -8.785], [116.426, -8.782], [116.432, -8.793], [116.444, -8.797], [116.444, -8.785]]]}}, {"type": "Feature", "properties": {"domain_id": "5271021008", "name": "PAGUTAN"}, "geometry": {"type": "Polygon", "coordinates": [[[116.117, -8.62], [116.115, -8.611], [116.105, -8.613], [116.107, -8.62], [116.117, -8.62]]]}}, {"type": "Feature", "properties": {"domain_id": "5204062006", "name": "MOTONG"}, "geometry": {"type": "Polygon", "coordinates": [[[117.142, -8.378], [117.123, -8.369], [117.114, -8.371], [117.119, -8.404], [117.136, -8.419], [117.128, -8.426], [117.127, -8.455], [117.118, -8.472], [117.108, -8.478], [117.139, -8.526], [117.153, -8.513], [117.154, -8.497], [117.134, -8.492], [117.132, -8.48], [117.148, -8.451], [117.149, -8.433], [117.164, -8.423], [117.153, -8.407], [117.129, -8.414], [117.125, -8.387], [117.142, -8.378]]]}}, {"type": "Feature", "properties": {"domain_id": "5204072004", "name": "TEPAL"}, "geometry": {"type": "Polygon", "coordinates": [[[117.213, -8.572], [117.206, -8.554], [117.187, -8.552], [117.171, -8.584], [117.147, -8.586], [117.137, -8.577], [117.126, -8.578], [117.13, -8.594], [117.141, -8.6], [117.164, -8.642], [117.195, -8.661], [117.202, -8.671], [117.196, -8.698], [117.208, -8.712], [117.256, -8.712], [117.298, -8.702], [117.297, -8.688], [117.306, -8.678], [117.282, -8.662], [117.271, -8.644], [117.253, -8.635], [117.262, -8.624], [117.236, -8.607], [117.214, -8.581], [117.213, -8.572]]]}}, {"type": "Feature", "properties": {"domain_id": "5204102005", "name": "BATU BULAN"}, "geometry": {"type": "Polygon", "coordinates": [[[117.474, -8.559], [117.467, -8.553], [117.463, -8.557], [117.466, -8.579], [117.461, -8.587], [117.467, -8.588], [117.474, -8.608], [117.48, -8.604], [117.475, -8.599], [117.484, -8.6], [117.474, -8.559]]]}}, {"type": "Feature", "properties": {"domain_id": "5204172003", "name": "LABUHAN MAPIN"}, "geometry": {"type": "MultiPolygon", "coordinates": [[[[116.951, -8.42], [116.929, -8.426], [116.919, -8.437], [116.872, -8.432], [116.839, -8.446], [116.861, -8.452], [116.877, -8.445], [116.912, -8.446], [116.939, -8.433], [116.947, -8.439], [116.96, -8.43], [116.959, -8.424], [116.951, -8.42]]], [[[116.944, -8.517], [116.93, -8.513], [116.917, -8.526], [116.873, -8.529], [116.876, -8.539], [116.89, -8.54], [116.923, -8.525], [116.921, -8.543], [116.929, -8.53], [116.95, -8.52], [116.944, -8.517]]], [[[116.86, -8.459], [116.861, -8.457], [116.86, -8.456], [116.86, -8.459]]]]}}, {"type": "Feature", "properties": {"domain_id": "5204172005", "name": "GONTAR"}, "geometry": {"type": "Polygon", "coordinates": [[[116.966, -8.493], [116.964, -8.489], [116.956, -8.499], [116.956, -8.507], [116.98, -8.513], [116.981, -8.498], [116.988, -8.496], [116.968, -8.5], [116.966, -8.493]]]}}, {"type": "Feature", "properties": {"domain_id": "5204232001", "name": "PUNGKIT"}, "geometry": {"type": "Polygon", "coordinates": [[[117.567, -8.408], [117.548, -8.402], [117.532, -8.409], [117.533, -8.422], [117.505, -8.455], [117.49, -8.464], [117.479, -8.462], [117.485, -8.491], [117.495, -8.492], [117.489, -8.477], [117.493, -8.47], [117.537, -8.447], [117.567, -8.408]]]}}, {"type": "Feature", "properties": {"domain_id": "5205022004", "name": "KONTE"}, "geometry": {"type": "Polygon", "coordinates": [[[118.201, -8.433], [118.195, -8.445], [118.219, -8.519], [118.208, -8.526], [118.222, -8.532], [118.222, -8.543], [118.238, -8.553], [118.232, -8.489], [118.201, -8.433]]]}}, {"type": "Feature", "properties": {"domain_id": "5205052006", "name": "MATUA"}, "geometry": {"type": "Polygon", "coordinates": [[[118.418, -8.463], [118.397, -8.466], [118.418, -8.531], [118.413, -8.537], [118.418, -8.553], [118.418, -8.547], [118.43, -8.545], [118.433, -8.53], [118.421, -8.511], [118.425, -8.497], [118.418, -8.491], [118.424, -8.478], [118.418, -8.463]]]}}, {"type": "Feature", "properties": {"domain_id": "5205052013", "name": "RABA BAKA"}, "geometry": {"type": "Polygon", "coordinates": [[[118.414, -8.433], [118.417, -8.412], [118.408, -8.403], [118.398, -8.419], [118.38, -8.43], [118.397, -8.466], [118.418, -8.463], [118.418, -8.451], [118.411, -8.444], [118.414, -8.433]]]}}, {"type": "Feature", "properties": {"domain_id": "5205052010", "name": "RIWO"}, "geometry": {"type": "MultiPolygon", "coordinates": [[[[118.394, -8.663], [118.386, -8.654], [118.391, -8.645], [118.38, -8.622], [118.345, -8.584], [118.337, -8.613], [118.325, -8.627], [118.317, -8.666], [118.322, -8.677], [118.314, -8.694], [118.333, -8.713], [118.354, -8.685], [118.377, -8.695], [118.385, -8.683], [118.402, -8.678], [118.406, -8.665], [118.394, -8.663]]], [[[118.371, -8.691], [118.371, -8.69], [118.37, -8.69], [118.371, -8.691]]]]}}, {"type": "Feature", "properties": {"domain_id": "5205062010", "name": "NANGAKARA"}, "geometry": {"type": "Polygon", "coordinates": [[[117.79, -8.326], [117.825, -8.28], [117.862, -8.247], [117.863, -8.234], [117.839, -8.252], [117.81, -8.287], [117.774, -8.308], [117.79, -8.326]]]}}, {"type": "Feature", "properties": {"domain_id": "5206032009", "name": "DONGGOBOLO"}, "geometry": {"type": "Polygon", "coordinates": [[[118.653, -8.547], [118.641, -8.559], [118.641, -8.579], [118.665, -8.578], [118.665, -8.562], [118.653, -8.547]]]}}, {"type": "Feature", "properties": {"domain_id": "5206082014", "name": "NDANO NA'E"}, "geometry": {"type": "Polygon", "coordinates": [[[118.511, -8.456], [118.511, -8.439], [118.485, -8.462], [118.511, -8.456]]]}}, {"type": "Feature", "properties": {"domain_id": "5206162002", "name": "PARADO RATO"}, "geometry": {"type": "Polygon", "coordinates": [[[118.587, -8.741], [118.553, -8.759], [118.557, -8.775], [118.576, -8.787], [118.57, -8.753], [118.587, -8.741]]]}}, {"type": "Feature", "properties": {"domain_id": "5206092003", "name": "KORE"}, "geometry": {"type": "Polygon", "coordinates": [[[118.302, -8.368], [118.285, -8.362], [118.281, -8.374], [118.262, -8.386], [118.244, -8.411], [118.228, -8.418], [118.221, -8.429], [118.201, -8.433], [118.222, -8.439], [118.247, -8.419], [118.293, -8.4], [118.302, -8.368]]]}}, {"type": "Feature", "properties": {"domain_id": "5206132011", "name": "NCANDI"}, "geometry": {"type": "Polygon", "coordinates": [[[118.58, -8.515], [118.57, -8.505], [118.57, -8.476], [118.564, -8.478], [118.569, -8.516], [118.553, -8.509], [118.549, -8.517], [118.57, -8.521], [118.58, -8.515]]]}}, {"type": "Feature", "properties": {"domain_id": "5206172002", "name": "KUTA"}, "geometry": {"type": "Polygon", "coordinates": [[[118.772, -8.566], [118.767, -8.566], [118.76, -8.593], [118.77, -8.593], [118.771, -8.587], [118.781, -8.595], [118.795, -8.594], [118.792, -8.571], [118.781, -8.574], [118.772, -8.566]]]}}, {"type": "Feature", "properties": {"domain_id": "5206152006", "name": "SAMPUNGU"}, "geometry": {"type": "Polygon", "coordinates": [[[118.584, -8.266], [118.573, -8.271], [118.563, -8.264], [118.514, -8.261], [118.494, -8.243], [118.48, -8.251], [118.464, -8.246], [118.445, -8.268], [118.48, -8.31], [118.5, -8.349], [118.527, -8.366], [118.533, -8.379], [118.584, -8.349], [118.588, -8.326], [118.575, -8.296], [118.584, -8.266]]]}}, {"type": "Feature", "properties": {"domain_id": "5207052002", "name": "TEPAS"}, "geometry": {"type": "Polygon", "coordinates": [[[117.055, -8.786], [117.047, -8.772], [117.019, -8.766], [116.996, -8.745], [116.941, -8.718], [116.901, -8.707], [116.901, -8.714], [116.916, -8.723], [116.947, -8.729], [117.04, -8.828], [117.06, -8.822], [117.065, -8.813], [117.06, -8.804], [117.035, -8.8], [117.041, -8.791], [117.053, -8.795], [117.055, -8.786]]]}}, {"type": "Feature", "properties": {"domain_id": "5207052003", "name": "BANGKAT MONTEH"}, "geometry": {"type": "Polygon", "coordinates": [[[116.962, -8.678], [116.948, -8.688], [116.941, -8.68], [116.939, -8.664], [116.919, -8.656], [116.923, -8.671], [116.941, -8.69], [116.94, -8.702], [116.975, -8.725], [117.08, -8.725], [117.09, -8.706], [117.069, -8.678], [117.056, -8.677], [117.049, -8.67], [117.026, -8.679], [116.962, -8.678]]]}}, {"type": "Feature", "properties": {"domain_id": "5207062002", "name": "MANTAR"}, "geometry": {"type": "Polygon", "coordinates": [[[116.84, -8.622], [116.827, -8.599], [116.796, -8.619], [116.809, -8.644], [116.809, -8.66], [116.837, -8.664], [116.842, -8.652], [116.836, -8.645], [116.841, -8.641], [116.84, -8.622]]]}}, {"type": "Feature", "properties": {"domain_id": "5208032004", "name": "SESAIT"}, "geometry": {"type": "Polygon", "coordinates": [[[116.285, -8.292], [116.262, -8.293], [116.281, -8.313], [116.285, -8.306], [116.289, -8.312], [116.296, -8.31], [116.294, -8.294], [116.285, -8.292]]]}}, {"type": "Feature", "properties": {"domain_id": "5207062007", "name": "TEBO"}, "geometry": {"type": "Polygon", "coordinates": [[[116.858, -8.621], [116.871, -8.618], [116.876, -8.577], [116.87, -8.583], [116.859, -8.581], [116.852, -8.59], [116.858, -8.621]]]}}, {"type": "Feature", "properties": {"domain_id": "5272021018", "name": "KODO"}, "geometry": {"type": "Polygon", "coordinates": [[[118.79, -8.488], [118.78, -8.485], [118.787, -8.5], [118.775, -8.517], [118.781, -8.512], [118.795, -8.517], [118.797, -8.508], [118.803, -8.507], [118.79, -8.488]]]}}, {"type": "Feature", "properties": {"domain_id": "5206132010", "name": "MADAWAU"}, "geometry": {"type": "Polygon", "coordinates": [[[118.529, -8.477], [118.517, -8.474], [118.507, -8.48], [118.509, -8.502], [118.528, -8.503], [118.529, -8.477]]]}}, {"type": "Feature", "properties": {"domain_id": "5202102005", "name": "BERAIM"}, "geometry": {"type": "Polygon", "coordinates": [[[116.353, -8.714], [116.347, -8.698], [116.335, -8.7], [116.327, -8.713], [116.341, -8.71], [116.353, -8.714]]]}}, {"type": "Feature", "properties": {"domain_id": "5202102011", "name": "DAKUNG"}, "geometry": {"type": "Polygon", "coordinates": [[[116.353, -8.714], [116.338, -8.71], [116.328, -8.714], [116.339, -8.726], [116.353, -8.714]]]}}, {"type": "Feature", "properties": {"domain_id": "5203212007", "name": "LENEK RAMBAN BIAK"}, "geometry": {"type": "Polygon", "coordinates": [[[116.507, -8.562], [116.496, -8.563], [116.511, -8.577], [116.514, -8.57], [116.507, -8.562]]]}}, {"type": "Feature", "properties": {"domain_id": "5203082004", "name": "POHGADING"}, "geometry": {"type": "Polygon", "coordinates": [[[116.657, -8.573], [116.642, -8.565], [116.617, -8.572], [116.63, -8.577], [116.635, -8.572], [116.647, -8.581], [116.657, -8.573]]]}}, {"type": "Feature", "properties": {"domain_id": "5206182013", "name": "BRE"}, "geometry": {"type": "Polygon", "coordinates": [[[118.708, -8.553], [118.707, -8.533], [118.702, -8.531], [118.709, -8.563], [118.708, -8.553]]]}}, {"type": "Feature", "properties": {"domain_id": "5207021007", "name": "DALAM"}, "geometry": {"type": "Polygon", "coordinates": [[[116.854, -8.74], [116.856, -8.726], [116.849, -8.725], [116.836, -8.741], [116.854, -8.74]]]}}, {"type": "Feature", "properties": {"domain_id": "5205012013", "name": "MANGGE NAE"}, "geometry": {"type": "Polygon", "coordinates": [[[118.507, -8.48], [118.492, -8.485], [118.484, -8.501], [118.494, -8.501], [118.506, -8.489], [118.507, -8.48]]]}}, {"type": "Feature", "properties": {"domain_id": "5201152001", "name": "KURIPAN"}, "geometry": {"type": "Polygon", "coordinates": [[[116.174, -8.668], [116.155, -8.667], [116.153, -8.684], [116.161, -8.683], [116.174, -8.668]]]}}, {"type": "Feature", "properties": {"domain_id": "5201092004", "name": "KEKAIT"}, "geometry": {"type": "Polygon", "coordinates": [[[116.129, -8.471], [116.083, -8.465], [116.101, -8.505], [116.1, -8.533], [116.112, -8.527], [116.129, -8.471]]]}}, {"type": "Feature", "properties": {"domain_id": "5201152002", "name": "JAGARAGA"}, "geometry": {"type": "Polygon", "coordinates": [[[116.182, -8.64], [116.143, -8.666], [116.168, -8.669], [116.182, -8.64]]]}}, {"type": "Feature", "properties": {"domain_id": "5202042014", "name": "TANAK AWU"}, "geometry": {"type": "MultiPolygon", "coordinates": [[[[116.276, -8.848], [116.265, -8.859], [116.266, -8.878], [116.261, -8.887], [116.269, -8.904], [116.277, -8.912], [116.275, -8.894], [116.287, -8.895], [116.298, -8.91], [116.315, -8.909], [116.321, -8.921], [116.306, -8.898], [116.308, -8.876], [116.283, -8.862], [116.276, -8.848]]], [[[116.298, -8.912], [116.297, -8.911], [116.297, -8.912], [116.298, -8.912]]], [[[116.3, -8.911], [116.301, -8.91], [116.299, -8.911], [116.3, -8.911]]], [[[116.296, -8.907], [116.297, -8.906], [116.296, -8.906], [116.296, -8.907]]]]}}, {"type": "Feature", "properties": {"domain_id": "5205011002", "name": "BALI"}, "geometry": {"type": "Polygon", "coordinates": [[[118.466, -8.526], [118.454, -8.528], [118.457, -8.538], [118.466, -8.526]]]}}, {"type": "Feature", "properties": {"domain_id": "5202052007", "name": "SELONG BELANAK"}, "geometry": {"type": "MultiPolygon", "coordinates": [[[[116.16, -8.838], [116.136, -8.85], [116.126, -8.848], [116.108, -8.855], [116.114, -8.862], [116.109, -8.873], [116.116, -8.867], [116.137, -8.87], [116.155, -8.864], [116.162, -8.874], [116.157, -8.894], [116.166, -8.898], [116.176, -8.889], [116.182, -8.866], [116.179, -8.854], [116.16, -8.838]]], [[[116.163, -8.899], [116.163, -8.898], [116.162, -8.898], [116.163, -8.899]]], [[[116.159, -8.896], [116.159, -8.895], [116.158, -8.896], [116.159, -8.896]]], [[[116.147, -8.883], [116.148, -8.881], [116.147, -8.882], [116.147, -8.883]]]]}}, {"type": "Feature", "properties": {"domain_id": "5202072009", "name": "SELEBUNG REMBIGA"}, "geometry": {"type": "Polygon", "coordinates": [[[116.365, -8.709], [116.36, -8.692], [116.344, -8.699], [116.351, -8.7], [116.354, -8.717], [116.365, -8.709]]]}}, {"type": "Feature", "properties": {"domain_id": "5202072011", "name": "JANGO"}, "geometry": {"type": "Polygon", "coordinates": [[[116.415, -8.682], [116.412, -8.703], [116.432, -8.702], [116.429, -8.691], [116.415, -8.682]]]}}, {"type": "Feature", "properties": {"domain_id": "5203012011", "name": "KETANGGA JERAENG"}, "geometry": {"type": "Polygon", "coordinates": [[[116.494, -8.747], [116.485, -8.763], [116.505, -8.769], [116.506, -8.755], [116.494, -8.747]]]}}, {"type": "Feature", "properties": {"domain_id": "5206112013", "name": "SARAE RUMA"}, "geometry": {"type": "MultiPolygon", "coordinates": [[[[118.918, -8.783], [118.909, -8.813], [118.913, -8.827], [118.904, -8.844], [118.945, -8.831], [118.96, -8.818], [118.946, -8.805], [118.95, -8.79], [118.938, -8.795], [118.937, -8.785], [118.927, -8.789], [118.918, -8.783]]], [[[118.946, -8.834], [118.946, -8.832], [118.945, -8.833], [118.946, -8.834]]]]}}, {"type": "Feature", "properties": {"domain_id": "5203022012", "name": "KUANG BARU"}, "geometry": {"type": "Polygon", "coordinates": [[[116.49, -8.68], [116.477, -8.678], [116.485, -8.685], [116.49, -8.68]]]}}, {"type": "Feature", "properties": {"domain_id": "5203082008", "name": "PRINGGABAYA UTARA"}, "geometry": {"type": "Polygon", "coordinates": [[[116.663, -8.521], [116.632, -8.513], [116.62, -8.537], [116.622, -8.546], [116.656, -8.549], [116.663, -8.521]]]}}, {"type": "Feature", "properties": {"domain_id": "5203102009", "name": "MADAYIN"}, "geometry": {"type": "Polygon", "coordinates": [[[116.531, -8.254], [116.503, -8.254], [116.497, -8.264], [116.511, -8.271], [116.505, -8.291], [116.518, -8.327], [116.542, -8.339], [116.535, -8.35], [116.547, -8.345], [116.528, -8.273], [116.539, -8.264], [116.528, -8.264], [116.531, -8.254]]]}}, {"type": "Feature", "properties": {"domain_id": "5203102003", "name": "SAMBALIA"}, "geometry": {"type": "MultiPolygon", "coordinates": [[[[116.682, -8.368], [116.681, -8.374], [116.666, -8.38], [116.646, -8.381], [116.63, -8.378], [116.63, -8.368], [116.588, -8.376], [116.561, -8.368], [116.573, -8.394], [116.643, -8.388], [116.675, -8.396], [116.707, -8.38], [116.708, -8.37], [116.697, -8.369], [116.697, -8.374], [116.682, -8.368]]], [[[116.732, -8.449], [116.731, -8.451], [116.732, -8.45], [116.732, -8.449]]], [[[116.748, -8.445], [116.749, -8.444], [116.748, -8.444], [116.748, -8.445]]], [[[116.731, -8.449], [116.733, -8.443], [116.731, -8.445], [116.731, -8.449]]], [[[116.738, -8.442], [116.74, -8.44], [116.738, -8.439], [116.738, -8.442]]], [[[116.754, -8.428], [116.752, -8.426], [116.75, -8.43], [116.754, -8.428]]], [[[116.749, -8.424], [116.748, -8.424], [116.748, -8.425], [116.749, -8.424]]], [[[116.754, -8.417], [116.751, -8.418], [116.754, -8.423], [116.754, -8.417]]]]}}, {"type": "Feature", "properties": {"domain_id": "5203102010", "name": "SENANGGALIH"}, "geometry": {"type": "Polygon", "coordinates": [[[116.707, -8.381], [116.676, -8.396], [116.649, -8.388], [116.613, -8.389], [116.573, -8.394], [116.573, -8.401], [116.682, -8.4], [116.701, -8.405], [116.715, -8.39], [116.707, -8.381]]]}}, {"type": "Feature", "properties": {"domain_id": "5203122008", "name": "PENGADANGAN BARAT"}, "geometry": {"type": "Polygon", "coordinates": [[[116.454, -8.538], [116.448, -8.521], [116.45, -8.562], [116.477, -8.578], [116.472, -8.562], [116.462, -8.56], [116.454, -8.538]]]}}, {"type": "Feature", "properties": {"domain_id": "5203132004", "name": "BAGIK PAYUNG"}, "geometry": {"type": "Polygon", "coordinates": [[[116.576, -8.621], [116.557, -8.61], [116.552, -8.615], [116.558, -8.628], [116.585, -8.628], [116.576, -8.621]]]}}, {"type": "Feature", "properties": {"domain_id": "5203132010", "name": "DAMES DAMAI"}, "geometry": {"type": "Polygon", "coordinates": [[[116.548, -8.631], [116.541, -8.627], [116.537, -8.635], [116.556, -8.639], [116.548, -8.631]]]}}, {"type": "Feature", "properties": {"domain_id": "5203152006", "name": "SEMBALUN TIMBA GADING"}, "geometry": {"type": "Polygon", "coordinates": [[[116.459, -8.419], [116.501, -8.376], [116.536, -8.366], [116.535, -8.35], [116.527, -8.353], [116.534, -8.362], [116.53, -8.364], [116.511, -8.362], [116.437, -8.393], [116.42, -8.391], [116.424, -8.411], [116.406, -8.435], [116.459, -8.419]]]}}, {"type": "Feature", "properties": {"domain_id": "5203182010", "name": "LENTING"}, "geometry": {"type": "Polygon", "coordinates": [[[116.516, -8.682], [116.511, -8.674], [116.503, -8.677], [116.521, -8.687], [116.516, -8.682]]]}}, {"type": "Feature", "properties": {"domain_id": "5203162006", "name": "PERIGI"}, "geometry": {"type": "Polygon", "coordinates": [[[116.588, -8.427], [116.585, -8.424], [116.58, -8.439], [116.587, -8.489], [116.606, -8.513], [116.625, -8.524], [116.637, -8.504], [116.62, -8.485], [116.603, -8.444], [116.588, -8.427]]]}}, {"type": "Feature", "properties": {"domain_id": "5203162008", "name": "PUNCAK JERINGO"}, "geometry": {"type": "Polygon", "coordinates": [[[116.64, -8.462], [116.588, -8.427], [116.603, -8.444], [116.62, -8.485], [116.633, -8.501], [116.64, -8.462]]]}}, {"type": "Feature", "properties": {"domain_id": "5203172006", "name": "KORLEKO"}, "geometry": {"type": "Polygon", "coordinates": [[[116.623, -8.606], [116.603, -8.614], [116.584, -8.611], [116.621, -8.627], [116.623, -8.606]]]}}, {"type": "Feature", "properties": {"domain_id": "5203202002", "name": "SUKARAJA"}, "geometry": {"type": "Polygon", "coordinates": [[[116.435, -8.756], [116.428, -8.756], [116.425, -8.773], [116.418, -8.776], [116.444, -8.785], [116.446, -8.773], [116.435, -8.756]]]}}, {"type": "Feature", "properties": {"domain_id": "5203182003", "name": "LEPAK"}, "geometry": {"type": "Polygon", "coordinates": [[[116.518, -8.703], [116.499, -8.696], [116.508, -8.724], [116.521, -8.712], [116.518, -8.703]]]}}, {"type": "Feature", "properties": {"domain_id": "5206032006", "name": "KALAMPA"}, "geometry": {"type": "Polygon", "coordinates": [[[118.673, -8.592], [118.686, -8.584], [118.679, -8.568], [118.677, -8.575], [118.669, -8.577], [118.673, -8.592]]]}}, {"type": "Feature", "properties": {"domain_id": "5204062012", "name": "BALE BRANG"}, "geometry": {"type": "Polygon", "coordinates": [[[117.172, -8.385], [117.176, -8.376], [117.154, -8.364], [117.152, -8.373], [117.142, -8.378], [117.141, -8.392], [117.157, -8.396], [117.154, -8.407], [117.165, -8.405], [117.172, -8.385]]]}}, {"type": "Feature", "properties": {"domain_id": "5204222001", "name": "PELAT"}, "geometry": {"type": "Polygon", "coordinates": [[[117.392, -8.511], [117.392, -8.5], [117.375, -8.521], [117.344, -8.542], [117.356, -8.566], [117.387, -8.547], [117.388, -8.535], [117.4, -8.526], [117.39, -8.522], [117.392, -8.511]]]}}, {"type": "Feature", "properties": {"domain_id": "5204172008", "name": "MAPIN BERU"}, "geometry": {"type": "MultiPolygon", "coordinates": [[[[116.923, -8.525], [116.904, -8.532], [116.901, -8.541], [116.919, -8.544], [116.923, -8.525]]], [[[116.948, -8.522], [116.943, -8.523], [116.942, -8.539], [116.937, -8.529], [116.939, -8.542], [116.954, -8.536], [116.948, -8.522]]]]}}, {"type": "Feature", "properties": {"domain_id": "5204252003", "name": "LABUHAN AJI"}, "geometry": {"type": "MultiPolygon", "coordinates": [[[[117.966, -8.612], [117.95, -8.614], [117.961, -8.62], [117.954, -8.63], [117.967, -8.628], [117.969, -8.636], [117.979, -8.64], [117.974, -8.648], [117.965, -8.647], [117.955, -8.667], [117.964, -8.671], [117.971, -8.659], [117.986, -8.66], [117.99, -8.648], [117.995, -8.663], [117.978, -8.691], [117.988, -8.686], [118.003, -8.693], [117.993, -8.678], [117.998, -8.666], [117.996, -8.646], [117.968, -8.625], [117.966, -8.612]]], [[[118.012, -8.707], [118.007, -8.714], [117.993, -8.71], [117.986, -8.718], [118.011, -8.734], [118.026, -8.713], [118.012, -8.707]]]]}}, {"type": "Feature", "properties": {"domain_id": "5204182005", "name": "SEBOTOK"}, "geometry": {"type": "Polygon", "coordinates": [[[117.69, -8.181], [117.683, -8.165], [117.656, -8.149], [117.606, -8.155], [117.559, -8.144], [117.538, -8.155], [117.54, -8.17], [117.555, -8.169], [117.56, -8.18], [117.575, -8.186], [117.626, -8.18], [117.69, -8.181]]]}}, {"type": "Feature", "properties": {"domain_id": "5204212002", "name": "SAMPE"}, "geometry": {"type": "Polygon", "coordinates": [[[117.237, -8.482], [117.232, -8.46], [117.216, -8.455], [117.202, -8.474], [117.169, -8.495], [117.154, -8.497], [117.153, -8.513], [117.139, -8.526], [117.156, -8.557], [117.179, -8.574], [117.185, -8.552], [117.206, -8.554], [117.213, -8.572], [117.227, -8.552], [117.242, -8.552], [117.262, -8.563], [117.275, -8.552], [117.27, -8.531], [117.233, -8.507], [117.241, -8.492], [117.237, -8.482]]]}}, {"type": "Feature", "properties": {"domain_id": "5205072008", "name": "NANGATUMPU"}, "geometry": {"type": "MultiPolygon", "coordinates": [[[[118.337, -8.595], [118.326, -8.615], [118.308, -8.594], [118.319, -8.572], [118.304, -8.575], [118.279, -8.599], [118.288, -8.619], [118.285, -8.634], [118.278, -8.644], [118.271, -8.636], [118.265, -8.642], [118.274, -8.653], [118.269, -8.659], [118.258, -8.651], [118.263, -8.663], [118.257, -8.678], [118.264, -8.695], [118.314, -8.694], [118.337, -8.595]]], [[[118.338, -8.594], [118.345, -8.584], [118.344, -8.583], [118.338, -8.594]]], [[[118.271, -8.653], [118.27, -8.652], [118.27, -8.653], [118.271, -8.653]]]]}}, {"type": "Feature", "properties": {"domain_id": "5205082006", "name": "TEMBAL LAE"}, "geometry": {"type": "Polygon", "coordinates": [[[118.516, -8.61], [118.481, -8.606], [118.479, -8.625], [118.466, -8.637], [118.467, -8.644], [118.454, -8.643], [118.455, -8.661], [118.471, -8.663], [118.478, -8.649], [118.506, -8.669], [118.534, -8.671], [118.536, -8.649], [118.52, -8.639], [118.521, -8.616], [118.516, -8.61]]]}}, {"type": "Feature", "properties": {"domain_id": "5206022004", "name": "KANANGA"}, "geometry": {"type": "MultiPolygon", "coordinates": [[[[118.618, -8.465], [118.613, -8.46], [118.606, -8.465], [118.611, -8.493], [118.624, -8.507], [118.618, -8.465]]], [[[118.631, -8.509], [118.626, -8.509], [118.627, -8.516], [118.631, -8.509]]]]}}, {"type": "Feature", "properties": {"domain_id": "5206032011", "name": "TALABIU"}, "geometry": {"type": "Polygon", "coordinates": [[[118.695, -8.551], [118.681, -8.541], [118.677, -8.527], [118.67, -8.54], [118.674, -8.554], [118.682, -8.552], [118.681, -8.563], [118.695, -8.566], [118.7, -8.561], [118.695, -8.551]]]}}, {"type": "Feature", "properties": {"domain_id": "5206042004", "name": "RENDA"}, "geometry": {"type": "Polygon", "coordinates": [[[118.76, -8.597], [118.747, -8.592], [118.72, -8.597], [118.71, -8.604], [118.712, -8.61], [118.706, -8.608], [118.708, -8.621], [118.75, -8.611], [118.76, -8.597]]]}}, {"type": "Feature", "properties": {"domain_id": "5206062017", "name": "LAMERA"}, "geometry": {"type": "Polygon", "coordinates": [[[119.041, -8.518], [119.003, -8.51], [119.022, -8.532], [119.022, -8.524], [119.037, -8.527], [119.041, -8.518]]]}}, {"type": "Feature", "properties": {"domain_id": "5206182004", "name": "TONGGORISA"}, "geometry": {"type": "Polygon", "coordinates": [[[118.729, -8.545], [118.723, -8.545], [118.716, -8.518], [118.717, -8.551], [118.729, -8.545]]]}}, {"type": "Feature", "properties": {"domain_id": "5206172001", "name": "KABARO"}, "geometry": {"type": "Polygon", "coordinates": [[[118.769, -8.549], [118.741, -8.558], [118.76, -8.586], [118.772, -8.566], [118.769, -8.549]]]}}, {"type": "Feature", "properties": {"domain_id": "5206182001", "name": "PANDA"}, "geometry": {"type": "Polygon", "coordinates": [[[118.714, -8.495], [118.695, -8.516], [118.675, -8.517], [118.704, -8.532], [118.728, -8.503], [118.714, -8.495]]]}}, {"type": "Feature", "properties": {"domain_id": "5207032011", "name": "TAPIR"}, "geometry": {"type": "Polygon", "coordinates": [[[116.861, -8.634], [116.852, -8.626], [116.841, -8.629], [116.841, -8.641], [116.855, -8.641], [116.856, -8.647], [116.862, -8.647], [116.861, -8.634]]]}}, {"type": "Feature", "properties": {"domain_id": "5207032015", "name": "DESALOKA"}, "geometry": {"type": "Polygon", "coordinates": [[[116.862, -8.647], [116.856, -8.648], [116.872, -8.679], [116.869, -8.691], [116.884, -8.69], [116.892, -8.678], [116.87, -8.674], [116.862, -8.647]]]}}, {"type": "Feature", "properties": {"domain_id": "5207042004", "name": "AI KANGKUNG"}, "geometry": {"type": "Polygon", "coordinates": [[[116.866, -8.984], [116.855, -8.978], [116.837, -8.985], [116.818, -9.006], [116.81, -9.026], [116.827, -9.034], [116.824, -9.04], [116.83, -9.045], [116.849, -9.038], [116.852, -9.006], [116.866, -8.984]]]}}, {"type": "Feature", "properties": {"domain_id": "5207062005", "name": "UPT TAMBAK SARI"}, "geometry": {"type": "Polygon", "coordinates": [[[116.85, -8.548], [116.83, -8.536], [116.834, -8.556], [116.825, -8.572], [116.856, -8.584], [116.85, -8.548]]]}}, {"type": "Feature", "properties": {"domain_id": "5208032008", "name": "PENDUA"}, "geometry": {"type": "Polygon", "coordinates": [[[116.258, -8.289], [116.253, -8.293], [116.26, -8.311], [116.266, -8.318], [116.274, -8.316], [116.278, -8.312], [116.258, -8.289]]]}}, {"type": "Feature", "properties": {"domain_id": "5208042002", "name": "LOLOAN"}, "geometry": {"type": "Polygon", "coordinates": [[[116.457, -8.227], [116.429, -8.222], [116.438, -8.285], [116.434, -8.29], [116.438, -8.292], [116.428, -8.314], [116.424, -8.37], [116.416, -8.38], [116.419, -8.392], [116.447, -8.357], [116.461, -8.327], [116.445, -8.299], [116.443, -8.271], [116.457, -8.227]]]}}, {"type": "Feature", "properties": {"domain_id": "5272021004", "name": "KUMBE"}, "geometry": {"type": "Polygon", "coordinates": [[[118.786, -8.482], [118.776, -8.476], [118.765, -8.489], [118.778, -8.495], [118.769, -8.489], [118.771, -8.484], [118.786, -8.482]]]}}, {"type": "Feature", "properties": {"domain_id": "5272041011", "name": "RABANGODU UTARA"}, "geometry": {"type": "Polygon", "coordinates": [[[118.763, -8.468], [118.749, -8.468], [118.757, -8.472], [118.763, -8.468]]]}}, {"type": "Feature", "properties": {"domain_id": "5201022006", "name": "BANYUMULEK"}, "geometry": {"type": "Polygon", "coordinates": [[[116.116, -8.653], [116.113, -8.641], [116.1, -8.651], [116.116, -8.653]]]}}, {"type": "Feature", "properties": {"domain_id": "5201092011", "name": "GUNTUR MACAN"}, "geometry": {"type": "Polygon", "coordinates": [[[116.116, -8.544], [116.128, -8.53], [116.131, -8.492], [116.116, -8.544]]]}}, {"type": "Feature", "properties": {"domain_id": "5204132008", "name": "UPT. PRODE SP.I"}, "geometry": {"type": "Polygon", "coordinates": [[[117.814, -8.843], [117.799, -8.844], [117.794, -8.852], [117.803, -8.856], [117.805, -8.87], [117.823, -8.852], [117.829, -8.854], [117.814, -8.843]]]}}, {"type": "Feature", "properties": {"domain_id": "5201032007", "name": "SEDAU"}, "geometry": {"type": "Polygon", "coordinates": [[[116.295, -8.551], [116.289, -8.531], [116.271, -8.545], [116.264, -8.564], [116.245, -8.571], [116.252, -8.581], [116.262, -8.58], [116.267, -8.564], [116.295, -8.551]]]}}, {"type": "Feature", "properties": {"domain_id": "5204052012", "name": "LABUHAN  ALAS"}, "geometry": {"type": "MultiPolygon", "coordinates": [[[[116.991, -8.486], [116.988, -8.479], [117.0, -8.515], [117.034, -8.526], [117.014, -8.482], [117.002, -8.506], [116.991, -8.486]]], [[[116.994, -8.485], [116.994, -8.484], [116.993, -8.484], [116.994, -8.485]]]]}}, {"type": "Feature", "properties": {"domain_id": "5204142013", "name": "GAPIT"}, "geometry": {"type": "Polygon", "coordinates": [[[117.956, -8.748], [117.927, -8.739], [117.909, -8.759], [117.912, -8.767], [117.9, -8.818], [117.913, -8.832], [117.898, -8.854], [117.893, -8.891], [117.902, -8.92], [117.923, -8.917], [117.929, -8.906], [117.927, -8.842], [117.95, -8.772], [117.963, -8.771], [117.956, -8.748]]]}}, {"type": "Feature", "properties": {"domain_id": "5272041005", "name": "NTOBO"}, "geometry": {"type": "Polygon", "coordinates": [[[118.868, -8.439], [118.825, -8.426], [118.808, -8.412], [118.809, -8.43], [118.801, -8.44], [118.775, -8.447], [118.769, -8.456], [118.809, -8.448], [118.817, -8.455], [118.849, -8.458], [118.882, -8.449], [118.875, -8.436], [118.868, -8.439]]]}}, {"type": "Feature", "properties": {"domain_id": "5201032015", "name": "KRAMA JAYA"}, "geometry": {"type": "Polygon", "coordinates": [[[116.186, -8.606], [116.186, -8.601], [116.177, -8.606], [116.175, -8.622], [116.186, -8.618], [116.186, -8.606]]]}}, {"type": "Feature", "properties": {"domain_id": "5201012002", "name": "KEBON AYU"}, "geometry": {"type": "Polygon", "coordinates": [[[116.099, -8.675], [116.086, -8.677], [116.087, -8.688], [116.092, -8.695], [116.105, -8.696], [116.112, -8.69], [116.099, -8.675]]]}}, {"type": "Feature", "properties": {"domain_id": "5205052014", "name": "BAKA JAYA"}, "geometry": {"type": "Polygon", "coordinates": [[[118.404, -8.489], [118.393, -8.491], [118.402, -8.517], [118.412, -8.525], [118.412, -8.553], [118.406, -8.562], [118.417, -8.572], [118.421, -8.561], [118.413, -8.537], [118.418, -8.531], [118.404, -8.489]]]}}, {"type": "Feature", "properties": {"domain_id": "5206162004", "name": "KANCA"}, "geometry": {"type": "Polygon", "coordinates": [[[118.587, -8.741], [118.58, -8.712], [118.566, -8.709], [118.542, -8.723], [118.51, -8.731], [118.513, -8.748], [118.508, -8.761], [118.548, -8.761], [118.561, -8.75], [118.587, -8.741]]]}}, {"type": "Feature", "properties": {"domain_id": "5202042007", "name": "GAPURA"}, "geometry": {"type": "Polygon", "coordinates": [[[116.358, -8.806], [116.358, -8.796], [116.339, -8.798], [116.35, -8.82], [116.347, -8.839], [116.364, -8.852], [116.371, -8.873], [116.386, -8.875], [116.39, -8.872], [116.386, -8.866], [116.374, -8.865], [116.373, -8.838], [116.356, -8.829], [116.363, -8.82], [116.358, -8.806]]]}}, {"type": "Feature", "properties": {"domain_id": "5203082005", "name": "BATUYANG"}, "geometry": {"type": "Polygon", "coordinates": [[[116.608, -8.551], [116.591, -8.553], [116.603, -8.561], [116.598, -8.566], [116.643, -8.565], [116.657, -8.573], [116.663, -8.565], [116.615, -8.559], [116.608, -8.551]]]}}, {"type": "Feature", "properties": {"domain_id": "5205062001", "name": "PEKAT"}, "geometry": {"type": "Polygon", "coordinates": [[[117.774, -8.224], [117.745, -8.215], [117.739, -8.22], [117.727, -8.218], [117.718, -8.232], [117.693, -8.239], [117.712, -8.243], [117.74, -8.268], [117.755, -8.262], [117.774, -8.224]]]}}, {"type": "Feature", "properties": {"domain_id": "5203152002", "name": "SEMBALUN LAWANG"}, "geometry": {"type": "Polygon", "coordinates": [[[116.562, -8.357], [116.547, -8.345], [116.535, -8.35], [116.536, -8.366], [116.501, -8.376], [116.459, -8.419], [116.466, -8.416], [116.484, -8.423], [116.499, -8.449], [116.519, -8.44], [116.532, -8.45], [116.53, -8.422], [116.507, -8.409], [116.533, -8.378], [116.561, -8.368], [116.562, -8.357]]]}}, {"type": "Feature", "properties": {"domain_id": "5203162001", "name": "SELAPARANG"}, "geometry": {"type": "Polygon", "coordinates": [[[116.625, -8.524], [116.603, -8.514], [116.59, -8.525], [116.587, -8.531], [116.602, -8.556], [116.622, -8.547], [116.625, -8.524]]]}}, {"type": "Feature", "properties": {"domain_id": "5203172008", "name": "KERTASARI"}, "geometry": {"type": "Polygon", "coordinates": [[[116.559, -8.703], [116.546, -8.7], [116.545, -8.709], [116.556, -8.721], [116.559, -8.703]]]}}, {"type": "Feature", "properties": {"domain_id": "5203202003", "name": "JEROWARU"}, "geometry": {"type": "Polygon", "coordinates": [[[116.502, -8.783], [116.492, -8.783], [116.483, -8.775], [116.465, -8.783], [116.475, -8.793], [116.465, -8.807], [116.471, -8.829], [116.484, -8.818], [116.481, -8.807], [116.495, -8.811], [116.501, -8.806], [116.502, -8.783]]]}}, {"type": "Feature", "properties": {"domain_id": "5203202010", "name": "SEPAPAN"}, "geometry": {"type": "Polygon", "coordinates": [[[116.476, -8.766], [116.468, -8.774], [116.452, -8.774], [116.455, -8.782], [116.483, -8.776], [116.476, -8.766]]]}}, {"type": "Feature", "properties": {"domain_id": "5203212008", "name": "LENEK DUREN"}, "geometry": {"type": "Polygon", "coordinates": [[[116.452, -8.423], [116.435, -8.424], [116.434, -8.433], [116.438, -8.445], [116.447, -8.451], [116.455, -8.496], [116.48, -8.538], [116.49, -8.532], [116.478, -8.507], [116.475, -8.469], [116.451, -8.442], [116.452, -8.423]]]}}, {"type": "Feature", "properties": {"domain_id": "5204052001", "name": "LUAR"}, "geometry": {"type": "Polygon", "coordinates": [[[116.995, -8.519], [116.981, -8.512], [116.975, -8.515], [116.974, -8.532], [116.983, -8.553], [116.989, -8.521], [116.995, -8.519]]]}}, {"type": "Feature", "properties": {"domain_id": "5205072007", "name": "DOROMELO"}, "geometry": {"type": "Polygon", "coordinates": [[[118.318, -8.51], [118.311, -8.501], [118.299, -8.499], [118.304, -8.507], [118.296, -8.505], [118.292, -8.519], [118.297, -8.524], [118.317, -8.524], [118.318, -8.51]]]}}, {"type": "Feature", "properties": {"domain_id": "5204062008", "name": "SABEDO"}, "geometry": {"type": "Polygon", "coordinates": [[[117.202, -8.406], [117.183, -8.385], [117.172, -8.383], [117.165, -8.405], [117.153, -8.408], [117.164, -8.423], [117.149, -8.433], [117.148, -8.451], [117.132, -8.48], [117.134, -8.492], [117.167, -8.496], [117.203, -8.474], [117.208, -8.458], [117.199, -8.42], [117.202, -8.406]]]}}, {"type": "Feature", "properties": {"domain_id": "5206012008", "name": "SIE"}, "geometry": {"type": "Polygon", "coordinates": [[[118.731, -8.668], [118.663, -8.66], [118.653, -8.665], [118.681, -8.695], [118.722, -8.692], [118.731, -8.668]]]}}, {"type": "Feature", "properties": {"domain_id": "5204092010", "name": "OLAT RAWA"}, "geometry": {"type": "Polygon", "coordinates": [[[117.625, -8.5], [117.635, -8.466], [117.625, -8.443], [117.582, -8.436], [117.581, -8.447], [117.591, -8.444], [117.591, -8.473], [117.601, -8.473], [117.589, -8.487], [117.592, -8.504], [117.58, -8.5], [117.568, -8.504], [117.562, -8.497], [117.55, -8.508], [117.553, -8.533], [117.547, -8.541], [117.56, -8.537], [117.563, -8.556], [117.625, -8.5]]]}}, {"type": "Feature", "properties": {"domain_id": "5204132014", "name": "USAR"}, "geometry": {"type": "Polygon", "coordinates": [[[117.825, -8.785], [117.818, -8.772], [117.815, -8.784], [117.798, -8.79], [117.806, -8.789], [117.807, -8.82], [117.801, -8.824], [117.81, -8.837], [117.816, -8.824], [117.835, -8.842], [117.866, -8.827], [117.847, -8.8], [117.825, -8.785]]]}}, {"type": "Feature", "properties": {"domain_id": "5206122011", "name": "LANTA BARAT"}, "geometry": {"type": "Polygon", "coordinates": [[[118.998, -8.591], [118.975, -8.647], [118.998, -8.649], [118.985, -8.646], [118.998, -8.591]]]}}, {"type": "Feature", "properties": {"domain_id": "5205022002", "name": "TA'A"}, "geometry": {"type": "Polygon", "coordinates": [[[118.214, -8.438], [118.205, -8.437], [118.231, -8.468], [118.256, -8.517], [118.251, -8.541], [118.262, -8.543], [118.276, -8.525], [118.271, -8.522], [118.274, -8.504], [118.245, -8.483], [118.243, -8.462], [118.214, -8.438]]]}}, {"type": "Feature", "properties": {"domain_id": "5205062008", "name": "KAROMBO"}, "geometry": {"type": "Polygon", "coordinates": [[[117.727, -8.169], [117.72, -8.166], [117.71, -8.204], [117.728, -8.198], [117.727, -8.169]]]}}, {"type": "Feature", "properties": {"domain_id": "5205052007", "name": "NOWA"}, "geometry": {"type": "Polygon", "coordinates": [[[118.397, -8.466], [118.38, -8.43], [118.353, -8.435], [118.375, -8.458], [118.38, -8.486], [118.39, -8.495], [118.39, -8.512], [118.399, -8.522], [118.406, -8.555], [118.399, -8.559], [118.399, -8.574], [118.393, -8.579], [118.404, -8.59], [118.415, -8.571], [118.406, -8.562], [118.413, -8.529], [118.402, -8.517], [118.393, -8.491], [118.404, -8.489], [118.397, -8.466]]]}}, {"type": "Feature", "properties": {"domain_id": "5206132008", "name": "TONDA"}, "geometry": {"type": "Polygon", "coordinates": [[[118.582, -8.546], [118.569, -8.544], [118.561, -8.529], [118.544, -8.522], [118.511, -8.529], [118.507, -8.534], [118.546, -8.539], [118.577, -8.557], [118.582, -8.546]]]}}, {"type": "Feature", "properties": {"domain_id": "5206052008", "name": "RABA"}, "geometry": {"type": "Polygon", "coordinates": [[[118.897, -8.538], [118.877, -8.541], [118.862, -8.559], [118.871, -8.574], [118.868, -8.584], [118.854, -8.593], [118.856, -8.602], [118.877, -8.591], [118.905, -8.556], [118.897, -8.538]]]}}, {"type": "Feature", "properties": {"domain_id": "5206062006", "name": "RASABOU"}, "geometry": {"type": "MultiPolygon", "coordinates": [[[[118.985, -8.563], [119.004, -8.569], [118.998, -8.559], [118.985, -8.563]]], [[[118.984, -8.563], [118.982, -8.566], [118.986, -8.569], [118.984, -8.563]]]]}}, {"type": "Feature", "properties": {"domain_id": "5206112010", "name": "WADURUKA"}, "geometry": {"type": "MultiPolygon", "coordinates": [[[[118.809, -8.762], [118.756, -8.768], [118.755, -8.796], [118.783, -8.82], [118.791, -8.789], [118.814, -8.795], [118.815, -8.77], [118.809, -8.762]]], [[[118.864, -8.801], [118.835, -8.782], [118.828, -8.799], [118.89, -8.813], [118.864, -8.801]]]]}}, {"type": "Feature", "properties": {"domain_id": "5206152005", "name": "SAI"}, "geometry": {"type": "Polygon", "coordinates": [[[118.688, -8.354], [118.649, -8.292], [118.629, -8.292], [118.584, -8.266], [118.575, -8.296], [118.588, -8.326], [118.583, -8.335], [118.59, -8.361], [118.619, -8.372], [118.688, -8.354]]]}}, {"type": "Feature", "properties": {"domain_id": "5271051004", "name": "KARANG BARU"}, "geometry": {"type": "Polygon", "coordinates": [[[116.122, -8.567], [116.104, -8.564], [116.103, -8.575], [116.122, -8.567]]]}}, {"type": "Feature", "properties": {"domain_id": "5206182011", "name": "RAGI"}, "geometry": {"type": "Polygon", "coordinates": [[[118.733, -8.514], [118.728, -8.503], [118.716, -8.518], [118.726, -8.545], [118.733, -8.514]]]}}, {"type": "Feature", "properties": {"domain_id": "5272041007", "name": "RABANGODU SELATAN"}, "geometry": {"type": "Polygon", "coordinates": [[[118.762, -8.472], [118.751, -8.47], [118.75, -8.475], [118.76, -8.478], [118.762, -8.472]]]}}, {"type": "Feature", "properties": {"domain_id": "5272051006", "name": "LEWIRATO"}, "geometry": {"type": "Polygon", "coordinates": [[[118.753, -8.464], [118.745, -8.461], [118.744, -8.466], [118.751, -8.47], [118.753, -8.464]]]}}, {"type": "Feature", "properties": {"domain_id": "5272051009", "name": "MANGGEMACI"}, "geometry": {"type": "Polygon", "coordinates": [[[118.735, -8.458], [118.731, -8.463], [118.739, -8.466], [118.742, -8.46], [118.735, -8.458]]]}}, {"type": "Feature", "properties": {"domain_id": "5201092006", "name": "MAMBALAN"}, "geometry": {"type": "Polygon", "coordinates": [[[116.135, -8.548], [116.136, -8.538], [116.123, -8.552], [116.136, -8.555], [116.14, -8.553], [116.135, -8.548]]]}}, {"type": "Feature", "properties": {"domain_id": "5201022007", "name": "OMBE BARU"}, "geometry": {"type": "Polygon", "coordinates": [[[116.145, -8.641], [116.127, -8.65], [116.128, -8.657], [116.146, -8.655], [116.145, -8.641]]]}}, {"type": "Feature", "properties": {"domain_id": "5202022004", "name": "LABULIA"}, "geometry": {"type": "Polygon", "coordinates": [[[116.173, -8.673], [116.167, -8.673], [116.177, -8.712], [116.188, -8.703], [116.2, -8.707], [116.197, -8.674], [116.182, -8.68], [116.173, -8.673]]]}}, {"type": "Feature", "properties": {"domain_id": "5202042008", "name": "REMBITAN"}, "geometry": {"type": "MultiPolygon", "coordinates": [[[[116.271, -8.843], [116.257, -8.845], [116.254, -8.86], [116.246, -8.865], [116.242, -8.902], [116.276, -8.913], [116.261, -8.887], [116.266, -8.878], [116.265, -8.859], [116.276, -8.848], [116.271, -8.843]]], [[[116.256, -8.91], [116.255, -8.908], [116.253, -8.909], [116.256, -8.91]]], [[[116.257, -8.908], [116.257, -8.907], [116.256, -8.908], [116.257, -8.908]]]]}}, {"type": "Feature", "properties": {"domain_id": "5202062008", "name": "GANTI"}, "geometry": {"type": "Polygon", "coordinates": [[[116.421, -8.754], [116.393, -8.751], [116.386, -8.785], [116.397, -8.783], [116.415, -8.797], [116.418, -8.776], [116.425, -8.773], [116.429, -8.759], [116.421, -8.754]]]}}, {"type": "Feature", "properties": {"domain_id": "5202082010", "name": "TAMAN INDAH"}, "geometry": {"type": "Polygon", "coordinates": [[[116.269, -8.617], [116.266, -8.61], [116.26, -8.613], [116.26, -8.63], [116.278, -8.63], [116.269, -8.617]]]}}, {"type": "Feature", "properties": {"domain_id": "5202072010", "name": "KEREMBONG"}, "geometry": {"type": "Polygon", "coordinates": [[[116.371, -8.678], [116.359, -8.678], [116.359, -8.69], [116.373, -8.72], [116.379, -8.714], [116.373, -8.702], [116.38, -8.696], [116.371, -8.678]]]}}, {"type": "Feature", "properties": {"domain_id": "5202082002", "name": "SEPAKEK"}, "geometry": {"type": "Polygon", "coordinates": [[[116.275, -8.589], [116.25, -8.598], [116.236, -8.596], [116.235, -8.601], [116.266, -8.607], [116.277, -8.599], [116.275, -8.589]]]}}, {"type": "Feature", "properties": {"domain_id": "5202092001", "name": "LENDANG ARE"}, "geometry": {"type": "Polygon", "coordinates": [[[116.378, -8.597], [116.377, -8.59], [116.37, -8.601], [116.366, -8.627], [116.377, -8.625], [116.378, -8.597]]]}}, {"type": "Feature", "properties": {"domain_id": "5203022005", "name": "KESELET"}, "geometry": {"type": "Polygon", "coordinates": [[[116.498, -8.653], [116.487, -8.656], [116.49, -8.662], [116.499, -8.661], [116.498, -8.653]]]}}, {"type": "Feature", "properties": {"domain_id": "5202092009", "name": "WAJAGESENG"}, "geometry": {"type": "Polygon", "coordinates": [[[116.383, -8.51], [116.375, -8.509], [116.367, -8.522], [116.371, -8.548], [116.358, -8.597], [116.372, -8.6], [116.378, -8.589], [116.383, -8.51]]]}}, {"type": "Feature", "properties": {"domain_id": "5203022002", "name": "SAKRA"}, "geometry": {"type": "Polygon", "coordinates": [[[116.473, -8.669], [116.461, -8.672], [116.467, -8.68], [116.456, -8.694], [116.459, -8.698], [116.475, -8.7], [116.475, -8.689], [116.482, -8.688], [116.473, -8.669]]]}}, {"type": "Feature", "properties": {"domain_id": "5203042011", "name": "TETEBATU SELATAN"}, "geometry": {"type": "Polygon", "coordinates": [[[116.423, -8.559], [116.417, -8.562], [116.411, -8.552], [116.407, -8.525], [116.412, -8.572], [116.424, -8.569], [116.423, -8.559]]]}}, {"type": "Feature", "properties": {"domain_id": "5203062006", "name": "PAOK PAMPANG"}, "geometry": {"type": "Polygon", "coordinates": [[[116.489, -8.636], [116.475, -8.636], [116.499, -8.652], [116.489, -8.636]]]}}, {"type": "Feature", "properties": {"domain_id": "5203071001", "name": "PANCOR"}, "geometry": {"type": "Polygon", "coordinates": [[[116.532, -8.645], [116.513, -8.64], [116.507, -8.647], [116.529, -8.65], [116.532, -8.645]]]}}, {"type": "Feature", "properties": {"domain_id": "5203082006", "name": "PRINGGABAYA"}, "geometry": {"type": "Polygon", "coordinates": [[[116.663, -8.565], [116.667, -8.556], [116.659, -8.545], [116.608, -8.551], [116.615, -8.559], [116.663, -8.565]]]}}, {"type": "Feature", "properties": {"domain_id": "5204022008", "name": "SUKAMAJU"}, "geometry": {"type": "Polygon", "coordinates": [[[117.207, -8.975], [117.199, -8.975], [117.186, -8.987], [117.197, -8.992], [117.201, -8.985], [117.21, -8.985], [117.207, -8.975]]]}}, {"type": "Feature", "properties": {"domain_id": "5205042001", "name": "MALAJU"}, "geometry": {"type": "Polygon", "coordinates": [[[118.475, -8.361], [118.443, -8.326], [118.388, -8.305], [118.389, -8.325], [118.401, -8.322], [118.414, -8.331], [118.442, -8.386], [118.463, -8.378], [118.475, -8.361]]]}}, {"type": "Feature", "properties": {"domain_id": "5204062001", "name": "STOWE BRANG"}, "geometry": {"type": "Polygon", "coordinates": [[[117.129, -8.416], [117.119, -8.404], [117.104, -8.419], [117.085, -8.415], [117.081, -8.419], [117.088, -8.423], [117.079, -8.419], [117.067, -8.424], [117.069, -8.45], [117.111, -8.487], [117.108, -8.477], [117.118, -8.472], [117.123, -8.461], [117.109, -8.459], [117.103, -8.425], [117.129, -8.416]]]}}, {"type": "Feature", "properties": {"domain_id": "5204102003", "name": "SEBASANG"}, "geometry": {"type": "Polygon", "coordinates": [[[117.466, -8.658], [117.441, -8.643], [117.437, -8.647], [117.447, -8.662], [117.442, -8.705], [117.466, -8.675], [117.466, -8.658]]]}}, {"type": "Feature", "properties": {"domain_id": "5204142001", "name": "BOAL"}, "geometry": {"type": "Polygon", "coordinates": [[[117.951, -8.907], [117.942, -8.864], [117.946, -8.838], [117.973, -8.785], [117.966, -8.78], [117.973, -8.771], [117.969, -8.759], [117.958, -8.751], [117.963, -8.771], [117.95, -8.772], [117.927, -8.846], [117.929, -8.906], [117.939, -8.899], [117.951, -8.907]]]}}, {"type": "Feature", "properties": {"domain_id": "5206012012", "name": "BARALAU"}, "geometry": {"type": "Polygon", "coordinates": [[[118.706, -8.608], [118.693, -8.616], [118.698, -8.621], [118.707, -8.622], [118.706, -8.608]]]}}, {"type": "Feature", "properties": {"domain_id": "5206082009", "name": "PALAMA"}, "geometry": {"type": "Polygon", "coordinates": [[[118.542, -8.475], [118.557, -8.459], [118.549, -8.433], [118.539, -8.437], [118.537, -8.448], [118.516, -8.474], [118.534, -8.477], [118.541, -8.487], [118.542, -8.475]]]}}, {"type": "Feature", "properties": {"domain_id": "5206122013", "name": "SANGGA"}, "geometry": {"type": "Polygon", "coordinates": [[[118.968, -8.644], [118.965, -8.609], [118.984, -8.596], [118.99, -8.599], [118.989, -8.589], [118.969, -8.592], [118.955, -8.605], [118.956, -8.625], [118.968, -8.644]]]}}, {"type": "Feature", "properties": {"domain_id": "5206142004", "name": "OI PANIHI"}, "geometry": {"type": "Polygon", "coordinates": [[[117.943, -8.084], [117.924, -8.08], [117.9, -8.094], [117.908, -8.121], [117.95, -8.195], [117.951, -8.167], [117.929, -8.109], [117.943, -8.084]]]}}, {"type": "Feature", "properties": {"domain_id": "5206142007", "name": "RASABOU"}, "geometry": {"type": "Polygon", "coordinates": [[[117.9, -8.094], [117.869, -8.101], [117.856, -8.11], [117.881, -8.128], [117.917, -8.137], [117.9, -8.094]]]}}, {"type": "Feature", "properties": {"domain_id": "5206142005", "name": "OI BURA"}, "geometry": {"type": "Polygon", "coordinates": [[[117.813, -8.158], [117.802, -8.155], [117.781, -8.163], [117.86, -8.217], [117.921, -8.217], [117.889, -8.182], [117.813, -8.158]]]}}, {"type": "Feature", "properties": {"domain_id": "5206152004", "name": "KANATA"}, "geometry": {"type": "Polygon", "coordinates": [[[118.688, -8.354], [118.619, -8.372], [118.59, -8.361], [118.584, -8.349], [118.572, -8.355], [118.573, -8.398], [118.588, -8.409], [118.615, -8.404], [118.636, -8.408], [118.689, -8.396], [118.693, -8.394], [118.685, -8.393], [118.696, -8.378], [118.688, -8.368], [118.688, -8.354]]]}}, {"type": "Feature", "properties": {"domain_id": "5208052001", "name": "PEMENANG TIMUR"}, "geometry": {"type": "Polygon", "coordinates": [[[116.108, -8.438], [116.114, -8.427], [116.124, -8.425], [116.121, -8.406], [116.108, -8.4], [116.112, -8.391], [116.106, -8.383], [116.099, -8.394], [116.105, -8.413], [116.099, -8.428], [116.108, -8.438]]]}}, {"type": "Feature", "properties": {"domain_id": "5271051003", "name": "MONJOK"}, "geometry": {"type": "Polygon", "coordinates": [[[116.119, -8.571], [116.112, -8.57], [116.11, -8.577], [116.127, -8.578], [116.119, -8.571]]]}}, {"type": "Feature", "properties": {"domain_id": "5272041003", "name": "PENANAE"}, "geometry": {"type": "Polygon", "coordinates": [[[118.819, -8.456], [118.809, -8.448], [118.759, -8.459], [118.775, -8.469], [118.819, -8.456]]]}}, {"type": "Feature", "properties": {"domain_id": "5272041010", "name": "RABADOMPU BARAT"}, "geometry": {"type": "Polygon", "coordinates": [[[118.766, -8.468], [118.761, -8.484], [118.77, -8.474], [118.766, -8.468]]]}}, {"type": "Feature", "properties": {"domain_id": "5201022003", "name": "JAGARAGA INDAH"}, "geometry": {"type": "Polygon", "coordinates": [[[116.159, -8.646], [116.146, -8.649], [116.147, -8.66], [116.168, -8.648], [116.159, -8.646]]]}}, {"type": "Feature", "properties": {"domain_id": "5204242002", "name": "MARONGE"}, "geometry": {"type": "MultiPolygon", "coordinates": [[[[117.735, -8.629], [117.699, -8.636], [117.704, -8.674], [117.695, -8.698], [117.702, -8.709], [117.69, -8.726], [117.697, -8.731], [117.712, -8.731], [117.723, -8.69], [117.766, -8.671], [117.77, -8.656], [117.757, -8.659], [117.75, -8.639], [117.781, -8.632], [117.735, -8.629]]], [[[117.778, -8.663], [117.777, -8.659], [117.776, -8.661], [117.778, -8.663]]], [[[117.763, -8.648], [117.761, -8.646], [117.762, -8.647], [117.763, -8.648]]]]}}, {"type": "Feature", "properties": {"domain_id": "5204252006", "name": "TOLO' OI"}, "geometry": {"type": "Polygon", "coordinates": [[[118.314, -8.694], [118.272, -8.693], [118.243, -8.703], [118.206, -8.702], [118.183, -8.709], [118.214, -8.724], [118.213, -8.718], [118.225, -8.722], [118.224, -8.73], [118.217, -8.734], [118.213, -8.758], [118.237, -8.763], [118.307, -8.71], [118.327, -8.709], [118.314, -8.694]]]}}, {"type": "Feature", "properties": {"domain_id": "5207042005", "name": "TATAR"}, "geometry": {"type": "MultiPolygon", "coordinates": [[[[116.91, -8.98], [116.89, -8.964], [116.884, -8.977], [116.866, -8.984], [116.852, -9.006], [116.851, -9.034], [116.844, -9.043], [116.868, -9.057], [116.898, -9.065], [116.923, -9.052], [116.949, -9.057], [116.967, -9.037], [116.977, -9.04], [116.977, -9.031], [116.91, -8.98]]]]}}, {"type": "Feature", "properties": {"domain_id": "5201142004", "name": "LEMBAH SARI"}, "geometry": {"type": "Polygon", "coordinates": [[[116.097, -8.497], [116.089, -8.497], [116.096, -8.537], [116.101, -8.509], [116.097, -8.497]]]}}, {"type": "Feature", "properties": {"domain_id": "5201032009", "name": "SELAT"}, "geometry": {"type": "Polygon", "coordinates": [[[116.226, -8.578], [116.226, -8.562], [116.199, -8.583], [116.211, -8.586], [116.226, -8.578]]]}}, {"type": "Feature", "properties": {"domain_id": "5201072005", "name": "KEDARO"}, "geometry": {"type": "Polygon", "coordinates": [[[116.018, -8.765], [115.979, -8.745], [115.95, -8.765], [115.952, -8.773], [115.944, -8.786], [115.976, -8.807], [115.978, -8.823], [116.012, -8.779], [116.019, -8.778], [116.018, -8.765]]]}}, {"type": "Feature", "properties": {"domain_id": "5203052010", "name": "KUMBANG"}, "geometry": {"type": "Polygon", "coordinates": [[[116.432, -8.589], [116.426, -8.583], [116.437, -8.606], [116.453, -8.609], [116.463, -8.605], [116.461, -8.599], [116.442, -8.6], [116.432, -8.589]]]}}, {"type": "Feature", "properties": {"domain_id": "5202062010", "name": "KIDANG"}, "geometry": {"type": "Polygon", "coordinates": [[[116.368, -8.8], [116.365, -8.807], [116.357, -8.806], [116.363, -8.82], [116.356, -8.829], [116.373, -8.837], [116.374, -8.865], [116.384, -8.868], [116.392, -8.84], [116.385, -8.825], [116.376, -8.821], [116.38, -8.804], [116.368, -8.8]]]}}, {"type": "Feature", "properties": {"domain_id": "5203022001", "name": "SUWANGI"}, "geometry": {"type": "Polygon", "coordinates": [[[116.455, -8.695], [116.449, -8.692], [116.452, -8.686], [116.445, -8.684], [116.446, -8.676], [116.435, -8.679], [116.439, -8.692], [116.43, -8.695], [116.449, -8.7], [116.455, -8.695]]]}}, {"type": "Feature", "properties": {"domain_id": "5203022004", "name": "RUMBUK"}, "geometry": {"type": "Polygon", "coordinates": [[[116.49, -8.662], [116.487, -8.657], [116.478, -8.668], [116.49, -8.68], [116.495, -8.672], [116.49, -8.662]]]}}, {"type": "Feature", "properties": {"domain_id": "5203032015", "name": "RARANG BATAS"}, "geometry": {"type": "Polygon", "coordinates": [[[116.394, -8.673], [116.384, -8.673], [116.397, -8.684], [116.401, -8.681], [116.394, -8.673]]]}}, {"type": "Feature", "properties": {"domain_id": "5203092010", "name": "AIKMEL BARAT"}, "geometry": {"type": "Polygon", "coordinates": [[[116.514, -8.561], [116.507, -8.562], [116.528, -8.583], [116.531, -8.574], [116.514, -8.561]]]}}, {"type": "Feature", "properties": {"domain_id": "5208012003", "name": "JENGGALA"}, "geometry": {"type": "Polygon", "coordinates": [[[116.175, -8.36], [116.171, -8.352], [116.176, -8.342], [116.158, -8.344], [116.168, -8.365], [116.175, -8.36]]]}}, {"type": "Feature", "properties": {"domain_id": "5203152005", "name": "SEMBALUN"}, "geometry": {"type": "Polygon", "coordinates": [[[116.535, -8.35], [116.53, -8.342], [116.517, -8.341], [116.508, -8.345], [116.496, -8.368], [116.485, -8.36], [116.471, -8.362], [116.442, -8.384], [116.42, -8.391], [116.437, -8.393], [116.511, -8.362], [116.53, -8.364], [116.534, -8.362], [116.527, -8.353], [116.535, -8.35]]]}}, {"type": "Feature", "properties": {"domain_id": "5208042012", "name": "BATU RAKIT"}, "geometry": {"type": "Polygon", "coordinates": [[[116.39, -8.265], [116.378, -8.264], [116.375, -8.254], [116.364, -8.256], [116.363, -8.268], [116.375, -8.286], [116.37, -8.287], [116.374, -8.3], [116.369, -8.332], [116.394, -8.387], [116.402, -8.382], [116.393, -8.356], [116.401, -8.336], [116.387, -8.281], [116.39, -8.265]]]}}, {"type": "Feature", "properties": {"domain_id": "5203182002", "name": "SURABAYA"}, "geometry": {"type": "Polygon", "coordinates": [[[116.553, -8.72], [116.515, -8.721], [116.522, -8.731], [116.552, -8.735], [116.557, -8.72], [116.553, -8.72]]]}}, {"type": "Feature", "properties": {"domain_id": "5203192001", "name": "SUKARARA"}, "geometry": {"type": "Polygon", "coordinates": [[[116.442, -8.698], [116.43, -8.695], [116.433, -8.715], [116.45, -8.73], [116.452, -8.706], [116.442, -8.698]]]}}, {"type": "Feature", "properties": {"domain_id": "5203182004", "name": "GERENENG"}, "geometry": {"type": "Polygon", "coordinates": [[[116.522, -8.686], [116.505, -8.683], [116.501, -8.694], [116.521, -8.703], [116.529, -8.699], [116.522, -8.686]]]}}, {"type": "Feature", "properties": {"domain_id": "5204232002", "name": "SEBEWE"}, "geometry": {"type": "Polygon", "coordinates": [[[117.485, -8.491], [117.48, -8.474], [117.457, -8.487], [117.457, -8.495], [117.485, -8.491]]]}}, {"type": "Feature", "properties": {"domain_id": "5204072006", "name": "KELUNGKUNG"}, "geometry": {"type": "Polygon", "coordinates": [[[117.344, -8.542], [117.325, -8.529], [117.292, -8.532], [117.296, -8.546], [117.279, -8.553], [117.299, -8.572], [117.315, -8.574], [117.342, -8.606], [117.357, -8.597], [117.343, -8.578], [117.356, -8.563], [117.344, -8.542]]]}}, {"type": "Feature", "properties": {"domain_id": "5204102009", "name": "LITO"}, "geometry": {"type": "Polygon", "coordinates": [[[117.495, -8.609], [117.482, -8.608], [117.492, -8.616], [117.481, -8.622], [117.485, -8.633], [117.491, -8.633], [117.486, -8.652], [117.5, -8.672], [117.481, -8.705], [117.51, -8.711], [117.512, -8.689], [117.505, -8.68], [117.509, -8.663], [117.503, -8.642], [117.511, -8.625], [117.495, -8.609]]]}}, {"type": "Feature", "properties": {"domain_id": "5204112010", "name": "RANAN"}, "geometry": {"type": "Polygon", "coordinates": [[[117.575, -8.822], [117.565, -8.826], [117.554, -8.817], [117.539, -8.817], [117.518, -8.858], [117.492, -8.878], [117.494, -8.892], [117.576, -8.987], [117.595, -8.981], [117.605, -8.968], [117.599, -8.937], [117.605, -8.931], [117.6, -8.926], [117.625, -8.915], [117.618, -8.902], [117.625, -8.865], [117.62, -8.854], [117.599, -8.853], [117.584, -8.846], [117.575, -8.822]]]}}, {"type": "Feature", "properties": {"domain_id": "5204172004", "name": "LEKONG"}, "geometry": {"type": "Polygon", "coordinates": [[[116.975, -8.515], [116.956, -8.507], [116.953, -8.514], [116.963, -8.516], [116.965, -8.528], [116.957, -8.533], [116.959, -8.552], [116.968, -8.563], [116.962, -8.572], [116.979, -8.601], [116.999, -8.582], [116.975, -8.534], [116.975, -8.515]]]}}, {"type": "Feature", "properties": {"domain_id": "5204222006", "name": "PUNGKA"}, "geometry": {"type": "Polygon", "coordinates": [[[117.418, -8.517], [117.408, -8.512], [117.398, -8.528], [117.416, -8.53], [117.418, -8.517]]]}}, {"type": "Feature", "properties": {"domain_id": "5204212001", "name": "RHEE"}, "geometry": {"type": "Polygon", "coordinates": [[[117.283, -8.426], [117.251, -8.417], [117.229, -8.398], [117.213, -8.408], [117.225, -8.423], [117.237, -8.427], [117.246, -8.482], [117.258, -8.481], [117.268, -8.439], [117.283, -8.426]]]}}, {"type": "Feature", "properties": {"domain_id": "5206132002", "name": "CAMPA"}, "geometry": {"type": "Polygon", "coordinates": [[[118.595, -8.575], [118.578, -8.557], [118.566, -8.568], [118.558, -8.564], [118.561, -8.577], [118.556, -8.593], [118.569, -8.619], [118.567, -8.653], [118.577, -8.708], [118.62, -8.691], [118.599, -8.613], [118.595, -8.575]]]}}, {"type": "Feature", "properties": {"domain_id": "5204222002", "name": "KEREKEH"}, "geometry": {"type": "Polygon", "coordinates": [[[117.426, -8.552], [117.418, -8.541], [117.423, -8.537], [117.419, -8.528], [117.409, -8.533], [117.397, -8.528], [117.388, -8.535], [117.387, -8.548], [117.343, -8.578], [117.357, -8.597], [117.375, -8.598], [117.401, -8.586], [117.421, -8.563], [117.441, -8.566], [117.426, -8.552]]]}}, {"type": "Feature", "properties": {"domain_id": "5206062007", "name": "SANGIA"}, "geometry": {"type": "Polygon", "coordinates": [[[119.024, -8.558], [118.996, -8.55], [118.974, -8.532], [118.982, -8.564], [118.989, -8.558], [119.018, -8.564], [119.016, -8.556], [119.024, -8.558]]]}}, {"type": "Feature", "properties": {"domain_id": "5207012009", "name": "DASAN ANYAR"}, "geometry": {"type": "Polygon", "coordinates": [[[116.829, -8.829], [116.812, -8.82], [116.804, -8.826], [116.799, -8.822], [116.819, -8.838], [116.821, -8.847], [116.836, -8.848], [116.844, -8.832], [116.829, -8.829]]]}}, {"type": "Feature", "properties": {"domain_id": "5206072004", "name": "TAWALI"}, "geometry": {"type": "Polygon", "coordinates": [[[118.963, -8.303], [118.958, -8.312], [118.943, -8.303], [118.927, -8.33], [118.898, -8.33], [118.908, -8.341], [118.916, -8.34], [118.921, -8.362], [118.949, -8.358], [118.983, -8.371], [118.983, -8.355], [118.956, -8.34], [118.956, -8.33], [118.972, -8.32], [118.996, -8.327], [119.004, -8.314], [118.983, -8.303], [118.963, -8.303]]]}}, {"type": "Feature", "properties": {"domain_id": "5206112005", "name": "KAWUWU"}, "geometry": {"type": "Polygon", "coordinates": [[[118.808, -8.647], [118.783, -8.617], [118.761, -8.63], [118.787, -8.656], [118.808, -8.647]]]}}, {"type": "Feature", "properties": {"domain_id": "5207022010", "name": "LABUHAN KERTASARI"}, "geometry": {"type": "MultiPolygon", "coordinates": [[[[116.796, -8.655], [116.783, -8.674], [116.768, -8.674], [116.774, -8.676], [116.772, -8.687], [116.786, -8.713], [116.779, -8.716], [116.786, -8.721], [116.781, -8.728], [116.766, -8.729], [116.763, -8.737], [116.782, -8.749], [116.798, -8.713], [116.815, -8.703], [116.814, -8.686], [116.796, -8.667], [116.802, -8.662], [116.796, -8.655]]], [[[116.72, -8.749], [116.712, -8.749], [116.717, -8.752], [116.72, -8.749]]], [[[116.77, -8.712], [116.772, -8.706], [116.768, -8.709], [116.77, -8.712]]], [[[116.771, -8.688], [116.77, -8.688], [116.769, -8.689], [116.771, -8.688]]]]}}, {"type": "Feature", "properties": {"domain_id": "5207052005", "name": "TEPAS SEPAKAT"}, "geometry": {"type": "Polygon", "coordinates": [[[116.94, -8.702], [116.928, -8.706], [116.914, -8.694], [116.901, -8.707], [116.941, -8.718], [116.996, -8.745], [117.019, -8.766], [117.047, -8.772], [117.055, -8.786], [117.074, -8.767], [117.09, -8.76], [117.083, -8.75], [117.08, -8.725], [117.053, -8.722], [117.024, -8.735], [117.016, -8.729], [116.975, -8.725], [116.94, -8.702]]]}}, {"type": "Feature", "properties": {"domain_id": "5203192008", "name": "PEMATUNG"}, "geometry": {"type": "Polygon", "coordinates": [[[116.474, -8.739], [116.464, -8.736], [116.463, -8.741], [116.475, -8.747], [116.474, -8.739]]]}}, {"type": "Feature", "properties": {"domain_id": "5206032007", "name": "RISA"}, "geometry": {"type": "Polygon", "coordinates": [[[118.641, -8.574], [118.629, -8.574], [118.6, -8.592], [118.602, -8.62], [118.632, -8.605], [118.65, -8.606], [118.658, -8.594], [118.668, -8.598], [118.669, -8.585], [118.641, -8.579], [118.641, -8.574]]]}}, {"type": "Feature", "properties": {"domain_id": "5271011006", "name": "PEJERUK"}, "geometry": {"type": "Polygon", "coordinates": [[[116.091, -8.576], [116.093, -8.566], [116.084, -8.575], [116.091, -8.576]]]}}, {"type": "Feature", "properties": {"domain_id": "5201032014", "name": "SEMBUNG"}, "geometry": {"type": "Polygon", "coordinates": [[[116.172, -8.608], [116.154, -8.608], [116.163, -8.619], [116.172, -8.608]]]}}, {"type": "Feature", "properties": {"domain_id": "5202032010", "name": "MEKAR BERSATU"}, "geometry": {"type": "Polygon", "coordinates": [[[116.3, -8.614], [116.304, -8.611], [116.299, -8.6], [116.281, -8.596], [116.281, -8.602], [116.297, -8.606], [116.3, -8.614]]]}}, {"type": "Feature", "properties": {"domain_id": "5203032007", "name": "RARANG SELATAN"}, "geometry": {"type": "Polygon", "coordinates": [[[116.394, -8.662], [116.38, -8.666], [116.384, -8.673], [116.394, -8.673], [116.394, -8.662]]]}}, {"type": "Feature", "properties": {"domain_id": "5201032018", "name": "GOLONG"}, "geometry": {"type": "Polygon", "coordinates": [[[116.239, -8.596], [116.246, -8.573], [116.224, -8.587], [116.224, -8.6], [116.239, -8.596]]]}}, {"type": "Feature", "properties": {"domain_id": "5203042008", "name": "MONTONG BAAN SELATAN"}, "geometry": {"type": "Polygon", "coordinates": [[[116.437, -8.634], [116.417, -8.639], [116.429, -8.646], [116.435, -8.659], [116.444, -8.652], [116.437, -8.634]]]}}, {"type": "Feature", "properties": {"domain_id": "5201072007", "name": "GILI GEDE INDAH"}, "geometry": {"type": "MultiPolygon", "coordinates": [[[[115.925, -8.737], [115.923, -8.727], [115.915, -8.736], [115.921, -8.742], [115.913, -8.751], [115.923, -8.749], [115.927, -8.76], [115.935, -8.762], [115.925, -8.737]]], [[[115.908, -8.725], [115.901, -8.725], [115.91, -8.731], [115.908, -8.725]]], [[[115.917, -8.721], [115.917, -8.717], [115.913, -8.715], [115.917, -8.721]]]]}}, {"type": "Feature", "properties": {"domain_id": "5201142006", "name": "SENGGIGI"}, "geometry": {"type": "Polygon", "coordinates": [[[116.07, -8.48], [116.059, -8.466], [116.037, -8.47], [116.034, -8.485], [116.044, -8.503], [116.053, -8.505], [116.07, -8.48]]]}}, {"type": "Feature", "properties": {"domain_id": "5202012012", "name": "MONTONG TEREP"}, "geometry": {"type": "Polygon", "coordinates": [[[116.313, -8.671], [116.321, -8.656], [116.313, -8.651], [116.313, -8.642], [116.29, -8.647], [116.303, -8.669], [116.313, -8.671]]]}}, {"type": "Feature", "properties": {"domain_id": "5202022006", "name": "PERINA"}, "geometry": {"type": "Polygon", "coordinates": [[[116.251, -8.644], [116.232, -8.644], [116.246, -8.657], [116.251, -8.644]]]}}, {"type": "Feature", "properties": {"domain_id": "5202092010", "name": "AIK BUAL"}, "geometry": {"type": "Polygon", "coordinates": [[[116.404, -8.468], [116.403, -8.444], [116.385, -8.476], [116.376, -8.51], [116.383, -8.51], [116.384, -8.491], [116.404, -8.468]]]}}, {"type": "Feature", "properties": {"domain_id": "5203102004", "name": "LABUHAN PANDAN"}, "geometry": {"type": "Polygon", "coordinates": [[[116.714, -8.408], [116.725, -8.383], [116.724, -8.367], [116.717, -8.355], [116.705, -8.364], [116.71, -8.367], [116.708, -8.385], [116.715, -8.389], [116.709, -8.402], [116.714, -8.408]]]}}, {"type": "Feature", "properties": {"domain_id": "5203132013", "name": "GAPUK"}, "geometry": {"type": "Polygon", "coordinates": [[[116.502, -8.589], [116.494, -8.589], [116.513, -8.599], [116.503, -8.596], [116.502, -8.589]]]}}, {"type": "Feature", "properties": {"domain_id": "5204022003", "name": "JAMU"}, "geometry": {"type": "Polygon", "coordinates": [[[117.187, -8.825], [117.151, -8.812], [117.143, -8.831], [117.113, -8.851], [117.061, -8.862], [117.065, -8.876], [117.054, -8.89], [117.063, -8.9], [117.083, -8.901], [117.082, -8.921], [117.088, -8.927], [117.084, -8.944], [117.074, -8.942], [117.063, -8.949], [117.07, -8.974], [117.087, -8.976], [117.097, -8.964], [117.136, -8.95], [117.132, -8.971], [117.179, -8.996], [117.185, -8.975], [117.175, -8.87], [117.183, -8.855], [117.187, -8.825]]]}}, {"type": "Feature", "properties": {"domain_id": "5204052004", "name": "MARENTE"}, "geometry": {"type": "Polygon", "coordinates": [[[117.101, -8.578], [117.074, -8.535], [117.058, -8.522], [117.044, -8.52], [117.018, -8.539], [117.013, -8.535], [117.004, -8.582], [116.979, -8.601], [116.985, -8.614], [116.995, -8.616], [117.011, -8.637], [117.021, -8.64], [117.021, -8.648], [117.042, -8.673], [117.05, -8.669], [117.055, -8.652], [117.066, -8.642], [117.101, -8.578]]]}}, {"type": "Feature", "properties": {"domain_id": "5204112003", "name": "LEBANGKAR"}, "geometry": {"type": "Polygon", "coordinates": [[[117.511, -8.841], [117.5, -8.843], [117.497, -8.874], [117.481, -8.876], [117.47, -8.885], [117.476, -9.023], [117.517, -9.013], [117.536, -8.998], [117.548, -9.003], [117.573, -8.985], [117.557, -8.96], [117.494, -8.892], [117.492, -8.878], [117.516, -8.86], [117.525, -8.842], [117.518, -8.846], [117.511, -8.841]]]}}, {"type": "Feature", "properties": {"domain_id": "5204122009", "name": "HIJRAH"}, "geometry": {"type": "Polygon", "coordinates": [[[117.613, -8.6], [117.6, -8.581], [117.606, -8.564], [117.6, -8.558], [117.601, -8.521], [117.56, -8.558], [117.579, -8.57], [117.582, -8.613], [117.587, -8.617], [117.609, -8.617], [117.613, -8.6]]]}}, {"type": "Feature", "properties": {"domain_id": "5204242003", "name": "PEMASAR"}, "geometry": {"type": "Polygon", "coordinates": [[[117.714, -8.63], [117.687, -8.62], [117.701, -8.614], [117.705, -8.601], [117.683, -8.606], [117.683, -8.613], [117.678, -8.607], [117.659, -8.638], [117.641, -8.655], [117.608, -8.712], [117.589, -8.728], [117.576, -8.728], [117.574, -8.737], [117.587, -8.749], [117.591, -8.772], [117.574, -8.802], [117.607, -8.783], [117.673, -8.665], [117.697, -8.636], [117.714, -8.63]]]}}, {"type": "Feature", "properties": {"domain_id": "5205012010", "name": "MBAWI"}, "geometry": {"type": "MultiPolygon", "coordinates": [[[[118.433, -8.575], [118.414, -8.59], [118.399, -8.588], [118.403, -8.603], [118.395, -8.61], [118.398, -8.62], [118.409, -8.619], [118.409, -8.627], [118.451, -8.616], [118.456, -8.599], [118.442, -8.578], [118.433, -8.575]]], [[[118.402, -8.623], [118.402, -8.622], [118.401, -8.623], [118.402, -8.623]]], [[[118.394, -8.621], [118.395, -8.613], [118.392, -8.617], [118.394, -8.621]]], [[[118.39, -8.612], [118.393, -8.61], [118.391, -8.611], [118.39, -8.612]]]]}}, {"type": "Feature", "properties": {"domain_id": "5205062012", "name": "CALABAI"}, "geometry": {"type": "Polygon", "coordinates": [[[117.745, -8.215], [117.739, -8.198], [117.712, -8.202], [117.707, -8.211], [117.71, -8.22], [117.692, -8.238], [117.718, -8.232], [117.727, -8.218], [117.739, -8.22], [117.745, -8.215]]]}}, {"type": "Feature", "properties": {"domain_id": "5205062007", "name": "DORO PETI"}, "geometry": {"type": "Polygon", "coordinates": [[[117.939, -8.236], [117.897, -8.228], [117.863, -8.234], [117.862, -8.247], [117.825, -8.28], [117.789, -8.324], [117.817, -8.351], [117.818, -8.369], [117.822, -8.363], [117.829, -8.364], [117.828, -8.373], [117.84, -8.368], [117.961, -8.261], [117.939, -8.236]]]}}, {"type": "Feature", "properties": {"domain_id": "5206112003", "name": "RUPE"}, "geometry": {"type": "Polygon", "coordinates": [[[118.861, -8.672], [118.861, -8.665], [118.838, -8.678], [118.833, -8.71], [118.846, -8.73], [118.86, -8.72], [118.865, -8.723], [118.855, -8.713], [118.861, -8.672]]]}}, {"type": "Feature", "properties": {"domain_id": "5272011004", "name": "TANJUNG"}, "geometry": {"type": "MultiPolygon", "coordinates": [[[[118.717, -8.448], [118.713, -8.448], [118.724, -8.454], [118.717, -8.448]]], [[[118.699, -8.45], [118.698, -8.446], [118.696, -8.45], [118.699, -8.45]]]]}}, {"type": "Feature", "properties": {"domain_id": "5206122010", "name": "HIDIRASA"}, "geometry": {"type": "Polygon", "coordinates": [[[118.948, -8.593], [118.944, -8.588], [118.926, -8.592], [118.868, -8.617], [118.871, -8.634], [118.891, -8.643], [118.919, -8.636], [118.963, -8.646], [118.955, -8.605], [118.948, -8.593]]]}}, {"type": "Feature", "properties": {"domain_id": "5272051004", "name": "SAMBINAE"}, "geometry": {"type": "Polygon", "coordinates": [[[118.738, -8.465], [118.731, -8.463], [118.715, -8.479], [118.727, -8.502], [118.741, -8.473], [118.734, -8.472], [118.738, -8.465]]]}}, {"type": "Feature", "properties": {"domain_id": "5206142006", "name": "OI KATUPA"}, "geometry": {"type": "Polygon", "coordinates": [[[118.154, -8.207], [118.145, -8.19], [118.145, -8.136], [118.099, -8.114], [118.093, -8.141], [118.101, -8.245], [118.118, -8.234], [118.122, -8.224], [118.143, -8.218], [118.154, -8.207]]]}}, {"type": "Feature", "properties": {"domain_id": "5208022006", "name": "SELELOS"}, "geometry": {"type": "Polygon", "coordinates": [[[116.235, -8.417], [116.248, -8.417], [116.26, -8.402], [116.251, -8.399], [116.231, -8.366], [116.206, -8.404], [116.217, -8.404], [116.223, -8.416], [116.235, -8.417]]]}}, {"type": "Feature", "properties": {"domain_id": "5208042010", "name": "GUNJAN ASRI"}, "geometry": {"type": "Polygon", "coordinates": [[[116.339, -8.234], [116.333, -8.235], [116.342, -8.259], [116.344, -8.288], [116.363, -8.334], [116.356, -8.3], [116.362, -8.266], [116.358, -8.245], [116.35, -8.245], [116.353, -8.253], [116.344, -8.253], [116.339, -8.234]]]}}, {"type": "Feature", "properties": {"domain_id": "5206112009", "name": "KARAMPI"}, "geometry": {"type": "MultiPolygon", "coordinates": [[[[118.89, -8.762], [118.838, -8.769], [118.835, -8.782], [118.89, -8.812], [118.889, -8.84], [118.898, -8.838], [118.904, -8.844], [118.913, -8.827], [118.909, -8.813], [118.918, -8.781], [118.909, -8.765], [118.89, -8.762]]]]}}, {"type": "Feature", "properties": {"domain_id": "5206142003", "name": "KAWINDA TOI"}, "geometry": {"type": "Polygon", "coordinates": [[[117.95, -8.101], [117.943, -8.084], [117.929, -8.108], [117.943, -8.135], [117.953, -8.177], [117.952, -8.219], [117.939, -8.236], [117.973, -8.273], [118.025, -8.299], [118.045, -8.336], [118.066, -8.351], [118.066, -8.34], [118.079, -8.321], [118.078, -8.296], [118.101, -8.269], [118.093, -8.141], [118.099, -8.114], [118.078, -8.1], [118.045, -8.108], [118.007, -8.094], [117.983, -8.105], [117.961, -8.107], [117.95, -8.101]]]}}, {"type": "Feature", "properties": {"domain_id": "5206062011", "name": "KOWO"}, "geometry": {"type": "MultiPolygon", "coordinates": [[[[118.97, -8.483], [118.964, -8.472], [118.934, -8.483], [118.95, -8.5], [118.956, -8.518], [118.996, -8.55], [119.024, -8.558], [119.026, -8.551], [119.016, -8.549], [119.016, -8.532], [119.006, -8.531], [119.009, -8.522], [118.998, -8.507], [118.97, -8.483]]]]}}, {"type": "Feature", "properties": {"domain_id": "5201012009", "name": "BELEKA"}, "geometry": {"type": "Polygon", "coordinates": [[[116.141, -8.656], [116.126, -8.655], [116.118, -8.674], [116.133, -8.672], [116.141, -8.656]]]}}, {"type": "Feature", "properties": {"domain_id": "5201022002", "name": "MONTONG ARE"}, "geometry": {"type": "Polygon", "coordinates": [[[116.175, -8.622], [116.159, -8.632], [116.168, -8.637], [116.159, -8.646], [116.172, -8.649], [116.182, -8.64], [116.18, -8.623], [116.175, -8.622]]]}}, {"type": "Feature", "properties": {"domain_id": "5201082008", "name": "KURANJI"}, "geometry": {"type": "Polygon", "coordinates": [[[116.083, -8.635], [116.07, -8.643], [116.069, -8.651], [116.088, -8.647], [116.083, -8.635]]]}}, {"type": "Feature", "properties": {"domain_id": "5201092003", "name": "SESELA"}, "geometry": {"type": "Polygon", "coordinates": [[[116.105, -8.548], [116.095, -8.544], [116.094, -8.553], [116.085, -8.551], [116.086, -8.558], [116.104, -8.555], [116.105, -8.548]]]}}, {"type": "Feature", "properties": {"domain_id": "5206012009", "name": "TANGGA"}, "geometry": {"type": "Polygon", "coordinates": [[[118.729, -8.649], [118.698, -8.64], [118.663, -8.66], [118.729, -8.669], [118.729, -8.649]]]}}, {"type": "Feature", "properties": {"domain_id": "5202102009", "name": "KELEBUH"}, "geometry": {"type": "Polygon", "coordinates": [[[116.358, -8.717], [116.334, -8.723], [116.325, -8.743], [116.334, -8.74], [116.341, -8.745], [116.351, -8.734], [116.361, -8.736], [116.363, -8.746], [116.376, -8.747], [116.371, -8.737], [116.374, -8.728], [116.358, -8.717]]]}}, {"type": "Feature", "properties": {"domain_id": "5203112006", "name": "PRINGGAJURANG UTARA"}, "geometry": {"type": "Polygon", "coordinates": [[[116.407, -8.525], [116.404, -8.468], [116.392, -8.483], [116.406, -8.554], [116.403, -8.564], [116.408, -8.567], [116.412, -8.565], [116.407, -8.525]]]}}, {"type": "Feature", "properties": {"domain_id": "5203142005", "name": "BEBIDAS"}, "geometry": {"type": "Polygon", "coordinates": [[[116.532, -8.45], [116.519, -8.44], [116.507, -8.443], [116.553, -8.531], [116.561, -8.527], [116.553, -8.51], [116.557, -8.503], [116.545, -8.491], [116.532, -8.45]]]}}, {"type": "Feature", "properties": {"domain_id": "5204022002", "name": "LUNYUK ODE"}, "geometry": {"type": "Polygon", "coordinates": [[[117.364, -8.886], [117.341, -8.888], [117.332, -8.882], [117.32, -8.891], [117.297, -8.893], [117.295, -8.9], [117.29, -8.895], [117.287, -8.908], [117.276, -8.907], [117.276, -8.914], [117.254, -8.92], [117.243, -8.957], [117.23, -8.965], [117.214, -8.963], [117.214, -8.974], [117.205, -8.977], [117.211, -8.978], [117.211, -8.985], [117.359, -8.97], [117.382, -8.974], [117.39, -8.96], [117.385, -8.939], [117.39, -8.927], [117.364, -8.886]]]}}, {"type": "Feature", "properties": {"domain_id": "5204122003", "name": "LAPE"}, "geometry": {"type": "Polygon", "coordinates": [[[117.664, -8.63], [117.641, -8.596], [117.621, -8.594], [117.616, -8.623], [117.593, -8.657], [117.593, -8.683], [117.608, -8.712], [117.641, -8.655], [117.664, -8.63]]]}}, {"type": "Feature", "properties": {"domain_id": "5204192004", "name": "SUKA DAMAI"}, "geometry": {"type": "Polygon", "coordinates": [[[117.771, -8.859], [117.727, -8.855], [117.738, -8.862], [117.725, -8.883], [117.729, -8.909], [117.758, -8.933], [117.762, -8.933], [117.753, -8.916], [117.754, -8.886], [117.763, -8.878], [117.774, -8.884], [117.771, -8.859]]]}}, {"type": "Feature", "properties": {"domain_id": "5204202006", "name": "BUIN BARU"}, "geometry": {"type": "Polygon", "coordinates": [[[117.093, -8.471], [117.067, -8.443], [117.058, -8.45], [117.072, -8.477], [117.093, -8.471]]]}}, {"type": "Feature", "properties": {"domain_id": "5208052005", "name": "MENGGALA"}, "geometry": {"type": "Polygon", "coordinates": [[[116.1, -8.424], [116.084, -8.419], [116.067, -8.437], [116.073, -8.472], [116.089, -8.464], [116.133, -8.47], [116.127, -8.446], [116.102, -8.436], [116.1, -8.424]]]}}, {"type": "Feature", "properties": {"domain_id": "5272031002", "name": "JATIWANGI"}, "geometry": {"type": "MultiPolygon", "coordinates": [[[[118.741, -8.403], [118.743, -8.419], [118.734, -8.446], [118.727, -8.444], [118.739, -8.453], [118.749, -8.449], [118.755, -8.427], [118.751, -8.412], [118.741, -8.403]]], [[[118.723, -8.44], [118.718, -8.443], [118.723, -8.444], [118.723, -8.44]]]]}}]}